raw_title,price,condition_raw,location,posted_date,url,photo_count,scraped_at,seller_type,description
Samsung Galaxy S25 Ultra 256 GB Gold,73000,Used,"Chattogram, Halishahar",06/09,https://bikroy.com/halishahar/mobile-phones/samsung-galaxy-s25-ultra-256-gb-gold-dmdIAbPCa2ccQxMLZMfaXbNs.html,4,2026-10-03T09:31:25.913268+00:00,individual,Samsung s25 12/256.Batry 5000mah.2psy+1E sim vietnam varient.soto akta issu baki 100% OK.Dekta kubi gorgius & elegent nila nita paren.Exchinge posible with flagship phon.
Apple iPhone 17 256 GB Purple,91990,Used,"Chattogram, Chawkbazar",3 hours ago,https://bikroy.com/chawkbazar/mobile-phones/apple-iphone-17-256-gb-purple-tYfj4qGzNVum3C9R8Ya2ijiC.html,3,2026-10-03T09:31:32.060713+00:00,individual,"Apple iPhone 17
256GB | LL/A Variant
Battery Health 100%
Cycle Count: 6
Apple Warranty Available
First Use: January 2026
Enjoy 15-day replacement guarantee | Lifetime service -
Finlay Square, Level-4, Shop-406, 2 No Gate, Nasirabad, Chattogram"
Apple iPhone 14 Pro Max 256 GB Purple,72500,Used,"Rajshahi, Shaheb Bazar",19/09,https://bikroy.com/shaheb-bazar/mobile-phones/apple-iphone-14-pro-max-256-gb-purple-18h4YK9NlL0FUe7E1li8lS4.html,5,2026-10-03T09:31:34.048488+00:00,individual,"iPhone 14 Pro Max
256 GB
Purple color
Full fresh condition
Health -81%"
Samsung Galaxy Z Fold4 256 GB,28500,Used,"Chattogram, Alankar",23/09,https://bikroy.com/alankar/mobile-phones/samsung-galaxy-z-fold4-256-gb-3GQeEPGfsD84SO082gPEbW3U.html,4,2026-10-03T09:31:36.742901+00:00,individual,সামনের ডিসপ্লে তে ২টা লাইন আছে
New Samsung Galaxy S21+ 5G 128 GB Black,23000,Brand New,"Rajshahi, Kazla",06/09,https://bikroy.com/kazla/mobile-phones/new-samsung-galaxy-s21-5g-128-gb-black-oWZc0m590Zzjg9DRCPxEI7BA.html,5,2026-10-03T09:31:38.007359+00:00,individual,"Flagship phone
Location rajshahi university
Kono somossa nai"
Xiaomi 13 Ultra 256 GB Green,47000,Used,"Dhaka, Savar",6 hours ago,https://bikroy.com/savar/mobile-phones/xiaomi-13-ultra-256-gb-green-keNDhC2BIB9AlUbpLBITDYr6.html,5,2026-10-03T09:31:39.595929+00:00,individual,"Mobile information:
 Model: Xiaomi
 RAM: 12GB
 Storage: 256GB
 7 days replacement guarantee
 1 year service warranty
 Opportunity to check before buying phone
 Our main goal is to provide reliability and good service.
 Address:
E-195A, Level-5 (Lift-4),
Sena Shopping Complex,
Nabinaagar, Sayer, Dhaka.
 Weekly off: Sunday"
Xiaomi 17T 256 GB Purple,53999,Used,"Dhaka, Motalib Plaza",3 hours ago,https://bikroy.com/motalib-laza/mobile-phones/xiaomi-17t-256-gb-purple-dSXmLndKJCSOZjJijJlRKADC.html,3,2026-10-03T09:31:40.259265+00:00,individual,"Wholesale & Retail 
Xiaomi 17T 12/256GB (Active)
BH-100%

Mobile, Box & Charger (বক্স, চার্জার পেতে সময় লাগতে পারে ৫/৭ দিন) 

Address: Hridoy Communication, 2nd Floor, Shop no: 338"
Xiaomi 17 Ultra 1 TB Black,170000,Used,"Dhaka, Uttara",3 hours ago,https://bikroy.com/uttara/mobile-phones/xiaomi-17-ultra-1-tb-black-GWEcoKQbmxnLCLLhjBK1X2x.html,3,2026-10-03T09:31:41.010167+00:00,individual,"✨ Xiaomi 17 Ultra | Pre-Owned ✨

🔥 16GB RAM | 1TB ROM 🔥
🔋 Battery Health: 100%
🔄 Cycle Count: 26
📦 Box Available
🔌 Charger Included
🖥️ Premium High-Resolution Display
🔋 Long-Lasting Battery
💾 Massive 1TB Storage

🏪 Exchange Hub
📍 Shop No: 610, 611, 628 & 629, Level-6, Tropical Alauddin Tower, Sector 3, Road 2, Rajlaxmi, Uttara"
Xiaomi Redmi Note 13 256 GB Blue,21000,Used,"Dhaka, Mirpur",08/09,https://bikroy.com/mirpur/mobile-phones/xiaomi-redmi-note-13-256-gb-blue-geLdDxSkZB5rG0u94qnQ7tXu.html,5,2026-10-03T09:31:41.545445+00:00,individual,মোবাইল ফোন বিক্রি করা হবে জদি কেউ নিতে চান তাহলে সরাসরি কল করবেন আমি ভালো ফোন কিনবো তাই বিক্রি করা হবে
Xiaomi Redmi Note 15 128 GB Black,19500,Used,"Dhaka, Savar",09/09,https://bikroy.com/savar/mobile-phones/xiaomi-redmi-note-15-128-gb-black-eZmFKvRdqKlgarSYeUunjuH.html,4,2026-10-03T09:31:42.208143+00:00,individual,"There are no problems with the phone, it is just like new, and comes with the original charger."
Samsung Galaxy S22 Ultra 256 GB Green,45000,Used,"Rajshahi, Kazla",15/09,https://bikroy.com/kazla/mobile-phones/samsung-galaxy-s22-ultra-256-gb-green-zPATtyRhNXetTQRvcrLgegAQ.html,5,2026-10-03T09:31:42.756344+00:00,individual,"Charger, case, and memo, everything is available. 
No box. And there are no problems at all, you can check before taking."
Samsung Galaxy S23 Ultra 256 GB Gray,42000,Used,"Rajshahi, Kazla",29/09,https://bikroy.com/kazla/mobile-phones/samsung-galaxy-s23-ultra-256-gb-gray-12boXErowRaEIZrLY1ACWfka.html,5,2026-10-03T09:31:43.309376+00:00,individual,"Samsung galaxy s23 ultra 
Phone looks completely like new 
No scratches on the phone 
Lasts all day on a single charge 
Very good charge backup 
You can check it thoroughly as long as you want 
Phone display changed 
The display currently installed is very good, market original, fingerprint works 
Nothing comes with the phone, only the phone 
National ID card will be given as security 
Price: 42k"
New Samsung Galaxy A54 5G 128 GB Black,30000,Brand New,"Chattogram, Nasirabad",26/09,https://bikroy.com/nasirabad/mobile-phones/new-samsung-galaxy-a54-5g-128-gb-black-3V83c5Fvg1N0TAQHWJJww0pq.html,5,2026-10-03T09:31:43.813015+00:00,individual,Everything of the phone is fine. Selling because I will take the upgrade series. Anyone who wants can check it out. Everything of the phone is authentic.
Samsung Galaxy S23 Ultra 256 GB Green,45000,Used,"Chattogram, Alankar",06/09,https://bikroy.com/alankar/mobile-phones/samsung-galaxy-s23-ultra-256-gb-green-zY548IGmvUimJc4Ax88x8Yx.html,5,2026-10-03T09:31:44.163673+00:00,individual,"Samsung Galaxy S23 Ultra
 RAM: 12GB
 Storage: 256GB
 Display: Changed to Top-Quality OLED Display 
 Fingerprint: Working 
 Box: Full Box
 Condition: Good
 Asking Price: 45,000৳
 Location: Halishahar, Bisso Road, Chattogram
 Interested হলে inbox করুন।
Serious buyers only."
New Samsung Galaxy Z Fold8 Ultra 256 GB,213999,Brand New,"Dhaka, Bashundhara City",6 hours ago,https://bikroy.com/bashundhara-city/mobile-phones/new-samsung-galaxy-z-fold8-ultra-256-gb-gr9ahicm9z0eQOiiX3hx6unE.html,3,2026-10-03T09:31:44.909370+00:00,individual,"10-day replacement guarantee
2 years service warranty
Safe courier service all over the country
Attractive exchange offer
Basement-1, Shop-84, Bashundhara City Shopping Mall
Price is subject to change. Please contact via WhatsApp before coming."
Samsung Galaxy S26 Ultra 5G 256 GB Blue,169000,Used,"Dhaka, Farmgate",05/09,https://bikroy.com/farmgate/mobile-phones/samsung-galaxy-s26-ultra-5g-256-gb-blue-ay22vLc0ZHwPL50lKhwUmrQ5.html,5,2026-10-03T09:31:45.312656+00:00,individual,"I bought this phone on July 14, the phone is one month and fifteen days old plus. There is no problem with the phone, I need money so I am selling it. Charger and box everything is available, those who are thinking of getting a new phone can take this phone, it is just like new, not even a hair's breadth of a scratch or any mark. The phone is official, I bought it for 2 taka lakh from Jamuna Future Park."
Samsung Galaxy S24 Ultra 512 GB Gray,90500,Used,"Dhaka, Basabo",1 day ago,https://bikroy.com/basabo/mobile-phones/samsung-galaxy-s24-ultra-512-gb-gray-ioiNMng5HX4v4dBdi97HaNX.html,3,2026-10-03T09:31:45.909766+00:00,individual,"Full box with original cable.
12/512GB
Full fresh"
Samsung Galaxy A17 5G 128 GB Black,29500,Used,"Dhaka, Shyamoli",29/09,https://bikroy.com/shyamoli/mobile-phones/samsung-galaxy-a17-5g-128-gb-black-vY4OP1Gipg1wFYoIcdpwhS3U.html,4,2026-10-03T09:31:46.558629+00:00,individual,"Assalamu Alaikum, I bought this phone on February 9, 2026. It is completely like new. I need money so I am selling it."
Samsung Galaxy A55 128 GB Bronze,32000,Used,"Dhaka, Paltan",26/09,https://bikroy.com/paltan/mobile-phones/samsung-galaxy-a55-128-gb-bronze-3iRLv3a6WlRCmv31KBLLCIre.html,3,2026-10-03T09:31:47.061516+00:00,individual,"Fully functional, used for 6 months. Box and charger available. Malaysian variant."
Samsung Galaxy S23 Ultra 256 GB Gray,39000,Used,"Dhaka, Farmgate",19/09,https://bikroy.com/farmgate/mobile-phones/samsung-galaxy-s23-ultra-256-gb-gray-q8cqMzvbExIBSYHGp0jhFYTA.html,4,2026-10-03T09:31:47.742781+00:00,individual,Samsung Galaxy S23 Ultra has a high-quality OLED display attached
Apple iPhone 14 Pro Max 256 GB Purple,69999,Used,"Rajshahi, Kazla",6 hours ago,https://bikroy.com/kazla/mobile-phones/apple-iphone-14-pro-max-256-gb-purple-sDDB0C7OixtCFLMXry48IxpI.html,3,2026-10-03T09:31:48.449823+00:00,individual,"Box is available
USA 256GB 
75% battery waterproof is available 
Call me"
Apple iPhone 15 Pro 256 GB Black,80000,Used,Rajshahi,26/09,https://bikroy.com/rajshahi/mobile-phones/apple-iphone-15-pro-256-gb-black-zyk61TwyEyrFoHEA7AQB8gR1.html,3,2026-10-03T09:31:49.101814+00:00,individual,"15 pro 
japan variant
256 gb 
85% health 
840+ cycle 
cash memo available + 3 expensive covers can be provided 
exchange possible with 16 pro 256 GB"
Apple iPhone 13 128 GB Green,35999,Used,"Rajshahi, Charghat",05/09,https://bikroy.com/charghat/mobile-phones/apple-iphone-13-128-gb-green-z4S7oMD7mVLaeAazwvGzHgxP.html,3,2026-10-03T09:31:49.865320+00:00,individual,"Iphone 13
Full fresh
Authentic waterproof Bh 76% face id true tone okay 
Exchange possible
Sathe charger cable paben.
Security ja lage diya jabe"
Apple iPhone 14 128 GB Blue,36500,Used,"Rajshahi, Kazla",14/09,https://bikroy.com/kazla/mobile-phones/apple-iphone-14-128-gb-blue-3atLbgKyqxAadCibbEG90tWw.html,5,2026-10-03T09:31:50.397803+00:00,individual,"Battery 82
Storage 128
Wifi bypass"
New Apple iPhone 13 128 GB White,45000,Brand New,"Rajshahi, Rajpara",18/09,https://bikroy.com/rajpara/mobile-phones/new-apple-iphone-13-128-gb-white-uDmse2C2USsvbRAKfzbb4Jux.html,3,2026-10-03T09:31:51.016261+00:00,individual,"iPhone 13 genuine
Hong Kong variant 
128GB 
Physical dual SIM 
Battery health 91% 
Full fresh, 3uTools 100%, check as much as you want 
National ID photocopy required for device security only"
Apple iPhone 16 128 GB Blue,72000,Used,"Chattogram, Chawkbazar",2 days ago,https://bikroy.com/chawkbazar/mobile-phones/apple-iphone-16-128-gb-blue-8K5ZhmIa8tEJRyFFQwoMxsP1.html,3,2026-10-03T09:31:51.510429+00:00,individual,"Full fresh 99%, you can come and check.
Charger will be provided. Brought from abroad.
Battery: 87%
Both eSIM and physical SIM are available."
Apple iPhone 16 Pro Max 256 GB Rose Gold,106000,Used,"Chattogram, Muradpur",6 hours ago,https://bikroy.com/muradpur/mobile-phones/apple-iphone-16-pro-max-256-gb-rose-gold-w4MhHAxYfYR4DOxPdyzZaMmM.html,3,2026-10-03T09:31:52.294490+00:00,business,"IPhone 16 pro max 
Full box 
USA
Battery health 91
All original... 
256gb
Shop Location... Muradpur CPDl midtown market..."
Apple iPhone 14 Pro 512 GB White,35000,Used,"Chattogram, Baizid",08/09,https://bikroy.com/baizid/mobile-phones/apple-iphone-14-pro-512-gb-white-AdtVOIeV1LUCPL2LMkQejcl.html,5,2026-10-03T09:31:52.910381+00:00,individual,"ফোনটি একবারে ফুল ফ্রেশ আছে,পুরস্কারের মাধ্যমে ফোনটি পেয়েছিলাম,আমার আরেকটি মোবাইল ফোন আছে,এর জন্য রাখা কোন ইচ্ছা নাই,এজন্য কম দামে দিয়ে দিচ্ছি ফোনে কোন দাগ বা কোন কিছু চেঞ্জ করা হয়নি ফোন খুলাও হয়নি ,
যারা নিতে চান তারা শুধু মেসেজ দিবেন অযথা মেসেজ বা কল দিয়ে বিরক্ত করবেন না,যারা নিতে চান হয়তো এসে নিয়ে যাবেন বা কুরিয়ারের মাধ্যমে নিতে পারেন"
Apple iPhone 13 Pro Max 128 GB Green,47000,Used,"Chattogram, Chandgaon",29/09,https://bikroy.com/chandgaon/mobile-phones/apple-iphone-13-pro-max-128-gb-green-8kAiNzDm9Wewpe8yoIcWl0rr.html,3,2026-10-03T09:31:53.460926+00:00,individual,"iPhone 13 Pro Max
128GB USA Variant
Dropped from hand, display problem occurred
Display needs to be changed
No scratches on the phone body
BH - 78% (Original)
With Box
Price - 47k (Not Fixed)
Location: Chattogram, Boddarhat"
Apple iPhone SE (2022) 64 GB Red,20000,Used,"Chattogram, Agrabad",2 days ago,https://bikroy.com/agrabad/mobile-phones/apple-iphone-se-2022-64-gb-red-cS0hnt992iC1tion4ro4tHdv.html,4,2026-10-03T09:31:54.160298+00:00,individual,"All things are ok and Orginal no repair history. No box , only security paper what you want. Exchange possible with iPhone 13"
Apple iPhone 17 Pro Max 512 GB Orange,173000,Used,"Dhaka, Baridhara",7 hours ago,https://bikroy.com/baridhara/mobile-phones/apple-iphone-17-pro-max-512-gb-orange-clVA1kzCgUkCwCSrGREymfN5.html,5,2026-10-03T09:31:54.754609+00:00,individual,iPhone 17 Pro Max 512gb 100% health full boxed global physical + esim UK variant as like new condition
Apple iPhone 17 Pro Max 256 GB Silver,136490,Used,"Dhaka, Savar",6 hours ago,https://bikroy.com/savar/mobile-phones/apple-iphone-17-pro-max-256-gb-silver-BJfpvB7b9Cl75Q9hnro6FvPJ.html,5,2026-10-03T09:31:55.361744+00:00,individual,"Apple iPhone 17 Pro Max
256 Storage Global
Japan variant with box
BH-98% Authentic
Replacement Guarantee: 7 days
Warranty: 1 year without parts
Condition: 99.9% fresh
EMI facility available across 29 banks
Outside Dhaka delivery possible
Cash on delivery
Location:
Savar Nobinagar
Sena Shopping Complex
5th Floor, Shop No. E54
Mobile Gallery"
Apple iPhone 16 Pro Max 256 GB,115000,Used,"Dhaka, Mohammadpur",27/09,https://bikroy.com/mohammadpur/mobile-phones/apple-iphone-16-pro-max-256-gb-fyXuBWJxkMASBHKXkaXbBh9d.html,3,2026-10-03T09:31:56.009092+00:00,individual,Selling because I urgently need money. Price 120000
Apple iPhone 14 Pro Max 256 GB Purple,80000,Used,"Dhaka, Jamuna Future Park",1 hour ago,https://bikroy.com/jamuna-future-park/mobile-phones/apple-iphone-14-pro-max-256-gb-purple-dNEXy2edmMe18w3Yw9aL9vEt.html,5,2026-10-03T09:31:56.707438+00:00,individual,"iPhone 14 Pro Max– Best condition 
• 256 GB Storage • 
• Color: Deep Purple
• Singapure(1 eSIM+1 physical sim)
• Battery Health: [86%]
• Absolutely fresh, no issues
• Face ID, Camera, True Tone all 100% OK 
• Box/Charger: None
• Price: ৳80000

7 days replacement guarantee
(without display & software update issue)
3 years free service warranty"
Apple iPhone 15 Plus 256 GB Black,72000,Used,"Dhaka, Baridhara",3 hours ago,https://bikroy.com/baridhara/mobile-phones/apple-iphone-15-plus-256-gb-black-adCGGpPHKXI4HRT99zNVFwCE.html,4,2026-10-03T09:31:57.065071+00:00,individual,Iphone 15 plus GB=256 Bh 87% 018XXXXXXXX
Apple iPhone 13 Pro 128 GB White,60000,Refurbished,"Dhaka, Tongi",16/09,https://bikroy.com/tongi/mobile-phones/apple-iphone-13-pro-128-gb-white-b6U9ipJNovIAJGdwT4tj5OwM.html,5,2026-10-03T09:31:57.708239+00:00,individual,"iPhone 13 Pro Apple certified refurbished full fresh condition ￼
Original Charger + box"
Apple iPhone 13 128 GB Black,45000,Used,"Dhaka, Baridhara",6 hours ago,https://bikroy.com/baridhara/mobile-phones/apple-iphone-13-128-gb-black-AQWVa4PUT6eL6tejTMRyfBWJ.html,5,2026-10-03T09:31:58.160249+00:00,individual,"iPhone 13 128GB, 92% battery health, full boxed, Singapore variant, like new condition, authentic."
Apple iPhone XS 256 GB Black,30000,Used,"Dhaka, Savar",13/09,https://bikroy.com/savar/mobile-phones/apple-iphone-xs-256-gb-black-wSe8vVRbtPEHe7lHqDd1m2Mh.html,5,2026-10-03T09:31:58.908047+00:00,individual,"iPhone XS 256 GB
Full box phone
Battery 100%, recently changed
Face ID stopped working after an update, can be repaired
True Tone available
I use the phone personally, fully poly-wrapped
Display is original, no changes
Phone works very smoothly
Must come to the location to pick up the phone: Radio Colony, Savar, Dhaka"
Apple iPhone 11 128 GB White,30000,Used,"Dhaka, Uttara",26/09,https://bikroy.com/uttara/mobile-phones/apple-iphone-11-128-gb-white-lgFeGeSKN3lQnKUWs8Ync5lZ.html,3,2026-10-03T09:31:59.660994+00:00,individual,"There are no issues of any kind in the phone. I am using it currently. Everything is okay. I will sell it because I am getting an iPhone 13. Box is available. You will get Anker charger, cable, and back cover along with it. Display and battery have been changed. Original ones have been installed. Battery backup is very good. You can check it as much as you want.
Location: Sector 10, Uttara, Dhaka.
Must come to the location. Show more"
Xiaomi Mi 11 Ultra 256 GB Black,35000,Used,"Dhaka, Badda",16/09,https://bikroy.com/badda/mobile-phones/xiaomi-mi-11-ultra-256-gb-black-aqINzstD0IVzolpeFIptyjov.html,5,2026-10-03T09:32:00.263243+00:00,individual,"একটা স্কাচ ও নাই ফোনে, নতুন অবস্থা থেকেই পলি করা দুই পাশেই।  ফোনের সাথে শুধু দোকানের ক্যাশ মেমো পাবেন  এবং  সিকিউরিটি হিসাবে ভোটার আইডি কার্ডের ফটোকপি পাবেন। 
ফোনের সবকিছু একশ একশ। আসবেন দেখবেন যদি ভালো লাগে নিবেন। বিস্তারিত অনলাইনে দেখে নিন।"
Xiaomi Civi 4 Pro 512 GB Blue,36000,Used,"Dhaka, Dhanmondi",6 hours ago,https://bikroy.com/dhanmondi/mobile-phones/xiaomi-civi-4-pro-512-gb-blue-daZQhMw4sDL7xcEm3hxZXPAl.html,5,2026-10-03T09:32:00.662783+00:00,individual,"🌷🌷Welcome to""Mobile Store ""🌷🌷

আামাদের ঠিকানাঃ-

Mobile Store

Shop number -408(level 4)

Dhanmondi 32 Sukrabad bus stand
Phone number 017XXXXXXXX 018XXXXXXXX"
New Xiaomi Redmi Turbo 4 Pro 256 GB White,40499,Brand New,"Dhaka, Jatrabari",30/09,https://bikroy.com/jatrabari/mobile-phones/new-xiaomi-redmi-turbo-4-pro-256-gb-white-aXpsvlgItYS8fy0DJyvxhUmY.html,4,2026-10-03T09:32:01.344017+00:00,individual,"Fully fresh phone ,,You can check properly"
Xiaomi Mi 11i 128 GB Green,17000,Used,"Dhaka, Mirpur",21/09,https://bikroy.com/mirpur/mobile-phones/xiaomi-mi-11i-128-gb-green-mMjxeV5vkEmGZEtPn7ETbRN4.html,5,2026-10-03T09:32:01.806268+00:00,individual,"The mobile is completely fresh, there are no problems, please check it thoroughly before buying."
Xiaomi Redmi Note 13 Pro+ 256 GB Red,28000,Used,"Dhaka, Rampura",14/09,https://bikroy.com/rampura/mobile-phones/xiaomi-redmi-note-13-pro-256-gb-red-yPEmT9eOoarm8C7uW42cWEDw.html,3,2026-10-03T09:32:02.505025+00:00,individual,"All ok
Only device and cash memo"
Xiaomi Civi 3 256 GB,28000,Used,"Dhaka, Savar",4 hours ago,https://bikroy.com/savar/mobile-phones/xiaomi-civi-3-256-gb-x9J7HmZHE9lKuoLFZvUasrZO.html,3,2026-10-03T09:32:02.914179+00:00,individual,"12GB RAM / 256GB Storage
 MediaTek Dimensity 8200-Ultra Processor
 120Hz AMOLED Display
 50MP Camera
 67W Fast Charging
 5G Supported
This phone is fully checked and ready for use. With its stylish design, powerful performance, and excellent camera, it is a great choice.
 Contact: Amader Apple Gadget
**Serious buyers only.**"
Samsung Galaxy S24 Ultra 256 GB Gray,85000,Used,"Rajshahi, Rajpara",29/09,https://bikroy.com/rajpara/mobile-phones/samsung-galaxy-s24-ultra-256-gb-gray-7gl2nNE4yYrUhKx1NxUqAII.html,5,2026-10-03T09:32:03.709496+00:00,individual,"Numbar : 
Assalamu Alaikum. The device is in absolute pristine showroom-level condition and has been handled with extreme care since day one. If you are looking for a reliable, authentic and completely hassle-free pre-owned device that performs just like a brand-new one this is the perfect option for you"
New Samsung Galaxy S26 Ultra 5G 256 GB Blue,115000,Brand New,"Rajshahi, Boalia",17/09,https://bikroy.com/boalia/mobile-phones/new-samsung-galaxy-s26-ultra-5g-256-gb-blue-qbY4u6z9tvD4tAf2sYkJyrMH.html,5,2026-10-03T09:32:04.411942+00:00,individual,"Samsung s26 ultra
Very good condition, like brand new with box and a cover, charger, not a single issue or scratch, just used arround 3/4 months"
Samsung Galaxy S26 Ultra 5G 512 GB Blue,115000,Used,"Rajshahi, Shaheb Bazar",6 hours ago,https://bikroy.com/shaheb-bazar/mobile-phones/samsung-galaxy-s26-ultra-5g-512-gb-blue-3tUSQVNHO7P9apzxgC7PxJcd.html,3,2026-10-03T09:32:05.108124+00:00,individual,"Samsung S26 ultra 
12 512 
Super condition 
7 days replacement guarantee  
1 year service waranty  
#exchange possible 
Our Address :
Smart Choice , Shop No. 211 , 
City center , Beside of Rajshahi College , Sonadigir mor Rajshahi
Call for any details:"
Samsung Galaxy Note 10 Plus 5G 256 GB Blue,19500,Used,"Rajshahi, Shaheb Bazar",26/09,https://bikroy.com/shaheb-bazar/mobile-phones/samsung-galaxy-note-10-plus-5g-256-gb-blue-wKS1yGRb8cquvF3I779dGMPf.html,5,2026-10-03T09:32:05.665413+00:00,individual,"Exchange possible if you give a lower version and add money. 
Selling because I need money now. 
If you are interested then inbox... 
We will talk about the phone.
Original price - 30000
Discounted price on this."
Samsung Galaxy S21+ 5G 128 GB Silver,20500,Used,"Rajshahi, Motihar",23 hours ago,https://bikroy.com/motihar/mobile-phones/samsung-galaxy-s21-5g-128-gb-silver-8qwq9xcX6cZOxQ2ADkeU72PN.html,5,2026-10-03T09:32:06.398161+00:00,individual,"The mobile is 100% fresh, nothing has been changed, and there are no problems.
Original box and cable will be provided with it."
Samsung Galaxy A34 5G 128 GB Black,21000,Used,"Rajshahi, Shaheb Bazar",06/09,https://bikroy.com/shaheb-bazar/mobile-phones/samsung-galaxy-a34-5g-128-gb-black-89LJgMUcIK9IL0obG8zrm3NU.html,5,2026-10-03T09:32:07.164407+00:00,individual,"ফোনের কনডিশন একদম নতুন।
ফোনের পিছনে ব্যাক পলি আছে,যার জন্য কোজ ক্র‍্যাচ পড়েনি।
ফোনের সাথে ওরিজিনাল স্যামসাং এর চার্জার আছে।
ফোন কিনার মেমো,বক্স সব আছে।"
Samsung Galaxy A56 256 GB Green,35500,Used,"Chattogram, Muradpur",7 hours ago,https://bikroy.com/muradpur/mobile-phones/samsung-galaxy-a56-256-gb-green-IO3H8Zlmn3Mr2TAtBrcmSSB.html,3,2026-10-03T09:32:07.803073+00:00,individual,"Samsung Galaxy A56 5G
 8GB RAM / 256GB Storage
 Full Box
 6.7"" FHD+ Super AMOLED Display
 120Hz Refresh Rate
 Exynos 1580 Processor
 50MP OIS Main Camera
 Benefits:
 15-day replacement guarantee
 Shop No: 319, 3rd Floor
 CPDL RB Midtown Market, Muradpur, Chittagong (Next to Makkah Hotel)"
Samsung Galaxy S25 Ultra 256 GB Blue,90500,Used,"Dhaka, Uttara",3 hours ago,https://bikroy.com/uttara/mobile-phones/samsung-galaxy-s25-ultra-256-gb-blue-cpnMIDpc8xqnq30vZCd4pWAg.html,4,2026-10-03T09:32:08.410540+00:00,individual,"Samsung Galaxy S24 Ultra 12/256GB Titanium SilverBlue. 100% Original. 7 Days Replacement & 1 Year Service Warranty. EMI Facility is also AVAILABLE. Contact Us: Exchange Hub. Shop No: 610, 611, 628 & 629 Level-6, Tropical Alauddin Tower, Sector 3, Road 2, Rajlaxmi, Uttara. Facebook Page:"
Samsung Galaxy S25 Ultra 256 GB Blue,98000,Used,"Dhaka, Baridhara",7 hours ago,https://bikroy.com/baridhara/mobile-phones/samsung-galaxy-s25-ultra-256-gb-blue-deKepkViJaBCIpBVDY6hlIFe.html,5,2026-10-03T09:32:08.962478+00:00,individual,"Samsung S25 ultra 12/256
Full box, in pristine condition."
Samsung Galaxy Z Fold7 256 GB Silver,115000,Used,"Dhaka, Baridhara",6 hours ago,https://bikroy.com/baridhara/mobile-phones/samsung-galaxy-z-fold7-256-gb-silver-fp3D4SV2Fm0iC0QYZRGa30J7.html,5,2026-10-03T09:32:09.648556+00:00,individual,"Samsung Z fold 7
Fill box
full fresh"
Samsung Galaxy A17 5G 128 GB Black,24999,Used,"Dhaka, Gulshan",13 min ago,https://bikroy.com/gulshan/mobile-phones/samsung-galaxy-a17-5g-128-gb-black-rIP3POAWDzZ0WcWgwa0mnEln.html,5,2026-10-03T09:32:10.362179+00:00,individual,"Samsung A17 5G official device
Official warranty is 6 months
RAM 8GB, ROM 128GB
Processor Exynos 1380
Battery 5000 mAh
Super AMOLED
10 days replacement guarantee is available
1 year service warranty is available
Location: Gulshan 2, Land View Shopping Center, shop number 24, 1st floor
Phone exchange is available
Friday market is closed
You can do EMI with a credit card"
Samsung Galaxy S23 128 GB Black,29999,Used,"Dhaka, Khilgaon",3 hours ago,https://bikroy.com/khilgaon/mobile-phones/samsung-galaxy-s23-128-gb-black-r339kLi8UVPKd5yHuDxBMVwD.html,3,2026-10-03T09:32:11.113189+00:00,individual,"Assalamu Alaikum.
Greetings from ""Mobo Live Bd"".
Samsung S23 8/128GB
Black
Full Factory Unlock
100% original device
Dear Honourable Customer.
Now you can purchase with EMI of 21 banks credit cards. Thanks for being with us."
Samsung Galaxy S23 Ultra 256 GB White,55000,Used,"Dhaka, Basundhara",28/09,https://bikroy.com/basundhara/mobile-phones/samsung-galaxy-s23-ultra-256-gb-white-n0IwOJHof3pjQ4QixeDOGi7Z.html,3,2026-10-03T09:32:11.509274+00:00,individual,"This mobile is completely fresh, there is no problem of any kind, whoever uses the mobile will definitely understand it, I need money so I will sell it, box memo everything is there"
Apple iPhone 17 Pro Singapore (Used),138000,Used,Rajshahi,6 hours ago,https://bikroy.com/rajshahi/mobile-phones/apple-iphone-17-pro-singapore-used-gjdXKaTsZXJhreicuen5bawd.html,0,2026-10-03T09:32:12.246965+00:00,individual,"Iphone 17 pro 

256 gb 100 bh 

Singapore physical sim 

Super condition 

7 days replacement guarantee 
1 year service waranty 

#exchange possible 

Our Address :
Smart Choice  ,  Shop No. 211 , 
City center , Beside of Rajshahi College , Sonadigir mor Rajshahi

Call for any details"
Apple iPhone 17 Pro Max 256 GB Silver,150000,Used,Rajshahi,19/05,https://bikroy.com/rajshahi/mobile-phones/apple-iphone-17-pro-max-256-gb-silver-wIjkAZNFKfcyhuguX5bMAXeA.html,2,2026-10-03T09:32:12.864793+00:00,individual,"IPHONE 17PRO MAX
256 Gb 100%
Silver / Usa variant //Full boxed
Location: Rajshahi Theme omor plaza"
Apple iPhone 16 Pro Max 256 GB Gold,135000,Used,"Rajshahi, Rajpara",19/06,https://bikroy.com/rajpara/mobile-phones/apple-iphone-16-pro-max-256-gb-gold-msFAw6yz064m5yHE7MVlaoHU.html,2,2026-10-03T09:32:13.405528+00:00,individual,"iPhone 16 Pro Max 256GB (Australian Variant). Battery Health 100%. Cycle Count 234. Apple Warranty till 29 Aug 2026. Desert Titanium. Box + Original Cable Available. No scratch, no repair history. Face to face deal preferred."
Apple iPhone 16 Pro Max 256 GB Rose Gold,115000,Used,"Rajshahi, Rani Nagar",23/09,https://bikroy.com/rani-nagar/mobile-phones/apple-iphone-16-pro-max-256-gb-rose-gold-cyT9vltV2zC1Y7ebBQxHsg31.html,3,2026-10-03T09:32:14.107052+00:00,individual,"Physical Dual Sim!
First Party User!
Fully Fresh Condition!
Not Even A Minor Scretch or Dent.
Comes From Hongkong.
With Box."
Apple iPhone 16 128 GB White,70000,Used,Rajshahi,22/09,https://bikroy.com/rajshahi/mobile-phones/apple-iphone-16-128-gb-white-BZVZRjpXUSJB8QyoAcaRFakM.html,5,2026-10-03T09:32:14.858175+00:00,individual,"IPhone 16 full fresh condition 128 gb 
Battery health 100%
Just action button doesn’t work"
Apple iPhone 14 Pro Max 256 GB Purple,75000,Used,Rajshahi,22/09,https://bikroy.com/rajshahi/mobile-phones/apple-iphone-14-pro-max-256-gb-purple-r8ScCt13jIenxRe0CZwnkjQZ.html,5,2026-10-03T09:32:15.546552+00:00,individual,"Iphone 14 pro max... battery 80% phone is completely fresh, no changes, all genuine, no box, Singapore variant"
Apple iPhone 12 Pro 128 GB Blue,36009,Used,Rajshahi,07/09,https://bikroy.com/rajshahi/mobile-phones/apple-iphone-12-pro-128-gb-blue-vXVyD8dyn6mfHTSZTE0SogmU.html,5,2026-10-03T09:32:16.205514+00:00,individual,ফোনে কোন সমস্যা নেই। কখনো খোলা হয়নি। ব্যাটারি হেলথ ৭৩% 018XXXXXXXX
Apple iPhone 12 128 GB Blue,26500,Used,"Rajshahi, Baharampur",06/09,https://bikroy.com/baharampur/mobile-phones/apple-iphone-12-128-gb-blue-pl9NYysguuBvgF7Tzkjt2VjU.html,3,2026-10-03T09:32:16.959333+00:00,individual,"All detels inbox
Display chenge 
Face id nai
Baki oll ok"
Apple iPhone 11 128 GB White,25000,Used,"Rajshahi, Ramchandrapur",18/09,https://bikroy.com/ramchandrapur/mobile-phones/apple-iphone-11-128-gb-white-3Cnpx5FNExvU9kzYBDMq65SG.html,5,2026-10-03T09:32:17.561420+00:00,individual,Fully fresh condition... Only interested buyers are requested to knock please in this number ()... Phone location SADHURMOR (Opposite road of Orchid Mess)...
New Apple iPhone 18 Pro Max 256 GB,209999,Brand New,"Chattogram, CDA Avenue",6 hours ago,https://bikroy.com/cda-avenue/mobile-phones/new-apple-iphone-18-pro-max-256-gb-q2adXq6pZ92EEiBJArQUfTw1.html,4,2026-10-03T09:32:18.165173+00:00,individual,"Display: 6.9"" LTPO Super Retina XDR OLED, 120Hz, 1320×2868,
Performance: Apple A20 Pro Hexa-core, Apple 7-core GPU, iOS 27
Camera: Rear 48MP + 48MP + 48MP, LiDAR, 4K video, OIS | Front 18MP, 4K video
Battery: 5391/5567 mAh, 50W Wired,
Enjoy EMI facilities up to 36 months through credit cards from more than 20 banks. (*Conditions apply*)"
Apple iPhone 16 Pro Max 256 GB Gold,125000,Used,"Chattogram, Bakoliya",26/09,https://bikroy.com/bakoliya/mobile-phones/apple-iphone-16-pro-max-256-gb-gold-rR2SX9vYPtkK6CBXKt7uTZbr.html,5,2026-10-03T09:32:18.794684+00:00,individual,"IPhone 16 Pro Max — 256GB | Desert Titanium
Variant: Singapore Variant
Storage: 256GB
Color: Desert Titanium
Battery Health: 89%
Cycle Count: 770
Condition: Not a minor scratch- Top Notch condition, One Handed Used, well maintained
Purchase History: Purchased From Dazzle"
Apple iPhone 17 Pro Max 256 GB Blue,145000,Used,"Chattogram, Agrabad",10/08,https://bikroy.com/agrabad/mobile-phones/apple-iphone-17-pro-max-256-gb-blue-snfLGfPzLndHMLxgbki9Y7DI.html,4,2026-10-03T09:32:19.461344+00:00,individual,"Fresh conditions with original box cable
Brought from Kuwait"
Apple iPhone 13 Pro 256 GB Green,57500,Used,"Chattogram, Agrabad",25/09,https://bikroy.com/agrabad/mobile-phones/apple-iphone-13-pro-256-gb-green-yL97vNmcPNz0yB6Xht1t4jl.html,4,2026-10-03T09:32:19.909775+00:00,individual,iPhone 13 Pro Max 256 GB Everything original
Apple iPhone 16 Pro Max 256 GB Rose Gold,115000,Used,"Chattogram, New Market, Chattogram",12/09,https://bikroy.com/new-market/mobile-phones/apple-iphone-16-pro-max-256-gb-rose-gold-uJo9OsH8r61ll8LIDA7QG69D.html,5,2026-10-03T09:32:20.610230+00:00,individual,"The mobile was sent from Dubai, used by a single person, fully fresh body with no scratches
Battery health 90%
Original box is available, security can be provided if wanted
You can check it to your heart's content, no issues at all
Call directly at 019XXXXXXXX"
Apple iPhone 14 128 GB Black,60000,Used,"Chattogram, Agrabad",25/09,https://bikroy.com/agrabad/mobile-phones/apple-iphone-14-128-gb-black-m8ZacFWUywvwx8UEEDTEBnqX.html,4,2026-10-03T09:32:21.306545+00:00,individual,"iPhone 14 128GB — Midnight | Like New

Purchased from Canada on 14 Jan 2026. Battery Health: 100%. Used only ~15 days. Absolutely like new. Model: MPUD3VC/A. No issue, repair, or damage. Everything works perfectly.

Reason: Upgrading to iPhone 17.
Price: 60,000 BDT (Fixed)
Inbox if interested."
Apple iPhone 16e 128 GB Blue,47000,Used,"Chattogram, Agrabad",08/09,https://bikroy.com/agrabad/mobile-phones/apple-iphone-16e-128-gb-blue-cY6vfXxjdXiCH63lqr53hxQs.html,3,2026-10-03T09:32:21.908738+00:00,individual,টাকা পয়সার সমস্যায় আছি তাই বিক্রি করে দিবো। ফোন কোনো রকম সমস্যা নাই। বক্স নাই। এডেপ্টর হবে কেবল হবে অর্জিনাল। বেক কাবার দিবো। জাতীয় পরিচয়পত্র দিবো।
Apple iPhone 12 Pro 128 GB Gold,34000,Used,"Chattogram, Agrabad",2 days ago,https://bikroy.com/agrabad/mobile-phones/apple-iphone-12-pro-128-gb-gold-bohGyIt1Fhqc6yHKEWcT4kgu.html,3,2026-10-03T09:32:22.660584+00:00,individual,"iPhone 12 Pro sale post 
Battery Health-82
Condition - good 
Display - original 
Phone and cash memo and security... 
Just back shell changed otherwise all parts are good... 
Price - only 34k not fixed... 
Location - East Madarbarhi, Chattogram"
Apple iPhone 12 128 GB Black,20500,Used,"Chattogram, Agrabad",16/09,https://bikroy.com/agrabad/mobile-phones/apple-iphone-12-128-gb-black-nggrFcYImJer4iaxJ6qHZ8Lp.html,5,2026-10-03T09:32:23.364620+00:00,individual,"Iphone 12, 128 GB, Black.
Battery Genuine (74% health)
Display (GX Best Quality)
True Tone Ok
Face Id disabled. 
The set is all ok, the power button needs to be pressed a little firmly. Camera quality is super. Best quality gx original display is installed. The set is fairly fresh. Call or WhatsApp. Selling this to get a more upgraded model.
Agrabad."
Apple iPhone 17 Pro Max 256 GB Silver,151999,Used,"Dhaka, Bashundhara City",4 hours ago,https://bikroy.com/bashundhara-city/mobile-phones/apple-iphone-17-pro-max-256-gb-silver-gf4UxYy1VNisB8nWb2RqDK9J.html,5,2026-10-03T09:32:24.061478+00:00,individual,"iPhone 17 Pro Max 
256 GB | Silver
Battery Health: 100%
Charging Cycle: 88 Times
Full Boxed 
Authentic Device 
7 Days Replacement without display, parts & condition 
Visit Our Shop
Basement-2, Shop No: 94 
Basundhara City Shopping Complex 
Panthapath Dhaka 1215 
 You will easily find our shop on the left hand side after getting down the escalator."
Apple iPhone 16 Pro Max 256 GB Black,115000,Used,"Dhaka, Uttara",3 hours ago,https://bikroy.com/uttara/mobile-phones/apple-iphone-16-pro-max-256-gb-black-1BLbkZMfweM1bBkMPpR3S4cT.html,3,2026-10-03T09:32:24.658860+00:00,individual,"iPhone 16 Pro Max 256GB Black
Battery Health 97%
Physical Sim & eSIM
Indian Variant
7 Days Replacement & 1 Year Service Warranty
EMI Facility is also AVAILABLE
Contact Us
Exchange Hub
Shop No: 610, 611, 628 & 629 Level-6, Tropical Alauddin Tower
Sector 3, Road 2, Rajlaxmi, Uttara.
Call for Details 017XXXXXXXX"
Apple iPhone 17 Pro Max 256 GB Silver,155000,Used,"Dhaka, Uttara",5 hours ago,https://bikroy.com/uttara/mobile-phones/apple-iphone-17-pro-max-256-gb-silver-mBgRO8xUy2mSmaYcFSAkZ0fR.html,3,2026-10-03T09:32:25.214639+00:00,individual,"Iphone 17 pro max
256 GB | Australian Variant
Boxed With Everything
Brand New Condition
Purchase Date 8/14/2026
Cash Memo
Battery Cycle 36
BH 100
Location: Uttara"
Apple iPhone 13 Pro 128 GB Blue,56000,Used,"Dhaka, Lalbag",06/09,https://bikroy.com/lalbag/mobile-phones/apple-iphone-13-pro-128-gb-blue-k7nNJAMPfsq9pWt7UkRFD2Yf.html,4,2026-10-03T09:32:25.911485+00:00,individual,"মোবাইল পুরো ফ্রেস 
বেটারি ৮৯% সব কিছু আছে বক্স কেবল পিন সব আছে 
ফিজিকাল দুইটা সিম চালাতে পারবেন
৮০% থেকে ১০%পরযন্ত চার ঘন্টা ৩০ মিনিট এক টানা চালিয়ে দেখছি খুব ভালো চার্জ থাকে 
সব কিছু অর্জিনাল আছে"
New Apple iPhone 15 Pro Max 256 GB Blue,89000,Brand New,"Dhaka, Bashundhara City",04/09,https://bikroy.com/bashundhara-city/mobile-phones/new-apple-iphone-15-pro-max-256-gb-blue-cyt7eG21DrgRZcWHnlIsE0AM.html,3,2026-10-03T09:32:26.657178+00:00,individual,"In fresh conditions, no spots, dents, or scratches ✅ 
Battery health 91%
Cycle Count 473
Indian variant
Without box
Only geniune buyers, please inbox"
Apple iPhone 13 Pro 256 GB Gold,56000,Used,"Dhaka, Mirpur",28/09,https://bikroy.com/mirpur/mobile-phones/apple-iphone-13-pro-256-gb-gold-wxtX8goCwWN8A6hswOxASBsq.html,5,2026-10-03T09:32:27.159747+00:00,individual,"°Face ID ok 
°Tone all ok 
°Speakers
°Cash memo available 
° Charger available"
Apple iPhone 11 128 GB Black,25000,Used,"Dhaka, Kamrangirchar",05/09,https://bikroy.com/kamrangirchar/mobile-phones/apple-iphone-11-128-gb-black-rMVTiIzyYZRsSBILULDSsPqp.html,5,2026-10-03T09:32:27.813111+00:00,individual,"আসসালামুআলাইকুম 
iphone 11 (128gb )
ফোন টি ফুল ফ্রেস কন্ডিশন কোন সমস্যা নাই।
ডিসপ্লে অরিজিনিয়াল।
ফেইস আইডি ওকে।
ট্রুটন ওকে।
বেটারি হেল্থ। ৭৬%
ফোনের সাথে সব ধরনের সিকিউরিটি দেওয়া যাবে।
ফোন টি একচেঞ্জ করতে পারবেন সুধু iphone এর সাথে ।
যারা নিবেন এখুনি যোগাযোগ করুন । ধন্যবাদ"
Apple iPhone 12 128 GB White,27990,Used,"Dhaka, Badda",6 hours ago,https://bikroy.com/badda/mobile-phones/apple-iphone-12-128-gb-white-kuZg5hLojguDaqY4EhLd7frT.html,3,2026-10-03T09:32:28.311097+00:00,individual,"Description:Camera Changed 
Battery Health: 86%
Chipset: A14 Bionic
Display: 6.1""Super Retina XDR OLED
Camera: Back-12+12\Front-12 MP
Battery: 2815 Mah
Device with Cash Memo. 
৭ দিনের রিপ্লেসমেন্ট ও ১ বছরের ফ্রী সার্ভিস পাবেন।আপনার পুরাতন মোবাইল আমাদের সাথে Exchange করতে পারেন।
সাপ্তাহিক বন্ধ:বুধবার।"
Apple iPhone 14 128 GB White,39999,Used,"Dhaka, Aftab Nagar",29/09,https://bikroy.com/aftab-nagar/mobile-phones/apple-iphone-14-128-gb-white-x2ggotKcmtG4T1RNyV6DOuKT.html,5,2026-10-03T09:32:28.862466+00:00,individual,You can come to me and take a look.
Xiaomi Mix Flip 256 GB White,77000,Used,"Dhaka, Uttara",3 hours ago,https://bikroy.com/uttara/mobile-phones/xiaomi-mix-flip-256-gb-white-vs56lsJl9wlciERKtMBzVmV.html,4,2026-10-03T09:32:29.362042+00:00,individual,"Xiaomi MIX Flip 2 
 RAM: 12GB
 ROM: 256GB
 Full Box + Original Charger
 Excellent Condition
 Exchange Hub
 Shop No: 610, 611, 628 & 629, Level-6
Tropical Alauddin Tower, Sector 3, Road 2"
Xiaomi 17T 256 GB Purple,55500,Used,"Dhaka, Jatrabari",1 hour ago,https://bikroy.com/jatrabari/mobile-phones/xiaomi-17t-256-gb-purple-acnnbNqTIDOAGT8pWDqaJqRG.html,3,2026-10-03T09:32:30.014775+00:00,individual,"Xiaomi 17T.
RAM - 12 GB.
ROM - 256 GB.
Full box."
Xiaomi Redmi Turbo 4 256 GB Red,36000,Used,"Dhaka, Keraniganj",28/09,https://bikroy.com/keraniganj/mobile-phones/xiaomi-redmi-turbo-4-256-gb-red-8Ppdg2IFmIAtbSTbPsl5h0qf.html,4,2026-10-03T09:32:30.658252+00:00,individual,"Good condition.
(3 months used)
Full box + charger"
Xiaomi 17T 256 GB White,55500,Used,"Dhaka, Tejgaon",16 hours ago,https://bikroy.com/tejgaon/mobile-phones/xiaomi-17t-256-gb-white-Cx9JkfHncKFHY112jtqupzHI.html,5,2026-10-03T09:32:31.312081+00:00,individual,"Xiaomi 17T
Original Authentic Phone, Chinese Version. 12/256GB.
Battery health 100%
99.5% Full Fresh, no spots, breaks, or scratches.
Box, charger, everything is included.
Location: Tejgaon Dhaka"
Xiaomi Redmi Turbo 5 Max 256 GB Silver,49500,Used,"Dhaka, Savar",25/09,https://bikroy.com/savar/mobile-phones/xiaomi-redmi-turbo-5-max-256-gb-silver-zK9h7ZEll1EvYNzt95Wc5wZj.html,5,2026-10-03T09:32:31.950823+00:00,individual,Used for 2 months completely new phone
Xiaomi Redmi Turbo 4 Pro 256 GB White,40999,Used,"Dhaka, Jatrabari",33 min ago,https://bikroy.com/jatrabari/mobile-phones/xiaomi-redmi-turbo-4-pro-256-gb-white-5pibno5dnRhbFwHE5OPaOGWz.html,3,2026-10-03T09:32:32.661736+00:00,individual,"Redmi turbo 4 pro.
Ram - 16 GB.
Rom - 256 GB.
Full box."
Xiaomi Civi 4 Pro 512 GB Black,35000,Used,"Dhaka, Tejgaon",21/09,https://bikroy.com/tejgaon/mobile-phones/xiaomi-civi-4-pro-512-gb-black-zKPkGeJndpwt6c7IzYp9g0Cw.html,3,2026-10-03T09:32:33.244620+00:00,individual,"Xiaomi Civi 4 pro - 12/512Gb.
Original
Price 35 thousand, negotiable.
Location: Purba Nakhalpara, Tejgaon, Dhaka.
If you want to buy, please come directly only on Friday or Saturday."
New Xiaomi 17 Ultra 1 TB Black,160000,Brand New,"Dhaka, Mirpur",22/09,https://bikroy.com/mirpur/mobile-phones/new-xiaomi-17-ultra-1-tb-black-k2IJbPCsFkwBOPQD6xZTmqjx.html,5,2026-10-03T09:32:33.860617+00:00,individual,"Brought from Japan. Brand new, never used."
Xiaomi Civi 5 Pro 256 GB White,49000,Used,"Dhaka, Mirpur",1 day ago,https://bikroy.com/mirpur/mobile-phones/xiaomi-civi-5-pro-256-gb-white-dKGXnO3Oiu97GAwPC6t2zZP7.html,5,2026-10-03T09:32:34.506978+00:00,individual,"Like Brand New Condition, just as new as it looks, those who want to buy a new one can take it, 100% fresh, no spots or anything anywhere,
98% Battery Health Still, Full Box & Authentic Charger, Cable everything is there, location Dhaka Mirpur Pallabi Notun thana or DOHS Dhaka."
Xiaomi Redmi Turbo 4 Pro 256 GB White,38990,Used,"Dhaka, Shyamoli",3 hours ago,https://bikroy.com/shyamoli/mobile-phones/xiaomi-redmi-turbo-4-pro-256-gb-white-wqdFI8PhBJhFkinOu2j2QPVy.html,3,2026-10-03T09:32:35.164983+00:00,business,"Redmi Turbo 4 Pro 5g 12/256
99%
Condition: Full Box | Full fresh
Customised Global
EXCHANGE POSSIBLE
100% Authentic Product
EMI Facility (Available on 36 banks cards)
Cash On Delivery Across the Country

Shop Location:
Phone-e
Shop No: 573, Level-5
Shyamoli Square Shopping Mall, Dhaka"
New Xiaomi Poco F9 Ultra 512 GB Black,110000,Brand New,"Dhaka, Uttara",5 hours ago,https://bikroy.com/uttara/mobile-phones/new-xiaomi-poco-f9-ultra-512-gb-black-wqSvZDtmeBLGRbbisB9Y83J.html,5,2026-10-03T09:32:35.693023+00:00,individual,"Network Technology GSM / HSPA / LTE / 5G,Launch Announced 2026, September 01
Status Available. Released 2026, September 01, Dimensions 163.5 x 77.9 x 8.7 mm (6.44 x 3.07 x 0.34 in)
Weight 235 g (8.29 oz),SIM Nano-SIM + Nano-SIM + eSIM + eSIM (max 2 at a time),Display Type AMOLED, 68B colors, 185Hz, Dolby Vision, HDR10+, 850 ,Memory,512GB 16GB RAM"
Xiaomi Redmi Turbo 4 Pro 256 GB White,35999,Used,"Dhaka, Jatrabari",32 min ago,https://bikroy.com/jatrabari/mobile-phones/xiaomi-redmi-turbo-4-pro-256-gb-white-xiBGWSV44JTE9YZvPMSSHgWh.html,3,2026-10-03T09:32:36.053424+00:00,individual,"Redmi turbo 4 pro.
Ram - 12 gb.
Rom - 256 gb.
Full box."
Xiaomi Redmi K90 256 GB Red,49999,Used,"Dhaka, Motalib Plaza",3 hours ago,https://bikroy.com/motalib-laza/mobile-phones/xiaomi-redmi-k90-256-gb-red-3nXbCwNU7U9BbXQufIP8PHEC.html,5,2026-10-03T09:32:36.453149+00:00,individual,"Wholesale & Retail 
Redmi K90 12/256GB (Active)
BH-100%

Mobile, Box & Charger (বক্স, চার্জার পেতে সময় লাগতে পারে ৫/৭ দিন) 

Address: Hridoy Communication, 2nd Floor, Shop no: 338"
Xiaomi Redmi Turbo 4 256 GB Black,36000,Used,"Dhaka, Uttara",21/09,https://bikroy.com/uttara/mobile-phones/xiaomi-redmi-turbo-4-256-gb-black-oMd5meyJYE339LcjviFBH3U4.html,5,2026-10-03T09:32:37.212809+00:00,individual,"Xiaomi Redmi Turbo 4 
Processor: Dimensity 8400 Ultra 
RAM: 12GB (12GB extended RAM)
ROM: 256GB
Display: 6.67 inches 120Hz
Resolution: FHD 2712×1220
Battery: Silicon Carbon 6550 mAh
Battery health: 98%
Camera 
Back: 50mp+8mp
Front: 20mp
Android version: 16 updated
Purchase date: 27-05-2026
Warranty: 1 Year Dazzle parts warranty available
Exchange possible"
Xiaomi 13 Pro 256 GB,39000,Used,"Dhaka, Mirpur",22/09,https://bikroy.com/mirpur/mobile-phones/xiaomi-13-pro-256-gb-n8QmeSj2Fe8bLBDhOMpb1wZy.html,5,2026-10-03T09:32:37.859092+00:00,individual,Fully fresh Condition
Xiaomi 15 Pro 256 GB Gray,59999,Used,"Dhaka, Jatrabari",31 min ago,https://bikroy.com/jatrabari/mobile-phones/xiaomi-15-pro-256-gb-gray-u2YprA9FR6VoPmwJyqwUoZ9H.html,3,2026-10-03T09:32:38.555322+00:00,individual,"Xiaomi 15 Pro.
RAM - 12 GB.
ROM - 256 GB.
Battery Health - 97%.
Full box."
Xiaomi Civi 5 Pro 256 GB,39000,Used,"Dhaka, Mirpur",29/09,https://bikroy.com/mirpur/mobile-phones/xiaomi-civi-5-pro-256-gb-yCBuVAb1jlcbYouqbNxt7VQv.html,5,2026-10-03T09:32:39.261479+00:00,individual,"12/256
Battery 99
Cycle count 107
Box charger cashmemo
Full fresh condition"
New Xiaomi Civi 5 Pro 256 GB White,65000,Brand New,"Dhaka, Jamuna Future Park",47 min ago,https://bikroy.com/jamuna-future-park/mobile-phones/new-xiaomi-civi-5-pro-256-gb-white-lgg9I3LoJ0qnCgLHurpr0Rof.html,4,2026-10-03T09:32:39.754621+00:00,individual,"Xiaomi Civi 5 pro– Best condition 
• 128 GB Storage• 
• Color: Nebula Purple
• China Variant
• Battery Health: 100%
• Absolutely fresh, no issues at all 
• Face ID, Camera, True Tone all 100% OK
• Box/Charger: Included 
• Location: Jamuna Future Park, Level 4, 4B-007D"
New Xiaomi 17T 256 GB,67000,Brand New,"Dhaka, Jamuna Future Park",3 hours ago,https://bikroy.com/jamuna-future-park/mobile-phones/new-xiaomi-17t-256-gb-fMbn7o9peT9ED4GfNgDXY0V7.html,5,2026-10-03T09:32:40.555567+00:00,individual,"Xiaomi 17T
BD official 
Cycle count : 8
12GB 256GB
Full Fresh condition 
Price: 67000 Tk
 Paramount Gadget
Jamuna Future Park Shopping Mall
Level 4, Shop No: 006C
Near Lift 7 (নোকিয়া গলি)
 
."
New Xiaomi Redmi 15C 256 GB Gray,16000,Brand New,"Dhaka, Savar",25/09,https://bikroy.com/savar/mobile-phones/new-xiaomi-redmi-15c-256-gb-gray-fjV0FZLzTG7u239zHBybjxgj.html,3,2026-10-03T09:32:41.156461+00:00,individual,"Completely brand new phone, there are no problems with the phone, you will get everything with the phone"
New Xiaomi Redmi 15C 4G 256 GB,16990,Brand New,"Dhaka, Shyamoli",41 min ago,https://bikroy.com/shyamoli/mobile-phones/new-xiaomi-redmi-15c-4g-256-gb-xjwywOTL7TzNEOLZp3GOsRYl.html,2,2026-10-03T09:32:41.702346+00:00,individual,"Redmi 15c
6+128 GB=16990/= Fixed Price
8+256 GB=19990/= Fixed Price
Our Address
Mobile Plaza
Shyamoli Tower Complex Market
2nd Floor, Shop No 13, 14
Shyamoli, Mohammadpur, Dhaka
Online Link
You can view and order
Download from Play Store
Mobile Plaza
Our Website
Facebook Page
Facebook/Mobil Plaza"
Xiaomi Mi 11X 128 GB Black,16000,Used,"Dhaka, Khilgaon",14 hours ago,https://bikroy.com/khilgaon/mobile-phones/xiaomi-mi-11x-128-gb-black-dSIpqY5yjb8UtRPSTeavYZtW.html,5,2026-10-03T09:32:42.458781+00:00,individual,"This mobile is for sale. The display has been changed but an original one is installed. Box is available, no charger."
Xiaomi Civi 2 256 GB Black,20990,Used,"Dhaka, Shyamoli",6 hours ago,https://bikroy.com/shyamoli/mobile-phones/xiaomi-civi-2-256-gb-black-eYCxOR1PzoMbieAsiLXITIZc.html,5,2026-10-03T09:32:43.062183+00:00,individual,"Maa Enterprise - Smart Zone.
Shyamoli Khan Plaza Mobile Market.
Shop No (22) Ring Road - Shyamoli
Mohammadpur - Dhaka - 1207. 019XXXXXXXX"
Xiaomi 13 256 GB Blue,32999,Used,"Dhaka, Mirpur DOHS",42 min ago,https://bikroy.com/mirpur-dohs/mobile-phones/xiaomi-13-256-gb-blue-7YitwFwbP4J0vc5Bn2s6NcdB.html,4,2026-10-03T09:32:43.607282+00:00,individual,"AR Gallery BD 
Shop-76, Lift-4, Shah Ali Plaza, Mirpur-10,Dhaka-1216,
Xiaomi 13 - Only Phone + Cash Memo.
★Ram:- 12GB ★Rom:-256GB 
★Back Camera:-50+10+12 MP 
★Front Camera:- 32MP
★Battery:-4500mAh
★ Charging: 67W wired,
★ Sim: dual sim
■ 5 দিনর রিপ্লেসমেন্ট গ্যারান্টি । 
■ 1 বছরের সার্ভিস ওয়ারেন্টি ( Without parts)"
Xiaomi Redmi Note 13 256 GB Black,17500,Used,"Dhaka, Jatrabari",57 min ago,https://bikroy.com/jatrabari/mobile-phones/xiaomi-redmi-note-13-256-gb-black-11234AANoDeyVpqPuj8H1uaW.html,3,2026-10-03T09:32:44.362203+00:00,individual,"Redmi note 13.
Ram - 8 gb.
Rom - 256 gb.
Full box."
Xiaomi Mi 11 Ultra 256 GB White,30000,Used,"Dhaka, Paltan",29/09,https://bikroy.com/paltan/mobile-phones/xiaomi-mi-11-ultra-256-gb-white-wjwu4307CrjjunlDa5TTXqgt.html,5,2026-10-03T09:32:45.009778+00:00,individual,"Xiaomi 11 Ultra (12/256GB) – White 
China Imported
Fully Fresh Condition
No issues
Never opened/Repaired
No parts changed
You can check thoroughly if you want
No security issues
Can be done with Stamp/Deed if you want
Price: Almost Fixed
Inbox if interested."
Xiaomi Redmi Note 13 512 GB Black,26999,Used,"Dhaka, Mohammadpur",26/09,https://bikroy.com/mohammadpur/mobile-phones/xiaomi-redmi-note-13-512-gb-black-zsjQuHl1L68AEdh8RYjCWSz6.html,4,2026-10-03T09:32:45.646472+00:00,individual,"There is not the slightest problem with the phone. My elder brother sent me an iPhone from abroad, which is why I am selling this. Very good condition and fresh looking."
Xiaomi Redmi Note 13 Pro+ 256 GB Red,22500,Used,"Dhaka, Savar",2 days ago,https://bikroy.com/savar/mobile-phones/xiaomi-redmi-note-13-pro-256-gb-red-txDH1pLPD61QU9vvTSMAMljb.html,3,2026-10-03T09:32:46.364619+00:00,individual,"The phone's box, charger, and everything are original. There is only one issue: the display was changed and a market-original display was installed, which cost 6500 for the display price. The fast fingerprint works, it runs very smartly, and the phone runs very smoothly."
Xiaomi Civi 1S 256 GB,16999,Used,"Dhaka, Banglamotor",6 hours ago,https://bikroy.com/banglamotor/mobile-phones/xiaomi-civi-1s-256-gb-2X4eqaJIzEWJ1uin3jIuR2pe.html,5,2026-10-03T09:32:46.957883+00:00,individual,"ফারাজ টেলিকম 
শপ  নং ২০৫, নাহার প্লাজা, 
হাতিরপুল, বাংলামোটর,ঢাকা

প্রতিটা ফোনের সাথে পাবেন ১০ দিনের রিপ্লেসমেন্ট গ্যারান্টি ২ বছরের সার্ভিস ওয়ারেন্টি।"
Xiaomi Redmi 13 128 GB Black,16000,Used,"Dhaka, Baridhara",7 hours ago,https://bikroy.com/baridhara/mobile-phones/xiaomi-redmi-13-128-gb-black-pzAAjD0ZfrpYbTgIIC8vnySC.html,4,2026-10-03T09:32:47.598422+00:00,individual,"Redmi 13, without box, full fresh condition."
New Xiaomi Civi 3 512 GB Blue,22990,Brand New,"Dhaka, Mohammadpur",59 min ago,https://bikroy.com/mohammadpur/mobile-phones/new-xiaomi-civi-3-512-gb-blue-hL7vLG8q4hzlM6zxPl5yw2Gn.html,4,2026-10-03T09:32:48.258333+00:00,individual,"REDMI CIVI 3
RAM: 12GB
ROM: 512GB
Display: 6.55"" AMOLED 120Hz
Camera: 50MP + 8MP + 2MP
Battery: 4500mAh
 Enjoy a 7-day replacement guarantee
2 years free service warranty
 Mobile Plaza
Shop No. 13 & 14, 2nd Floor, Shyamoli Tower Complex, Shyamoli Bus Stand, Shyamoli, Mohammadpur, Dhaka
(Beside Shyamoli Footover Bridge)
 MobilePlaza.com.bd"
Xiaomi Redmi Note 13 128 GB Silver,16500,Used,"Dhaka, Jatrabari",1 hour ago,https://bikroy.com/jatrabari/mobile-phones/xiaomi-redmi-note-13-128-gb-silver-lcNFswgnAoYbFDqc7KFrndOx.html,3,2026-10-03T09:32:48.801168+00:00,individual,"Redmi note 13.
Ram - 6 gb.
Rom - 128 gb.
Full box."
Xiaomi Civi 3 256 GB Blue,21000,Used,"Dhaka, Savar",22/09,https://bikroy.com/savar/mobile-phones/xiaomi-civi-3-256-gb-blue-BlZjSJ68N2aLwMgBqe1gBK2g.html,3,2026-10-03T09:32:49.401450+00:00,individual,"My elder brother sent this phone from abroad, so I am selling it. The charger will be provided with it, and an ID card can be given as necessary documentation, along with any security you may ask for."
Xiaomi Redmi Note 15 128 GB,24500,Used,"Dhaka, Savar",28/09,https://bikroy.com/savar/mobile-phones/xiaomi-redmi-note-15-128-gb-mBPdYmaBHVS4NK6OCsEMQkB4.html,3,2026-10-03T09:32:50.010907+00:00,individual,"Assalamu Alaikum.
Redmi Note 15 4G – 6GB RAM / 128GB ROM for sale
 Phone in absolute Fresh Condition
 No issues
 Original Box + Charger + Accessories will be included
 Official Bangladesh Unit
 You can inspect and purchase in person
 Price: ৳24,500 (Negotiable)
 Location: Dhamrai, Dhaka
Serious buyers only, please contact."
Xiaomi Mi 11 Ultra 256 GB Black,27000,Used,"Dhaka, Demra",15 hours ago,https://bikroy.com/demra/mobile-phones/xiaomi-mi-11-ultra-256-gb-black-tKvkGroxcBDddmUQntpIR3Tw.html,3,2026-10-03T09:32:50.503987+00:00,individual,"This phone has been gently used with a single hand.
There are no problems whatsoever.
It hasn't been used for long.
If you are looking for a phone specifically for an amazing camera experience, this is the one for you.
Gaming performance is also super fast.
I am selling it simply because I bought a new phone.
It comes with just the phone and cash memo; nothing else is included.
Contact: )
 
Feel free to call me if you want to purchase it. Show more"
Xiaomi Redmi Note 14 Pro 5G 256 GB White,26500,Used,"Dhaka, Jatrabari",17 min ago,https://bikroy.com/jatrabari/mobile-phones/xiaomi-redmi-note-14-pro-5g-256-gb-white-q7jzgdiMlisGRuTWdnAJFTSD.html,3,2026-10-03T09:32:51.163446+00:00,individual,"Redmi note 14 pro 5g.
Ram - 12 gb.
Rom - 256 gb.
Full box."
Xiaomi Civi 2 256 GB,21990,Used,"Dhaka, Savar",4 hours ago,https://bikroy.com/savar/mobile-phones/xiaomi-civi-2-256-gb-aU5853DRlZ7tuJ0rOeX052U4.html,5,2026-10-03T09:32:51.845777+00:00,individual,"The Xiaomi CIVI 2 is a perfect combination of attractive design and great performance. The phone has been used with extreme care; there are no scratches or dents on the body. It is in fresh, like-new condition.
 Location: Savar Nabinagar Sena Shopping Complex, Shop No. D43
Genuine buyers please inbox or call directly. Please do not bargain unnecessarily. Thank you!"
New Xiaomi Civi 1S 256 GB,16990,Brand New,"Dhaka, Mohammadpur",39 min ago,https://bikroy.com/mohammadpur/mobile-phones/new-xiaomi-civi-1s-256-gb-oMVixP3iFAj77nKGsTiEeFX6.html,5,2026-10-03T09:32:52.200975+00:00,individual,"8+128 GB=16990/=
12+256 GB=18990/=
Xiaomi Civi-1
7 Days Replacement Guarantee 2 Years Free Service Warranty 
No scratches or dirt 
Looks like new
Used abroad 
Our Address 

Mobile Plaza 
Shyamoli Tower Complex Market 
2nd Floor, Shop No. 13, 14
Market right beside Shyamoli Bus Stand and Foot Overbridge 
Shyamoli Mohammadpur Dhaka"
Xiaomi Redmi Note 14 Pro+ 5G 256 GB White,27999,Used,"Dhaka, Jatrabari",22 min ago,https://bikroy.com/jatrabari/mobile-phones/xiaomi-redmi-note-14-pro-5g-256-gb-white-uDQ2EtTvU83IoOxayjHbF6rF.html,3,2026-10-03T09:32:52.754511+00:00,individual,"Redmi note 14 pro plus. 
Ram - 12 gb.
Rom - 256 gb.
Full box."
Samsung Galaxy S23 Ultra 256 GB Gray,50000,Used,"Rajshahi, Vodra",26/09,https://bikroy.com/vodra/mobile-phones/samsung-galaxy-s23-ultra-256-gb-gray-dbSQ373Fd56rDStqUn0HZ3ka.html,4,2026-10-03T09:32:53.256173+00:00,individual,"Everything is okay, showroom condition 100% fresh. Check and test it out before taking. 100% security assured."
Samsung Galaxy S25 Ultra 256 GB Black,90000,Used,"Rajshahi, Nawdapara",23/09,https://bikroy.com/nawdapara/mobile-phones/samsung-galaxy-s25-ultra-256-gb-black-lgQLczXQosCJ2EqXJ47flr7Y.html,3,2026-10-03T09:32:53.763392+00:00,individual,"1000% Fresh. Showroom condition. Not a single hair-line scratch. Laminated with poly since the time of purchase. Comes with the original charger.
Check and test it for as long as you want.
Whatever you ask for security purposes will be provided.
Call directly if you want to"
Samsung Galaxy S24 Ultra 256 GB White,87000,Used,"Rajshahi, Shaheb Bazar",6 hours ago,https://bikroy.com/shaheb-bazar/mobile-phones/samsung-galaxy-s24-ultra-256-gb-white-p7bmoGm97s1ouC3sSJuomc5V.html,4,2026-10-03T09:32:54.193308+00:00,individual,"Samsung S25 ultra 
12 / 256 
Super condition 
7 days replacement guarantee  
1 year service waranty  
#exchange possible 
Our Address :
Smart Choice , Shop No. 211 , 
City center , Beside of Rajshahi College , Sonadigir mor Rajshahi
Call for any details:"
Samsung Galaxy S24 256 GB Yellow,49500,Used,"Rajshahi, Paba",23/09,https://bikroy.com/paba/mobile-phones/samsung-galaxy-s24-256-gb-yellow-9TEz3URCrakCCKO3t3ED7bgg.html,5,2026-10-03T09:32:54.801523+00:00,individual,"Full fresh condition, no problems at all. Everything is original. Bought six months ago for 53,000, cash memo is available. Selling because I need money. The phone performance is totally top-notch.
Asking price-49,500/-(only phone)
Charger and power bank are available. If you take the phone, I will let those go at a 50% discount."
Samsung Galaxy S23 Ultra 256 GB Blue,65500,Used,"Rajshahi, Uposahar",13 hours ago,https://bikroy.com/uposahar/mobile-phones/samsung-galaxy-s23-ultra-256-gb-blue-pWQKEpgMrZhCqCUtSL8UDQZN.html,5,2026-10-03T09:32:55.400429+00:00,individual,"Exchange possible with iPhone 16 pro max 
98% fresh condition."
Samsung Galaxy S24 Ultra 256 GB Gold,72000,Used,"Rajshahi, Kadirgonj",7 hours ago,https://bikroy.com/kadirgonj/mobile-phones/samsung-galaxy-s24-ultra-256-gb-gold-8KEL3eEgbxifCQjsARsF0JDD.html,5,2026-10-03T09:32:56.012970+00:00,individual,"Assalamu Alaikum Warahmatullahi Wabarakatuh
Fresh condition
Box: Only Device
Cash Memo: Available
Replacement Guarantee: Get up to 7 days (conditions apply)
Location: Rajshahi Kadirganj Chalpotti, beside Large Farmer, behind Swapnochura Plaza Nagar Bhaban.
Shop No: 123 - Ground floor beside lift
Shop Name: Rajshahi Mobile Bari 019XXXXXXXX"
Samsung Galaxy S24 Ultra 256 GB Blue,75000,Used,"Rajshahi, Uposahar",2 days ago,https://bikroy.com/uposahar/mobile-phones/samsung-galaxy-s24-ultra-256-gb-blue-AXzGVaN0503mlpEfaQNn27TF.html,3,2026-10-03T09:32:56.648803+00:00,individual,"Full fresh, completely like new. You won't even be able to tell it's a used phone."
Samsung Galaxy S24 Ultra 256 GB Black,72000,Used,"Rajshahi, Paba",29/09,https://bikroy.com/paba/mobile-phones/samsung-galaxy-s24-ultra-256-gb-black-dqSyw31ieoWZMjclyTFJY4Fn.html,4,2026-10-03T09:32:57.400256+00:00,individual,"The condition of the phone is very good, there are no problems. Comes with the Original Box.
Location: Katakhali, Rajshahi."
New Samsung Galaxy S24 Ultra 256 GB Black,70000,Brand New,"Rajshahi, Rajpara",23/09,https://bikroy.com/rajpara/mobile-phones/new-samsung-galaxy-s24-ultra-256-gb-black-C5nNwcTigbQ8QaUIYwE6ymyQ.html,5,2026-10-03T09:32:58.252652+00:00,individual,"Very good condition
Performance is completely top-notch"
Samsung Galaxy S25 Ultra 256 GB Gray,85000,Used,"Rajshahi, Shaheb Bazar",2 days ago,https://bikroy.com/shaheb-bazar/mobile-phones/samsung-galaxy-s25-ultra-256-gb-gray-hsrLZop71cSUFp5XUvwdkFZB.html,4,2026-10-03T09:32:59.397921+00:00,individual,"Full fresh top notch, no spot like new
12/256
Purchased from Gadget Ultimate.
Memo + Phone
Phone :"
Samsung Galaxy Z Fold 5 512 GB Black,50000,Used,"Rajshahi, Hatemkha",03/09,https://bikroy.com/hatemkha/mobile-phones/samsung-galaxy-z-fold-5-512-gb-black-7QsCSHU9qxgDFgtSqDGaGbg9.html,4,2026-10-03T09:32:59.558435+00:00,individual,samsung z fold 5 12/512 all ok location rajshahi jekono sequrity dewa jabe   vlo phon pele exchange kora jbe
Samsung Galaxy S24 Ultra 256 GB Silver,78000,Used,"Rajshahi, Shaheb Bazar",29/09,https://bikroy.com/shaheb-bazar/mobile-phones/samsung-galaxy-s24-ultra-256-gb-silver-1JoojejbPNNMuQ3Y7dXGUOEk.html,5,2026-10-03T09:32:59.909321+00:00,individual,Fresh phone.. No problem.... All parts original... Will provide NID card for security
Samsung Galaxy S23 Ultra 256 GB Gray,52000,Used,"Rajshahi, Kazla",05/09,https://bikroy.com/kazla/mobile-phones/samsung-galaxy-s23-ultra-256-gb-gray-dDvoPueMFVcMhgJnE6FVep3b.html,3,2026-10-03T09:33:00.604052+00:00,individual,100% fress dakhe niben
Samsung Galaxy S24 Ultra 256 GB Silver,71000,Used,"Rajshahi, Kadirgonj",7 hours ago,https://bikroy.com/kadirgonj/mobile-phones/samsung-galaxy-s24-ultra-256-gb-silver-sJppHyTsbzJ0Ks7VIoYFGSaD.html,5,2026-10-03T09:33:01.204076+00:00,individual,"Assalamu Alaikum wa Rahmatullahi wa Barakatuh
Fresh Condition
Box: Only Device
Cash Memo: Available
Replacement Guarantee: Get up to 7 days (conditions apply)
Location: Rajshahi Kadirganj Chalpotti, beside Large Farmer, behind Swapnochura Plaza Nagar Bhaban.
Shop No: 123 - Ground Floor beside the lift
Shop Name: Rajshahi Mobile Bari 019XXXXXXXX"
Samsung Galaxy S20 FE 128 GB Black,25000,Used,"Rajshahi, Chhota Banagram",24/09,https://bikroy.com/chhota-banagram/mobile-phones/samsung-galaxy-s20-fe-128-gb-black-sgyURJvzLIEmKnmnzaYpcxHf.html,5,2026-10-03T09:33:01.612543+00:00,individual,"This phone is very good, this phone is in very fresh condition."
Samsung Galaxy A35 128 GB Pink,18500,Used,"Rajshahi, Boalia",26/09,https://bikroy.com/boalia/mobile-phones/samsung-galaxy-a35-128-gb-pink-paYQDgZdZBWibHQ9C1rI288r.html,5,2026-10-03T09:33:02.350578+00:00,individual,"Samsung Galaxy A35 5G everything is original. Only settings won't Reset. Indian installment locked phone. There is no box or charger with the phone. It is in completely fresh condition. I need money, so I will sell it urgently."
Samsung Galaxy S20 FE 5G 128 GB Blue,19000,Used,"Rajshahi, Shaheb Bazar",2 hours ago,https://bikroy.com/shaheb-bazar/mobile-phones/samsung-galaxy-s20-fe-5g-128-gb-blue-pTCUV6lut5loUXBjdzBlCWyo.html,5,2026-10-03T09:33:02.662095+00:00,individual,"Full fresh phone, to know details please call at 014XXXXXXXX"
Samsung Galaxy S21 5G 256 GB Purple,22000,Used,"Rajshahi, Motihar",25/09,https://bikroy.com/motihar/mobile-phones/samsung-galaxy-s21-5g-256-gb-purple-5Db29E34KKOPkChXveRN45ba.html,5,2026-10-03T09:33:03.209379+00:00,individual,টাকার দরকার এজন্য সেল দিচ্ছি ফোন দেখতে হলে অবশ্যই লোকেশনে এসে দেখেশুনে চেক করে নিয়ে যাবেন ধন্যবাদ
Samsung Galaxy F55 128 GB Black,22000,Used,"Rajshahi, Godagari",29/09,https://bikroy.com/godagari/mobile-phones/samsung-galaxy-f55-128-gb-black-is4YTzq0mASmgOcoURiu5Lt8.html,3,2026-10-03T09:33:03.711031+00:00,individual,"Full address, Kakanhat, Godagari, Rajshahi"
Samsung Galaxy S20+ 5G 128 GB Blue,30000,Used,"Rajshahi, Uposahar",27/09,https://bikroy.com/uposahar/mobile-phones/samsung-galaxy-s20-5g-128-gb-blue-iHJjgyvSnKyvj8eVSZ39WTiq.html,3,2026-10-03T09:33:04.345165+00:00,individual,"Everything in the phone is all OK. Only the back panel is cracked due to dropping from the hand. The phone was bought officially. However, the box and charger are lost."
Samsung Galaxy S23 Ultra 256 GB White,46000,Used,"Rajshahi, Kazla",17/09,https://bikroy.com/kazla/mobile-phones/samsung-galaxy-s23-ultra-256-gb-white-fMZ8reZ7xZbSVa18OiBdY65W.html,5,2026-10-03T09:33:05.056720+00:00,individual,"Device Description
Model: Samsung Galaxy S23 Ultra 5G (Indian Variant)
RAM & Storage: 12GB RAM / 256GB Storage
Color: Cream
Condition: Absolutely fresh, no major scratches or dents (used with cover and glass protector).
Performance: Camera, display, S-Pen, speaker and battery 100% OK.
Price: 46,000 Taka
Location: Rajshahi,
Contact 017XXXXXXXX"
Samsung Galaxy S20 Ultra 5G 128 GB Black,23990,Used,"Rajshahi, Shaheb Bazar",11/09,https://bikroy.com/shaheb-bazar/mobile-phones/samsung-galaxy-s20-ultra-5g-128-gb-black-nyYF4vcbRnEqThfGqCCq8bNv.html,4,2026-10-03T09:33:05.560763+00:00,individual,"No issues with this phone.

WhatsApp only at 014XXXXXXXX"
Samsung Galaxy S21 FE 5G 128 GB Purple,18000,Used,"Rajshahi, Tanore",28/09,https://bikroy.com/tanore/mobile-phones/samsung-galaxy-s21-fe-5g-128-gb-purple-xjRNa6B7hU1wYRRXp4n4rHcb.html,5,2026-10-03T09:33:06.203233+00:00,individual,"Model: Samsung S21 FE
RAM & ROM: 8/128
Completely fresh phone, all parts original. Only has cover usage marks on the body. Apart from that, there are no issues. You can check thoroughly before buying. NID can be provided as security.
Location: Tanore, Rajshahi"
Samsung Galaxy S22 Ultra 256 GB Pink,25000,Used,"Rajshahi, Mohanpur",28/09,https://bikroy.com/mohanpur/mobile-phones/samsung-galaxy-s22-ultra-256-gb-pink-7ZzlPupDZFm4RvwsQBU333tp.html,4,2026-10-03T09:33:06.849548+00:00,individual,"The phone's motherboard has a dead issue, everything else is okay."
Samsung Galaxy S24 FE 128 GB,38000,Used,"Rajshahi, Shaheb Bazar",2 days ago,https://bikroy.com/shaheb-bazar/mobile-phones/samsung-galaxy-s24-fe-128-gb-eZrto1XaFt1fc9s2ZRNwFn9G.html,5,2026-10-03T09:33:07.308577+00:00,individual,The phone's internal performance is 100/100. There are no scratches on the phone's body. You can inspect and purchase the phone in person while standing there. The phone's color is stunning. The phone's battery backup is top-notch.
New Samsung Galaxy S23 FE 256 GB Black,35000,Brand New,"Rajshahi, Nawdapara",27/09,https://bikroy.com/nawdapara/mobile-phones/new-samsung-galaxy-s23-fe-256-gb-black-n3ceqKdAhlUSUslWmzM35gBH.html,5,2026-10-03T09:33:08.109197+00:00,individual,Used for 4 months
New Samsung Galaxy A15 5G 256 GB White,18999,Brand New,"Rajshahi, Vodra",4 hours ago,https://bikroy.com/vodra/mobile-phones/new-samsung-galaxy-a15-5g-256-gb-white-khjzStvu9IVYXPSkuoRxP6hS.html,5,2026-10-03T09:33:08.662312+00:00,individual,"Experience smart design and incredible performance with the Samsung A15, your perfect choice.

Limited stock – first come, first served!
Our Address: Baneswar Shibpur Hat, Puthia, Rajshahi
100% Trustworthiness
Right price, right product
FAHIM mobile zone, your trusted mobile shop"
Samsung Galaxy S23 FE 128 GB,27500,Used,"Rajshahi, Shaheb Bazar",16/09,https://bikroy.com/shaheb-bazar/mobile-phones/samsung-galaxy-s23-fe-128-gb-7DcwWhEawXDOpdQwnYWreXH6.html,5,2026-10-03T09:33:09.161763+00:00,individual,"Exchange with iPhone 12 Pro bypass 
Or 
iPhone 13 bypass 
Battery Health 85+"
Samsung Galaxy S25 Ultra 256 GB Blue,103000,Used,Chattogram,11/05,https://bikroy.com/chattogram/mobile-phones/samsung-galaxy-s25-ultra-256-gb-blue-wBM6eUgeyaTvVHJYvkIn3vle.html,3,2026-10-03T09:33:09.759973+00:00,individual,Brand new condition. Not a single scratch. Used for three months. Box and cable included. You must come to my residence for the location. Price is almost fixed.
Samsung Galaxy S24 Ultra 256 GB Silver,86000,Used,"Chattogram, Double Mooring",25/06,https://bikroy.com/double-mooring/mobile-phones/samsung-galaxy-s24-ultra-256-gb-silver-8PXh2Gu03AJT1bB0ruDMJrMv.html,5,2026-10-03T09:33:10.492003+00:00,individual,Comes with the original charging cable (unused) and 4 premium covers.
Samsung Galaxy Z Flip6 512 GB White,130000,Used,"Chattogram, Mirsharai",08/08,https://bikroy.com/mirsharai/mobile-phones/samsung-galaxy-z-flip6-512-gb-white-4YS26EPVWOGhTN4W2Scx1hHv.html,3,2026-10-03T09:33:10.896723+00:00,individual,"Used for two months, still fully fresh, no problems with the mobile, like new"
New Samsung Galaxy S25 Ultra 256 GB Black,99999,Brand New,"Chattogram, CDA Avenue",6 hours ago,https://bikroy.com/cda-avenue/mobile-phones/new-samsung-galaxy-s25-ultra-256-gb-black-dQ7YRE6nbI0M4sGPgYb5KYy9.html,3,2026-10-03T09:33:11.609568+00:00,individual,"Brand new Intech box! 
12GB/256GB
Black color

ক্রেডিট কার্ড এর মাধ্যমে ২০ টির অধিক ব্যাংকে ৩৬ মাস পর্যন্ত EMI এর সুবিধা রয়েছে। (*শর্ত প্রযোজ্য*)"
Samsung Galaxy Z Fold 6 (12/256) SILVER INTACT (Brand New),150000,Brand New,"Chattogram, Chawkbazar",3 hours ago,https://bikroy.com/chawkbazar/mobile-phones/samsung-galaxy-z-fold-6-12-256-silver-ntact-brand-new-xrm71kM0G8kG1ttk54QkJyb2.html,0,2026-10-03T09:33:12.241871+00:00,individual,"🔳 INTACT SEAL PACK. DUAL SIM 🔳 Storage: 12/256GB 🔳 Colour: SILVER ◾ Box And Original Cable 🔰 Our Speciality: ◾Original & Non-Refurbished Product ◾Emi Facilities Available* ◾Accept Visa, Master Card ◾Delivery Facility inside & Outside ctg. ◾Phone Exchange Facilities* ◾ All Products Original And Genuine. ◾Our All Product 7 Days replacement And 1 year Service Warranty 🔰 Our Showroom Address: Rony Enterprise (Since 2007), Bali Arcade Shopping Center, 4th Floor, Shop no 03 (infront of chawkbazar Post Office), Sirajuddula Road, Chawkbazar, Chattogram Show more"
Samsung Galaxy S24 Ultra 512 GB Gold,83000,Used,"Chattogram, Nasirabad",13/07,https://bikroy.com/nasirabad/mobile-phones/samsung-galaxy-s24-ultra-512-gb-gold-dxEOFOvZ25AlGnrzJxS32fYG.html,3,2026-10-03T09:33:12.912469+00:00,individual,"Full box given 
12/512 
Vietnam variant
A very little dot in the screen otherwise all ok no scratch"
Samsung Galaxy S24 Ultra (Used),90000,Used,"Chattogram, Khulshi",23/04,https://bikroy.com/khulshi/mobile-phones/samsung-galaxy-s24-ultra-used-7CO4BEAXvKuCTvUK7J1NNbx6.html,3,2026-10-03T09:33:13.347784+00:00,individual,"100% fresh.
Full boxed. Not a single spot. Original cable.
With premium phone case."
Samsung Galaxy S24 Ultra 256 GB Silver,79000,Used,"Chattogram, Kotwali, Chattogram",20/07,https://bikroy.com/kotwali/mobile-phones/samsung-galaxy-s24-ultra-256-gb-silver-aQUrdG3t6ifUqQH27YqbQyQq.html,3,2026-10-03T09:33:13.909488+00:00,individual,No issues. Everything is original. The mobile has a screen protector and a lens protector applied. The memo will be provided with the mobile. You must come to the location to pick up the mobile.
Samsung Galaxy S24 Ultra 256 GB Gray,80000,Used,"Chattogram, Kotwali, Chattogram",09/09,https://bikroy.com/kotwali/mobile-phones/samsung-galaxy-s24-ultra-256-gb-gray-gcyFfIPIhuTAarznCVVyoFMf.html,3,2026-10-03T09:33:14.563934+00:00,individual,"Contract - 
(Wp)
Used
Condition
No cracks
Physical Condition
256 GB
Internal Storage
12 GB
Ram
No
Card Slot
Triple 200 MP / 50 MP / 10 MP
Main Camera
12 MP
Selfie Camera
6.8 inches
Screen Size
1440 x 3120
Resolution
AMOLED
Display Type
Dual Nano-SIMs and eSIM
SIM
Android
Operating System
5000 mAh
Battery
Gray
Color"
Samsung S26 ULTRA 12/256 NEW (Brand New),138000,Brand New,"Chattogram, Chawkbazar",4 hours ago,https://bikroy.com/chawkbazar/mobile-phones/samsung-s26-ultra-12-256-new-brand-new-2WxjmLrCfvcfsaNHyOY3dzvR.html,0,2026-10-03T09:33:15.196488+00:00,individual,"🔳 INTACT SEAL PACK 
🔳 Storage: 12/256GB
🔳 Colour: BLUE
◾ Box And Original Cable


🔰 Our Speciality......................................

◾Original & Non-Refurbished Product
◾Emi Facilities Available*
◾Accept Visa, Master Card
◾Delivery Facility inside & Outside ctg.
◾Phone Exchange Facilities*
◾Our All Product 7 Days replacement And 1 year Service Warranty



🔰 Our Showroom Address:


Rony Enterprise (Since 2007)
Bali Arcade Shopping Center
4th Floor, Shop no 03(infront of chawkbazar Post Office
Sirajuddula Road, Chawkbazar, Chattogram Show more"
Samsung Galaxy Z Fold 6 (12/256) DUAL SIM BOX (Used),120000,Used,"Chattogram, Chawkbazar",4 hours ago,https://bikroy.com/chawkbazar/mobile-phones/samsung-galaxy-z-fold-6-12-256-dual-sim-box-used-zcU1KIkG3VDPt1bIhFEOOgY4.html,2,2026-10-03T09:33:15.707216+00:00,individual,"🔳 Used abroad for 2/3 months. As good as new condition.
🔳 Storage: 12/256GB
🔳 Colour: Silver
◾ Box and original cable included

🔰 Our Speciality......................................

◾ Original & Non-Refurbished Product
◾ EMI Facilities Available*
◾ Accept Visa, Master Card
◾ Delivery facility inside & outside Chattogram
◾ Phone exchange facilities*
◾ All products are original and genuine.
◾ 7-day replacement and 1-year service warranty on all products

🔰 Our Showroom Address:

Rony Enterprise (Since 2007)
Bali Arcade Shopping Center
4th Floor, Shop no 03 (in front of Chawkbazar Post Office)
Sirajuddula Road, Chawkbazar, Chattogram Show more"
Samsung Galaxy S24 Ultra 256 GB Silver,83000,Used,"Chattogram, Agrabad",09/05,https://bikroy.com/agrabad/mobile-phones/samsung-galaxy-s24-ultra-256-gb-silver-kh0pyyOSp9vMh32h4kTV7h0k.html,3,2026-10-03T09:33:16.108582+00:00,individual,"• Full fresh - not a single scratch
• Full box available (IMEI & Serial. matched)
• 12GB RAM / 256GB Storage
• Official phone
• First owner (personal use)
• Price fixed
• With original 45W adapter + cable
Serious buyers only inbox me."
Samsung Galaxy S24 Ultra 256 GB Black,85000,Used,"Chattogram, Agrabad",19/07,https://bikroy.com/agrabad/mobile-phones/samsung-galaxy-s24-ultra-256-gb-black-6tG5zsRVYCqTAF5F626HmuwZ.html,5,2026-10-03T09:33:16.507819+00:00,individual,Phone like new. No repair history. Box nai but any kind of security dewa Jabe. Everything works perfectly.Location must.
Samsung Galaxy S25+ 12/256GB FULL BOX (Used),85000,Used,"Chattogram, Chawkbazar",3 hours ago,https://bikroy.com/chawkbazar/mobile-phones/samsung-galaxy-s25-12-256gb-full-box-used-uRUdDTM73SzH6xroD0NgA4Pf.html,0,2026-10-03T09:33:16.990613+00:00,individual,"🔳 TWO MONTH USED ONLY AS LIKE AS NEW CONDITION
🔳 Storage: 12/256gb
🔳 Colour: SILVER
◾ Original Cable AND BOX

🔰 Our Speciality......................................

◾Original & Non-Refurbished Product
◾Emi Facilities Available*
◾Accept Visa, Master Card
◾Delivery Facility inside & Outside ctg.
◾Phone Exchange Facilities*
◾ All Products Original And Genuine.
◾Our All Product 7 Days replacement And 1 year Service Warranty



🔰 Our Showroom Address:


Rony Enterprise (Since 2007)
Bali Arcade Shopping Center
4th Floor, Shop no 03(infront of chawkbazar Post Office
Sirajuddula Road, Chawkbazar, Chattogram Show more"
Samsung Galaxy S26+ 256 GB White,95000,Used,"Chattogram, Chawkbazar",1 hour ago,https://bikroy.com/chawkbazar/mobile-phones/samsung-galaxy-s26-256-gb-white-6umLXyE1pBcY3nttEPkxjkSE.html,3,2026-10-03T09:33:17.755370+00:00,individual,"Samsung S26 Plus
12/256
with box
White colour
Few days Used."
New Samsung Galaxy s26 256 GB,114999,Brand New,"Chattogram, CDA Avenue",6 hours ago,https://bikroy.com/cda-avenue/mobile-phones/new-samsung-galaxy-s26-256-gb-mkbvfDnmZI7W37nvy1yxJadN.html,4,2026-10-03T09:33:18.402680+00:00,individual,"Display: 6.9"" QHD+ Dynamic LTPO AMOLED 2X, 120Hz, HDR10+, 2600 nits (peak)
Processor: Snapdragon 8 Elite Gen 5, 
Camera: 200MP Wide, 50MP Ultrawide, 10MP 3x, 50MP 5x Telephoto, 12MP Selfie, 8K video recording
Battery: Li-Ion 5000 mAh battery,
Enjoy EMI facilities up to 36 months through credit cards from over 20 banks. (*Conditions apply*)"
Samsung Galaxy S24 512 GB Black,84990,Used,"Chattogram, CDA Avenue",3 hours ago,https://bikroy.com/cda-avenue/mobile-phones/samsung-galaxy-s24-512-gb-black-dJz194axAQNfQVFkz3a2lh5l.html,2,2026-10-03T09:33:18.855847+00:00,individual,"Samsung Galaxy S24 Ultra (12GB / 512GB). Only used for a few months. Ready stock. Get 20% extra trade-in value for your old phone! Warranty benefits: 15-day replacement guarantee, lifetime service warranty. Call now: Finlay Square, Level-4, Shop-406, 2 No Gate, Nasirabad, Chattogram"
Samsung Galaxy A52 5G 128 GB Blue,25000,Used,"Chattogram, Chawkbazar",27/09,https://bikroy.com/chawkbazar/mobile-phones/samsung-galaxy-a52-5g-128-gb-blue-3jucFhvo2qh1ePYcFH1AvThP.html,5,2026-10-03T09:33:19.555061+00:00,individual,"No box... only device... There are minor scratches, check and take... possible only inctg... Rahattarpul, ctg... Bought it for 45k when I bought it new"
Samsung Galaxy S25 512 GB Blue,70000,Used,"Chattogram, Sitakunda",10/09,https://bikroy.com/sitakunda/mobile-phones/samsung-galaxy-s25-512-gb-blue-nB8QnLaUgmzxJ1YtfErK8Bbr.html,5,2026-10-03T09:33:20.260635+00:00,individual,"Samsung S25 12/512GB, only phone and cash memo.
Exchange only, no sale: Samsung S24 Ultra / iPhone 15 Pro / Vivo X200 Pro Global variant.
The mobile has not a single spot of issue, fully fresh with lamination, check as much as you like. The mobile was bought from abroad so the box couldn't be brought, but cash memo is available.
Don't bother with unnecessary lowball offers, inbox if you really want to buy."
Samsung Galaxy A35 128 GB Rose Gold,23500,Used,"Chattogram, Muradpur",6 hours ago,https://bikroy.com/muradpur/mobile-phones/samsung-galaxy-a35-128-gb-rose-gold-zWazxEKXz7vMJJvMer6BmmzD.html,3,2026-10-03T09:33:20.995987+00:00,individual,"Samsung galaxy A35 5G 
8/128
Full box... 
 সুবিধা:
 ১৫ দিনের রিপ্লেসমেন্ট গ্যারান্টি
 Device – 
 Shop No: 319, 3rd Floor (Lift 2 )
 CPDL RB Midtown Market, মুরাদপুর, চট্টগ্রাম (মক্কা হোটেলের পাশে)"
Samsung Galaxy S22 Ultra 256 GB Purple,33000,Used,"Chattogram, Patenga",20 hours ago,https://bikroy.com/patenga/mobile-phones/samsung-galaxy-s22-ultra-256-gb-purple-tUQH4BOPS8Rqm8dhRkwESO1h.html,3,2026-10-03T09:33:21.910091+00:00,individual,Fresh condition... Check and take at a fixed price
New Samsung Galaxy S24 Ultra 256 GB Blue,56000,Brand New,"Chattogram, Double Mooring",1 day ago,https://bikroy.com/double-mooring/mobile-phones/new-samsung-galaxy-s24-ultra-256-gb-blue-ddLGQcbGQUhQXQAEiSHXFOh2.html,4,2026-10-03T09:33:22.040966+00:00,individual,"Samsung s 24 ultra with box
256 gb
All okh
Note: Display change only.
Other okh
Location: East Madarbari, Chattogram 
Location must
Contact 015XXXXXXXX"
Samsung Galaxy A54 8/256 5G (Used),26999,Used,"Chattogram, Nasirabad",3 hours ago,https://bikroy.com/nasirabad/mobile-phones/samsung-galaxy-a54-8-256-5g-used-1FSqYe9SDaBHr0Mr4iaJorI.html,2,2026-10-03T09:33:22.662701+00:00,individual,"🔥 Budget King — Experience Smooth Daily Performance! 🔥

📱 Samsung Galaxy A54 8/256

⚡ 8GB RAM | 256GB Storage | 🔋 Enjoy Long-Lasting 5000mAh Battery | 📸 Capture Super Clear Photos

💰 Offer Price - 25,990 💥💥

🚚 Delivery Available | 🔄 Exchange Available | 💳 EMI Facilities Available

🛡️ 15-Day Replacement Guarantee | Lifetime Service Warranty

📞 

🌐 www.decentbd.com

📍𝐅𝐢𝐧𝐥𝐚𝐲 𝐒𝐪𝐮𝐚𝐫𝐞, Level-4, Shop-406, 2No Gate, Nasirabad, Chattogram

📍𝐅𝐢𝐧𝐥𝐚𝐲 𝐒𝐨𝐮𝐭𝐡 𝐂𝐢𝐭𝐲, Level-5, Shop-525, Bahaddarhat, Chattogram

#decentbd Show more"
New Samsung Galaxy S21 5G 128 GB Black,70000,Brand New,"Chattogram, Nasirabad",05/09,https://bikroy.com/nasirabad/mobile-phones/new-samsung-galaxy-s21-5g-128-gb-black-5Qt5ue2Pt56HOlEqR5jpmJwj.html,5,2026-10-03T09:33:23.160371+00:00,individual,New use hoi ni.box shoho ase. Deke check kore nite parbn.just colour deker jonno kula hoica
Samsung Galaxy S20 Ultra 256 GB Bronze,28500,Used,"Chattogram, Khulshi",29/09,https://bikroy.com/khulshi/mobile-phones/samsung-galaxy-s20-ultra-256-gb-bronze-6p3JyrBQB9VjgkWKLagSnXMo.html,5,2026-10-03T09:33:23.996315+00:00,individual,"Purchased in 2021. 
No box and charger. NID copy can be provided. 
There are cracks on the glass above the display and camera. 
Battery backup is moderate. 
Can write and work with a stylus. 
You can take it if you like it after seeing it. 
Bata Goli, GEC, Chattogram."
Samsung Galaxy S21 FE 5G 128 GB Blue,24000,Used,"Chattogram, Agrabad",3 hours ago,https://bikroy.com/agrabad/mobile-phones/samsung-galaxy-s21-fe-5g-128-gb-blue-k3bguO7oc0z9ll06t9JkuMyj.html,3,2026-10-03T09:33:24.508598+00:00,individual,"Set is in fully fresh condition. RAM 8GB, Storage 128GB. Comes with charger."
Samsung Galaxy S24 FE 256 GB Blue,41000,Used,"Chattogram, Agrabad",3 hours ago,https://bikroy.com/agrabad/mobile-phones/samsung-galaxy-s24-fe-256-gb-blue-b3KeII4Apy4JHQ68F0JlEU0U.html,3,2026-10-03T09:33:25.161386+00:00,individual,"Samsung S24 FE 5g
Set fully fresh conditions 
200% ok set 
Ram 8+128
With charger 
100% genuine phone... Not a single Security issue pls..."
Samsung Galaxy S24 Ultra 256 GB Gray,75990,Used,"Chattogram, CDA Avenue",4 hours ago,https://bikroy.com/cda-avenue/mobile-phones/samsung-galaxy-s24-ultra-256-gb-gray-BhbPjfr2kdancDStmRasDquV.html,3,2026-10-03T09:33:25.811170+00:00,individual,"S24 ultra 12/256 
Duel sim
full fresh 
14 days replacement gurranty 1year service warranty 
Decent,finlay square ,4th ,floor,406
call us 018XXXXXXXX"
Samsung Galaxy S24 8/128GB (Used),39999,Used,"Chattogram, Nasirabad",4 hours ago,https://bikroy.com/nasirabad/mobile-phones/samsung-galaxy-s24-8-128gb-used-dF0IxkzKrzprrV9m2eGOXgp4.html,0,2026-10-03T09:33:26.360492+00:00,individual,"🔥 Samsung Galaxy S24 — Compact Flagship Power! 🔥

⚡ 8GB RAM | 128GB Storage | 🔋 4000mAh Battery | 📸 Pro Grade Camera

✨ Full Fresh — Just Like Brand New

💰 Offer Price: 39,990/- 💥💥

🚚 Delivery Available | 🔄 Exchange Available | 💳 EMI Facilities Available

🛡️ 15-Day Replacement Guarantee | Lifetime Service Warranty

📞 

🌐 www.decentbd.com

📍𝐅𝐢𝐧𝐥𝐚𝐲 𝐒𝐪𝐮𝐚𝐫𝐞, Level-4, Shop-406, 2 No Gate, Nasirabad, Chattogram

📍𝐅𝐢𝐧𝐥𝐚𝐲 𝐒𝐨𝐮𝐭𝐡 𝐂𝐢𝐭𝐲, Level-5, Shop-525, Bahaddarhat, Chattogram Show more"
Samsung Galaxy A35 128 GB Pink,23990,Used,"Chattogram, Agrabad",4 hours ago,https://bikroy.com/agrabad/mobile-phones/samsung-galaxy-a35-128-gb-pink-uoH420XnoQFDCFqm5XQP5yAC.html,2,2026-10-03T09:33:27.054099+00:00,individual,"Set in fully fresh condition 
100% ok
Ram 8+128
With charger and cash memo"
Samsung Galaxy S23 Ultra 256 GB Rose Gold,42000,Used,"Chattogram, Pahartali",15/09,https://bikroy.com/pahartali/mobile-phones/samsung-galaxy-s23-ultra-256-gb-rose-gold-sDO2ZUM3WXE7Qp0kooIHd5HU.html,5,2026-10-03T09:33:27.593925+00:00,individual,"Samsung S23 Ultra 
Storage 256 GB 
Phone is in absolute fresh condition, used like new.
Just a small mark on the display caused by a key hit in the pocket... S Pen occasionally disturbs a bit, otherwise everything is okay...
Memo will be provided with the phone...
Must come to the location if you want to buy the phone."
Samsung Galaxy S24 FE 256 GB Green,41990,Used,"Chattogram, CDA Avenue",3 hours ago,https://bikroy.com/cda-avenue/mobile-phones/samsung-galaxy-s24-fe-256-gb-green-ndqYZArJqC3sCbjohh9M4aHv.html,3,2026-10-03T09:33:28.241467+00:00,individual,"📱 Samsung Galaxy S25 FE

✨ Experience Like-New Quality | Fully Fresh Condition

⚡ 8GB RAM | 256GB Storage | 📸 Flagship Camera | ✨ Premium Design

🛡️ Enjoy 15-Day Replacement Guarantee | Lifetime Service Warranty

📍Finlay Square, Level-4, Shop-406, 2 No Gate, Nasirabad, Chattogram"
Samsung Galaxy S23+ 256 GB Black,26000,Used,"Chattogram, Halishahar",22/09,https://bikroy.com/halishahar/mobile-phones/samsung-galaxy-s23-256-gb-black-kv1x9rIFviucJN2IFUD938lU.html,5,2026-10-03T09:33:29.011471+00:00,individual,"Selling my Samsung Galaxy S23 Plus, used for 1.5 years.
Key Specifications:
* Storage/RAM: 8GB RAM / 256GB ROM
* Processor: Snapdragon 8 Gen 2 for Galaxy"
Samsung Galaxy S24 Ultra 256 GB Black,75990,Used,"Chattogram, Chawkbazar",3 hours ago,https://bikroy.com/chawkbazar/mobile-phones/samsung-galaxy-s24-ultra-256-gb-black-5ora4ajEP6XBgOPqfVpEWN19.html,5,2026-10-03T09:33:29.707545+00:00,individual,"Samsung Galaxy S24 Ultra. Only few days used | Full fresh condition. 12GB RAM | 256GB Storage. Flagship Pro Camera. Premium Titanium Design. Super smooth performance. Price: 75,990৳"
Samsung Galaxy S25 256 GB Blue,54990,Used,"Chattogram, Chawkbazar",3 hours ago,https://bikroy.com/chawkbazar/mobile-phones/samsung-galaxy-s25-256-gb-blue-dzNdgdNrPt53YkTnY7uxnYS5.html,5,2026-10-03T09:33:30.395149+00:00,individual,"Samsung Galaxy S25 (12GB / 256GB). Used for only 1 month | Super clean condition. Warranty Benefits: 15-day replacement guarantee, Lifetime service warranty."
New Samsung Galaxy S26 256 GB,125999,Brand New,"Dhaka, Dhanmondi",6 hours ago,https://bikroy.com/dhanmondi/mobile-phones/new-samsung-galaxy-s26-256-gb-54WuA5W1vi7OFFYUFbSIGobS.html,4,2026-10-03T09:33:31.159371+00:00,individual,"Model: Samsung Galaxy S26 Ultra (SM-S948B/DS) - Dual SIM
Storage / RAM: 256GB ROM / 12GB RAM
Color: Cobalt Violet (Stunning, premium finish)
Origin: Made in Vietnam
Condition: 100% Brand New
Shop name: Tech Emporium
**Find us at:**
Shop 3104, Level 3, Shimanto Shambhar, Dhanmondi.
Call/WhatsApp: ** (Antor)**"
New Samsung Galaxy S25 Ultra 256 GB Graphite,85990,Brand New,"Dhaka, Khilgaon",6 hours ago,https://bikroy.com/khilgaon/mobile-phones/new-samsung-galaxy-s25-ultra-256-gb-graphite-5aywGvqDKNo7gGp9LSiFNgWh.html,5,2026-10-03T09:33:31.762526+00:00,individual,"12/256 GB
Brand new condition
Box available with original cable
Cash memo will be provided
Location: Khilgaon Paka Masjid Market, Shop 37, Dhaka
Contact for more details"
Samsung Galaxy S24 Ultra 256 GB Gray,77999,Used,"Dhaka, Bashundhara City",3 hours ago,https://bikroy.com/bashundhara-city/mobile-phones/samsung-galaxy-s24-ultra-256-gb-gray-u4gULggw4GCNAhuR2W74fX0B.html,5,2026-10-03T09:33:32.362083+00:00,individual,"Samsung Galaxy S24 Ultra — Authentic Titanium Gray
12GB RAM / 256GB Storage
Full Boxed
7 Days Replacement without display, parts & condition
Visit Our Shop
Basement-2, Shop No: 94
Basundhara City Shopping Complex
Panthapath Dhaka 1215
You will easily find our shop on your left hand side after getting down the escalator."
Samsung Galaxy S25 Ultra 256 GB White,88000,Used,"Dhaka, Savar",6 hours ago,https://bikroy.com/savar/mobile-phones/samsung-galaxy-s25-ultra-256-gb-white-1i0HcnNpprwDnaV89lvyrZ6u.html,4,2026-10-03T09:33:32.910546+00:00,individual,"Display:6.9′′ QHD+ Dynamic AMOLED 2X.
Resolution:3120 × 1440
Processor:Snapdragon 8 Elite for Galaxy.
RAM:12GB
Storage:256GB
Main Camera:200MP, OIS, f/1.7
Ultra-wide
50MP, f/1.9
Telephoto:50MP 5× Optical Zoom + 10MP 3× Optical Zoom
Front Camera:12MP
Video:সর্বোচ্চ 8K
Battery:5000mAh
Charging:
45W wired, wireless.
Android 15 + One UI 7
Network:5G"
Samsung Galaxy S25 Ultra 256 GB Gray,92000,Used,"Dhaka, Baridhara",7 hours ago,https://bikroy.com/baridhara/mobile-phones/samsung-galaxy-s25-ultra-256-gb-gray-BhTJYKJNxR4Nmy56kgeLHHSZ.html,5,2026-10-03T09:33:33.502695+00:00,individual,Full box and in pristine condition.
Samsung Galaxy S26 Ultra 5G 512 GB Purple,115999,Used,"Dhaka, Mohammadpur",40 min ago,https://bikroy.com/mohammadpur/mobile-phones/samsung-galaxy-s26-ultra-5g-512-gb-purple-C6chzML9zHtZFLUpt66iBe3I.html,4,2026-10-03T09:33:34.145157+00:00,individual,"Shop Name :Ab international 
Level -06 Shop number-(657,658)
Tokyo Square,Japan garden city, Mohammadpur
Call us for any question

👉 USED ফোন কিনে নিয়ে আর কোন দুশ্চিন্তা নয় কারণ আমরা দিচ্ছি ১০০% অরিজিনাল এবং অথেন্টিক ফোন। 
👉৭ দিনের মধ্যে কোনরকম প্রবলেম হলে রিপ্লেস করে দেওয়া হবে( Expect display issues)
👉এক বছরের ফ্রি সার্ভিস ওয়ারেন্টি"
Samsung Galaxy S25 Ultra 256 GB Silver,82990,Used,"Dhaka, Mirpur",4 hours ago,https://bikroy.com/mirpur/mobile-phones/samsung-galaxy-s25-ultra-256-gb-silver-BFMaaRPq4Ahd1vWA41j9S2EN.html,5,2026-10-03T09:33:34.755065+00:00,individual,">Adiva Telecom >
Shop No: 34, 3rd Floor, Baghdad Shopping Complex, Mirpur- 1, Dhaka- 1216...
The phone is 100% genuine and we offer a 7-day replacement guarantee and 1-year free service warranty. (Without Parts)
Free courier charge all over Bangladesh
Exchange offer. Discounted price.
100% fresh"
Samsung Galaxy S24 Ultra 256 GB Bronze,80000,Used,"Dhaka, Baridhara",4 hours ago,https://bikroy.com/baridhara/mobile-phones/samsung-galaxy-s24-ultra-256-gb-bronze-3WRG6Ye7jJ13UWZ7rjIZVVVw.html,3,2026-10-03T09:33:35.503460+00:00,individual,Samsung s24 Ultra Jamuna future park
Samsung Galaxy S24 Ultra 256 GB Gray,76000,Used,"Dhaka, Mirpur",26/09,https://bikroy.com/mirpur/mobile-phones/samsung-galaxy-s24-ultra-256-gb-gray-fDNy7UOH407yIlkbazUXbNnz.html,5,2026-10-03T09:33:36.260255+00:00,individual,"স্যামসাং এস২৪ আল্ট্রা একদম ফ্রেশ কন্ডিশন। একটি আঁচড়ও নেই
 র‍্যাম/রোম: ১২জিবি / ২৫৬
বক্স: অ্যাভেইলেবল
 ব্যাটারি: চমৎকার
 ডিসপ্লে ও ক্যামেরা: পারফেক্ট
 কোনো সমস্যা নেই — সবকিছু ১০০%
 মূল্য: ৳[৭৬০০০]
লোকেশন মিরপুর ২। লোকেশন থেকে নিতে হব{phone=০১৭১৭০৯২৫৩৫}"
New Samsung Galaxy Z Flip7 256 GB,97999,Brand New,"Dhaka, Bashundhara City",7 hours ago,https://bikroy.com/bashundhara-city/mobile-phones/new-samsung-galaxy-z-flip7-256-gb-fZNeUOyNH5E3Xz1NMCEwittK.html,3,2026-10-03T09:33:36.805626+00:00,individual,"10 days replacement guarantee
2 years service warranty
Safe courier facility across the country
Attractive exchange offers
Basement-1, Shop-84, Bashundhara City Shopping Mall
Prices are subject to change. Please contact us on WhatsApp before visiting."
Samsung Galaxy Z Fold7 512 GB Gray,131990,Used,"Dhaka, Mohammadpur",1 hour ago,https://bikroy.com/mohammadpur/mobile-phones/samsung-galaxy-z-fold7-512-gb-gray-aYXYoFAJH3Q1iiNyjHuIhKXW.html,5,2026-10-03T09:33:37.609311+00:00,individual,"Shop Name :Ab international 
Level -06 Shop number-(657,658)
Tokyo Square,Japan garden city, Mohammadpur
Call us for any question

👉 USED ফোন কিনে নিয়ে আর কোন দুশ্চিন্তা নয় কারণ আমরা দিচ্ছি ১০০% অরিজিনাল এবং অথেন্টিক ফোন। 
👉৭ দিনের মধ্যে কোনরকম প্রবলেম হলে রিপ্লেস করে দেওয়া হবে( Expect display issues)
👉এক বছরের ফ্রি সার্ভিস ওয়ারেন্টি"
Samsung Galaxy S24 Ultra 256 GB Gray,80000,Used,"Dhaka, Hazaribagh",3 hours ago,https://bikroy.com/hazaribagh/mobile-phones/samsung-galaxy-s24-ultra-256-gb-gray-boTeeZkvM3FuoPJ0UMPODeOi.html,5,2026-10-03T09:33:38.039391+00:00,individual,"RAM 12GB.
Set memory 256GB.
Comes with everything."
Samsung Galaxy S25 Ultra 512 GB White,102000,Used,"Dhaka, Baridhara",3 hours ago,https://bikroy.com/baridhara/mobile-phones/samsung-galaxy-s25-ultra-512-gb-white-zErySP9Rx83e90DWpP1HJZa0.html,3,2026-10-03T09:33:38.795082+00:00,individual,Samsung S25 Ultra available at Jamuna Future Park.
New Samsung Galaxy S25 Ultra 256 GB Silver,90000,Brand New,"Dhaka, Tongi",27/09,https://bikroy.com/tongi/mobile-phones/new-samsung-galaxy-s25-ultra-256-gb-silver-hn1QfWO10SzECwaS008PJopn.html,4,2026-10-03T09:33:39.254309+00:00,individual,"Assalamualaikum. I've only used it for 2 months. I bought it from Saudi Arabia. I came here for two months, but now my company is giving me an exit. Under these circumstances, I can't return to Saudi Arabia and need money immediately, which is why I want to sell my mobile phone. The phone's condition and everything else is good, but I don't have the box, okay? Only the charger."
Samsung Galaxy Z Fold7 512 GB Blue,139990,Used,"Dhaka, Mohammadpur",41 min ago,https://bikroy.com/mohammadpur/mobile-phones/samsung-galaxy-z-fold7-512-gb-blue-cNJHUf3HgcCpWHmm1xf2BQzR.html,5,2026-10-03T09:33:39.906457+00:00,individual,"Shop Name :Ab international 
Level -06 Shop number-(657,658)
Tokyo Square,Japan garden city, Mohammadpur
Call us for any question
 USED ফোন কিনে নিয়ে আর কোন দুশ্চিন্তা নয় কারণ আমরা দিচ্ছি ১০০% অরিজিনাল এবং অথেন্টিক ফোন। 
৭ দিনের মধ্যে কোনরকম প্রবলেম হলে রিপ্লেস করে দেওয়া হবে( Expect display issues)
এক বছরের ফ্রি সার্ভিস ওয়ারেন্টি"
Samsung Galaxy S25 Ultra 256 GB White,91000,Used,"Dhaka, Baridhara",6 hours ago,https://bikroy.com/baridhara/mobile-phones/samsung-galaxy-s25-ultra-256-gb-white-foWlXuDs3rLYnMo1D46XSZ5n.html,5,2026-10-03T09:33:40.598442+00:00,individual,Samsung S25 ultra 12/256 without box fresh condition
New Samsung Galaxy S25 Ultra 256 GB Graphite,81999,Brand New,"Dhaka, Savar",51 min ago,https://bikroy.com/savar/mobile-phones/new-samsung-galaxy-s25-ultra-256-gb-graphite-be4gTCg0MfOczWD7uRxirDFP.html,3,2026-10-03T09:33:41.211873+00:00,individual,"Samsung S25 Ultra 
✨ একদম ফ্রেশ কন্ডিশন! 💯
🔹 কোনো দাগ নেই, খোলা বা সার্ভিসিং হয়নি। পার্টস ১০০% অরিজিনাল।
🎁 সাথে চার্জার ও শপের ক্যাশ মেমো পাবেন।
🛡️ ৭ দিনের রিপ্লেসমেন্ট ও ১ বছরের সার্ভিস ওয়ারেন্টি!
🏪 Livewire Savar - NTECH BD, সেনা শপিং কমপ্লেক্স, নবীনগর, সাভার।
🚚 সারা দেশে ক্যাশ অন ডেলিভারি।
📞 বিস্তারিত জানতে কল করুন 096XXXXXXXX"
Samsung Galaxy S26 Ultra 5G 512 GB Black,114990,Refurbished,"Dhaka, Mohammadpur",1 hour ago,https://bikroy.com/mohammadpur/mobile-phones/samsung-galaxy-s26-ultra-5g-512-gb-black-ne2A9FsFjKJ0sHagj808kAh0.html,5,2026-10-03T09:33:41.809609+00:00,individual,"Shop Name :Ab international 
Level -06 Shop number-(657,658)
Tokyo Square,Japan garden city, Mohammadpur
Call us for any question

👉 USED ফোন কিনে নিয়ে আর কোন দুশ্চিন্তা নয় কারণ আমরা দিচ্ছি ১০০% অরিজিনাল এবং অথেন্টিক ফোন। 
👉৭ দিনের মধ্যে কোনরকম প্রবলেম হলে রিপ্লেস করে দেওয়া হবে( Expect display issues)
👉এক বছরের ফ্রি সার্ভিস ওয়ারেন্টি"
Samsung Galaxy S21 Ultra 5G 128 GB Silver,25000,Used,"Dhaka, Savar",21/09,https://bikroy.com/savar/mobile-phones/samsung-galaxy-s21-ultra-5g-128-gb-silver-uj1tyUXNHnlLuBAlW64FW6TH.html,5,2026-10-03T09:33:42.409459+00:00,individual,"Samsung Galaxy S21 Ultra 12/128
Glass Cracked, Camera condition not good front or rear, Otherwise fully fresh.
Only phone or cash memo.
Exchange Possible.
Location: Zirani Bazar, Bksp"
Samsung Galaxy S23 128 GB Graphite,38990,Used,"Dhaka, Mohammadpur",1 hour ago,https://bikroy.com/mohammadpur/mobile-phones/samsung-galaxy-s23-128-gb-graphite-v9EnsHE4JFUGLBsdeIHN44s2.html,5,2026-10-03T09:33:42.946123+00:00,individual,"No more worries about buying a USED phone because we are offering 100% original and authentic phones.
Replacement will be provided within 7 days if any problem occurs (Except display issues).
One year free service warranty."
Samsung Galaxy Quantum 2 128 GB White,22000,Used,"Dhaka, Uttara",6 hours ago,https://bikroy.com/uttara/mobile-phones/samsung-galaxy-quantum-2-128-gb-white-wBHWyQSKzUOPbWOiTNnnpny2.html,4,2026-10-03T09:33:43.560669+00:00,individual,"Brand new phone, not used yet, selling as Used due to lack of box and charger. We have a shop, you will get cash memo as security and 7 days guarantee.

Shop address : Shop No. 49, 4th Floor, Amir Complex, Azampur, Uttara, Dhaka 1230.

WhatsApp 016XXXXXXXX"
Samsung Galaxy A35 128 GB Black,28000,Used,"Dhaka, Savar",6 hours ago,https://bikroy.com/savar/mobile-phones/samsung-galaxy-a35-128-gb-black-rD3Pvm6Lz0BRHjXqVsDAFU2P.html,4,2026-10-03T09:33:44.256649+00:00,individual,"📌 স্পেসিফিকেশন:

Model:Galaxy A35
RAM:8 GB
ROM:128 GB
Battery:5000

Guarantee/Warranty: 7days replacement guarantee And 1year service warranty.


🔄 **Used Phone Buy | Sell | Exchange**
পুরাতন মোবাইল বিক্রি বা এক্সচেঞ্জ করার সুবিধা রয়েছে।

🏪 MODINA MOBILE ZONE

📍 Shop # E-180 (Level-5), Sena Shopping Complex, Nabinagar, Savar, Dhaka."
New Samsung Galaxy A56 128 GB Gray,44000,Brand New,"Dhaka, Uttara",3 hours ago,https://bikroy.com/uttara/mobile-phones/new-samsung-galaxy-a56-128-gb-gray-ilMiglVoQqrRbnTPCfAEAp9Q.html,3,2026-10-03T09:33:44.905751+00:00,individual,"Grab the brand new Galaxy A56 5G in Gray with 8/128GB capacity!
100% original and non-refurbished product.
Enjoy a 7-day replacement guarantee and a 1-year service warranty.
Easy EMI facilities are also available.
Contact us today!
Exchange Hub
Shop No: 610, 611, 628 & 629, Level-6, Tropical Alauddin Tower
Sector 3, Road 2, Rajlaxmi, Uttara.
Call for details 017XXXXXXXX"
Samsung Galaxy S24 Ultra 256 GB Gray,73990,Used,"Dhaka, Mohammadpur",46 min ago,https://bikroy.com/mohammadpur/mobile-phones/samsung-galaxy-s24-ultra-256-gb-gray-dcLghaoIj52PrrIrQp03BZH6.html,4,2026-10-03T09:33:45.410977+00:00,individual,"Shop Name: AB International
Level - 06, Shop Number - (657, 658)
Tokyo Square, Japan Garden City, Mohammadpur
Call us for any questions
Buy a used phone without any worries because we provide 100% original and authentic phones.
Get a replacement within 7 days if any problem occurs (Except display issues).
One year free service warranty."
Samsung Galaxy S22 5G 256 GB Black,23000,Used,"Dhaka, Badda",23/09,https://bikroy.com/badda/mobile-phones/samsung-galaxy-s22-5g-256-gb-black-vZxm9LCsVsKpHQSqHPVTIkrJ.html,5,2026-10-03T09:33:46.157694+00:00,individual,No major problem. All parts original. Only Greenline issue but does not cause any problem. Mobile:
Samsung Galaxy S23 256 GB Black,35500,Used,"Dhaka, Mohammadpur Beribadh",2 days ago,https://bikroy.com/mohammadpur-beribadh/mobile-phones/samsung-galaxy-s23-256-gb-black-Gk5qe2ut1YPVFhVaKGicRAM.html,4,2026-10-03T09:33:46.557832+00:00,individual,"2,3 scratches besides these everything is fully fine and authentic 
If anyone interested then u can come and check the phone personally"
Samsung Galaxy A34 5G 128 GB Black,24500,Used,"Dhaka, Uttara",6 hours ago,https://bikroy.com/uttara/mobile-phones/samsung-galaxy-a34-5g-128-gb-black-kW7GbPyd8nxzlgUU8AKgifvp.html,4,2026-10-03T09:33:47.248686+00:00,individual,"Brand new phone, not used yet, selling as Used due to lack of box and charger. We have a shop, you will get cash memo as security and 7 days guarantee.

Shop address : Shop No. 49, 4th Floor, Amir Complex, Azampur, Uttara, Dhaka 1230.

WhatsApp 016XXXXXXXX"
Samsung Galaxy S21+ 5G 128 GB Purple,23999,Used,"Dhaka, Savar",3 hours ago,https://bikroy.com/savar/mobile-phones/samsung-galaxy-s21-5g-128-gb-purple-BQovCcEKSoGZ2UmGNfIZ4Ghd.html,5,2026-10-03T09:33:47.858823+00:00,individual,"S21+ 5G (128GB) in super fresh condition

Location: Savar, Nobinogor, Sena Shopping Complex
Shop name: Apple Gadgets & Care
Shop no: D/43, Lift 3"
Samsung Galaxy S21 FE 128 GB Black,24500,Used,"Dhaka, Jatrabari",3 hours ago,https://bikroy.com/jatrabari/mobile-phones/samsung-galaxy-s21-fe-128-gb-black-5AnfhLamfWmBvSfwlJ2alSA7.html,4,2026-10-03T09:33:48.257197+00:00,individual,"Samsung Galaxy S21 fe (8-128) full fresh condition
Box memo available
Location: Dhaka jurain bikrampur plaza.level-3.Shop-42 
Call.WhatsApp 019XXXXXXXX"
S23 Ultra Original Display Phone Unlocked,25000,Used,"Dhaka, Khilgaon",4 hours ago,https://bikroy.com/khilgaon/cell-phones-tablets-accessories/s23-ultra-original-display-phone-khola-mmsSx7DXreI10SHyOQb2XvOx.html,5,2026-10-03T09:33:48.958601+00:00,individual,"Original Dynamic AMOLED 2X display taken off from a Samsung Galaxy S23 Ultra phone. You will get a one-month replacement guarantee on the display. Display without frame, waterproof and dustproof stickers will be provided with the display, you can come to the shop and get the display fitted. And those who are outside Dhaka and are interested to buy can get it through courier on cash on delivery. Send an SMS with the model number on WhatsApp to watch the display video. The display video link is given above. Show more"
Samsung Galaxy A54 128 GB Silver,32000,Used,"Dhaka, Savar",17/09,https://bikroy.com/savar/mobile-phones/samsung-galaxy-a54-128-gb-silver-wVi7EFsrjdnZZ6mgypnEmYwf.html,5,2026-10-03T09:33:49.547923+00:00,individual,"Samsung Galaxy A54 5G — Korean Variant 
 Condition: Like New — Completely fresh
 Korean Variant
 Phone's condition is absolutely wonderful
 No problem
 Display & Camera are completely good
 Smooth performance
 
 Price: 32000 Taka
 Location: Savar, Dhaka
 Inbox if interested to buy.
 Serious Buyer Only."
Samsung Galaxy S22 5G 128 GB White,30000,Used,"Dhaka, Dhanmondi",25/09,https://bikroy.com/dhanmondi/mobile-phones/samsung-galaxy-s22-5g-128-gb-white-2PxR1faEYjUKeAUe0C380N9A.html,4,2026-10-03T09:33:50.299777+00:00,individual,"Samsung S22
8GB 128GB"
Samsung Galaxy Note 20 Ultra 5G 128 GB,26500,Used,"Dhaka, Mirpur",2 days ago,https://bikroy.com/mirpur/mobile-phones/samsung-galaxy-note-20-ultra-5g-128-gb-i0CVhTRnGEz7wNPZbnIvhilS.html,4,2026-10-03T09:33:50.797378+00:00,individual,"Assalamu Alaikum Warahmatullahi Wabarakatuh
This mobile phone in my hand needs to be sold urgently - only the display has been replaced
However, Alhamdulillah, a very good display has been installed Alhamdulillah - completely fresh
Fingerprint 100-100 Alhamdulillah
No problems of any kind
Note: Only the shop memo will be provided"
Samsung Galaxy A55 256 GB White,36500,Used,"Dhaka, New Market, Dhaka",3 hours ago,https://bikroy.com/new-market-dhaka/mobile-phones/samsung-galaxy-a55-256-gb-white-gpPUEtsUfJrO5EGs2HjNWrQ.html,5,2026-10-03T09:33:51.642875+00:00,individual,"RAM 12 GB.
Internal memory 256 GB.
Comes with everything.
Includes automatic call recording feature."
New Samsung Galaxy A57 128 GB Blue,46500,Brand New,"Dhaka, Uttara",3 hours ago,https://bikroy.com/uttara/mobile-phones/new-samsung-galaxy-a57-128-gb-blue-nkirJSyijdF8luPGnybehDF1.html,3,2026-10-03T09:33:52.257516+00:00,individual,"Brand New Galaxy A57 8/128GB Navy Blue
Physical Dual Sim 
Made by Vietnam 



🟡 100% Original & Non Refurbished Product

🟡 7 Days Replacement & 1 Year Service Warranty

🟡 EMI Facility is also AVAILABLE

Contact Us

Exchange Hub

Shop No: 610, 611, 628 & 629 Level-6, Tropical Alauddin Tower

Sector 3, Road 2, Rajlaxmi, Uttara."
Samsung Galaxy A56 128 GB Silver,36999,Used,"Dhaka, Mirpur",3 hours ago,https://bikroy.com/mirpur/mobile-phones/samsung-galaxy-a56-128-gb-silver-gfUauHX9mEYRsPwUWxVzqL61.html,5,2026-10-03T09:33:52.688682+00:00,individual,"SR Telecom
Shop 29
Level 3
Bagdad shopping complex, Mirpur 1
RAM: 8GB
ROM: 128GB
Includes: Cash memo, box, and mobile.
Our Special Benefits:
100% Genuine Mobile
7-day replacement guarantee (conditions apply)
1-year free service warranty, excluding parts
EMI for credit card
Home delivery and courier service available.
Confirm your order by paying only 500 Taka 018XXXXXXXX"
Samsung S24 Ultra Phone Original Display,26000,Used,"Dhaka, Khilgaon",4 hours ago,https://bikroy.com/khilgaon/cell-phones-tablets-accessories/samsung-s24-ultra-phone-original-display-fpgSKS7tJlQTyJRRRhcyjk77.html,4,2026-10-03T09:33:53.293370+00:00,individual,"Bismillahir Rahmanir Rahim

Original Dynamic AMOLED 2X display removed from a Samsung Galaxy S24 Ultra phone, original display that came with the phone.
*** Display without frame
**** You will get a one-month replacement guarantee on the display.
**** You can visit the shop and get the display fitted."
New Apple iPhone 16 Pro Max 256 GB Gold,125000,Brand New,"Rajshahi, Kadirgonj",09/05,https://bikroy.com/kadirgonj/mobile-phones/new-apple-iphone-16-pro-max-256-gb-gold-66aAqTrqhBhcLiAWyPR5M47X.html,5,2026-10-03T09:33:54.008922+00:00,business,"iPhone 16 Pro Max. 95% Battery Health, 256GB. Buy your favorite iPhone from TECH LIFE because we offer the best price, premium quality, and hassle-free customer service! Shop Location: Shop number: 121, Sopnochura plaza, kadirgonje."
Apple iPhone 17 Pro Max 256 GB Orange,140000,Used,"Rajshahi, Shaheb Bazar",7 hours ago,https://bikroy.com/shaheb-bazar/mobile-phones/apple-iphone-17-pro-max-256-gb-orange-6xyIFcf1PbAIJoUmIsUnFsJq.html,2,2026-10-03T09:33:54.543869+00:00,individual,"IPhone 17 Pro Max
256 GB 100% Battery Health
Japan
Super condition 
Enjoy 7 days replacement guarantee 
Enjoy 1 year service warranty 
#exchange possible 
Our Address:
Smart Choice, Shop No. 211,
City Center, Beside of Rajshahi College, Sonadigir Mor, Rajshahi
Call for any details"
Apple iPhone 17 Pro Max 512 GB Blue,165000,Used,"Rajshahi, Shaheb Bazar",6 hours ago,https://bikroy.com/shaheb-bazar/mobile-phones/apple-iphone-17-pro-max-512-gb-blue-csV8slMWeD0XUh2vOu3pydkj.html,2,2026-10-03T09:33:54.857063+00:00,individual,"IPhone 17 pro max 
512 gb 100 bh 
Cc 105 
Super condition 
7 days replacement guarantee  
1 year service waranty  
#exchange possible 
Our Address :
Smart Choice , Shop No. 211 , 
City center , Beside of Rajshahi College , Sonadigir mor Rajshahi
Call for any details:"
Apple iPhone 17 Pro Max 256 GB Blue,152000,Used,"Rajshahi, Shaheb Bazar",7 hours ago,https://bikroy.com/shaheb-bazar/mobile-phones/apple-iphone-17-pro-max-256-gb-blue-11qaF5s38zvfsBJt5Pcb14B3.html,4,2026-10-03T09:33:55.253728+00:00,individual,"iPhone 17 Pro Max, 256 GB, 100% Battery Health, Cycle Count 105, USA origin. Super condition. 7 days replacement guarantee, 1 year service warranty. Exchange possible. Our Address: Smart Choice, Shop No. 211, City Center, Beside Rajshahi College, Sonadighi Mor, Rajshahi. Call for any details"
Apple iPhone 16 Pro Max 256 GB,120000,Used,"Rajshahi, Shaheb Bazar",14/05,https://bikroy.com/shaheb-bazar/mobile-phones/apple-iphone-16-pro-max-256-gb-BuWQUoJL9szBtJD2BQPW2RsG.html,5,2026-10-03T09:33:55.794432+00:00,individual,"iPhone 16 Pro Max 256GB (Natural Titanium). Hong Kong variant. Battery health 94%. 99.9% fresh condition. Used for 1 year. Full box. Purchased from a Malaysia authorized Apple store. Looks like new condition. Thanks.
Note: Please contact my WhatsApp number +"
Apple iPhone 16 Pro Max 256 GB,129999,Used,"Rajshahi, Baharampur",21/06,https://bikroy.com/baharampur/mobile-phones/apple-iphone-16-pro-max-256-gb-fShnzR2EYw90F51LeoKqXDjw.html,5,2026-10-03T09:33:56.297086+00:00,individual,"Apple Limited Warranty till 29 August 2026
Australian Variant
Physical SIM + eSIM
Battery Health: 100%
Cycle Count: 234
No Scratch
No Dent
No Repair History
Never Opened
Box + Original Type-C Cable Available
Reason for Selling:
Upgrade to iPhone 17 Pro Max
Face to Face Deal Preferred
Location: Rajshahi"
Apple iPhone 16 Pro Max 256 GB,120000,Used,"Rajshahi, Vodra",21/09,https://bikroy.com/vodra/mobile-phones/apple-iphone-16-pro-max-256-gb-fpGPKBDXORDcX17deMaPpZsW.html,5,2026-10-03T09:33:56.798069+00:00,individual,"iPhone 16 Pro Max Singapore variant
Purchased from Singapore Apple Store
Box, original cable, cash memo everything available
100% fresh unit. One-hand used
Battery health 88%
Storage: 256GB
Selling Reason: Upgrading to the iPhone 17 Pro Max
You're welcome to check the device thoroughly before purchasing. Serious buyers are welcome to contact me."
New Apple iPhone 17 Pro Max 256 GB Orange,140000,Brand New,"Rajshahi, Shaheb Bazar",6 hours ago,https://bikroy.com/shaheb-bazar/mobile-phones/new-apple-iphone-17-pro-max-256-gb-orange-mSZEt9xQ9Fqah5375S8SIsmj.html,5,2026-10-03T09:33:57.548244+00:00,individual,"Iphone 17 pro max
256 100
Cc 110
Super condition 
7 days replacement guarantee  
1 year service waranty  
#exchange possible 
Our Address :
Smart Choice , Shop No. 211 , 
City center , Beside of Rajshahi College , Sonadigir mor Rajshahi
Call for any details:"
Apple iPhone 16 Pro Max 256 GB Black,123000,Used,"Rajshahi, Shaheb Bazar",6 hours ago,https://bikroy.com/shaheb-bazar/mobile-phones/apple-iphone-16-pro-max-256-gb-black-5EdAlqubHMlvpkXPmYzjkxCr.html,2,2026-10-03T09:33:58.289359+00:00,individual,"IPhone 16 pro max
256 gb 99 bh 
Australia 
Super condition 
7 days replacement guarantee  
1 year service waranty  
#exchange possible 
Our Address :
Smart Choice , Shop No. 211 , 
City center , Beside of Rajshahi College , Sonadigir mor Rajshahi
Call for any details:"
Apple iPhone 16 Pro Max 256 GB Silver,127000,Used,"Rajshahi, Durgapur",15/05,https://bikroy.com/durgapur-1/mobile-phones/apple-iphone-16-pro-max-256-gb-silver-jFftCS6EkAw8hprEjHjSvhbM.html,5,2026-10-03T09:33:59.109107+00:00,individual,"iPhone 16 Pro Max (Singapore)
256GB | Natural Titanium | Like New
In fresh condition, brand new look
 256GB | Singapore Variant
 Cycle ~160 | Battery 100%
 No scratch / dent
 Never repaired
 Original charger + 8 covers
 Camera & Screen Protector included
 Price is almost fixed
 Serious buyers only
 Inbox / Call if interested"
Apple iPhone 16 Pro Max 256 GB White,128550,Used,"Rajshahi, Boalia",09/05,https://bikroy.com/boalia/mobile-phones/apple-iphone-16-pro-max-256-gb-white-5PLV8YML3K5B5UUDTl06edpI.html,2,2026-10-03T09:33:59.558296+00:00,individual,"As like New and fresh condition. 92% BH. Physical dual sim with full box. White titanium. Hong Kong variant. Selling reason: Purchase 17 Pro Max. No exchange, only cash."
New Apple iPhone 16 Pro Max 256 GB White,120000,Brand New,"Rajshahi, Shaheb Bazar",6 hours ago,https://bikroy.com/shaheb-bazar/mobile-phones/new-apple-iphone-16-pro-max-256-gb-white-zi5XoCbFn23gTyfK7KKqstGV.html,3,2026-10-03T09:34:00.260572+00:00,individual,"iPhone 16 Pro Max

256 GB, 100% Battery Health

Physical SIM

Experience Super Condition 🔥🔥

Enjoy a 7-day replacement guarantee ✅ 
Get a 1-year service warranty ✅ 

#Exchange possible ✅

Our Address:
Smart Choice, Shop No. 211,
City Center, Beside Rajshahi College, Sonadighi Mor, Rajshahi"
Apple iPhone 17 Pro 256 GB Orange,129999,Used,"Rajshahi, Rajpara",16/09,https://bikroy.com/rajpara/mobile-phones/apple-iphone-17-pro-256-gb-orange-B4wngvpSbvVctqCB3TrqiKXU.html,4,2026-10-03T09:34:01.089892+00:00,individual,"iPhone 17 Pro
  256GB
  1 Physical SIM + 1 eSIM

Absolutely fresh, completely like new.

Do not message or call unnecessarily.
If you are willing to buy, please call directly.

Thank you."
Apple iPhone 17 Pro Max 256 GB Silver,145000,Used,"Rajshahi, Shaheb Bazar",6 hours ago,https://bikroy.com/shaheb-bazar/mobile-phones/apple-iphone-17-pro-max-256-gb-silver-hLhg4H3itM9ABXK04yoqmsQi.html,3,2026-10-03T09:34:01.798902+00:00,individual,"IPhone 17 pro max 
256 gb 100 bh
Super condition 
7 days replacement guarantee  
1 year service waranty  
#exchange possible 
Our Address :
Smart Choice , Shop No. 211 , 
City center , Beside of Rajshahi College , Sonadigir mor Rajshahi
Call for any details:"
Apple iPhone 14 Pro 128 GB Gray,67000,Used,"Rajshahi, Kadirgonj",6 hours ago,https://bikroy.com/kadirgonj/mobile-phones/apple-iphone-14-pro-128-gb-gray-6vTFl9lFg3Q9G4CBlueCeFWN.html,5,2026-10-03T09:34:02.388179+00:00,individual,"আসসালামু আলাইকুম ওয়া রহমাতুল্লহি ওবারকাতুহ 
ফ্রেশ কন্ডিশন
 বক্স: Only Device
 ক্যাশ মেমো: আছে
 রিপ্লেসমেন্ট গ্যারান্টি: ৭ দিন পর্যন্ত পাবেন ( শর্তসাপেক্ষে ) 
লোকেশন: রাজশাহী কাদিরগঞ্জ চালপট্টি, লার্জ ফার্মার পাশে , স্বপ্নচূড়া প্লাজা নগর ভবনের পিছে। 
 শপ নং: ১২৩ - নিচ তলা লিফটের পাশে 
 শপ নাম: Rajshahi Mobile Bari 019XXXXXXXX"
Apple iPhone 15 Pro Max 256 GB,90000,Used,"Rajshahi, Kazla",25/09,https://bikroy.com/kazla/mobile-phones/apple-iphone-15-pro-max-256-gb-i26FYaq336FtQCZNztsZcfxK.html,3,2026-10-03T09:34:03.006606+00:00,individual,"100% full fresh phone. Box and cover are included with the phone. USA variant, battery health 84%, cycle count 950. Not even a tiny spot of trouble."
Apple iPhone 16 Pro 128 GB Black,96000,Used,"Rajshahi, Vodra",03/09,https://bikroy.com/vodra/mobile-phones/apple-iphone-16-pro-128-gb-black-3b3NuosHypPbXj9wBR5qruZK.html,4,2026-10-03T09:34:03.841618+00:00,individual,"Bh-90
Cycle -355
Full fresh condition 
Number 013XXXXXXXX"
Apple iPhone 16 Pro Max 512 GB Gold,119000,Used,Rajshahi,24/09,https://bikroy.com/rajshahi/mobile-phones/apple-iphone-16-pro-max-512-gb-gold-xB8vI3tSB2mrLjPvibePbVad.html,3,2026-10-03T09:34:04.257720+00:00,individual,"Full Fresh (fixed price)
Check as much as you want 
BTH 92%
Storage 512
3 covers will come with the phone 
Phone will come with box, NID will be given 
USA variant
iOS version 26.05.02"
Apple iPhone 14 Pro 128 GB Gold,62000,Used,"Rajshahi, Mohanpur",2 days ago,https://bikroy.com/mohanpur/mobile-phones/apple-iphone-14-pro-128-gb-gold-7Ba8q1EWEmC8VUvjF4uDHPz4.html,3,2026-10-03T09:34:04.797105+00:00,individual,Please contact if you want to buy
Apple iPhone 14 Pro 256 GB White,74999,Used,Rajshahi,23/09,https://bikroy.com/rajshahi/mobile-phones/apple-iphone-14-pro-256-gb-white-rB3Sw76SgiKGdXbQMr1qG6Rg.html,4,2026-10-03T09:34:05.408579+00:00,individual,"Iphone 14 pro
 storage 256GB
 No issues
 94% Battary Health (original)
 No Scratch/Dents
 USA V - Dual E-Sim"
Apple iPhone 14 Plus 256 GB Blue,70000,Used,"Rajshahi, Shaheb Bazar",06/09,https://bikroy.com/shaheb-bazar/mobile-phones/apple-iphone-14-plus-256-gb-blue-oViUzd8ix51YG8Xi8fWYzpg6.html,3,2026-10-03T09:34:05.992858+00:00,individual,Onek valo phone.original
Apple iPhone 14 Pro Max 256 GB Purple,66000,Used,"Rajshahi, Boalia",22/09,https://bikroy.com/boalia/mobile-phones/apple-iphone-14-pro-max-256-gb-purple-qib9K0NQbFn5pvNUs4aUU8zR.html,5,2026-10-03T09:34:06.295794+00:00,individual,"IPhone 14 Pro Max — 256GB
 Variant: USA
 Storage: 256GB
 Color: Deep Purple
 Battery Health: 75%
 Display: Original display installed
 Condition: No scratches, very clean
 Lens protector: Installed
 Location: Rajshahi
 If interested, contact in inbox.
 Detailed discussion can be done if you are a serious buyer."
Apple iPhone 14 Pro Max 256 GB Black,66500,Used,Rajshahi,04/09,https://bikroy.com/rajshahi/mobile-phones/apple-iphone-14-pro-max-256-gb-black-iGpcdozoRE1E46WZp0kca0jh.html,5,2026-10-03T09:34:07.011782+00:00,individual,"Phone sob kichu original... 2 ta psychical dual sim...
Security hisebe ja chan dewa Jabe ... Memo ache
Dam kichu ta kom rakha Jabe newar moto dam bolben aje baje dam bolben na....

Number 017XXXXXXXX"
Apple iPhone 16 Pro 128 GB Rose Gold,93000,Used,"Rajshahi, Shaheb Bazar",7 hours ago,https://bikroy.com/shaheb-bazar/mobile-phones/apple-iphone-16-pro-128-gb-rose-gold-axUnNwSc7ZwYZ7ffrUbtkoV1.html,3,2026-10-03T09:34:07.605685+00:00,individual,"IPhone 16 pro
128 gb 91 bh
Physical sim
Super condition 
7 days replacement guarantee  
1 year service waranty  
#exchange possible 
Our Address :
Smart Choice , Shop No. 211 , 
City center , Beside of Rajshahi College , Sonadigir mor Rajshahi
Call for any details:"
Apple iPhone 15 Pro Max 256 GB Blue,95000,Used,"Rajshahi, Kadirgonj",6 hours ago,https://bikroy.com/kadirgonj/mobile-phones/apple-iphone-15-pro-max-256-gb-blue-1Kw5xp9PLgIFGcmJ3VxgJj3U.html,5,2026-10-03T09:34:08.143678+00:00,individual,"আসসালামু আলাইকুম ওয়া রহমাতুল্লহি ওবারকাতুহ 
ফ্রেশ কন্ডিশন
📦 বক্স: Only Device
🧾 ক্যাশ মেমো: আছে
🔁 রিপ্লেসমেন্ট গ্যারান্টি: ৭ দিন পর্যন্ত পাবেন ( শর্তসাপেক্ষে ) 
লোকেশন: রাজশাহী কাদিরগঞ্জ চালপট্টি, লার্জ ফার্মার পাশে , স্বপ্নচূড়া প্লাজা নগর ভবনের পিছে।  
🏪 শপ নং: ১২৩ - নিচ তলা লিফটের পাশে 
🏬 শপ নাম: Rajshahi Mobile Bari 019XXXXXXXX"
Apple iPhone 13 Pro Max 128 GB Green,59999,Used,"Rajshahi, Kazla",4 hours ago,https://bikroy.com/kazla/mobile-phones/apple-iphone-13-pro-max-128-gb-green-n99XAk9FjRO3RadA1aC6KUJc.html,2,2026-10-03T09:34:08.891692+00:00,individual,"All ok waterproof 
Japen variant 
128GB 
82% battery 
Call me"
Apple iPhone 16 Pro Max 256 GB Rose Gold,115000,Used,"Rajshahi, Vodra",26/09,https://bikroy.com/vodra/mobile-phones/apple-iphone-16-pro-max-256-gb-rose-gold-xBxPAPrPhxXrXnrxjr1j4F3L.html,3,2026-10-03T09:34:09.456650+00:00,individual,"115000 fixed, 1 thousand can be negotiated // battery 89 variant Singapore"
Apple iPhone 14 Pro Max 256 GB Gray,59999,Used,"Rajshahi, Kadirgonj",6 hours ago,https://bikroy.com/kadirgonj/mobile-phones/apple-iphone-14-pro-max-256-gb-gray-jOEoxMc6paG4aTmrdG2pevic.html,5,2026-10-03T09:34:10.158821+00:00,individual,"The phone is in perfect working order, only the display and battery have been replaced with high-quality market-standard replacements. It provides even better battery backup than the original. I am selling it because I want to upgrade. This is the Dubai variant."
Apple iPhone 12 Pro 128 GB White,32000,Used,Rajshahi,1 day ago,https://bikroy.com/rajshahi/mobile-phones/apple-iphone-12-pro-128-gb-white-ATA3kKqfbK22cjLS2ADmYZmn.html,3,2026-10-03T09:34:10.898623+00:00,individual,"No box or cash memo, brought from abroad. Battery health 75%"
Apple iPhone 16e 128 GB White,37500,Used,"Rajshahi, Shiroil",03/09,https://bikroy.com/shiroil/mobile-phones/apple-iphone-16e-128-gb-white-bqN4yNmywhrrz62F5G8eXnHj.html,3,2026-10-03T09:34:11.411237+00:00,individual,"iPhone 16e 128 ￼(Wi-Fi)
Full fresh like new 
Face ID & True Tone ☑️ 
Battery health 💯 
Waterproof 💦
Call mee for more details￼."
Apple iPhone XS Max 64 GB Pink,25000,Used,"Rajshahi, Bagha",28/09,https://bikroy.com/bagha/mobile-phones/apple-iphone-xs-max-64-gb-pink-rPzqkmXmRCHLJoDFPuDil9W2.html,5,2026-10-03T09:34:12.099440+00:00,individual,"No Single Problem, Full fresh."
Apple iPhone 15 128 GB Black,55000,Used,Rajshahi,19/09,https://bikroy.com/rajshahi/mobile-phones/apple-iphone-15-128-gb-black-a4oEq8ZmlYGLGthLMUs67m2w.html,5,2026-10-03T09:34:12.809815+00:00,individual,"Full Fresh Phone ✅
No Scratches All Ok ✅"
Apple iPhone 12 Pro 128 GB Blue,35500,Used,"Rajshahi, Kazla",07/09,https://bikroy.com/kazla/mobile-phones/apple-iphone-12-pro-128-gb-blue-6cdgJjud2PxgcM3kR0dr47TR.html,5,2026-10-03T09:34:13.452042+00:00,individual,"কোন সমস্যা নেই, দেখে নিতে পারবেন। ব্যাটারি হেলথ ৭৩%। ফোন কখনো খোলা হয়নি। যমুনা ফিউচার পার্ক থেকে কেনা হয়েছে। মানি রিসিট আছে। EVERYTHING ORIGINAL AND OKAY 016XXXXXXXX"
Apple iPhone 12 64 GB Blue,27000,Used,"Rajshahi, Paba",23/09,https://bikroy.com/paba/mobile-phones/apple-iphone-12-64-gb-blue-uNX4q9GebMPw2tUeHDoCVGGq.html,3,2026-10-03T09:34:14.157669+00:00,individual,"There are no problems with the phone, you can check and take it."
Apple iPhone 12 Pro Max 128 GB Blue,33000,Used,"Rajshahi, Godagari",26/09,https://bikroy.com/godagari/mobile-phones/apple-iphone-12-pro-max-128-gb-blue-uaceIghmUfTtjn82bZ5ijQDz.html,5,2026-10-03T09:34:15.010731+00:00,individual,"iPhone 12 Pro Max
Display changed, original GX display installed, you won't even notice the display change
128gb
66% battery health
True Tone Face ID okay
Front camera has a little dust inside
Price 33000 tk
Exchange possible with a phone under 15000 tk value, remaining amount to be added
Location Chapainawabganj Sadar"
Apple iPhone 14 128 GB Purple,47999,Used,"Rajshahi, Kazla",4 hours ago,https://bikroy.com/kazla/mobile-phones/apple-iphone-14-128-gb-purple-iHbYFTivMnP92wFMWJNas0ik.html,3,2026-10-03T09:34:15.647543+00:00,individual,"IPhone 14. 128GB 
Battery 85% 
waterproof genuine authentic device
Call me"
Apple iPhone 13 128 GB Purple,30000,Used,"Rajshahi, Laksimipur",1 day ago,https://bikroy.com/laksimipur/mobile-phones/apple-iphone-13-128-gb-purple-5H29ZQ9KCwGEzyrXyHAzZwg4.html,3,2026-10-03T09:34:16.201582+00:00,individual,"iPhone 13 for Sale! You will not be able to run bypass SIM, everything else will work.
I am selling my cherished phone due to urgent need of money / upgrading. Completely fresh condition, no internal or external problems whatsoever. Battery health is 89%.
WhatsApp is available on this number, please contact."
Apple iPhone 13 128 GB Blue,40000,Used,"Rajshahi, Paba",13/09,https://bikroy.com/paba/mobile-phones/apple-iphone-13-128-gb-blue-czS4i5M9Wq32qVfLM7q7wodI.html,4,2026-10-03T09:34:16.942086+00:00,individual,"All ok, authentic phone, water proof checked, Face ID ok, battery 80... check as much as you want... contact WhatsApp"
Apple iPhone 12 Pro 128 GB Blue,33000,Used,Rajshahi,18/09,https://bikroy.com/rajshahi/mobile-phones/apple-iphone-12-pro-128-gb-blue-41VrRg3E2MbOjN2ZifMvUUOI.html,5,2026-10-03T09:34:17.356037+00:00,individual,"Phone is very nice, please check and take it. All battery changed but doesn't show because older chip was installed."
Apple iPhone 11 Pro Max 64 GB Blue,30500,Used,"Rajshahi, Godagari",16/09,https://bikroy.com/godagari/mobile-phones/apple-iphone-11-pro-max-64-gb-blue-khbW3Ss8TmQCp588wjCzCumj.html,3,2026-10-03T09:34:17.957940+00:00,individual,"USA Variant. Used iPhone
No box. Only cash memo and charger included.
Phone Cover Also Available
Full fresh phone. No any issues.
Battery just replaced (for better backup). everything works perfectly.
Interested persons please inbox me or call me.
Thanks"
Apple iPhone 13 128 GB Pink,40000,Used,"Rajshahi, Boalia",09/09,https://bikroy.com/boalia/mobile-phones/apple-iphone-13-128-gb-pink-ypmY3JFbIJXKLlqBsEe0zJvb.html,5,2026-10-03T09:34:18.695280+00:00,individual,"Battery health 80%
Parts genuine 
China variant 
All okay (face id, true tone)"
Apple iPhone 12 Pro Max 128 GB Blue,50000,Used,Rajshahi,1 day ago,https://bikroy.com/rajshahi/mobile-phones/apple-iphone-12-pro-max-128-gb-blue-zLqypFcZNyGWmcDy2A8oZgDH.html,5,2026-10-03T09:34:19.097142+00:00,individual,"I bought this phone 7-8 months ago, my wife used it. Now she wants to get another phone, so I am selling this one. You will get the cash memo and box with the phone. There are no problems with the phone. I am only selling it because we are getting a new one."
Apple iPhone 17 Pro Max 256 GB Orange,143499,Used,"Chattogram, CDA Avenue",3 hours ago,https://bikroy.com/cda-avenue/mobile-phones/apple-iphone-17-pro-max-256-gb-orange-q39DcrXGBK4ZXCVArv9XOrY5.html,3,2026-10-03T09:34:19.807503+00:00,individual,"17 pro max 256gb
Battery-100%
cycle -20
Offer price -143490
Warranty available 27 jun 27"
Apple iPhone 17 Pro Max 512 GB Orange,178000,Used,"Chattogram, Cornelhat",29/09,https://bikroy.com/cornelhat/mobile-phones/apple-iphone-17-pro-max-512-gb-orange-2AP8nVpWow23RTyIfIyjDYMc.html,5,2026-10-03T09:34:20.358685+00:00,individual,"iPhone 17 Pro Max 512
Stellar Condition. GCC Specs. 
Used as Secondary Phone.
Bought from Dubai
Like Brand New

Full Boxed
12 Gb / 512 Gb
*DUAL eSIM. No Physical Sim
Battery health 100 percent 32 Cycles.
Warranty Remaining till 14/03/2027"
New Apple iPhone 17 256 GB,126999,Brand New,"Chattogram, CDA Avenue",6 hours ago,https://bikroy.com/cda-avenue/mobile-phones/new-apple-iphone-17-256-gb-1CYQAs10kPWrKfvofWtmAhTY.html,3,2026-10-03T09:34:21.005269+00:00,individual,"Indian Variant
Display: 6.3-inch LTPO Super Retina XDR OLED, 120Hz, HDR10,
Chipset: Apple A19 (3 nm), Hexa-core CPU, Apple 5-core GPU
Main Camera: Dual 48 MP rear dual LED flash, HDR, 4K video
Selfie Camera: 18 MP front
Battery: Li-Ion 3692 mAh
ক্রেডিট কার্ড এর মাধ্যমে ২০ টির অধিক ব্যাংকে ৩৬ মাস পর্যন্ত EMI এর সুবিধা রয়েছে। (*শর্ত প্রযোজ্য*)"
New Apple iPhone 17 Pro Max 256 GB White,169999,Brand New,"Chattogram, Chandgaon",29/09,https://bikroy.com/chandgaon/mobile-phones/new-apple-iphone-17-pro-max-256-gb-white-sj305H3n4ssB0OChjyzbQajx.html,4,2026-10-03T09:34:21.656236+00:00,individual,"iPhone 17 Pro Max 256GB Dual Physical SIM. Available in Cosmic Orange, Silver, and Deep Blue."
Apple iPhone 17 Pro Max 256 GB,160000,Used,"Chattogram, Nasirabad",08/09,https://bikroy.com/nasirabad/mobile-phones/apple-iphone-17-pro-max-256-gb-djlB3kGwEua9LXyiIFUwAb6X.html,4,2026-10-03T09:34:22.257106+00:00,individual,Location a eshe dekhe nite parben. For more details WhatsApp on 018XXXXXXXX
Apple iPhone 17 Pro Max P-SIM+E-SIM Brand New,172999,Brand New,"Chattogram, Agrabad",6 hours ago,https://bikroy.com/agrabad/mobile-phones/apple-iphone-17-pro-max-p-sim-e-sim-ntun-brand-new-1c1M4oyTA6EwXO5vWGDhrGjL.html,0,2026-10-03T09:34:22.959723+00:00,individual,"Stay updated with our latest product prices by liking 👍 & FOLLOWING our page. Page link - https://www.facebook.com/jojobdctg.

** iPhone 17 Pro Max, 256GB, Australian variant, 100% authentic.
Other Apple models in our store – 17 Pro Max 512GB - Australia, 17 256GB Australia, 16 128GB, 15 128GB Singapore, 14 128GB, MacBooks Singapore Air M4 16/256.

🌍 Variant: global

📦 Condition: New Intact |

✅ 100% Authentic

✅ 7-day replacement, 1-year service warranty.

----------------------------------------------------------------------

Address:

Shop- 537, Level-5 (Capsule lift 4,

Straight after exiting the lift, JoJoBD)

Akhtaruzzaman Center,

Agrabad, Chittagong. Show more"
Apple iPhone 11 64 GB White,185000,Used,"Chattogram, Oxygen",27/09,https://bikroy.com/oxygen/mobile-phones/apple-iphone-11-64-gb-white-6By48nJBUUOimZvyoIImf4uq.html,5,2026-10-03T09:34:23.657033+00:00,individual,Message if you want a fresh phone
New Apple iPhone 17 Pro 256 GB,149999,Brand New,"Chattogram, CDA Avenue",7 hours ago,https://bikroy.com/cda-avenue/mobile-phones/new-apple-iphone-17-pro-256-gb-Bpo6vlfMkzfVEiQlgOyNmRyF.html,3,2026-10-03T09:34:24.255604+00:00,individual,"(JP varient)
Display: 6.3"" LTPO Super Retina XDR OLED, 120Hz, Dolby Vision, 3000 nits peak brightness
Camera: Triple 48MP Pro system with periscope zoom, ultrawide,
Processor: Apple A19 Pro (3nm) with 6-core GPU
Battery: 3998mAh/4252mAh
ক্রেডিট কার্ড এর মাধ্যমে ২০ টির অধিক ব্যাংকে ৩৬ মাস পর্যন্ত EMI এর সুবিধা রয়েছে। (*শর্ত প্রযোজ্য*)"
Apple iPhone 17 Pro Max 256 GB Black,152000,Used,"Chattogram, Chawkbazar",1 day ago,https://bikroy.com/chawkbazar/mobile-phones/apple-iphone-17-pro-max-256-gb-black-61ZeBGc6XLVPTaDOZVqF28ku.html,4,2026-10-03T09:34:24.790281+00:00,individual,"Sell post
Iphone 17 pro max (USA)
1 month used
Fully fresh
Battery health 100%
(Box, Cable Available)"
Apple iPhone 16 Pro Max 512 GB Gold,125000,Used,"Chattogram, Chawkbazar",4 hours ago,https://bikroy.com/chawkbazar/mobile-phones/apple-iphone-16-pro-max-512-gb-gold-NHbPtHOtCvmrJCJKIBhOztI.html,3,2026-10-03T09:34:25.539350+00:00,individual,"iPhone 16 Pro Max, 512GB, Desert Titanium color, comes with box, Global version."
Apple iPhone 17 AIR 256GB INTACT (Brand New),120000,Brand New,"Chattogram, Chawkbazar",3 hours ago,https://bikroy.com/chawkbazar/mobile-phones/apple-iphone-17-air-256gb-intact-brand-new-8bPAcmG1pmjkGNibZcyoAMMq.html,0,2026-10-03T09:34:26.148795+00:00,individual,"🔳 INTACT SEAL PACK
🔳 Storage: 12/256GB
🔳 Colour: BLUE
◾ Box And Original Cable


🔰 Our Speciality......................................


◾Original & Non-Refurbished Product
◾Emi Facilities Available*
◾Accept Visa, Master Card
◾Delivery Facility inside & Outside ctg.
◾Phone Exchange Facilities*
◾Our All Products Original And Genuine. 
◾Our All Product 7 Days replacement And 1 year Service Warranty

🔰 Our Showroom Address:

Rony Enterprise (Since 2007)
Bali Arcade Shopping Center
4th Floor, Shop no 03(infront of chawkbazar Post Office
Sirajuddula Road, Chawkbazar, Chattogram Show more"
Apple iPhone 17 Pro Max 256GB(100%) FULL BOX (Used),150000,Used,"Chattogram, Chawkbazar",3 hours ago,https://bikroy.com/chawkbazar/mobile-phones/apple-iphone-17-pro-max-256gb-100-full-box-used-zuSca6VzeXTqQ5MIHXbqCgB0.html,2,2026-10-03T09:34:26.696893+00:00,individual,"🔳 TRHEE MONTH USED ONLY AS LIKE AS NEW CONDITION.73% TIME
🔳 Storage: 12/256gb
🔳 Colour: ORRANGE
◾ Original Cable AND BOX




🔰 Our Speciality......................................

◾Original & Non-Refurbished Product
◾Emi Facilities Available*
◾Accept Visa, Master Card
◾Delivery Facility inside & Outside ctg.
◾Phone Exchange Facilities*
◾ All Products Original And Genuine. 
◾Our All Product 7 Days replacement And 1 year Service Warranty



🔰 Our Showroom Address:


Rony Enterprise (Since 2007)
Bali Arcade Shopping Center
4th Floor, Shop no 03(infront of chawkbazar Post Office
Sirajuddula Road, Chawkbazar, Chattogram Show more"
New Apple iPhone 18 Pro 256 GB,189999,Brand New,"Chattogram, CDA Avenue",6 hours ago,https://bikroy.com/cda-avenue/mobile-phones/new-apple-iphone-18-pro-256-gb-rVOJcIYHs7JjsZeKgEN31Gjm.html,3,2026-10-03T09:34:27.793306+00:00,individual,"iPhone 18 Pro
256GB/512GB/1TB available!
EMI facility up to 36 months is available through credit cards from more than 20 banks. (*Conditions apply*)"
New Apple iPhone 17 Pro Max 256 GB Orange,158999,Brand New,"Chattogram, CDA Avenue",6 hours ago,https://bikroy.com/cda-avenue/mobile-phones/new-apple-iphone-17-pro-max-256-gb-orange-sc78jNGvXnXnCoefIQoTRX1R.html,3,2026-10-03T09:34:28.244767+00:00,individual,"JP variant
Display: 6.9"" LTPO Super Retina XDR OLED, 120Hz with 3000 nits peak brightness
Camera: 48MP triple camera with periscope zoom, LiDAR scanner, and 4K Dolby Vision video
Processor: Apple A19 Pro (3nm) with 6-core GPU
Battery: Up to 5088mAh
EMI facilities are available for up to 36 months through credit cards with more than 20 banks. (*Conditions apply*)"
Apple iPhone 17 CANADA BRAND NEW (Brand New),120000,Brand New,"Chattogram, Chawkbazar",3 hours ago,https://bikroy.com/chawkbazar/mobile-phones/apple-iphone-17-canada-brand-new-brand-new-dZOMhZI7wxvPld4PST30rdSL.html,0,2026-10-03T09:34:29.145652+00:00,individual,"🔳 INTACT SEAL PACK
🔳 Storage: 12/256GB
🔳 Colour: WHITE
◾ Box And Original Cable


🔰 Our Speciality......................................


◾Original & Non-Refurbished Product
◾Emi Facilities Available*
◾Accept Visa, Master Card
◾Delivery Facility inside & Outside ctg.
◾Phone Exchange Facilities*
◾Our All Products Original And Genuine. 
◾Our All Product 7 Days replacement And 1 year Service Warranty


🔰 Our Showroom Address:

Rony Enterprise (Since 2007)
Bali Arcade Shopping Center
4th Floor, Shop no 03(infront of chawkbazar Post Office
Sirajuddula Road, Chawkbazar, Chattogram Show more"
New Apple iPhone 18 Pro Max 512 GB,244999,Brand New,"Chattogram, CDA Avenue",6 hours ago,https://bikroy.com/cda-avenue/mobile-phones/new-apple-iphone-18-pro-max-512-gb-1larUTUES8shg1uqVqvMxly3.html,3,2026-10-03T09:34:29.497157+00:00,individual,"IPhone 18 pro max 512GB Global version.
Also 256GB and 1TB available.
If you are interested, let me know in DM."
New Apple iPhone 17 Pro Max 256 GB Silver,158000,Brand New,"Chattogram, Chandgaon",28/09,https://bikroy.com/chandgaon/mobile-phones/new-apple-iphone-17-pro-max-256-gb-silver-8oTsQ6Mt1s5ew3aiszsCRzLg.html,5,2026-10-03T09:34:30.301219+00:00,individual,IPhone 17 Pro Max. Singapore Varrient. 256 GB. Battery Health 97
Apple iPhone 17 Pro 256 GB Purple,131990,Used,"Chattogram, CDA Avenue",3 hours ago,https://bikroy.com/cda-avenue/mobile-phones/apple-iphone-17-pro-256-gb-purple-yKqronSLFaMGrOnHTFv3QpWe.html,3,2026-10-03T09:34:30.800815+00:00,individual,"iPhone 17 Pro 256GB 🇱🇷 USA Variant 📱✨

🔋 Battery Health: 100%

✅ Cycle Count: 152

📍 First Use in MAY 2026

✨ Condition: Full Fresh

🛡️ Apple Warranty Available till May 2027

💰 Offer Price: Only ৳1,31,990/-

আজই Decent থেকে"
Apple iPhone 16 128 GB,72000,Used,"Chattogram, Chawkbazar",4 hours ago,https://bikroy.com/chawkbazar/mobile-phones/apple-iphone-16-128-gb-ft4utNR4mq9RhVBNcZbudBEE.html,3,2026-10-03T09:34:31.655463+00:00,individual,"iPhone 16
128GB
I have more pictures available
Teal, Ultramarine,
Battery health 90%, 95%, 100%."
Apple iPhone 16 Pro Max 256 GB Gold,99500,Used,"Chattogram, Khulshi",20/09,https://bikroy.com/khulshi/mobile-phones/apple-iphone-16-pro-max-256-gb-gold-C0srz1H0Yv9lERtupwuhraye.html,3,2026-10-03T09:34:31.757753+00:00,individual,"iPhone 16 Pro Max 256GB — SELL & EXCHANGE 
 Battery Health: 89%
 Fresh & well-maintained
 Camera & Face ID: Perfect
 No repair / No issue
 Cash Price: ৳99,500
 Exchange:
Will exchange with iPhone 17 Pro
 Will add cash if needed.
 Inbox if interested.
 Serious buyers only."
Apple iPhone 14 Pro Max 256 GB Blue,75000,Used,"Chattogram, Chawkbazar",19/09,https://bikroy.com/chawkbazar/mobile-phones/apple-iphone-14-pro-max-256-gb-blue-ypPp9Ei3UshSeCmnlQ36Bh7t.html,3,2026-10-03T09:34:32.411193+00:00,individual,"IPhone 14 Pro 256GB USA Variant — For Sale
iPhone 14 Pro 256GB USA variant will be sold. The phone is in very good condition and has no hardware or software issues.
 256GB Storage
 6GB RAM
 Battery Health: 78%
 Dual eSIM — No Physical SIM
 Face ID 100% OK
 True Tone 100% OK
 Camera & Display all okay
 No scratch"
Apple iPhone 16 Pro 128 GB Rose Gold,110000,Used,"Chattogram, Oxygen",10/09,https://bikroy.com/oxygen/mobile-phones/apple-iphone-16-pro-128-gb-rose-gold-39Kpz2geyGBN5hC0oKU43H9b.html,5,2026-10-03T09:34:32.838009+00:00,individual,"IPhone 16 Pro
With Box all
128GB Storage
US Variant
Battery Health: 92%
Mobile condition--100% fresh
Contact 013XXXXXXXX"
Apple iPhone 14 Pro Max 256 GB Purple,65000,Used,"Chattogram, Agrabad",12/09,https://bikroy.com/agrabad/mobile-phones/apple-iphone-14-pro-max-256-gb-purple-aoR0rCa42tuFwEthfUCOw8Ao.html,5,2026-10-03T09:34:33.446137+00:00,individual,"iPhone 14 Pro Max
3uTools score 98%
Storage 256GB
Battery health 80%
All parts original
Amazing camera
1 physical SIM, 1 eSIM
Face ID, True Tone, everything works great
No issues or problems at all
Check thoroughly before taking it
Cash memo and cover will be provided"
Apple iPhone 15 128gb Usa (Brand New),67990,Brand New,"Chattogram, Nasirabad",4 hours ago,https://bikroy.com/nasirabad/mobile-phones/apple-iphone-15-128gb-usa-brand-new-nhuxyhwhUhFf4Dj7NdrjmVeC.html,2,2026-10-03T09:34:34.187528+00:00,individual,"Decent brings you Just System Active iPhone 15 — in almost new condition 🔥

Enjoy a fresh feel, full performance, and a premium experience at a more affordable price 🚀

🔥 iPhone 15 (Just System Active)

📱 6.1” Super Retina XDR Display | ⚡ A16 Bionic Chip | 📸 48MP Camera | 🔋 Enjoy All-Day Battery Life 💎
 
👉 Get an almost new device at a much lower price with Just System Active 🔥

▪ EMI (Up to 36 Months)
▪ Exchange Offer
▪ Free Home Delivery
▪ Instant Shop Pickup

📦 1 Year Replacement Guarantee 🚀

💬 

📍𝐅𝐢𝐧𝐥𝐚𝐲 𝐒𝐪𝐮𝐚𝐫𝐞, Level-4, Shop-406, 2 No Gate, Nasirabad, Chattogram
📍𝐅𝐢𝐧𝐥𝐚𝐲 𝐒𝐨𝐮𝐭𝐡 𝐂𝐢𝐭𝐲, Level-5, Shop-525, Baddarhat, Chattogram

#decentbd 🔥 Show more"
Apple iPhone 15 Pro Max 256 GB Black,95000,Used,"Chattogram, Pahartali",22/09,https://bikroy.com/pahartali/mobile-phones/apple-iphone-15-pro-max-256-gb-black-6ADTIrP3Ht3Wny2acOVh5Sei.html,5,2026-10-03T09:34:34.989257+00:00,individual,"I am selling this because I will buy another phone. There are no problems with the phone.
It comes with the original twenty-watt charger.
Please contact if you are interested in buying."
Apple iPhone 14 Pro 128 GB White,65000,Used,"Chattogram, Raozan",23/09,https://bikroy.com/raozan/mobile-phones/apple-iphone-14-pro-128-gb-white-uHTp9JXVOvqjXyk5cujoW5F0.html,5,2026-10-03T09:34:35.501759+00:00,individual,"Everything is authentic. You can check before buying, no issues. I am selling it because I urgently need money."
Apple iPhone 15 Pro Max 256 GB Blue,90999,Used,"Chattogram, Agrabad",09/09,https://bikroy.com/agrabad/mobile-phones/apple-iphone-15-pro-max-256-gb-blue-uaR5kf3pmj5kSXp8GYiJNhy1.html,3,2026-10-03T09:34:36.210938+00:00,individual,"IPhone 15 Pro Max
Storage: 256GB
Bh-89% (J/A varient )
Almost brand-new condition, not any single problem, not any scratch or dent.
FacelD, True-Tone everything working perfectly... 
Price almost fixed, don't say any insulting price and don't insult yourselt... 
Location: Agrabad, Chittagong"
Apple iPhone 14 Pro Max 128 GB Black,67990,Used,"Chattogram, CDA Avenue",3 hours ago,https://bikroy.com/cda-avenue/mobile-phones/apple-iphone-14-pro-max-128-gb-black-moEX7VePCwU0zRId8UoBc1Fk.html,4,2026-10-03T09:34:37.007347+00:00,individual,"14 pro max usa 128gb
battray 86%
full fresh 
15 days replacement gurranty 
1 year service warranty 
DecDecent,Finlay"
Apple iPhone 14 Pro Max 256GB Singapore (Used),74990,Used,"Chattogram, Nasirabad",3 hours ago,https://bikroy.com/nasirabad/mobile-phones/apple-iphone-14-pro-max-256gb-singgaapur-used-2V48IhsumIeyOW45yMt25Bsc.html,5,2026-10-03T09:34:37.656521+00:00,individual,"🔥 Hot Deal — Grab It Before It’s Gone! 🔥

📱 Apple iPhone 14 Pro Max

💾 256GB | 🔋 Battery Health 82%

💰 Price: 74,990💥💥

✨ Experience premium feel + super smooth performance

📸 Capture stunning shots with the flagship camera

📦 Ready stock — first come, first serve

⚠️ Serious buyers only

🛡️ Enjoy 15 days replacement + lifetime service warranty

📞 

🌐 www.decentbd.com

📍𝐅𝐢𝐧𝐥𝐚𝐲 𝐒𝐪𝐮𝐚𝐫𝐞, Level-4, Shop-406, 2 No Gate, Nasirabad, Chattogram

📍𝐅𝐢𝐧𝐥𝐚𝐲 𝐒𝐨𝐮𝐭𝐡 𝐂𝐢𝐭𝐲, Level-5, Shop-525, Bahaddarhat, Chattogram

#iPhoneDeal #UsediPhoneBD #ChattogramDeals #AppleBD #BestPrice #decentbd Show more"
Apple iPhone 15 128gb global (Used),64999,Used,"Chattogram, Nasirabad",3 hours ago,https://bikroy.com/nasirabad/mobile-phones/apple-iphone-15-128gb-global-used-lnu379kZ9FiDFcv72UT3keF7.html,4,2026-10-03T09:34:38.208529+00:00,individual,"🔥 Hot Deal Alert — Don’t Miss This! 🔥

📱 Apple iPhone 15 (Global)



💾 128GB Storage | 🔋 Battery Health 99% 🔄 Cycle: 192



🛡️ Warranty Available till October 2026



⚡ Offer Price: 65990/- 💥💥



✨ Premium design with lightning-fast performance

📸 Pro camera experience for stunning shots



📦 Ready stock — first come, first serve

⚠️ Serious buyers only



🛡️ All our used devices come with 15 days replacement + lifetime service warranty



📞 Call Now: 



🌐 www.decentbd.com



📍𝐅𝐢𝐧𝐥𝐚𝐲 𝐒𝐪𝐮𝐚𝐫𝐞, Level-4, Shop-406, 2 No Gate, Nasirabad, Chattogram

📍𝐅𝐢𝐧𝐥𝐚𝐲 𝐒𝐨𝐮𝐭𝐡 𝐂𝐢𝐭𝐲, Level-5, Shop-525, Bahaddarhat, Chattogram



#iphone15 #iPhoneDeal #UsediPhoneBD #ChattogramDeals #AppleBD #BestPrice #iPhoneSale #decentbd Show more"
Apple iPhone 16 Pro Max 256 GB Rose Gold,115000,Used,"Chattogram, Halishahar",2 days ago,https://bikroy.com/halishahar/mobile-phones/apple-iphone-16-pro-max-256-gb-rose-gold-iM6S4CiHruQSq2ptpEdn50sW.html,4,2026-10-03T09:34:39.055839+00:00,individual,"Mobile 100% Completely Fresh, BH: 95%, BC: 284.
Price almost fixed.
You must come to my location to take the phone."
Apple iPhone 16 Plus 128 GB Blue,80000,Used,"Chattogram, Baizid",19/09,https://bikroy.com/baizid/mobile-phones/apple-iphone-16-plus-128-gb-blue-wLToTUDmwibGcFFtHHMbESUq.html,5,2026-10-03T09:34:39.708299+00:00,individual,"iPhone 16 Plus will be sold. The phone is brand new and in good condition. Interested buyers please contact in inbox. Necessary detailed information, pictures and other things will be given in message.
Price: Taka
Location: Chattogram"
Apple iPhone 15 Pro 256 GB Blue,91000,Used,Chattogram,2 days ago,https://bikroy.com/chattogram/mobile-phones/apple-iphone-15-pro-256-gb-blue-1ePv7HnsuNgFX7b6UUClNmtg.html,4,2026-10-03T09:34:40.346177+00:00,individual,"iPhone 15 Pro 256GB Middle East
92% Blue Titanium (all genuine)
Used as 2nd phone, first user phone
Condition 99/100
Location a must
Real buyers only!!"
Apple iPhone 15 Plus 256GB GLOBAL FULL BOX (Used),75000,Used,"Chattogram, Chawkbazar",4 hours ago,https://bikroy.com/chawkbazar/mobile-phones/apple-iphone-15-plus-256gb-global-ful-box-used-7Xz7tqParg0zCtJxnTRrhxV6.html,0,2026-10-03T09:34:41.104454+00:00,individual,"🔳 96% BATTERY HEALTH. AS LIKE AS NEW
🔳 Storage: 6/256GB
🔳 Colour: PINK
◾ Box And Original Cable



🔰 Our Speciality......................................

◾Original & Non-Refurbished Product
◾Emi Facilities Available*
◾Accept Visa, Master Card
◾Delivery Facility inside & Outside ctg.
◾Phone Exchange Facilities*
◾Our All Product 7 Days replacement And 1 year Service Warranty



🔰 Our Showroom Address:

Rony Enterprise (Since 2007)
Bali Arcade Shopping Center
4th Floor, Shop no 03(infront of chawkbazar Post Office
Sirajuddula Road, Chawkbazar, Chattogram Show more"
New Apple iPhone 15 Plus 256 GB Pink,79990,Brand New,"Chattogram, Baizid",3 hours ago,https://bikroy.com/baizid/mobile-phones/new-apple-iphone-15-plus-256-gb-pink-zaIvEoNR5e3voQJzpXqd1LzB.html,3,2026-10-03T09:34:41.843022+00:00,individual,"Get the iPhone 15 Plus 256GB (USA Variant) now at an offer price at Decent! 

Decent brings you the iPhone 15 Plus USA Variant — right within your reach 

 iPhone 15 Plus (USA Variant) - 
Finlay Square, Level-4, Shop-406, 2 No Gate, Nasirabad, Chattogram
Finlay South City, Level-5, Shop-525, Bahaddarhat, Chattogram"
Apple iPhone 16 128 GB Blue,70000,Used,"Chattogram, Kotwali, Chattogram",08/09,https://bikroy.com/kotwali/mobile-phones/apple-iphone-16-128-gb-blue-CsKJJ52KXROyVTjWc5UIzygh.html,3,2026-10-03T09:34:42.357159+00:00,individual,"Rom: 128Gb
Colour: Ultramarine
Health: 89
With box& cash memo"
Apple iPhone 14 Pro 128GB GLOBAL (Used),64999,Used,"Chattogram, Nasirabad",3 hours ago,https://bikroy.com/nasirabad/mobile-phones/apple-iphone-14-pro-128gb-global-used-dZuo3QhDw788q0uUYFMeipL.html,2,2026-10-03T09:34:43.052780+00:00,individual,"🔥 Hot Deal Alert — iPhone 14 Pro Deal at Decent! 🔥

📱 iPhone 14 Pro 🌍 (Global) | 💾 256GB

🔋 Battery Health: 87% / 88% / 89%



✨ Premium Design & Flagship Performance

📸 Pro Camera | ⚡ Super Smooth Experience



💰 Best Deal — Grab Yours Now!



📦 Ready Stock

⚡ First Come, First Serve

🚨 Serious Buyers Only



📞 Call Now: 

🌐 www.decentbd.com



📍𝐅𝐢𝐧𝐥𝐚𝐲 𝐒𝐪𝐮𝐚𝐫𝐞, Level-4, Shop-406, 2 No Gate, Nasirabad, Chattogram

📍𝐅𝐢𝐧𝐥𝐚𝐲 𝐒𝐨𝐮𝐭𝐡 𝐂𝐢𝐭𝐲, Level-5, Shop-525, Bahaddarhat, Chattogram



#iPhone14Pro #iPhoneDeal #UsediPhoneBD #ChattogramDeals #AppleBD #BestPrice #iPhoneSale #decentbd Show more"
Apple iPhone 12 128 GB Blue,24000,Used,"Chattogram, Halishahar",2 days ago,https://bikroy.com/halishahar/mobile-phones/apple-iphone-12-128-gb-blue-hq51b49bK5kBEpCeVM8iWpCC.html,5,2026-10-03T09:34:43.787268+00:00,individual,"I phone 12
Box available
Everything all okay"
Apple iPhone 13 Pro Max 256 GB Silver,40000,Used,"Chattogram, Halishahar",08/09,https://bikroy.com/halishahar/mobile-phones/apple-iphone-13-pro-max-256-gb-silver-pgkLj5PhiaKGlv8LiqPJbl2l.html,5,2026-10-03T09:34:44.391411+00:00,individual,"আসসালামু আলাইকুম... 
এটা আজকে আমি প্রায় ১০/১১ মাস হয়েছে ইউজ করতেছি... ডিসপ্লে চেঞ্জড,ব্যাটারি হেলথ ৭৩%... শুধু মাত্র গেমিং এর জন্য ইউজ করছি... এখন ৩/৪ মাস যাবত ইউজ করা কমিয়ে দিছি... 
 কল... লোকেশন মাস্ট বি আসতে হবে... সিকিউরিটি পারপাসে যা লাগবে দেওয়া যাবে"
Apple iPhone 11 256 GB White,33000,Used,"Chattogram, Mirsharai",06/09,https://bikroy.com/mirsharai/mobile-phones/apple-iphone-11-256-gb-white-dR2RICTSDjwduSY51eCceNPT.html,3,2026-10-03T09:34:44.847571+00:00,individual,"Ipon 11
ব্যটারি:৮৮
পেস আইডি :ok
ওয়াটারপ্রুর্ব:ok
বক্স আচে 
চার্জার ওরজনাল
দাম।:৩৩০০০"
Apple iPhone 13 128 GB White,39000,Used,"Chattogram, Nasirabad",28/09,https://bikroy.com/nasirabad/mobile-phones/apple-iphone-13-128-gb-white-xmW8PUiKzCEoa5hHbiUdrRg9.html,5,2026-10-03T09:34:45.655588+00:00,individual,"iPhone 13 
Color: White
128GB 
Battery Health: 78% 
Japanese variant
Cash memo 
1 cover 🫶"
Apple iPhone 13 128GB GLOBAL (Used),41999,Used,"Chattogram, Nasirabad",4 hours ago,https://bikroy.com/nasirabad/mobile-phones/apple-iphone-13-128gb-global-used-3AJJuwr1UUqmsga7mmIpbvkt.html,0,2026-10-03T09:34:47.056996+00:00,individual,"🔥 iPhone 13 (128GB) – Pre-Owned 🔥
💯 Battery Health: 91%–95%
📦 Storage: 128GB

✨ Enjoy smooth performance, an excellent camera, and a premium feel on a budget.

🛡️ 15-day replacement guarantee
🔧 Lifetime service warranty

💰 Price: 41,990/-

📞 Call Now 018XXXXXXXX Show more"
Apple iPhone 13 Pro 128 GB Black,45500,Used,"Chattogram, Agrabad",16/09,https://bikroy.com/agrabad/mobile-phones/apple-iphone-13-pro-128-gb-black-uDardxSCLy9rfaxn9XOhGjoL.html,5,2026-10-03T09:34:47.406537+00:00,individual,"All ok
Authentic set 
128gb
Battery Health 73%
Set + cover + cash memo 
Waterproof is intact
Must come to location to buy"
New Apple iPhone 11 128 GB Green,24999,Brand New,"Chattogram, Fatikchari",22/09,https://bikroy.com/fatikchari/mobile-phones/new-apple-iphone-11-128-gb-green-w4gxNlG00v9Y5S5kKcgGpOrC.html,5,2026-10-03T09:34:47.455839+00:00,individual,"Bought from Kuwait brand new in 2022.
First user - single hand use kora as main device.
Full body poly kora.
Like brand new condition.
128GB Variant,
Battery health 74 still nice usable backup.
No repair history, All parts genuine.
Not a single problem except display te halka crack ache but using e akto poriman prblm hoi na.
Location Chittagong."
New Apple iPhone 12 Pro 128 GB Blue,39000,Brand New,"Chattogram, Chawkbazar",11/09,https://bikroy.com/chawkbazar/mobile-phones/new-apple-iphone-12-pro-128-gb-blue-2Ai2JChbjeeJA0k7z5GpiyA8.html,3,2026-10-03T09:34:48.156607+00:00,individual,"Battery Health 82%. Box, charger, and 3 covers will be provided along with it."
Apple iPhone 12 mini 64 GB Purple,27000,Used,"Chattogram, Mirsharai",18/09,https://bikroy.com/mirsharai/mobile-phones/apple-iphone-12-mini-64-gb-purple-A6CA32nYqKv7ui3Qi2hImmxR.html,3,2026-10-03T09:34:49.105314+00:00,individual,"Battery 83%
Face ID and True Tone are ok
Charger is available"
Apple iPhone 12 Pro Max 128 GB Gray,42000,Used,"Chattogram, Chawkbazar",08/09,https://bikroy.com/chawkbazar/mobile-phones/apple-iphone-12-pro-max-128-gb-gray-eNAB777gAcM45kKzk4WMHYKl.html,3,2026-10-03T09:34:49.809201+00:00,individual,"Grey
128 gb
BT 82% authentic 
Cash memo ,cable Nid"
Apple iPhone 12 Pro 256 GB Blue,33990,Used,"Chattogram, CDA Avenue",3 hours ago,https://bikroy.com/cda-avenue/mobile-phones/apple-iphone-12-pro-256-gb-blue-smYbVlx2lMNw2blMsU4NcXZJ.html,3,2026-10-03T09:34:50.654054+00:00,individual,"Pre-Owned iPhone Deal! 
 iPhone 12 Pro (256GB)
 Battery Health: 77%
 Full Fresh Condition
 Offer Price: 33,990 BDT Only!"
Apple iPhone 14 128 GB White,44990,Used,"Chattogram, CDA Avenue",3 hours ago,https://bikroy.com/cda-avenue/mobile-phones/apple-iphone-14-128-gb-white-i9wkjm7v34rrOZyc7WVHe3gG.html,3,2026-10-03T09:34:50.961336+00:00,individual,"iPhone 14 — Hot Deal at Decent 

Apple iPhone 14 (Global)

128GB | 🔋 Enjoy 84% Battery Health



Capture stunning photos with a Powerful Camera for daily use

Delivery Available |

15-day replacement guarantee | Lifetime service warranty 018XXXXXXXX"
Apple iPhone 13 Mini 256 GB Red,36000,Used,"Chattogram, Sholashahar",18/09,https://bikroy.com/sholashahar/mobile-phones/apple-iphone-13-mini-256-gb-red-uIPL31w2hSgrJ8mT7mv58rQm.html,5,2026-10-03T09:34:51.438384+00:00,individual,"iPhone 13 mini
Rom: 256GB
Battery Health: 81% Genuine
Face ID
True Tone
AA/A Variant...
No repair history
All everything genuine
Camera boom
Check and take as much as you like
Must come to location if buying
Location... 2nd gate
Only phone + security whatever is needed"
Apple iPhone 13 128 GB Blue,45000,Used,"Chattogram, Patenga",18/09,https://bikroy.com/patenga/mobile-phones/apple-iphone-13-128-gb-blue-7Zc4sHN7fB8EDGTvawP4OOsw.html,5,2026-10-03T09:34:52.155589+00:00,individual,"Phone is fully fresh, no repair work has been done, battery health is 87%, I am the 1st owner, whoever takes it will be the 2nd, lamination done, Face ID, True Tone, all ok"
Apple iPhone 13 256 GB Red,45000,Used,"Chattogram, Chawkbazar",4 hours ago,https://bikroy.com/chawkbazar/mobile-phones/apple-iphone-13-256-gb-red-hr0cdCSFGaZhBsYBcdKmIn7p.html,3,2026-10-03T09:34:52.859835+00:00,individual,"Iphone 13 
used, 256GB
Full Boxed
Battery Health 88%
condition is Good."
Apple iPhone 11 Pro Max 256 GB Silver,30000,Used,"Chattogram, Agrabad",04/09,https://bikroy.com/agrabad/mobile-phones/apple-iphone-11-pro-max-256-gb-silver-ax3QcNtt3WVkQyt72iHQBhYV.html,5,2026-10-03T09:34:53.409629+00:00,individual,"Kono issues nei phone chalay moja paben ar ha kono sommosa  nai phone a just old model 
79% bh"
Apple iPhone 13 Pro Max 256 GB Green,52000,Used,"Chattogram, Halishahar",04/09,https://bikroy.com/halishahar/mobile-phones/apple-iphone-13-pro-max-256-gb-green-bp7o8ns6SSs5nOWIePtBEe8x.html,3,2026-10-03T09:34:54.106537+00:00,individual,Green iPhone 13 Pro Max. No box.
Apple iPhone 11 128GB (Used),24999,Used,"Chattogram, Nasirabad",3 hours ago,https://bikroy.com/nasirabad/mobile-phones/apple-iphone-11-128gb-used-7vUPa6akVPotYxN7TucTuzzS.html,0,2026-10-03T09:34:54.559606+00:00,individual,"🔥 Hot Deal Alert — iPhone 11 USA Variant! 🔥

📱 Apple iPhone 11 🇺🇸

💾 128GB Storage | 🔋 Battery Health 73%

⚡ Offer Price: 24,990/- 💥💥

✨ Experience premium design with smooth performance

📸 Capture great shots with the high-quality camera

📦 Ready Stock — First Come, First Serve

⚠️ Serious Buyers Only

🚚 Delivery Available | 🔄 Exchange Available | 💳 EMI Available

🛡️ 15-day replacement guarantee | Lifetime service warranty

📞 

🌐 www.decentbd.com

📍Finlay Square, Level-4, Shop-406, 2 No Gate, Nasirabad, Chattogram

📍Finlay South City, Level-5, Shop-525, Bahaddarhat, Chattogram

#iPhone11 #iPhoneDeal #UsediPhoneBD #ChattogramDeals #AppleBD #BestPrice #iPhoneSale #decentbd Show more"
Apple iPhone 17 Pro 256 GB Orange,122000,Used,"Dhaka, Mirpur",16/09,https://bikroy.com/mirpur/mobile-phones/apple-iphone-17-pro-256-gb-orange-7J9zMOAw7codPQE34n05hSRA.html,5,2026-10-03T09:34:55.358621+00:00,individual,"iPhone 17 Pro orange color with customized dual physical SIM and e-SIM. No cracks or scratches.
For more details-"
Apple iPhone 16 Pro Max 512 GB Rose Gold,120000,Used,"Dhaka, Basundhara",17 hours ago,https://bikroy.com/basundhara/mobile-phones/apple-iphone-16-pro-max-512-gb-rose-gold-dwC8flu2W6qS4r8aRIMHFV7j.html,4,2026-10-03T09:34:55.954543+00:00,individual,"Selling my personally used, like new, only for one year 16 Pro Max
no dents, no scratches, no cracks
Picture is with screen protectors, actual screen is not damaged
Comes with original box
Battery health: 86%"
Apple iPhone 17 Pro 256 GB Orange,134000,Used,"Dhaka, Jamuna Future Park",6 hours ago,https://bikroy.com/jamuna-future-park/mobile-phones/apple-iphone-17-pro-256-gb-orange-6irIEhD0fGhPk1kfhpRO8orZ.html,5,2026-10-03T09:34:56.409285+00:00,individual,"Specifications:
Model: iPhone 17Pro 
Storage: 256
Battery Health: 100%
Japan Variant
 Special Benefits:
 Smooth performance
 Attractive and premium design
 Facility to check and buy
Warranty : 10days Replacement Guarantee and 1year service Warranty. 
 Shop Name: GIB
 Address:
Jamuna Future Park, West Court, Level-4, Block-A, Shop No: 28A1, Dhaka."
Apple iPhone 16 Pro Max 256 GB Black,120000,Used,"Dhaka, Mirpur",21/09,https://bikroy.com/mirpur/mobile-phones/apple-iphone-16-pro-max-256-gb-black-aETzyW1dOs74PMhdQGSCrSU6.html,3,2026-10-03T09:34:56.956803+00:00,individual,100 percent battery health no cracks
Apple iPhone 17 Pro Max 256 GB Orange,142000,Used,"Dhaka, Shyamoli",3 hours ago,https://bikroy.com/shyamoli/mobile-phones/apple-iphone-17-pro-max-256-gb-orange-3eGd2719PHofOQkfNYfd85Pt.html,3,2026-10-03T09:34:57.707733+00:00,business,"iPhone 17 Pro Max 
 96%
 Condition: Full Box | Full fresh
 Australia
  EXCHANGE POSSIBLE
 100% Authentic Product
 EMI Facility (On cards of 36 banks)
 Card Less EMI facility available. 
 Cash On Delivery all over the country
⸻
 Shop Location:
Phone-e
Shop No: 573, Level-5
Shyamoli Square Shopping Mall, Dhaka"
Apple iPhone 17 Pro Max 256 GB Orange,136999,Used,"Dhaka, Mohammadpur",7 hours ago,https://bikroy.com/mohammadpur/mobile-phones/apple-iphone-17-pro-max-256-gb-orange-zPbAElsG5kkBx02qmeqRGeRp.html,5,2026-10-03T09:34:58.403045+00:00,individual,"IPHONE 17PRO MAX 256GB at. BDT

.
.
.

Product details:

IPHONE 17 PRO MAX (COSMIC ORANGE)
256GB 
Battery health 97%
GLOBAL VARIANT (one physical & one e-sim)
Device, cable & cash memo 
Apple warranty available upto 2027

Available at GULSHAN BRANCH"
Apple iPhone 16 Pro Max 256 GB Silver,120000,Used,"Dhaka, Bashundhara City",6 hours ago,https://bikroy.com/bashundhara-city/mobile-phones/apple-iphone-16-pro-max-256-gb-silver-fvUTILQUGAT4iGzU8xTgnDyu.html,3,2026-10-03T09:34:59.105648+00:00,individual,"10 days replacement guarantee
2 years service warranty
Safe courier service all over the country
Attractive exchange offer
Basement-1, Shop-84, Bashundhara City Shopping Mall
Prices are subject to change. Please contact via WhatsApp before coming."
Apple iPhone 17 Pro 256 GB Orange,130000,Used,"Dhaka, Uttara",3 hours ago,https://bikroy.com/uttara/mobile-phones/apple-iphone-17-pro-256-gb-orange-8P0i5IV54pBElcifYXcFI6sR.html,3,2026-10-03T09:34:59.605923+00:00,individual,"iPhone 17 Pro 
 Storage: 256GB
 Color: Cosmic Orange 
 Battery Health: 99%
 Variant: Global
 SIM: Physical SIM + eSIM
 Excellent Condition
 A19 Pro Chip
 6.3"" Super Retina XDR OLED | ProMotion 120Hz
 Exchange Hub
 Shop No: 610, 611, 628 & 629, Level-6
Tropical Alauddin Tower, Sector 3, Road 2
Rajlaxmi, Uttara, Dhaka"
Apple iPhone 17 Pro Max 256 GB Silver,145999,Used,"Dhaka, Bashundhara City",4 hours ago,https://bikroy.com/bashundhara-city/mobile-phones/apple-iphone-17-pro-max-256-gb-silver-uPvsoYAYR7szMaGq14FBQ913.html,5,2026-10-03T09:35:00.159732+00:00,individual,"iPhone 17 Pro Max — 256 GB | Silver
Battery Health 100%
Charging Cycles Only 85
Warranty Until July 2027
Japan Variant
Fresh & Premium Condition
Visit Our Shop
Basement-2, Shop No: 94
Basundhara City Shopping Complex
Panthapath Dhaka 1215
Easily find our shop on the left side immediately after heading down via the escalator."
Apple iPhone 16 Pro Max 256 GB Black,115000,Used,"Dhaka, Badda",05/09,https://bikroy.com/badda/mobile-phones/apple-iphone-16-pro-max-256-gb-black-pwuGYdPCC3J1hw7x0QJw1QXO.html,5,2026-10-03T09:35:00.989827+00:00,individual,"Iphone 16 pro max 256gb usa variant 100 bh cycle count 75 .warranty available March,2027 ."
Apple iPhone 16 Pro Max 256 GB Rose Gold,114000,Used,"Dhaka, Dhanmondi",4 hours ago,https://bikroy.com/dhanmondi/mobile-phones/apple-iphone-16-pro-max-256-gb-rose-gold-5QIOGApcaastYt7L5a0tNAfh.html,5,2026-10-03T09:35:01.593066+00:00,individual,"16 promax
256/88%bh with box 
USA verient full fresh
Price:114000"
Apple iPhone 16 Pro Max (Used),114990,Used,"Dhaka, Mohammadpur",22 min ago,https://bikroy.com/mohammadpur/mobile-phones/apple-iphone-16-pro-max-used-5X82XxLQZwoiTt8KVEzCtifh.html,5,2026-10-03T09:35:02.104974+00:00,individual,"iPhone 16 pro max (with box)🔥3x/a
       
          BEST OFFER PRICE
     💥With Best condition 💯

🔥👀EXCHANGE OFFER IS AVAILABLE 👀🔥

👉EMI is available for credit card ☑️☑️


Phone Details ✔️
- variant ( Australia )🇦🇺
- Dual sim card 🔥
- Storage ( 256 )GB🔥
- Battery (93%)☑️
- All parts original ☑️

☑️☑️(no service history one hand used)☑️☑️

- One hand used ☑️
- Desert colour☑️
- 20w charging capacity☑️ 

👉 You can come directly to our shop and check the phone before buying, our shop address is
   
Shop Name :Ab international 
Level -06 Shop number-(657,658)
Tokyo Square,Japan garden city, Mohammadpur,Dhaka-1207
                          এবং
🌏 Cash on delivery is available all over Bangladesh (you must pre-book) and conditional charges will be added.


👉 No more worries about buying a USED phone because we are giving 100% original and authentic phones. 
👉If there is any problem within 7 days, it will be replaced (Expect display issues)
👉One year free service warranty
👉 Lifetime security guarantee will be given. 
👉 Later you can exchange or cash sell another phone from us. Show more"
Apple iPhone 16 Pro Max 256 GB,119000,Used,"Dhaka, Savar",19/09,https://bikroy.com/savar/mobile-phones/apple-iphone-16-pro-max-256-gb-ilMPnEdO2vguf69F9x2w66QJ.html,5,2026-10-03T09:35:02.757289+00:00,individual,"Phone is in full fresh condition, just selling it because I will get an 18 Pro Max."
Apple iPhone 16 Pro Max 256 GB Black,115000,Used,"Dhaka, Malibag",2 days ago,https://bikroy.com/malibag/mobile-phones/apple-iphone-16-pro-max-256-gb-black-oQImZjOsVCtclkc7pd4S8Ojf.html,5,2026-10-03T09:35:03.307747+00:00,individual,"Full fresh 
Australia variant 
256 GB
Battery health 94
Charging cycle 294 
With Box 
Original apple 20w charger 
No scratch No dents 
Price almost fixed no bargain
Only call no sms"
Apple iPhone 17 Pro Max 1 TB Blue,186000,Used,"Dhaka, Shyamoli",26 min ago,https://bikroy.com/shyamoli/mobile-phones/apple-iphone-17-pro-max-1-tb-blue-mxRsJSSu7GpUvJQWhihoKaud.html,3,2026-10-03T09:35:03.993656+00:00,individual,"Apple iPhone 17 Pro Max 1TB Blue
 1TB Storage
 100% Battery Health
Australia Version (Physical SIM + eSIM)
 Like New Condition
 Stunning Blue Color
 Best Price"
Apple iPhone 16 Pro Max 256 GB Black,126999,Used,"Dhaka, Mohammadpur",7 hours ago,https://bikroy.com/mohammadpur/mobile-phones/apple-iphone-16-pro-max-256-gb-black-5amHPsLgV6Jme1boZKpLVzFQ.html,5,2026-10-03T09:35:04.692816+00:00,individual,"IPHONE 16 PRO MAX (JUST ACTIVATED) 

2 months replacement guarantee, 1 month battery health guarantee & 3 years service warranty  

.
.
.

Product details:

IPHONE 16 PRO MAX (BLACK)  
256GB  
Battery health 100%  
USA Variant 🇺🇸
Original Box, Device & cash memo  
 

Available at Gulshan branch"
Apple iPhone 16 Pro Max 256 GB Black,123000,Used,"Dhaka, Basundhara",1 day ago,https://bikroy.com/basundhara/mobile-phones/apple-iphone-16-pro-max-256-gb-black-cZX6DU4UtyEqxztfpV1S512i.html,5,2026-10-03T09:35:05.256058+00:00,individual,"Iphone 16 pro max 
Battery Health 90%
256GB
USA Variant 
Fresh Condition no issues
With Box and Cable"
Apple iPhone 16 Pro Max 256 GB Silver,119000,Used,"Dhaka, Dhanmondi",17 min ago,https://bikroy.com/dhanmondi/mobile-phones/apple-iphone-16-pro-max-256-gb-silver-yZEFBaLTpC1d1CwLsoEF25ro.html,5,2026-10-03T09:35:05.707147+00:00,individual,"iPhone 16 Pro Max
256GB
Natural Titanium
With box
89% battery health
Water resistant
602 charging cycles
Singapore variant
1 physical SIM, 1 eSIM
Full fresh condition
Not a single scratch or dent
Location: Dhanmondi 15"
Apple iPhone 17 Pro Max 256 GB Blue,134990,Used,"Dhaka, Mirpur",53 min ago,https://bikroy.com/mirpur/mobile-phones/apple-iphone-17-pro-max-256-gb-blue-5ocIznko9uA2cd4Mk3w1swOw.html,4,2026-10-03T09:35:06.297961+00:00,individual,"Shop Name :Ab international 
Level -06 Shop number-(657,658)
Tokyo Square,Japan garden city, Mohammadpur
Call us for any question
 No more worries when buying a USED phone because we are offering 100% original and authentic phones. 
Any problem within 7 days will be replaced (Except display issues)
One year free service warranty"
Apple iPhone 16 128 GB Blue,69000,Used,"Dhaka, Jamuna Future Park",15/09,https://bikroy.com/jamuna-future-park/mobile-phones/apple-iphone-16-128-gb-blue-xqOyQT0bgQAfnOOoBDm1iMS3.html,3,2026-10-03T09:35:06.706477+00:00,individual,"iPhone 16 128GB, 85% Battery Health, Australia Variant with box! Ultramarine color, full fresh condition with no dents or scratches."
Apple iPhone 14 Pro Max 256 GB Purple,76990,Used,"Dhaka, Mohammadpur",1 hour ago,https://bikroy.com/mohammadpur/mobile-phones/apple-iphone-14-pro-max-256-gb-purple-uWmTxu4ZOrB2l9tqKCJAAqzL.html,5,2026-10-03T09:35:07.307405+00:00,individual,"Shop Name :Ab international 
Level -06 Shop number-(657,658)
Tokyo Square,Japan garden city, Mohammadpur
Call us for any question
 USED ফোন কিনে নিয়ে আর কোন দুশ্চিন্তা নয় কারণ আমরা দিচ্ছি ১০০% অরিজিনাল এবং অথেন্টিক ফোন। 
৭ দিনের মধ্যে কোনরকম প্রবলেম হলে রিপ্লেস করে দেওয়া হবে( Expect display issues)
এক বছরের ফ্রি সার্ভিস ওয়ারেন্টি"
Apple iPhone 16 Pro Max 256 GB Black,105000,Used,"Dhaka, Jatrabari",6 hours ago,https://bikroy.com/jatrabari/mobile-phones/apple-iphone-16-pro-max-256-gb-black-7oLLlkhq7dGS7B2EZeq2nO9J.html,3,2026-10-03T09:35:08.147972+00:00,individual,"আসসালামু আলাইকুম
Wellcome to Gadget Exchange BD
 
♦️All perfect working

🔰 ক্রয়/বিক্রয় ও এক্সচেঞ্জ মানেই gadget Exchange BD

🔷100% জেনুইন প্রোডাক্ট পেতে চলে আসুন আমাদের দোকানে

📝With cash memo

✅ 7 Day's Replacement

✅ 1 Year's service warranty without Parts


Gadget Exchange BD 
দোকান নং,৬৭ (৩য় তলা)
বিক্রমপুর প্লাজা, জুরাইন রেলগেট ঢাকা-১২০৪"
Apple iPhone 16 Pro 128 GB Black,87990,Used,"Dhaka, Uttara",30 min ago,https://bikroy.com/uttara/mobile-phones/apple-iphone-16-pro-128-gb-black-dvzGMbirPUgKRdRerF9xFBrt.html,3,2026-10-03T09:35:09.241849+00:00,individual,"Western Mobile Fair
 # Shop No. 614/622/623/625 (Level #6) Tropical Alauddin Tower Uttara 
 Dear Honourable Coustomer 
 100% original device
 Full Factory unlock 
 EMI Available On . 31 Banks credit card. Thanks for being with us."
Apple iPhone 15 Pro Max 256 GB Blue,92000,Used,"Dhaka, Uttara",4 hours ago,https://bikroy.com/uttara/mobile-phones/apple-iphone-15-pro-max-256-gb-blue-3nC8LTRIkcMpV8TT1JJkkCln.html,3,2026-10-03T09:35:09.494630+00:00,individual,"iPhone 15 Pro Max 
 Storage: 256GB
 Color: Blue Titanium 
 Variant: Dubai
 SIM: Physical SIM + eSIM
 Battery Health: 84%
 Condition: Pre-Owned
 6.7"" Super Retina XDR OLED | 120Hz
 Exchange Hub
 Shop No: 610, 611, 628 & 629, Level-6
Tropical Alauddin Tower, Sector 3, Road 2
Rajlaxmi, Uttara"
Apple iPhone 15 Plus 256 (Used),69990,Used,"Dhaka, Mohammadpur",1 hour ago,https://bikroy.com/mohammadpur/mobile-phones/apple-iphone-15-plus-256-used-uKM1tx46qVwn77ie1bpUTSR5.html,5,2026-10-03T09:35:09.654878+00:00,individual,"iPhone 15 plus (Only device)🔥Hn/a

BEST OFFER PRICE
💥With Best condition 💯

🔥👀EXCHANGE OFFER IS AVAILABLE 👀🔥

👉EMI is available for credit card ☑️☑️

Phone Details
- variant ( Indian ) HN/a
- Dual sim card 🔥
- Storage ( 16-512 )GB🔥
- Battery (86%)☑️
- All parts original ☑️

☑️☑️(no service history one hand used)☑️☑️

- One hand used ☑️
- black colour☑️
- 20w charging capacity☑️ 

👉 You can visit our shop directly to check and take the phone, our shop address is:

Shop Name :Ab international 
Level -06 Shop number-(657,658)
Tokyo Square,Japan garden city, Mohammadpur,Dhaka-1207

and
🌏 Cash on delivery is available all over Bangladesh (you must pre-book) and conditional charges will be added with it.


👉 No more worries about buying a USED phone because we are giving 100% original and authentic phones.
👉 Replaced within 7 days if any problem occurs (Except display issues)
👉 One year free service warranty
👉 Life time security guarantee will be given.
👉 Later you can exchange with us for another phone or cash sell. Show more"
Apple iPhone 14 128 GB Blue,49500,Used,"Dhaka, Mirpur",15/09,https://bikroy.com/mirpur/mobile-phones/apple-iphone-14-128-gb-blue-5CBT3EmyEBFCyg45fMmfcuXx.html,5,2026-10-03T09:35:10.060815+00:00,individual,"Completely fresh condition, no issues at all."
Apple iPhone 13 Pro 256 GB Green,51500,Used,"Dhaka, Mirpur",22/09,https://bikroy.com/mirpur/mobile-phones/apple-iphone-13-pro-256-gb-green-zFZjbNQAqtppXeUFMS45iGht.html,4,2026-10-03T09:35:10.707178+00:00,individual,"iPhone 13 Pro, nothing is changed, battery health 90%, phone all ok, comes with cash memo and charger, phone -"
Apple iPhone 12 Pro Max 256 GB Blue,53000,Used,"Dhaka, Farmgate",6 hours ago,https://bikroy.com/farmgate/mobile-phones/apple-iphone-12-pro-max-256-gb-blue-aRsLH1NamiWlxD0frAU1gy2G.html,2,2026-10-03T09:35:11.508775+00:00,individual,"Singapore Variant
256GB
10-day replacement guarantee
2-year service warranty
Fast and secure courier service across the country
Attractive exchange offers
Emon Gadget Point
Basement-1, Shop-84
Bashundhara City Shopping Mall"
Apple iPhone 13 Pro Max 128 GB Blue,52500,Used,"Dhaka, Dhanmondi",4 hours ago,https://bikroy.com/dhanmondi/mobile-phones/apple-iphone-13-pro-max-128-gb-blue-zrRtLuAhElAeiEnmPQqw3vwb.html,4,2026-10-03T09:35:11.956809+00:00,individual,"IPhone 13 PM 128gb BH77 Authentic
Fresh condition with money receipt 
No any repair history
No any scratch or dent 
Camera & battery backup so Good
Warranty policy:-
We will provide 10 day's replacement & 2 years service(without parts)
Address:- 3rd floor, shop No-411, Orchard point shopping complex, dhanmandi 7"
Apple iPhone 14 Pro Max 128 GB Black,69990,Used,"Dhaka, Mohammadpur",41 min ago,https://bikroy.com/mohammadpur/mobile-phones/apple-iphone-14-pro-max-128-gb-black-1bNtk5MRpeTBXPbWE4IPsLQ4.html,5,2026-10-03T09:35:12.642083+00:00,individual,"Shop Name :Ab international 
Level -06 Shop number-(657,658)
Tokyo Square,Japan garden city, Mohammadpur
Call us for any question

👉 USED ফোন কিনে নিয়ে আর কোন দুশ্চিন্তা নয় কারণ আমরা দিচ্ছি ১০০% অরিজিনাল এবং অথেন্টিক ফোন। 
👉৭ দিনের মধ্যে কোনরকম প্রবলেম হলে রিপ্লেস করে দেওয়া হবে( Expect display issues)
👉এক বছরের ফ্রি সার্ভিস ওয়ারেন্টি"
Apple iPhone 15 Plus 128 GB Green,68000,Used,"Dhaka, Gulshan",5 hours ago,https://bikroy.com/gulshan/mobile-phones/apple-iphone-15-plus-128-gb-green-aLVVWLgcdlWIBkGSRo5XMg5z.html,5,2026-10-03T09:35:13.189056+00:00,individual,"iPhone 15 Plus, Super Condition.
No problem, No Damage, No nothing.
Battery health 88% only.
Cycle counts: 577.
Everything is ok and perfectly working.
Enjoy all-day battery life, stunning photos, and high-speed internet. 
Original box available, cable and charger will also be given."
Apple iPhone 14 Pro Max 512 GB Purple,79999,Used,"Dhaka, Uttara",05/09,https://bikroy.com/uttara/mobile-phones/apple-iphone-14-pro-max-512-gb-purple-zWuX37R70lB14m4FrocPIMJM.html,5,2026-10-03T09:35:13.656832+00:00,individual,Phone full fresh no change no cracks price all most fixed
Apple iPhone 15 Pro 512 GB Black,82000,Used,"Dhaka, Dhanmondi",20/09,https://bikroy.com/dhanmondi/mobile-phones/apple-iphone-15-pro-512-gb-black-dKMjBpNccKo1uZImD2Dqorov.html,5,2026-10-03T09:35:14.336498+00:00,individual,"Used with great care, fresh condition. Face ID, all cameras, display, touch, speaker, button, and port are fully functional. No repair or modification has been done. Battery Health 77% - Original Apple Battery, never replaced or boosted. Comes with box and 2 cases | Dhanmondi 7A, Dhaka | | The phone can be inspected and verified, and reasonable negotiation is possible."
Apple iPhone 15 Pro Max 256 GB White,95000,Used,"Dhaka, ECB Chattar",23/09,https://bikroy.com/ecb-chattar/mobile-phones/apple-iphone-15-pro-max-256-gb-white-xhdoPjB7xTDyX6krqo9LZzjZ.html,3,2026-10-03T09:35:15.003120+00:00,individual,"Battery has been replaced. But the battery was removed and installed from another 15 Pro Max, so it will be like the original.
WhatsApp 017XXXXXXXX"
Apple iPhone 13 Pro 256 GB Blue,49900,Used,"Dhaka, Shantinagar",52 min ago,https://bikroy.com/shantinagar/mobile-phones/apple-iphone-13-pro-256-gb-blue-5VLcmCKuKU4TPsbdXiDJSGFc.html,3,2026-10-03T09:35:15.606293+00:00,business,"Apple iphone 13 pro 256gb bh 90% sierra blue
storage : 256gb
color: gold,blue 
only device 
100% authentic.
fully fresh no scratches.
our shop location:
izone , shop no : 50 
level 04 , eastern plus shopping complex 
shantinagar,dhaka -1217
our policy :
3 days replacement guarantee 
1 year service warranty"
Apple iPhone 16 Pro 128 GB,95000,Used,"Dhaka, Mohammadpur",4 hours ago,https://bikroy.com/mohammadpur/mobile-phones/apple-iphone-16-pro-128-gb-2X4UJWabugdbAdhVL6jb2Djr.html,3,2026-10-03T09:35:16.306598+00:00,individual,"Name:Iphone 16 Pro
 Color:Natural Titanium Bh 88%
 Storage:128GB
Limited warranty 10 September 2026
  Used like new
 WithFull box
Price:-Call for best price 
Used Mobile: 3Days replacement & 6months service warrenty or New mobile: 7days replacement & 1year service warrenty included  
Contact number 018XXXXXXXX"
Apple iPhone 15 Pro 256 GB Blue,80000,Used,"Dhaka, Jamuna Future Park",1 hour ago,https://bikroy.com/jamuna-future-park/mobile-phones/apple-iphone-15-pro-256-gb-blue-cjDSIMBgl4fqGs17r94RqcP0.html,5,2026-10-03T09:35:16.706312+00:00,individual,"iPhone 15 Pro -Best condition 
• 256 GB Storage • 
• Color: Deep Blue
• USA(Dual eSIM)
• Battery Health: [86%]
• Absolutely fresh, no issues
• Face ID, Camera, True Tone all 100% OK 
• Box/Charger: None
• Price: 80000

We provide you:
7 days replacement guarantee
(without display & software update issue)
3 years free service warranty"
Apple iPhone 13 Pro 256 GB Black,52000,Used,"Dhaka, Mogbazar",3 hours ago,https://bikroy.com/mogbazar/mobile-phones/apple-iphone-13-pro-256-gb-black-94z79tZVuJEpdtdKFF2qwGS8.html,5,2026-10-03T09:35:17.456138+00:00,individual,"USA variant, 256GB, Graphite Black, Battery Health 74% (original), Display, True Tone, Body all OK (never opened), Box available. Charger, cable, headphones not included."
Apple iPhone 11 128 GB Black,25000,Used,"Dhaka, Sutrapur",08/09,https://bikroy.com/sutrapur/mobile-phones/apple-iphone-11-128-gb-black-rCHO687vRd1yUfeetqiYn4ZL.html,4,2026-10-03T09:35:18.006894+00:00,individual,I phone 11 128GB fresh condition nijer hate use kora phone kono dag ba scratch nai phone ekhono khola hoynai sob authentic ar bettary health 71% original bettary keu nite chaiale inbox
Apple iPhone 11 Pro Max 512 GB Black,29999,Used,"Dhaka, Khilkhet",3 hours ago,https://bikroy.com/khilkhet/mobile-phones/apple-iphone-11-pro-max-512-gb-black-yCZRi6g6oDKHvcwBgQLYp5vo.html,4,2026-10-03T09:35:18.704918+00:00,individual,"Iphone 11 pro max 512gb fresh condition ,bh 84% , face id, trueton , all ok
 
address :
mobile door bd
 shop no: 49, 3rd floor (lift-3)
 rajuk trade center shopping mall
nikunja-2, khilkhet, dhaka-1229"
Apple iPhone 13 256 GB Blue,32500,Used,"Dhaka, Mirpur",27/09,https://bikroy.com/mirpur/mobile-phones/apple-iphone-13-256-gb-blue-oPKYSZPo2vSpG0ItWWSQ5YaS.html,5,2026-10-03T09:35:19.406256+00:00,individual,"iPhone 13 (256GB) will be sold
 Storage: 256GB
 I Cloud phone er display lagano 
 Battery Health: 7%
 No box
 Face ID, issue camera, speaker, mic all are okay
 No problems, very good condition.
 Price: ______ taka (negotiable)
 Inbox if interested.4"
Apple iPhone 12 128 GB Black,40000,Used,"Dhaka, Wari",22 hours ago,https://bikroy.com/wari/mobile-phones/apple-iphone-12-128-gb-black-3q6bGqWiN1XlONzNg9wnuPz7.html,3,2026-10-03T09:35:19.809127+00:00,individual,"Box ache
All ok kono problem nai
Bettery health 92%
Price fixed na"
Apple iPhone 12 128 GB,34999,Used,"Dhaka, Basundhara",3 hours ago,https://bikroy.com/basundhara/mobile-phones/apple-iphone-12-128-gb-6jIq9lnIlNpdmjfjqlCrYmUA.html,5,2026-10-03T09:35:20.502110+00:00,individual,"iPhone 12 128GB
Battery Health 87%
Full Boxed
Clean condition, smooth performance & premium feel — still a beast for daily use!
Visit Our Shop
Basement-2, Shop No: 94
Bashundhara City Shopping Complex
Panthapath, Dhaka 1215
You can easily find our shop on the left side after going down the escalator."
Apple iPhone 13 128 GB Green,41000,Used,"Dhaka, Dhanmondi",3 hours ago,https://bikroy.com/dhanmondi/mobile-phones/apple-iphone-13-128-gb-green-1Ge7yEhaXCPwyKt2g2uuQyoO.html,5,2026-10-03T09:35:20.992521+00:00,individual,"iPhone 13
128 GB
83% battery health
Without box"
Apple iPhone 12 128 GB Purple,28000,Used,"Dhaka, Khilkhet",06/09,https://bikroy.com/khilkhet/mobile-phones/apple-iphone-12-128-gb-purple-ney3eSoRk6N47SLdtxLg3kL0.html,5,2026-10-03T09:35:21.756411+00:00,individual,ফোনে কোনো সমস্যা নেই। যতখন ইচ্ছা দেখে চেক করে নিবেন।টাকার দরকার তাই সেল দিতেছি।
Apple iPhone 11 64 GB Black,25500,Used,Dhaka,14/09,https://bikroy.com/dhaka/mobile-phones/apple-iphone-11-64-gb-black-kuOKd4Iq9iKf46dixJBHn3vw.html,5,2026-10-03T09:35:22.305197+00:00,individual,"✅ Model: iPhone 11
✅ Storage: 64GB
✅ Variant: USA
✅ Battery Health: 77%
✅ Face ID: 100% ঠিক আছে
✅ সবকিছু Original
✅ Charger দেওয়া হবে
❌ Box নেই

ফোনটি খুব যত্নসহকারে ব্যবহার করা হয়েছে। ফোন কখনো খোলা হয়নি, তাই যারা Original ও Unopened iPhone খুঁজছেন তাদের জন্য ভালো হবে।
💰 Price: 25,500 fixed"
Apple iPhone 11 64 GB Black,22000,Used,"Dhaka, Sutrapur",20/09,https://bikroy.com/sutrapur/mobile-phones/apple-iphone-11-64-gb-black-8KqzhloeKQzn9QoEZccnz9tq.html,5,2026-10-03T09:35:23.097941+00:00,individual,"Personal use iPhone 11 for sale. The phone has been used with great care and the overall condition is good.
Model: iPhone 11
Storage: 64GB
Battery Health: 88%
Condition: Good
Face ID: Available and works properly
Display: Original
Box: None"
Apple iPhone 12 Pro 128 GB Blue,31000,Used,"Dhaka, Jatrabari",28/09,https://bikroy.com/jatrabari/mobile-phones/apple-iphone-12-pro-128-gb-blue-as1QicGohWlHBQzF7sWnvqN6.html,4,2026-10-03T09:35:23.705073+00:00,individual,"iPhone 12 Pro 128GB with Box
Canada variant
Phone fully fresh
Only display and battery changed, but a good one is installed
Upper speaker issue, but the lower one is okay
Face ID and True Tone are okay
Location: Jatrabari, Rayerbag.
You must come to the location.
Price is negotiable."
Apple iPhone 11 128 GB Red,26000,Used,"Dhaka, Keraniganj",2 days ago,https://bikroy.com/keraniganj/mobile-phones/apple-iphone-11-128-gb-red-BzqCN3ylK5zT26JjdRj2A2S5.html,5,2026-10-03T09:35:24.205022+00:00,individual,This phone will be sold with no issues.
Apple iPhone 11 Pro 64 GB Gray,26000,Used,"Dhaka, Uttara",3 hours ago,https://bikroy.com/uttara/mobile-phones/apple-iphone-11-pro-64-gb-gray-bdQ5a2Cw7MwoyGA252ynUxAU.html,4,2026-10-03T09:35:24.607219+00:00,individual,Phone is all ok just battery changed to 98% comes with memo
Apple iPhone 13 256 GB Blue,42000,Used,"Dhaka, Dhanmondi",3 hours ago,https://bikroy.com/dhanmondi/mobile-phones/apple-iphone-13-256-gb-blue-hHKtYsVreOOaYtFXOVnVyXw1.html,5,2026-10-03T09:35:25.204742+00:00,individual,"iPhone 13
256 GB
72% battery health
With box"
Apple iPhone 14 128 GB Purple,43500,Used,"Dhaka, Gulshan",07/09,https://bikroy.com/gulshan/mobile-phones/apple-iphone-14-128-gb-purple-d17GT0PEVAMHtHAn8DbcVaq0.html,4,2026-10-03T09:35:25.957093+00:00,individual,আপনি চাইলে আপনার অপছন্দের পুরাতন ফোনটা দিয়ে এক্সচেঞ্জ করে নিতে পারবেন।
New Apple iPhone 13 Pro 128 GB Graphite,46500,Brand New,"Dhaka, Jatrabari",18/09,https://bikroy.com/jatrabari/mobile-phones/new-apple-iphone-13-pro-128-gb-graphite-hLup8dH2p1o6W8Jp0E3i794k.html,5,2026-10-03T09:35:26.555804+00:00,individual,"Everything okay
Singapore Variant
Full fresh and in mint condition 
Display original
Only battery change(1 year warranty available)
Insane battery backup
True tone 
Face id 
With box, cable
5 back covers"
Apple iPhone 14 256 GB Pink,45000,Used,"Dhaka, Banani",26/09,https://bikroy.com/banani/mobile-phones/apple-iphone-14-256-gb-pink-ayVoAhR5mG3bSQQY88ak8iIo.html,5,2026-10-03T09:35:27.107185+00:00,individual,"Everything in the phone is okay, but the phone is bypassed with no other problems. Battery health is 86 (comes with a memo)."
Apple iPhone 11 64 GB Purple,30000,Used,"Dhaka, Mirpur",3 hours ago,https://bikroy.com/mirpur/mobile-phones/apple-iphone-11-64-gb-purple-bi6TmB4OpFm4eppESq9VfbdK.html,5,2026-10-03T09:35:27.757864+00:00,individual,"My phone was bought brand new directly from the UK 2 years ago. It is a 100% genuine phone and 100% no repair work has been done. The phone is amazing, I am selling it because I bought a brand new one. I want to sell it for 30,000 Taka in cash, and exchange is also available with any of your phones, bikes, or any household items, even a cycle. Address: Mirpur 14"
Apple iPhone 11 Pro 256 GB Black,34500,Used,"Dhaka, Mohammadpur",6 hours ago,https://bikroy.com/mohammadpur/mobile-phones/apple-iphone-11-pro-256-gb-black-dNZgpdst4x0e8W2unD1TSvfw.html,2,2026-10-03T09:35:28.507407+00:00,individual,"Iphone 11 Pro 256GB 92% Battery Health, Contact number -"
Apple iPhone 11 128 GB Purple,25490,Used,"Dhaka, Rampura",30 min ago,https://bikroy.com/rampura/mobile-phones/apple-iphone-11-128-gb-purple-48ogBzo680gkEqrXWbPCiL7l.html,3,2026-10-03T09:35:29.206380+00:00,individual,"IPhone 11 (128) GB Super Fresh 
No internal or external problem 
More information call 017XXXXXXXX"
Apple iPhone 12 64 GB Green,23990,Used,"Dhaka, Mohammadpur",33 min ago,https://bikroy.com/mohammadpur/mobile-phones/apple-iphone-12-64-gb-green-jTflC4hKP7kkjHCV73PTJqs6.html,5,2026-10-03T09:35:29.845508+00:00,individual,"Shop Name :Ab international 
Level -06 Shop number-(657,658)
Tokyo Square,Japan garden city, Mohammadpur
Call us for any question
 No more worries after buying a USED phone because we are providing 100% original and authentic phones.
If there is any problem within 7 days, it will be replaced (Expect display issues)
One year free service warranty"
Xiaomi 12S 256 GB Black,25000,Used,"Chattogram, Pahartali",25/09,https://bikroy.com/pahartali/mobile-phones/xiaomi-12s-256-gb-black-v5F0cMpsGBFpUOpSbh4r0OeV.html,3,2026-10-03T09:35:40.706622+00:00,individual,"Box, charger available.
Some liquid got into the volume up button due to using a UV protector glass. The up button does not work. Otherwise, the rest of the performance is ok. It is my secondary device."
Xiaomi Mi 11 Ultra 512 GB White,27500,Used,"Chattogram, Halishahar",2 days ago,https://bikroy.com/halishahar/mobile-phones/xiaomi-mi-11-ultra-512-gb-white-bkZqBgqI4zdzWOGvU0i5erA8.html,5,2026-10-03T09:35:41.406738+00:00,individual,"Used all part are original 
Flagship level perform. Must location aste Hobe Location cepz all. With original 67 wat charge give."
Xiaomi Redmi Note 14 4G 256 Gigabytes Black,21500,Used,"Chattogram, Baizid",12/09,https://bikroy.com/baizid/mobile-phones/xiaomi-redmi-note-14-4g-256-gb-black-qbSU0ng6T5p6KQXKhDYtRDYh.html,5,2026-10-03T09:35:51.406191+00:00,individual,"Interested to sell Redmi note 14 official device 
Device details 
1. The phone is completely fresh 
2. Camera performance is fantastic. 
3. Battery performance is fantastic. You can easily run it for a day and play games. 
4. To buy the phone you must come to the location. 
Location :Baluchra, Bayezid, Chittagong. Price can be reduced somewhat upon negotiation."
Xiaomi Redmi K70 256 GB White,32500,Used,"Chattogram, Chawkbazar",29/09,https://bikroy.com/chawkbazar/mobile-phones/xiaomi-redmi-k70-256-gb-white-9Mu0nNPep4juS9uTnwciJET.html,5,2026-10-03T09:35:52.106045+00:00,individual,"The set is 95 percent fresh, Chinese ROM. Used for about 8 months, 16 GB RAM and 256 GB ROM. Original box and charger will be provided with it."
OnePlus 12 512 GB Black,46000,Used,"Chattogram, Chandgaon",26/03,https://bikroy.com/chandgaon/mobile-phones/oneplus-12-512-gb-black-2vwnlsKpBczfS2GadOQRvXDK.html,3,2026-10-03T09:35:56.706260+00:00,individual,"OnePlus 12, 16/512GB. Fresh Condition. No box, no charger. Set + Cash Memo only. Price Fixed. Those who do not have the budget, please stay away. Request not to quote absurd prices. Location: Riazuddin Bazar, Chittagong. Contact 016XXXXXXXX"
OnePlus 11R 256 GB Blue,22000,Used,"Rajshahi, Court Station",26/09,https://bikroy.com/court-station/mobile-phones/oneplus-11r-256-gb-blue-x6kQiuJH1fe2oz8zQMD7R8S0.html,5,2026-10-03T09:35:57.656968+00:00,individual,"OnePlus 11R. The phone is in absolute new condition, you can check and take it, there are no problems with the phone"
New Nothing Phone 4a Pro 256 GB Black,64990,Brand New,Dhaka,7 hours ago,https://bikroy.com/dhaka/mobile-phones/new-nothing-phone-4a-pro-256-gb-black-drOqjtvNcbTwy6aIRWrsrui7.html,2,2026-10-03T09:35:59.556808+00:00,individual,"Nothing 4A PRO (12/256) Brand new inactive
Price: 64,990/- (Best Price ever)

Every smartphone includes:
10-day replacement guarantee
2-year service warranty
Our Shop Address
For Smartphone
Basement- 1, Shop- 84
Bashundhara City Shopping Mall"
Apple iPhone 14 Pro Max 256 GB Purple,67899,Used,"Dhaka, Savar",10/08,https://bikroy.com/savar/mobile-phones/apple-iphone-14-pro-max-256-gb-purple-r8c67Df9IADKHwJ6AfH7ouCO.html,5,2026-10-03T09:36:00.304039+00:00,individual,"Iphone 14 pro max 256gb with box
77% battery’s health, physical and esim. nothing changes just Backshall broken. R kono somossa nai, jodi keo kinte chan tobe call ba msg koren, jara real byar na tara plz ignore this post. price almost fixed."
Apple iPhone 17 Pro Max 256 GB Black,150000,Used,"Dhaka, Badda",28/08,https://bikroy.com/badda/mobile-phones/apple-iphone-17-pro-max-256-gb-black-as6wG8a1pMKfuB2eZe7fYtUK.html,4,2026-10-03T09:36:00.605254+00:00,individual,"iPhone 17 pro Max 
USA variant
Battery health 98%
Storage 256GB 
Negotiable just Kichu scratches and ekta Dent ache nothing else With Box"
Xiaomi Redmi 15 128 GB Black,19500,Used,"Chattogram, Mirsharai",26/09,https://bikroy.com/mirsharai/mobile-phones/xiaomi-redmi-15-128-gb-black-xdjG07pjKRo96LQtKbDCugiv.html,5,2026-10-03T09:36:01.704425+00:00,individual,"Brand new/fresh condition
 With original box
 With 33W original charger + USB cable
 No issues with the phone, everything works perfectly
 You can check and test it in person 
 Location: Abutorab Bazar, Mirsarai, Chattogram
 Contact 017XXXXXXXX"
Xiaomi Redmi Note 13 Pro 256 GB Black,19000,Refurbished,"Chattogram, Patiya",17/09,https://bikroy.com/patiya/mobile-phones/xiaomi-redmi-note-13-pro-256-gb-black-k9VitENcXCIFa04DGR8Mwn1M.html,4,2026-10-03T09:36:02.536736+00:00,individual,"Mobile is completely fresh, no problems, location Patiya"
Xiaomi Poco X6 Pro 256 GB Blue,25000,Used,"Chattogram, Patiya",25/09,https://bikroy.com/patiya/mobile-phones/xiaomi-poco-x6-pro-256-gb-blue-hmCoUodMoYJqwvEytUzJXy5f.html,5,2026-10-03T09:36:03.056024+00:00,individual,"Set is fully fresh, no problems. Mobile, charger, and cash memo."
Xiaomi Redmi Note 13 128 GB Red,17500,Used,"Rajshahi, Godagari",24/09,https://bikroy.com/godagari/mobile-phones/xiaomi-redmi-note-13-128-gb-red-kYjtoVoFv945P1QzZ9XwKWa.html,5,2026-10-03T09:36:04.298821+00:00,individual,The Redmi 13 phone is 4 months old and in good condition. Charger will not be provided
OnePlus 13 256 GB White,56990,Used,"Dhaka, Shyamoli",6 hours ago,https://bikroy.com/shyamoli/mobile-phones/oneplus-13-256-gb-white-3lEGY8futgWYUn3BL4ZUZyjf.html,4,2026-10-03T09:36:06.457459+00:00,individual,"Get the #new OnePlus 13 5G Chinese version
#Used like new condition with full box
Exchange possible
RAM/ROM: 12/256GB, battery health 99%
We sell 100% original products
You can check it however you like.
Warranty Policy:
7 days parts replacement warranty
2 year service warranty (without LCD, software & physical damage)"
OnePlus 13R 256 GB Black,44000,Used,"Dhaka, Hazaribagh",19/09,https://bikroy.com/hazaribagh/mobile-phones/oneplus-13r-256-gb-black-oNONHp8Jn21jEO3x56qliN8h.html,5,2026-10-03T09:36:07.002480+00:00,individual,"All okay no problems, will only get the cash memo with it"
OnePlus 15R 256 GB Green,54990,Used,"Dhaka, Badda",6 hours ago,https://bikroy.com/badda/mobile-phones/oneplus-15r-256-gb-green-1sgx7wOWB0T5e76326x1y3Il.html,3,2026-10-03T09:36:07.754207+00:00,individual,"Price fixed
Processor : Snapdragon 8 gen 5 5g
Ram: 12 GB
Display: 6.8"" AMOLED 165hz
Camera: Back-50+8\Front-32 MP
Device with Cash Memo.
You will get a 7-day replacement and 1 year of free service. You can exchange your old mobile with us.
Weekly holiday: Wednesday."
OnePlus Nord 4 256 GB Black,29999,Used,"Dhaka, Paltan",13/09,https://bikroy.com/paltan/mobile-phones/oneplus-nord-4-256-gb-black-i5HQK1u2UZPKeD9CKcE9OplC.html,5,2026-10-03T09:36:08.553097+00:00,individual,"Oneplus nord4
8/256
Snapdragon 7plus gen3
Full friesh / no any problem"
Nothing Phone 3a 128 GB Black,30000,Used,"Dhaka, Kamrangirchar",23/09,https://bikroy.com/kamrangirchar/mobile-phones/nothing-phone-3a-128-gb-black-wSgKIUL4rHNem2mFmvbBLPVH.html,5,2026-10-03T09:36:09.603161+00:00,individual,Only the top is slightly broken. It fell from a child's hand. No other problems. Box is included.
Nothing Phone 2 256 GB Black,36500,Used,"Dhaka, Khilgaon",3 hours ago,https://bikroy.com/khilgaon/mobile-phones/nothing-phone-2-256-gb-black-pFNVIxbZDPtVxpPnPCBlJFWN.html,4,2026-10-03T09:36:10.303875+00:00,individual,"Nothing phone 2 
12 GB 256 GB 
Snapdragon 8+ Gen 1 
4700mAh Battery  
Only Device 
Full fresh condition no issues"
Nothing Phone 4a 256 GB Blue,40990,Used,"Dhaka, Rampura",31 min ago,https://bikroy.com/rampura/mobile-phones/nothing-phone-4a-256-gb-blue-8bQe5s49akNvSfWPOzrjyoE1.html,3,2026-10-03T09:36:10.787546+00:00,individual,"Nothing 4a 5G 8+256GB As Like New condition 
No internal or external problem 
Only device and cash memo 
More information call 
Address: Molla Tower Shopping complex, Rampura, Dhaka. 
Opposite BTV centar 
3rd floor, shop no-406."
OnePlus 8 5G (T-Mobile) 128 GB Gold,28000,Used,"Dhaka, Savar",07/09,https://bikroy.com/savar/mobile-phones/oneplus-8-5g-t-mobile-128-gb-gold-aZmUzStEWxtC5Tp0BAnKWFEW.html,3,2026-10-03T09:36:11.202118+00:00,individual,"পিছনে বেকসেল্ট ফাটা তা সাড়া কোনো সমস্যা নাই। এখন ছবি তোলা নাই তাই আগে ছবি দেওয়া লাগলো
আরজেন্ট টাকা লাগবে তাই সেল দিবো রেম-১২+৪ জিবি
রোম-২৫৬ জিবি"
OnePlus 13R 512 GB White,41999,Used,"Dhaka, Uttara",07/09,https://bikroy.com/uttara/mobile-phones/oneplus-13r-512-gb-white-BrTHnBX6q427V2iRFosYQDSK.html,5,2026-10-03T09:36:11.752910+00:00,individual,"One plus 13r
 One of the best phone
Chipset: snapdragon 8 gen 3 flagship processor 
Ram: 16/ rom 512
Jara niben only tarai knock diben
Box nai tobe charger dewa jabe."
Xiaomi 15 256 GB Black,24500,Used,"Rajshahi, Shaheb Bazar",12/09,https://bikroy.com/shaheb-bazar/mobile-phones/xiaomi-15-256-gb-black-txCilMMPAI4Ed2Vidd2TC12f.html,3,2026-10-03T09:36:12.503839+00:00,individual,"Full fresh condition Price 24500 
8 128"
Xiaomi 12 Pro 256 GB Black,20500,Used,"Rajshahi, Uposahar",18/09,https://bikroy.com/uposahar/mobile-phones/xiaomi-12-pro-256-gb-black-9WDs9KVaSOTUEVK8Fi7YE5bf.html,4,2026-10-03T09:36:12.940192+00:00,individual,"I did not write the detailed specifications as you can find them by searching online. It performs smoothly for everything from daily use to heavy tasks. The camera and video quality are extraordinary. This is a flagship device from Xiaomi. However, there is one issue: a green line has appeared on the screen. It will cost approximately 6,000 BDT to fix. The charging speed is very fast—it fully charges in just 30 minutes. Show more"
Nothing Phone 3a 128 GB White,33500,Used,"Dhaka, Rampura",1 day ago,https://bikroy.com/rampura/mobile-phones/nothing-phone-3a-128-gb-white-3OFPD34UoYe8NkOnTVU8pcWc.html,5,2026-10-03T09:36:13.592122+00:00,individual,"Full fresh condition, no scratch full fresh like new"
Nothing Phone 3a Lite 128 GB Blue,29000,Used,"Dhaka, Khilgaon",3 hours ago,https://bikroy.com/khilgaon/mobile-phones/nothing-phone-3a-lite-128-gb-blue-mLTecJFqW9X8gcV1RdNRPm5w.html,4,2026-10-03T09:36:14.390794+00:00,individual,"Nothing 3a lite
8 GB 128 GB
Dimensity 7300
5000mAh Battery
Only Device
Full fresh condition"
New Nothing Phone 2 256 GB White,38990,Brand New,"Dhaka, Uttara",26/09,https://bikroy.com/uttara/mobile-phones/new-nothing-phone-2-256-gb-white-3cbSLfBhi67ikmBQqgB6qPm6.html,5,2026-10-03T09:36:14.896535+00:00,individual,"Nothing phone 2
 12/ 256 GB, white
Never used ( Shop Display product )"
OnePlus 12R 128 GB Blue,29000,Used,"Rajshahi, Chhota Banagram",31/08,https://bikroy.com/chhota-banagram/mobile-phones/oneplus-12r-128-gb-blue-Yf7Fi8akXM8Fbq7bBdYBWmd.html,3,2026-10-03T09:36:15.452602+00:00,individual,"ফোনের ব্যাকশেল ফাটা।
এছাড়া ফোনে কোন সমস্যা নেই।
লোকেশন শালবাগান পাওয়ার হাউজ মোড়। সাথে অরজিনাল একটি ফাস্ট সুপারবক চার্জার দেয়া হবে। ক্যাশ মেমো আছে। কিনা দাম ছিল ৩৫ হাজার ৫০০।
বিক্রি দাম ২৯০০০"
OnePlus 11R 256 GB Black,26500,Used,"Rajshahi, Court Station",24/09,https://bikroy.com/court-station/mobile-phones/oneplus-11r-256-gb-black-xx0dzSPDc43g5ebJQP8K8360.html,4,2026-10-03T09:36:16.241254+00:00,individual,"Oneplus 11R
Main Ram 16GB
Rom 256 GB
Original 100W Oppo Brand Charger
Phone+100W Charger Cover"
OnePlus 11R 128 GB Blue,22000,Used,"Chattogram, Chawkbazar",08/07,https://bikroy.com/chawkbazar/mobile-phones/oneplus-11r-128-gb-blue-l1yfMy2aLA6C8KzDCRe1hvoe.html,5,2026-10-03T09:36:16.699398+00:00,individual,"This OnePlus 11R has been used nicely. The processor is the 8 Gen 1, a full gaming processor. I need money urgently, which is why I am selling it.
Must knock on WhatsApp 019XXXXXXXX"
OnePlus 7T Pro McLaren Edition 256 GB Black,21999,Used,"Chattogram, Agrabad",31/07,https://bikroy.com/agrabad/mobile-phones/oneplus-7t-pro-mclaren-edition-256-gb-black-ajcuzTBgKIP7rHlVgqSukj6p.html,3,2026-10-03T09:36:17.353137+00:00,individual,"RAM/ROM - 12/256 
For sale"
OnePlus 13R 256 GB Black,47500,Used,"Dhaka, Mirpur",7 hours ago,https://bikroy.com/mirpur/mobile-phones/oneplus-13r-256-gb-black-32IXQ1bEcSbavAGFiEO4dmAF.html,5,2026-10-03T09:36:17.997930+00:00,individual,"OnePlus 13R With Full Box 12/256 GB Battery health 100%
Buy, Sell & Exchange
Original Picture Uploaded

100% Original & Non Refurbished Product
10 Day's Replacement Guaranty
1 Year Service warranty
Mirpur shopping Center
5th floor
Shop number 639
Mirpur 2 Dhaka 1216"
OnePlus 13 512 GB Blue,64990,Used,"Dhaka, Jatrabari",7 hours ago,https://bikroy.com/jatrabari/mobile-phones/oneplus-13-512-gb-blue-kqjnpqJoQ0nhHOwZ30nFBmlg.html,3,2026-10-03T09:36:18.590468+00:00,individual,"Condition: Fresh
RAM: 16GB ROM: 256GB
Battery: 99%
120x Zoom
4K 60 FPS All Camera
Cash Memo
Price: Fixed
(Jatrabari Our Weekly Holiday Monday)
Address: Dhaka Jatrabari, Shahid Faruk Road, Taj-Tanvir Super Market, 2nd Floor, Shop Number: 10 (MobileHub)
#Buy the right product at the right price instead of getting cheated by buying cheap products to save some money"
OnePlus 13 256 GB Blue,65000,Used,"Dhaka, Baridhara",6 hours ago,https://bikroy.com/baridhara/mobile-phones/oneplus-13-256-gb-blue-ilF1J1zaBR0OTUegsYfij9VN.html,5,2026-10-03T09:36:19.002366+00:00,individual,"One plus 13
only device
full fresh condition"
New OnePlus Nord CE5 256 GB Black,34990,Brand New,"Dhaka, Dhanmondi",1 hour ago,https://bikroy.com/dhanmondi/mobile-phones/new-oneplus-nord-ce5-256-gb-black-ran1IeW1B1bI1d2BUA9GEj5C.html,3,2026-10-03T09:36:19.607293+00:00,individual,"Welcome to ""Al Aqsa Mobile"". Reach us: Al Aqsa Mobile, Shop No-449, Lift-3, Orchard Point, Dhanmondi 7, Dhaka-1209. Model: Nord CE 5, RAM: 8 GB, ROM: 256 GB. Price is fixed."
OnePlus 8 Pro 256 GB Green,26500,Used,"Dhaka, Shewrapara",25/09,https://bikroy.com/shewrapara/mobile-phones/oneplus-8-pro-256-gb-green-nCTUW0R2RFa4YQ0WJvhI2MNo.html,5,2026-10-03T09:36:20.136562+00:00,individual,"Box and charger are all included. I bought the phone from India three years ago, and everything is still completely authentic and fresh. There is only a slight scratch on the display from dropping it. The price is almost fixed, so only those who are interested in buying should message."
OnePlus Nord 4 128 GB Black,26999,Used,"Dhaka, Khilgaon",3 hours ago,https://bikroy.com/khilgaon/mobile-phones/oneplus-nord-4-128-gb-black-BrNYnloEslj8zRsdkxMECiBC.html,3,2026-10-03T09:36:20.690293+00:00,individual,"Assalamu alaikum.
Greetings from ""Mobo Live Bd"". 

Black
Full Factory unlock
100% original device 
Dear Honourable Customer,
Now you can purchase with EMI of 21 banks credit card. Thanks for being with us."
Xiaomi Redmi Turbo 4 Pro 256 GB Black,34999,Used,"Rajshahi, Hatemkha",19/09,https://bikroy.com/hatemkha/mobile-phones/xiaomi-redmi-turbo-4-pro-256-gb-black-scv8R2P7tZxe57Ubzcz19btn.html,3,2026-10-03T09:36:21.453668+00:00,individual,Battery health 98% brand new condition no scratch with box and original charger
Xiaomi Redmi Turbo 4 Pro 256 GB White,35800,Used,"Rajshahi, Uposahar",17/09,https://bikroy.com/uposahar/mobile-phones/xiaomi-redmi-turbo-4-pro-256-gb-white-iOWgCE7iyCzrfrM45mjMp9HV.html,3,2026-10-03T09:36:22.255975+00:00,individual,"Redmi Turbo 4 Pro 12/256GB - Sell Post
Redmi Turbo 4 Pro will be sold in absolutely fresh condition.
RAM: 12GB
ROM: 256GB
Variant: Chinese
Used: A few months
Condition: Fresh / No major scratches
Performance: Completely smooth
Battery: Good backup
Box + Charger: Available
No problem, you can check everything if you want."
Xiaomi Poco X8 Pro 256 GB Black,36000,Used,"Rajshahi, Boalia",1 day ago,https://bikroy.com/boalia/mobile-phones/xiaomi-poco-x8-pro-256-gb-black-g5lqeCqU1JeInYMm4iLFaG20.html,5,2026-10-03T09:36:22.892333+00:00,individual,Purchased from Kry International. Additional 1 year extended warranty. Full box with original 100 watt charger & cash memo. Fixed price.
Xiaomi 11T Pro 256 GB Blue,15000,Used,"Rajshahi, Uposahar",28/09,https://bikroy.com/uposahar/mobile-phones/xiaomi-11t-pro-256-gb-blue-sL6gkNavLVOCPww6Qb1bluuS.html,3,2026-10-03T09:36:23.357463+00:00,individual,Wonderful OK wonderful OK wonderful OK
Xiaomi Redmi Note 13 Pro+ 256 GB White,24999,Used,"Rajshahi, Kazla",4 hours ago,https://bikroy.com/kazla/mobile-phones/xiaomi-redmi-note-13-pro-256-gb-white-yxXKcRD6CfXNkDlLVm9sa40U.html,5,2026-10-03T09:36:24.141333+00:00,individual,"All ok
Redmi note 13 pro plus 5G 
8/256GB 
Indan 
Call me"
Xiaomi Redmi Note 15 128 GB Black,22999,Used,"Rajshahi, Kazla",4 hours ago,https://bikroy.com/kazla/mobile-phones/xiaomi-redmi-note-15-128-gb-black-D83iqnf4aDSXdR7rAjTTur3.html,2,2026-10-03T09:36:24.455172+00:00,individual,"Full Box Official 7days used 
6/128 GB 
Call me"
Xiaomi Redmi 512 GB Black,49000,Used,"Chattogram, Pahartali",08/06,https://bikroy.com/pahartali/mobile-phones/xiaomi-redmi-512-gb-black-feRPJ6Q42ZlXAoPXFjKjfH4P.html,5,2026-10-03T09:36:24.954953+00:00,individual,"Assalamu Alaikum.
Only those who are interested in taking the mobile should call or message. Please quote the price considering the market. This is not 256 GB storage, it is 512 GB storage, so please check the price accordingly. I have given the price I can offer. If you are interested at 49 thousand, please inbox me. If you want to know anything else, that can also be discussed."
Xiaomi Redmi Turbo 4 256 GB Graphite,35500,Used,"Chattogram, Muradpur",26/09,https://bikroy.com/muradpur/mobile-phones/xiaomi-redmi-turbo-4-256-gb-graphite-58iRXnV9LWxThh16DVuj7DOm.html,5,2026-10-03T09:36:25.753721+00:00,individual,"Redmi Turbo 4
16+16/256
All ok
Full box with 90Watt Super fast charger
Works super smoothly, best for all gaming
Mobile has not been repaired for even 1 taka, can be checked thoroughly before buying
Note: Slight crack on the upper glass at the corner of the back shell, can be replaced for 200-250 taka
(Do not send useless messages) Price can be slightly negotiable
Location: 2 no gate, Chittagong"
Xiaomi 14 Ultra 512 GB Black,70000,Used,"Chattogram, Cornelhat",02/05,https://bikroy.com/cornelhat/mobile-phones/xiaomi-14-ultra-512-gb-black-BzHrSBx0gTVVk20uDrWvsikO.html,4,2026-10-03T09:36:26.453325+00:00,individual,"Set is in full fresh condition. Used for 1 year, imported from abroad. Comes with full box. Has a minor scratch on the bumper, otherwise everything is okay and in full fresh condition."
Xiaomi Redmi Note 13 Pro+ 256 GB White,25000,Used,"Chattogram, Patenga",16/09,https://bikroy.com/patenga/mobile-phones/xiaomi-redmi-note-13-pro-256-gb-white-dxD9TJNoFh6PrkHouahVwCYU.html,5,2026-10-03T09:36:27.053012+00:00,individual,"You can check it out, it looks brand new. Price is slightly negotiable. My asking price is twenty-five thousand. The phone comes with its full box and charger."
Vivo V30e 128 GB Black,26000,Used,"Rajshahi, Kazla",26/06,https://bikroy.com/kazla/mobile-phones/vivo-v30e-128-gb-black-mHxyMeJ5IHyP94Imxd6n1M1M.html,3,2026-10-03T09:36:27.703868+00:00,individual,"Sell Post
Vivo v30e
RAM: 8/128
Processor: Snapdragon 6gen1
Display: Curved 120hz refresh rate
★Only the back cover is provided with the phone, nothing else.
NID card will be provided.
Location: Binodpur/Rajshahi University"
New Nothing Phone 3a Pro 256 GB Black,39000,Brand New,"Rajshahi, Kadirgonj",20/08,https://bikroy.com/kadirgonj/mobile-phones/new-nothing-phone-3a-pro-256-gb-black-64QA5WwklUlaWST2fRb6V1no.html,3,2026-10-03T09:36:28.302175+00:00,individual,"Nothing 3A pro... 12/256
All authentic waterproof
Showroom conditions"
Nothing Phone 1 256 GB White,25000,Used,"Rajshahi, Motihar",03/05,https://bikroy.com/motihar/mobile-phones/nothing-phone-1-256-gb-white-uKGI5jFyaWLFhlpXPK8uIc79.html,3,2026-10-03T09:36:29.002551+00:00,individual,"The phone is in fresh condition, just like new, with no problems. I don't have the box as the memo was lost, but I have the charger. I will provide whatever you need for security. If you want to buy it, please message or call me. If you are not interested, please do not message and cause confusion."
Nothing Phone 2a 256 GB Black,24999,Used,"Rajshahi, Boalia",28/09,https://bikroy.com/boalia/mobile-phones/nothing-phone-2a-256-gb-black-17PgItkvmwkBm8rBm5dOM5Kr.html,5,2026-10-03T09:36:29.404348+00:00,individual,"📱 Nothing Phone (2a) — 8/256GB For Sale


Model: Nothing Phone (2a)

RAM: 8GB + 2GB Virtual RAM

Storage: 256GB

Processor: MediaTek Dimensity 7200 Pro

Rear Camera: 50MP OIS + 50MP

Front Camera: 32MP

Battery: 5000mAh

OS: Nothing OS 4.1

5G Supported


✅ Phone only — No box/charger
✅ Fully functional
⚠️ Minor signs of use, as shown in pictures"
Apple iPhone 12 Pro Max 256 GB Blue,32000,Used,Rajshahi,18/08,https://bikroy.com/rajshahi/mobile-phones/apple-iphone-12-pro-max-256-gb-blue-sncusjFJgITDJgNB1v0Ns0Ib.html,3,2026-10-03T09:36:30.152248+00:00,individual,"iPhone 12 Pro Max is fresh. 
Bypass device 
Everything is original, nothing has been changed."
Apple iPhone 13 128 GB Blue,40000,Used,Rajshahi,04/08,https://bikroy.com/rajshahi/mobile-phones/apple-iphone-13-128-gb-blue-38KaikAAWbDBGUKSTuahA2zs.html,5,2026-10-03T09:36:30.638316+00:00,individual,"Nothing has been changed, everything is original, no scratches."
Nothing Phone 1 128 GB Black,22000,Used,"Rajshahi, Boalia",19/07,https://bikroy.com/boalia/mobile-phones/nothing-phone-1-128-gb-black-x48lq8d6pPsxusgm0p5cSE5T.html,3,2026-10-03T09:36:31.389414+00:00,individual,"Nothing Phone 1 mobile. Everything is okay, no problems, you can check it yourself. The phone gives very good and beautiful backup. It is a water-resistant phone. If you want to see it, come to the location. Only the phone will be given."
Vivo T3 Ultra 256 GB Black,25500,Used,"Rajshahi, Rajpara",09/09,https://bikroy.com/rajpara/mobile-phones/vivo-t3-ultra-256-gb-black-3hzaj1xQh1KB6Ftud4hd81Ae.html,4,2026-10-03T09:36:31.802237+00:00,individual,"Vivo T3 Ultra (12/256). There are scratches on the phone body and the back cover glue has come off, otherwise no issues. Everything is original, nothing has been changed. You can check it as much as you like, security will be provided. To see the phone, you need to come to the location. 25500"
Nothing Phone 2a 128 GB Black,21500,Used,"Rajshahi, Shah Makhdum",25/09,https://bikroy.com/shah-makhdum/mobile-phones/nothing-phone-2a-128-gb-black-zj9spSmZlgCqHR5EI4txKzs6.html,5,2026-10-03T09:36:32.437695+00:00,individual,"**Nothing Phone (2a) 5G – 8/128GB**
Only phone
Display & Touch working
Front glass broken
Camera, Fingerprint, Charging OK
Rajshahi
**Price: ৳21,500 (Negotiable)**
You can check it by taking it in hand."
iQOO 256 GB Rose Gold,32000,Used,"Rajshahi, Vodra",21/08,https://bikroy.com/vodra/mobile-phones/iqoo-256-gb-rose-gold-dCaGHqAQVr1WlDUbfaXOkdJK.html,4,2026-10-03T09:36:33.099590+00:00,individual,Iqoo neo 10 8-256 has 3 month warranty. Indian border cross phone. The phone has no kind of problem. Nothing is changed.
Google Pixel 7 Pro 128 GB Black,34500,Used,"Rajshahi, Shaheb Bazar",14/07,https://bikroy.com/shaheb-bazar/mobile-phones/google-pixel-7-pro-128-gb-black-r7T4dlOZLvqxcwtr8EwCQj2c.html,5,2026-10-03T09:36:33.747684+00:00,individual,"Box, cash memo, OTG, everything is available.
Full authentic, nothing has been changed."
Nothing Phone 2a 8/256 (Used),25000,Used,Rajshahi,30/04,https://bikroy.com/rajshahi/mobile-phones/nothing-phone-2a-8-256-used-8Qx9oov6snBaiX0MTWZAKAkL.html,5,2026-10-03T09:36:34.300467+00:00,individual,"It is 95% fresh with a minor dent on the body. Only the phone and NID copy will be provided. Serious buyers only, please message."
New Apple iPhone 13 128 GB White,34500,Brand New,"Rajshahi, Boalia",1 day ago,https://bikroy.com/boalia/mobile-phones/new-apple-iphone-13-128-gb-white-8Zt0wMcDOawYJoYj6N3p3jjY.html,3,2026-10-03T09:36:34.952731+00:00,individual,"1000% genuine fresh device.
There is a green line right on the side, which is barely noticeable unless you look very closely. It has been there for over 6 months and does not grow anymore.
Battery Health: 100%
Charge cycle only 127.
Nothing on the phone has been changed. Everything is genuine.
Supports 2 physical dual SIMs.
3uTools Report 100% OK.
Price almost fixed.
Call if interested."
Nothing Phone 3a 128 GB Black,31500,Used,"Rajshahi, Court Station",17/09,https://bikroy.com/court-station/mobile-phones/nothing-phone-3a-128-gb-black-w37wdioS2gFzgL2j5wtZn78J.html,5,2026-10-03T09:36:35.488479+00:00,individual,"Nothing 3a phone all okay, there are no problems with the phone, you can come and check it as much as you want"
Apple iPhone 14 Pro Max 256 GB Gray,75000,Used,"Tangail, Tangail Sadar",12/09,https://bikroy.com/tangail-sadar/mobile-phones/apple-iphone-14-pro-max-256-gb-gray-5jkCGHvq0SwnPXrKQ0ulKqMm.html,5,2026-10-03T09:36:36.202451+00:00,individual,"I phone 14 pro max no problem at all, brand new condition, whole set is poly-laminated, brought from Saudi Arabia, nothing changed, everything original, battery health 82, box available, charger available, cover available, everything is okay, not even a single scratch, protector attached on top of camera, price fixed"
Apple iPhone 16 128 GB Pink,86000,Used,"Pabna, Pabna Sadar",03/09,https://bikroy.com/pabna-sadar/mobile-phones/apple-iphone-16-128-gb-pink-nVrHH2k8TBxAIIQVsCbB8Zg.html,5,2026-10-03T09:36:36.693357+00:00,individual,"iPhone 16 pink color🩷 No issues, Not a single dent
Battery 100
Cycle count 78
Nothing changed
New phone
Camera wow
Box cable available
Warranty still remaining

Family problem so need to sell urgently"
Apple iPhone 14 Pro Max 256 GB Blue,80000,Used,"Gazipur, Gazipur Sadar",25/09,https://bikroy.com/gazipur-sadar/mobile-phones/apple-iphone-14-pro-max-256-gb-blue-B3gRdcEEVgSHCF3qwN1SKLGB.html,4,2026-10-03T09:36:37.533672+00:00,individual,"Singapore variant, no scratches, phone is in brand new condition, box and cash memo available, phone is 100% authentic, nothing changed, waterproof is also intact"
Apple iPhone 14 Pro 256 GB Rose Gold,68000,Used,"Cumilla, Daudkandi",12/09,https://bikroy.com/daudkandi/mobile-phones/apple-iphone-14-pro-256-gb-rose-gold-mVIUxFgQI0ss6kSia7X2IGwZ.html,3,2026-10-03T09:36:38.203640+00:00,individual,"All ok nothing changed
256gb
Battery health 89
Contact number"
Apple iPhone 14 Pro Max 128 GB Purple,65000,Used,"Gazipur, Gazipur Sadar",12/09,https://bikroy.com/gazipur-sadar/mobile-phones/apple-iphone-14-pro-max-128-gb-purple-yMHlLwMnTbkyAX69XXJngYvX.html,4,2026-10-03T09:36:38.801527+00:00,individual,"Variant: Singapore Variant (Dual SIM can be used) 
 Color: Deep Purple 
 Storage: 128GB
 Battery Health: 71 (no boost genuine)
 Condition: Absolutely Fresh Condition
 Face ID: 
 True Tone: 
 Camera: Front & Back all okay 
 Display: Original 
 Parts Changed: Nothing Changed 
 Box included
Whats"
Apple iPhone 15 Pro Max 256 GB Black,79500,Used,"Gazipur, Gazipur Sadar",2 days ago,https://bikroy.com/gazipur-sadar/mobile-phones/apple-iphone-15-pro-max-256-gb-black-htFYAb2obmgG5XAfHzAePRbk.html,5,2026-10-03T09:36:39.554103+00:00,individual,"Price 79500 fixed fixed. Not even 1 Taka less. 
Only the phone's water resistance is not there, the phone had developed sweat (condensation) which was reattached, that is why only the water resistance is missing. 
Original display
Original battery
Nothing in the mobile is changed, everything is original.
Mobile is completely fresh, no marks or scratches.
Comes with box,
Gazipur Board Bazar,"
Samsung Galaxy S24 Ultra 256 GB Gray,75000,Used,"Cox's Bazar, Chakaria",4 hours ago,https://bikroy.com/chakaria/mobile-phones/samsung-galaxy-s24-ultra-256-gb-gray-6olER8mGvJrjTIBuldtA9qiU.html,3,2026-10-03T09:36:40.154154+00:00,individual,"Fresh condition, nothing scratches. Never fall down.
With original box."
Apple iPhone 14 Pro 128 GB Purple,65000,Used,"Sirajganj, Sirajganj Sadar",24/09,https://bikroy.com/sirajganj-sadar/mobile-phones/apple-iphone-14-pro-128-gb-purple-8pbc8V5fQZE70Xj8AQoG6OCW.html,5,2026-10-03T09:36:40.752948+00:00,individual,"Need money, so I am selling this phone
No issues at all
Nothing has been changed
Battery health 79%"
Apple iPhone 14 Pro Max Dual SIM (Used),74500,Used,"Chattogram, Chandgaon",29/04,https://bikroy.com/chandgaon/mobile-phones/apple-iphone-14-pro-max-dual-sim-used-hpJFXYCEfyNKudv2jICvFbH6.html,4,2026-10-03T09:36:41.401647+00:00,individual,"iPhone 14 Pro Max
Full box without cable
100% Waterproof, please check it yourself
100% Authentic
Deep Purple color
(Z/A) Hong Kong Variant (physical SIM use)
Battery Health 85% (original) 🔎
Storage 256GB
No scratches, looks like new🆕
Laminated
Price: 77k, Price Fixed
Face lock ✅🆗
True Tone ✅🆗
More details ⤵️

#The mobile is completely fresh, not a single scratch, nothing has been opened, everything is 100% original, you can check it yourself. I have used the mobile with great care, there is no problem at all. The mobile has the latest update installed.
The mobile is Deep Purple color, looks brand new, no issues, you will understand once you see it.
Whoever buys it will definitely be a winner.
Price Fixed

#Those who want to buy must come to the location.

#Interested buyers please inbox, others please do not disturb. Show more"
Apple iPhone 14 Pro Max 128 GB Purple,74999,Used,"Chattogram, Agrabad",29/06,https://bikroy.com/agrabad/mobile-phones/apple-iphone-14-pro-max-128-gb-purple-3NlBsx7zwrPcwxACxbXYyvJ4.html,5,2026-10-03T09:36:42.352015+00:00,individual,"Everything is fine.
Battery Health: 95%.
Nothing has been changed.
True Tone is OK.
It has been used with a lot of care, that's why the battery health is still 95%."
Apple iPhone 14 Pro Max Good (Used),90000,Used,"Chattogram, Kotwali, Chattogram",29/04,https://bikroy.com/kotwali/mobile-phones/apple-iphone-14-pro-max-good-used-6wztxBd96PpBsphryUOoF6K6.html,3,2026-10-03T09:36:42.801065+00:00,individual,"In excellent condition. Imported from Dubai Apple Store. Get 3 free covers. Nothing has been changed or repaired. Fixed price 90,000 BDT."
Nothing Phone 2a Plus 256 GB Gray,27000,Used,"Chattogram, Chandgaon",25/07,https://bikroy.com/chandgaon/mobile-phones/nothing-phone-2a-plus-256-gb-gray-kM0vxehtJVRLoUYfQOKCx7Mf.html,5,2026-10-03T09:36:43.591652+00:00,individual,"No problems at all, you can check and take it after seeing."
Nothing Phone 3a 256 GB White,35500,Used,"Chattogram, Satkania",15/08,https://bikroy.com/satkania/mobile-phones/nothing-phone-3a-256-gb-white-iF0wsGqNf6RimxNJfobATtz9.html,3,2026-10-03T09:36:44.096380+00:00,individual,"Brand new, comes with everything."
Apple iPhone 13 Pro 512 GB Blue,52000,Used,"Chattogram, Agrabad",24/09,https://bikroy.com/agrabad/mobile-phones/apple-iphone-13-pro-512-gb-blue-rWvIIT7ckLSZRZ5Ohddsjc4y.html,4,2026-10-03T09:36:44.804757+00:00,individual,"iPhone 13 Pro 512GB — FOR SALE
Model: iPhone 13 Pro
Storage: 512GB
iOS: 26.5.2
Battery Health: 86%
Not waterproof, but nothing has been changed
Cash Memo: Available
Mobile All OK 100%
You can come and check the phone thoroughly as you like
You can inspect everything before taking it
You must come to the location to pick up the phone
No courier/delivery
PRICE: Taka"
Nothing Phone 4a Pro 256 GB Graphite,60000,Used,"Chattogram, Chawkbazar",4 hours ago,https://bikroy.com/chawkbazar/mobile-phones/nothing-phone-4a-pro-256-gb-graphite-6ggKcyFENqXk13R43sWcpm84.html,3,2026-10-03T09:36:45.455160+00:00,individual,"Nothing 4a Pro
12/256
Few days used
Full boxed."
Nothing Phone CMF Phone 2 Pro 128 GB Green,27500,Used,"Chattogram, Patenga",24/07,https://bikroy.com/patenga/mobile-phones/nothing-phone-cmf-phone-2-pro-128-gb-green-BPOnnkYfDRtgMgFOGrCldofW.html,3,2026-10-03T09:36:45.797466+00:00,individual,"Fresh condition, box and charger are all included. Used for a very short time, inbox if you want to buy."
Nothing Phone 3a 256 GB White,37000,Used,"Chattogram, Alankar",04/08,https://bikroy.com/alankar/mobile-phones/nothing-phone-3a-256-gb-white-fLWm2T6CH8W96feo8hhkdd2z.html,3,2026-10-03T09:36:46.346368+00:00,individual,"There is not much to say if someone wants a good phone then this is the perfect place you have come the rest will be understood when you meet face to face 
 
- 100% Original
- No type of problems
- Display, Touch, Camera, Speaker, Microphone, Fingerprint 
Location: Chattogram Sagarika Road Bitak Bazar 
 Only serious buyers please contact
WhatsApp:"
New Nothing Phone 3a 256 GB Black,29500,Brand New,"Chattogram, Agrabad",23/05,https://bikroy.com/agrabad/mobile-phones/new-nothing-phone-3a-256-gb-black-dN0XrLxrlkCV7yarf0vCYCUt.html,5,2026-10-03T09:36:47.003164+00:00,individual,"Nothing Phone 3a (Black) 
8+8GB RAM 256GB ROM
Condition: Like brand new
Black
Enjoy a smooth and premium experience
Asking Price: 29,500৳ (negotiable)
Only phone available
I can provide a photocopy of my NID for security purposes; the bill and box were lost during a house move.
Exchange possible. Serious buyers only."
Nothing Phone 4a 128 GB White,42500,Used,"Chattogram, Chawkbazar",4 hours ago,https://bikroy.com/chawkbazar/mobile-phones/nothing-phone-4a-128-gb-white-7RSpRTRiw9T4Bc78usoxjTmW.html,3,2026-10-03T09:36:47.534543+00:00,individual,"Nothing phone 4a
8/128
with Box
few days used"
Nothing Phone 3a 128 (Used),25990,Used,"Chattogram, Nasirabad",4 hours ago,https://bikroy.com/nasirabad/mobile-phones/nothing-phone-3a-128-used-5SEQXK1X9fVCYj2066b202pY.html,4,2026-10-03T09:36:48.100788+00:00,individual,"Nothing phone 3a 8/128

🔥 Budget King — Everyday Smooth Performer! 🔥



⚡ Enjoy 8GB RAM | 128GB Storage | 5000mAh Battery | Super Clear Camera



👉Only one dot (beside front camera)



💰offer price -25,990💥💥



🚚 Delivery Available | 🔄 Exchange Available | 💳 EMI Available



🛡️ 15-Day Replacement Guarantee | Lifetime Service Warranty



📞 



🌐 www.decentbd.com



📍𝐅𝐢𝐧𝐥𝐚𝐲 𝐒𝐪𝐮𝐚𝐫𝐞, Level-4, Shop-406, 2 No Gate, Nasirabad, Chattogram



📍𝐅𝐢𝐧𝐥𝐚𝐲 𝐒𝐨𝐮𝐭𝐡 𝐂𝐢𝐭𝐲, Level-5, Shop-525, Bahaddarhat, Chattogram



#decentbd Show more"
Nothing Phone 3a Pro 256 GB Black,48000,Used,"Chattogram, Baizid",08/07,https://bikroy.com/baizid/mobile-phones/nothing-phone-3a-pro-256-gb-black-hyjk1eftm2JW3HdAtpB5kCD3.html,3,2026-10-03T09:36:48.653084+00:00,individual,"14 day used only new mobile 
Location: polytechnical, East Delta University Pashe.
Real buyer knock 016XXXXXXXX"
Nothing Phone 3 512 GB Black,65000,Used,"Chattogram, Hathazari",12/07,https://bikroy.com/hathazari/mobile-phones/nothing-phone-3-512-gb-black-yxV5AfHeEPwHoU4xsbAO5f8Y.html,5,2026-10-03T09:36:49.303654+00:00,individual,"Only 16 days used, full fresh, I'll provide a new xundd case"
Nothing Phone 3a 256 GB White,33500,Used,"Chattogram, Satkania",21/05,https://bikroy.com/satkania/mobile-phones/nothing-phone-3a-256-gb-white-keDfTMKurYHi3VCnSmKgcAFK.html,3,2026-10-03T09:36:49.837886+00:00,individual,"Nothing Phone 3a (Global)
 4GB RAM / 256GB ROM
 Absolutely clean and fresh condition
 Global version
 Battery and performance are very good
 Camera, display, sound all perfect
 No issues, you can use it worry-free
 Perfect for those looking for a stylish and unique phone
 Inbox if interested."
Nothing Phone 3a 128 GB Black,31000,Used,"Chattogram, Alankar",05/09,https://bikroy.com/alankar/mobile-phones/nothing-phone-3a-128-gb-black-wuVyp0c2XbnCxQS21NT9Gwqs.html,4,2026-10-03T09:36:50.544727+00:00,individual,ফুল বক্স ক্যাশ মেমো সহ। কোনবিন্দু পরিমাণ দাগ বা ফাটল নাই পুরো নতুনের মত। প্রাইজ প্রায় ফিক্সড
New Nothing Phone 4a Pro 128 GB Black,57999,Brand New,"Chattogram, Agrabad",6 hours ago,https://bikroy.com/agrabad/mobile-phones/new-nothing-phone-4a-pro-128-gb-black-uQKrU0mAv85lWdk9mAwsXcha.html,3,2026-10-03T09:36:51.103117+00:00,individual,"** NOTHING 4A PRO (8/128) New
Address:
Shop-537, Level-5 (4th floor of capsule lift), 
Go straight after exiting the lift to JOJOBD, 
Akhtaruzzaman Center, 
Agrabad, Chittagong."
Apple iPhone 13 Pro Max 512 GB Gold,65000,Used,"Dhaka, Jatrabari",11/09,https://bikroy.com/jatrabari/mobile-phones/apple-iphone-13-pro-max-512-gb-gold-BjoaJF5XMlVWpnr6oOWxcvi4.html,3,2026-10-03T09:36:51.852168+00:00,individual,"Phone has never been opened, completely waterproof, nothing has been changed, full fresh condition.
No display issue, latest update given, using for 2 years, using for 2 years.
Still looks like an absolutely brand new phone.
Box will be found with it. Brought from USA."
Apple iPhone 14 Pro Max 128 GB Gray,72000,Used,"Dhaka, Basabo",11/09,https://bikroy.com/basabo/mobile-phones/apple-iphone-14-pro-max-128-gb-gray-eTaO61PpHLiVmwqh4SDVobpR.html,5,2026-10-03T09:36:52.240546+00:00,individual,"Brand- Apple 
Model- 14 pro max
What you will get with the mobile
Box, charger, 2 good quality covers
The mobile has been used with great care.
BH- 75 Original Battery 
128 GB
HKG, MAC
Nothing of the mobile has been changed
Everything is original.
The mobile must be seen by coming in person.
Dakshin Gaon Road No. 2, Basabo"
Apple iPhone 14 Pro Max 256 GB Purple,77999,Refurbished,"Dhaka, Kamrangirchar",26/09,https://bikroy.com/kamrangirchar/mobile-phones/apple-iphone-14-pro-max-256-gb-purple-B7PR7v29030YWlwH3HlHeUXW.html,5,2026-10-03T09:36:52.593537+00:00,individual,"iPhone 14 Pro Max 256GB, battery health is 78, completely full fresh, no problems, nothing has been opened, box is available, charger is available, memo is available. If anyone wants to buy, you can contact this number 018XXXXXXXX"
Nothing Phone 3 256 GB White,58990,Used,"Dhaka, Jatrabari",7 hours ago,https://bikroy.com/jatrabari/mobile-phones/nothing-phone-3-256-gb-white-C0mmvXYHqOHqUq59V6eWvGDm.html,5,2026-10-03T09:36:53.241076+00:00,individual,"Condition: Full Fresh
RAM: 12GB, ROM: 256GB
Snapdragon 8s Gen 4
Battery: 5500mAh
Cash Memo available
Price: Fixed
(Jatrabari branch is closed every Monday)
Address: Dhaka, Jatrabari, Shahid Faruk Road, Taj-Tanvir Super Market, 2nd Floor, Shop Number: 10 (MobileHub)
#Instead of falling for scams by buying cheap products to save a few bucks, purchase the right product at the right price."
Apple iPhone 13 Pro Max 256 GB Blue,60000,Used,"Dhaka, Jatrabari",15/09,https://bikroy.com/jatrabari/mobile-phones/apple-iphone-13-pro-max-256-gb-blue-rsdiCVafNsuMRa9RvDuLPVhW.html,5,2026-10-03T09:36:54.005345+00:00,individual,"Assalamulaikum 
Iphone 13 pro max 
256gb Box available 
90% battery health  (original) 
Face id ok 
True tone ok 
Nothing changed all ok 
Phone looks just like new, you will love it at first sight, you must come to the location 
Location : Jatrabari Tony Tower , (Dhaka ,Jatrabari )"
Apple iPhone 13 Pro Max 256 GB Bronze,57000,Used,"Dhaka, Mirpur",27/09,https://bikroy.com/mirpur/mobile-phones/apple-iphone-13-pro-max-256-gb-bronze-kmSnhaBgDK2eBXmkh2PxUKd8.html,4,2026-10-03T09:36:54.451678+00:00,individual,"256
Battery Health 75%
Everything in the phone is original, nothing has been changed, comes with box and charger 
Location Mirpur 13"
Apple iPhone 15 Pro 128 GB Blue,78000,Used,"Dhaka, Mirpur",14/09,https://bikroy.com/mirpur/mobile-phones/apple-iphone-15-pro-128-gb-blue-rnhgE48T8MKBQFwZpni1KlN7.html,5,2026-10-03T09:36:55.148114+00:00,individual,"iPhone 15 Pro (UAE Variant)
Condition: Fresh & Original
Battery Health: 82%
Waterproof (Never opened / nothing changed)
No parts changed – 100% original
Storage: 128GB
Imported from abroad, still waterproof. Selling because I will upgrade to iPhone 16. Serious buyers only, please send a message."
Nothing Phone 4a Pro 256 GB Silver,58000,Used,"Dhaka, Savar",6 hours ago,https://bikroy.com/savar/mobile-phones/nothing-phone-4a-pro-256-gb-silver-rmUhiwYH5LofThyui6RIgSsR.html,5,2026-10-03T09:36:55.854765+00:00,individual,"Nothing 4A Pro | 8GB RAM + 256GB 
Premium Used Phone now at an attractive Offer Price! Smooth performance, stylish design, fresh condition 
 Muthophone Accessories. 2 E-195A, Level-5 (Lift-4), Sena Shopping Complex, Nabinagar, Savar, Dhaka
 Limited Stock | Order Now!
 
Facebook: MUTHOPHONE ACCESSORIES 2"
Apple iPhone 13 Pro 256 GB Gold,55000,Used,"Dhaka, Jatrabari",11/09,https://bikroy.com/jatrabari/mobile-phones/apple-iphone-13-pro-256-gb-gold-iN55ewCIkfSL4aA7MXoahoZh.html,5,2026-10-03T09:36:56.238545+00:00,individual,"Price Fixed
IPhone 13 Pro 256Gb Full Box
Color : Golden 
1 physical sim , 1 E sim 
Battery health : 91% (Original )
IOS version : Latest (26.5.2)
True Tone : ok 
Face ID : ok
Model number : MLQP3LL/A
Waterproof device 
Used with case 
IMel Matched Box available 
Charging cable and 20 adapter Available 
 everything original
Nothing repaired /Replace"
Apple iPhone 16 Pro 256 GB Gray,98000,Used,"Dhaka, Lalbag",29/09,https://bikroy.com/lalbag/mobile-phones/apple-iphone-16-pro-256-gb-gray-kLEXl1oWK0M4uO0o8zO9Eg8R.html,3,2026-10-03T09:36:56.888270+00:00,individual,"Original Full Box Phone, never opened, nothing changed. I will provide all documents required. No dent, no single scratch, Battery health is 89%. Full fresh phone. Premium case and Screen protector will be provided"
Apple iPhone 14 Pro Max 256 GB Black,63500,Used,"Dhaka, Mirpur",22 hours ago,https://bikroy.com/mirpur/mobile-phones/apple-iphone-14-pro-max-256-gb-black-494f5l6KBfzBX8zqwsffFtMu.html,4,2026-10-03T09:36:57.196224+00:00,individual,"Assalamu Alaikum, I am selling this phone due to my needs. 
Bought from Malaysia
Singapore version 
Nothing inside has been changed
Even if the backshell was changed, an original one was installed
You will get a lifetime warranty for the display green screen issue
For details you can call us on our WhatsApp
Thanks
+(whatsapp)"
Nothing Phone 3 512 GB White,58000,Used,"Dhaka, Baridhara",7 hours ago,https://bikroy.com/baridhara/mobile-phones/nothing-phone-3-512-gb-white-sO7lGwfpb7nF2hjcQGoOXcL.html,4,2026-10-03T09:36:57.892177+00:00,individual,"Nothing 3
Full fresh condition 
only device"
Nothing Phone 3 256 GB White,58990,Used,"Dhaka, Dhanmondi",7 hours ago,https://bikroy.com/dhanmondi/mobile-phones/nothing-phone-3-256-gb-white-sAk3wfuupe2r1sPrGHHWgofO.html,3,2026-10-03T09:36:58.504096+00:00,individual,"Condition: Fresh
RAM: 12GB ROM: 256GB
Super Amoled Display Fingerprint
Snapdragon 8s Gen 4
Camera Like DSLR
Cash Memo
Price: Fixed
(Jatrabari weekly closed on Monday)
Address: Dhaka Jatrabari, Shahid Faruk Road, Taj-Tanvir Super Market, 2nd Floor, Shop Number: 10 (MobileHub)"
Nothing Phone 2a 128 GB White,25999,Used,"Dhaka, Jatrabari",7 hours ago,https://bikroy.com/jatrabari/mobile-phones/nothing-phone-2a-128-gb-white-aM2KLdGLDp9EDb3bQ4GY13L8.html,3,2026-10-03T09:36:59.201167+00:00,individual,"Jatrabari, Idris super market 
shop no 63"
Nothing Phone 3a 128 GB White,33500,Used,"Dhaka, Savar",06/09,https://bikroy.com/savar/mobile-phones/nothing-phone-3a-128-gb-white-96CLFdj6MhmRxwVoZUrvg10P.html,5,2026-10-03T09:36:59.900821+00:00,individual,"একদম অথেন্টিক Nothing 3a খুঁজছেন?
Nothing 3a 8/128 
•Battery-5000 mh
Available
Book Now  ￼ 
Shop No- E/137 Level-5
Sena sopping complex."
Nothing Phone 2a 128 GB White,25000,Used,"Dhaka, Uttara",17/09,https://bikroy.com/uttara/mobile-phones/nothing-phone-2a-128-gb-white-8CQ00q4tUnds4ZrbnEZ2NVQe.html,5,2026-10-03T09:37:00.702590+00:00,individual,"There are no problems with the phone, you can check everything before buying. I am selling it because of low storage, otherwise I wouldn't have sold it. Those who want to buy the phone must come and collect it."
Nothing Phone 3a 128 GB Blue,32000,Used,"Dhaka, Badda",28/09,https://bikroy.com/badda/mobile-phones/nothing-phone-3a-128-gb-blue-5bEfKBlKWZyiccHYdxkIV03T.html,5,2026-10-03T09:37:01.301268+00:00,individual,"Nothing 3a
8/128
Completely fresh
Comes with original box
and will provide charger adapter
Cash memo available
Not even 1 year old
Price almost fixed
You can check and take it
No problems"
Nothing Phone 3a 256 GB White,34500,Used,"Dhaka, Jatrabari",3 hours ago,https://bikroy.com/jatrabari/mobile-phones/nothing-phone-3a-256-gb-white-BTBKJTXrajJ29ALpGpRStu1X.html,5,2026-10-03T09:37:01.751621+00:00,individual,"Nothing 3a (8-256) full fresh condition
Memo available
Location: Dhaka Jurain Bikrampur Plaza.Level-3.Shop-42
Call.WhatsApp 019XXXXXXXX"
Nothing Phone 3a 256 GB Black,32000,Used,"Dhaka, Bosila",21/09,https://bikroy.com/bosila/mobile-phones/nothing-phone-3a-256-gb-black-7DtrW3OT2m71DTE64Lw1PSfb.html,4,2026-10-03T09:37:02.538541+00:00,individual,"RAM: 8GB
 Storage: 256GB
 Snapdragon 7s Gen 3
 50MP OIS Camera 
 120Hz AMOLED Display
 5000mAh Battery 
 Premium Nothing Design
You will get a charger with it. And all the documents you need will be provided."
Nothing Phone 1 128 GB Black,29000,Used,"Dhaka, Uttara",15/09,https://bikroy.com/uttara/mobile-phones/nothing-phone-1-128-gb-black-yFAng88VBi16L4d8PJtz9i8t.html,4,2026-10-03T09:37:02.942818+00:00,individual,"There are no problems. If anyone wants to exchange with an iPhone, please send a message."
New Nothing Phone 3a 256 GB White,30500,Brand New,"Dhaka, Jatrabari",26/09,https://bikroy.com/jatrabari/mobile-phones/new-nothing-phone-3a-256-gb-white-eJwuDpesSE2GEDWBrwK9ZEWO.html,5,2026-10-03T09:37:03.644235+00:00,individual,"Only phone, no box and charger with the phone. I can provide NID as security."
Nothing Phone 3a Pro 256 GB Black,38500,Used,"Dhaka, Jatrabari",7 hours ago,https://bikroy.com/jatrabari/mobile-phones/nothing-phone-3a-pro-256-gb-black-tVwi3Yk0uYUSyZrUS1SZXcaA.html,4,2026-10-03T09:37:04.452769+00:00,individual,"আসসালামু আলাইকুম
Wellcome to Gadget Exchange BD
 
With cash memo
 7 Day's Replacement
 1 Year's service warranty without Parts
 Gadget Exchange BD 
দোকান নং,৬৭ (৩য় তলা)
বিক্রমপুর প্লাজা, জুরাইন রেলগেট ঢাকা-১২০৪"
New Nothing Phone 1 128 GB Black,29999,Brand New,"Dhaka, Khilkhet",4 hours ago,https://bikroy.com/khilkhet/mobile-phones/new-nothing-phone-1-128-gb-black-8RcFbuBxdKXPTuuCdkjMkVQ0.html,4,2026-10-03T09:37:05.101571+00:00,individual,"Nothing Phone 1 New Without Box 
Address : MOBILE DOOR BD
 Shop No: 49, 3rd Floor (Lift-3)
 Rajuk Trade Center Shopping Mall
Nikunja-2, Khilkhet, Dhaka-1229"
New Nothing Phone 2a 128 GB White,28999,Brand New,"Dhaka, Khilkhet",3 hours ago,https://bikroy.com/khilkhet/mobile-phones/new-nothing-phone-2a-128-gb-white-avgHjsf5ODkx6LWlYp3Dw1Ww.html,3,2026-10-03T09:37:05.899126+00:00,individual,"Nothing 2a new without box 
 mobile door bd
 shop no: 49, 3rd floor (lift-3)
 rajuk trade center shopping mall
nikunja-2, khilkhet, dhaka-1229"
Nothing Phone 3a Lite 256 GB White,32500,Used,"Dhaka, Dhanmondi",6 hours ago,https://bikroy.com/dhanmondi/mobile-phones/nothing-phone-3a-lite-256-gb-white-8oRRaGzAtl88LE1tmjvPN9vO.html,3,2026-10-03T09:37:06.452246+00:00,individual,"""Welcome to ""Al Aqsa Mobile"" 
 Reach us___________________ 
 *Al Aqsa Mobile*
 Shop No-449 ,Lift -3, Orchard Point, Dhanmondi 7, Dhaka-1209
 Model : 3a lite
 RAM : 8 
 ROM : 256
 Price Fixed"
Nothing Phone 3a Lite 256 GB Blue,29990,Used,"Dhaka, Rampura",47 min ago,https://bikroy.com/rampura/mobile-phones/nothing-phone-3a-lite-256-gb-blue-2WqjIYecNl7sLTNNx62mrbHn.html,4,2026-10-03T09:37:07.204451+00:00,individual,"Nothing 3a Lite  8+256GB As Like New
Only device and cash memo 
More information call 
Address: Molla Tower Shopping complex, Rampura, Dhaka. 
Opposite BTV centar 
3rd floor, shop no-406"
Nothing Phone 2a 256 GB Black,27500,Used,"Dhaka, Jamuna Future Park",7 hours ago,https://bikroy.com/jamuna-future-park/mobile-phones/nothing-phone-2a-256-gb-black-a6Jqyq5jQNix6XNM645jgbfc.html,5,2026-10-03T09:37:07.950433+00:00,individual,"notging 2a 8/256gb all ok
super fresh condition available

🏃 আমাদের দোকান এ ভিজিট করুন 

 📍 Address :

     "" Appelink ""
     Shop No: 4C-021C1
       Block- C, Level- 4 
     Jamuna Future Park
(Samung customer care er pase
⏰Business Hour: 11:00AM-8:00PM
Whatsup number 016XXXXXXXX"
Nothing Phone 4a Pro 256 GB Black,54999,Used,"Dhaka, Badda",7 hours ago,https://bikroy.com/badda/mobile-phones/nothing-phone-4a-pro-256-gb-black-hSQ6jtiBfkmE2M9ylZMxwClh.html,3,2026-10-03T09:37:08.449316+00:00,individual,"💥💥Prices are fixed💥💥
Processor : Snapdragon 7 gen 4
Ram: 12 GB
Display: 6.83"" Amoled 144hz
Camera: Back-50+50+8\Front-32 MP
Battery: 7400 mah
Device with Cash Memo.
৭ দিনের রিপ্লেসমেন্ট ও ১ বছরের ফ্রী সার্ভিস পাবেন।আপনার পুরাতন মোবাইল আমাদের সাথে Exchange করতে পারেন।
সাপ্তাহিক বন্ধ:বুধবার।"
New Nothing Phone 3a Pro 256 GB Black,40000,Brand New,"Dhaka, Mirpur",08/09,https://bikroy.com/mirpur/mobile-phones/new-nothing-phone-3a-pro-256-gb-black-GACIqZPVi5YNjgFhyVnTo8c.html,3,2026-10-03T09:37:08.986352+00:00,individual,নিতে চাইলে যোগাযোগ 017XXXXXXXX
Nothing Phone 4a 256 GB Black,49999,Used,"Dhaka, Jatrabari",44 min ago,https://bikroy.com/jatrabari/mobile-phones/nothing-phone-4a-256-gb-black-4W6smJUi60e8v3GdezaspbQj.html,3,2026-10-03T09:37:09.590110+00:00,individual,"Nothing 4a.
Ram - 12 gb.
Rom - 256 gb.
Full box."
OnePlus 12 /256 (Used),42999,Used,Rajshahi,7 hours ago,https://bikroy.com/rajshahi/mobile-phones/oneplus-12-256-used-bxePyFSvvMHrpbhRdjPDqfnq.html,3,2026-10-03T09:37:10.095355+00:00,individual,"Oneplus 12

16/ 256

Super condition 🔥🔥

7days replacement guarantee ✅ 
1year service waranty ✅ 

#exchange possible ✅

Our Address :
Smart Choice , Shop No. 211, 
City center , Beside of Rajshahi College , Sonadigir mor Rajshahi

Call for any details:"
New OnePlus Ace 2 256 GB Silver,30000,Brand New,"Rajshahi, Rajpara",03/07,https://bikroy.com/rajpara/mobile-phones/new-oneplus-ace-2-256-gb-silver-fkj6kLkcSrmn5FAeEpnjh37i.html,5,2026-10-03T09:37:10.841823+00:00,individual,"OnePlus
Model: Ace 2
RAM: 12/256
Full fresh new condition"
OnePlus 12R 256 GB Black,34500,Used,"Rajshahi, Shaheb Bazar",09/09,https://bikroy.com/shaheb-bazar/mobile-phones/oneplus-12r-256-gb-black-BE8PUoVVWBuSZW21wjeMA2zz.html,3,2026-10-03T09:37:11.539958+00:00,individual,"Oneplus 12R 
Ram 16 
Room 256
Battery health 92%
Locetion Rajshahi
Indean phone"
OnePlus 11 512 GB Black,35000,Refurbished,"Rajshahi, Boalia",13/08,https://bikroy.com/boalia/mobile-phones/oneplus-11-512-gb-black-8Fk5EfkhQkYXnUDV0VrhMtHc.html,5,2026-10-03T09:37:12.245927+00:00,individual,"Call only Wp & number aptX HD, Bluetooth 5.3, A2DP, LE, Corning Gorilla Glass Victus, Fingerprint, IP64 dust/water resistant, Stereo Speakers, USB Type-C 2.0, OTG"
OnePlus 12R 256 GB Black,33000,Used,"Rajshahi, Paba",01/08,https://bikroy.com/paba/mobile-phones/oneplus-12r-256-gb-black-wZ0bdwC5lJBly9TlpR5JBylJ.html,3,2026-10-03T09:37:12.949953+00:00,individual,"There is not even a slight problem, lamination is applied on the front and back. Price negotiation is not allowed at all."
New OnePlus 12 256 GB Silver,47500,Used,"Rajshahi, Paba",1 hour ago,https://bikroy.com/paba/mobile-phones/oneplus-12-256-gb-silver-ui3coYPK4n2lgwcXm9GxU1gV.html,5,2026-10-03T09:37:13.785027+00:00,individual,"100 Fresh Condition 
No Scratch 
95 Battery Health 
12/256
Activation Date March 2025 
Used by one hand 
There is hardly any OnePlus 12 used for such a short time, all are active in 2024 
Location Rajshahi Airport"
OnePlus 13s 256 GB Black,55000,Used,Rajshahi,7 hours ago,https://bikroy.com/rajshahi/mobile-phones/oneplus-13s-256-gb-black-Cbyscqr0tybDLDa2KA9rdghr.html,2,2026-10-03T09:37:14.395868+00:00,individual,"OnePlus 13s
12 256
Super condition 
7 days replacement guarantee  
1 year service waranty  
#exchange possible 
Our Address :
Smart Choice , Shop No. 211 , 
City center , Beside of Rajshahi College , Sonadigir mor Rajshahi
Call for any details"
OnePlus Nord 5 256 GB Purple,35000,Used,"Rajshahi, Kazla",20/09,https://bikroy.com/kazla/mobile-phones/oneplus-nord-5-256-gb-purple-a2K8j7lyIWvwID16ioRTlTmQ.html,4,2026-10-03T09:37:15.101649+00:00,individual,"OnePlus Nord 5\nIndian global (8/256)\nAll original all ok\nAmazing camera, you can check out my profile\nAwesome UI\nGreat battery backup, lasts 2 days with normal use. Heavy multitasking and gaming easily cover 8/9 hours.\nCondition looks like new"
OnePlus 13R 256 GB Black,43000,Used,"Rajshahi, Paba",12/09,https://bikroy.com/paba/mobile-phones/oneplus-13r-256-gb-black-BN1F0ojZujVJOr3INkZMR7NM.html,5,2026-10-03T09:37:15.933439+00:00,individual,"OnePlus 13R 12/256
Full fresh condition
Battery health 100%
(Only phone)
(Price fixed)"
OnePlus Nord 4 256 GB,24000,Used,"Rajshahi, Paba",16/09,https://bikroy.com/paba/mobile-phones/oneplus-nord-4-256-gb-tYcf2VLscVcevb4GKASWCr3O.html,4,2026-10-03T09:37:16.551860+00:00,individual,"Emergency Sell Post
OnePlus Nord 4
8/256 UFS 4.0 
Snapdragon 7 Plus Gen 3 (Gaming Phone) 
5500 mAh Battery
Full fresh condition
Price: 23500 Tk (Almost Fixed) 
Those whose budget is below 20 please skip! 
Location: Rajshahi, Katakhali (Must come to the location)"
OnePlus 12R 128 GB Blue,25000,Used,Rajshahi,26/09,https://bikroy.com/rajshahi/mobile-phones/oneplus-12r-128-gb-blue-l0rniwPhO0uh6LlsXsu4DH2V.html,3,2026-10-03T09:37:17.252073+00:00,individual,"8/128 device
Oled Display changed 
Ekdom superrr display 90hz Original bazel  
5500mah battery"
OnePlus 10 Pro 256 GB Black,23999,Used,"Rajshahi, Kazla",4 hours ago,https://bikroy.com/kazla/mobile-phones/oneplus-10-pro-256-gb-black-jFQVC78cAOKkkXjgZDHqGHHg.html,5,2026-10-03T09:37:17.852088+00:00,individual,"All ok 
Indan phone 
One plus 10 pro 
12/256GB 
Call me"
OnePlus 11R 128 GB Gray,22000,Used,"Rajshahi, Paba",05/09,https://bikroy.com/paba/mobile-phones/oneplus-11r-128-gb-gray-2PwhiRkVjvz1AWBAaZkrYvbT.html,3,2026-10-03T09:37:18.699073+00:00,individual,"আপনি যদি OnePlus 11R 5G-এর কথা বলেন, তাহলে সংক্ষেপে বর্ণনা:
 OnePlus 11R 5G
ডিসপ্লে: 6.74 ইঞ্চি AMOLED, 120Hz রিফ্রেশ রেট
প্রসেসর: Qualcomm Snapdragon 8+ Gen 1
RAM: 8GB / 16GB
স্টোরেজ: 128GB / 256GB
রিয়ার ক্যামেরা: 50MP + 8MP + 2MP
সেলফি ক্যামেরা: 16MP
ব্যাটারি: 5000mAh
চার্জিং: 100W SUPERVOOC
নেটওয়ার্ক: 5G
সিস্টেম: Android OxygenOS"
OnePlus 11R 256 GB Silver,24000,Used,"Rajshahi, Vodra",23/09,https://bikroy.com/vodra/mobile-phones/oneplus-11r-256-gb-silver-zQ8B5qdbkAu8tMRm5uKKZchi.html,5,2026-10-03T09:37:19.001966+00:00,individual,No repair history... 100-watt charger included. Battery health 86%.
OnePlus 11R 256 GB Black,28000,Used,"Rajshahi, Shaheb Bazar",7 hours ago,https://bikroy.com/shaheb-bazar/mobile-phones/oneplus-11r-256-gb-black-uqi8zxOGRdcfOQPsexSgHj7N.html,3,2026-10-03T09:37:19.606548+00:00,individual,"Oneplus 11r
16 / 256 
Super condition 
7 days replacement guarantee  
1 year service waranty  
#exchange possible 
Our Address :
Smart Choice , Shop No. 211 , 
City center , Beside of Rajshahi College , Sonadigir mor Rajshahi
Call for any details:"
OnePlus 12R 128 GB Gray,27000,Used,"Rajshahi, Rajpara",23/09,https://bikroy.com/rajpara/mobile-phones/oneplus-12r-128-gb-gray-eO8ksh2fNfb2VU61ZQU0Ctb0.html,3,2026-10-03T09:37:20.443114+00:00,individual,"OnePlus 12 r
 RAM/ROM: 8GB + 128 GB (battery health 90)
 Variant: Indian, bought from Chapai
Condition: Full Fresh 100%
Only Phone (no box/charger)
Price . Asking price 

 Location: Rajshahi

Security ID card will be provided."
OnePlus 11R 256 GB Silver,26500,Used,"Rajshahi, Shaheb Bazar",29/09,https://bikroy.com/shaheb-bazar/mobile-phones/oneplus-11r-256-gb-silver-l1K1Rj2ncA8GGnKOQd3igmNQ.html,3,2026-10-03T09:37:21.088492+00:00,individual,"No problems at all, completely fresh, no scratches, silver color, exchange or sale"
OnePlus 11R 128 GB Silver,26000,Used,"Rajshahi, Shaheb Bazar",28/09,https://bikroy.com/shaheb-bazar/mobile-phones/oneplus-11r-128-gb-silver-rpHZbDUtvc2sHXpAjgAxnNGl.html,5,2026-10-03T09:37:21.353465+00:00,individual,"OnePlus 11R 
RAM 8 GB, ROM 128 GB
Fully fresh body just like new... 
No scratches 
Urgent money needed
There are no issues with the phone"
OnePlus 11R 256 GB Black,26500,Used,"Rajshahi, Nawdapara",25/09,https://bikroy.com/nawdapara/mobile-phones/oneplus-11r-256-gb-black-5ICpR7J6AEA34XHsFlI0HN2q.html,4,2026-10-03T09:37:21.951336+00:00,individual,"I'm selling it to buy an iPhone.
There is no problem with the phone. 
Full fresh condition"
OnePlus 12R 128 GB Black,28000,Used,"Rajshahi, Boalia",27/09,https://bikroy.com/boalia/mobile-phones/oneplus-12r-128-gb-black-oAfMAc5XGKQupykyqck8csLO.html,5,2026-10-03T09:37:22.651056+00:00,individual,There is no kind of problem at all. It didn't even need to be repaired once. Self-used phone. There is no kind of problem.
OnePlus Nord CE5 128 GB Black,24999,Used,Rajshahi,4 hours ago,https://bikroy.com/rajshahi/mobile-phones/oneplus-nord-ce5-128-gb-black-2DC4zY4XCKWO87OpXpWQjd0T.html,4,2026-10-03T09:37:23.402601+00:00,individual,"All ok. Indian phone. OnePlus Nord CE5 5G. Only phone, call me."
OnePlus 12R 128 GB Black,26000,Used,"Rajshahi, Shaheb Bazar",27/09,https://bikroy.com/shaheb-bazar/mobile-phones/oneplus-12r-128-gb-black-kypUmbjN6Ldgkaml8DaADtai.html,4,2026-10-03T09:37:24.103219+00:00,individual,Selling because money is needed
OnePlus 11R 256 GB Blue,24500,Used,"Rajshahi, Godagari",08/09,https://bikroy.com/godagari/mobile-phones/oneplus-11r-256-gb-blue-u3gjNTPKjtBe0fd2HhS6Bup1.html,5,2026-10-03T09:37:24.750999+00:00,individual,"16GB ram 
256 GB ROM 
50 MP, f/1.8, 24mm (wide), 1/1.56"", 1.0μm, multi-directional PDAF, OIS
8 MP, f/2.2, 120 ̊ (ultrawide), 1/4.0"", 1.12μm
2 MP (macro)
Features	Color spectrum sensor, LED flash, HDR, panorama
Video	4K/60fps, 1080p/60/240fps, gyro-EIS
120Hz, HDR10+, 1450 nits (peak)
Size	6.74 inches,
Resolution	1240 x 2772 (~451"
OnePlus 13 256 GB Blue,68000,Used,"Chattogram, Oxygen",07/08,https://bikroy.com/oxygen/mobile-phones/oneplus-13-256-gb-blue-uhu1Fn06okWg0bVnRFCoGvLd.html,5,2026-10-03T09:37:25.347684+00:00,individual,"OnePlus 13 (Global Version)
Used: 8 Months
Condition: Excellent (One-Hand Use)
Battery Health: 97%
No Damage / No Issues
Overall Condition: 10/10 – Everything perfectly
What's Included:
Full Box
Original Charger
2 Mobile Covers (Free)"
New OnePlus 15 256 GB Black,80000,Brand New,"Chattogram, Chandanaish",02/09,https://bikroy.com/chandanaish/mobile-phones/new-oneplus-15-256-gb-black-rn0AHzpB07ct2YjotNlp0OzO.html,3,2026-10-03T09:37:26.050400+00:00,individual,Get a brand new device complete with its full box and charger! Experience like-new longevity with a battery cycle count of only 22 times.
OnePlus 13s 256 GB Green,65000,Used,"Chattogram, Halishahar",27/07,https://bikroy.com/halishahar/mobile-phones/oneplus-13s-256-gb-green-6i0VeIAFvsdsvUsIkzYw1mFA.html,3,2026-10-03T09:37:26.788844+00:00,individual,"12/256, brand new condition. 100% Battery Health."
New OnePlus Nord 6 512 GB Black,70000,Brand New,"Chattogram, Chawkbazar",3 hours ago,https://bikroy.com/chawkbazar/mobile-phones/new-oneplus-nord-6-512-gb-black-rOv3lyxvBHhlLyKlP6ooyNAt.html,3,2026-10-03T09:37:27.499113+00:00,individual,"OnePlus Nord 6
12/512GB
It's new and sealed pack."
OnePlus 15 512 GB Black,97000,Used,"Chattogram, Kotwali, Chattogram",30/08,https://bikroy.com/kotwali/mobile-phones/oneplus-15-512-gb-black-s3XwSdMjMJfYUDxWtmkLm89d.html,5,2026-10-03T09:37:28.201795+00:00,individual,"Ekdom fresh, 6month used, official warranty,  24-02-2027 porjonto official warranty active thakbe with charging adaptor include in same official warranty 🙂
Kohinoor city One pluser official outlet theke buy kora hoyechilo

Brand	:OnePlus
Model	15 (16GB/512GB)"
OnePlus 15 256 GB White,88000,Used,"Chattogram, Chawkbazar",3 hours ago,https://bikroy.com/chawkbazar/mobile-phones/oneplus-15-256-gb-white-pl1reY905NpdBohOQb1qvLIh.html,3,2026-10-03T09:37:28.851340+00:00,individual,"Oneplus 15
12/256
Full Boxed
with Charger"
OnePlus 11 256 GB,34000,Used,"Chattogram, Lohagara",14/09,https://bikroy.com/lohagara/mobile-phones/oneplus-11-256-gb-1114NcoHB5MSnn03ZRt52YN9.html,3,2026-10-03T09:37:29.492528+00:00,individual,Oneplus 11
OnePlus 9R 256 GB,25000,Used,"Chattogram, Satkania",24/09,https://bikroy.com/satkania/mobile-phones/oneplus-9r-256-gb-iziuG3ZwPIU5dupKy0mm9uJp.html,4,2026-10-03T09:37:29.953894+00:00,individual,"Only the display needs to be changed, everything else is fine.
You can check everything as you wish, original charger is available, fresh condition box cash memo all are available."
OnePlus 10R 128 GB Black,21000,Used,"Chattogram, Agrabad",4 hours ago,https://bikroy.com/agrabad/mobile-phones/oneplus-10r-128-gb-black-hly0Kltnth5XkyXPdxEvwGrX.html,3,2026-10-03T09:37:30.653441+00:00,individual,"Set in fully fresh condition
200% OK
All parts 100% original
RAM 8+128
With original charger
The performance of the set is very good"
OnePlus 9RT 5G 128 GB Black,29000,Used,"Chattogram, Halishahar",19/09,https://bikroy.com/halishahar/mobile-phones/oneplus-9rt-5g-128-gb-black-fcM7T66Ck59S9ikJ8AtfeMTf.html,4,2026-10-03T09:37:31.297050+00:00,individual,"1. You can check the mobile thoroughly before purchasing.
2. The power button and volume buttons of the mobile work a bit less.
3. Both the box and charger of the mobile are available.
4. It has been used for 1.5 years.
5. You must come to the location.
Location - Eidgah kancha rasta, Rupsa bakery."
OnePlus 12 R Indian version (Used),31500,Used,"Chattogram, Chawkbazar",22/04,https://bikroy.com/chawkbazar/mobile-phones/oneplus-12-r-indian-version-used-f0lUDg20BYWtIc9Ot6HPDNGj.html,5,2026-10-03T09:37:31.952127+00:00,individual,"ONEPLUS 12R 16/256 GB BH 94%
CONDITION 98% FRESH 
EXCHANGE POSSIBLE BUT GAMING PHONE 8GEN 3 CHIPSET MUST BE ,, 
ADD ONLY 100W CHARGER 
Price almost fixed, 
There is no problem with the mobile. I want to buy a gaming phone like - iqoo 12 or 13
-"
OnePlus 10R 128 GB Green,25000,Used,"Chattogram, Lalkhan Bazar",26/09,https://bikroy.com/lalkhan-bazar/mobile-phones/oneplus-10r-128-gb-green-z34ovewH4jlnFItkABWhQDyg.html,4,2026-10-03T09:37:32.487527+00:00,individual,Box and charger will be provided
OnePlus 256 GB Gray,36000,Used,"Chattogram, Oxygen",12/09,https://bikroy.com/oxygen/mobile-phones/oneplus-256-gb-gray-eAAzpFBYbqdn6kTx1LQzeR4.html,5,2026-10-03T09:37:33.136741+00:00,individual,"OnePlus Nord 5 (8/256)... full fresh... No dents, spots & problems... full body laminated... you can check and take... brought from India... used for about 6 months..."
New OnePlus 15R 512 GB Green,54000,Brand New,"Chattogram, Pahartali",29/09,https://bikroy.com/pahartali/mobile-phones/new-oneplus-15r-512-gb-green-b3r06mrmEh2y1D8GveAPyMJa.html,4,2026-10-03T09:37:33.851820+00:00,individual,"Only set
Set all ok 
Must be location aste hobe"
OnePlus 12 512 GB,55000,Used,"Chattogram, Patenga",23/09,https://bikroy.com/patenga/mobile-phones/oneplus-12-512-gb-nhKNdGGQbBfWCnAxOFugpk0L.html,3,2026-10-03T09:37:34.450287+00:00,individual,"Battery Health 97%,,
Case Mamo + Life time Display Service Warranty,
With Charger,,"
OnePlus 13R 256 GB Silver,45000,Used,"Chattogram, Agrabad",16/09,https://bikroy.com/agrabad/mobile-phones/oneplus-13r-256-gb-silver-7Yf0PMWKt54pimRPDmkXpjI.html,5,2026-10-03T09:37:35.288066+00:00,individual,"Oneplus 13r 12gb 256gb set 100% fresh 99% battery health all over fresh set, lamination and tempered glass applied, cash memo and cover will be provided"
OnePlus 12 256 GB Green,43999,Used,"Chattogram, Alankar",22 hours ago,https://bikroy.com/alankar/mobile-phones/oneplus-12-256-gb-green-8CIHC9lUaktiNLXIeOfH3blh.html,5,2026-10-03T09:37:35.901018+00:00,individual,"OnePlus 12 for sale. Good overall condition and everything works perfectly. Display has some visible burn-in. Excellent performance, camera, and battery. Serious buyers only. Price slightly negotiable."
OnePlus 11R 256 GB Black,28500,Used,"Chattogram, Hathazari",27/09,https://bikroy.com/hathazari/mobile-phones/oneplus-11r-256-gb-black-B42dlC7yKfuyBtPGcsBRLkTX.html,5,2026-10-03T09:37:36.502927+00:00,individual,Oneplus 11R 5G set full fresh and all ok ram16gb rom256gb camera50+8+2+16 Battery 5000mah good backup and fast display fingerprint powerful processor Snapdragon 8+ Gen 1 (4 nm Refresh Rate 120Hz full gameing phone সেটের সাথে কিছু নেই কিন্তু ১০০০% সিকিউরিটি দেওয়া যাবে আর চাইলে আমার বাসা থেকে নিয়ে যেতে পারবেন আর সেট এখনো কোলাপিটিন হয়নি inbox me
OnePlus 13R 512 GB Silver,48500,Used,"Chattogram, Rangunia",06/09,https://bikroy.com/rangunia/mobile-phones/oneplus-13r-512-gb-silver-BimuH69fH5QsfdfOPj4P3Fbh.html,4,2026-10-03T09:37:37.004105+00:00,individual,"*Device , Cover & Charger will be given.
 16GB RAM + 512GB Storage — Power & Storage-এর দিক থেকে একদম beast!
 Location: Rangunia thanar pashe,Rowajarhat rangunia upazilla."
New OnePlus 128 GB Black,41000,Brand New,"Chattogram, Chawkbazar",3 hours ago,https://bikroy.com/chawkbazar/mobile-phones/new-oneplus-128-gb-black-e0B33vLLj5Ngrys7ozNScU7f.html,3,2026-10-03T09:37:37.598299+00:00,individual,"OnePlus Nord CE6
8/128
Brand New"
OnePlus Nord 6 256 GB Black,47000,Used,"Dhaka, Khilgaon",6 hours ago,https://bikroy.com/khilgaon/mobile-phones/oneplus-nord-6-256-gb-black-5L50pCVJEhQyCLNqAi36T5MM.html,5,2026-10-03T09:37:38.290086+00:00,individual,"Almost new condition. Full box with original charger. Global. Battery Health 100%. Charging cycle 20.
9000mAh superior battery.
Mobile Town is selling phones for 12 years above at Khilgaon.
Warranty:-
7 days replacement warranty
1 year service warranty
Our Showroom Address:
Mobile Town
Khilgaon Taltola Mosjid Market complex. Shop No: 35 (Ground Floor)"
OnePlus Nord 6 256 GB Black,52490,Used,"Dhaka, Shyamoli",4 hours ago,https://bikroy.com/shyamoli/mobile-phones/oneplus-nord-6-256-gb-black-glOLKjl7mRJM4jfhOiQ07eDf.html,5,2026-10-03T09:37:39.050437+00:00,business,"#OnePlus_Nord_6 8/256

100% | Charging Cycle: 08
Condition: Full Box | Intact conditions
Indian Official Warranty Available

⸻
EXCHANGE AVAILABLE
100% Authentic Product
⸻
EMI Facility (Available on cards from 36 banks)
⸻
Cash On Delivery Nationwide
⸻
Shop Location:
Phone-e
Shop No: 573, Level-5
Shyamoli Square Shopping Mall, Dhaka"
OnePlus 13 512 GB Blue,66999,Used,"Dhaka, Dhanmondi",3 hours ago,https://bikroy.com/dhanmondi/mobile-phones/oneplus-13-512-gb-blue-5Zdf1fmIuWPzQk10vYQSBip6.html,4,2026-10-03T09:37:39.387767+00:00,individual,"OnePlus 13 16+512gb Global Authentic
Fresh condition with money receipt
No any repair history
No any scratch or dent
Camera & battery backup so Good
Warranty policy:-
We will provide 10 day's replacement & 2 years service (without parts)
Address:- 3rd floor, shop No-411, Orchard point shopping complex, Dhanmondi 7"
OnePlus 15R 256 GB Green,61999,Used,"Dhaka, Savar",23/09,https://bikroy.com/savar/mobile-phones/oneplus-15r-256-gb-green-5AoDuKRh6hnRvdbu1LSPgIsv.html,4,2026-10-03T09:37:40.050582+00:00,individual,"I bought this mobile phone last month, brand new, seal-packed, and unactivated. The charging cycle is just 18. Battery health is 100%. Those who are looking to buy a new one can check this out; buying this is the same as buying a new one. It comes with an original Nillkin back cover, which has a market value of around 1000 BDT. I have also applied a SmartDevil screen protector, which has a market value of 700 BDT."
OnePlus 13s 256 GB Black,51500,Used,"Dhaka, Jatrabari",1 hour ago,https://bikroy.com/jatrabari/mobile-phones/oneplus-13s-256-gb-black-7CLo9mFzgZPlI2kPKJ6h2RV8.html,4,2026-10-03T09:37:40.702447+00:00,individual,"OnePlus 13s (12-256 GB) full fresh condition 
Memo available 
Location: Dhaka Jurain Bikrampur Plaza. Level-3. Shop-42
Call. WhatsApp 019XXXXXXXX"
OnePlus Nord 5 512 GB White,48990,Used,"Dhaka, Dhanmondi",42 min ago,https://bikroy.com/dhanmondi/mobile-phones/oneplus-nord-5-512-gb-white-d17bkiHVFxCSinQ94bvEBxUT.html,3,2026-10-03T09:37:41.252265+00:00,individual,"""Welcome to ""Al Aqsa Mobile"" 



     ▪Reach us___________________                     


               *Al Aqsa Mobile*


Shop No-449 ,Lift -3, Orchard Point, Dhanmondi 7, Dhaka-1209


Model : Nord 5 Full Fresh Condition ✨ 


RAM : 12


ROM : 512


➡️Price Fixed ✅"
OnePlus 15 256 GB Black,82990,Used,"Dhaka, Shyamoli",3 hours ago,https://bikroy.com/shyamoli/mobile-phones/oneplus-15-256-gb-black-gbk2XF8YvCtEyqOhu6u4ShMY.html,3,2026-10-03T09:37:42.454022+00:00,business,"OnePlus 15 12/256 
 99% Customised Global 
 Condition: Full Box | Intact Conditions
  EXCHANGE POSSIBLE
 100% Authentic Product
 EMI Facility (on cards of 36 banks)
 Cash On Delivery Nationwide
⸻
 Shop Location:
Phone-e
Shop No: 573, Level-5
Shyamoli Square Shopping Mall, Dhaka"
OnePlus Nord 6 256 GB Silver,49999,Used,"Dhaka, Mirpur",18/09,https://bikroy.com/mirpur/mobile-phones/oneplus-nord-6-256-gb-silver-WvbRRmFdkJ7k75zMs4ty6na.html,5,2026-10-03T09:37:42.835261+00:00,individual,"OnePlus Nord purchased from Jamuna Future Park on this date. The phone has no issues, scratches, or dents. Charging cycle is only 45 times and battery health is 100%.
Original charger, cable, memo, and lifetime security papers can be provided. Exchange is not possible.
**(Price Fixed)**
Location: Army Camp, Puraton Banijya Mela Math, Zia Uddan, Sher-e-Bangla Nagar, Dhaka"
OnePlus 15 256 GB Graphite,78000,Used,"Dhaka, Jamuna Future Park",07/09,https://bikroy.com/jamuna-future-park/mobile-phones/oneplus-15-256-gb-graphite-cZaPDl6bwiYnbaAWmZYuNUGS.html,4,2026-10-03T09:37:43.500077+00:00,individual,Onepluss 15 12/256 gb fresh condition with box charger
OnePlus Ace 256 GB,51500,Used,"Dhaka, Jatrabari",3 hours ago,https://bikroy.com/jatrabari/mobile-phones/oneplus-ace-256-gb-mxUPjYKvLcgpem6iFgNqglGr.html,5,2026-10-03T09:37:44.143552+00:00,individual,"Oneplus ACE 6T (12-256) full fresh condition
73 charging cycle 
Box memo available
Location: Dhaka jurain bikrampur Plaza.Level-3.Shop-42
Call.WhatsApp 019XXXXXXXX"
OnePlus Nord 5 512 GB Gray,46000,Used,"Dhaka, Jamuna Future Park",17 hours ago,https://bikroy.com/jamuna-future-park/mobile-phones/oneplus-nord-5-512-gb-gray-sKOrOe1MZiMxdEDvntdFN6yr.html,4,2026-10-03T09:37:45.042485+00:00,individual,"OnePlus Nord 5 (12/512)
No Dent. 100% Fresh
7 months Used"
OnePlus 10T 256 GB Green,45000,Used,"Dhaka, Mohakhali",23/09,https://bikroy.com/mohakhali/mobile-phones/oneplus-10t-256-gb-green-3JyDYwjTILuTDL4lF8pThAV2.html,5,2026-10-03T09:37:45.643023+00:00,individual,"Full OK new condition 
No problems with the phone 
Comes with original 100W charger"
New OnePlus 256 GB,62999,Brand New,"Dhaka, Bashundhara City",6 hours ago,https://bikroy.com/bashundhara-city/mobile-phones/new-oneplus-256-gb-ppsVFtWgCSk3YKQt0BV1LjAo.html,2,2026-10-03T09:37:46.245237+00:00,individual,"10-day replacement guarantee
 2-year service warranty
 Fast and secure courier service across the country
 Attractive exchange offers available
 Emon Gadget Point
Basement-1, Shop-84
Bashundhara City Shopping Mall"
OnePlus 11 256 GB Black,45000,Used,"Dhaka, Uttara",05/09,https://bikroy.com/uttara/mobile-phones/oneplus-11-256-gb-black-b7W0VkQiRlbkIJSjDi9FydEV.html,3,2026-10-03T09:37:46.951417+00:00,individual,ফোনটি আমি কিছুদিন আগে কিনেছিলাম। এখন জরুরি টাকার প্রয়োজন তাই মোবাইলটি বিক্রি করতে চাচ্ছি।
OnePlus 12 256 GB Black,48500,Used,"Dhaka, Jamuna Future Park",4 hours ago,https://bikroy.com/jamuna-future-park/mobile-phones/oneplus-12-256-gb-black-z3Wq34Es9R50poqghIX90mnm.html,3,2026-10-03T09:37:47.504619+00:00,individual,"Oneplus 12
12GB 256GB
Few Month used
Price: Tk
 Paramount Gadget
Jamuna Future Park Shopping Mall
Level 4, Shop No: 006C
Near Lift 7 (Nokia   

#oneplus
#oneplus12"
OnePlus Nord CE4 128 GB Green,21000,Used,"Dhaka, Motijheel",04/09,https://bikroy.com/motijheel/mobile-phones/oneplus-nord-ce4-128-gb-green-ySZHzi0U2vT4isn5INGWCiAZ.html,4,2026-10-03T09:37:48.091626+00:00,individual,"ফোনে কোন সমস্যা নাই ফুল ফ্রেশ একদম, ৯৩% বেটারি হেলথ, ফোনে কোন স্ক্রেচ বা ডেন্ট নাই, ফ্রেমের হালকা রঙ উঠে গেছে কাভার ছাড়া উইজ করতাম তাই, এছাড়া কোন সমস্যা বা ইন্টার্নাল ইস্যু পাইলে আসা যাওয়ার ভাড়া দিয়ে দেওয়া হবে.
অনলি ফোন সিকিউরিটির জন্য NID এর কপি দেওয়া হবে, উলটা পালটা দাম না বলে ইগ্নোর করুন,  সিরিয়াস বায়াররাই নক দিন"
OnePlus 11 256 GB Green,25000,Used,"Dhaka, Savar",08/09,https://bikroy.com/savar/mobile-phones/oneplus-11-256-gb-green-wPGqfgcVSarBuO447NViKuOM.html,5,2026-10-03T09:37:48.544575+00:00,individual,হানডেট পারসেন্ট ফুল ফ্রেশ ফোনে কোন ধরনের কোন স্ক্র্যাচ কোন ডেট কিচ্ছু নাই একদম ফুল ফ্রেশ ১৬ জিবি ২৫৬ জিবি উইথ বক্স 100w অরজিনাল চার্জার। তিনটা গ্রীন লাইন এছাড়া কোন ধরনের কোন প্রবলেম একদমই নেই।
OnePlus 11R 256 GB Black,23990,Used,"Dhaka, Shyamoli",7 hours ago,https://bikroy.com/shyamoli/mobile-phones/oneplus-11r-256-gb-black-raGq3Nm5qUt2MUTEolG8l136.html,5,2026-10-03T09:37:49.304146+00:00,individual,"Guarantee - Warranty
Every phone of ours comes with a 10-day guarantee and a 1-year service warranty.
If you find any issue, you can exchange the model.
Our shop address:
Maa Enterprise
Shyamoli Khan Plaza Mobile Market
Shop Number: 22
Ring Road, Shyamoli, Mohammadpur, Dhaka-1207
Please do not bargain."
OnePlus Nord CE4 Lite 256 GB Blue,21500,Used,"Dhaka, Savar",39 min ago,https://bikroy.com/savar/mobile-phones/oneplus-nord-ce4-lite-256-gb-blue-ifHbo7uVW1Enf0Hfc5v2U1Il.html,5,2026-10-03T09:37:49.933930+00:00,individual,"[Exchange Bazar Showroom]
1+ nord ce 4 lite 8/256gb
2 years service warranty 15 days replacement guarantee.
 
Nabinagar Sena Shopping Complex,
5th Floor, Shop No-E-142,143
Nabinagar Savar Dhaka.
Only device+Cash memo+warranty.
Contact 016XXXXXXXX"
OnePlus Nord CE4 128 GB,22500,Used,"Dhaka, Jatrabari",6 hours ago,https://bikroy.com/jatrabari/mobile-phones/oneplus-nord-ce4-128-gb-xgINrUQsdZhQqlyi9Fzz0ZhF.html,4,2026-10-03T09:37:50.497548+00:00,individual,"Assalamu Alaikum
Welcome to Gadget Exchange BD
 
 All perfect working
 Buying/selling and exchange means Gadget Exchange BD
 Come to our shop to get 100% genuine products
 With cash memo
 7 Days Replacement
 1 Year service warranty without Parts
 Gadget Exchange BD 
Shop No. 67 (3rd Floor)
Vikrampur Plaza, Jurain Railgate, Dhaka-1204"
OnePlus 256 GB Silver,41500,Used,"Dhaka, Jatrabari",1 hour ago,https://bikroy.com/jatrabari/mobile-phones/oneplus-256-gb-silver-fHfVfyVzppfqV1gjR2WB5Xm0.html,3,2026-10-03T09:37:51.283916+00:00,individual,"OnePlus Ace 5.
RAM - 12 GB.
ROM - 256 GB.
Battery Health - 100%.
Full box."
OnePlus Nord CE5 256 GB White,35000,Used,"Dhaka, Savar",20/09,https://bikroy.com/savar/mobile-phones/oneplus-nord-ce5-256-gb-white-zpM4xzd7k22pXynntOUSJkY4.html,4,2026-10-03T09:37:51.752087+00:00,individual,"Official OnePlus Nord CE5 5G (8/256GB) set for sale. Completely fresh condition—no marks, spots, scratches, or scuffs. There is not the slightest issue with the phone; the display, camera, touch, speaker, and charging are all fine. Used with great care. Bought for 35,000 Taka before Eid. The price has increased currently. Selling because I need money."
OnePlus 7 Pro 256 GB Blue,19000,Used,"Dhaka, Mohakhali",15/09,https://bikroy.com/mohakhali/mobile-phones/oneplus-7-pro-256-gb-blue-gmD1yy6EKGKHJo506duDsAEa.html,5,2026-10-03T09:37:52.249736+00:00,individual,"There are no issues with the phone. It is providing very good service. There are slight scratches. Note: As security, you can take a NID copy and match the IMEI. Whichever you prefer can be provided. With 8GB RAM and 256GB ROM, you will surely get a very smooth performance."
OnePlus Nord 2 5G 256 GB Blue,21500,Used,"Dhaka, Jatrabari",6 hours ago,https://bikroy.com/jatrabari/mobile-phones/oneplus-nord-2-5g-256-gb-blue-8wTnLazbCXuVwp7OsL2YOkrd.html,3,2026-10-03T09:37:52.748839+00:00,individual,"Condition: OnePlus Nord 2 5G
RAM: 12GB ROM: 256GB
Cash memo + Box + Adapter
Address: Dhaka Jatrabari, Shahid Faruk Road, Taz-Tanvir Super Market, 2nd Floor, Shop Number: 10 (MobileHub)
*Instead of getting cheated by buying cheap products to save some money, buy the right product at the right price,
Please do not call for bargaining."
OnePlus 11R 512 GB Red,26500,Used,"Dhaka, Jatrabari",7 hours ago,https://bikroy.com/jatrabari/mobile-phones/oneplus-11r-512-gb-red-oQHtKU60odRxxGjrjkG3Yz2V.html,4,2026-10-03T09:37:53.252487+00:00,individual,"Condition:Full Fresh Body Unfresh Slightly
Ram:18GB Special Edition
Rom:512GB
Amoled Display 
Snapdragon 8+ Gen 1
Price:Fixed
(যাত্রাবাড়ী আমাদের সাপ্তাহিক বন্ধ সোমবার) 
ঠিকানা:ঢাকা যাত্রাবাড়ী, শহীদ ফারুক রোড, তাজ-তানভীর সুপার মার্কেট, ২য় তলা, দোকান নাম্বার:১০ (MobileHub)"
OnePlus Nord CE5 256 GB Black,33500,Used,"Dhaka, Jatrabari",28 min ago,https://bikroy.com/jatrabari/mobile-phones/oneplus-nord-ce5-256-gb-black-8qzdRjzh07Cqwbxt9FZN8lFs.html,3,2026-10-03T09:37:53.755918+00:00,individual,"Oneplus nord ce5.
RAM - 8 GB.
ROM - 256 GB.
Full box."
New OnePlus 128 GB,33999,Brand New,"Dhaka, Jatrabari",51 min ago,https://bikroy.com/jatrabari/mobile-phones/new-oneplus-128-gb-glJ92Ess1mzwBXPchd2ySQbX.html,3,2026-10-03T09:37:54.103275+00:00,individual,"Oneplus nord ce6 lite.
Ram - 8 gb.
Rom - 128 gb.
Full box."
OnePlus Nord CE4 Lite 256 GB Silver,21000,Used,"Dhaka, Jatrabari",05/09,https://bikroy.com/jatrabari/mobile-phones/oneplus-nord-ce4-lite-256-gb-silver-b4355IJ8ERhHvV8kRQqtDANc.html,3,2026-10-03T09:37:54.800837+00:00,individual,"Oneplus north ce4 lite 5g phone 

৯ মাস ব্যাবহার করা হইছে
অফিসিয়াল ফোন 
বক্স চার্জার সব কিছুই ফ্রেস আছে 
কোন প্রকার সমস্যা নাই 

ফোন একেবারে নতুনের মতোই আছে 
কোন প্রকার সমস্যা নাই 

জরুরি টাকার প্রয়োজনে বিক্রি করা হবে 

কিনতে চাইলে এসে দেখে কিনতে পারবেন 
আমার দোকান মদি দোকান আছে শনির আখরা শেখদি এরশাদুল সরখ"
OnePlus 12R 256 GB Bronze,32990,Used,"Dhaka, Jatrabari",6 hours ago,https://bikroy.com/jatrabari/mobile-phones/oneplus-12r-256-gb-bronze-spaIPEbOLzgHSIGcu8Dgtezz.html,3,2026-10-03T09:37:55.551973+00:00,individual,"Condition:Fully Fresh
Ram:8GB Rom:256GB
Snapdragon 8 Gen 2
Battery:90%
Cash Memo
Price:Fixed
(যাত্রাবাড়ী আমাদের সাপ্তাহিক বন্ধ সোমবার) 
ঠিকানা:ঢাকা যাত্রাবাড়ী, শহীদ ফারুক রোড, তাজ-তানভীর সুপার মার্কেট, ২য় তলা, দোকান নাম্বার:১০ (MobileHub)"
OnePlus Nord CE 3 Lite 5G 128 GB Purple,19000,Used,"Dhaka, Dhanmondi",21/09,https://bikroy.com/dhanmondi/mobile-phones/oneplus-nord-ce-3-lite-5g-128-gb-purple-dCeE0nkbQ880hqnhzUuJkcZ7.html,3,2026-10-03T09:37:56.182723+00:00,individual,"Absolute fresh condition, bought in 2023, no problems with the mobile."
New OnePlus 8T 128 GB Blue,29999,Brand New,"Dhaka, Khilkhet",3 hours ago,https://bikroy.com/khilkhet/mobile-phones/new-oneplus-8t-128-gb-blue-wrcXdAyGP8lXaB3pIrG2jiBU.html,4,2026-10-03T09:37:56.850116+00:00,individual,"One plus 8t new 8/128gb 

mobile door bd
shop no: 49, 3rd floor (lift-3)
rajuk trade center shopping mall
nikunja-2, khilkhet, dhaka-1229"
OnePlus 9RT 5G 256 GB Green,25000,Used,"Dhaka, Dhanmondi",08/09,https://bikroy.com/dhanmondi/mobile-phones/oneplus-9rt-5g-256-gb-green-uYznLe88USc9GRmmUCBcQvNF.html,5,2026-10-03T09:37:57.700806+00:00,individual,"Original charger 
Box 
Kono problem nai
Fresh condition"
OnePlus 11R 128 GB Black,25000,Used,"Dhaka, Savar",6 hours ago,https://bikroy.com/savar/mobile-phones/oneplus-11r-128-gb-black-zWYWLhO9fwRivZ159G65436T.html,5,2026-10-03T09:37:58.445818+00:00,individual,"Display: 6.74"" amoled, 120hz
processor: snapdragon 8+ gen 1
camera: 50mp + 8mp + 2mp, front 16mp
battery: 5000mah
charging: 100w supervooc
ram/storage: 8gb ram, 128gb storage
5g: available
os: android"
OnePlus 10 R (Used),28990,Used,"Dhaka, Mohammadpur",58 min ago,https://bikroy.com/mohammadpur/mobile-phones/oneplus-10-r-used-33MAyNl6Hajh6muBvtssCjbH.html,4,2026-10-03T09:37:58.941914+00:00,individual,"Oneplus 10R (Only device)🔥

BEST OFFER PRICE
💥With Best condition 💯

🔥👀EXCHANGE OFFER IS AVAILABLE 👀🔥

👉EMI is available for credit card ☑️☑️

Phone Details
- camera ( 50 Mp 🔥🔥)
- processor (MediaTek Dimensity 8100 Max )🥵🔥
- Dual sim card 🔥
- Storage ( 12-256 )GB🔥
- Battery (5000mAh)☑️
- All parts original ☑️

☑️☑️(no service history one hand used)☑️☑️

- One hand used ☑️
- Green colour☑️
- 80w charging capacity☑️ 

👉 You can visit our shop directly to check and take the phone, our shop address is:

Shop Name :Ab international 
Level -06 Shop number-(657,658)
Tokyo Square,Japan garden city, Mohammadpur,Dhaka-1207

and
🌏 Cash on delivery is available all over Bangladesh (you must pre-book) and conditional charges will be added with it.


👉 No more worries about buying a USED phone because we are giving 100% original and authentic phones.
👉 Replaced within 7 days if any problem occurs (Except display issues)
👉 One year free service warranty
👉 Life time security guarantee will be given.
👉 Later you can exchange with us for another phone or cash sell. Show more"
Xiaomi 12 128 GB Purple,35500,Used,"Rajshahi, Bagmara",22/09,https://bikroy.com/bagmara/mobile-phones/xiaomi-12-128-gb-purple-a6UgQ2PYvNLhnfSlld9Ufbx7.html,3,2026-10-03T09:37:59.550240+00:00,individual,"Full fresh, no issues."
Xiaomi Redmi Note 14 Pro+ 5G 512 GB Rose Gold,28999,Used,"Rajshahi, Kazla",5 hours ago,https://bikroy.com/kazla/mobile-phones/xiaomi-redmi-note-14-pro-5g-512-gb-rose-gold-bvb5al9oGdwfb5Dw53NLfE2P.html,5,2026-10-03T09:38:00.386211+00:00,individual,"12/512GB 
Only phone 
Call me"
Xiaomi Redmi Note 13 Pro+ 256 GB White,28000,Used,"Rajshahi, Court Station",06/09,https://bikroy.com/court-station/mobile-phones/xiaomi-redmi-note-13-pro-256-gb-white-w6nkvfxESFjDdNLEvJ2toQR8.html,5,2026-10-03T09:38:00.989927+00:00,individual,টাকার দরকার তাই ফোন বিক্রি করছি
Xiaomi 13 Lite 256 GB Gray,41000,Used,"Rajshahi, Kazla",11/09,https://bikroy.com/kazla/mobile-phones/xiaomi-13-lite-256-gb-gray-BkyZxjzmpg9fNKo69tic8eCs.html,5,2026-10-03T09:38:01.500248+00:00,individual,"Absolute best phone.
Selling it because I bought a new phone.
Used for 4 months.
67W charger + box will be given with it."
Xiaomi Redmi Note 14 Pro+ 5G 512 GB White,28000,Used,"Rajshahi, Godagari",24/09,https://bikroy.com/godagari/mobile-phones/xiaomi-redmi-note-14-pro-5g-512-gb-white-xhUjJOTaeZnDdP3Oiq3lGaYI.html,5,2026-10-03T09:38:02.000175+00:00,individual,"99% fresh, must come to the location to pick it up"
Xiaomi Redmi Note 14 Pro 5G 512 GB Black,28000,Used,"Rajshahi, Shaheb Bazar",1 hour ago,https://bikroy.com/shaheb-bazar/mobile-phones/xiaomi-redmi-note-14-pro-5g-512-gb-black-tJe806rpPO3DNLcmpf7cWxq.html,4,2026-10-03T09:38:02.400704+00:00,individual,There are no problems with the phone at all. I am selling it because I want to get another phone. Everything including the charger and box comes with the phone.
New Xiaomi Redmi Turbo 5 Max 256 GB White,52000,Brand New,"Rajshahi, Kazihata",17/09,https://bikroy.com/kazihata/mobile-phones/new-xiaomi-redmi-turbo-5-max-256-gb-white-ilYJdOW4H3a3gxDJ2NnetvyC.html,4,2026-10-03T09:38:02.947795+00:00,individual,"Purchased on September 2, 2026, full fresh, battery health 100%, battery count was given around 26 times. The reason for selling the phone is I will shift from a Chinese ROM to another flagship ROM."
Xiaomi Redmi Note 15 Pro+ 256 GB Silver,35000,Used,"Rajshahi, Boalia",04/09,https://bikroy.com/boalia/mobile-phones/xiaomi-redmi-note-15-pro-256-gb-silver-dwzp36PX9NTRHVEpowKH5Kbs.html,4,2026-10-03T09:38:03.500101+00:00,individual,"একদম নতুন কন্ডিশন । 
মেমো দেওয়া হবে ।
 যোগাযোগ 016XXXXXXXX 015XXXXXXXX"
New Xiaomi Redmi Note 15 256 GB Purple,27500,Brand New,"Rajshahi, Boalia",08/09,https://bikroy.com/boalia/mobile-phones/new-xiaomi-redmi-note-15-256-gb-purple-yMNy5fPeKKNWRv9t6J02StVR.html,5,2026-10-03T09:38:03.950893+00:00,individual,ফোনটি ছয় মাস ব্যবহৃত হয়নি একবারেই নতুন ফোনটি বিক্রি করব টাকার প্রয়োজনে যদি কোন ব্যক্তি ফোনটি কিনতে চায় তাহলে আমার নাম্বারে যোগাযোগ করুন ফুল ফ্রেশ কন্ডিশন
Xiaomi Redmi Note 15 Pro+ 512 GB Black,42000,Used,"Rajshahi, Shaheb Bazar",14/09,https://bikroy.com/shaheb-bazar/mobile-phones/xiaomi-redmi-note-15-pro-512-gb-black-1g84IXGfBbz12jwf83hj48Cl.html,4,2026-10-03T09:38:04.755396+00:00,individual,"Model : Redmi Note 15 pro plus 5g 
Ram : 16 Gb / Rom : 512 Gb 
Battery Health : 99% 
Used : 6 months 
Condition : Full fresh 100% 
Box and Charger are available -/ China Variant"
Xiaomi Poco F7 256 GB White,37000,Used,"Rajshahi, Kadirgonj",7 hours ago,https://bikroy.com/kadirgonj/mobile-phones/xiaomi-poco-f7-256-gb-white-hfw0oIt1KU2pcsIBmoY4NLTZ.html,5,2026-10-03T09:38:05.304299+00:00,individual,"Assalamu Alaikum Warahmatullahi Wabarakatuh 
Fresh condition
 Box: Only Device
 Cash Memo: Available
 Replacement Guarantee: Up to 7 days (subject to conditions) 
Location: Rajshahi Kadirganj Chalpotti, beside Large Farmer, behind ShopnoChura Plaza Nagar Bhaban. 
 Shop No: 123 - Ground Floor beside the lift 
 Shop Name: Rajshahi Mobile Bari 019XXXXXXXX"
Xiaomi Redmi Turbo 4 Pro 256 GB White,38000,Refurbished,"Rajshahi, Uposahar",22/09,https://bikroy.com/uposahar/mobile-phones/xiaomi-redmi-turbo-4-pro-256-gb-white-uYvMrZPpuxkwjhrqlxssjWe4.html,5,2026-10-03T09:38:06.102720+00:00,individual,ফোনে কোনো সমস্যা নাই কন্ডিশন খুব ভালো  আছে ফোন জতো খুশি চেক করে নিতে পারবেন জুদি কারোর পছন্দ হয়  যোগাযোগ করেন.....
Xiaomi Redmi Note 14 Pro+ 256 GB Black,28500,Used,"Rajshahi, Court Station",20/09,https://bikroy.com/court-station/mobile-phones/xiaomi-redmi-note-14-pro-256-gb-black-s4Ggj7xyStkVRs3JSFrFYhBo.html,5,2026-10-03T09:38:06.933677+00:00,individual,"My older brother brought the phone from India. I am selling the phone due to my financial problems. If anyone wants to buy it, please contact. There are no problems with the phone, it is completely fresh."
Xiaomi Redmi Turbo 4 Pro 256 GB Black,39000,Used,"Rajshahi, Kadirgonj",23/09,https://bikroy.com/kadirgonj/mobile-phones/xiaomi-redmi-turbo-4-pro-256-gb-black-dxSRDWgy53SzcfPV8iw4l7Ud.html,4,2026-10-03T09:38:07.532037+00:00,individual,"Redmi turbo 4 pro
All fresh condition
256GB/12GB Ram"
Xiaomi 15 256 GB Purple,21500,Used,"Rajshahi, Mohanpur",30/09,https://bikroy.com/mohanpur/mobile-phones/xiaomi-15-256-gb-purple-rAo9yG20CCrR0jrsWJI6pBtp.html,4,2026-10-03T09:38:07.950038+00:00,individual,"Experience absolute perfection with this device, maintained in pristine condition."
Xiaomi Redmi Note 15 128 GB Silver,21999,Used,"Rajshahi, Kazla",3 hours ago,https://bikroy.com/kazla/mobile-phones/xiaomi-redmi-note-15-128-gb-silver-p4LDuLv6ADrLMWC2isaGLgPE.html,5,2026-10-03T09:38:08.347104+00:00,individual,"Friday dhamaka offer 
Our location is Banesswre Shibpur Hut 
Full box 
Note 15 6+128 
Fixed"
Xiaomi 12S Pro 256 GB Graphite,16000,Used,"Rajshahi, Shaheb Bazar",06/09,https://bikroy.com/shaheb-bazar/mobile-phones/xiaomi-12s-pro-256-gb-graphite-oAbbX5OYj16ExOGXwc0OfQjI.html,4,2026-10-03T09:38:08.836011+00:00,individual,"Problem: 3 green line 
Location: sahib Bazar / Ruppur ishwardi"
Xiaomi Redmi Note 13 256 GB Black,18999,Used,"Rajshahi, Kazla",6 hours ago,https://bikroy.com/kazla/mobile-phones/xiaomi-redmi-note-13-256-gb-black-wCZIz7KOcmx7MZxDbzSrq4PF.html,5,2026-10-03T09:38:09.543026+00:00,individual,"Redmi note 13 5G 
8/256GB Indan phone 
Call me"
Xiaomi Poco M6 Pro 128 GB Silver,15499,Used,"Rajshahi, Vodra",4 hours ago,https://bikroy.com/vodra/mobile-phones/xiaomi-poco-m6-pro-128-gb-silver-Cpvn7wzDNDaOVQ4amJgl2F15.html,4,2026-10-03T09:38:09.900034+00:00,individual,"Limited stock – First come, first served!

Our Address: Baneshwar Shibpur Hat, Puthia, Rajshahi 
100% Trust
Right price, right product
FAHIM mobile zone, your trusted mobile shop"
Xiaomi Redmi Note 14 Pro 256 GB Red,23000,Used,"Rajshahi, Court Station",15/09,https://bikroy.com/court-station/mobile-phones/xiaomi-redmi-note-14-pro-256-gb-red-dUKnZyC6PjKJI56me4QeL3Ul.html,3,2026-10-03T09:38:10.502865+00:00,individual,Nite chaile sms diben... Valo phn... Nid card dibo plm nai
Xiaomi Redmi Note 13 Pro+ 256 GB Black,26000,Used,"Rajshahi, Vodra",24/09,https://bikroy.com/vodra/mobile-phones/xiaomi-redmi-note-13-pro-256-gb-black-zrHUw6BkWlKV1N6KfwQ8Jtty.html,3,2026-10-03T09:38:11.100505+00:00,individual,"Redmi Note 13 Pro+ 5G 
Never opened, completely full fresh condition.
12GB RAM + 256GB Storage
CN Variant + Black Colour 
Full Fresh + 1.5 Years Used
Full Box + 67 Watt Charger
6.67"" 1.5K AMOLED Curved Display
 200MP OIS Main Camera + 8MP Ultra-wide + 2MP Macro
MediaTek Dimensity 7200-Ultra 4nm processor
5000mAh Battery"
Xiaomi Poco C85 4G 128 GB Blue,19999,Used,"Rajshahi, Motihar",29/09,https://bikroy.com/motihar/mobile-phones/xiaomi-poco-c85-4g-128-gb-blue-kBo1lZVwFINQgxbJ6lBNCT1V.html,5,2026-10-03T09:38:11.798338+00:00,individual,ফোনে কোন সমস্যা নাই ফুল ফ্রেশ ফোনের সাথে বক্স নাই চার্জার আছে
Xiaomi Redmi Note 11 Pro 5G 128 GB Blue,15000,Used,"Rajshahi, Court Station",06/09,https://bikroy.com/court-station/mobile-phones/xiaomi-redmi-note-11-pro-5g-128-gb-blue-kklOPR3sCm80ZZ4mt4bx1jW5.html,5,2026-10-03T09:38:12.090702+00:00,individual,"Model:Redmi Note 11 Pro 5g
Ram:6+6 Gb
Storage:128 Gb
Phone full fresh nijer use kora phone!
Phone full authentic kono din khula hoi nai!
No repair history!
Cameraa 100 te 100 raw mal!"
Xiaomi 256 GB Black,16500,Used,"Rajshahi, Boalia",22/09,https://bikroy.com/boalia/mobile-phones/xiaomi-256-gb-black-mg9aItJMSwtEyQA3mDTC54i9.html,4,2026-10-03T09:38:12.844085+00:00,individual,"Poco x6 neo
12/256
Phone has no problems, completely fresh
Only the phone will be provided, no box. Voter ID card will be given as security."
Xiaomi Redmi 15 128 GB Black,22000,Used,"Rajshahi, Vodra",23/09,https://bikroy.com/vodra/mobile-phones/xiaomi-redmi-15-128-gb-black-4utNeGJVkGoo1mKUA31ukK7.html,3,2026-10-03T09:38:13.552054+00:00,individual,"Full fresh condition 
purchase date 13/8/26
Price negotiable 
No kind of defects, used with great care.
Location: Rajshahi University
Whatsapp 015XXXXXXXX"
Xiaomi 11T 128 GB,21000,Used,"Rajshahi, Kadirgonj",15/09,https://bikroy.com/kadirgonj/mobile-phones/xiaomi-11t-128-gb-nnm2Rm9bkXYuBYkCffGvjUqj.html,5,2026-10-03T09:38:14.199521+00:00,individual,"If you want to take it, you can inbox or make a phone call
No:"
Xiaomi Redmi Note 11 Pro+ 5G 128 GB Blue,16000,Used,"Rajshahi, Durgapur",29/09,https://bikroy.com/durgapur-1/mobile-phones/xiaomi-redmi-note-11-pro-5g-128-gb-blue-sHyNUeKworQT0E3pSHodxVkx.html,3,2026-10-03T09:38:14.801922+00:00,individual,"The condition of the phone is almost like new. MI Hyper OS runs very smoothly, come and check it out if you like. The price of the phone is almost fixed, some negotiation can be done. For details..."
Xiaomi 14 Pro 512 GB Purple,26000,Used,"Rajshahi, Bagha",2 days ago,https://bikroy.com/bagha/mobile-phones/xiaomi-14-pro-512-gb-purple-3vMPS6ZQsTYfIlIrpqA0YgHF.html,5,2026-10-03T09:38:15.549688+00:00,individual,"There is no issue with the phone, box charger everything is available, completely fresh"
Xiaomi Redmi Note 14 Pro+ 5G 256 GB Black,37000,Used,"Chattogram, Agrabad",21/09,https://bikroy.com/agrabad/mobile-phones/xiaomi-redmi-note-14-pro-5g-256-gb-black-oGOG8TniRjtpnRJVnpRGhLwk.html,4,2026-10-03T09:38:15.999412+00:00,individual,"The mobile is fresh, if you remove the back poly the mobile is completely fresh. Personal use mobile, there are no problems with the mobile. Cash memo and box can be provided"
New Xiaomi Redmi Turbo 4 Pro 256 GB White,37500,Brand New,"Chattogram, Kotwali, Chattogram",26/09,https://bikroy.com/kotwali/mobile-phones/new-xiaomi-redmi-turbo-4-pro-256-gb-white-k7R3n6JVdw4iZtJYrQ8Xu5tz.html,3,2026-10-03T09:38:16.947182+00:00,individual,"Full Fresh 
Box, charger, case, memo everything will be given with the mobile.
9 Months Used
If you find any problem, I will give the mobile for free."
New Xiaomi Redmi Note 14 Pro+ 256 GB Red,36999,Brand New,"Chattogram, Agrabad",7 hours ago,https://bikroy.com/agrabad/mobile-phones/new-xiaomi-redmi-note-14-pro-256-gb-red-gl5pUl918BoCGRN4eNxCO70M.html,3,2026-10-03T09:38:17.498962+00:00,individual,"Stay with us by liking and following our page to get the latest product prices. Our page link – 
** Call or WhatsApp. 
** REDMI NOTE 14 PRO PLUS (12/256) GLOBAL
 
----------------------------- Address :
Shop- 537, Level -5 (Capsule lift 4, go straight after exiting the lift, JojoBD)
Akhtaruzzaman Center, Agrabad, CTG."
Xiaomi 15T Pro 512 GB Bronze,75000,Used,"Chattogram, Chawkbazar",4 hours ago,https://bikroy.com/chawkbazar/mobile-phones/xiaomi-15t-pro-512-gb-bronze-fdYks0bIJEFupMHqg6rDoqTK.html,3,2026-10-03T09:38:17.894642+00:00,individual,"Xiaomi 15T pro with Box
12/512
12/256 available 
Global Edition 
Few days Used."
New Xiaomi Redmi Note 15 256 GB Black,36999,Brand New,"Chattogram, Agrabad",6 hours ago,https://bikroy.com/agrabad/mobile-phones/new-xiaomi-redmi-note-15-256-gb-black-wuZkf1FTuUhi7R2o89gb719S.html,2,2026-10-03T09:38:18.538992+00:00,individual,"Stay with us by liking & following our page to get updates on any product prices. Our page link -
** Call or message us on WhatsApp at the number provided on Bikroy to buy a phone on installment.
_____________________________________
Address:
Shop- 537, Level-5
Akhtaruzzaman Center,
Agrabad, Chittagong."
Xiaomi Redmi Turbo 4 Pro 256 GB Gold,36000,Used,"Chattogram, Agrabad",18/09,https://bikroy.com/agrabad/mobile-phones/xiaomi-redmi-turbo-4-pro-256-gb-gold-wI7z3fAZMoQKHWf36itmnUHX.html,3,2026-10-03T09:38:18.950835+00:00,individual,"Full box, there are no problems."
Xiaomi 17T 512 GB Black,65000,Used,"Chattogram, Chawkbazar",1 hour ago,https://bikroy.com/chawkbazar/mobile-phones/xiaomi-17t-512-gb-black-3bdWIsT3ruFw3FcR1QF2pMat.html,3,2026-10-03T09:38:19.744736+00:00,individual,"Xiaomi 17t Global
12/512,
20 days used.
with Box and Everyrhing"
Xiaomi 13 Pro 512 GB White,35000,Used,"Chattogram, Chandgaon",1 day ago,https://bikroy.com/chandgaon/mobile-phones/xiaomi-13-pro-512-gb-white-By3ZTIHMwpq6ae03tmX2kavE.html,5,2026-10-03T09:38:20.252380+00:00,individual,"* Model: Xiaomi 13 Pro
* RAM/Storage: 12GB / 512GB
* Color: Ceramic White
* Charger: Original 120W charger included
* Authentic & fully functional
* Overall condition: Good
* Minor scratch on the bottom-left corner
* No other known issues"
Xiaomi 13 512 GB White,34500,Used,"Chattogram, Khulshi",13/09,https://bikroy.com/khulshi/mobile-phones/xiaomi-13-512-gb-white-rCpSxY3pazD6T4mhLEmER1Pp.html,5,2026-10-03T09:38:20.849526+00:00,individual,"Xiaomi 13 — 12GB RAM / 512GB Storage
Water-resistant
100% Genuine Device
Condition: very good
Location: Khulshi Town Center, Chattogram
Interested? Feel free to message for details.
Phone 018XXXXXXXX"
Xiaomi 15 Ultra 16/512 GB (Used),84999,Used,"Chattogram, Nasirabad",3 hours ago,https://bikroy.com/nasirabad/mobile-phones/xiaomi-15-ultra-16-512-gb-used-2Vd8pN0uvGHT1C1J5CHTxKai.html,4,2026-10-03T09:38:21.597999+00:00,individual,"🔥 Like New Deal — Flagship Beast Ready! 🔥

📱 Xiaomi 15Ultra
✨ Only 1Month Used | Full Fresh Condition

⚡ 16GB RAM | 512GB Storage | 📸 Flagship Leica Camera | ✨ Premium Design

💰 Price: 84,990/- 💥💥

🚚 Delivery Available | 🔄 Exchange Available | 💳 EMI Available

🛡️ 15-Day Replacement Guarantee | Lifetime Service Warranty

📞 
🌐 www.decentbd.com

📍𝐅𝐢𝐧𝐥𝐚𝐲 𝐒𝐪𝐮𝐚𝐫𝐞, Level-4, Shop-406, 2No Gate, Nasirabad, Chattogram
📍𝐅𝐢𝐧𝐥𝐚𝐲 𝐒𝐨𝐮𝐭𝐡 𝐂𝐢𝐭𝐲, Level-5, Shop-525, Bahaddarhat, Chattogram

#Xiaomi15Ultra #FlagshipPhone #UsedPhoneBD #ChattogramDeals #decentbd Show more"
New Xiaomi Redmi Note 15 Pro+ 256 GB Black,42999,Brand New,"Chattogram, Agrabad",6 hours ago,https://bikroy.com/agrabad/mobile-phones/new-xiaomi-redmi-note-15-pro-256-gb-black-d3Ujl6ZAXp2p3YEHED5lbycC.html,3,2026-10-03T09:38:22.395565+00:00,individual,"Stay with us by liking and following our page to get updates on product prices. Our page link - 
** Call or message us on WhatsApp at the number provided on Bikroy to buy a phone on installment.
---------------
Address:
Shop- 537, Level-5 (4th floor of capsule lift, 
Go straight after exiting the lift, JojoBD)
Akhtaruzzaman Center, 
Agrabad, Chittagong."
Xiaomi 17 256 GB Green,85000,Used,"Chattogram, Chawkbazar",3 hours ago,https://bikroy.com/chawkbazar/mobile-phones/xiaomi-17-256-gb-green-8Xup8fLAEpIqYC1vPEFxOsxq.html,3,2026-10-03T09:38:23.049382+00:00,individual,"Xiaomi 17
Just open Box,
like new condition
with Box and everything"
Xiaomi Redmi Turbo 4 Pro 256 GB White,39000,Used,"Chattogram, Fatikchari",15/09,https://bikroy.com/fatikchari/mobile-phones/xiaomi-redmi-turbo-4-pro-256-gb-white-iOfIzFckfG6fZygTjzjc6qFn.html,5,2026-10-03T09:38:23.795805+00:00,individual,"(Price fixed, please do not call for bargaining) Redmi Turbo 4 Pro (16GB/256GB) – Like New
Used for only 1 month
10/10 condition, no scratches or any issues
Everything works perfectly
Comes with original box, original charger, and all accessories
Personal use phone"
New Xiaomi Redmi Note 17 Pro 256 GB Black,40500,Brand New,"Chattogram, Agrabad",6 hours ago,https://bikroy.com/agrabad/mobile-phones/new-xiaomi-redmi-note-17-pro-256-gb-black-feZnPZJKTKFat7lytkLptJ6r.html,3,2026-10-03T09:38:24.444049+00:00,individual,"** REDMI NOTE 17 PRO 5G (8/256) New, 
9000 MAH BATTERY. 
Address:
Shop-537, Level-5 (4th floor of capsule lift), 
Go straight after exiting the lift to JojoBD.
Akhtaruzzaman Center, 
Agrabad, Chittagong."
Xiaomi Redmi Turbo 4 Pro 256 GB White,40000,Used,"Chattogram, Agrabad",25/09,https://bikroy.com/agrabad/mobile-phones/xiaomi-redmi-turbo-4-pro-256-gb-white-2vNRwiAa1R6ErFhCdqGvkDlA.html,3,2026-10-03T09:38:25.148996+00:00,individual,"Redmi turbo 4 pro 
Full fresh condition 
99 battery health 
Full box included"
Xiaomi 13T Pro 1 TB Blue,50000,Used,"Chattogram, Bandar, Chattogram",18/09,https://bikroy.com/bandar/mobile-phones/xiaomi-13t-pro-1-tb-blue-aaL4VdtYELgflhLlYeJFO5M1.html,5,2026-10-03T09:38:25.754513+00:00,individual,"Xiaomi 13T Pro 1TB
Full fresh, no scratches or cracks, completely fresh like new, 120W fast charger, full charge in 20 minutes, supports two nano SIMs and one e-SIM, you can check before buying, only the mobile will be given
Security can be provided
Mobile was gifted from abroad and used by a single person"
New Xiaomi Redmi Note 15 Pro+ 256 GB Blue,37999,Brand New,"Chattogram, Agrabad",6 hours ago,https://bikroy.com/agrabad/mobile-phones/new-xiaomi-redmi-note-15-pro-256-gb-blue-8jgKGdvR61B79ooFhPmRAJjZ.html,3,2026-10-03T09:38:26.251213+00:00,individual,"Stay with us by liking our page to get the price of any updated product. Our page link: 
Address:
Shop- 537, Level-5 (4th from capsule lift,
Go straight after exiting the lift, JojoBD)
Akhtaruzzaman Center,
Agrabad, Chittagong."
Xiaomi Civi 2 256 GB Pink,19800,Used,"Chattogram, New Market, Chattogram",30/09,https://bikroy.com/new-market/mobile-phones/xiaomi-civi-2-256-gb-pink-k0y6WFMVcxbsuJnN2dwn1Sq7.html,5,2026-10-03T09:38:26.996386+00:00,individual,"Used for 10 days, comes with store cash memo and 1 year warranty.
What you will get with it: Only the mobile handset (no box and charger).
Reason for selling: Need urgent money.
Price: [20,000] BDT (negotiable)
Location: [Dhaka University / TSC / Polashi Mor]
Inspect safely as much as you like.
Contact: (WhatsApp)"
Xiaomi Redmi Note 14 Pro 128 GB Black,25000,Used,"Chattogram, Mirsharai",4 hours ago,https://bikroy.com/mirsharai/mobile-phones/xiaomi-redmi-note-14-pro-128-gb-black-rXmH2KA22P2ezM6qdQfkdidH.html,4,2026-10-03T09:38:27.587585+00:00,individual,"Bought from Dazzel, still has replacement warranty. 
Still like new. 
You will get everything just like a new mobile. 
Location must be mirersorai or abutora bazar"
New Xiaomi Redmi 17 128 GB Green,24999,Brand New,"Chattogram, Agrabad",7 hours ago,https://bikroy.com/agrabad/mobile-phones/new-xiaomi-redmi-17-128-gb-green-oWRkTTLmGY0tYJ4QOUTKm8wD.html,3,2026-10-03T09:38:28.051103+00:00,individual,"Stay with us by liking & following our page to get updates on any product prices. Our page link –
** Call or message us on WhatsApp at the number provided on Bikroy to buy a phone on instalment.
_____________________________________
Address:
Shop-537, Level-5
Akhtaruzzaman Center,
Agrabad, Chittagong."
Xiaomi Redmi Note 13 256 GB Blue,18500,Used,"Chattogram, Muradpur",7 hours ago,https://bikroy.com/muradpur/mobile-phones/xiaomi-redmi-note-13-256-gb-blue-fDYIVgLiZJqmhI1LIzRvJ0LT.html,3,2026-10-03T09:38:28.599118+00:00,individual,"Redmi note 13 5G 
8/256 
Full box 
🛡️ সুবিধা:
✔️ ১৫ দিনের রিপ্লেসমেন্ট গ্যারান্টি

📍 Device – Trusted Mobile Shop
📌 Shop No: 319, 3rd Floor (Lift 2 🛗)
🗺️ CPDL RB Midtown Market, মুরাদপুর, চট্টগ্রাম (মক্কা হোটেলের পাশে)"
New Xiaomi Redmi Note 14 Pro 256 GB,22000,Brand New,"Chattogram, Alankar",04/09,https://bikroy.com/alankar/mobile-phones/new-xiaomi-redmi-note-14-pro-256-gb-zKIjIAsLDKMZ3FxQQlwc8JR6.html,3,2026-10-03T09:38:29.148851+00:00,individual,uses পাঁচ মাস কোন সমস্যা নেই বক্স চার্জার সবকিছু আছে
Xiaomi 13T 256 GB Black,32000,Used,"Chattogram, Halishahar",22/09,https://bikroy.com/halishahar/mobile-phones/xiaomi-13t-256-gb-black-hdeDVz3DqvGxILaoWUTq6lVY.html,3,2026-10-03T09:38:29.848195+00:00,individual,"Xiaomi Mi 13T
12/256
International Global version
Sell or exchange possible
Full box with all accessories
No scratches or dents, mint condition."
Xiaomi Poco X7 256 GB Yellow,23000,Used,"Chattogram, Fatikchhari",1 day ago,https://bikroy.com/fatikchhari/mobile-phones/xiaomi-poco-x7-256-gb-yellow-yKAfv5V6bkeUAJzdfW7CgYy4.html,3,2026-10-03T09:38:30.587832+00:00,individual,"Used for 1 year 
You can check and take the phone 
Completely fresh product"
New Xiaomi Redmi 15 128 GB Purple,22999,Brand New,"Chattogram, Agrabad",6 hours ago,https://bikroy.com/agrabad/mobile-phones/new-xiaomi-redmi-15-128-gb-purple-10ZMqoSRAQTaJmh0y9GlWucC.html,3,2026-10-03T09:38:31.400472+00:00,individual,"Stay with us by liking & following our page to know the price of any updated product. Our page link - 
** Call or message us on WhatsApp at the number provided on Bikroy to buy a phone on installment. 
 _______________
Address :
Shop- 537, Level -5 (4th floor of capsule lift, 
Go straight after exiting the lift, JojoBD)
Akhtaruzzaman Center, 
Agrabad, Chittagong."
New Xiaomi 128 GB Bronze,19999,Brand New,"Chattogram, Agrabad",6 hours ago,https://bikroy.com/agrabad/mobile-phones/new-xiaomi-128-gb-bronze-dcslAYDlrao4lRkyHgxYhpYW.html,3,2026-10-03T09:38:32.038714+00:00,individual,"Stay with us by liking and following our page to know the price of any updated product. Page Link - 
** Call to buy a phone on installment or send a WhatsApp message to our given sales number.
** REDMI 15C (6/128) 

Address :
Shop- 537, Level -5 (Capsule Lift 4, 
Straight from the lift Zozobd)
Akhteruzzaman Center, 
Agrabad, Chattogram."
Xiaomi Redmi Note 14 Pro+ 5G 512 GB Blue,32000,Used,"Chattogram, Anwara",28/09,https://bikroy.com/anwara/mobile-phones/xiaomi-redmi-note-14-pro-5g-512-gb-blue-zFIYz1SmCh8vRkC6D9Az0i3K.html,5,2026-10-03T09:38:32.745316+00:00,individual,"Redmi Note 14 Pro+ 5G
RAM: 12GB
Storage: 512GB
Battery: 5110 mAh
Battery Health: 99%
Battery Cycle Count: 238
Phone first opened: August 2025
Phone is in full fresh condition
Comes with Cash Memo & Charger"
Xiaomi Redmi Note 15 128 GB Blue,22000,Used,"Chattogram, Agrabad",03/09,https://bikroy.com/agrabad/mobile-phones/xiaomi-redmi-note-15-128-gb-blue-92YZtQ12zDYmG06uBiAth7gb.html,3,2026-10-03T09:38:33.498230+00:00,individual,"REDMI NOTE 15
6/128
2 MONTH USED"
New Xiaomi Redmi Note 17 128 GB Black,32999,Brand New,"Chattogram, Agrabad",7 hours ago,https://bikroy.com/agrabad/mobile-phones/new-xiaomi-redmi-note-17-128-gb-black-wh7Xtijlj3o83aNHfzGYvM8H.html,3,2026-10-03T09:38:33.749147+00:00,individual,"Offer: 2000 Taka discount if taken on installments.
One thousand Taka Bata gift voucher if taken in cash.
Address:
Shop-537, Level-5
Akhtaruzzaman Center,
Agrabad, Chittagong."
New Xiaomi 128 GB Black,29500,Brand New,"Chattogram, Agrabad",7 hours ago,https://bikroy.com/agrabad/mobile-phones/new-xiaomi-128-gb-black-wuicv6XYyPPUKy5z0nXV4a57.html,3,2026-10-03T09:38:34.550561+00:00,individual,"NOTE 17 5G (6/128).
Address:
Shop-537, Level-5
Akhtaruzzaman Center,
Agrabad, Chittagong."
Mobile Phone 128 GB White,24000,Used,"Chattogram, Alankar",06/09,https://bikroy.com/alankar/mobile-phones/mobile-phone-128-gb-white-ac3HQgFWiHxyLepKpQqrvV9L.html,5,2026-10-03T09:38:34.999759+00:00,individual,"For Sale: Xiaomi Redmi Note 14 5G 
জরুরি প্রয়োজনে একদম ফ্রেশ Xiaomi Redmi Note 14 5G বিক্রি হবে। ফোনে কোনো সমস্যা নেই, ১০০% ওকে।
RAM/ROM: 8GB / 128GB
Display: 6.67"" FHD+ AMOLED (120Hz)
Camera: 50MP (OIS) + 8MP + 20MP Selfie
Processor: Dimensity 7025 Ultra (5G)
Battery: 5110 mAh (45W Fast Charger)
Condition: 
 Call/WhatsApp 019XXXXXXXX"
New Xiaomi 128 GB Black,22999,Brand New,"Chattogram, Agrabad",6 hours ago,https://bikroy.com/agrabad/mobile-phones/new-xiaomi-128-gb-black-uwW0RyAysKIoL3aZduHwste6.html,3,2026-10-03T09:38:35.698973+00:00,individual,"Stay with us by liking and following our page to know the price of any updated product. Our page link - 
** REDMI NOTE 14 5G, GLOBAL.
Address :
Shop- 537, Level -5 (Capsule lift 4, 
straight out of the lift Zojobd)
Akhtaruzzaman Center, 
Agrabad, Chittagong."
