raw_title,price,condition_raw,location,posted_date,url,photo_count,scraped_at,seller_type,description
Apple iPhone 15 Pro Max 256 GB Gray,75000,Used,"Chattogram, Chawkbazar",29/08,https://bikroy.com/chawkbazar/mobile-phones/apple-iphone-15-pro-max-256-gb-gray-5mbNVKxoQ1t4cJthLfoCwxvT.html,4,2026-09-23T09:20:50.184740+00:00,individual,"IPhone 15pro max 256 natural titanium With box and catalogue stickers
The phone is my personal use and I bought it from DUBAI UAE.
Not scratch but phones screen change. I replaced it good once from Dubai cost around BDT 16k
If anyone are interested please contact on 018XXXXXXXX"
Apple iPhone 14 Pro Max 256 GB Purple,75000,Used,"Rajshahi, Shaheb Bazar",4 hours ago,https://bikroy.com/shaheb-bazar/mobile-phones/apple-iphone-14-pro-max-256-gb-purple-dXs04LXCudjcFOC7CJgxaZmS.html,3,2026-09-23T09:20:51.973184+00:00,individual,"iPhone 14 Pro Max

256 GB, 85% Battery Health

Singapore variant

Super condition 

7 days replacement guarantee  
1 year service warranty  

#exchange possible 

Our Address:
Smart Choice, Shop No. 211,
City Center, Beside Rajshahi College, Sonadighi Mor, Rajshahi

Call for any details 017XXXXXXXX"
Samsung Galaxy S24 256 GB Black,42000,Used,"Chattogram, New Market, Chattogram",01/09,https://bikroy.com/new-market/mobile-phones/samsung-galaxy-s24-256-gb-black-C0sS7vNgpXQgNpwhtOEL5Xtw.html,3,2026-09-23T09:20:54.283450+00:00,individual,একটি Samsung S24 মোবাইল ফোন আর্জেন্ট বিক্রয় করা হবে
Samsung Galaxy S21 FE 128 GB Gray,28500,Used,"Rajshahi, Tanore",29/08,https://bikroy.com/tanore/mobile-phones/samsung-galaxy-s21-fe-128-gb-gray-puj3391DSpS1WAK2izLvGQE3.html,3,2026-09-23T09:20:55.382293+00:00,individual,Sorom theke kena akdom notun er moto
Xiaomi Mix Flip 256 GB White,77000,Used,"Dhaka, Uttara",3 hours ago,https://bikroy.com/uttara/mobile-phones/xiaomi-mix-flip-256-gb-white-vs56lsJl9wlciERKtMBzVmV.html,4,2026-09-23T09:20:57.287309+00:00,individual,"Xiaomi MIX Flip 2 
 RAM: 12GB
 ROM: 256GB
 Full Box + Original Charger
 Excellent Condition
 Exchange Hub
 Shop No: 610, 611, 628 & 629, Level-6
Tropical Alauddin Tower, Sector 3, Road 2"
Xiaomi Civi 4 Pro 512 GB Blue,36000,Used,"Dhaka, Dhanmondi",6 hours ago,https://bikroy.com/dhanmondi/mobile-phones/xiaomi-civi-4-pro-512-gb-blue-daZQhMw4sDL7xcEm3hxZXPAl.html,5,2026-09-23T09:20:57.741272+00:00,individual,"🌷🌷Welcome to""Mobile Store ""🌷🌷

আামাদের ঠিকানাঃ-

Mobile Store

Shop number -408(level 4)

Dhanmondi 32 Sukrabad bus stand
Phone number 017XXXXXXXX 018XXXXXXXX"
Xiaomi Redmi K90 256 GB Red,49999,Used,"Dhaka, Motalib Plaza",3 hours ago,https://bikroy.com/motalib-laza/mobile-phones/xiaomi-redmi-k90-256-gb-red-3nXbCwNU7U9BbXQufIP8PHEC.html,5,2026-09-23T09:20:58.334287+00:00,individual,"Wholesale & Retail 
Redmi K90 12/256GB (Active)
BH-100%

Mobile, Box & Charger (বক্স, চার্জার পেতে সময় লাগতে পারে ৫/৭ দিন) 

Address: Hridoy Communication, 2nd Floor, Shop no: 338"
Xiaomi Redmi 13 128 GB Black,16000,Used,"Dhaka, Baridhara",7 hours ago,https://bikroy.com/baridhara/mobile-phones/xiaomi-redmi-13-128-gb-black-pzAAjD0ZfrpYbTgIIC8vnySC.html,4,2026-09-23T09:20:58.990955+00:00,individual,"Redmi 13, without box, full fresh condition."
Xiaomi Redmi Note 13 Pro 256 GB Purple,20000,Used,"Dhaka, Savar",05/09,https://bikroy.com/savar/mobile-phones/xiaomi-redmi-note-13-pro-256-gb-purple-xy5yhUKqLB3vHjRry6k5HCxr.html,5,2026-09-23T09:20:59.772654+00:00,individual,ফোনটি একদম ফ্রেশ এক চুল পরিমাণ কোন সমস্যা নেই। ফোনটি যত খুশি এসে দেখে চালিয়ে নিবেন। ৮/২৫৬ ক্যামেরা ২০০ মেগাপিক্সেল। ফোনটির সাথে কিছু নেই বক্স চার্জার কিছুই নেই শুধু ফোন পাবেন আর সাথে সিকিউরিটি। ফোন নিতে হলে অবশ্য লোকেশন আসতে হবে লোকেশন সাভার বাজার বাস স্ট্যান্ড বাজার রোড
Xiaomi Redmi Note 14 Pro 256 GB Black,25000,Used,"Dhaka, Vashantek",02/09,https://bikroy.com/vashantek/mobile-phones/xiaomi-redmi-note-14-pro-256-gb-black-8n2yXL3rFVrIwsoe6W6QI0yF.html,4,2026-09-23T09:21:00.156646+00:00,individual,"ফোন এখনো নতুনের মধ্যে আছে, যত্ন করে ইউজ করা হয়েছে কোন রকমের ডেন্ট বা দাগ নেই সার্ভিসিং করানো হয়নি ফোনের সাথে বক্স চার্জার সবকিছুই আছে সেমিস্টার ফি জমা দিতে হবে যার কারণে ফোনটা বিক্রি করে দিব যদি কেউ নিতে আগ্রহী শুধুমাত্র তারাই মেসেজ এবং কল করবেন , সরাসরি দেখে নিতে পারবেন"
New Samsung Galaxy S21+ 5G 128 GB Black,23000,Brand New,"Rajshahi, Kazla",06/09,https://bikroy.com/kazla/mobile-phones/new-samsung-galaxy-s21-5g-128-gb-black-oWZc0m590Zzjg9DRCPxEI7BA.html,5,2026-09-23T09:21:00.635135+00:00,individual,"Flagship phone
Location rajshahi university
Kono somossa nai"
Samsung Galaxy S23 256 GB Pink,23500,Used,"Rajshahi, Uposahar",01/09,https://bikroy.com/uposahar/mobile-phones/samsung-galaxy-s23-256-gb-pink-BYx0RZlpeMiBBwMtq0l2bbFe.html,5,2026-09-23T09:21:01.617541+00:00,individual,"Samsung s23 flagship device full offer 23.5k
Just display change
6.5k diye display lagano High quality IPS
Camera agun 

8k video kora jai
Snapdragon 8 gen 2 
8/256GB
Location: Rajshahi"
Samsung Galaxy A56 256 GB Green,35500,Used,"Chattogram, Muradpur",4 hours ago,https://bikroy.com/muradpur/mobile-phones/samsung-galaxy-a56-256-gb-green-IO3H8Zlmn3Mr2TAtBrcmSSB.html,3,2026-09-23T09:21:02.375717+00:00,individual,"Samsung Galaxy A56 5G
 8GB RAM / 256GB Storage
 Full Box
 6.7"" FHD+ Super AMOLED Display
 120Hz Refresh Rate
 Exynos 1580 Processor
 50MP OIS Main Camera
 Benefits:
 15-day replacement guarantee
 Shop No: 319, 3rd Floor
 CPDL RB Midtown Market, Muradpur, Chittagong (Next to Makkah Hotel)"
Samsung Galaxy A35 128 GB Rose Gold,23500,Used,"Chattogram, Muradpur",3 hours ago,https://bikroy.com/muradpur/mobile-phones/samsung-galaxy-a35-128-gb-rose-gold-zWazxEKXz7vMJJvMer6BmmzD.html,3,2026-09-23T09:21:02.769932+00:00,individual,"Samsung galaxy A35 5G 
8/128
Full box... 
 সুবিধা:
 ১৫ দিনের রিপ্লেসমেন্ট গ্যারান্টি
 Device – 
 Shop No: 319, 3rd Floor (Lift 2 )
 CPDL RB Midtown Market, মুরাদপুর, চট্টগ্রাম (মক্কা হোটেলের পাশে)"
Samsung Galaxy S25 512 GB Black,110000,Used,"Dhaka, Jatrabari",26/08,https://bikroy.com/jatrabari/mobile-phones/samsung-galaxy-s25-512-gb-black-8ay5FXBWzTrTrp3E9ry7PlQr.html,3,2026-09-23T09:21:03.393680+00:00,individual,Just Call me 017XXXXXXXX
Samsung Galaxy S25 Ultra 256 GB Black,91999,Used,"Dhaka, Bashundhara City",4 hours ago,https://bikroy.com/bashundhara-city/mobile-phones/samsung-galaxy-s25-ultra-256-gb-black-jOwoXcwWHDhkB1SYXwEjjsIV.html,5,2026-09-23T09:21:03.958663+00:00,individual,"Samsung Galaxy S25 Ultra
 Titanium Black
 12GB RAM | 256GB Storage
 Full Boxed
 Inbox now for the latest price.
 Visit Our Shop
Basement-2, Shop No: 94 
Basundhara City Shopping Complex 
Panthapath Dhaka 1215 
 You can easily find our shop on the left side after going down the escalator."
New Samsung Galaxy S24 Ultra 256 GB Gray,79000,Brand New,"Dhaka, Mirpur",03/09,https://bikroy.com/mirpur/mobile-phones/new-samsung-galaxy-s24-ultra-256-gb-gray-6kmvcmemrXsXElP8qtXkxLtG.html,3,2026-09-23T09:21:04.700008+00:00,individual,"Samsung Galaxy S24 Ultra 5G | 256GB | Like New Condition 

 Samsung Galaxy S24 Ultra – 256GB
 Almost Brand New | Very Lightly Used

Selling my personal Samsung Galaxy S24 Ultra 256GB, used for only a short period. The phone is in excellent condition, looks and feels almost brand new.

 100% Scratch-Free
 No dents or physical damage"
Samsung Galaxy S24 Ultra 256 GB Bronze,67000,Used,"Dhaka, Keraniganj",31/08,https://bikroy.com/keraniganj/mobile-phones/samsung-galaxy-s24-ultra-256-gb-bronze-s1sZ1Ed5y0y2rEqzxLPkm5VU.html,3,2026-09-23T09:21:05.254859+00:00,individual,"Samsung s24 ultra 
১২/২৫৬/ 
ভিয়েতনাম ভেরিয়েন্ট 
ফোন এর   সাথে অরজিনাল  বক্স আছে 
আমি নতুন কিনছিলাম আমি বাইক কিনবো দেইখা এইটা সেল করতাছি অনেক সখের একটা ফোন ছিলো ফোন ফুল ফ্রেশ জাস্ট হাতের থেকে পরে পিছের বেক সেল ফেটে গেছে এটাই সমস্যা তা সারা কনো সমস্যা নাই জত খুশি চেক করে নিতে পারবেন ইমারজেন্সি দরকার তাই সেল দিয়ে দিতাছি অনেক কমে দিয়ে দিতাছি"
Samsung Galaxy A17 5G 128 GB Purple,25000,Used,"Dhaka, Mirpur",01/09,https://bikroy.com/mirpur/mobile-phones/samsung-galaxy-a17-5g-128-gb-purple-rJzbLaLjv5uzTL4qqcVmxllH.html,4,2026-09-23T09:21:06.054101+00:00,individual,Full fredh. All okkke. Box changer sob ase
Samsung Galaxy S21+ 5G 128 GB Purple,23999,Used,"Dhaka, Savar",3 hours ago,https://bikroy.com/savar/mobile-phones/samsung-galaxy-s21-5g-128-gb-purple-BQovCcEKSoGZ2UmGNfIZ4Ghd.html,5,2026-09-23T09:21:06.562746+00:00,individual,"S21+ 5G (128GB) in super fresh condition

Location: Savar, Nobinogor, Sena Shopping Complex
Shop name: Apple Gadgets & Care
Shop no: D/43, Lift 3"
Apple iPhone 14 Plus 256 GB Blue,70000,Used,"Rajshahi, Shaheb Bazar",06/09,https://bikroy.com/shaheb-bazar/mobile-phones/apple-iphone-14-plus-256-gb-blue-oViUzd8ix51YG8Xi8fWYzpg6.html,3,2026-09-23T09:21:07.313996+00:00,individual,Onek valo phone.original
Apple iPhone 15 128 GB Green,59000,Used,"Rajshahi, Paba",15/09,https://bikroy.com/paba/mobile-phones/apple-iphone-15-128-gb-green-rTRtta7zpC6OhtuJNsvSyHtk.html,5,2026-09-23T09:21:07.976514+00:00,individual,"Full fresh condition
Battery health 86%
Cycle count 680+
No repair history
All parts original"
Apple iPhone 12 Pro 128 GB Blue,36009,Used,Rajshahi,07/09,https://bikroy.com/rajshahi/mobile-phones/apple-iphone-12-pro-128-gb-blue-vXVyD8dyn6mfHTSZTE0SogmU.html,5,2026-09-23T09:21:08.421342+00:00,individual,ফোনে কোন সমস্যা নেই। কখনো খোলা হয়নি। ব্যাটারি হেলথ ৭৩% 018XXXXXXXX
Apple iPhone 14 128 GB Blue,36500,Used,"Rajshahi, Kazla",14/09,https://bikroy.com/kazla/mobile-phones/apple-iphone-14-128-gb-blue-3atLbgKyqxAadCibbEG90tWw.html,5,2026-09-23T09:21:09.159094+00:00,individual,"Battery 82
Storage 128
Wifi bypass"
Apple iPhone 15 128 GB White,55000,Used,"Rajshahi, Shaheb Bazar",3 hours ago,https://bikroy.com/shaheb-bazar/mobile-phones/apple-iphone-15-128-gb-white-fsGLENhcvKogFRSNWMXFMI26.html,3,2026-09-23T09:21:09.694044+00:00,individual,"iPhone 15 
128GB / 97% Battery Health 
Physical SIM 
Experience super condition 
Enjoy a 7-day replacement guarantee 
Get a 1-year service warranty 
#Exchange possible 
Our Address: 
Smart Choice, Shop No. 211, 
City Center, Beside Rajshahi College, Sonadigir Mor, Rajshahi 
Call for details:"
Apple iPhone 13 Pro Max 512 GB Blue,64000,Used,"Chattogram, Agrabad",17/09,https://bikroy.com/agrabad/mobile-phones/apple-iphone-13-pro-max-512-gb-blue-kdpYlGw6idSHO0eDakbzcMpg.html,5,2026-09-23T09:21:10.492001+00:00,individual,"Iphone 13 pro max 
Face id- Working 
Battery health -83% (original)
Storage -512gb
100% fresh condition
No repair history... 
Location :Chowmuhoni ,Agrbad,Ctg
For security- Nid card"
Apple iPhone 15 Pro Max 256 GB Black,95000,Used,"Chattogram, Pahartali",1 day ago,https://bikroy.com/pahartali/mobile-phones/apple-iphone-15-pro-max-256-gb-black-6ADTIrP3Ht3Wny2acOVh5Sei.html,5,2026-09-23T09:21:11.113532+00:00,individual,"I am selling this because I will buy another phone. There are no problems with the phone.
It comes with the original twenty-watt charger.
Please contact if you are interested in buying."
Apple iPhone 12 mini 64 GB Purple,27000,Used,"Chattogram, Mirsharai",18/09,https://bikroy.com/mirsharai/mobile-phones/apple-iphone-12-mini-64-gb-purple-A6CA32nYqKv7ui3Qi2hImmxR.html,3,2026-09-23T09:21:11.595651+00:00,individual,"Battery 83%
Face ID and True Tone are ok
Charger is available"
Apple iPhone 11 128 GB White,30000,Used,"Chattogram, Bandar, Chattogram",01/09,https://bikroy.com/bandar/mobile-phones/apple-iphone-11-128-gb-white-hyqj3QzlP9Zy8XEBS7myhEUA.html,5,2026-09-23T09:21:12.448184+00:00,individual,"Urgent sell. One hand use, secure, battery health 91%"
Apple iPhone 11 256 GB White,33000,Used,"Chattogram, Mirsharai",06/09,https://bikroy.com/mirsharai/mobile-phones/apple-iphone-11-256-gb-white-dR2RICTSDjwduSY51eCceNPT.html,3,2026-09-23T09:21:13.777652+00:00,individual,"Ipon 11
ব্যটারি:৮৮
পেস আইডি :ok
ওয়াটারপ্রুর্ব:ok
বক্স আচে 
চার্জার ওরজনাল
দাম।:৩৩০০০"
Apple iPhone 16 Pro Max 512 GB Rose Gold,126000,Used,"Dhaka, Baridhara",7 hours ago,https://bikroy.com/baridhara/mobile-phones/apple-iphone-16-pro-max-512-gb-rose-gold-pFTS2nrnZ8ddsbLZ8MfR7U8q.html,5,2026-09-23T09:21:14.058653+00:00,individual,"iPhone 16 Pro Max 512GB, 92% battery health, Singapore variant, full boxed."
New Apple iPhone 17 256 GB,110000,Brand New,"Dhaka, Bashundhara City",6 hours ago,https://bikroy.com/bashundhara-city/mobile-phones/new-apple-iphone-17-256-gb-ilnVAOWrIZa1jht9gt6ccUZ9.html,2,2026-09-23T09:21:15.161190+00:00,individual,"10 days replacement guarantee
 2 years service warranty
 Courier service available nationwide
 Exchange facility available
 Our Shop Address
For Smartphone 
Basement- 1, Shop- 84
Bashundhara City Shopping Mall"
Apple iPhone 14 Pro Max 256 GB Purple,70000,Used,"Dhaka, Khilkhet",29/08,https://bikroy.com/khilkhet/mobile-phones/apple-iphone-14-pro-max-256-gb-purple-ahJXsBUqxoiOzDItLWlKf4Na.html,3,2026-09-23T09:21:15.636139+00:00,individual,"iPhone 14 Pro Max 256GB
USA Variant
Battery Health: 92%
ফোন খুবই ফ্রেশ কন্ডিশনে আছে।
Face ID ও True Tone ঠিক আছে।
কোনো সমস্যা নেই।
সবকিছু চেক করে নেওয়া যাবে।
Serious buyer হলে যোগাযোগ করবেন।"
Apple iPhone 15 Pro 256 GB Blue,80000,Used,"Dhaka, Jamuna Future Park",3 hours ago,https://bikroy.com/jamuna-future-park/mobile-phones/apple-iphone-15-pro-256-gb-blue-cjDSIMBgl4fqGs17r94RqcP0.html,5,2026-09-23T09:21:16.082364+00:00,individual,"iPhone 15 Pro -Best condition 
• 256 GB Storage • 
• Color: Deep Blue
• USA(Dual eSIM)
• Battery Health: [86%]
• Absolutely fresh, no issues
• Face ID, Camera, True Tone all 100% OK 
• Box/Charger: None
• Price: 80000

We provide you:
7 days replacement guarantee
(without display & software update issue)
3 years free service warranty"
Apple iPhone 13 Pro 128 GB White,60000,Refurbished,"Dhaka, Tongi",16/09,https://bikroy.com/tongi/mobile-phones/apple-iphone-13-pro-128-gb-white-b6U9ipJNovIAJGdwT4tj5OwM.html,5,2026-09-23T09:21:16.505045+00:00,individual,"iPhone 13 Pro Apple certified refurbished full fresh condition ￼
Original Charger + box"
Apple iPhone XR 128 GB Blue,19000,Used,"Dhaka, Motijheel",02/09,https://bikroy.com/motijheel/mobile-phones/apple-iphone-xr-128-gb-blue-3SbeVvo3TYq62h237pS6WhW1.html,5,2026-09-23T09:21:16.857123+00:00,individual,"ফোন একদম নতুনের মতোই তবে একবার ফোন পানিতে পরে যাওয়ার পরে ফোন খুলতে হয়েছিলো হিট দেওয়ার জন্য , 
কোন কিছুই চেঞ্জ হয় নি।"
Apple iPhone 12 64 GB Blue,25000,Used,"Dhaka, Uttara",02/09,https://bikroy.com/uttara/mobile-phones/apple-iphone-12-64-gb-blue-yLTdx5R8j6eDxudrQBwpWdJC.html,5,2026-09-23T09:21:17.679382+00:00,individual,"i Phone 12 
সেল পোস্ট 
বেটারি চেঞ্জ  
আর ফেস id নাই 
আর সবকিছু ফুল ওকে  
25k fixed  
শুধুমাত্র যাদের লাগবে তারা ইনবক্স  করুন"
Apple iPhone 12 64 GB Black,25000,Used,"Dhaka, Mirpur",09/09,https://bikroy.com/mirpur/mobile-phones/apple-iphone-12-64-gb-black-hVS0DAiNnbVS97DGJCx8I7Ce.html,5,2026-09-23T09:21:18.209990+00:00,individual,"iPhone 12 64 GB
Full Box.
Battery: 65% (Original Battery)
No Repair History.
Sell Only, No Exchange.
Phone 016XXXXXXXX"
Xiaomi Redmi K80 Ultra 256 GB Green,48999,Used,"Dhaka, Savar",28/08,https://bikroy.com/savar/mobile-phones/xiaomi-redmi-k80-ultra-256-gb-green-8TbYBcflB5Sh5vrbQwtv3nEB.html,5,2026-09-23T09:21:18.647992+00:00,individual,Shob ekdm 100% perfect 013XXXXXXXX
Xiaomi 14 256 GB White,42000,Used,"Dhaka, Khilgaon",05/09,https://bikroy.com/khilgaon/mobile-phones/xiaomi-14-256-gb-white-bOKtFPO2RHctR6s5tlzDG2S.html,3,2026-09-23T09:21:19.178271+00:00,individual,ফুল বক্স চার্জার সাথে পাবেন
New Xiaomi Redmi Turbo 4 Pro 256 GB White,40250,Brand New,"Dhaka, Jatrabari",01/09,https://bikroy.com/jatrabari/mobile-phones/new-xiaomi-redmi-turbo-4-pro-256-gb-white-is2cxc6OkTEQ9ousfMJuypDk.html,3,2026-09-23T09:21:19.647236+00:00,individual,"ফোন সম্পূর্ণ ফ্রেশ,, তো যত ইচ্ছা দেখে নিবেন কোন সমস্যা নেই,, ব্যাটারি হেল্থ ৯৯% ,, ফোনে কোন দাগ নাই।।  ফ্রেশ।"
Xiaomi Civi 1S 256 GB Black,18000,Used,"Dhaka, Mirpur",30/08,https://bikroy.com/mirpur/mobile-phones/xiaomi-civi-1s-256-gb-black-2H7DlER5zU5PrRQWVUz6zvGK.html,5,2026-09-23T09:21:20.180234+00:00,individual,"Xiaomi Civi 5G | 8GB RAM | 256GB ROM — বিক্রি হবে
একদম ফ্রেশ ও সুন্দর কন্ডিশনের ফোন। 
মাত্র ২ সপ্তাহ আগে কেনা হয়েছে। ফোনের সবকিছু অরিজিনাল এবং কোনো পার্টস পরিবর্তন করা হয়নি।
 RAM: 8GB
 Storage: 256GB
 Processor: Snapdragon 778G 5G
 Display: 6.55"" OLED | 120Hz
 Main Camera: 64MP
 Front Camera: 32MP
 Battery: 4500mAh
 Fast Chargi"
Apple iPhone 16 Pro Max 256 GB Silver,118000,Used,"Dhaka, Jatrabari",14/09,https://bikroy.com/jatrabari/mobile-phones/apple-iphone-16-pro-max-256-gb-silver-aCm8HF7uOcOSzKa1ITtnuUFp.html,5,2026-09-23T09:21:20.264992+00:00,individual,"📱 iPhone 16 Pro Max 256GB — Full Fresh Condition 🔥

একদম ফ্রেশ ও যত্নে ব্যবহার করা iPhone 16 Pro Max বিক্রি করা হবে।

✨ Model: iPhone 16 Pro Max
💾 Storage: 256GB
🎨 Color: Natural Titanium
🔋 Battery Health: 91%
💎 Condition: একদম ফ্রেশ 
phone er sathe ja jabe paben 
Box paben 
Cash memo paben
Phone er cover paben 
Price :118000"
Xiaomi Redmi Note 13 Pro+ 256 GB Red,28000,Used,"Dhaka, Rampura",14/09,https://bikroy.com/rampura/mobile-phones/xiaomi-redmi-note-13-pro-256-gb-red-yPEmT9eOoarm8C7uW42cWEDw.html,3,2026-09-23T09:21:25.304847+00:00,individual,"All ok
Only device and cash memo"
Xiaomi Redmi 15 5G 256 GB Black,16590,Used,"Dhaka, Jatrabari",6 hours ago,https://bikroy.com/jatrabari/mobile-phones/xiaomi-redmi-15-5g-256-gb-black-49ZGdxuIXzCiE1E3F33zrdrT.html,3,2026-09-23T09:21:29.460714+00:00,individual,"Redmi 15 5G
... 
 Ram - 6 GB
 Rom - 128 GB
 Battery - 7000 mAh
 Snapdragon 6s Gen 3
 Battery Health - 98%
 Device & Cash memo
... 
What you will get from us 
 7-day replacement guarantee 
 1-year service warranty 
Contact 
- Shop Name : All in One 
- Idris Super Market, Shahid Farooq Road, Jatrabari
- Shop No. 61"
New Samsung Galaxy S26 Ultra 5G 256 GB Blue,115000,Brand New,"Rajshahi, Boalia",17/09,https://bikroy.com/boalia/mobile-phones/new-samsung-galaxy-s26-ultra-5g-256-gb-blue-qbY4u6z9tvD4tAf2sYkJyrMH.html,5,2026-09-23T09:21:31.837570+00:00,individual,"Samsung s26 ultra
Very good condition, like brand new with box and a cover, charger, not a single issue or scratch, just used arround 3/4 months"
Samsung Galaxy Z Fold 5 512 GB Black,50000,Used,"Rajshahi, Hatemkha",03/09,https://bikroy.com/hatemkha/mobile-phones/samsung-galaxy-z-fold-5-512-gb-black-7QsCSHU9qxgDFgtSqDGaGbg9.html,4,2026-09-23T09:21:32.719647+00:00,individual,samsung z fold 5 12/512 all ok location rajshahi jekono sequrity dewa jabe   vlo phon pele exchange kora jbe
Samsung Galaxy S23 Ultra 256 GB Gray,52000,Used,"Rajshahi, Boalia",20/09,https://bikroy.com/boalia/mobile-phones/samsung-galaxy-s23-ultra-256-gb-gray-bsmn8K220lLOf2ALHhks2mSr.html,3,2026-09-23T09:21:33.164631+00:00,individual,"All okay 100% full fresh phone never opened, charge lasts very well"
Samsung Galaxy S21 5G 256 GB Silver,34500,Used,"Rajshahi, Boalia",2 days ago,https://bikroy.com/boalia/mobile-phones/samsung-galaxy-s21-5g-256-gb-silver-hH1XFnm5zIaPxanNytqjR45z.html,5,2026-09-23T09:21:33.615616+00:00,individual,"The phone is in completely fresh condition and is an official unit. Please do not compare its price with unofficial phones. It supports two physical SIMs and up to 10 eSIMs. Its display will never get a green line, and a 6-month warranty will be provided. Please do not request any exchanges or courier delivery. Thanks in advance."
Samsung Galaxy S10 Plus 128 GB White,20000,Used,"Rajshahi, Paba",30/08,https://bikroy.com/paba/mobile-phones/samsung-galaxy-s10-plus-128-gb-white-oHeK45Cc8v4p1cz6GjlANFaF.html,5,2026-09-23T09:21:34.085488+00:00,individual,emergency sel daw hab  full fresh condition
Samsung Galaxy A34 5G 128 GB Black,21000,Used,"Rajshahi, Shaheb Bazar",06/09,https://bikroy.com/shaheb-bazar/mobile-phones/samsung-galaxy-a34-5g-128-gb-black-89LJgMUcIK9IL0obG8zrm3NU.html,5,2026-09-23T09:21:34.606732+00:00,individual,"ফোনের কনডিশন একদম নতুন।
ফোনের পিছনে ব্যাক পলি আছে,যার জন্য কোজ ক্র‍্যাচ পড়েনি।
ফোনের সাথে ওরিজিনাল স্যামসাং এর চার্জার আছে।
ফোন কিনার মেমো,বক্স সব আছে।"
Samsung Galaxy S24 Ultra 512 GB Gold,83000,Used,"Chattogram, Nasirabad",13/07,https://bikroy.com/nasirabad/mobile-phones/samsung-galaxy-s24-ultra-512-gb-gold-dxEOFOvZ25AlGnrzJxS32fYG.html,3,2026-09-23T09:21:35.611073+00:00,individual,"Full box given 
12/512 
Vietnam variant
A very little dot in the screen otherwise all ok no scratch"
Samsung Galaxy Z Fold 6 (12/256) SILVER INTACT (Brand New),150000,Brand New,"Chattogram, Chawkbazar",3 hours ago,https://bikroy.com/chawkbazar/mobile-phones/samsung-galaxy-z-fold-6-12-256-silver-ntact-brand-new-xrm71kM0G8kG1ttk54QkJyb2.html,0,2026-09-23T09:21:35.945213+00:00,individual,"🔳 INTACT SEAL PACK. DUAL SIM 🔳 Storage: 12/256GB 🔳 Colour: SILVER ◾ Box And Original Cable 🔰 Our Speciality: ◾Original & Non-Refurbished Product ◾Emi Facilities Available* ◾Accept Visa, Master Card ◾Delivery Facility inside & Outside ctg. ◾Phone Exchange Facilities* ◾ All Products Original And Genuine. ◾Our All Product 7 Days replacement And 1 year Service Warranty 🔰 Our Showroom Address: Rony Enterprise (Since 2007), Bali Arcade Shopping Center, 4th Floor, Shop no 03 (infront of chawkbazar Post Office), Sirajuddula Road, Chawkbazar, Chattogram Show more"
Samsung Galaxy Z Fold 6 (12/256) DUAL SIM BOX (Used),120000,Used,"Chattogram, Chawkbazar",4 hours ago,https://bikroy.com/chawkbazar/mobile-phones/samsung-galaxy-z-fold-6-12-256-dual-sim-box-used-zcU1KIkG3VDPt1bIhFEOOgY4.html,2,2026-09-23T09:21:36.501191+00:00,individual,"🔳 Used abroad for 2/3 months. As good as new condition.
🔳 Storage: 12/256GB
🔳 Colour: Silver
◾ Box and original cable included

🔰 Our Speciality......................................

◾ Original & Non-Refurbished Product
◾ EMI Facilities Available*
◾ Accept Visa, Master Card
◾ Delivery facility inside & outside Chattogram
◾ Phone exchange facilities*
◾ All products are original and genuine.
◾ 7-day replacement and 1-year service warranty on all products

🔰 Our Showroom Address:

Rony Enterprise (Since 2007)
Bali Arcade Shopping Center
4th Floor, Shop no 03 (in front of Chawkbazar Post Office)
Sirajuddula Road, Chawkbazar, Chattogram Show more"
Samsung Galaxy S21 FE 5G 128 GB Blue,24000,Used,"Chattogram, Agrabad",3 hours ago,https://bikroy.com/agrabad/mobile-phones/samsung-galaxy-s21-fe-5g-128-gb-blue-k3bguO7oc0z9ll06t9JkuMyj.html,3,2026-09-23T09:21:37.259038+00:00,individual,"Set is in fully fresh condition. RAM 8GB, Storage 128GB. Comes with charger."
Samsung Z 16 GB Blue,45000,Used,"Chattogram, Khulshi",31/08,https://bikroy.com/khulshi/mobile-phones/samsung-z-16-gb-blue-mttM7VbSHdRMrG4lwpmor7A5.html,3,2026-09-23T09:21:37.863664+00:00,individual,"SAMSUNG Z FLIP4 
8/128
PRICE NEGOTIABLE"
Samsung Galaxy A52 5G 128 GB Blue,25000,Used,"Chattogram, Chawkbazar",11/09,https://bikroy.com/chawkbazar/mobile-phones/samsung-galaxy-a52-5g-128-gb-blue-3jucFhvo2qh1ePYcFH1AvThP.html,5,2026-09-23T09:21:38.274076+00:00,individual,"No box... only device... There are minor scratches, check and take... possible only inctg... Rahattarpul, ctg... Bought it for 45k when I bought it new"
Samsung Galaxy S26 Ultra 5G 256 GB Blue,169000,Used,"Dhaka, Farmgate",05/09,https://bikroy.com/farmgate/mobile-phones/samsung-galaxy-s26-ultra-5g-256-gb-blue-ay22vLc0ZHwPL50lKhwUmrQ5.html,5,2026-09-23T09:21:38.943816+00:00,individual,"I bought this phone on July 14, the phone is one month and fifteen days old plus. There is no problem with the phone, I need money so I am selling it. Charger and box everything is available, those who are thinking of getting a new phone can take this phone, it is just like new, not even a hair's breadth of a scratch or any mark. The phone is official, I bought it for 2 taka lakh from Jamuna Future Park."
New Samsung Galaxy S26 256 GB,125999,Brand New,"Dhaka, Dhanmondi",6 hours ago,https://bikroy.com/dhanmondi/mobile-phones/new-samsung-galaxy-s26-256-gb-54WuA5W1vi7OFFYUFbSIGobS.html,4,2026-09-23T09:21:39.538111+00:00,individual,"Model: Samsung Galaxy S26 Ultra (SM-S948B/DS) - Dual SIM
Storage / RAM: 256GB ROM / 12GB RAM
Color: Cobalt Violet (Stunning, premium finish)
Origin: Made in Vietnam
Condition: 100% Brand New
Shop name: Tech Emporium
**Find us at:**
Shop 3104, Level 3, Shimanto Shambhar, Dhanmondi.
Call/WhatsApp: ** (Antor)**"
New Samsung Galaxy Z Fold8 Ultra 256 GB,213999,Brand New,"Dhaka, Bashundhara City",6 hours ago,https://bikroy.com/bashundhara-city/mobile-phones/new-samsung-galaxy-z-fold8-ultra-256-gb-gr9ahicm9z0eQOiiX3hx6unE.html,3,2026-09-23T09:21:40.219527+00:00,individual,"10-day replacement guarantee
2 years service warranty
Safe courier service all over the country
Attractive exchange offer
Basement-1, Shop-84, Bashundhara City Shopping Mall
Price is subject to change. Please contact via WhatsApp before coming."
Samsung Galaxy S23 Ultra 256 GB Green,50000,Used,"Dhaka, Mirpur",09/09,https://bikroy.com/mirpur/mobile-phones/samsung-galaxy-s23-ultra-256-gb-green-8cj1Kwrcwyy8yL8OrP7SH7Nu.html,5,2026-09-23T09:21:41.136712+00:00,individual,Full authentic phone all original parts just main screen minor crack and no other issue camera s pen all perfect 256 gb exchange possible phone comes without box only device
Samsung Galaxy A55 128 GB Bronze,32000,Used,"Dhaka, Paltan",14/09,https://bikroy.com/paltan/mobile-phones/samsung-galaxy-a55-128-gb-bronze-3iRLv3a6WlRCmv31KBLLCIre.html,3,2026-09-23T09:21:41.696129+00:00,individual,"Fully functional, used for 6 months. Box and charger available. Malaysian variant."
Samsung Galaxy S23 Ultra 256 GB Gray,39000,Used,"Dhaka, Farmgate",19/09,https://bikroy.com/farmgate/mobile-phones/samsung-galaxy-s23-ultra-256-gb-gray-q8cqMzvbExIBSYHGp0jhFYTA.html,4,2026-09-23T09:21:42.299694+00:00,individual,Samsung Galaxy S23 Ultra has a high-quality OLED display attached
Apple iPhone 16 Pro Max 512 GB Gray,120000,Used,Rajshahi,3 hours ago,https://bikroy.com/rajshahi/mobile-phones/apple-iphone-16-pro-max-512-gb-gray-ad8jHOosp6iFW36v5PGztkH3.html,3,2026-09-23T09:21:42.799140+00:00,individual,"iPhone 16 Pro Max 
512 GB 100% Battery Health 
Physical SIM 
Super condition 
7 days replacement guarantee  
1 year service warranty  
#exchange possible 
Our Address :
Smart Choice , Shop No. 211 , 
City center , Beside of Rajshahi College , Sonadigir mor Rajshahi
Call for any details"
Apple iPhone 16 Pro Max International (Used),124000,Used,Rajshahi,4 hours ago,https://bikroy.com/rajshahi/mobile-phones/apple-iphone-16-pro-max-international-used-l8ZYqC5lOYSqnQWAs5WFKEEN.html,0,2026-09-23T09:21:43.344069+00:00,individual,"iPhone 16 Pro Max 🔥

256 GB, 97% Battery Health

International Global Version 🔥

Super condition 🔥🔥

7 days replacement guarantee ✅
1 year service warranty ✅

#exchange possible ✅

Our Address:
Smart Choice, Shop No. 211,
City Center, Beside Rajshahi College, Sonadighi Mor, Rajshahi

Call for any details"
New Apple iPhone 16 Pro Max 256 GB Gold,125000,Brand New,"Rajshahi, Kadirgonj",09/05,https://bikroy.com/kadirgonj/mobile-phones/new-apple-iphone-16-pro-max-256-gb-gold-66aAqTrqhBhcLiAWyPR5M47X.html,5,2026-09-23T09:21:43.907220+00:00,business,"iPhone 16 Pro Max. 95% Battery Health, 256GB. Buy your favorite iPhone from TECH LIFE because we offer the best price, premium quality, and hassle-free customer service! Shop Location: Shop number: 121, Sopnochura plaza, kadirgonje."
Apple iPhone 14 Pro Max 256 GB Purple,78500,Used,Rajshahi,01/09,https://bikroy.com/rajshahi/mobile-phones/apple-iphone-14-pro-max-256-gb-purple-pIWYbP0PC04AqPi9SEG7fnnH.html,3,2026-09-23T09:21:44.700917+00:00,individual,সিঙ্গাপুর ভেরিয়েন্ট ফোনে কোন ধরনের কোন সমস্যা নাই যত ইচ্ছা দেখে নিবেন নিজের পার্সোনাল কিছু ব্যক্তিগত কারণে ফোনটা আমাকে সেল করা লাগছে তাছাড়া কোন কারণ নেই ফোন বিক্রি করার । ব্যক্তিগত কিছু কারণে টাকা দরকার তাই ফোনটা সেল করব । লোকেশনে এসে ইচ্ছামত ফোন দেখে নিয়ে যাবেন প্রয়োজনে ওয়াটারপ্রুফ চেক করে নেবেন । ফোন দেখতে আসলে অবশ্যই ফোন পছন্দ হবে।
Apple iPhone 13 Pro Max 256 GB Gold,59500,Used,"Rajshahi, Motihar",26/08,https://bikroy.com/motihar/mobile-phones/apple-iphone-13-pro-max-256-gb-gold-isDieHEPGw4Qc6QzNUbao2xk.html,5,2026-09-23T09:21:45.501463+00:00,individual,"iPhone 13 Pro Max - 256 GB (With Box and Cash Memo)
Color: Golden
Condition: Full Fresh -Like New (No scratch or dent) Waterproof
Battery Health: 75 (Genuine)
Variant: Hongkong
Location: Binodpur Bazar, Rajshahi
Price: Almost Fixed (Slightly Negotiable)"
Apple iPhone 14 Pro Max 128 GB Purple,59000,Used,"Rajshahi, Nawdapara",30/08,https://bikroy.com/nawdapara/mobile-phones/apple-iphone-14-pro-max-128-gb-purple-84zpHG9PTVYhlxMpTrfEa5JB.html,4,2026-09-23T09:21:46.177118+00:00,individual,"Face id 
Display change ( True tone )
Box + cash memo available 
Bh 76% (charge onk valo thake original Battery)
Price akdom fixed"
New Apple iPhone 13 128 GB White,45000,Brand New,"Rajshahi, Rajpara",18/09,https://bikroy.com/rajpara/mobile-phones/new-apple-iphone-13-128-gb-white-uDmse2C2USsvbRAKfzbb4Jux.html,3,2026-09-23T09:21:46.972066+00:00,individual,"iPhone 13 genuine
Hong Kong variant 
128GB 
Physical dual SIM 
Battery health 91% 
Full fresh, 3uTools 100%, check as much as you want 
National ID photocopy required for device security only"
Apple iPhone 12 Pro 128 GB Blue,35500,Used,"Rajshahi, Kazla",07/09,https://bikroy.com/kazla/mobile-phones/apple-iphone-12-pro-128-gb-blue-6cdgJjud2PxgcM3kR0dr47TR.html,5,2026-09-23T09:21:47.209936+00:00,individual,"কোন সমস্যা নেই, দেখে নিতে পারবেন। ব্যাটারি হেলথ ৭৩%। ফোন কখনো খোলা হয়নি। যমুনা ফিউচার পার্ক থেকে কেনা হয়েছে। মানি রিসিট আছে। EVERYTHING ORIGINAL AND OKAY 016XXXXXXXX"
Apple iPhone 13 128 GB Blue,40000,Used,"Rajshahi, Paba",13/09,https://bikroy.com/paba/mobile-phones/apple-iphone-13-128-gb-blue-czS4i5M9Wq32qVfLM7q7wodI.html,4,2026-09-23T09:21:47.673507+00:00,individual,"All ok, authentic phone, water proof checked, Face ID ok, battery 80... check as much as you want... contact WhatsApp"
Apple iPhone 17 CANADA BRAND NEW (Brand New),120000,Brand New,"Chattogram, Chawkbazar",3 hours ago,https://bikroy.com/chawkbazar/mobile-phones/apple-iphone-17-canada-brand-new-brand-new-dZOMhZI7wxvPld4PST30rdSL.html,0,2026-09-23T09:21:49.052951+00:00,individual,"🔳 INTACT SEAL PACK
🔳 Storage: 12/256GB
🔳 Colour: WHITE
◾ Box And Original Cable


🔰 Our Speciality......................................


◾Original & Non-Refurbished Product
◾Emi Facilities Available*
◾Accept Visa, Master Card
◾Delivery Facility inside & Outside ctg.
◾Phone Exchange Facilities*
◾Our All Products Original And Genuine. 
◾Our All Product 7 Days replacement And 1 year Service Warranty


🔰 Our Showroom Address:

Rony Enterprise (Since 2007)
Bali Arcade Shopping Center
4th Floor, Shop no 03(infront of chawkbazar Post Office
Sirajuddula Road, Chawkbazar, Chattogram Show more"
Apple iPhone 17 AIR 256GB INTACT (Brand New),120000,Brand New,"Chattogram, Chawkbazar",3 hours ago,https://bikroy.com/chawkbazar/mobile-phones/apple-iphone-17-air-256gb-intact-brand-new-8bPAcmG1pmjkGNibZcyoAMMq.html,0,2026-09-23T09:21:49.191713+00:00,individual,"🔳 INTACT SEAL PACK
🔳 Storage: 12/256GB
🔳 Colour: BLUE
◾ Box And Original Cable


🔰 Our Speciality......................................


◾Original & Non-Refurbished Product
◾Emi Facilities Available*
◾Accept Visa, Master Card
◾Delivery Facility inside & Outside ctg.
◾Phone Exchange Facilities*
◾Our All Products Original And Genuine. 
◾Our All Product 7 Days replacement And 1 year Service Warranty

🔰 Our Showroom Address:

Rony Enterprise (Since 2007)
Bali Arcade Shopping Center
4th Floor, Shop no 03(infront of chawkbazar Post Office
Sirajuddula Road, Chawkbazar, Chattogram Show more"
New Apple iPhone 17 Pro Max 256 GB Orange,160000,Brand New,"Chattogram, Boalkhali",25/06,https://bikroy.com/boalkhali/mobile-phones/new-apple-iphone-17-pro-max-256-gb-orange-14Gjr9fBvTVHsORXpnYMyacL.html,5,2026-09-23T09:21:49.814308+00:00,individual,"Only 3 months used. Cycle count only 35.
First use March 2026. The phone is from Abu Dhabi, UAE. Physical SIM & eSIM available."
Apple iPhone 16 128 GB Blue,68000,Used,"Chattogram, New Market, Chattogram",17/09,https://bikroy.com/new-market/mobile-phones/apple-iphone-16-128-gb-blue-deHOwcm6Wf5WxyuH5wVx1wey.html,4,2026-09-23T09:21:50.547080+00:00,individual,"iPhone 16 with box
Full fresh
128 GB
Battery Health: 85% (original)
Face ID
True Tone
Waterproof
Physical SIM + eSIM
Everything is okay
Location: East Madarbari, Chattogram
Must visit location"
Apple iPhone 15 Plus 128 GB,68000,Used,"Chattogram, Pahartali",05/09,https://bikroy.com/pahartali/mobile-phones/apple-iphone-15-plus-128-gb-7WAp5Mw29zIvlDbF6JnHyxN3.html,3,2026-09-23T09:21:50.899589+00:00,individual,"Model Number: MU163HN/A 
• Colour: Ocean Blue
• Battery Health:92% 
• Cycle Count:320 
• Condition: Neat & clean, no scratches
• Performance: Smooth like new
• Camera: Crystal clear photos & video
• Face ID Fully working 
• Display: Original, no spot or line
• Body: Scratch-free"
Apple iPhone 16 Pro Max 256 GB Rose Gold,115000,Used,"Chattogram, New Market, Chattogram",12/09,https://bikroy.com/new-market/mobile-phones/apple-iphone-16-pro-max-256-gb-rose-gold-uJo9OsH8r61ll8LIDA7QG69D.html,5,2026-09-23T09:21:51.583848+00:00,individual,"The mobile was sent from Dubai, used by a single person, fully fresh body with no scratches
Battery health 90%
Original box is available, security can be provided if wanted
You can check it to your heart's content, no issues at all
Call directly at 019XXXXXXXX"
Apple iPhone 13 Pro 128 GB Black,45500,Used,"Chattogram, Agrabad",16/09,https://bikroy.com/agrabad/mobile-phones/apple-iphone-13-pro-128-gb-black-uDardxSCLy9rfaxn9XOhGjoL.html,5,2026-09-23T09:21:51.936911+00:00,individual,"All ok
Authentic set 
128gb
Battery Health 73%
Set + cover + cash memo 
Waterproof is intact
Must come to location to buy"
Apple iPhone 13 128 GB White,30000,Used,"Chattogram, Chawkbazar",19 hours ago,https://bikroy.com/chawkbazar/mobile-phones/apple-iphone-13-128-gb-white-4YR3X8865JGYwA7GqRiXy8kw.html,3,2026-09-23T09:21:52.840376+00:00,individual,"iPhone 13 128GB White Color for sale.
2 years used, personal use phone.
• Storage: 128GB
• Battery Health: 84% Original
• Display Changed (GX Original Installed)
• Face ID / True Tone 100% Ok
• Body Full Fresh, No Dent
Location: Chittagong (Must come to location)
Only real buyers call/message. Exchange not possible."
Apple iPhone 13 Pro 256 GB Blue,42000,Used,"Chattogram, Karnaphuli",28/08,https://bikroy.com/karnaphuli/mobile-phones/apple-iphone-13-pro-256-gb-blue-dNSOzZB4LWv6sF5MylHzTWaw.html,5,2026-09-23T09:21:53.536541+00:00,individual,"IPhone 13 Pro
Set full Frash 
256 Gb 
Face ID✅
True tone ✅
Face ID✅
New Bettari lagano aca ❌
All ok aca 
Display change ❌
Just original glass fata aca kintu buja jai na 🚫"
Apple iPhone 16 Pro Max 256 GB,119000,Used,"Dhaka, Savar",19/09,https://bikroy.com/savar/mobile-phones/apple-iphone-16-pro-max-256-gb-ilMPnEdO2vguf69F9x2w66QJ.html,5,2026-09-23T09:21:54.120317+00:00,individual,"Phone is in full fresh condition, just selling it because I will get an 18 Pro Max."
Apple iPhone 16 Pro Max 512 GB Gold,123000,Used,"Dhaka, Mohammadpur",3 hours ago,https://bikroy.com/mohammadpur/mobile-phones/apple-iphone-16-pro-max-512-gb-gold-zqXlarwxO5FLmM6vMU2Xuo9t.html,3,2026-09-23T09:21:54.890255+00:00,individual,"Name: iPhone 16 Pro Max
Color: Desert Titanium Bh91%
Storage: 512GB
Used like new
With Full box
Used Mobile: 3 days replacement & 6 months service warranty or New mobile: 7 days replacement & 1 year service warranty included
Contact number 018XXXXXXXX"
Apple iPhone 16 Pro Max 256 GB Black,110000,Used,"Dhaka, Uttara",3 hours ago,https://bikroy.com/uttara/mobile-phones/apple-iphone-16-pro-max-256-gb-black-jLdlS7dgtMReFCElYtM7U5L3.html,4,2026-09-23T09:21:55.414372+00:00,individual,"iPhone 16 Pro Max | Pre-Owned
256GB Storage
USA Variant
Box Available
Battery Health: 91%
7 Days Replacement & 1 Year Service Warranty
EMI Facility Available
Exchange Hub
Shop No: 610, 611, 628 & 629, Level-6, Tropical Alauddin Tower, Sector 3, Road 2, Rajlaxmi, Uttara
Call for Details 017XXXXXXXX"
Apple iPhone 14 Pro Max 128 GB Black,80000,Used,"Dhaka, Jatrabari",01/09,https://bikroy.com/jatrabari/mobile-phones/apple-iphone-14-pro-max-128-gb-black-hlOSQ5yvh13e8ioJyvCIq4eD.html,5,2026-09-23T09:21:56.003206+00:00,individual,"iphone 14pro max
bt health-89
hongkong variant
box available"
New Apple iPhone 15 Pro Max 256 GB Blue,89000,Brand New,"Dhaka, Bashundhara City",04/09,https://bikroy.com/bashundhara-city/mobile-phones/new-apple-iphone-15-pro-max-256-gb-blue-cyt7eG21DrgRZcWHnlIsE0AM.html,3,2026-09-23T09:21:56.367516+00:00,individual,"In fresh conditions, no spots, dents, or scratches ✅ 
Battery health 91%
Cycle Count 473
Indian variant
Without box
Only geniune buyers, please inbox"
Apple iPhone 14 Pro 128 GB Purple,53999,Used,"Dhaka, Shantinagar",29/08,https://bikroy.com/shantinagar/mobile-phones/apple-iphone-14-pro-128-gb-purple-a7lgAxXjP9ZXvm1I8w5iVe3T.html,3,2026-09-23T09:21:57.044341+00:00,individual,"Iphone 14pro 128gb
Singapore variant
bh 76%
display has a pink line
cash memo available 
price slightly negotiable.
location : shantinagar or bailyroad"
Apple iPhone 15 : 128GB Battery 87% (Used),57999,Used,"Dhaka, Mirpur",3 hours ago,https://bikroy.com/mirpur/mobile-phones/apple-iphone-15-128gb-battery-87-used-5xguujIoL1k705VJDfzBx3MV.html,4,2026-09-23T09:21:57.569773+00:00,individual,"AR Gallery BD Shop-76, Lift-4, Shah Ali Plaza, Mirpur-10, Dhaka-1216. We buy and sell new and used phones here. Apple iPhone 15 128GB --Phone+ Box+Cash Memo. Super Fresh Condition. Battery: 87% Original Long Battery. Cycle Count: 729. Variant: Indian. Face ID: Ok. True Tone: Ok. Please do not bargain unnecessarily. Avoid being cheated by buying cheap products to save a little money; buy the right product at the right price. You can also sell your old phone to us and upgrade to a new one. Show more"
Apple iPhone 11 Pro Max 256 GB Green,28500,Used,"Dhaka, Khilgaon",05/09,https://bikroy.com/khilgaon/mobile-phones/apple-iphone-11-pro-max-256-gb-green-oV2Eg61iwEdldxBnZcKDI2tq.html,3,2026-09-23T09:21:58.244254+00:00,individual,"Display change original display lagano
Battery change battery health 100% Show kore
True tone ok 
Face id nei . 
Face id update e chole geche 
thik koraw jabe 
Storage 256GB
Physical Dual Sim 2 ta sim use kora jabe 
Sathe Cover r Security dea Jabe
Ultapalta dam bole disturb korben na
25k niche jader budget pst ignore koeben"
New Apple iPhone 12 128 GB Blue,22000,Brand New,"Dhaka, Keraniganj",04/09,https://bikroy.com/keraniganj/mobile-phones/new-apple-iphone-12-128-gb-blue-gN3tuhfSwbuMkZLt52q9oKg.html,3,2026-09-23T09:21:59.044180+00:00,individual,Iphone 12 all ok just face id issue display change nicely fitted display looking at the bezel you can understand 128gb battery backup easily get one day you will understand while checking.
Apple iPhone 11 128 GB Black,25000,Used,"Dhaka, Kamrangirchar",05/09,https://bikroy.com/kamrangirchar/mobile-phones/apple-iphone-11-128-gb-black-rMVTiIzyYZRsSBILULDSsPqp.html,5,2026-09-23T09:21:59.806736+00:00,individual,"আসসালামুআলাইকুম 
iphone 11 (128gb )
ফোন টি ফুল ফ্রেস কন্ডিশন কোন সমস্যা নাই।
ডিসপ্লে অরিজিনিয়াল।
ফেইস আইডি ওকে।
ট্রুটন ওকে।
বেটারি হেল্থ। ৭৬%
ফোনের সাথে সব ধরনের সিকিউরিটি দেওয়া যাবে।
ফোন টি একচেঞ্জ করতে পারবেন সুধু iphone এর সাথে ।
যারা নিবেন এখুনি যোগাযোগ করুন । ধন্যবাদ"
Apple iPhone 12 Pro 256 GB White,37999,Used,"Dhaka, Mirpur",3 hours ago,https://bikroy.com/mirpur/mobile-phones/apple-iphone-12-pro-256-gb-white-54pTsxrSeqk8WHDB7pxkfEIa.html,4,2026-09-23T09:22:00.606131+00:00,individual,"AR Gallery BD 
Shop-76, Lift-4, Shah Ali Plaza, Mirpur-10, Dhaka-1216
We buy and sell new and used phones here.
Apple iPhone 12 Pro 256GB - Only Phone+Cash Memo
■ Battery: 80+% 
■ Variant: China
■ Face ID: Ok ■ True Tone: Ok
■ All our products are original & genuine
■ 5-day replacement guarantee
■ 1-year service warranty (Without parts)"
Xiaomi Redmi Note 15 256 GB Black,35000,Used,"Dhaka, Sutrapur",18/09,https://bikroy.com/sutrapur/mobile-phones/xiaomi-redmi-note-15-256-gb-black-cp1kcwTg3sWcb2cRxR5cms2B.html,5,2026-09-23T09:22:01.134027+00:00,individual,"The phone was bought from Apple Gadget. Used for a very short time and kept with utmost care. There are no problems with the phone
Box & Accessories available
You can come and check it in person before buying
Reason for selling:
The phone was bought for my mother, she used it. But my mother is used to using Samsung, so I will sell this and get a Samsung
Price is completely fixed"
Xiaomi Civi 4 Pro 512 GB Green,35000,Used,"Dhaka, Mirpur",4 hours ago,https://bikroy.com/mirpur/mobile-phones/xiaomi-civi-4-pro-512-gb-green-fqS5Vdwi2LrOKtwLEY2PrpYH.html,5,2026-09-23T09:22:01.734554+00:00,individual,"খুবই ভালো একটা ফোন,কোন রকমের সমস্যা নেই,যতক্ষন ইচ্ছা চালিয়ে দেখে নিবেন,১২/৫১২ জিবি,সুপার ক্যামেরা ফোন,সুপার ব্যাকাপ অনেক ফাস্ট একটা ফোন,চাইলে ইউটিউবে রিভিউটা দেখে নেবেন,ফুল ফ্রেশ ফোন,যেকোনো সিকিউরিটি দেয়া হবে,ক্যাশ মেমো,সাথে ১বছরের সার্ভিস ওয়ারেন্টী থাকবে।
ঢাকা মিরপুর পল্লবী নতুন থানা।
কুরিয়ার পসিবল।"
Xiaomi Redmi Turbo 4 Pro 256 GB Black,42000,Used,"Dhaka, Khilkhet",19/09,https://bikroy.com/khilkhet/mobile-phones/xiaomi-redmi-turbo-4-pro-256-gb-black-s4iGV3uqK42iCbQFmRy9e05F.html,5,2026-09-23T09:22:02.353667+00:00,individual,"Comes with box, charger, and cash memo.
Hand-used phone.
Absolutely fresh, used for about four to five months. If anyone wants to buy, please contact."
Xiaomi Civi 4 Pro 256 GB Blue,35000,Used,"Dhaka, Badda",16/09,https://bikroy.com/badda/mobile-phones/xiaomi-civi-4-pro-256-gb-blue-hTbseruTIHqEYva81shvey9o.html,4,2026-09-23T09:22:02.928688+00:00,individual,"Want to exchange with high configured device.
- 12/256 GB
- 8s Gen 3 processor
- 50MP 2x telephoto lens (Awesome portrait)
Super handy premium phone
Location: Badda"
New Xiaomi Civi 5 Pro 256 GB White,65000,Brand New,"Dhaka, Jamuna Future Park",3 hours ago,https://bikroy.com/jamuna-future-park/mobile-phones/new-xiaomi-civi-5-pro-256-gb-white-lgg9I3LoJ0qnCgLHurpr0Rof.html,4,2026-09-23T09:22:03.445653+00:00,individual,"Xiaomi Civi 5 pro– Best condition 
• 128 GB Storage• 
• Color: Nebula Purple
• China Variant
• Battery Health: 100%
• Absolutely fresh, no issues at all 
• Face ID, Camera, True Tone all 100% OK
• Box/Charger: Included 
• Location: Jamuna Future Park, Level 4, 4B-007D"
Xiaomi Poco F7 256 GB,46500,Used,"Dhaka, Mirpur",3 hours ago,https://bikroy.com/mirpur/mobile-phones/xiaomi-poco-f7-256-gb-ynlYKPGKAVuuWwBypzCt6mtM.html,5,2026-09-23T09:22:03.971227+00:00,individual,Xiaomi POCO F7 limited edition 12 GB RAM 256 ROM full fresh condition not a single scratch 99% battery health full box original charger 90 watt original back cover 6 month warranty available only real buyer contact me
Xiaomi Civi 4 Pro 512 GB Black,35000,Used,"Dhaka, Tejgaon",2 days ago,https://bikroy.com/tejgaon/mobile-phones/xiaomi-civi-4-pro-512-gb-black-zKPkGeJndpwt6c7IzYp9g0Cw.html,3,2026-09-23T09:22:04.645040+00:00,individual,"Xiaomi Civi 4 pro - 12/512Gb.
Original
Price 35 thousand, negotiable.
Location: Purba Nakhalpara, Tejgaon, Dhaka.
If you want to buy, please come directly only on Friday or Saturday."
Xiaomi 13 Ultra 256 GB Green,45000,Used,"Dhaka, Mohammadpur",01/09,https://bikroy.com/mohammadpur/mobile-phones/xiaomi-13-ultra-256-gb-green-ieKf314ZpqgPQrdkSl8oI3i8.html,5,2026-09-23T09:22:05.401190+00:00,individual,"📱🔥 Xiaomi 13 Ultra (6/128GB) used 
no box
📸 অসাধারণ Leica Camera Experience
China varriant 
💾 RAM/ROM: 6/128GB
মূল্য: ৪৫,০০০ টাকা
🏷️ New Price: ৯৪,০০০ টাকা

✅ Only Device
✅ Back Cover
✅ Premium Super Strong Glass
📍 লোকেশন: সাভার সেনা শপিং কমপ্লেক্স
SMS Gadget
🚨 মাত্র ১ পিস Available!
⚠️ আসার আগে অবশ্যই কল করে Booking করে আসতে হবে।"
Xiaomi Mi 11 Ultra 256 GB Black,35000,Used,"Dhaka, Badda",16/09,https://bikroy.com/badda/mobile-phones/xiaomi-mi-11-ultra-256-gb-black-aqINzstD0IVzolpeFIptyjov.html,5,2026-09-23T09:22:06.143635+00:00,individual,"একটা স্কাচ ও নাই ফোনে, নতুন অবস্থা থেকেই পলি করা দুই পাশেই।  ফোনের সাথে শুধু দোকানের ক্যাশ মেমো পাবেন  এবং  সিকিউরিটি হিসাবে ভোটার আইডি কার্ডের ফটোকপি পাবেন। 
ফোনের সবকিছু একশ একশ। আসবেন দেখবেন যদি ভালো লাগে নিবেন। বিস্তারিত অনলাইনে দেখে নিন।"
Xiaomi 14 Pro 256 GB Green,45500,Used,"Dhaka, Jatrabari",16 hours ago,https://bikroy.com/jatrabari/mobile-phones/xiaomi-14-pro-256-gb-green-8acw9B6lMWyhoeLXZixxp482.html,5,2026-09-23T09:22:06.707625+00:00,individual,"Xiaomi 14 pro 12/256
only phone (global)"
Airtel Super Premium VIP SIM,35000,Brand New,"Dhaka, Motijheel",4 hours ago,https://bikroy.com/motijheel/cell-phones-tablets-accessories/airte-super-premium-vip-sim-wBPHVqNYiNoP7QssGvYgY9bd.html,2,2026-09-23T09:22:07.624839+00:00,individual,"✭ We can only provide you with the numbers listed in the advertisement.
✭✭ Each SIM card will be registered under your own name.
The price of the mentioned SIM card is totally fixed. Please do not send unnecessary messages or call without reason.
✭✭ Requirements for registration:
National Identity Card (NID) is required
Registration with fingerprint verification
Biometric SIM registration is mandatory; no SIM is sold without it.
No numbers outside the list are available or can be managed. Show more"
Xiaomi Civi 5 Pro 256 GB Silver,41000,Used,"Dhaka, Elephant Road",7 hours ago,https://bikroy.com/elephant-road/mobile-phones/xiaomi-civi-5-pro-256-gb-silver-bpmtP3WuPCEWKHkaKrTRkMZf.html,3,2026-09-23T09:22:08.123441+00:00,individual,"Civi 5 pro💥
12/256GB💫
Crystal Clear Condition 💯"
New Xiaomi 12 Pro 256 GB Blue,55000,Brand New,"Dhaka, Mohammadpur",02/09,https://bikroy.com/mohammadpur/mobile-phones/new-xiaomi-12-pro-256-gb-blue-A0A6jyiEgN8ylZJqxGW001rT.html,3,2026-09-23T09:22:08.551754+00:00,individual,Xiaomi 12 pro. Full fresh.
Xiaomi 13 Pro 256 GB,39000,Used,"Dhaka, Mirpur",1 day ago,https://bikroy.com/mirpur/mobile-phones/xiaomi-13-pro-256-gb-n8QmeSj2Fe8bLBDhOMpb1wZy.html,5,2026-09-23T09:22:09.040877+00:00,individual,Fully fresh Condition
Xiaomi 14 Ultra 512 GB White,59500,Used,"Dhaka, Jatrabari",4 hours ago,https://bikroy.com/jatrabari/mobile-phones/xiaomi-14-ultra-512-gb-white-hESQSvuuedxViILeNrGOX3M6.html,5,2026-09-23T09:22:09.485432+00:00,individual,"Xiaomi 14 Ultra (16-512) full fresh condition
Memo available
Location: Dhaka Jurain Bikrampur Plaza, Level-3, Shop-42
Call/WhatsApp 019XXXXXXXX"
All Operator VIP SIM Sale,80000,Brand New,"Dhaka, Motijheel",4 hours ago,https://bikroy.com/motijheel/cell-phones-tablets-accessories/all-operator-vip-sim-sale-8C7MWFAA0lonWjB7406ED6Ac.html,2,2026-09-23T09:22:10.225135+00:00,individual,"✭ We can only provide the numbers listed in the advertisement.
✭✭ Each SIM card will be registered in your own name.
☆☆ Please do not call to bargain. The price of the mentioned SIM card is totally fixed. Please do not send unnecessary messages or call without reason.
To see more numbers, visit:

Location: Motijheel
✭✭ Requirements for registration:
 National ID card is required.
 Registration with fingerprint -
 SIM registration via biometric method is mandatory; no SIM is sold without it.
 There are no numbers outside the list and they cannot be managed. Show more"
Xiaomi Redmi K90 256 GB Black,55000,Used,"Dhaka, Banani",31/08,https://bikroy.com/banani/mobile-phones/xiaomi-redmi-k90-256-gb-black-cqpYQs644dWylNajUJMwOnXa.html,5,2026-09-23T09:22:10.710464+00:00,individual,"📱 Redmi K90 5G — 12/256GB

মাত্র ১৭ দিন ব্যবহার করা হয়েছে। একদম ফ্রেশ কন্ডিশন, কোনো সমস্যা নেই। বক্স, অরিজিনাল চার্জারসহ সবকিছু আছে। কোনো পার্টস পরিবর্তন করা হয়নি।

💰 দাম: ৳৫৫,০০০ (আলোচনা সাপেক্ষে)
📍 লোকেশন: বনানী, ঢাক 019XXXXXXXX"
New Xiaomi 17T 256 GB,67000,Brand New,"Dhaka, Jamuna Future Park",3 hours ago,https://bikroy.com/jamuna-future-park/mobile-phones/new-xiaomi-17t-256-gb-fMbn7o9peT9ED4GfNgDXY0V7.html,5,2026-09-23T09:22:11.258291+00:00,individual,"Xiaomi 17T
BD official 
Cycle count : 8
12GB 256GB
Full Fresh condition 
Price: 67000 Tk
 Paramount Gadget
Jamuna Future Park Shopping Mall
Level 4, Shop No: 006C
Near Lift 7 (নোকিয়া গলি)
 
."
Xiaomi Civi 5 Pro 256 GB,37999,Used,"Dhaka, Mirpur DOHS",3 hours ago,https://bikroy.com/mirpur-dohs/mobile-phones/xiaomi-civi-5-pro-256-gb-jHojo0dI9kLHGPuRSwWzmfgl.html,4,2026-09-23T09:22:11.974773+00:00,individual,"AR Gallery BD 
Shop-76, Lift-4, Shah Ali Plaza, Mirpur-10,Dhaka-1216,
Xiaomi  Civi 5 Pro- Only Phone + Cash Memo.
★Ram:- 12GB ★Rom:-256GB 
★Back Camera:-50+50+12 MP 
★Front Camera:- 50MP
★Battery:-6000mAh
★ Charging: 67W wired,
★ Sim: Dual sim
■ 5 দিনর রিপ্লেসমেন্ট গ্যারান্টি । 
■ 1 বছরের সার্ভিস ওয়ারেন্টি ( Without parts)"
Xiaomi 14 Pro 256 GB Black,17500,Used,"Dhaka, Jatrabari",08/09,https://bikroy.com/jatrabari/mobile-phones/xiaomi-14-pro-256-gb-black-dcTRV0IBrhdmUnt5cUgbQprw.html,5,2026-09-23T09:22:12.713507+00:00,individual,"Redmi 14 Pro, ফোনটির কন্ডিশন খুব ভালো, সাথে বক্স চার্জার এখন নাই, আমার টাকার খুব প্রয়োজন তাই ফোনটি সেল করছি, যদি নিতে আগ্রহী হন তাহলে নক দিয়েন।"
Xiaomi 13 256 GB Blue,32999,Used,"Dhaka, Mirpur DOHS",3 hours ago,https://bikroy.com/mirpur-dohs/mobile-phones/xiaomi-13-256-gb-blue-7YitwFwbP4J0vc5Bn2s6NcdB.html,4,2026-09-23T09:22:13.572457+00:00,individual,"AR Gallery BD 
Shop-76, Lift-4, Shah Ali Plaza, Mirpur-10,Dhaka-1216,
Xiaomi 13 - Only Phone + Cash Memo.
★Ram:- 12GB ★Rom:-256GB 
★Back Camera:-50+10+12 MP 
★Front Camera:- 32MP
★Battery:-4500mAh
★ Charging: 67W wired,
★ Sim: dual sim
■ 5 দিনর রিপ্লেসমেন্ট গ্যারান্টি । 
■ 1 বছরের সার্ভিস ওয়ারেন্টি ( Without parts)"
Xiaomi Redmi Note 15 128 GB Black,24500,Used,"Dhaka, Savar",08/09,https://bikroy.com/savar/mobile-phones/xiaomi-redmi-note-15-128-gb-black-aq9F9H9Fi0lkQq8ob2RCcbrt.html,3,2026-09-23T09:22:14.107798+00:00,individual,"I need money urgently so I am selling it. There are no problems with the phone, everything is OK. Box and charger are all included, bought about 3 months ago. I do not have a second mobile so I could not provide the original pictures. To take the mobile, you have to come to my location, location Ashulia Bazar."
New Xiaomi Civi 1S 256 GB,16990,Brand New,"Dhaka, Mohammadpur",3 hours ago,https://bikroy.com/mohammadpur/mobile-phones/new-xiaomi-civi-1s-256-gb-oMVixP3iFAj77nKGsTiEeFX6.html,5,2026-09-23T09:22:14.798595+00:00,individual,"8+128 GB=16990/=
12+256 GB=18990/=
Xiaomi Civi-1
7 Days Replacement Guarantee 2 Years Free Service Warranty 
No scratches or dirt 
Looks like new
Used abroad 
Our Address 

Mobile Plaza 
Shyamoli Tower Complex Market 
2nd Floor, Shop No. 13, 14
Market right beside Shyamoli Bus Stand and Foot Overbridge 
Shyamoli Mohammadpur Dhaka"
Xiaomi Redmi Note 15 Pro 256 GB Black,28999,Used,"Dhaka, Mirpur",1 hour ago,https://bikroy.com/mirpur/mobile-phones/xiaomi-redmi-note-15-pro-256-gb-black-ml8J5ZzdRGOtlCQWhJbJQLnz.html,5,2026-09-23T09:22:15.508118+00:00,individual,"Redmi note 15pro cn With Full Box 8/256 GB

Buy, Sell & Exchange

Original Picture Uploaded 

8/256 Gb - ৳ 

100% Original & Non Refurbished Product 

10 Day's Replacement Guaranty 

1 Year Service warranty 

Mirpur shopping Center 
5th floor
Shop number 639
Mirpur 2 Dhaka 1216"
Xiaomi Redmi Ultra 256 GB Blue,20500,Used,"Dhaka, Banglamotor",6 hours ago,https://bikroy.com/banglamotor/mobile-phones/xiaomi-redmi-ultra-256-gb-blue-zX7Qfm3rZbpoTY22ntrqaS5W.html,5,2026-09-23T09:22:16.259643+00:00,individual,"মোবাইলের বিস্তারিত:
Brand & Model: Redmi K 50 Ultra 
RAM: 12GB
ROM: 256GB
Condition: used 
Warranty: 7-দিনের রিপ্লেসমেন্ট গ্যারান্টি ও 1-বছরের সার্ভিস ওয়ারেন্টি পাবেন।
 ফোন দেখে ও চেক করে কেনার সুযোগ
 ফোনের কন্ডিশন সম্পর্কে পরিষ্কার তথ্য
 সাশ্রয়ী দামে ভালো ফোন
 R.S Telecom 
 Nahar Plaza, Shop No: 206,Sonargaon Road, Hatirpool, Dhaka"
Xiaomi Redmi Note 13 256 GB Black,18990,Used,"Dhaka, Rampura",3 hours ago,https://bikroy.com/rampura/mobile-phones/xiaomi-redmi-note-13-256-gb-black-CkaR13PkPCBitEEr8MiicTCq.html,3,2026-09-23T09:22:16.995847+00:00,individual,"Redmi note 13 5G 8+256GB Global Box
Full fresh condition full boxed 
No internal or external problem 
More information call 
Address: Molla Tower Shopping complex, Rampura, Dhaka. 
Opposite BTV centar 
3rd floor, shop no-406."
Xiaomi Mi 11i 128 GB Green,17000,Used,"Dhaka, Mirpur",2 days ago,https://bikroy.com/mirpur/mobile-phones/xiaomi-mi-11i-128-gb-green-mMjxeV5vkEmGZEtPn7ETbRN4.html,5,2026-09-23T09:22:17.766111+00:00,individual,"The mobile is completely fresh, there are no problems, please check it thoroughly before buying."
Xiaomi Poco X5 Pro 256 GB Black,18500,Used,"Dhaka, Jatrabari",08/09,https://bikroy.com/jatrabari/mobile-phones/xiaomi-poco-x5-pro-256-gb-black-kni6MufRA0y0rzPLsLkDknI3.html,5,2026-09-23T09:22:18.505452+00:00,individual,"The phone will be sold in an emergency. There are no problems of any kind with the phone. Box and charger are all included. 
 
(WhatsApp / imo/number)"
Xiaomi Redmi Note 14 Pro 5G 256 GB Black,28000,Used,"Dhaka, Jatrabari",18/09,https://bikroy.com/jatrabari/mobile-phones/xiaomi-redmi-note-14-pro-5g-256-gb-black-APHcO7WjOCLaIyrGKCsftXbt.html,5,2026-09-23T09:22:19.290424+00:00,individual,"The mobile is completely fine with no marks anywhere. Used for a short time. You will get the phone box, charger, and original phone cover, everything. Global set, official phone in Bangladesh"
Xiaomi Civi 3 256 GB,28000,Used,"Dhaka, Savar",4 hours ago,https://bikroy.com/savar/mobile-phones/xiaomi-civi-3-256-gb-x9J7HmZHE9lKuoLFZvUasrZO.html,3,2026-09-23T09:22:19.874276+00:00,individual,"12GB RAM / 256GB Storage
 MediaTek Dimensity 8200-Ultra Processor
 120Hz AMOLED Display
 50MP Camera
 67W Fast Charging
 5G Supported
This phone is fully checked and ready for use. With its stylish design, powerful performance, and excellent camera, it is a great choice.
 Contact: Amader Apple Gadget
**Serious buyers only.**"
New Xiaomi Civi 1S 256 GB,16990,Brand New,"Dhaka, Shyamoli",3 hours ago,https://bikroy.com/shyamoli/mobile-phones/new-xiaomi-civi-1s-256-gb-kjEsHwWzIvhVEf4foZ4afsMN.html,3,2026-09-23T09:22:20.515283+00:00,individual,"Xiaomi Civi-1
12/256GB/18990
8/128GB/16990
Our Address
Mobile Plaza
Shyamoli Tower Complex Market
2nd Floor, Shop No. 13, 14
Market right beside Shyamoli Bus Stand and Foot Over Bridge,
Shyamoli Mohammadpur Dhaka"
Xiaomi 12X 256 GB Purple,19999,Used,"Dhaka, Banglamotor",6 hours ago,https://bikroy.com/banglamotor/mobile-phones/xiaomi-12x-256-gb-purple-CvH7kihAfi6vrC7TRAjp2EeV.html,5,2026-09-23T09:22:21.265505+00:00,individual,"মোবাইলের বিস্তারিত:
Brand & Model:Xaomi 12X
RAM: 8GB
ROM: 256GB
Condition: Used 
Warranty: 7-দিনের রিপ্লেসমেন্ট গ্যারান্টি ও 1-বছরের সার্ভিস ওয়ারেন্টি পাবেন।
 ফোন দেখে ও চেক করে কেনার সুযোগ
 ফোনের কন্ডিশন সম্পর্কে পরিষ্কার তথ্য
 সাশ্রয়ী দামে ভালো ফোন
 R.S Telecom 
 Nahar Plaza, Shop No: 206,Sonargaon Road, Hatirpool, Dhaka"
Xiaomi Mi Mix 256 GB Black,32500,Used,"Dhaka, Keraniganj",02/09,https://bikroy.com/keraniganj/mobile-phones/xiaomi-mi-mix-256-gb-black-aBv1DEWgd3HODsdi1aJncs2e.html,5,2026-09-23T09:22:21.999096+00:00,individual,"xiaomi mix 4 pro
8GB +4GB RAM+256 GB 
120w fast charger
দুর্দান্ত ক্যামেরা ১০৮ মেগাপিক্সেল 
ফরেন ক্যামেরা হিডেন আন্ডার ডিসপ্লে দিনের বেলায় দেখা যায় না lফোনে কোনো রকম কাজ করা নেই. একদম ফ্রেশ. 

যদি কারো প্রয়োজন হয় যোগাযোগ করুন"
Xiaomi 13 128 GB Black,17500,Used,"Dhaka, Jatrabari",27/08,https://bikroy.com/jatrabari/mobile-phones/xiaomi-13-128-gb-black-yvo4ShaERZVd0iPDR01Si0jE.html,3,2026-09-23T09:22:22.517037+00:00,individual,রিডমি নোট 13.. একদম ফুল ফ্রেশ মোবাইল। মোবাইলের সাথে অরিজিনাল চার্জার এবং বক্স আছে
Xiaomi Redmi Note 13 256 GB Blue,21000,Used,"Dhaka, Mirpur",08/09,https://bikroy.com/mirpur/mobile-phones/xiaomi-redmi-note-13-256-gb-blue-geLdDxSkZB5rG0u94qnQ7tXu.html,5,2026-09-23T09:22:23.177822+00:00,individual,মোবাইল ফোন বিক্রি করা হবে জদি কেউ নিতে চান তাহলে সরাসরি কল করবেন আমি ভালো ফোন কিনবো তাই বিক্রি করা হবে
Xiaomi Civi 1S 256 GB Pink,17999,Used,"Dhaka, Banglamotor",6 hours ago,https://bikroy.com/banglamotor/mobile-phones/xiaomi-civi-1s-256-gb-pink-APogLKoBmYOsmZEdeMst24fS.html,4,2026-09-23T09:22:23.889134+00:00,individual,"মোবাইলের বিস্তারিত:
Brand & Model:Xaomi Civi
RAM: 8GB
ROM: 256GB
Condition: Used 
Warranty: 7-দিনের রিপ্লেসমেন্ট গ্যারান্টি ও 1-বছরের সার্ভিস ওয়ারেন্টি পাবেন।
 ফোন দেখে ও চেক করে কেনার সুযোগ
 ফোনের কন্ডিশন সম্পর্কে পরিষ্কার তথ্য
 সাশ্রয়ী দামে ভালো ফোন
 R.S Telecom 
 Nahar Plaza, Shop No: 206,Sonargaon Road, Hatirpool, Dhaka"
Xiaomi Civi 2 256 GB,21990,Used,"Dhaka, Savar",4 hours ago,https://bikroy.com/savar/mobile-phones/xiaomi-civi-2-256-gb-aU5853DRlZ7tuJ0rOeX052U4.html,5,2026-09-23T09:22:24.510262+00:00,individual,"The Xiaomi CIVI 2 is a perfect combination of attractive design and great performance. The phone has been used with extreme care; there are no scratches or dents on the body. It is in fresh, like-new condition.
 Location: Savar Nabinagar Sena Shopping Complex, Shop No. D43
Genuine buyers please inbox or call directly. Please do not bargain unnecessarily. Thank you!"
New Mobile Phone 256 GB Purple,19000,Used,"Dhaka, Mohakhali",4 hours ago,https://bikroy.com/mohakhali/mobile-phones/xiaomi-redmi-note-12-256-gb-blue-uJNJs0Kng2h2ZJoSCdDY9tmE.html,5,2026-09-23T09:22:25.109741+00:00,individual,"Redmi Note 12, 5G
Storage: 256 GB
RAM: 8+8 GB
Full fresh condition
Bought it new and used for 7/8 months, it comes with original box, charger, and memo.
Reason for selling: Buying a new phone
Selling because I need emergency cash"
Xiaomi Redmi K50 Ultra 256 GB Blue,21499,Used,"Dhaka, Banglamotor",6 hours ago,https://bikroy.com/banglamotor/mobile-phones/xiaomi-redmi-k50-ultra-256-gb-blue-BwhAumUhKK2il2Mx1mLW519X.html,5,2026-09-23T09:22:25.845602+00:00,individual,"মোবাইলের বিস্তারিত:
Brand & Model: Redmi K 50 Ultra 
RAM: 12GB
ROM: 256GB
Condition: used 
Warranty: 7-দিনের রিপ্লেসমেন্ট গ্যারান্টি ও 1-বছরের সার্ভিস ওয়ারেন্টি পাবেন।

✔️ ফোন দেখে ও চেক করে কেনার সুযোগ
✔️ ফোনের কন্ডিশন সম্পর্কে পরিষ্কার তথ্য
✔️ সাশ্রয়ী দামে ভালো ফোন

🏪 R.S Telecom 
📍 Nahar Plaza, Shop No: 206,Sonargaon Road, Hatirpool, Dhaka"
Samsung Galaxy S24 Ultra 256 GB Gray,74500,Used,"Rajshahi, Shaheb Bazar",20/09,https://bikroy.com/shaheb-bazar/mobile-phones/samsung-galaxy-s24-ultra-256-gb-gray-A31QPjiIFrgbhwbFCP3pXCgu.html,5,2026-09-23T09:22:26.470557+00:00,individual,"Samsung Galaxy S24 Ultra
(12/256)
Dual Physical Sim
with Box & Cash memo
Fully Fresh & new Condition
I have used the phone with one hand and with great care.
It is in brand new and fresh condition.
You can check it as long as you want.
If anyone wants to buy, call directly on the phone.
Location:- Zero Point, Saheb Bazar, Rajshahi."
Samsung Galaxy S24 Ultra 256 GB White,87000,Used,"Rajshahi, Shaheb Bazar",3 hours ago,https://bikroy.com/shaheb-bazar/mobile-phones/samsung-galaxy-s24-ultra-256-gb-white-p7bmoGm97s1ouC3sSJuomc5V.html,4,2026-09-23T09:22:27.162253+00:00,individual,"Samsung S25 Ultra 
12 / 256 
Super condition 
7 days replacement guarantee  
1 year service warranty  
#exchange possible 
Our Address :
Smart Choice , Shop No. 211 , 
City Center , Beside of Rajshahi College , Sonadigir Mor, Rajshahi
Call for any details:"
Samsung Galaxy S24 Ultra 256 GB Black,74900,Used,"Rajshahi, Shaheb Bazar",01/09,https://bikroy.com/shaheb-bazar/mobile-phones/samsung-galaxy-s24-ultra-256-gb-black-6ccDxNtB0TzJifILDioNAjPK.html,5,2026-09-23T09:22:27.707513+00:00,individual,"Used for 8months,no single scratches or dent.full fresh condition like new. Used very carefully,with back poly, back cover & screen protector.Everything is ok.New phone kinbo tai sell korci."
Samsung Galaxy S23 Ultra 256 GB Gray,52000,Used,"Rajshahi, Kazla",05/09,https://bikroy.com/kazla/mobile-phones/samsung-galaxy-s23-ultra-256-gb-gray-dDvoPueMFVcMhgJnE6FVep3b.html,3,2026-09-23T09:22:28.295633+00:00,individual,100% fress dakhe niben
Samsung Galaxy S24 Ultra 256 GB Gold,72000,Used,"Rajshahi, Kadirgonj",7 hours ago,https://bikroy.com/kadirgonj/mobile-phones/samsung-galaxy-s24-ultra-256-gb-gold-8KEL3eEgbxifCQjsARsF0JDD.html,5,2026-09-23T09:22:28.889734+00:00,individual,"Assalamu Alaikum Warahmatullahi Wabarakatuh
Fresh condition
Box: Only Device
Cash Memo: Available
Replacement Guarantee: Get up to 7 days (conditions apply)
Location: Rajshahi Kadirganj Chalpotti, beside Large Farmer, behind Swapnochura Plaza Nagar Bhaban.
Shop No: 123 - Ground floor beside lift
Shop Name: Rajshahi Mobile Bari 019XXXXXXXX"
Samsung Galaxy S24 Ultra 256 GB Silver,78000,Used,"Rajshahi, Shaheb Bazar",1 day ago,https://bikroy.com/shaheb-bazar/mobile-phones/samsung-galaxy-s24-ultra-256-gb-silver-1JoojejbPNNMuQ3Y7dXGUOEk.html,5,2026-09-23T09:22:29.425881+00:00,individual,Fresh phone.. No problem.... All parts original... Will provide NID card for security
Samsung Galaxy S26 Ultra 5G 512 GB Blue,115000,Used,"Rajshahi, Shaheb Bazar",3 hours ago,https://bikroy.com/shaheb-bazar/mobile-phones/samsung-galaxy-s26-ultra-5g-512-gb-blue-3tUSQVNHO7P9apzxgC7PxJcd.html,3,2026-09-23T09:22:30.067398+00:00,individual,"Samsung S26 Ultra, 12GB RAM, 512GB storage. Super condition. 7 days replacement guarantee. 1 year service warranty. #exchange possible. Our Address: Smart Choice, Shop No. 211, City Center, Beside Rajshahi College, Sonadighi Mor, Rajshahi. Call for any details:"
Samsung Galaxy S24 256 GB Purple,52990,Used,"Rajshahi, Boalia",26/08,https://bikroy.com/boalia/mobile-phones/samsung-galaxy-s24-256-gb-purple-wRML35PybDrFDxnxfeEbJYMF.html,3,2026-09-23T09:22:30.790706+00:00,individual,"ফোন নতুন কিনেছিলান, ফোন এর বক্স মেমো সব আছে, একটা চুল পরিমাণ দাগ নাই। কোন রিপিয়ার হিস্ট্রি নাই।

= কল রেকর্ড হয়।"
New Samsung Galaxy S24 Ultra 512 GB Black,74500,Brand New,"Rajshahi, Shaheb Bazar",31/08,https://bikroy.com/shaheb-bazar/mobile-phones/new-samsung-galaxy-s24-ultra-512-gb-black-isGTmyKd1fsh8KIRagRJfsvm.html,5,2026-09-23T09:22:31.265820+00:00,individual,"📱 Samsung Galaxy S24 Ultra — 512GB 🔥

✅ Model: Samsung S24 Ultra
💾 Storage: 512GB
🏪 Shop Name: City Gadget
📍 Location: Rajshahi City Center, 215 Shop
💯 ফোন দেখতে ও ব্যবহার করতে সরাসরি দোকানে আসতে পারবেন।

💰 Price: ৭৪,০০০ টাকা

📩 আগ্রহী হলে Inbox করুন অথবা সরাসরি লোকেশনে এসে দেখে নিন।
📞 যোগাযোগ 018XXXXXXXX"
Samsung Galaxy S24 Plus 256 GB Black,55000,Used,"Rajshahi, Boalia",03/09,https://bikroy.com/boalia/mobile-phones/samsung-galaxy-s24-plus-256-gb-black-fy5vyFeFE6X5fU9IOSDsBHDe.html,5,2026-09-23T09:22:31.662550+00:00,individual,"Full fresh
12 /256 
With box
Fixed price"
Samsung Galaxy S25 Ultra 256 GB Black,90000,Used,"Rajshahi, Nawdapara",4 hours ago,https://bikroy.com/nawdapara/mobile-phones/samsung-galaxy-s25-ultra-256-gb-black-lgQLczXQosCJ2EqXJ47flr7Y.html,3,2026-09-23T09:22:32.773845+00:00,individual,"1000% Fresh. Showroom condition. Not a single hair-line scratch. Laminated with poly since the time of purchase. Comes with the original charger.
Check and test it for as long as you want.
Whatever you ask for security purposes will be provided.
Call directly if you want to"
Samsung Galaxy S24 Ultra 256 GB Gray,77000,Used,"Rajshahi, Rajpara",02/09,https://bikroy.com/rajpara/mobile-phones/samsung-galaxy-s24-ultra-256-gb-gray-s9oUAIhUtjVoHuZnq6MMbJlK.html,3,2026-09-23T09:22:33.058902+00:00,individual,12/256 gb. Full fresh with full box.
Samsung Galaxy S24 Plus 256 GB Purple,55000,Used,"Rajshahi, Shaheb Bazar",29/08,https://bikroy.com/shaheb-bazar/mobile-phones/samsung-galaxy-s24-plus-256-gb-purple-cUhQT4LW4QP17UOEW64ygnnW.html,3,2026-09-23T09:22:33.827207+00:00,individual,"No issue 
Full fresh 🔥
12/256 
Lagle inbox...!"
Samsung Galaxy S24 Ultra 512 GB Blue,80000,Used,"Rajshahi, Boalia",1 day ago,https://bikroy.com/boalia/mobile-phones/samsung-galaxy-s24-ultra-512-gb-blue-cwqLJ10NcRmSkDbrECgHTAAH.html,4,2026-09-23T09:22:34.523713+00:00,individual,"There is no problem with the phone, you can take it after checking. I will shift to iPhone so I will sell the phone. The phone is seven-eight months old. The phone has a full box. The phone is poly-coated, the poly has not been removed yet"
Samsung Galaxy S21 5G 256 GB Purple,24000,Used,"Rajshahi, Motihar",31/08,https://bikroy.com/motihar/mobile-phones/samsung-galaxy-s21-5g-256-gb-purple-5Db29E34KKOPkChXveRN45ba.html,5,2026-09-23T09:22:35.059894+00:00,individual,টাকার দরকার এজন্য সেল দিচ্ছি ফোন দেখতে হলে অবশ্যই লোকেশনে এসে দেখেশুনে চেক করে নিয়ে যাবেন ধন্যবাদ
Samsung Galaxy S22 Ultra 256 GB White,39000,Used,"Rajshahi, Kadirgonj",2 days ago,https://bikroy.com/kadirgonj/mobile-phones/samsung-galaxy-s22-ultra-256-gb-white-jNLx1FeEItaIhP0mfToud52v.html,5,2026-09-23T09:22:35.808774+00:00,individual,"Just 120Hz problem.
And sometimes come green line like a tiny hair.
Comes for little time.and become vanish.
It will not be permanent.
I am using it from 2 years.
Still same like new.
No repair history.
Waterproof 100%"
Samsung Galaxy A34 5G 128 GB Green,19000,Used,"Rajshahi, Kazla",26/08,https://bikroy.com/kazla/mobile-phones/samsung-galaxy-a34-5g-128-gb-green-4WECbbC6zf8NVIwvKo6Y4xKE.html,3,2026-09-23T09:22:36.568212+00:00,individual,ফোনে কোনো ধরনের দাগ বা সমস্যা নাই আমার নিজের ব্যাবহার করা চাপাই থেকে নেওয়া হয়েছে সাথে কিছু নেই এনআইডি কার্ড দেওয়া জাবে দাম কিছু টা কমানো জাবে
Samsung Galaxy S23 Ultra 256 GB White,46000,Used,"Rajshahi, Kazla",17/09,https://bikroy.com/kazla/mobile-phones/samsung-galaxy-s23-ultra-256-gb-white-fMZ8reZ7xZbSVa18OiBdY65W.html,5,2026-09-23T09:22:37.120871+00:00,individual,"Device Description
Model: Samsung Galaxy S23 Ultra 5G (Indian Variant)
RAM & Storage: 12GB RAM / 256GB Storage
Color: Cream
Condition: Absolutely fresh, no major scratches or dents (used with cover and glass protector).
Performance: Camera, display, S-Pen, speaker and battery 100% OK.
Price: 46,000 Taka
Location: Rajshahi,
Contact 017XXXXXXXX"
Samsung Galaxy S23 256 GB Purple,29500,Used,"Rajshahi, Shaheb Bazar",31/08,https://bikroy.com/shaheb-bazar/mobile-phones/samsung-galaxy-s23-256-gb-purple-z0vMn9k4kvnPJvXvVSF1GmO8.html,3,2026-09-23T09:22:37.920309+00:00,individual,"ফোন ফুল ফ্রেশ আছে আউটলুক ফ্রেশ আছে। সবমিলে অলমোস্ট ৯০% ফ্রেশ ফোন। Docomo veriant এর ফোন এইটা Storage: 256 জিবি। 

Note: প্রব্লেম জাস্ট ডিস্প্লে এক সাইডে গোল্ডেন কিছু দাগ আছে যেটা খালি চখে বা ডিস্প্লে ওন হলে বুঝা জাইনা। এইটা অনেকদিন থেকে আছে আর বড়বে না এটা গারেন্টি।  

👉 Exchange করা যাবে।"
Samsung Galaxy M12 128 GB Green,18000,Used,"Rajshahi, Rajpara",26/08,https://bikroy.com/rajpara/mobile-phones/samsung-galaxy-m12-128-gb-green-dRLlDkx8a0zGMSVHwSiApldN.html,5,2026-09-23T09:22:38.773215+00:00,individual,"এই দুইটা ফোনের কন্ডিশন একদম ফ্রেশ। দুইটা ফোনের বক্স আছে,ফোনের অর্জিনাল চার্জার নাই নস্ট হয়ে গেচিলো রার্নিং চার্জার দেওয়া হবে।ফোন দুইটা আমি নিজে চালাইতাম ফোনে কোন রকম সমস্যা নাই ফোন দুইটা চার্জ ব্রেকাপ ভালো ফোন সম্পূর্ণ ভালো আছে।লোকেশনে এসে সরাসরি দেখবেন যতক্ষন ইচ্ছা চেকবেক করে নিবেন। সিকিউরিটি হিসেবে যেইটা চাইবেন দেওয়া যাবে।দাম: ১০০০০+৮০০০৳"
Samsung Galaxy A36 256 GB Purple,30000,Used,"Rajshahi, Laksimipur",05/09,https://bikroy.com/laksimipur/mobile-phones/samsung-galaxy-a36-256-gb-purple-kEzXHvSVwag157cMah3HDQ2a.html,3,2026-09-23T09:22:39.318007+00:00,individual,100% full fresh and look like brand new condition
Samsung Galaxy A36 256 GB Purple,30000,Used,"Rajshahi, Laksimipur",27/08,https://bikroy.com/laksimipur/mobile-phones/samsung-galaxy-a36-256-gb-purple-8It1fs9QAbmXnEnEEcf19PzG.html,3,2026-09-23T09:22:39.727460+00:00,individual,Olpo kichu din use kora hoyeche.. Fully fresh phone.. Phone ar sathe back cover r phone a privacy protector o piche poli lagano hoyeche..
Samsung Galaxy S23 FE 128 GB,27500,Used,"Rajshahi, Shaheb Bazar",16/09,https://bikroy.com/shaheb-bazar/mobile-phones/samsung-galaxy-s23-fe-128-gb-7DcwWhEawXDOpdQwnYWreXH6.html,5,2026-09-23T09:22:40.376043+00:00,individual,"Exchange with iPhone 12 Pro bypass 
Or 
iPhone 13 bypass 
Battery Health 85+"
New Samsung Galaxy A15 5G 256 GB White,18999,Brand New,"Rajshahi, Vodra",3 hours ago,https://bikroy.com/vodra/mobile-phones/new-samsung-galaxy-a15-5g-256-gb-white-khjzStvu9IVYXPSkuoRxP6hS.html,5,2026-09-23T09:22:41.125903+00:00,individual,"Experience smart design and incredible performance with the Samsung A15, your perfect choice.

Limited stock – first come, first served!
Our Address: Baneswar Shibpur Hat, Puthia, Rajshahi
100% Trustworthiness
Right price, right product
FAHIM mobile zone, your trusted mobile shop"
Samsung Galaxy S21 FE 5G 128 GB Gray,18500,Used,Rajshahi,01/09,https://bikroy.com/rajshahi/mobile-phones/samsung-galaxy-s21-fe-5g-128-gb-gray-nsZdBr2QWShGcxKfKSr15kz4.html,5,2026-09-23T09:22:41.758113+00:00,individual,"Samsung Galaxy S21 FE
✅ Model: Samsung Galaxy S21 FE
✅ RAM: 8GB
✅ Storage: 128GB
✅ Display: 6.4”, 120Hz
✅ 5G Supported
✅ Wi-Fi 6 Supported
✅ Fingerprint Sensor
✅ Phone performance & overall condition ভালো
💰 Price: ৳18500
📍 Location: Rajshahi
📩 Interested হলে Inbox করুন।
⚠️ অযথা দামাদামি না করার অনুরোধ। Genuine buyer হলে দেখে-শুনে নিতে পারবেন।"
Samsung Galaxy A55 256 GB White,27000,Used,"Rajshahi, Court Station",16 hours ago,https://bikroy.com/court-station/mobile-phones/samsung-galaxy-a55-256-gb-white-fcJkfEzrp3y68Mbk1kqBhKvN.html,3,2026-09-23T09:22:42.421129+00:00,individual,No types of scratches or problems
Samsung Galaxy Note 10 Plus 256 GB Black,30500,Used,"Rajshahi, Puthia",1 hour ago,https://bikroy.com/puthia/mobile-phones/samsung-galaxy-note-10-plus-256-gb-black-5gl1n5cymTNDQe2qbQ3CND1t.html,5,2026-09-23T09:22:43.316158+00:00,individual,"Samsung Galaxy note 10+....
Only phone no box. 
All ok no repair history 95% full fresh condition.. all parts original..full details inbox & Whatsapp and contact number 019XXXXXXXX"
New Samsung Galaxy S20+ 5G 256 GB Blue,22000,Brand New,"Rajshahi, Nawdapara",01/09,https://bikroy.com/nawdapara/mobile-phones/new-samsung-galaxy-s20-5g-256-gb-blue-tJfheCLFodkvT5znEt7M8wzo.html,4,2026-09-23T09:22:43.664109+00:00,individual,ফোন একেবারে ওকে।  কোনই সমস্যা নাই। ফোনের অরজিনাল ডিসপ্লে । মাদারবোর্ডে কোন কাজ করা নাই। কেউ নিতে চাইলে এই নাম্বারে ফোন দিবেন 017XXXXXXXX
Samsung Galaxy S24 Ultra (Used),90000,Used,"Chattogram, Khulshi",23/04,https://bikroy.com/khulshi/mobile-phones/samsung-galaxy-s24-ultra-used-7CO4BEAXvKuCTvUK7J1NNbx6.html,3,2026-09-23T09:22:44.712968+00:00,individual,"100% fresh.
Full boxed. Not a single spot. Original cable.
With premium phone case."
Samsung Galaxy S25 Ultra 256 GB Blue,103000,Used,Chattogram,11/05,https://bikroy.com/chattogram/mobile-phones/samsung-galaxy-s25-ultra-256-gb-blue-wBM6eUgeyaTvVHJYvkIn3vle.html,3,2026-09-23T09:22:45.155599+00:00,individual,Brand new condition. Not a single scratch. Used for three months. Box and cable included. You must come to my residence for the location. Price is almost fixed.
Samsung Galaxy Z Flip6 512 GB White,130000,Used,"Chattogram, Mirsharai",08/08,https://bikroy.com/mirsharai/mobile-phones/samsung-galaxy-z-flip6-512-gb-white-4YS26EPVWOGhTN4W2Scx1hHv.html,3,2026-09-23T09:22:45.855839+00:00,individual,"Used for two months, still fully fresh, no problems with the mobile, like new"
Samsung Galaxy S24 512 GB Black,84990,Used,"Chattogram, CDA Avenue",3 hours ago,https://bikroy.com/cda-avenue/mobile-phones/samsung-galaxy-s24-512-gb-black-dJz194axAQNfQVFkz3a2lh5l.html,2,2026-09-23T09:22:46.514220+00:00,individual,"Samsung Galaxy S24 Ultra (12GB / 512GB). Only used for a few months. Ready stock. Get 20% extra trade-in value for your old phone! Warranty benefits: 15-day replacement guarantee, lifetime service warranty. Call now: Finlay Square, Level-4, Shop-406, 2 No Gate, Nasirabad, Chattogram"
Samsung S26 ULTRA 12/256 NEW (Brand New),138000,Brand New,"Chattogram, Chawkbazar",4 hours ago,https://bikroy.com/chawkbazar/mobile-phones/samsung-s26-ultra-12-256-new-brand-new-2WxjmLrCfvcfsaNHyOY3dzvR.html,0,2026-09-23T09:22:47.176453+00:00,individual,"🔳 INTACT SEAL PACK 
🔳 Storage: 12/256GB
🔳 Colour: BLUE
◾ Box And Original Cable


🔰 Our Speciality......................................

◾Original & Non-Refurbished Product
◾Emi Facilities Available*
◾Accept Visa, Master Card
◾Delivery Facility inside & Outside ctg.
◾Phone Exchange Facilities*
◾Our All Product 7 Days replacement And 1 year Service Warranty



🔰 Our Showroom Address:


Rony Enterprise (Since 2007)
Bali Arcade Shopping Center
4th Floor, Shop no 03(infront of chawkbazar Post Office
Sirajuddula Road, Chawkbazar, Chattogram Show more"
Samsung Galaxy S24 Ultra 256 GB Black,85000,Used,"Chattogram, Agrabad",19/07,https://bikroy.com/agrabad/mobile-phones/samsung-galaxy-s24-ultra-256-gb-black-6tG5zsRVYCqTAF5F626HmuwZ.html,5,2026-09-23T09:22:47.617084+00:00,individual,Phone like new. No repair history. Box nai but any kind of security dewa Jabe. Everything works perfectly.Location must.
Samsung Galaxy S24 Ultra 256 GB Silver,86000,Used,"Chattogram, Double Mooring",25/06,https://bikroy.com/double-mooring/mobile-phones/samsung-galaxy-s24-ultra-256-gb-silver-8PXh2Gu03AJT1bB0ruDMJrMv.html,5,2026-09-23T09:22:48.377616+00:00,individual,Comes with the original charging cable (unused) and 4 premium covers.
Samsung Galaxy S24 Ultra 256 GB Gray,80000,Used,"Chattogram, Kotwali, Chattogram",09/09,https://bikroy.com/kotwali/mobile-phones/samsung-galaxy-s24-ultra-256-gb-gray-gcyFfIPIhuTAarznCVVyoFMf.html,3,2026-09-23T09:22:48.815804+00:00,individual,"Contract - 
(Wp)
Used
Condition
No cracks
Physical Condition
256 GB
Internal Storage
12 GB
Ram
No
Card Slot
Triple 200 MP / 50 MP / 10 MP
Main Camera
12 MP
Selfie Camera
6.8 inches
Screen Size
1440 x 3120
Resolution
AMOLED
Display Type
Dual Nano-SIMs and eSIM
SIM
Android
Operating System
5000 mAh
Battery
Gray
Color"
New Samsung Galaxy S25 Ultra 256 GB Black,99999,Brand New,"Chattogram, CDA Avenue",6 hours ago,https://bikroy.com/cda-avenue/mobile-phones/new-samsung-galaxy-s25-ultra-256-gb-black-dQ7YRE6nbI0M4sGPgYb5KYy9.html,3,2026-09-23T09:22:49.603456+00:00,individual,"Brand new Intech box! 
12GB/256GB
Black color

ক্রেডিট কার্ড এর মাধ্যমে ২০ টির অধিক ব্যাংকে ৩৬ মাস পর্যন্ত EMI এর সুবিধা রয়েছে। (*শর্ত প্রযোজ্য*)"
Samsung Galaxy S25+ 12/256GB FULL BOX (Used),85000,Used,"Chattogram, Chawkbazar",3 hours ago,https://bikroy.com/chawkbazar/mobile-phones/samsung-galaxy-s25-12-256gb-full-box-used-uRUdDTM73SzH6xroD0NgA4Pf.html,0,2026-09-23T09:22:50.212374+00:00,individual,"🔳 TWO MONTH USED ONLY AS LIKE AS NEW CONDITION
🔳 Storage: 12/256gb
🔳 Colour: SILVER
◾ Original Cable AND BOX

🔰 Our Speciality......................................

◾Original & Non-Refurbished Product
◾Emi Facilities Available*
◾Accept Visa, Master Card
◾Delivery Facility inside & Outside ctg.
◾Phone Exchange Facilities*
◾ All Products Original And Genuine.
◾Our All Product 7 Days replacement And 1 year Service Warranty



🔰 Our Showroom Address:


Rony Enterprise (Since 2007)
Bali Arcade Shopping Center
4th Floor, Shop no 03(infront of chawkbazar Post Office
Sirajuddula Road, Chawkbazar, Chattogram Show more"
Samsung Galaxy S24 Ultra 256 GB Silver,83000,Used,"Chattogram, Agrabad",09/05,https://bikroy.com/agrabad/mobile-phones/samsung-galaxy-s24-ultra-256-gb-silver-kh0pyyOSp9vMh32h4kTV7h0k.html,3,2026-09-23T09:22:50.714504+00:00,individual,"• Full fresh - not a single scratch
• Full box available (IMEI & Serial. matched)
• 12GB RAM / 256GB Storage
• Official phone
• First owner (personal use)
• Price fixed
• With original 45W adapter + cable
Serious buyers only inbox me."
Samsung Galaxy S24 Ultra 256 GB Silver,79000,Used,"Chattogram, Kotwali, Chattogram",20/07,https://bikroy.com/kotwali/mobile-phones/samsung-galaxy-s24-ultra-256-gb-silver-aQUrdG3t6ifUqQH27YqbQyQq.html,3,2026-09-23T09:22:51.218037+00:00,individual,No issues. Everything is original. The mobile has a screen protector and a lens protector applied. The memo will be provided with the mobile. You must come to the location to pick up the mobile.
Samsung Galaxy S24 Ultra 256 GB,79999,Used,"Chattogram, Muradpur",4 hours ago,https://bikroy.com/muradpur/mobile-phones/samsung-galaxy-s24-ultra-256-gb-ARLo6IJ0uVoJnUMQDwWnr42H.html,4,2026-09-23T09:22:51.869617+00:00,individual,"Samsung Galaxy S24 Ultra
12GB RAM / 256GB
Full Box
TDRA Dual SIM
Snapdragon 8 Gen 3
200MP Quad Camera with OIS & 100X Space Zoom
12MP Selfie Camera
Battery: 5000mAh
Benefits:
15-day replacement guarantee
Device – Shop No: 319, 3rd Floor
CPDL RB Midtown Market, Muradpur, Chattogram"
New Samsung Galaxy s26 256 GB,114999,Brand New,"Chattogram, CDA Avenue",6 hours ago,https://bikroy.com/cda-avenue/mobile-phones/new-samsung-galaxy-s26-256-gb-mkbvfDnmZI7W37nvy1yxJadN.html,4,2026-09-23T09:22:52.614495+00:00,individual,"Display: 6.9"" QHD+ Dynamic LTPO AMOLED 2X, 120Hz, HDR10+, 2600 nits (peak)
Processor: Snapdragon 8 Elite Gen 5, 
Camera: 200MP Wide, 50MP Ultrawide, 10MP 3x, 50MP 5x Telephoto, 12MP Selfie, 8K video recording
Battery: Li-Ion 5000 mAh battery,
Enjoy EMI facilities up to 36 months through credit cards from over 20 banks. (*Conditions apply*)"
Samsung Galaxy Z Fold4 256 GB,28500,Used,"Chattogram, Alankar",4 hours ago,https://bikroy.com/alankar/mobile-phones/samsung-galaxy-z-fold4-256-gb-3GQeEPGfsD84SO082gPEbW3U.html,4,2026-09-23T09:22:53.324789+00:00,individual,সামনের ডিসপ্লে তে ২টা লাইন আছে
New Samsung Galaxy S21 5G 128 GB Black,70000,Brand New,"Chattogram, Nasirabad",05/09,https://bikroy.com/nasirabad/mobile-phones/new-samsung-galaxy-s21-5g-128-gb-black-5Qt5ue2Pt56HOlEqR5jpmJwj.html,5,2026-09-23T09:22:54.114207+00:00,individual,New use hoi ni.box shoho ase. Deke check kore nite parbn.just colour deker jonno kula hoica
Samsung Galaxy S25 512 GB Blue,70000,Used,"Chattogram, Sitakunda",10/09,https://bikroy.com/sitakunda/mobile-phones/samsung-galaxy-s25-512-gb-blue-nB8QnLaUgmzxJ1YtfErK8Bbr.html,5,2026-09-23T09:22:54.613902+00:00,individual,"Samsung S25 12/512GB, only phone and cash memo.
Exchange only, no sale: Samsung S24 Ultra / iPhone 15 Pro / Vivo X200 Pro Global variant.
The mobile has not a single spot of issue, fully fresh with lamination, check as much as you like. The mobile was bought from abroad so the box couldn't be brought, but cash memo is available.
Don't bother with unnecessary lowball offers, inbox if you really want to buy."
Samsung Galaxy S22 Ultra 256 GB Black,32000,Used,"Chattogram, Boalkhali",28/08,https://bikroy.com/boalkhali/mobile-phones/samsung-galaxy-s22-ultra-256-gb-black-e08hXP35zh8O7znnWycY5GaL.html,5,2026-09-23T09:22:55.176245+00:00,individual,"✨ RAM: 12GB
💾 Storage: 256GB
🟢 Display: ১টি Green Line আছে
✅ Fingerprint: কাজ করে
📦 Case + Memo: আছে
🪪 ID Card: দেওয়া হবে
📱 ফোন: ব্যবহৃত / পলি করা
💰 চাওয়া দাম: ৩৫,০০০ টাকা
🤝 আলোচনা সাপেক্ষে
📍 লোকেশন: চট্টগ্রাম কালুরঘাট 
📞 যোগাযোগ 018XXXXXXXX"
Samsung Galaxy S22 Ultra 256 GB Black,35000,Used,"Chattogram, Kotwali, Chattogram",29/08,https://bikroy.com/kotwali/mobile-phones/samsung-galaxy-s22-ultra-256-gb-black-BxygghxCWWavye0Vqu1NwpQ2.html,4,2026-09-23T09:22:55.864573+00:00,individual,Full fresh 12/256 Vietnam variant
Samsung Galaxy A73 5G 128 GB Gray,25000,Used,"Chattogram, Halishahar",12/09,https://bikroy.com/halishahar/mobile-phones/samsung-galaxy-a73-5g-128-gb-gray-iLcH9OvMaqzu0icrPiQiUOZZ.html,5,2026-09-23T09:22:56.112493+00:00,individual,"Display finger print 100% ok
Super amoled display. Network-5g
RAM 8GB. 128GB. . Android version -16 ... Front camera -32
Back camera =108+12+5+5
Those who want to make Facebook videos can get it. Best camera, charge will last at least 1 day.
Dual speaker. Sound quality is very good."
Samsung Galaxy S24 Ultra 256 GB Gray,75990,Used,"Chattogram, CDA Avenue",3 hours ago,https://bikroy.com/cda-avenue/mobile-phones/samsung-galaxy-s24-ultra-256-gb-gray-BhbPjfr2kdancDStmRasDquV.html,3,2026-09-23T09:22:56.771522+00:00,individual,"S24 ultra 12/256 
Duel sim
full fresh 
14 days replacement gurranty 1year service warranty 
Decent,finlay square ,4th ,floor,406
call us 018XXXXXXXX"
New Samsung Galaxy S24 Ultra 256 GB Blue,58000,Brand New,"Chattogram, Double Mooring",08/09,https://bikroy.com/double-mooring/mobile-phones/new-samsung-galaxy-s24-ultra-256-gb-blue-ddLGQcbGQUhQXQAEiSHXFOh2.html,4,2026-09-23T09:22:59.008260+00:00,individual,"Samsung s 24 ultra with box
256 gb
All okh
Note: Display change only.
Other okh
Location: East Madarbari, Chattogram 
Location must
Contact 015XXXXXXXX"
Samsung Galaxy S23+ 256 GB Black,26000,Used,"Chattogram, Halishahar",19 hours ago,https://bikroy.com/halishahar/mobile-phones/samsung-galaxy-s23-256-gb-black-kv1x9rIFviucJN2IFUD938lU.html,5,2026-09-23T09:22:59.355417+00:00,individual,"Selling my Samsung Galaxy S23 Plus, used for 1.5 years.
Key Specifications:
* Storage/RAM: 8GB RAM / 256GB ROM
* Processor: Snapdragon 8 Gen 2 for Galaxy"
Samsung Galaxy S22 Ultra 256 GB Blue,35000,Used,"Chattogram, Bakoliya",18/09,https://bikroy.com/bakoliya/mobile-phones/samsung-galaxy-s22-ultra-256-gb-blue-B5xZnQ9RNRq3Ay9JDASsWT35.html,5,2026-09-23T09:22:59.955473+00:00,individual,"Samsung Galaxy S22 Ultra
RAM: 12 GB
ROM: 256 GB
*The phone has never been opened or repaired, completely original.
*An absolutely fresh phone, used by a lady.
*Will provide the box and charger with the phone.
Everything on the phone is working fine except for a green line issue. No other problems."
Samsung Galaxy S23 256 GB Green,38999,Used,"Chattogram, Nasirabad",01/09,https://bikroy.com/nasirabad/mobile-phones/samsung-galaxy-s23-256-gb-green-dotL5522wkaJrbB4S7qgQ5Gz.html,4,2026-09-23T09:23:00.676693+00:00,individual,"🔥 Samsung Galaxy S23 | Premium Deal 🔥

💰 Best Deal Available!

📱 Samsung Galaxy S23 — Base Variant
💾 8GB RAM | 256GB Storage
📦 With Full Box
✨ As Like New 

📞 Contact 019XXXXXXXX"
Samsung Galaxy S24 Ultra 256 GB Silver,72000,Used,"Chattogram, Hathazari",25/08,https://bikroy.com/hathazari/mobile-phones/samsung-galaxy-s24-ultra-256-gb-silver-1iBqKlZRBs6El5rUvG2p10xj.html,5,2026-09-23T09:23:01.415316+00:00,individual,"12gb 256gb without box
Dual physical sim
Call record build in
Cash memo and 2 back cover"
Samsung Galaxy S24 FE 256 GB Blue,41000,Used,"Chattogram, Agrabad",3 hours ago,https://bikroy.com/agrabad/mobile-phones/samsung-galaxy-s24-fe-256-gb-blue-b3KeII4Apy4JHQ68F0JlEU0U.html,3,2026-09-23T09:23:01.956151+00:00,individual,"Samsung S24 FE 5g
Set fully fresh conditions 
200% ok set 
Ram 8+128
With charger 
100% genuine phone... Not a single Security issue pls..."
Samsung Galaxy S24 Ultra 256 GB Black,75990,Used,"Chattogram, Chawkbazar",3 hours ago,https://bikroy.com/chawkbazar/mobile-phones/samsung-galaxy-s24-ultra-256-gb-black-5ora4ajEP6XBgOPqfVpEWN19.html,5,2026-09-23T09:23:02.862368+00:00,individual,"Samsung Galaxy S24 Ultra. Only few days used | Full fresh condition. 12GB RAM | 256GB Storage. Flagship Pro Camera. Premium Titanium Design. Super smooth performance. Price: 75,990৳"
Samsung Galaxy S24 Ultra 256 GB Bronze,80000,Used,"Dhaka, Baridhara",4 hours ago,https://bikroy.com/baridhara/mobile-phones/samsung-galaxy-s24-ultra-256-gb-bronze-3WRG6Ye7jJ13UWZ7rjIZVVVw.html,3,2026-09-23T09:23:03.363497+00:00,individual,Samsung s24 Ultra Jamuna future park
Samsung Galaxy S25 Ultra 256 GB Blue,98000,Used,"Dhaka, Baridhara",7 hours ago,https://bikroy.com/baridhara/mobile-phones/samsung-galaxy-s25-ultra-256-gb-blue-deKepkViJaBCIpBVDY6hlIFe.html,5,2026-09-23T09:23:03.758434+00:00,individual,"Samsung S25 ultra 12/256
Full box, in pristine condition."
Samsung Galaxy S25 Ultra 256 GB Silver,81999,Used,"Dhaka, Savar",3 hours ago,https://bikroy.com/savar/mobile-phones/samsung-galaxy-s25-ultra-256-gb-silver-hB8FhYYfXIlnxONWSMZtFUh2.html,3,2026-09-23T09:23:04.511800+00:00,individual,"Samsung S25 Ultra 12/256GB
✨ একদম ফ্রেশ কন্ডিশন! 💯
🔹 কোনো দাগ নেই, খোলা বা সার্ভিসিং হয়নি। পার্টস ১০০% অরিজিনাল।
🎁 সাথে চার্জার ও শপের ক্যাশ মেমো পাবেন।
🛡️ ৭ দিনের রিপ্লেসমেন্ট ও ১ বছরের সার্ভিস ওয়ারেন্টি!
🏪 Livewire Savar - NTECH BD, সেনা শপিং কমপ্লেক্স, নবীনগর, সাভার।
🚚 সারা দেশে ক্যাশ অন ডেলিভারি।
📞 বিস্তারিত জানতে কল করুন 096XXXXXXXX"
Samsung Galaxy S25 Ultra 256 GB White,88000,Used,"Dhaka, Savar",6 hours ago,https://bikroy.com/savar/mobile-phones/samsung-galaxy-s25-ultra-256-gb-white-1i0HcnNpprwDnaV89lvyrZ6u.html,4,2026-09-23T09:23:05.057921+00:00,individual,"Display:6.9′′ QHD+ Dynamic AMOLED 2X.
Resolution:3120 × 1440
Processor:Snapdragon 8 Elite for Galaxy.
RAM:12GB
Storage:256GB
Main Camera:200MP, OIS, f/1.7
Ultra-wide
50MP, f/1.9
Telephoto:50MP 5× Optical Zoom + 10MP 3× Optical Zoom
Front Camera:12MP
Video:সর্বোচ্চ 8K
Battery:5000mAh
Charging:
45W wired, wireless.
Android 15 + One UI 7
Network:5G"
Samsung Galaxy S25 Ultra 256 GB Gray,92000,Used,"Dhaka, Baridhara",7 hours ago,https://bikroy.com/baridhara/mobile-phones/samsung-galaxy-s25-ultra-256-gb-gray-BhTJYKJNxR4Nmy56kgeLHHSZ.html,5,2026-09-23T09:23:05.613516+00:00,individual,Full box and in pristine condition.
Samsung Galaxy Z Fold7 512 GB Gray,131990,Used,"Dhaka, Mohammadpur",3 hours ago,https://bikroy.com/mohammadpur/mobile-phones/samsung-galaxy-z-fold7-512-gb-gray-aYXYoFAJH3Q1iiNyjHuIhKXW.html,5,2026-09-23T09:23:06.214267+00:00,individual,"Shop Name :Ab international 
Level -06 Shop number-(657,658)
Tokyo Square,Japan garden city, Mohammadpur
Call us for any question

👉 USED ফোন কিনে নিয়ে আর কোন দুশ্চিন্তা নয় কারণ আমরা দিচ্ছি ১০০% অরিজিনাল এবং অথেন্টিক ফোন। 
👉৭ দিনের মধ্যে কোনরকম প্রবলেম হলে রিপ্লেস করে দেওয়া হবে( Expect display issues)
👉এক বছরের ফ্রি সার্ভিস ওয়ারেন্টি"
Samsung Galaxy S24 Ultra 256 GB Gray,77499,Used,"Dhaka, Bashundhara City",4 hours ago,https://bikroy.com/bashundhara-city/mobile-phones/samsung-galaxy-s24-ultra-256-gb-gray-cSCSpzfGNWgkDC7fRDrIkTFc.html,4,2026-09-23T09:23:06.820040+00:00,individual,"Samsung Galaxy S24 Ultra
12GB RAM | 256GB ROM
Titanium Gray
Fresh Condition
Full Boxed
7 Days Replacement without display, parts
 12 months Service Warranty
 Visit Our Shop
Basement-2, Shop No: 94 
Basundhara City Shopping Complex 
Panthapath Dhaka 1215 
 Escalator দিয়ে নিচে নামার পর হাতের বাম পাশেই সহজে আমাদের শপটি খুঁজে পাবেন।"
Samsung Galaxy Z Fold7 512 GB Blue,139990,Used,"Dhaka, Mohammadpur",3 hours ago,https://bikroy.com/mohammadpur/mobile-phones/samsung-galaxy-z-fold7-512-gb-blue-cNJHUf3HgcCpWHmm1xf2BQzR.html,5,2026-09-23T09:23:07.623718+00:00,individual,"Shop Name :Ab international 
Level -06 Shop number-(657,658)
Tokyo Square,Japan garden city, Mohammadpur
Call us for any question
 USED ফোন কিনে নিয়ে আর কোন দুশ্চিন্তা নয় কারণ আমরা দিচ্ছি ১০০% অরিজিনাল এবং অথেন্টিক ফোন। 
৭ দিনের মধ্যে কোনরকম প্রবলেম হলে রিপ্লেস করে দেওয়া হবে( Expect display issues)
এক বছরের ফ্রি সার্ভিস ওয়ারেন্টি"
New Samsung Galaxy Z Flip7 256 GB,97999,Brand New,"Dhaka, Bashundhara City",6 hours ago,https://bikroy.com/bashundhara-city/mobile-phones/new-samsung-galaxy-z-flip7-256-gb-fZNeUOyNH5E3Xz1NMCEwittK.html,3,2026-09-23T09:23:08.257572+00:00,individual,"10 days replacement guarantee
2 years service warranty
Safe courier facility across the country
Attractive exchange offers
Basement-1, Shop-84, Bashundhara City Shopping Mall
Prices are subject to change. Please contact us on WhatsApp before visiting."
Banglalink Super VIP SIM Sale,155000,Brand New,"Dhaka, Motijheel",3 hours ago,https://bikroy.com/motijheel/cell-phones-tablets-accessories/banglalink-super-vip-sim-sale-shuV70mFKStGpp8dmyqthk7s.html,2,2026-09-23T09:23:08.874273+00:00,individual,"✭ We can only provide you with the numbers listed in the advertisement.
✭✭ Each SIM card will be registered under your own name.
The price of the mentioned SIM card is totally fixed. Please do not send unnecessary messages or call without reason.
✭✭ Requirements for registration:
National Identity Card (NID) is required
Registration with fingerprint verification
Biometric SIM registration is mandatory; no SIM is sold without it.
No numbers outside the list are available or can be managed. Show more"
Samsung Galaxy S25 Ultra 512 GB White,102000,Used,"Dhaka, Baridhara",3 hours ago,https://bikroy.com/baridhara/mobile-phones/samsung-galaxy-s25-ultra-512-gb-white-zErySP9Rx83e90DWpP1HJZa0.html,3,2026-09-23T09:23:09.306951+00:00,individual,Samsung S25 Ultra available at Jamuna Future Park.
Samsung Galaxy S25 Ultra 256 GB Black,90000,Used,"Dhaka, Gulshan",26/08,https://bikroy.com/gulshan/mobile-phones/samsung-galaxy-s25-ultra-256-gb-black-jFwyOBWGrkiV0aPQrBGHxaJ2.html,3,2026-09-23T09:23:09.957167+00:00,individual,Only 4.5 months Used gently. Fully Fresh condition.Bought it from Sumas Tech.Box & memo available.
Samsung Galaxy S25 Ultra 256 GB Blue,90500,Used,"Dhaka, Uttara",3 hours ago,https://bikroy.com/uttara/mobile-phones/samsung-galaxy-s25-ultra-256-gb-blue-cpnMIDpc8xqnq30vZCd4pWAg.html,4,2026-09-23T09:23:10.607288+00:00,individual,"Samsung Galaxy S24 Ultra 12/256GB Titanium SilverBlue. 100% Original. 7 Days Replacement & 1 Year Service Warranty. EMI Facility is also AVAILABLE. Contact Us: Exchange Hub. Shop No: 610, 611, 628 & 629 Level-6, Tropical Alauddin Tower, Sector 3, Road 2, Rajlaxmi, Uttara. Facebook Page:"
New Samsung Galaxy S25 Ultra 256 GB Graphite,81999,Brand New,"Dhaka, Savar",3 hours ago,https://bikroy.com/savar/mobile-phones/new-samsung-galaxy-s25-ultra-256-gb-graphite-be4gTCg0MfOczWD7uRxirDFP.html,3,2026-09-23T09:23:11.065268+00:00,individual,"Samsung S25 Ultra 
✨ একদম ফ্রেশ কন্ডিশন! 💯
🔹 কোনো দাগ নেই, খোলা বা সার্ভিসিং হয়নি। পার্টস ১০০% অরিজিনাল।
🎁 সাথে চার্জার ও শপের ক্যাশ মেমো পাবেন।
🛡️ ৭ দিনের রিপ্লেসমেন্ট ও ১ বছরের সার্ভিস ওয়ারেন্টি!
🏪 Livewire Savar - NTECH BD, সেনা শপিং কমপ্লেক্স, নবীনগর, সাভার।
🚚 সারা দেশে ক্যাশ অন ডেলিভারি।
📞 বিস্তারিত জানতে কল করুন 096XXXXXXXX"
Samsung Galaxy S25 Ultra 256 GB White,91000,Used,"Dhaka, Baridhara",6 hours ago,https://bikroy.com/baridhara/mobile-phones/samsung-galaxy-s25-ultra-256-gb-white-foWlXuDs3rLYnMo1D46XSZ5n.html,5,2026-09-23T09:23:11.766098+00:00,individual,Samsung S25 ultra 12/256 without box fresh condition
Samsung Galaxy S24 Ultra 256 GB Gray,75000,Used,"Dhaka, Dhanmondi",4 hours ago,https://bikroy.com/dhanmondi/mobile-phones/samsung-galaxy-s24-ultra-256-gb-gray-4XBbA8dkiO3uUxbJvodiESnF.html,5,2026-09-23T09:23:12.376831+00:00,individual,"Samsung Galaxy S24 Ultra mobile for sale.
RAM 12 GB, Memory 256 GB.
Comes with box and charger.
Used for about a year.
It has an automatic call recording option.
Can be viewed in Lalbagh, Azimpur, or nearby locations."
Samsung Galaxy S21 Ultra 5G 256 GB Black,22599,Used,"Dhaka, Savar",29/08,https://bikroy.com/savar/mobile-phones/samsung-galaxy-s21-ultra-5g-256-gb-black-Ivz8A2HPPF8lkn4kw8nbLAt.html,4,2026-09-23T09:23:12.972875+00:00,individual,SamSung Galaxy S21 Ultra 5G ফোন টা সবকিছু ওকে আছে শুধু ডিস্প্লেতে গ্রিন লাইন আর হাল্কা ফাটা আছে তাছাড়া বাকি সবকিছু ওকে
Samsung Galaxy A54 5G 128 GB,24999,Used,"Dhaka, Mirpur",3 hours ago,https://bikroy.com/mirpur/mobile-phones/samsung-galaxy-a54-5g-128-gb-aKQvOxTnaLxRSyHTG3AHHJsX.html,4,2026-09-23T09:23:13.759685+00:00,individual,"AR Gallery BD 
Shop-76, Lift-4, Shah Ali Plaza, Mirpur-10,Dhaka-1216,
Samsung Galaxy A54 5G -Only Phone+Cash Memo.
★Ram:- 8GB ★Rom:-128GB 
★Back Camera:-64+12+5 MP 
★Front Camera:- 32MP
★Battery:-5000mAh mAh
★ Charging: 25W wired,
★Sim slot:-Dual Sim
■ 5 days replacement guarantee.
■ 1 year service warranty (Without parts)"
Samsung Galaxy S22 5G 256 GB Black,23000,Used,"Dhaka, Badda",3 hours ago,https://bikroy.com/badda/mobile-phones/samsung-galaxy-s22-5g-256-gb-black-vZxm9LCsVsKpHQSqHPVTIkrJ.html,5,2026-09-23T09:23:14.375358+00:00,individual,No kind of inner problem. All parts original. Only Greenline issue but does not cause any problem. Mobile 018XXXXXXXX
New Samsung Galaxy A57 128 GB Blue,46500,Brand New,"Dhaka, Uttara",3 hours ago,https://bikroy.com/uttara/mobile-phones/new-samsung-galaxy-a57-128-gb-blue-nkirJSyijdF8luPGnybehDF1.html,3,2026-09-23T09:23:15.059825+00:00,individual,"Brand New Galaxy A57 8/128GB Navy Blue
Physical Dual Sim 
Made by Vietnam 



🟡 100% Original & Non Refurbished Product

🟡 7 Days Replacement & 1 Year Service Warranty

🟡 EMI Facility is also AVAILABLE

Contact Us

Exchange Hub

Shop No: 610, 611, 628 & 629 Level-6, Tropical Alauddin Tower

Sector 3, Road 2, Rajlaxmi, Uttara."
Samsung Galaxy A17 5G 128 GB Black,24999,Used,"Dhaka, Gulshan",3 hours ago,https://bikroy.com/gulshan/mobile-phones/samsung-galaxy-a17-5g-128-gb-black-rIP3POAWDzZ0WcWgwa0mnEln.html,5,2026-09-23T09:23:15.726782+00:00,individual,"Samsung A17 5G official device
Official warranty is 6 months
RAM 8GB, ROM 128GB
Processor Exynos 1380
Battery 5000 mAh
Super AMOLED
10 days replacement guarantee is available
1 year service warranty is available
Location: Gulshan 2, Land View Shopping Center, shop number 24, 1st floor
Phone exchange is available
Friday market is closed
You can do EMI with a credit card"
Samsung Galaxy S23 FE 256 GB White,32999,Used,"Dhaka, Mirpur",3 hours ago,https://bikroy.com/mirpur/mobile-phones/samsung-galaxy-s23-fe-256-gb-white-6aQbH8XVEqxN0wGVdrCPyvCk.html,4,2026-09-23T09:23:16.509609+00:00,individual,"AR Gallery BD 
Shop-76, Lift-4, Shah Ali Plaza, 
Mirpur-10, Dhaka-1216 
Buy and sell new and used phones here. 
Samsung Galaxy S23FE 5G --Only Phone + Cash Memo... 
 
★Ram:- 8GB ★Rom:-256GB 
★Back Camera:- 50+8+12MP ★Front 
Camera:-10MP
★Battery:-4500mAh ★ Charging: 25W wired 
★Chipset: Exynos 2200 (4 nm) - International"
Samsung Galaxy S24 256 GB Black,44000,Used,"Dhaka, Jamuna Future Park",3 hours ago,https://bikroy.com/jamuna-future-park/mobile-phones/samsung-galaxy-s24-256-gb-black-hVFLfmVhBQiR7n8u6IUKqRS6.html,5,2026-09-23T09:23:17.173231+00:00,individual,"Samsung S24 -Best condition 
•Used (Only Device)
• 8/256 GB Storage
• Color: Black
• Absolutely fresh, no issues
• Box/Charger: None
• Price: ৳44000

We Will Provide:
7 days replacement guarantee
(without display & software update issue)
3 years free service warranty"
Samsung Galaxy S22 5G 256 GB Black,45000,Used,"Dhaka, Mirpur",02/09,https://bikroy.com/mirpur/mobile-phones/samsung-galaxy-s22-5g-256-gb-black-yLw98WA1xAgsskUrjHWdWhDH.html,3,2026-09-23T09:23:17.758114+00:00,individual,"Alhamdulillah, there are no cracks or scratches of any kind on the phone. The phone is in completely fresh condition. It comes with the phone's box and intact original cable. A 3M sticker is applied to the back of the phone. If the sticker is removed, the phone will look 100% like it was just taken out of a showroom. The battery backup is Alhamdulillah very good. The camera quality and sound quality are Alhamdulillah very good. Show more"
Samsung Galaxy S21 Ultra 5G 128 GB Silver,25000,Used,"Dhaka, Savar",2 days ago,https://bikroy.com/savar/mobile-phones/samsung-galaxy-s21-ultra-5g-128-gb-silver-uj1tyUXNHnlLuBAlW64FW6TH.html,5,2026-09-23T09:23:18.275734+00:00,individual,"Samsung Galaxy S21 Ultra 12/128
Glass Cracked, Camera condition not good front or rear, Otherwise fully fresh.
Only phone or cash memo.
Exchange Possible.
Location: Zirani Bazar, Bksp"
Samsung Galaxy S23 Ultra 256 GB Pink,53000,Used,"Dhaka, Motalib Plaza",3 hours ago,https://bikroy.com/motalib-laza/mobile-phones/samsung-galaxy-s23-ultra-256-gb-pink-dKO6G140MWmoUvuTG8yYXorF.html,5,2026-09-23T09:23:19.064097+00:00,individual,"মোবাইলের বিস্তারিত:
Brand & Model: Samsung S23 Ultra
RAM: 12GB
ROM: 256GB
Condition:Used
Warranty: ৭দিনের গ্যারান্টি ও ২বছরের সার্ভিস ওয়ারেন্টি পাবেন।

✔️ ফোন দেখে ও চেক করে কেনার সুযোগ
✔️ ফোনের কন্ডিশন সম্পর্কে পরিষ্কার তথ্য
✔️ সাশ্রয়ী দামে ভালো ফোন

🏪 Gadget Store
📍 Motalib Plaza, Shop No: 600G, Sonargaon Road, Hatirpool, Dhaka"
New Samsung Galaxy A56 128 GB Gray,44000,Brand New,"Dhaka, Uttara",3 hours ago,https://bikroy.com/uttara/mobile-phones/new-samsung-galaxy-a56-128-gb-gray-ilMiglVoQqrRbnTPCfAEAp9Q.html,3,2026-09-23T09:23:19.726219+00:00,individual,"Grab the brand new Galaxy A56 5G in Gray with 8/128GB capacity!
100% original and non-refurbished product.
Enjoy a 7-day replacement guarantee and a 1-year service warranty.
Easy EMI facilities are also available.
Contact us today!
Exchange Hub
Shop No: 610, 611, 628 & 629, Level-6, Tropical Alauddin Tower
Sector 3, Road 2, Rajlaxmi, Uttara.
Call for details 017XXXXXXXX"
Samsung Galaxy S23 128 GB Black,34999,Used,"Dhaka, Jatrabari",6 hours ago,https://bikroy.com/jatrabari/mobile-phones/samsung-galaxy-s23-128-gb-black-m6xxgBZvNkUMP7t9CXVYfgTz.html,3,2026-09-23T09:23:20.325004+00:00,individual,"Samsung Galaxy S23 5G
... 
 Ram - 8 GB
 Rom - 128 GB
 Dynamic Amoled 2X Display
 Ultra Sonic Finger
 Snapdragon 8 Gen 2
 Only Device & Cash Memo
Get from us 
 7 Days Replacement Guarantee 
 1 Year Service Warranty 
Contact 
- Shop Name : All in One 
- Idris Super Market, Shahid Faruque Road, Jatrabari
- Shop No 61"
Samsung Galaxy A55 256 GB Blue,28999,Used,"Dhaka, Jatrabari",7 hours ago,https://bikroy.com/jatrabari/mobile-phones/samsung-galaxy-a55-256-gb-blue-7Dw4Eoo9NCCILFLHP4oot21w.html,3,2026-09-23T09:23:21.270943+00:00,individual,"Samsung Galaxy A55
... 
 Ram - 12 GB
 Rom - 256 GB
 Super Amoled 120Hz Display
 Device & Charger 
... 
আমাদের থেকে পাবেন 
  ৭ দিনের রিপ্লেসমেন্ট গ্যারান্টি 
  ১ বছরের সার্ভিস ওয়ারেন্টি 
 যোগাযোগ 
 - Shop Name : All in One 
 - ইদ্রিস সুপার মার্কেট, শহীদ ফারুক রোড, যাত্রাবাড়ী
 - দোকান নং ৬১
 I"
Samsung Galaxy S10 Plus 128 GB Green,25000,Used,"Dhaka, Uttara",29/08,https://bikroy.com/uttara/mobile-phones/samsung-galaxy-s10-plus-128-gb-green-wcGu1bukCwlqakORfEk9qgcg.html,5,2026-09-23T09:23:22.121966+00:00,individual,"Brought with me from abroad, no fault in the phone. Never worked on, fully intact. 
Need upgrade so selling this unit. 
No box available, just a complete phone and charger will be given. 
Location: Uttara , sector 5."
Samsung Galaxy A54 128 GB Silver,32000,Used,"Dhaka, Savar",17/09,https://bikroy.com/savar/mobile-phones/samsung-galaxy-a54-128-gb-silver-wVi7EFsrjdnZZ6mgypnEmYwf.html,5,2026-09-23T09:23:22.461299+00:00,individual,"Samsung Galaxy A54 5G — Korean Variant 
 Condition: Like New — Completely fresh
 Korean Variant
 Phone's condition is absolutely wonderful
 No problem
 Display & Camera are completely good
 Smooth performance
 
 Price: 32000 Taka
 Location: Savar, Dhaka
 Inbox if interested to buy.
 Serious Buyer Only."
Samsung Galaxy A35 128 GB Black,28000,Used,"Dhaka, Savar",6 hours ago,https://bikroy.com/savar/mobile-phones/samsung-galaxy-a35-128-gb-black-rD3Pvm6Lz0BRHjXqVsDAFU2P.html,4,2026-09-23T09:23:23.159463+00:00,individual,"📌 স্পেসিফিকেশন:

Model:Galaxy A35
RAM:8 GB
ROM:128 GB
Battery:5000

Guarantee/Warranty: 7days replacement guarantee And 1year service warranty.


🔄 **Used Phone Buy | Sell | Exchange**
পুরাতন মোবাইল বিক্রি বা এক্সচেঞ্জ করার সুবিধা রয়েছে।

🏪 MODINA MOBILE ZONE

📍 Shop # E-180 (Level-5), Sena Shopping Complex, Nabinagar, Savar, Dhaka."
Samsung Galaxy A17 5G 128 GB Black,24500,Used,"Dhaka, Khilkhet",3 hours ago,https://bikroy.com/khilkhet/mobile-phones/samsung-galaxy-a17-5g-128-gb-black-rIwNid5L9Z1jIas3MFyXAtPn.html,4,2026-09-23T09:23:23.674637+00:00,individual,"Samsung Galaxy A17 5G full box just 15 days used 
 
' Mobile Door BD' 
Shop No: 49, 3rd Floor (Lift-3)
Rajuk Trade Center Shopping Mall
Nikunja-2, Khilkhet, Dhaka-1229"
Samsung Galaxy Z Flip 5 256 GB Green,36990,Used,"Dhaka, Mohammadpur",3 hours ago,https://bikroy.com/mohammadpur/mobile-phones/samsung-galaxy-z-flip-5-256-gb-green-gifJzKKlHXJwZJPBgu1pQJfh.html,5,2026-09-23T09:23:24.260967+00:00,individual,"Shop Name :Ab international 
Level -06 Shop number-(657,658)
Tokyo Square,Japan garden city, Mohammadpur
Call us for any question

Buy a used phone with complete peace of mind because we offer 100% original and authentic phones.
If any problem occurs within 7 days, it will be replaced (Except display issues).
One year of free service warranty."
S23 Ultra Original Display (Pulled from Phone),25000,Used,"Dhaka, Khilgaon",3 hours ago,https://bikroy.com/khilgaon/cell-phones-tablets-accessories/s23-ultra-original-display-phone-khola-mmsSx7DXreI10SHyOQb2XvOx.html,5,2026-09-23T09:23:24.775359+00:00,individual,"Original Dynamic AMOLED 2X display pulled from a Samsung Galaxy S23 Ultra. Comes with a one-month replacement warranty. This is the display without the frame; waterproof and dustproof stickers are included. Address: Roza Telecom, Shop 225, 2nd Floor, Khilgaon Taltala City Corporation Market, Dhaka. You can visit the shop for professional fitting. Customers outside Dhaka can order via courier with cash on delivery. For a video of the display, message the model number on WhatsApp. The video link is provided above. Show more"
Samsung Galaxy S23 128 GB Black,35000,Used,"Dhaka, Mirpur",4 hours ago,https://bikroy.com/mirpur/mobile-phones/samsung-galaxy-s23-128-gb-black-2HQX37jr76TvWaxjfGwZdB3u.html,5,2026-09-23T09:23:25.523204+00:00,individual,Looks brand new... battery 87%
Apple iPhone 17 Pro Singapore (Used),138000,Used,Rajshahi,3 hours ago,https://bikroy.com/rajshahi/mobile-phones/apple-iphone-17-pro-singapore-used-gjdXKaTsZXJhreicuen5bawd.html,0,2026-09-23T09:23:26.169816+00:00,individual,"iPhone 17 Pro 🔥 256 GB, 100% Battery Health. Singapore physical SIM version. Super condition. 7 days replacement guarantee. 1-year service warranty. #ExchangePossible. Our Address: Smart Choice, Shop No. 211, City Center, Beside Rajshahi College, Sonadighi Mor, Rajshahi. Call for details."
Apple iPhone 17 Pro 256 GB Orange,129999,Used,"Rajshahi, Rajpara",16/09,https://bikroy.com/rajpara/mobile-phones/apple-iphone-17-pro-256-gb-orange-B4wngvpSbvVctqCB3TrqiKXU.html,4,2026-09-23T09:23:26.958277+00:00,individual,"iPhone 17 Pro
  256GB
  1 Physical SIM + 1 eSIM

Absolutely fresh, completely like new.

Do not message or call unnecessarily.
If you are willing to buy, please call directly.

Thank you."
New Apple iPhone 17 Pro Max 256 GB Orange,140000,Brand New,"Rajshahi, Shaheb Bazar",3 hours ago,https://bikroy.com/shaheb-bazar/mobile-phones/new-apple-iphone-17-pro-max-256-gb-orange-mSZEt9xQ9Fqah5375S8SIsmj.html,5,2026-09-23T09:23:28.065901+00:00,individual,"Iphone 17 pro max
256 100
Cc 110
Super condition 
7 days replacement guarantee  
1 year service waranty  
#exchange possible 
Our Address :
Smart Choice , Shop No. 211 , 
City center , Beside of Rajshahi College , Sonadigir mor Rajshahi
Call for any details:"
Apple iPhone 17 Pro 256 GB Blue,125000,Used,"Rajshahi, Boalia",1 day ago,https://bikroy.com/boalia/mobile-phones/apple-iphone-17-pro-256-gb-blue-BLsPPf273nNEpQSn4scROYEN.html,5,2026-09-23T09:23:28.256407+00:00,individual,"IPhone 17 Pro 256GB — USA Variant
• Dual eSIM
• Battery Health: 95%
• Cycle Count: 266
• No Repair
• Apple Official Warranty: Few weeks remaining
• Comes with Official Torras Air Case
• Full fresh condition
Courier available all over Bangladesh Standard delivery charge applicable
Contact :"
Apple iPhone 16 Pro Max 256 GB White,128550,Used,"Rajshahi, Boalia",09/05,https://bikroy.com/boalia/mobile-phones/apple-iphone-16-pro-max-256-gb-white-5PLV8YML3K5B5UUDTl06edpI.html,2,2026-09-23T09:23:28.869375+00:00,individual,"As like New and fresh condition. 92% BH. Physical dual sim with full box. White titanium. Hong Kong variant. Selling reason: Purchase 17 Pro Max. No exchange, only cash."
Apple iPhone 17 Pro Max 256 GB Orange,140000,Used,"Rajshahi, Shaheb Bazar",4 hours ago,https://bikroy.com/shaheb-bazar/mobile-phones/apple-iphone-17-pro-max-256-gb-orange-6xyIFcf1PbAIJoUmIsUnFsJq.html,2,2026-09-23T09:23:29.466212+00:00,individual,"IPhone 17 Pro Max
256 GB 100% Battery Health
Japan
Super condition
Enjoy 7 days replacement guarantee
Enjoy 1 year service warranty
#exchange possible
Our Address:
Smart Choice, Shop No. 211,
City Center, Beside of Rajshahi College, Sonadigir Mor, Rajshahi
Call for any details"
Apple iPhone 16 Pro Max 256 GB Gold,120000,Used,"Rajshahi, Shiroil",2 days ago,https://bikroy.com/shiroil/mobile-phones/apple-iphone-16-pro-max-256-gb-gold-wKmCSu3QkS1vWvHM4U5jVx5S.html,5,2026-09-23T09:23:30.104166+00:00,individual,"iPhone 16 Pro Max
256 USA Variant
Battery Health 99%
Charge Cycle 220"
Apple iPhone 17 Pro Max 512 GB Blue,165000,Used,"Rajshahi, Shaheb Bazar",3 hours ago,https://bikroy.com/shaheb-bazar/mobile-phones/apple-iphone-17-pro-max-512-gb-blue-csV8slMWeD0XUh2vOu3pydkj.html,2,2026-09-23T09:23:30.808736+00:00,individual,"iPhone 17 Pro Max, 512 GB, 100% battery health, cycle count 105. Super condition. Comes with a 7-day replacement guarantee and 1-year service warranty. Exchange possible. Our Address: Smart Choice, Shop No. 211, City Center, Beside Rajshahi College, Sonadighi Mor, Rajshahi. Call for details."
Apple iPhone 17 Pro Max 256 GB Blue,152000,Used,"Rajshahi, Shaheb Bazar",4 hours ago,https://bikroy.com/shaheb-bazar/mobile-phones/apple-iphone-17-pro-max-256-gb-blue-11qaF5s38zvfsBJt5Pcb14B3.html,4,2026-09-23T09:23:31.305349+00:00,individual,"iPhone 17 Pro Max, 256 GB, 100% Battery Health, Cycle Count 105, USA origin. Super condition. 7 days replacement guarantee, 1 year service warranty. Exchange possible. Our Address: Smart Choice, Shop No. 211, City Center, Beside Rajshahi College, Sonadighi Mor, Rajshahi. Call for any details"
Apple iPhone 16 Pro Max 512 GB Gold,122000,Used,Rajshahi,03/08,https://bikroy.com/rajshahi/mobile-phones/apple-iphone-16-pro-max-512-gb-gold-xB8vI3tSB2mrLjPvibePbVad.html,5,2026-09-23T09:23:32.122421+00:00,individual,"Full Fresh (fixed price)
Check as much as you want 
BTH 92%
Storage 512
3 covers will come with the phone 
Phone will come with box, NID will be given 
USA variant
iOS version 26.05.02"
Apple iPhone 16 Pro Max 256 GB,120000,Used,"Rajshahi, Vodra",2 days ago,https://bikroy.com/vodra/mobile-phones/apple-iphone-16-pro-max-256-gb-fpGPKBDXORDcX17deMaPpZsW.html,5,2026-09-23T09:23:32.419967+00:00,individual,"iPhone 16 Pro Max Singapore variant
Purchased from Singapore Apple Store
Box, original cable, cash memo everything available
100% fresh unit. One-hand used
Battery health 88%
Storage: 256GB
Selling Reason: Upgrading to the iPhone 17 Pro Max
You're welcome to check the device thoroughly before purchasing. Serious buyers are welcome to contact me."
New Apple iPhone 16 Pro Max 256 GB White,120000,Brand New,"Rajshahi, Shaheb Bazar",3 hours ago,https://bikroy.com/shaheb-bazar/mobile-phones/new-apple-iphone-16-pro-max-256-gb-white-zi5XoCbFn23gTyfK7KKqstGV.html,3,2026-09-23T09:23:33.117670+00:00,individual,"iPhone 16 Pro Max

256 GB, 100% Battery Health

Physical SIM

Experience Super Condition 🔥🔥

Enjoy a 7-day replacement guarantee ✅ 
Get a 1-year service warranty ✅ 

#Exchange possible ✅

Our Address:
Smart Choice, Shop No. 211,
City Center, Beside Rajshahi College, Sonadighi Mor, Rajshahi"
Apple iPhone 16 Pro Max 256 GB Black,123000,Used,"Rajshahi, Shaheb Bazar",3 hours ago,https://bikroy.com/shaheb-bazar/mobile-phones/apple-iphone-16-pro-max-256-gb-black-5EdAlqubHMlvpkXPmYzjkxCr.html,2,2026-09-23T09:23:33.958498+00:00,individual,"iPhone 16 Pro Max
256 GB, 99% Battery Health
Australia variant
Super condition
7 days replacement guarantee
1 year service warranty
#exchange possible
Our Address:
Smart Choice, Shop No. 211,
City Center, Beside Rajshahi College, Sonadighi Mor, Rajshahi
Call for any details:"
Apple iPhone 17 Pro Max 256 GB Silver,145000,Used,"Rajshahi, Shaheb Bazar",3 hours ago,https://bikroy.com/shaheb-bazar/mobile-phones/apple-iphone-17-pro-max-256-gb-silver-hLhg4H3itM9ABXK04yoqmsQi.html,3,2026-09-23T09:23:34.172636+00:00,individual,"iPhone 17 Pro Max
256 GB, 100% Battery Health
Super condition
7 days replacement guarantee
1 year service warranty
#exchange possible
Our Address:
Smart Choice, Shop No. 211,
City Center, Beside Rajshahi College, Sonadighi Mor, Rajshahi
Call for any details:"
Apple iPhone 16 Pro Max 256 GB Bronze,115000,Used,"Rajshahi, Shaheb Bazar",3 hours ago,https://bikroy.com/shaheb-bazar/mobile-phones/apple-iphone-16-pro-max-256-gb-bronze-dkozXQRyhyMTwlV9REij7Sfr.html,3,2026-09-23T09:23:34.824949+00:00,individual,"iPhone 16 Pro Max, 256 GB, 91% battery health, USA version, super condition, 7 days replacement guarantee, 1 year service warranty. Exchange possible. Our Address: Smart Choice, Shop No. 211, City Center, Beside Rajshahi College, Sonadighi Mor, Rajshahi. Call for details."
Apple iPhone 15 Plus 128 GB Black,65000,Used,"Rajshahi, Shaheb Bazar",3 hours ago,https://bikroy.com/shaheb-bazar/mobile-phones/apple-iphone-15-plus-128-gb-black-39lMK4kbQi46v2oAe9V2gR8W.html,3,2026-09-23T09:23:35.316944+00:00,individual,"iPhone 15 Plus
128GB / 89% Battery Health
Physical SIM
Super condition
7 days replacement guarantee
1 year service warranty
#exchange possible
Our Address:
Smart Choice, Shop No. 211,
City Center, Beside Rajshahi College, Sonadighi Mor, Rajshahi
Call for any details:"
New Apple iPhone 15 128 GB Pink,60000,Brand New,"Rajshahi, Shaheb Bazar",3 hours ago,https://bikroy.com/shaheb-bazar/mobile-phones/new-apple-iphone-15-128-gb-pink-53q78tUVolUACOZSUSrcaQgu.html,2,2026-09-23T09:23:35.695680+00:00,individual,"iPhone 15
128 GB, 85-100% Battery Health
Physical SIM
Super condition
Enjoy a 7-day replacement guarantee
1-year service warranty
#Exchange possible
Our Address:
Smart Choice, Shop No. 211,
City Center, Beside Rajshahi College, Sonadighi Mor, Rajshahi
Call for any details:"
Apple iPhone 16 Pro 128 GB Rose Gold,93000,Used,"Rajshahi, Shaheb Bazar",3 hours ago,https://bikroy.com/shaheb-bazar/mobile-phones/apple-iphone-16-pro-128-gb-rose-gold-axUnNwSc7ZwYZ7ffrUbtkoV1.html,3,2026-09-23T09:23:36.457608+00:00,individual,"iPhone 16 Pro
128GB, 91% Battery Health
Physical SIM
Super condition
Enjoy a 7-day replacement guarantee
1-year service warranty
#exchange possible
Our Address:
Smart Choice, Shop No. 211,
City Center, Beside Rajshahi College, Sonadighi Mor, Rajshahi
Call for any details:"
Apple iPhone 16 Pro 128 GB Black,96000,Used,"Rajshahi, Vodra",03/09,https://bikroy.com/vodra/mobile-phones/apple-iphone-16-pro-128-gb-black-3b3NuosHypPbXj9wBR5qruZK.html,4,2026-09-23T09:23:37.000847+00:00,individual,"Bh-90
Cycle -355
Full fresh condition 
Number 013XXXXXXXX"
Apple iPhone 14 Pro Max 256 GB Purple,75000,Used,"Rajshahi, Boalia",15 hours ago,https://bikroy.com/boalia/mobile-phones/apple-iphone-14-pro-max-256-gb-purple-mHbtfoZzLacztyibugAPpveH.html,3,2026-09-23T09:23:37.668744+00:00,individual,"Phone is completely fresh with no issues.
1. Model: iPhone 14 Pro Max
2. Storage: 256GB
3. Battery Health: 83%
4. Color: Purple
5. Box Included: Yes
6. Variant: Singapore
7. SIM Support: 1 eSIM / 1 Physical SIM
8. Usage Duration: 9 months
9. Parts Replaced: No
10. Mobile Issues: No"
Apple iPhone 14 Pro Max 256 GB White,85500,Used,"Rajshahi, Nawdapara",03/09,https://bikroy.com/nawdapara/mobile-phones/apple-iphone-14-pro-max-256-gb-white-5W2Xz2ilWbrQ1cT2vKcx5Xgr.html,5,2026-09-23T09:23:38.514048+00:00,individual,"আমি প্রথম ইউজার,,,, কোন প্রকার সমস্যা নাই,,,, একদম নতুন ফোন,,,, 15 pro max নিবো তাই সেল করে দিচ্ছি,,,, ব্যাটারি হেল্থ ৯২ 🔋USA varrient,, যত ইচ্ছা চেক করে নিবেন,,,, সাথে ওরিজিনাল চার্জার ও কেবল দেওয়া হবে ❤️ যোগাযোগ নাম্বার 019XXXXXXXX"
Apple iPhone 15 Pro 256 GB Blue,90000,Used,"Rajshahi, Shaheb Bazar",4 hours ago,https://bikroy.com/shaheb-bazar/mobile-phones/apple-iphone-15-pro-256-gb-blue-wQ01JX61flblQEsEtp0vo4Wi.html,4,2026-09-23T09:23:38.824990+00:00,individual,"IPhone 15 pro 
256 gb 87 bh 
Warranty available until 2031 
Super condition 
7 days replacement guarantee  
1 year service warranty  
#exchange possible 
Our Address :
Smart Choice , Shop No. 211 , 
City center , Beside of Rajshahi College , Sonadigir mor Rajshahi
Call for any details:"
Apple iPhone 14 Pro Max 128 GB Blue,56999,Used,Rajshahi,25/08,https://bikroy.com/rajshahi/mobile-phones/apple-iphone-14-pro-max-128-gb-blue-1AeMIgzsQehaan9Gxj9CaecG.html,4,2026-09-23T09:23:39.819729+00:00,individual,"Please message first.
Condition: iPhone 14 Pro Max (128GB)
Battery: 80%
Physical + eSIM
iOS: 26.6.1
Included with it: Box and good quality charger.
Condition: Only back glass is cracked.
And there is a small dot near the front camera which is not noticeable. Pictures are provided."
Apple iPhone 14 Pro Max 256 GB Purple,66000,Used,"Rajshahi, Boalia",16 hours ago,https://bikroy.com/boalia/mobile-phones/apple-iphone-14-pro-max-256-gb-purple-qib9K0NQbFn5pvNUs4aUU8zR.html,5,2026-09-23T09:23:40.223879+00:00,individual,"IPhone 14 Pro Max — 256GB
 Variant: USA
 Storage: 256GB
 Color: Deep Purple
 Battery Health: 75%
 Display: Original display installed
 Condition: No scratches, very clean
 Lens protector: Installed
 Location: Rajshahi
 If interested, contact in inbox.
 Detailed discussion can be done if you are a serious buyer."
Apple iPhone 15 Pro Max 256 GB Blue,95000,Used,"Rajshahi, Kadirgonj",6 hours ago,https://bikroy.com/kadirgonj/mobile-phones/apple-iphone-15-pro-max-256-gb-blue-1Kw5xp9PLgIFGcmJ3VxgJj3U.html,5,2026-09-23T09:23:41.217805+00:00,individual,"আসসালামু আলাইকুম ওয়া রহমাতুল্লহি ওবারকাতুহ 
ফ্রেশ কন্ডিশন
📦 বক্স: Only Device
🧾 ক্যাশ মেমো: আছে
🔁 রিপ্লেসমেন্ট গ্যারান্টি: ৭ দিন পর্যন্ত পাবেন ( শর্তসাপেক্ষে ) 
লোকেশন: রাজশাহী কাদিরগঞ্জ চালপট্টি, লার্জ ফার্মার পাশে , স্বপ্নচূড়া প্লাজা নগর ভবনের পিছে।  
🏪 শপ নং: ১২৩ - নিচ তলা লিফটের পাশে 
🏬 শপ নাম: Rajshahi Mobile Bari 019XXXXXXXX"
Apple iPhone 14 Pro Max 256 GB Black,66500,Used,Rajshahi,04/09,https://bikroy.com/rajshahi/mobile-phones/apple-iphone-14-pro-max-256-gb-black-iGpcdozoRE1E46WZp0kca0jh.html,5,2026-09-23T09:23:41.503612+00:00,individual,"Phone sob kichu original... 2 ta psychical dual sim...
Security hisebe ja chan dewa Jabe ... Memo ache
Dam kichu ta kom rakha Jabe newar moto dam bolben aje baje dam bolben na....

Number 017XXXXXXXX"
Apple iPhone 15 Pro 256 GB White,78000,Used,"Rajshahi, Court Station",31/08,https://bikroy.com/court-station/mobile-phones/apple-iphone-15-pro-256-gb-white-cono9XcFX3RrX29miCFTwHwD.html,3,2026-09-23T09:23:42.102268+00:00,individual,￼ battery health 96% sob orjinal no bust oll ok
Apple iPhone 14 Pro Max 256 GB Purple,74000,Used,"Rajshahi, Shaheb Bazar",4 hours ago,https://bikroy.com/shaheb-bazar/mobile-phones/apple-iphone-14-pro-max-256-gb-purple-chrDhW9u7STAZkcpUOjNWLjF.html,3,2026-09-23T09:23:42.808290+00:00,individual,"iPhone 14 Pro Max, 256 GB, 81% battery health. Physical SIM. Super condition. 7 days replacement guarantee. 1 year service warranty. #exchange possible. Our Address: Smart Choice, Shop No. 211, City Center, Beside Rajshahi College, Sonadighi Mor, Rajshahi. Call for any details:"
Apple iPhone 16e 128 GB White,37500,Used,"Rajshahi, Shiroil",03/09,https://bikroy.com/shiroil/mobile-phones/apple-iphone-16e-128-gb-white-bqN4yNmywhrrz62F5G8eXnHj.html,3,2026-09-23T09:23:43.511681+00:00,individual,"iPhone 16e 128 ￼(Wi-Fi)
Full fresh like new 
Face ID & True Tone ☑️ 
Battery health 💯 
Waterproof 💦
Call mee for more details￼."
Apple iPhone 13 128 GB Black,35000,Used,Rajshahi,01/09,https://bikroy.com/rajshahi/mobile-phones/apple-iphone-13-128-gb-black-r2G9uzxuKq0DKbsgR4TrdOGQ.html,5,2026-09-23T09:23:44.046926+00:00,individual,"iPhone 13  128gb 
True ton 
Face ID ok
Sate cash memo ace
Only display change bh:77
Phone full fresh 
Nunber 019XXXXXXXX"
Apple iPhone 13 128 GB,38000,Used,Rajshahi,02/09,https://bikroy.com/rajshahi/mobile-phones/apple-iphone-13-128-gb-dfckkFeXGFzg648T5eIgcFY5.html,4,2026-09-23T09:23:44.658812+00:00,individual,ফোন ১০০% waterproof চেক করে দেখে নিতে পারবেন
Apple iPhone 13 128 GB Blue,41000,Used,"Rajshahi, Nawdapara",16/09,https://bikroy.com/nawdapara/mobile-phones/apple-iphone-13-128-gb-blue-hdM9NVBBaLLCm7jYpy4JWsy7.html,3,2026-09-23T09:23:45.409110+00:00,individual,"Apple 13
Battery 86% genuine battery
Full authentic
No parts changed
128 GB
Contact :
No parts are changed in the phone
Price can be slightly negotiated"
Apple iPhone 14 128 GB Black,47000,Used,"Rajshahi, Kadirgonj",6 hours ago,https://bikroy.com/kadirgonj/mobile-phones/apple-iphone-14-128-gb-black-chF73MJfhwcgCcpxis2zLICZ.html,5,2026-09-23T09:23:46.004634+00:00,individual,"আসসালামু আলাইকুম ওয়া রহমাতুল্লহি ওবারকাতুহ 
ফ্রেশ কন্ডিশন
 বক্স: Only Device
 ক্যাশ মেমো: আছে
 রিপ্লেসমেন্ট গ্যারান্টি: ৭ দিন পর্যন্ত পাবেন ( শর্তসাপেক্ষে ) 
লোকেশন: রাজশাহী কাদিরগঞ্জ চালপট্টি, লার্জ ফার্মার পাশে , স্বপ্নচূড়া প্লাজা নগর ভবনের পিছে। 
 শপ নং: ১২৩ - নিচ তলা লিফটের পাশে 
 শপ নাম: Rajshahi Mobile Bari 019XXXXXXXX"
Apple iPhone 11 128 GB Purple,28000,Used,"Rajshahi, Shaheb Bazar",3 hours ago,https://bikroy.com/shaheb-bazar/mobile-phones/apple-iphone-11-128-gb-purple-v5LqCD6lqgnInI19TJCJFWNE.html,3,2026-09-23T09:23:46.755128+00:00,individual,"iPhone 11
128 GB, 88% Battery Health
Super condition
7 days replacement guarantee
1 year service warranty
#exchange possible
Our Address:
Smart Choice, Shop No. 211,
City Center, Beside Rajshahi College, Sonadighi Mor, Rajshahi
Call for any details:"
Apple iPhone 15 128 GB Black,55000,Used,Rajshahi,19/09,https://bikroy.com/rajshahi/mobile-phones/apple-iphone-15-128-gb-black-a4oEq8ZmlYGLGthLMUs67m2w.html,5,2026-09-23T09:23:47.242776+00:00,individual,"Full Fresh Phone ✅
No Scratches All Ok ✅"
Apple iPhone 14 128 GB Black,45000,Used,"Rajshahi, Boalia",02/09,https://bikroy.com/boalia/mobile-phones/apple-iphone-14-128-gb-black-fltkEFXWOajdKjMwgUtDdFJt.html,3,2026-09-23T09:23:47.874956+00:00,individual,"iPhone 14
Variant - Indian
All ok 
Battery Health - 79%"
Apple iPhone 11 128 GB White,27000,Used,"Rajshahi, Rajpara",04/09,https://bikroy.com/rajpara/mobile-phones/apple-iphone-11-128-gb-white-ef8ruZk9VOFR9BSxXypBQ9k.html,4,2026-09-23T09:23:48.498507+00:00,individual,"iphone-11
Battery health: 74%
Storage:128 GB(USA Variant)

Laptop-HP Elitebook CORE i7 vpro 8th gen 8 GB RAM, 239 GB SSD"
Apple iPhone 14 Pro 256 GB Silver,50000,Used,"Rajshahi, Kadirgonj",27/08,https://bikroy.com/kadirgonj/mobile-phones/apple-iphone-14-pro-256-gb-silver-BceWAugklE1PgMpW2mB0wdxB.html,3,2026-09-23T09:23:49.471754+00:00,individual,phn desin thak ea pora glass fata gaca all ok funn orginal
Apple iPhone 14 128 GB White,46000,Used,"Rajshahi, Shaheb Bazar",4 hours ago,https://bikroy.com/shaheb-bazar/mobile-phones/apple-iphone-14-128-gb-white-3XnQatDC4PfHfWZbV0tHoBAo.html,3,2026-09-23T09:23:50.101434+00:00,individual,"iPhone 14
128 GB, 90% Battery Health
Physical SIM
Super condition
7 days replacement guarantee
1 year service warranty
#exchange possible
Our Address:
Smart Choice, Shop No. 211,
City Center, Beside Rajshahi College, Sonadighi Mor, Rajshahi
Call for any details:"
Apple iPhone 11 Pro 64 GB Silver,29000,Used,"Rajshahi, Durgapur",29/08,https://bikroy.com/durgapur-1/mobile-phones/apple-iphone-11-pro-64-gb-silver-8rKiZh7fxOfgn1fbrMkYCQgg.html,3,2026-09-23T09:23:50.650928+00:00,individual,"Model: iPhone 11 Pro
Storage: 64GB
Color: Brilliant / Silver
Battery Health: 82%
Condition: Full Fresh
Display: Original
Camera: Fully OK
Face ID: Fully OK
All Functions: 100% Working

Phone দেখতে খুবই fresh এবং কোনো major issue নেই। ছবিতে যেমন দেখছেন, বাস্তবেও একই রকম condition।


Serious buyers only."
Apple iPhone 13 128 GB Pink,40000,Used,"Rajshahi, Boalia",09/09,https://bikroy.com/boalia/mobile-phones/apple-iphone-13-128-gb-pink-ypmY3JFbIJXKLlqBsEe0zJvb.html,5,2026-09-23T09:23:51.040475+00:00,individual,"Battery health 80%
Parts genuine 
China variant 
All okay (face id, true tone)"
Apple iPhone 12 64 GB,25000,Used,"Rajshahi, Kazla",26/08,https://bikroy.com/kazla/mobile-phones/apple-iphone-12-64-gb-iMtJxZeUQmaRizBHJXpzBx81.html,5,2026-09-23T09:23:51.752521+00:00,individual,বিক্রয় করা হবে ফোনের কোন প্রবলেম নেই ডিসপ্লে চেঞ্জ করা হয়েছে সাড়ে ছয় হাজার টাকা দিয়ে ফেস আইডি টুটনসব ওকে আছে ব্যাটারির চেঞ্জ করা হয়েছে প্রায় ছয় মাস আগে ৩২০০ টাকা দিয়ে যদি নিতে চান তাহলে যোগাযোগ করুন
New Apple iPhone 17 Pro Max 256 GB Silver,165000,Brand New,"Chattogram, Khulshi",12/08,https://bikroy.com/khulshi/mobile-phones/new-apple-iphone-17-pro-max-256-gb-silver-d7FJldVIS9rugoLqUzwYwfVR.html,4,2026-09-23T09:23:52.406387+00:00,individual,"Just opened, brought from outside. With bill, no charge, just open box"
Apple iPhone 17 Pro Max 256 GB Orange,143499,Used,"Chattogram, CDA Avenue",3 hours ago,https://bikroy.com/cda-avenue/mobile-phones/apple-iphone-17-pro-max-256-gb-orange-q39DcrXGBK4ZXCVArv9XOrY5.html,3,2026-09-23T09:23:52.619894+00:00,individual,"17 pro max 256gb
Battery-100%
cycle -20
Offer price -143490
Warranty available 27 jun 27"
New Apple iPhone 17 Pro 256 GB,149999,Brand New,"Chattogram, CDA Avenue",6 hours ago,https://bikroy.com/cda-avenue/mobile-phones/new-apple-iphone-17-pro-256-gb-Bpo6vlfMkzfVEiQlgOyNmRyF.html,3,2026-09-23T09:23:53.287394+00:00,individual,"(JP varient)
Display: 6.3"" LTPO Super Retina XDR OLED, 120Hz, Dolby Vision, 3000 nits peak brightness
Camera: Triple 48MP Pro system with periscope zoom, ultrawide,
Processor: Apple A19 Pro (3nm) with 6-core GPU
Battery: 3998mAh/4252mAh
ক্রেডিট কার্ড এর মাধ্যমে ২০ টির অধিক ব্যাংকে ৩৬ মাস পর্যন্ত EMI এর সুবিধা রয়েছে। (*শর্ত প্রযোজ্য*)"
New Apple iPhone 17 256 GB,126999,Brand New,"Chattogram, CDA Avenue",6 hours ago,https://bikroy.com/cda-avenue/mobile-phones/new-apple-iphone-17-256-gb-1CYQAs10kPWrKfvofWtmAhTY.html,3,2026-09-23T09:23:53.824059+00:00,individual,"Indian Variant
Display: 6.3-inch LTPO Super Retina XDR OLED, 120Hz, HDR10,
Chipset: Apple A19 (3 nm), Hexa-core CPU, Apple 5-core GPU
Main Camera: Dual 48 MP rear dual LED flash, HDR, 4K video
Selfie Camera: 18 MP front
Battery: Li-Ion 3692 mAh
ক্রেডিট কার্ড এর মাধ্যমে ২০ টির অধিক ব্যাংকে ৩৬ মাস পর্যন্ত EMI এর সুবিধা রয়েছে। (*শর্ত প্রযোজ্য*)"
Apple iPhone 17 Pro Max P-SIM+E-SIM Brand New,172999,Brand New,"Chattogram, Agrabad",3 hours ago,https://bikroy.com/agrabad/mobile-phones/apple-iphone-17-pro-max-p-sim-e-sim-ntun-brand-new-1c1M4oyTA6EwXO5vWGDhrGjL.html,0,2026-09-23T09:23:54.455940+00:00,individual,"Stay updated with our latest product prices by liking 👍 & FOLLOWING our page. Page link - https://www.facebook.com/jojobdctg.

** iPhone 17 Pro Max, 256GB, Australian variant, 100% authentic.
Other Apple models in our store – 17 Pro Max 512GB - Australia, 17 256GB Australia, 16 128GB, 15 128GB Singapore, 14 128GB, MacBooks Singapore Air M4 16/256.

🌍 Variant: global

📦 Condition: New Intact |

✅ 100% Authentic

✅ 7-day replacement, 1-year service warranty.

----------------------------------------------------------------------

Address:

Shop- 537, Level-5 (Capsule lift 4,

Straight after exiting the lift, JoJoBD)

Akhtaruzzaman Center,

Agrabad, Chittagong. Show more"
Apple iPhone 17 Pro Max 256 GB Blue,145000,Used,"Chattogram, Agrabad",10/08,https://bikroy.com/agrabad/mobile-phones/apple-iphone-17-pro-max-256-gb-blue-snfLGfPzLndHMLxgbki9Y7DI.html,4,2026-09-23T09:23:55.212573+00:00,individual,"Fresh conditions with original box cable
Brought from Kuwait"
Apple iPhone 17 Pro Max 512 GB Orange,178000,Used,"Chattogram, Cornelhat",13/09,https://bikroy.com/cornelhat/mobile-phones/apple-iphone-17-pro-max-512-gb-orange-2AP8nVpWow23RTyIfIyjDYMc.html,5,2026-09-23T09:23:55.970415+00:00,individual,"iPhone 17 Pro Max 512
Stellar Condition. GCC Specs. 
Used as Secondary Phone.
Bought from Dubai
Like Brand New

Full Boxed
12 Gb / 512 Gb
*DUAL eSIM. No Physical Sim
Battery health 100 percent 32 Cycles.
Warranty Remaining till 14/03/2027"
Apple iPhone 16 Pro Max 512 GB Gold,125000,Used,"Chattogram, Chawkbazar",4 hours ago,https://bikroy.com/chawkbazar/mobile-phones/apple-iphone-16-pro-max-512-gb-gold-NHbPtHOtCvmrJCJKIBhOztI.html,3,2026-09-23T09:23:56.457905+00:00,individual,"iPhone 16 Pro Max, 512GB, Desert Titanium color, comes with box, Global version."
Apple iPhone 17 Pro 256 GB Purple,131990,Used,"Chattogram, CDA Avenue",3 hours ago,https://bikroy.com/cda-avenue/mobile-phones/apple-iphone-17-pro-256-gb-purple-yKqronSLFaMGrOnHTFv3QpWe.html,3,2026-09-23T09:23:57.219497+00:00,individual,"iPhone 17 Pro 256GB 🇱🇷 USA Variant 📱✨

🔋 Battery Health: 100%

✅ Cycle Count: 152

📍 First Use in MAY 2026

✨ Condition: Full Fresh

🛡️ Apple Warranty Available till May 2027

💰 Offer Price: Only ৳1,31,990/-

আজই Decent থেকে"
Apple iPhone 17 Pro Max 256 GB Orange,143000,Used,"Chattogram, Chandgaon",11/06,https://bikroy.com/chandgaon/mobile-phones/apple-iphone-17-pro-max-256-gb-orange-gd0z6KX6kuDnoVtAnfAkJAbK.html,5,2026-09-23T09:23:58.162674+00:00,individual,"iPhone 17 Pro Max with 5 months Dazzle Care, Japan variant.
Dual eSIM.
7 months used.
Battery: 100%.
All okay.
Dazzle official care warranty available for 5 months.
Mobile, original cable, and box will be provided."
New Apple iPhone 18 Pro Max 256 GB,232999,Brand New,"Chattogram, CDA Avenue",6 hours ago,https://bikroy.com/cda-avenue/mobile-phones/new-apple-iphone-18-pro-max-256-gb-q2adXq6pZ92EEiBJArQUfTw1.html,4,2026-09-23T09:23:58.515902+00:00,individual,"Display: 6.9"" LTPO Super Retina XDR OLED, 120Hz, 1320×2868,
Performance: Apple A20 Pro Hexa-core, Apple 7-core GPU, iOS 27
Camera: Rear 48MP + 48MP + 48MP, LiDAR, 4K video, OIS | Front 18MP, 4K video
Battery: 5391/5567 mAh, 50W Wired,
Enjoy EMI facilities up to 36 months through credit cards from more than 20 banks. (*Conditions apply*)"
New Apple iPhone 17 Pro Max 256 GB Orange,159999,Brand New,"Chattogram, CDA Avenue",6 hours ago,https://bikroy.com/cda-avenue/mobile-phones/new-apple-iphone-17-pro-max-256-gb-orange-sc78jNGvXnXnCoefIQoTRX1R.html,3,2026-09-23T09:23:59.155412+00:00,individual,"JP variant
Display: 6.9"" LTPO Super Retina XDR OLED, 120Hz with 3000 nits peak brightness
Camera: 48MP triple camera with periscope zoom, LiDAR scanner, and 4K Dolby Vision video
Processor: Apple A19 Pro (3nm) with 6-core GPU
Battery: Up to 5088mAh
EMI facilities are available for up to 36 months through credit cards with more than 20 banks. (*Conditions apply*)"
New Apple iPhone 17 Pro Max 256 GB White,169999,Brand New,"Chattogram, Chandgaon",15/09,https://bikroy.com/chandgaon/mobile-phones/new-apple-iphone-17-pro-max-256-gb-white-sj305H3n4ssB0OChjyzbQajx.html,4,2026-09-23T09:23:59.816888+00:00,individual,"iPhone 17 Pro Max 256GB Dual Physical SIM. Available in Cosmic Orange, Silver, and Deep Blue."
Apple iPhone 17 Pro Max 256 GB,160000,Used,"Chattogram, Nasirabad",08/09,https://bikroy.com/nasirabad/mobile-phones/apple-iphone-17-pro-max-256-gb-djlB3kGwEua9LXyiIFUwAb6X.html,4,2026-09-23T09:24:00.467361+00:00,individual,Location a eshe dekhe nite parben. For more details WhatsApp on 018XXXXXXXX
Apple iPhone 16 Plus 128 GB Blue,80000,Used,"Chattogram, Baizid",19/09,https://bikroy.com/baizid/mobile-phones/apple-iphone-16-plus-128-gb-blue-wLToTUDmwibGcFFtHHMbESUq.html,5,2026-09-23T09:24:01.004337+00:00,individual,"iPhone 16 Plus will be sold. The phone is brand new and in good condition. Interested buyers please contact in inbox. Necessary detailed information, pictures and other things will be given in message.
Price: Taka
Location: Chattogram"
Apple iPhone 15 Pro Max 256 GB Blue,90999,Used,"Chattogram, Agrabad",09/09,https://bikroy.com/agrabad/mobile-phones/apple-iphone-15-pro-max-256-gb-blue-uaR5kf3pmj5kSXp8GYiJNhy1.html,3,2026-09-23T09:24:01.757991+00:00,individual,"IPhone 15 Pro Max
Storage: 256GB
Bh-89% (J/A varient )
Almost brand-new condition, not any single problem, not any scratch or dent.
FacelD, True-Tone everything working perfectly... 
Price almost fixed, don't say any insulting price and don't insult yourselt... 
Location: Agrabad, Chittagong"
New Apple iPhone 15 Plus 256 GB Pink,79990,Brand New,"Chattogram, Baizid",3 hours ago,https://bikroy.com/baizid/mobile-phones/new-apple-iphone-15-plus-256-gb-pink-zaIvEoNR5e3voQJzpXqd1LzB.html,3,2026-09-23T09:24:02.363056+00:00,individual,"Get the iPhone 15 Plus 256GB (USA Variant) now at an offer price at Decent! 

Decent brings you the iPhone 15 Plus USA Variant — right within your reach 

 iPhone 15 Plus (USA Variant) - 
Finlay Square, Level-4, Shop-406, 2 No Gate, Nasirabad, Chattogram
Finlay South City, Level-5, Shop-525, Bahaddarhat, Chattogram"
Apple iPhone 14 Pro 1 TB Silver,72500,Used,"Chattogram, Hathazari",02/09,https://bikroy.com/hathazari/mobile-phones/apple-iphone-14-pro-1-tb-silver-43Dn4vsf7oNKHaxun7AYZwcN.html,5,2026-09-23T09:24:03.115592+00:00,individual,"Iphone 14 Pro 
1TB
Bettery 86
KH/A
Waterproof 
Only device with cash memo"
Apple iPhone 16 128 GB,72000,Used,"Chattogram, Chawkbazar",4 hours ago,https://bikroy.com/chawkbazar/mobile-phones/apple-iphone-16-128-gb-ft4utNR4mq9RhVBNcZbudBEE.html,3,2026-09-23T09:24:03.675547+00:00,individual,"iPhone 16
128GB
I have more pictures available
Teal, Ultramarine,
Battery health 90%, 95%, 100%."
Apple iPhone 16 Pro Max 256 GB Gold,99500,Used,"Chattogram, Khulshi",20/09,https://bikroy.com/khulshi/mobile-phones/apple-iphone-16-pro-max-256-gb-gold-C0srz1H0Yv9lERtupwuhraye.html,3,2026-09-23T09:24:04.302968+00:00,individual,"iPhone 16 Pro Max 256GB — SELL & EXCHANGE 
 Battery Health: 89%
 Fresh & well-maintained
 Camera & Face ID: Perfect
 No repair / No issue
 Cash Price: ৳99,500
 Exchange:
Will exchange with iPhone 17 Pro
 Will add cash if needed.
 Inbox if interested.
 Serious buyers only."
Apple iPhone 14 Pro Max 128 GB Black,67990,Used,"Chattogram, CDA Avenue",3 hours ago,https://bikroy.com/cda-avenue/mobile-phones/apple-iphone-14-pro-max-128-gb-black-moEX7VePCwU0zRId8UoBc1Fk.html,4,2026-09-23T09:24:04.719376+00:00,individual,"14 pro max usa 128gb
battray 86%
full fresh 
15 days replacement gurranty 
1 year service warranty 
DecDecent,Finlay"
Apple iPhone 15 Pro 256 GB Silver,78000,Used,"Chattogram, Bandar, Chattogram",15/09,https://bikroy.com/bandar/mobile-phones/apple-iphone-15-pro-256-gb-silver-dtd52d1VLvYGrlZkWTvGvaV1.html,5,2026-09-23T09:24:05.410243+00:00,individual,"Condition: Internally completely fresh and 100% functional. There are 3 very light marks/scratches on the body. Never opened or repaired.
Face ID True Tone All Okay
With Box
Battery health: 86% (Genuine)
Variant: AA/A"
Apple iPhone 16 128 GB Blue,70000,Used,"Chattogram, Kotwali, Chattogram",08/09,https://bikroy.com/kotwali/mobile-phones/apple-iphone-16-128-gb-blue-CsKJJ52KXROyVTjWc5UIzygh.html,3,2026-09-23T09:24:05.957628+00:00,individual,"Rom: 128Gb
Colour: Ultramarine
Health: 89
With box& cash memo"
Apple iPhone 17 256 GB Purple,91990,Used,"Chattogram, Chawkbazar",3 hours ago,https://bikroy.com/chawkbazar/mobile-phones/apple-iphone-17-256-gb-purple-tYfj4qGzNVum3C9R8Ya2ijiC.html,3,2026-09-23T09:24:06.598558+00:00,individual,"Apple iPhone 17
256GB | LL/A Variant
Battery Health 100%
Cycle Count: 6
Apple Warranty Available
First Use: January 2026
Enjoy 15-day replacement guarantee | Lifetime service -
Finlay Square, Level-4, Shop-406, 2 No Gate, Nasirabad, Chattogram"
Apple iPhone 16 Pro 128 GB Rose Gold,110000,Used,"Chattogram, Oxygen",10/09,https://bikroy.com/oxygen/mobile-phones/apple-iphone-16-pro-128-gb-rose-gold-39Kpz2geyGBN5hC0oKU43H9b.html,5,2026-09-23T09:24:07.417914+00:00,individual,"IPhone 16 Pro
With Box all
128GB Storage
US Variant
Battery Health: 92%
Mobile condition--100% fresh
Contact 013XXXXXXXX"
Apple iPhone 14 Pro Max 256 GB Blue,75000,Used,"Chattogram, Chawkbazar",19/09,https://bikroy.com/chawkbazar/mobile-phones/apple-iphone-14-pro-max-256-gb-blue-ypPp9Ei3UshSeCmnlQ36Bh7t.html,3,2026-09-23T09:24:07.913533+00:00,individual,"IPhone 14 Pro 256GB USA Variant — For Sale
iPhone 14 Pro 256GB USA variant will be sold. The phone is in very good condition and has no hardware or software issues.
 256GB Storage
 6GB RAM
 Battery Health: 78%
 Dual eSIM — No Physical SIM
 Face ID 100% OK
 True Tone 100% OK
 Camera & Display all okay
 No scratch"
Apple iPhone 14 Pro Max 256 GB Purple,65000,Used,"Chattogram, Agrabad",12/09,https://bikroy.com/agrabad/mobile-phones/apple-iphone-14-pro-max-256-gb-purple-aoR0rCa42tuFwEthfUCOw8Ao.html,5,2026-09-23T09:24:08.524467+00:00,individual,"iPhone 14 Pro Max
3uTools score 98%
Storage 256GB
Battery health 80%
All parts original
Amazing camera
1 physical SIM, 1 eSIM
Face ID, True Tone, everything works great
No issues or problems at all
Check thoroughly before taking it
Cash memo and cover will be provided"
Apple iPhone 15 Plus 128 GB Black,70000,Used,"Chattogram, Kotwali, Chattogram",01/09,https://bikroy.com/kotwali/mobile-phones/apple-iphone-15-plus-128-gb-black-hKFitFgKBQLDFJAE9xNoherZ.html,3,2026-09-23T09:24:09.174000+00:00,individual,"Selling my iPhone 15 Plus.
✨ 99% fresh condition very well maintained.

📦 Original box 
✅ Everything is working perfectly
🔋 Battery health: 87%
🎨 Color: Black
💾 Storage: 128 GB
💰 Price: 70K
📍 Location: New market, Chittagong 
📩 Serious buyers, please inbox me.
No time-wasters, please. Thank you! 🙏"
Apple iPhone 14 Pro Max 256 GB Black,52000,Used,"Chattogram, Agrabad",03/09,https://bikroy.com/agrabad/mobile-phones/apple-iphone-14-pro-max-256-gb-black-hMp1Uvau7xfjnWN8UUxqh7oJ.html,4,2026-09-23T09:24:09.954200+00:00,individual,"iPhone 14 Pro Max USA Variant - 256 GB

Dull E-Sim👉

Phone Fresh Aca
Change History
Display Change But GX Original
Camera Change But Original
Battery Change But High Capacity Lagano.

Valo Android Mobile thakla Exchange kortha parben📱"
Apple iPhone 13 128 GB White,41000,Used,"Chattogram, Chawkbazar",02/09,https://bikroy.com/chawkbazar/mobile-phones/apple-iphone-13-128-gb-white-5KQRFl6JuDSkUHDpQe21PlHy.html,4,2026-09-23T09:24:10.602346+00:00,individual,"Battery health 86%
Conditions:Fresh 
Variants: japan
Used: 1 months"
Apple iPhone 11 256 GB,24000,Used,"Chattogram, Kotwali, Chattogram",21 hours ago,https://bikroy.com/kotwali/mobile-phones/apple-iphone-11-256-gb-2zb1pLBBrsS6KOwkmzrwg6lP.html,5,2026-09-23T09:24:11.211647+00:00,individual,"iPhone 11 battery health: 77, 256GB. Cash memo is available, nothing has been changed, everything is working fine."
Apple iPhone 11 Pro Max 256 GB Silver,30000,Used,"Chattogram, Agrabad",04/09,https://bikroy.com/agrabad/mobile-phones/apple-iphone-11-pro-max-256-gb-silver-ax3QcNtt3WVkQyt72iHQBhYV.html,5,2026-09-23T09:24:11.802852+00:00,individual,"Kono issues nei phone chalay moja paben ar ha kono sommosa  nai phone a just old model 
79% bh"
Apple iPhone 13 Mini 256 GB Red,36000,Used,"Chattogram, Sholashahar",18/09,https://bikroy.com/sholashahar/mobile-phones/apple-iphone-13-mini-256-gb-red-uIPL31w2hSgrJ8mT7mv58rQm.html,5,2026-09-23T09:24:12.521247+00:00,individual,"iPhone 13 mini
Rom: 256GB
Battery Health: 81% Genuine
Face ID
True Tone
AA/A Variant...
No repair history
All everything genuine
Camera boom
Check and take as much as you like
Must come to location if buying
Location... 2nd gate
Only phone + security whatever is needed"
Apple iPhone 11 Pro 256 GB Graphite,22500,Used,"Chattogram, Nasirabad",28/08,https://bikroy.com/nasirabad/mobile-phones/apple-iphone-11-pro-256-gb-graphite-uW5WyLDjVypauopg8DAtOi3C.html,3,2026-09-23T09:24:13.003884+00:00,individual,"iPhone 11 pro for sell 
No exchange display battery changed kintu onk bhalo display battery lagano face id tru tone everything working halka patla scratch ase location must only device but security dibo"
Apple iPhone XS Max 256 GB White,24000,Used,"Chattogram, Kotwali, Chattogram",03/09,https://bikroy.com/kotwali/mobile-phones/apple-iphone-xs-max-256-gb-white-asqkocoyRDm2XnYjd69wFUL.html,5,2026-09-23T09:24:13.609153+00:00,individual,Original UK version 256GB comes with box cable and charger. Never opened before it's a challenge. Best in condition regarding it's age. No cracks or damage but some marks due it's age on metal frame only. Cash on collection only
Apple iPhone 14 128 GB White,44990,Used,"Chattogram, CDA Avenue",3 hours ago,https://bikroy.com/cda-avenue/mobile-phones/apple-iphone-14-128-gb-white-i9wkjm7v34rrOZyc7WVHe3gG.html,3,2026-09-23T09:24:14.313842+00:00,individual,"iPhone 14 — Hot Deal at Decent 

Apple iPhone 14 (Global)

128GB | 🔋 Enjoy 84% Battery Health



Capture stunning photos with a Powerful Camera for daily use

Delivery Available |

15-day replacement guarantee | Lifetime service warranty 018XXXXXXXX"
New Apple iPhone 12 Pro 256 GB Blue,43000,Brand New,"Chattogram, Alankar",07/09,https://bikroy.com/alankar/mobile-phones/new-apple-iphone-12-pro-256-gb-blue-8cEleiZtrjzhjMyeM8TYh3D5.html,5,2026-09-23T09:24:14.816539+00:00,individual,"iPhone 12 Pro 
256GB
Everything is in perfect working order
Battery Health 82%
No issues at all
Includes Box, Cash Memo, Cable, and 3 covers"
Apple iPhone 12 Pro Max 128 GB Black,26999,Used,"Chattogram, Panchlaish",30/08,https://bikroy.com/panchlaish/mobile-phones/apple-iphone-12-pro-max-128-gb-black-8cpQbiEBOdfJhUhgVQXN28nB.html,4,2026-09-23T09:24:15.505190+00:00,individual,"Baypass iphone 12promax
128GB
face id no
troton ok
battery health 73 original
Waterproof available 
Display apple genuine 100%
24k ar oupore hole Message Deban 
Real buyer ra nahole gale kaben
No exchange
what's app 018XXXXXXXX"
Apple iPhone 13 Pro 256 GB Gold,52000,Used,"Chattogram, Baizid",30/08,https://bikroy.com/baizid/mobile-phones/apple-iphone-13-pro-256-gb-gold-eTglSrjdPywk3MyKv3a6DKLy.html,5,2026-09-23T09:24:16.205191+00:00,individual,"📱 iPhone 13 Pro Gold | 256GB | USA 🇺🇸

✨ BH 89% | 99% Fresh
✨ No Dent/Scratch
✨ Water Resistance
✨ Excellent Battery Backup, MashaAllah ❤️
✨ Single Physical SIM + eSIM
✨ প্রায় ২ মাস ব্যবহার
✨ Unique Point থেকে নেওয়া + Cash Memo
✨ Security দেওয়া যাবে

💰 Asking: 52,000৳
📍 Aturar Dipu, Nur Tower 018XXXXXXXX"
Apple iPhone 12 Pro Max 128 GB Gray,42000,Used,"Chattogram, Chawkbazar",08/09,https://bikroy.com/chawkbazar/mobile-phones/apple-iphone-12-pro-max-128-gb-gray-eNAB777gAcM45kKzk4WMHYKl.html,3,2026-09-23T09:24:17.104839+00:00,individual,"Grey
128 gb
BT 82% authentic 
Cash memo ,cable Nid"
Apple iPhone 13 Pro Max 256 GB Green,52000,Used,"Chattogram, Halishahar",04/09,https://bikroy.com/halishahar/mobile-phones/apple-iphone-13-pro-max-256-gb-green-bp7o8ns6SSs5nOWIePtBEe8x.html,3,2026-09-23T09:24:17.569139+00:00,individual,Green iPhone 13 Pro Max. No box.
New Apple iPhone 11 128 GB Green,24999,Brand New,"Chattogram, Fatikchari",19 hours ago,https://bikroy.com/fatikchari/mobile-phones/new-apple-iphone-11-128-gb-green-w4gxNlG00v9Y5S5kKcgGpOrC.html,5,2026-09-23T09:24:18.216789+00:00,individual,"Bought from Kuwait brand new in 2022.
First user - single hand use kora as main device.
Full body poly kora.
Like brand new condition.
128GB Variant,
Battery health 74 still nice usable backup.
No repair history, All parts genuine.
Not a single problem except display te halka crack ache but using e akto poriman prblm hoi na.
Location Chittagong."
Apple iPhone 16 Pro 256 GB,110000,Used,"Dhaka, Mohammadpur",31/08,https://bikroy.com/mohammadpur/mobile-phones/apple-iphone-16-pro-256-gb-WIoXO5kOg1Ez1of1jaR3IpV.html,4,2026-09-23T09:24:18.821049+00:00,individual,"Single handed use and full authentic 
No repair history 
Still have 1 month warranty"
Apple iPhone 16 Pro Max 256 GB Silver,120000,Used,"Dhaka, Bashundhara City",6 hours ago,https://bikroy.com/bashundhara-city/mobile-phones/apple-iphone-16-pro-max-256-gb-silver-fvUTILQUGAT4iGzU8xTgnDyu.html,3,2026-09-23T09:24:19.522668+00:00,individual,"✅ 10 Days Replacement Guarantee
✅ 2 Years Service Warranty
🚚 Secure Courier Facility Across the Country
🔁 Attractive Exchange Offers

📍 Basement-1, Shop-84, Bashundhara City Shopping Mall

📩 Price is subject to change. Please contact via WhatsApp before coming."
Apple iPhone 17 Pro 512 GB Orange,162000,Used,"Dhaka, Baridhara",4 hours ago,https://bikroy.com/baridhara/mobile-phones/apple-iphone-17-pro-512-gb-orange-ufyEPY8ExtudxSrHg7s3LGpG.html,3,2026-09-23T09:24:20.215715+00:00,individual,"IPhone 17 pro GB 512/Bh/100%cc145
Contact 018XXXXXXXX"
Apple iPhone 16 Pro Max 256 GB Black,123000,Used,"Dhaka, Basundhara",19/09,https://bikroy.com/basundhara/mobile-phones/apple-iphone-16-pro-max-256-gb-black-cZX6DU4UtyEqxztfpV1S512i.html,5,2026-09-23T09:24:20.865758+00:00,individual,"Iphone 16 pro max 
Battery Health 90%
256GB
USA Variant 
Fresh Condition no issues
With Box and Cable"
Apple iPhone 16 Pro Max 256 GB Black,126999,Used,"Dhaka, Mohammadpur",6 hours ago,https://bikroy.com/mohammadpur/mobile-phones/apple-iphone-16-pro-max-256-gb-black-5amHPsLgV6Jme1boZKpLVzFQ.html,5,2026-09-23T09:24:21.215321+00:00,individual,"IPHONE 16 PRO MAX (JUST ACTIVATED) 

2 months replacement guarantee, 1 month battery health guarantee & 3 years service warranty  

.
.
.

Product details:

IPHONE 16 PRO MAX (BLACK)  
256GB  
Battery health 100%  
USA Variant 🇺🇸
Original Box, Device & cash memo  
 

Available at Gulshan branch"
Apple iPhone 17 Pro 256 GB Orange,130000,Used,"Dhaka, Uttara",3 hours ago,https://bikroy.com/uttara/mobile-phones/apple-iphone-17-pro-256-gb-orange-8P0i5IV54pBElcifYXcFI6sR.html,3,2026-09-23T09:24:21.913702+00:00,individual,"iPhone 17 Pro 
 Storage: 256GB
 Color: Cosmic Orange 
 Battery Health: 99%
 Variant: Global
 SIM: Physical SIM + eSIM
 Excellent Condition
 A19 Pro Chip
 6.3"" Super Retina XDR OLED | ProMotion 120Hz
 Exchange Hub
 Shop No: 610, 611, 628 & 629, Level-6
Tropical Alauddin Tower, Sector 3, Road 2
Rajlaxmi, Uttara, Dhaka"
Apple iPhone 17 Pro 256 GB Orange,135000,Used,Dhaka,01/09,https://bikroy.com/dhaka/mobile-phones/apple-iphone-17-pro-256-gb-orange-7WSkLsjwq1EG7DkKwYFkMqXw.html,5,2026-09-23T09:24:22.857517+00:00,individual,"📱 iPhone 17 Pro (256GB) – Singapore Variant | Thailand Purchased 🇹🇭
Thailand Apple Store থেকে কেনা। Battery Health 94%, Cycle Count 298। Face ID, True Tone, Cameraসহ সবকিছু 100% ঠিকভাবে কাজ করে। কোনো hidden issue বা repair history নেই। Purchase documents available।
Purchased new from thiland on December 28
Call 016XXXXXXXX"
Apple iPhone 17 Pro Max 256 GB Silver,138490,Used,"Dhaka, Savar",3 hours ago,https://bikroy.com/savar/mobile-phones/apple-iphone-17-pro-max-256-gb-silver-BJfpvB7b9Cl75Q9hnro6FvPJ.html,5,2026-09-23T09:24:23.017225+00:00,individual,"Apple iPhone 17 Pro Max
256 Storage Global
Japan variant with box
BH-98% Authentic
Replacement Guarantee: 7 days
Warranty: 1 year without parts
Condition: 99.9% fresh
EMI facility available across 29 banks
Outside Dhaka delivery possible
Cash on delivery
Location:
Savar Nobinagar
Sena Shopping Complex
5th Floor, Shop No. E54
Mobile Gallery"
Apple iPhone 16 Pro Max 256 GB Black,115000,Used,"Dhaka, Badda",05/09,https://bikroy.com/badda/mobile-phones/apple-iphone-16-pro-max-256-gb-black-pwuGYdPCC3J1hw7x0QJw1QXO.html,5,2026-09-23T09:24:23.572613+00:00,individual,"Iphone 16 pro max 256gb usa variant 100 bh cycle count 75 .warranty available March,2027 ."
Apple iPhone 16 Pro Max 256 GB Black,120000,Used,"Dhaka, Mirpur",1 day ago,https://bikroy.com/mirpur/mobile-phones/apple-iphone-16-pro-max-256-gb-black-aETzyW1dOs74PMhdQGSCrSU6.html,3,2026-09-23T09:24:24.162282+00:00,individual,100 percent battery health no cracks
Apple iPhone 16 Pro Max 256 GB Gold,113999,Used,"Dhaka, Mirpur",46 min ago,https://bikroy.com/mirpur/mobile-phones/apple-iphone-16-pro-max-256-gb-gold-lonant2NfuewiiFFFdqNgYQ5.html,4,2026-09-23T09:24:24.901309+00:00,individual,"AR Gallery BD 
Shop-76, Lift-4, Shah Ali Plaza, Mirpur-10
New and used phones are bought and sold here 
Apple iPhone 16 Pro Max -256GB-Phone+Box+Cash Memo.
■ Battery: 96% Cycle Count : 297
■ Variant : Hong Kong 
■ Face ID:Ok ■ True Tone:Ok
■ 5 days replacement guarantee
■ 1 year service warranty ( Without parts)"
Apple iPhone 17 Pro 256 GB Orange,132000,Used,"Dhaka, Mirpur",30/08,https://bikroy.com/mirpur/mobile-phones/apple-iphone-17-pro-256-gb-orange-5npdQSoVgZpn0ybjWYYqzVMa.html,5,2026-09-23T09:24:25.867262+00:00,individual,"All ok about phone
Japan variant"
Apple iPhone 16 Pro Max 256 GB Rose Gold,120000,Used,"Dhaka, Uttara",19/09,https://bikroy.com/uttara/mobile-phones/apple-iphone-16-pro-max-256-gb-rose-gold-8nppRbztyQQpLkbeScqED3Uw.html,5,2026-09-23T09:24:26.304901+00:00,individual,"Almost New... Battery Health 95%... Cash memo, box, charger, and back cover will be provided... Used as a secondary phone... Cycle count only 210..."
Apple iPhone 17 Pro Max 1 TB Blue,186000,Used,"Dhaka, Shyamoli",16 min ago,https://bikroy.com/shyamoli/mobile-phones/apple-iphone-17-pro-max-1-tb-blue-mxRsJSSu7GpUvJQWhihoKaud.html,3,2026-09-23T09:24:27.104529+00:00,individual,"Apple iPhone 17 Pro Max 1TB Blue
 1TB Storage
 100% Battery Health
Australia Version (Physical SIM + eSIM)
 Like New Condition
 Stunning Blue Color
 Best Price"
New Apple iPhone 17 Pro Max 512 GB Orange,209000,Brand New,"Dhaka, Dhanmondi",10/09,https://bikroy.com/dhanmondi/mobile-phones/new-apple-iphone-17-pro-max-512-gb-orange-3XrrfzJc2V7wsAbrCFXNsq6O.html,3,2026-09-23T09:24:27.797439+00:00,individual,"Brand new sealed box. Purchased June 20, 2026. Never opened. Factory warranty from Apple 1 year."
Apple iPhone 16 Pro Max 256 GB Silver,119000,Used,"Dhaka, Dhanmondi",6 min ago,https://bikroy.com/dhanmondi/mobile-phones/apple-iphone-16-pro-max-256-gb-silver-yZEFBaLTpC1d1CwLsoEF25ro.html,5,2026-09-23T09:24:28.458865+00:00,individual,"iPhone 16 Pro Max
256GB
Natural Titanium
With box
89% battery health
Water resistant
602 charging cycles
Singapore variant
1 physical SIM, 1 eSIM
Full fresh condition
Not a single scratch or dent
Location: Dhanmondi 15"
Apple iPhone 17 Pro Max 256 GB Blue,131999,Used,"Dhaka, Mohammadpur",7 hours ago,https://bikroy.com/mohammadpur/mobile-phones/apple-iphone-17-pro-max-256-gb-blue-yFgvWtsmVxcTgbuBJ4UFb2Qa.html,5,2026-09-23T09:24:28.865151+00:00,individual,"iphone 17pro max 256gb at. 1,31,999 bdt
.
.
.
product details:
iphone 17 pro max (deep blue)
256gb 
battery health 100%
global variant (one physical & one e-sim)
device, cable & cash memo 
apple warranty available upto 2027
have little colour fade as blue colour.
price: 1,32,000 bdt
available at gulshan branch"
Apple iPhone 13 Pro 128 GB Blue,56000,Used,"Dhaka, Lalbag",06/09,https://bikroy.com/lalbag/mobile-phones/apple-iphone-13-pro-128-gb-blue-k7nNJAMPfsq9pWt7UkRFD2Yf.html,4,2026-09-23T09:24:29.174261+00:00,individual,"মোবাইল পুরো ফ্রেস 
বেটারি ৮৯% সব কিছু আছে বক্স কেবল পিন সব আছে 
ফিজিকাল দুইটা সিম চালাতে পারবেন
৮০% থেকে ১০%পরযন্ত চার ঘন্টা ৩০ মিনিট এক টানা চালিয়ে দেখছি খুব ভালো চার্জ থাকে 
সব কিছু অর্জিনাল আছে"
Apple iPhone 16 Plus 128 GB Green,72999,Used,"Dhaka, Jatrabari",6 hours ago,https://bikroy.com/jatrabari/mobile-phones/apple-iphone-16-plus-128-gb-green-3GIw4nnJvDQwrmbmmMHZ8YDG.html,3,2026-09-23T09:24:29.706116+00:00,individual,"iPhone 16 Plus (USA)
... 
Storage - 128 GB
Battery - 88%
Full Fresh
... 
What you will get from us:
7 days replacement guarantee
1 year service warranty
Contact:
- Shop Name: All in One
- Idris Super Market, Shahid Farooq Road, Jatrabari
- Shop No. 61"
Apple iPhone 12 Pro Max 256 GB Blue,53000,Used,"Dhaka, Farmgate",6 hours ago,https://bikroy.com/farmgate/mobile-phones/apple-iphone-12-pro-max-256-gb-blue-aRsLH1NamiWlxD0frAU1gy2G.html,2,2026-09-23T09:24:30.366260+00:00,individual,"Singapore Variant
256GB
10-day replacement guarantee
2-year service warranty
Fast and secure courier service across the country
Attractive exchange offers
Emon Gadget Point
Basement-1, Shop-84
Bashundhara City Shopping Mall"
New Apple iPhone 13 Pro Max 128 GB Green,65500,Brand New,"Dhaka, Dhanmondi",3 hours ago,https://bikroy.com/dhanmondi/mobile-phones/new-apple-iphone-13-pro-max-128-gb-green-nBgS9XYEHc1xripgVIivK0Fw.html,5,2026-09-23T09:24:31.138245+00:00,individual,Phone Box cashmemo only
Apple iPhone 14 Pro Max 256 GB Purple,80000,Used,"Dhaka, Jamuna Future Park",54 min ago,https://bikroy.com/jamuna-future-park/mobile-phones/apple-iphone-14-pro-max-256-gb-purple-dNEXy2edmMe18w3Yw9aL9vEt.html,5,2026-09-23T09:24:31.849617+00:00,individual,"iPhone 14 Pro Max– Best condition 
• 256 GB Storage • 
• Color: Deep Purple
• Singapure(1 eSIM+1 physical sim)
• Battery Health: [86%]
• Absolutely fresh, no issues
• Face ID, Camera, True Tone all 100% OK 
• Box/Charger: None
• Price: ৳80000

7 days replacement guarantee
(without display & software update issue)
3 years free service warranty"
Apple iPhone 15 128 GB Pink,52999,Used,"Dhaka, Mirpur",48 min ago,https://bikroy.com/mirpur/mobile-phones/apple-iphone-15-128-gb-pink-7Y7ttOqHlk8L45rmgv8yP3bQ.html,4,2026-09-23T09:24:32.208669+00:00,individual,"AR Gallery BD 
Shop-76, Lift-4, Shah Ali Plaza, Mirpur-10, Dhaka-1216. 
We buy and sell new and used phones here. 
Apple iPhone 15 - 128GB -- Phone + Box + Original Cable + Cash Memo. 
Battery: 79% Cycle: 824 
Variant: Indian 
Face ID: Ok 
True Tone: Ok 
■ 5-day replacement guarantee. 
■ 1-year service warranty (Without parts)."
Apple iPhone 15 Pro 256 GB Black,86500,Used,"Dhaka, Khilgaon",01/09,https://bikroy.com/khilgaon/mobile-phones/apple-iphone-15-pro-256-gb-black-66yP7xT8TDgrauGM94EsNWKr.html,3,2026-09-23T09:24:32.762654+00:00,individual,"এই ফোনটা আমি খুব যত্নে ব্যবহার করেছি। এটা দিয়ে কনটেন্ট ক্রিয়েট করেছি এবং আমার বিজনেস পরিচালনা করেছি। ফোনের পারফরম্যান্স ও ব্যাটারি ব্যাকআপ দুটোই অনেক ভালো।

নরমালি কভার বা প্রটেক্টর ব্যবহার করি না, তাই হালকা কিছু স্ক্র্যাচ আছে। এছাড়া ফোনটা একদম ফ্রেশ, ইন্টারনাল বা এক্সটার্নাল কোনো সমস্যা নেই।"
Apple iPhone 14 128 GB Blue,49500,Used,"Dhaka, Mirpur",15/09,https://bikroy.com/mirpur/mobile-phones/apple-iphone-14-128-gb-blue-5CBT3EmyEBFCyg45fMmfcuXx.html,5,2026-09-23T09:24:33.297696+00:00,individual,"Completely fresh condition, no issues at all."
Apple iPhone 15 Pro 512 GB Black,82000,Used,"Dhaka, Dhanmondi",20/09,https://bikroy.com/dhanmondi/mobile-phones/apple-iphone-15-pro-512-gb-black-dKMjBpNccKo1uZImD2Dqorov.html,5,2026-09-23T09:24:33.861235+00:00,individual,"Used with great care, fresh condition. Face ID, all cameras, display, touch, speaker, button, and port are fully functional. No repair or modification has been done. Battery Health 77% - Original Apple Battery, never replaced or boosted. Comes with box and 2 cases | Dhanmondi 7A, Dhaka | | The phone can be inspected and verified, and reasonable negotiation is possible."
Apple iPhone 14 128 GB Blue,53500,Used,"Dhaka, Dhanmondi",4 hours ago,https://bikroy.com/dhanmondi/mobile-phones/apple-iphone-14-128-gb-blue-w3OlY4Xr1JNSGD90kifdGFTa.html,5,2026-09-23T09:24:34.391082+00:00,individual,"iPhone 14 
128 GB
84% BH
Without box
Price :"
Apple iPhone 15 Pro Max 256 GB Blue,92000,Used,"Dhaka, Uttara",3 hours ago,https://bikroy.com/uttara/mobile-phones/apple-iphone-15-pro-max-256-gb-blue-3nC8LTRIkcMpV8TT1JJkkCln.html,3,2026-09-23T09:24:34.928620+00:00,individual,"iPhone 15 Pro Max 
 Storage: 256GB
 Color: Blue Titanium 
 Variant: Dubai
 SIM: Physical SIM + eSIM
 Battery Health: 84%
 Condition: Pre-Owned
 6.7"" Super Retina XDR OLED | 120Hz
 Exchange Hub
 Shop No: 610, 611, 628 & 629, Level-6
Tropical Alauddin Tower, Sector 3, Road 2
Rajlaxmi, Uttara"
Apple iPhone 15 128 GB Blue,59999,Used,"Dhaka, Mirpur",55 min ago,https://bikroy.com/mirpur/mobile-phones/apple-iphone-15-128-gb-blue-r1PEMFZd0nUL4EovD1QROYh9.html,4,2026-09-23T09:24:35.302331+00:00,individual,"AR Gallery BD 
Shop-76, Lift-4, Shah Ali Plaza, Mirpur-10, Dhaka.
New and used phones are bought and sold here
Apple iPhone 15-128GB-Phone+Box+Cash Memo.
Brand New Condition
Battery: 88% Cycle Count : 589
■ Variant : Indian ■ Face ID:Ok ■ True Tone:Ok
■ 1 Year Service Warranty (Without parts) 
■ 5 Days Replacement Guarantee"
Apple iPhone 13 Pro 128 GB Blue,52500,Used,"Dhaka, Elephant Road",6 hours ago,https://bikroy.com/elephant-road/mobile-phones/apple-iphone-13-pro-128-gb-blue-tLrA62zM89NQWqGgTe50MhiP.html,3,2026-09-23T09:24:36.090745+00:00,individual,"ROM: 128GB
Condition:Used
Warranty: ১০-দিনের রিপ্লেসমেন্ট গ্যারান্টি

✔️ ফোন দেখে ও চেক করে কেনার সুযোগ
✔️ ফোনের কন্ডিশন সম্পর্কে পরিষ্কার তথ্য
✔️ সাশ্রয়ী দামে ভালো ফোন

🏪 Pocket Gadget
📍 Nahar Plaza, Shop No: 214, Sonargaon Road, Hatirpool, Dhaka"
Apple iPhone 14 128 GB,50000,Used,"Dhaka, Savar",06/09,https://bikroy.com/savar/mobile-phones/apple-iphone-14-128-gb-fMS8AiDnxjOg3JhGJqCGHptg.html,4,2026-09-23T09:24:36.646094+00:00,individual,"Mobile ta fullfresh condition ,mobile e kono scach nei dag nai valo vabe dekhe nite parben box dewa hobe mobimobile nite hole savar ashte hobe"
Apple iPhone 17 256 GB Black,90000,Used,"Dhaka, Savar",16/09,https://bikroy.com/savar/mobile-phones/apple-iphone-17-256-gb-black-l2XRoOc4zwuw3JZFAbIQXVaj.html,3,2026-09-23T09:24:37.379452+00:00,individual,"* Apple iPhone 17 
  Savar Dhaka
* Color: Black
* Storage: 256GB
* Battery Health: 99%
* Battery Cycle Count: 219
* Battery Status: Normal
* First Activated: January 2026
* iOS Version: 26.5.2
* Face ID, Camera, Display, Speakers & All Functions Working Perfectly
* No Repairs | No issues"
Apple iPhone 16 Pro Max 256 GB Black,105000,Used,"Dhaka, Jatrabari",6 hours ago,https://bikroy.com/jatrabari/mobile-phones/apple-iphone-16-pro-max-256-gb-black-7oLLlkhq7dGS7B2EZeq2nO9J.html,3,2026-09-23T09:24:38.104106+00:00,individual,"আসসালামু আলাইকুম
Wellcome to Gadget Exchange BD
 
♦️All perfect working

🔰 ক্রয়/বিক্রয় ও এক্সচেঞ্জ মানেই gadget Exchange BD

🔷100% জেনুইন প্রোডাক্ট পেতে চলে আসুন আমাদের দোকানে

📝With cash memo

✅ 7 Day's Replacement

✅ 1 Year's service warranty without Parts


Gadget Exchange BD 
দোকান নং,৬৭ (৩য় তলা)
বিক্রমপুর প্লাজা, জুরাইন রেলগেট ঢাকা-১২০৪"
Apple iPhone 16 Pro Max 256 GB Black,103000,Used,"Dhaka, Gulshan",7 hours ago,https://bikroy.com/gulshan/mobile-phones/apple-iphone-16-pro-max-256-gb-black-iLADKrkmBEBCf6TgpvcL0CsT.html,3,2026-09-23T09:24:38.663497+00:00,individual,"Shop: Bangkok Tech
Location: Police Plaza, Gulshan 1, Dhaka.

★Iphone 16 Pro Max
Better √
Camera √
Display √
Sound √"
Apple iPhone 16 Pro 128 GB Black,87990,Used,"Dhaka, Uttara",19 min ago,https://bikroy.com/uttara/mobile-phones/apple-iphone-16-pro-128-gb-black-dvzGMbirPUgKRdRerF9xFBrt.html,3,2026-09-23T09:24:39.035170+00:00,individual,"Western Mobile Fair
 # Shop No. 614/622/623/625 (Level #6) Tropical Alauddin Tower Uttara 
 Dear Honourable Coustomer 
 100% original device
 Full Factory unlock 
 EMI Available On . 31 Banks credit card. Thanks for being with us."
Apple iPhone 13 Pro 128 GB Blue,52000,Used,"Dhaka, Motalib Plaza",26 min ago,https://bikroy.com/motalib-laza/mobile-phones/apple-iphone-13-pro-128-gb-blue-Ce2UjyniiOYHuRN1Of7cxir2.html,5,2026-09-23T09:24:39.638671+00:00,individual,"Buy your favorite smartphone now with even more peace of mind!
Detailed Information:
• Model: iPhone 13 Pro
• Storage: 128 GB
• Battery Health: 88%
10 days Replacement Guarantee
3 years Service Warranty
Check and buy, use with peace of mind!
Good quality phone at the best price—grab your favorite phone.
Address:
Shop No: 510/A, Motalib Plaza, Hatirpool, Dhaka"
Apple iPhone 15 Plus 128 GB Green,68000,Used,"Dhaka, Gulshan",5 hours ago,https://bikroy.com/gulshan/mobile-phones/apple-iphone-15-plus-128-gb-green-aLVVWLgcdlWIBkGSRo5XMg5z.html,5,2026-09-23T09:24:40.267677+00:00,individual,"iPhone 15 Plus, Super Condition.
No problem, No Damage, No nothing.
Battery health 88% only.
Cycle counts: 577.
Everything is ok and perfectly working.
Enjoy all-day battery life, stunning photos, and high-speed internet. 
Original box available, cable and charger will also be given."
Apple iPhone 12 Pro 128 GB Blue,34000,Used,"Dhaka, Savar",10/09,https://bikroy.com/savar/mobile-phones/apple-iphone-12-pro-128-gb-blue-8JtslnvW50fvv5cPBzM9wWHE.html,3,2026-09-23T09:24:40.864960+00:00,individual,"My iPhone 12 Pro phone is for sale, it has been personally used and all functions work properly. The phone is in good condition.
Details:
* Model: iPhone 12 Pro
* Storage: 128GB
* Color: Pacific Blue
* Variant: US Variant
* Battery Health: 72%
* Box: None
* Charger: Available
Only interested buyers should contact. Reasonable offers will be considered."
Apple iPhone 14 128 GB Blue,43999,Used,"Dhaka, Mirpur",21 min ago,https://bikroy.com/mirpur/mobile-phones/apple-iphone-14-128-gb-blue-rwSV33Vf237BtViBRsMPplws.html,4,2026-09-23T09:24:41.323120+00:00,individual,"AR Gallery BD 
Shop-76, Lift-4, Shah Ali Plaza, Mirpur-10, Dhaka-1216
Buy and sell new and used phones here.
Apple iPhone 14 128GB - Phone + box + Cash Memo.
Super Fresh Condition
Battery: 83% Original battery
Variant: Indian
Face ID: Ok, True Tone: Ok
■ Enjoy a 5-day replacement guarantee
■ 1-year service warranty (excluding parts)"
Apple iPhone XR 256 GB White,21500,Used,"Dhaka, Jatrabari",1 day ago,https://bikroy.com/jatrabari/mobile-phones/apple-iphone-xr-256-gb-white-dkj5kxt1yr2sRlExMnHpP4yq.html,5,2026-09-23T09:24:42.163258+00:00,individual,"iPhone XR Converted to
15 Pro battery 78
256GB
Face ID
True Tone"
Apple iPhone 13 Mini 128 GB Yellow,35000,Used,"Dhaka, Bashundhara City",6 hours ago,https://bikroy.com/bashundhara-city/mobile-phones/apple-iphone-13-mini-128-gb-yellow-aw1myOfyn3P36Aodb6eHxb5h.html,3,2026-09-23T09:24:42.599787+00:00,individual,"✅ 10 Days Replacement Guarantee
✅ 2 Years Service Warranty
🚚 Safe courier service across the country
🔁 Attractive Exchange Offer

📍 Basement-1, Shop-84, Bashundhara City Shopping Mall

📩 Price is subject to change. Please contact via WhatsApp before visiting."
Apple iPhone 12 128 GB,34999,Used,"Dhaka, Basundhara",3 hours ago,https://bikroy.com/basundhara/mobile-phones/apple-iphone-12-128-gb-6jIq9lnIlNpdmjfjqlCrYmUA.html,5,2026-09-23T09:24:43.160741+00:00,individual,"iPhone 12 128GB
Battery Health 87%
Full Boxed
Clean condition, smooth performance & premium feel — still a beast for daily use!
Visit Our Shop
Basement-2, Shop No: 94
Bashundhara City Shopping Complex
Panthapath, Dhaka 1215
You can easily find our shop on the left side after going down the escalator."
Apple iPhone 13 128 GB (Used),37999,Used,"Dhaka, Jatrabari",6 hours ago,https://bikroy.com/jatrabari/mobile-phones/apple-iphone-13-128-gb-used-jS8Q38zEcXo54MAMonb1aYaQ.html,3,2026-09-23T09:24:43.698836+00:00,individual,"Iphone 13 ( Boxed) 
..........
➡️ Storage - 128 GB
➡️ True Tone - OK
➡️ Face ID - OK
➡️ BH - 79 & 75 & 67 
➡️ Physical Dual Sim ( Pink Colour) 
..................
You can exchange your current mobile with ours or sell your mobile to us 🔥🔥


➡ You will find various brands of smartwatches and other gadgets with us at very affordable prices.


➡ Also, we deliver products to any part of the country on condition.


............


What you get from us:


🧩 7 days replacement guarantee


🧩 1 year service warranty


Contact


- Shop Name : All in One


- Idris Super Market, Shahid Farooque Road, Jatrabari


- Shop No 61 Show more"
Apple iPhone 12 Pro Max 256 GB Gold,47000,Used,"Dhaka, Keraniganj",09/09,https://bikroy.com/keraniganj/mobile-phones/apple-iphone-12-pro-max-256-gb-gold-pgJ3tQXntTHkVPtA52K8t8vq.html,5,2026-09-23T09:24:44.346443+00:00,individual,"iPhone 12 Pro Max with cash memo

Storage 256gb

Golden color

Face ID True Tone okay

Battery health 100%

Everything original

Only battery change for ifix

3500 tk lagse battery backup onk bhalo

Adapter ankar

cable

any kind of security provide korbo

Price 47000

Location - keraniganj Kadamtoli"
Apple iPhone 11 64 GB Black,25500,Used,Dhaka,14/09,https://bikroy.com/dhaka/mobile-phones/apple-iphone-11-64-gb-black-kuOKd4Iq9iKf46dixJBHn3vw.html,5,2026-09-23T09:24:45.150320+00:00,individual,"✅ Model: iPhone 11
✅ Storage: 64GB
✅ Variant: USA
✅ Battery Health: 77%
✅ Face ID: 100% ঠিক আছে
✅ সবকিছু Original
✅ Charger দেওয়া হবে
❌ Box নেই

ফোনটি খুব যত্নসহকারে ব্যবহার করা হয়েছে। ফোন কখনো খোলা হয়নি, তাই যারা Original ও Unopened iPhone খুঁজছেন তাদের জন্য ভালো হবে।
💰 Price: 25,500 fixed"
Apple iPhone XS 256 GB Gold,20000,Used,"Dhaka, Gulshan",19/09,https://bikroy.com/gulshan/mobile-phones/apple-iphone-xs-256-gb-gold-mEGyF0QirEPyAzSaTrivQMsG.html,5,2026-09-23T09:24:45.561617+00:00,individual,"The phone is in very good condition, I will take iphone14pro so I am selling it, the phone only has battery changed, battery health 81. Whoever wants to take the phone please contact"
Apple iPhone 13 128 GB,45000,Used,"Dhaka, Dhanmondi",7 hours ago,https://bikroy.com/dhanmondi/mobile-phones/apple-iphone-13-128-gb-ynl2e1ETlRucL2wejkuqCjYt.html,5,2026-09-23T09:24:46.105955+00:00,individual,"Description
Welcome to ""Mobile Store""
Find us here:-
Mobile Store
Shop number -408(level 4)
Dhanmondi 32 Sukrabad bus stand
Phone number 017XXXXXXXX"
Apple iPhone 13 128 GB Green,39000,Used,"Dhaka, Savar",6 hours ago,https://bikroy.com/savar/mobile-phones/apple-iphone-13-128-gb-green-noo15NEuEP7Wv26UEjGU4yiZ.html,5,2026-09-23T09:24:46.816713+00:00,individual,"Mobile details:
Model: iPhone 13
USA Variant
Storage: 128GB
Battery Health: 81%
Warranty: Get a 7-day guarantee and a 2-year service warranty.
 Opportunity to view and check the phone before buying
 Clear information about the phone's condition
 Great phone at an affordable price
 N.S Computer & Phone Gadget
 E #40 (Level-5), Sena Shopping Complex, Nabinagar, Savar, Dhaka"
Apple iPhone XS 256 GB Gold,21499,Used,"Dhaka, Mirpur",10 min ago,https://bikroy.com/mirpur/mobile-phones/apple-iphone-xs-256-gb-gold-aZoTGlWtOLRMvNf0r9ohpO0J.html,4,2026-09-23T09:24:47.244046+00:00,individual,"AR Gallery BD 
Shop-76, Lift-4, Shah Ali Plaza, Mirpur-10, Dhaka-1216,,
We buy and sell new and used phones here.
Apple iPhone Xs 256GB-Only Phone+Cash Memo.
■ Battery: 80+%% ■ Variant : China 
■ Face ID:Ok True Tone:Ok
■ All our products are original & genuine
■ 5 days replacement guarantee 
■ 1 year service warranty (Without parts)"
Apple iPhone 12 64 GB Green,27999,Used,"Dhaka, Mirpur",20 min ago,https://bikroy.com/mirpur/mobile-phones/apple-iphone-12-64-gb-green-dtd1Oi60Cwv21ycCj3iOLpbS.html,4,2026-09-23T09:24:47.797666+00:00,individual,"AR Gallery 
Shop-76, Lift-4, Shah Ali Plaza, Mirpur-10, Dhaka-1216,,
We buy and sell new and used phones here.
Apple iPhone 12 - 64GB - Phone + Box + Cash Memo.
Battery: 85% Original 
Variant : Indian 
■ Face ID: Ok ■ True Tone: OK
■ 5 days replacement guarantee 
■ 1 year service warranty (Without parts)"
Apple iPhone 11 64 GB,29000,Used,"Dhaka, Mohammadpur",10/09,https://bikroy.com/mohammadpur/mobile-phones/apple-iphone-11-64-gb-mgzcWI2qBRDJMp5qzGU7BDRo.html,3,2026-09-23T09:24:48.555165+00:00,individual,"Battery Health 77%
with box
phone never opened"
Apple iPhone 12 64 GB Black,32000,Used,"Dhaka, Keraniganj",18/09,https://bikroy.com/keraniganj/mobile-phones/apple-iphone-12-64-gb-black-u2VE8sH4Z3FjxENIYEXz8vBD.html,4,2026-09-23T09:24:49.262731+00:00,individual,"Apple iPhone 12 64 GB Black, super fresh condition, 88% battery health, never opened, no service history, no scratches. The price is slightly negotiable. Please contact this number if interested."
Apple iPhone 12 Mini 128 GB White,25000,Used,"Dhaka, Uttara",19/09,https://bikroy.com/uttara/mobile-phones/apple-iphone-12-mini-128-gb-white-rmbgIy8s3SNt9A0tu22NzDfH.html,4,2026-09-23T09:24:49.902807+00:00,individual,"Everything is working perfectly. The phone has never been opened. Battery health is 76%, providing good backup. The backside is cracked. Only the device is available."
Apple iPhone 11 Pro 64 GB Gray,26000,Used,"Dhaka, Uttara",3 hours ago,https://bikroy.com/uttara/mobile-phones/apple-iphone-11-pro-64-gb-gray-bdQ5a2Cw7MwoyGA252ynUxAU.html,4,2026-09-23T09:24:50.550615+00:00,individual,Phone is all ok just battery changed to 98% comes with memo
Apple iPhone 11 Pro 256 GB Black,34500,Used,"Dhaka, Mohammadpur",6 hours ago,https://bikroy.com/mohammadpur/mobile-phones/apple-iphone-11-pro-256-gb-black-dNZgpdst4x0e8W2unD1TSvfw.html,2,2026-09-23T09:24:51.313103+00:00,individual,"Iphone 11 Pro 256GB 92% Battery Health, Contact number -"
Apple iPhone 13 128 GB,39000,Used,"Dhaka, Elephant Road",4 hours ago,https://bikroy.com/elephant-road/mobile-phones/apple-iphone-13-128-gb-rsBusyMhfHXhKL9J6lmPaYoT.html,3,2026-09-23T09:24:51.849868+00:00,individual,"Welcome to Trade Together.
We offer wholesale pricing even if you buy just one piece. If you are a shopkeeper, you will get a special discount.
Warranty Policy: 7-day replacement facility (excluding touch-display and physical condition).
Additionally, a three-month servicing warranty (excluding parts).
Address: Motaleb Plaza, Shop: 600/V
Call 019XXXXXXXX"
Apple iPhone 12 128 GB Purple,27999,Used,"Dhaka, Mirpur DOHS",29 min ago,https://bikroy.com/mirpur-dohs/mobile-phones/apple-iphone-12-128-gb-purple-bj9tObqAnwxvL70if2xPDxyq.html,4,2026-09-23T09:24:52.459618+00:00,individual,"AR Gallery BD 
Shop-76, Lift-4, Shah Ali Plaza, Mirpur-10, Dhaka-1216,,
এখানে নতুন এবং পুরাতন ফোন ক্রয় বিক্রয় করা হয় 
Apple iPhone 12..128GB - Only Phone+Cash Memo
■ Battery: 87% 
■ Variant : Japan 
■ Face ID:Ok ■ True Tone:Ok
■ Our all products original & genuine
■ 5 দিনর রিপ্লেসমেন্ট গ্যারান্টি 
■ 1 বছরের সার্ভিস ওয়ারেন্টি ( Without parts)"
Xiaomi Redmi Note 14 4G 256 Gigabytes Black,21500,Used,"Chattogram, Baizid",12/09,https://bikroy.com/baizid/mobile-phones/xiaomi-redmi-note-14-4g-256-gb-black-qbSU0ng6T5p6KQXKhDYtRDYh.html,5,2026-09-23T09:25:02.446627+00:00,individual,"Interested to sell Redmi note 14 official device 
Device details 
1. The phone is completely fresh 
2. Camera performance is fantastic. 
3. Battery performance is fantastic. You can easily run it for a day and play games. 
4. To buy the phone you must come to the location. 
Location :Baluchra, Bayezid, Chittagong. Price can be reduced somewhat upon negotiation."
Xiaomi Redmi Note 15 128 GB Blue,22000,Used,"Chattogram, Agrabad",03/09,https://bikroy.com/agrabad/mobile-phones/xiaomi-redmi-note-15-128-gb-blue-92YZtQ12zDYmG06uBiAth7gb.html,3,2026-09-23T09:25:02.524312+00:00,individual,"REDMI NOTE 15
6/128
2 MONTH USED"
Xiaomi Redmi Note 13 256 GB Blue,18500,Used,"Chattogram, Muradpur",4 hours ago,https://bikroy.com/muradpur/mobile-phones/xiaomi-redmi-note-13-256-gb-blue-fDYIVgLiZJqmhI1LIzRvJ0LT.html,3,2026-09-23T09:25:12.410956+00:00,individual,"Redmi note 13 5G 
8/256 
Full box 
🛡️ সুবিধা:
✔️ ১৫ দিনের রিপ্লেসমেন্ট গ্যারান্টি

📍 Device – Trusted Mobile Shop
📌 Shop No: 319, 3rd Floor (Lift 2 🛗)
🗺️ CPDL RB Midtown Market, মুরাদপুর, চট্টগ্রাম (মক্কা হোটেলের পাশে)"
Xiaomi 12 256 GB Graphite,24500,Used,"Chattogram, Halishahar",18/09,https://bikroy.com/halishahar/mobile-phones/xiaomi-12-256-gb-graphite-zTTwcV8WF2MXTFBm3S9uWxfQ.html,5,2026-09-23T09:25:13.305671+00:00,individual,Xiaomi 12 ram 8/256gb with 45 watt charger location must come.
OnePlus 9RT 5G 128 GB Black,20001,Used,"Chattogram, Sitakunda",11/05,https://bikroy.com/sitakunda/mobile-phones/oneplus-9rt-5g-128-gb-black-v9NqpLY480vrOZOvenoQP1aP.html,2,2026-09-23T09:25:17.802390+00:00,individual,Includes box and charger. No green line issue. Fresh condition.
OnePlus 11R 128 GB Black,22000,Refurbished,"Rajshahi, Court Station",21/05,https://bikroy.com/court-station/mobile-phones/oneplus-11r-128-gb-black-5d9sD3OSjaAYF2RBApuznNK4.html,2,2026-09-23T09:25:19.811393+00:00,individual,"Very good phone, inbox me if you want to buy."
New Nothing Phone 4a Pro 256 GB Black,64990,Brand New,Dhaka,6 hours ago,https://bikroy.com/dhaka/mobile-phones/new-nothing-phone-4a-pro-256-gb-black-drOqjtvNcbTwy6aIRWrsrui7.html,2,2026-09-23T09:25:21.567336+00:00,individual,"Nothing 4A PRO (12/256) Brand new inactive
Price: 64,990/- (Best Price ever)

Every smartphone includes:
10-day replacement guarantee
2-year service warranty
Our Shop Address
For Smartphone
Basement- 1, Shop- 84
Bashundhara City Shopping Mall"
Samsung Galaxy S23 Ultra 256 GB Gold,55000,Used,"Dhaka, Keraniganj",19/09,https://bikroy.com/keraniganj/mobile-phones/samsung-galaxy-s23-ultra-256-gb-gold-5Ep7goTyPH3i8z0CXA0bm479.html,5,2026-09-23T09:25:22.370582+00:00,individual,"There is no scratch or dent on the phone, all okay, nothing has been changed, you will only get the cash memo"
Xiaomi Mi 11 Ultra 256 GB White,22000,Used,"Chattogram, Chawkbazar",08/09,https://bikroy.com/chawkbazar/mobile-phones/xiaomi-mi-11-ultra-256-gb-white-nt7cOwYsp8Bh65RiaQR1wFKN.html,3,2026-09-23T09:25:23.817262+00:00,individual,Mi 11 Ultra white colour 256 gb everything ok just 1 green line is on the phone rest everything is ok 100/ exchange possible
New Xiaomi 256 GB Red,32999,Brand New,"Chattogram, Agrabad",3 hours ago,https://bikroy.com/agrabad/mobile-phones/new-xiaomi-256-gb-red-u9kWlwWHHVy4DLdThSEyAHVs.html,3,2026-09-23T09:25:24.366745+00:00,individual,"To know the price of any updated product, stay with us by giving a like & follow to our page. Our page link -
** To buy a phone on installment, call or message on WhatsApp to our given number on Bikroy.
 ____________
Address:
Shop- 537, Level - 5 (Capsule Lift's 4,
Straight out of the lift is Zojobd)
Akhtaruzzaman Center,
Agrabad, Chattogram."
Xiaomi Redmi Note 13 Pro+ 256 GB White,25000,Used,"Chattogram, Patenga",16/09,https://bikroy.com/patenga/mobile-phones/xiaomi-redmi-note-13-pro-256-gb-white-dxD9TJNoFh6PrkHouahVwCYU.html,5,2026-09-23T09:25:25.216789+00:00,individual,"You can check it out, it looks brand new. Price is slightly negotiable. My asking price is twenty-five thousand. The phone comes with its full box and charger."
New Xiaomi Redmi Note 15 128 GB Black,23500,Brand New,"Rajshahi, Uposahar",06/09,https://bikroy.com/uposahar/mobile-phones/new-xiaomi-redmi-note-15-128-gb-black-sE5eBuoe2YvTVkriTQ28Q5Go.html,4,2026-09-23T09:25:26.265456+00:00,individual,"The phone is in full fresh condition. Used for 3 months. Selling because a new phone will be bought. Official phone, mobile box, mobile charger all available."
OnePlus 13 256 GB White,64000,Used,"Dhaka, Jamuna Future Park",3 hours ago,https://bikroy.com/jamuna-future-park/mobile-phones/oneplus-13-256-gb-white-BkTZCMuWOuKcH8aMUrlfJ8Pz.html,3,2026-09-23T09:25:27.667598+00:00,individual,"OnePlus 13 Global
12GB 256GB
Full Fresh condition

 Paramount Gadget
Jamuna Future Park Shopping Mall
Level 4, Shop No: 006C"
OnePlus 12 512 GB Green,53500,Used,"Dhaka, Ramna",1 day ago,https://bikroy.com/ramna/mobile-phones/oneplus-12-512-gb-green-cCFJeTYRCxqff0CYA1bV6C4S.html,3,2026-09-23T09:25:28.269008+00:00,individual,"Battery Health - 94%
Body Full Fresh. No Scratch Dent. Never Opened.
Box + Cash Memo + Cable + 4 Unique Cover Cases
Only bottom speaker does not work. Lost the charger. No other issue.
Price Slightly Negotiable
বডি একদম ফ্রেশ । কেনার দিন থেকেই প্রটেক্টর দিয়ে ইউস করেছি। প্রাইমারি ফোন হিসেবে আইফোন ব্যবহার করি তাই বিক্রি করছি।"
OnePlus 13 256 GB Blue,65000,Used,"Dhaka, Baridhara",6 hours ago,https://bikroy.com/baridhara/mobile-phones/oneplus-13-256-gb-blue-ilF1J1zaBR0OTUegsYfij9VN.html,5,2026-09-23T09:25:28.699077+00:00,individual,"One plus 13
only device
full fresh condition"
OnePlus 9RT 5G 256 GB Black,20000,Used,"Dhaka, Badda",19/09,https://bikroy.com/badda/mobile-phones/oneplus-9rt-5g-256-gb-black-mP6ypVXK0MRnsIFXuZCmklag.html,5,2026-09-23T09:25:29.316836+00:00,individual,Full box ase  kono problem nai
Apple iPhone 14 Pro Max 256 GB Purple,67899,Used,"Dhaka, Savar",10/08,https://bikroy.com/savar/mobile-phones/apple-iphone-14-pro-max-256-gb-purple-r8c67Df9IADKHwJ6AfH7ouCO.html,5,2026-09-23T09:25:31.461209+00:00,individual,"Iphone 14 pro max 256gb with box
77% battery’s health, physical and esim. nothing changes just Backshall broken. R kono somossa nai, jodi keo kinte chan tobe call ba msg koren, jara real byar na tara plz ignore this post. price almost fixed."
Apple iPhone 14 Pro Max 512 GB Purple,75000,Used,"Dhaka, Savar",14/07,https://bikroy.com/savar/mobile-phones/apple-iphone-14-pro-max-512-gb-purple-rqawkjCrVbYD7AkXgxZ0MwTF.html,5,2026-09-23T09:25:32.061563+00:00,individual,"Phone is all okay.
Nothing has been changed.
Waterproof is available.
You can check it as much as you want.
Battery Health: 76%"
Apple iPhone 15 Pro 128 GB Silver,78500,Used,"Dhaka, Lalbag",27/07,https://bikroy.com/lalbag/mobile-phones/apple-iphone-15-pro-128-gb-silver-7SOE5eYcXm6y4Wklg74z74bN.html,5,2026-09-23T09:25:32.604229+00:00,individual,"iPhone 15 pro Box And waterproof 128gb 
Waterproof 
No Dent No scratch 
All original 
Storage: 128gb 
Battery health: 85%
Cycle count: 513
Singapore variant 
100% fresh condition 
Nothing repaired
Location: Azimpur Lalbagh Dhaka 1205
Contact 013XXXXXXXX"
New Nothing Phone 2 256 GB White,38990,Brand New,"Dhaka, Uttara",18/09,https://bikroy.com/uttara/mobile-phones/new-nothing-phone-2-256-gb-white-3cbSLfBhi67ikmBQqgB6qPm6.html,5,2026-09-23T09:25:33.361888+00:00,individual,"Nothing phone 2
 12/ 256 GB, white
Never used ( Shop Display product )"
Nothing Phone 4a 256 GB Blue,40990,Used,"Dhaka, Rampura",20 min ago,https://bikroy.com/rampura/mobile-phones/nothing-phone-4a-256-gb-blue-8bQe5s49akNvSfWPOzrjyoE1.html,3,2026-09-23T09:25:34.008380+00:00,individual,"Nothing 4a 5G 8+256GB As Like New condition 
No internal or external problem 
Only device and cash memo 
More information call 
Address: Molla Tower Shopping complex, Rampura, Dhaka. 
Opposite BTV centar 
3rd floor, shop no-406."
Nothing Phone 4a Pro 256 GB White,40000,Used,"Dhaka, Mohammadpur",19/09,https://bikroy.com/mohammadpur/mobile-phones/nothing-phone-4a-pro-256-gb-white-C5dL0D82G1XAwCsH5vHDMVpg.html,3,2026-09-23T09:25:34.850045+00:00,individual,"Only phone and ib need to be changed, everything else is okay, amazing camera."
OnePlus Nord 4 128 GB Black,26999,Used,"Dhaka, Khilgaon",3 hours ago,https://bikroy.com/khilgaon/mobile-phones/oneplus-nord-4-128-gb-black-BrNYnloEslj8zRsdkxMECiBC.html,3,2026-09-23T09:25:35.558542+00:00,individual,"Assalamu alaikum.
Greetings from ""Mobo Live Bd"". 

Black
Full Factory unlock
100% original device 
Dear Honourable Customer,
Now you can purchase with EMI of 21 banks credit card. Thanks for being with us."
OnePlus 11R 256 GB Black,25000,Used,"Dhaka, Jatrabari",7 hours ago,https://bikroy.com/jatrabari/mobile-phones/oneplus-11r-256-gb-black-pMGlc8xGVXczgUOaKOHx0GIp.html,4,2026-09-23T09:25:36.490115+00:00,individual,"Assalamu Alaikum
Welcome to Gadget Exchange BD
 
All perfect working
Buying/Selling and Exchange means Gadget Exchange BD
Come to our shop to get 100% genuine products
With cash memo
 7 Days Replacement
 1 Year service warranty without parts
 Gadget Exchange BD 
Shop No. 67 (3rd Floor)
Vikrampur Plaza, Jurain Railgate, Dhaka-1204"
Xiaomi Redmi Note 15 128 GB Silver,21999,Used,"Rajshahi, Kazla",3 hours ago,https://bikroy.com/kazla/mobile-phones/xiaomi-redmi-note-15-128-gb-silver-p4LDuLv6ADrLMWC2isaGLgPE.html,5,2026-09-23T09:25:37.657339+00:00,individual,"Friday dhamaka offer 
Our location is Banesswre Shibpur Hut 
Full box 
Note 15 6+128 
Fixed"
Xiaomi Redmi Note 13 128 GB Blue,15000,Used,"Rajshahi, Laksimipur",29/08,https://bikroy.com/laksimipur/mobile-phones/xiaomi-redmi-note-13-128-gb-blue-i7gozoPWc8cMGj7KqsHXeMc5.html,5,2026-09-23T09:25:38.041935+00:00,individual,Full fresh with box and cash memo
Apple iPhone 12 Pro 256 GB Black,40000,Used,Rajshahi,06/06,https://bikroy.com/rajshahi/mobile-phones/apple-iphone-12-pro-256-gb-black-BRRJ8qHAqnozhKqwiBcscJpj.html,5,2026-09-23T09:25:38.246842+00:00,individual,"Phone 12 Pro (256GB). USA variant. Battery 78% original. Display original. Physical Sim 1, Esim 1. Face ID and True Tone are working. Price: 40,000 BDT. Call only if you are a real buyer; please don't message or call unnecessarily. The phone is fully authentic and nothing has been changed."
Apple iPhone 13 128 GB Blue,37000,Used,"Rajshahi, Shaheb Bazar",11/06,https://bikroy.com/shaheb-bazar/mobile-phones/apple-iphone-13-128-gb-blue-44knIDJqZjh32YoArBHDOb3C.html,5,2026-09-23T09:25:39.099102+00:00,individual,"128GB Blue variant. Only phone, nothing else. Used for around 2 years. For security, I can provide my information. Battery health 76%, True Tone, Face ID, genuine waterproof, never opened. Message me for more information."
iQOO 256 GB Rose Gold,32000,Used,"Rajshahi, Vodra",21/08,https://bikroy.com/vodra/mobile-phones/iqoo-256-gb-rose-gold-dCaGHqAQVr1WlDUbfaXOkdJK.html,4,2026-09-23T09:25:39.296489+00:00,individual,Iqoo neo 10 8-256 has 3 month warranty. Indian border cross phone. The phone has no kind of problem. Nothing is changed.
Nothing Phone CMF Phone 2 Pro 256 GB White,27000,Used,"Dhaka, Lalbag",26/08,https://bikroy.com/lalbag/mobile-phones/nothing-phone-cmf-phone-2-pro-256-gb-white-cM0FvxbzpToN4SwLlGdfHAII.html,4,2026-09-23T09:25:40.242166+00:00,individual,"মোবাইল কেনার সময় অবশ্যই রশিদে স্বাক্ষর করতে হবে ও NID কার্ডের ফটোকপি দিতে হবে(আমিও দেবো)
দাম:২৭০০০ ফিক্সড (কমানো সম্ভব নয়)
রশিদের ছবি দেয়া আছে। 
লোকেশন: আজিমপুর, রসূলবাগ পার্ক।"
Nothing Phone 3a 128 GB Black,30000,Used,"Dhaka, Kamrangirchar",08/09,https://bikroy.com/kamrangirchar/mobile-phones/nothing-phone-3a-128-gb-black-wSgKIUL4rHNem2mFmvbBLPVH.html,5,2026-09-23T09:25:41.104318+00:00,individual,Only the top is slightly broken. It fell from a child's hand. No other problems. Box is included.
Nothing Phone 1 256 GB Black,25500,Used,"Dhaka, Mirpur",03/09,https://bikroy.com/mirpur/mobile-phones/nothing-phone-1-256-gb-black-CwAhkgDv1VBe3EaoohR0VR3c.html,5,2026-09-23T09:25:41.165935+00:00,individual,১২/২৫৬ অফিসিয়াল ভেরিয়েন্ট। ফোনে কোনো সিঙ্গেল প্রবলেম নাই। ব্যাক পলি না থাকায় কভারের কারনে সাইডে সামান্য স্ক্র্যাচ আছে। সাথে অরিজিনাল IMEI বক্স পাবেন। আর্জেন্ট টাকার দরকার তাই সেল দিচ্ছি। প্রাইস ফিক্সড। আসলে সামান্য কিছু সম্মান করা হবে।
OnePlus 9R 256 GB Blue,22000,Used,"Rajshahi, Paba",14/07,https://bikroy.com/paba/mobile-phones/oneplus-9r-256-gb-blue-7BgtfvAmhyO9gawisfSPaYZX.html,5,2026-09-23T09:25:41.675250+00:00,individual,The phone has no issues and is in full fresh condition. Selling it because I need money.
OnePlus 11 R (Used),27000,Used,Rajshahi,30/04,https://bikroy.com/rajshahi/mobile-phones/oneplus-11-r-used-89RycEg7jLtitykMFWywQHL0.html,4,2026-09-23T09:25:42.096741+00:00,individual,"16+256 GB. Device only. Price: 27,500."
OnePlus 12 16-512 (Used),58000,Used,"Chattogram, New Market, Chattogram",23/04,https://bikroy.com/new-market/mobile-phones/oneplus-12-16-512-used-kGUDTx3TAovuBpVYTZncV2Kq.html,4,2026-09-23T09:25:42.976699+00:00,individual,"RAM: 16 GB
Storage: 512 GB
The phone has no issues, with only very minor scratches. It was officially purchased from India. You will get the original charger and a cover with it. Any security you require can be provided.
Location: Dhaka, New Market area"
OnePlus 11R (Used),24500,Used,"Chattogram, Agrabad",29/04,https://bikroy.com/agrabad/mobile-phones/oneplus-11-r-good-used-zBUjOBzxiHlSAjDDx3wnSnLn.html,5,2026-09-23T09:25:43.881747+00:00,individual,"Assalamu Alaikum. Please read carefully before messaging. OnePlus 11R 8/128GB (Full gaming phone). Processor: Snapdragon® 8+ Gen 1. Battery: 5000mAh. Camera: Excellent. If you are unfamiliar with this phone, please check reviews on YouTube. Condition: The phone has some minor wear. There are scratches on the camera glass as shown in the photos. There are also some minor scratches on the display. Generally, all second-hand phones have some minor wear. Only the phone and cash memo will be provided. Price: 24.5k. Please do not message if your budget is below 20k. Location: Agrabad. Show more"
OnePlus 15 256 GB Black,74999,Used,"Dhaka, Bosila",05/09,https://bikroy.com/bosila/mobile-phones/oneplus-15-256-gb-black-Bv1pRLpgNHBN448vNi88rJMT.html,3,2026-09-23T09:25:44.562255+00:00,individual,"Most powerful phone 
Camera awesome 
Battery health 100%
Full box charge available 
China version 
To see the phone you have to come to Ghataccor 
Price fixed"
New OnePlus 15R 256 GB Green,66000,Used,"Dhaka, Savar",2 hours ago,https://bikroy.com/savar/mobile-phones/oneplus-15r-256-gb-green-5AoDuKRh6hnRvdbu1LSPgIsv.html,4,2026-09-23T09:25:44.935372+00:00,individual,"I bought this mobile phone last month, it was brand new, seal pack, and unactivated. Charging cycles just 18. Battery health 100%. Those who are looking to buy a new one can check this out, buying this is the same as buying a brand new one. Comes with an original Nilkin back cover, market price is about 1000 BDT. Also applied a SmartDevil screen protector, market price is 700 BDT."
OnePlus 12 256 GB Black,48500,Used,"Dhaka, Jamuna Future Park",4 hours ago,https://bikroy.com/jamuna-future-park/mobile-phones/oneplus-12-256-gb-black-z3Wq34Es9R50poqghIX90mnm.html,3,2026-09-23T09:25:45.448445+00:00,individual,"Oneplus 12
12GB 256GB
Few Month used
Price: Tk
 Paramount Gadget
Jamuna Future Park Shopping Mall
Level 4, Shop No: 006C
Near Lift 7 (Nokia   

#oneplus
#oneplus12"
OnePlus Ace 2V 256 GB Gray,25000,Used,"Dhaka, Motijheel",01/09,https://bikroy.com/motijheel/mobile-phones/oneplus-ace-2v-256-gb-gray-18BJKBqQX7HzG2IVeOA7N6cr.html,4,2026-09-23T09:25:46.793150+00:00,individual,"ফোন এখনো পর্যন্ত খোলা হয় নাই। একদম নতুন আছে সামনে পিছনে full fresh আছে শুধু কভার ব্যবহার করার জন্য সাইটে হালকা দাগ আছে। gaming এর জন্য বেষ্ট একটা ফোন . সাথে ৬৫ charger আছে শুধু . বিপদে পড়ে বেচতাছি ফোন এ কোন সমস্যা নাই।
Prosesor.. Diamondcity 9000
Ram..12+12
Rom... 256"
OnePlus Nord CE4 Lite 256 GB Blue,21500,Used,"Dhaka, Savar",27 min ago,https://bikroy.com/savar/mobile-phones/oneplus-nord-ce4-lite-256-gb-blue-ifHbo7uVW1Enf0Hfc5v2U1Il.html,5,2026-09-23T09:25:47.457549+00:00,individual,"[Exchange Bazar Showroom]
1+ nord ce 4 lite 8/256gb
2 years service warranty 15 days replacement guarantee.
 
Nabinagar Sena Shopping Complex,
5th Floor, Shop No-E-142,143
Nabinagar Savar Dhaka.
Only device+Cash memo+warranty.
Contact 016XXXXXXXX"
OnePlus 12R 256 GB Blue,36990,Used,"Dhaka, Jatrabari",6 hours ago,https://bikroy.com/jatrabari/mobile-phones/oneplus-12r-256-gb-blue-1zDgTFMVuTd6P6avfPINs43Y.html,3,2026-09-23T09:25:47.657358+00:00,individual,"Condition:Fully Fresh Like New
Ram:16GB Rom:256GB
Snapdragon 8 Gen 2
Battery:97%
Cash Memo
Price:Fixed
(যাত্রাবাড়ী আমাদের সাপ্তাহিক বন্ধ সোমবার) 
ঠিকানা:ঢাকা যাত্রাবাড়ী, শহীদ ফারুক রোড, তাজ-তানভীর সুপার মার্কেট, ২য় তলা, দোকান নাম্বার:১০ (MobileHub)
#কিছু টাকা বাচানোর জন্য সস্তায় পন্য কিনেt প্রতারিত না হয়ে সঠিক দামে সঠিক পন্য ক্রয় করুন"
Xiaomi Redmi Turbo 4 Pro 256 GB,38000,Used,"Rajshahi, Boalia",19 hours ago,https://bikroy.com/boalia/mobile-phones/xiaomi-redmi-turbo-4-pro-256-gb-wtDQvh7Mpup6tHX8YBJCWfW1.html,5,2026-09-23T09:25:48.163919+00:00,individual,"All accessories coming with the phone are completely original and in fresh condition.
1. The phone's original and intact original box
2. Xiaomi's original ultra-fast charger that came with the box
3. The original official back case inside the box.
... For extra protection of the phone, we are also giving a premium quality original Xundd back case completely free"
Xiaomi Redmi Pro 256 GB White,27000,Used,"Rajshahi, Rajpara",18/06,https://bikroy.com/rajpara/mobile-phones/xiaomi-redmi-pro-256-gb-white-Bw1sSRFHoy0O4w2jQtjiuNpz.html,2,2026-09-23T09:25:49.020459+00:00,individual,"Redmi K40 Gaming (White/12-256GB)
 Dimensity 1200 | 120Hz OLED | 5065mAh
• Condition: Fresh (no scratches/dents or internal issues).
• Gaming: Pop-up triggers are 100% working. PUBG, Free Fire, COD run smoothly.
• Included: Back cover."
Xiaomi Redmi Turbo 4 Pro 256 GB White,35800,Used,"Rajshahi, Uposahar",17/09,https://bikroy.com/uposahar/mobile-phones/xiaomi-redmi-turbo-4-pro-256-gb-white-iOWgCE7iyCzrfrM45mjMp9HV.html,3,2026-09-23T09:25:49.506185+00:00,individual,"Redmi Turbo 4 Pro 12/256GB - Sell Post
Redmi Turbo 4 Pro will be sold in absolutely fresh condition.
RAM: 12GB
ROM: 256GB
Variant: Chinese
Used: A few months
Condition: Fresh / No major scratches
Performance: Completely smooth
Battery: Good backup
Box + Charger: Available
No problem, you can check everything if you want."
Xiaomi Redmi Note 13 256 GB Black,18999,Used,"Rajshahi, Kazla",6 hours ago,https://bikroy.com/kazla/mobile-phones/xiaomi-redmi-note-13-256-gb-black-wCZIz7KOcmx7MZxDbzSrq4PF.html,5,2026-09-23T09:25:50.014050+00:00,individual,"Redmi note 13 5G 
8/256GB Indan phone 
Call me"
Xiaomi Redmi Note 14 Pro 256 GB Red,23000,Used,"Rajshahi, Court Station",15/09,https://bikroy.com/court-station/mobile-phones/xiaomi-redmi-note-14-pro-256-gb-red-dUKnZyC6PjKJI56me4QeL3Ul.html,3,2026-09-23T09:25:50.761305+00:00,individual,Nite chaile sms diben... Valo phn... Nid card dibo plm nai
Xiaomi 15T 256 GB Black,62000,Used,"Chattogram, Kotwali, Chattogram",01/06,https://bikroy.com/kotwali/mobile-phones/xiaomi-15t-256-gb-black-3QIHe2Hf3IMHCTw8Kq5CUmU.html,5,2026-09-23T09:25:51.271746+00:00,individual,Full fresh phone without any scratch. Bought 3 months ago but barely used. Right now switching to iPhone that's the only reason I'm selling this phone. Brand new condition. For more information contact with me.
New Xiaomi Redmi Note 15 Pro+ 256 GB Blue,37999,Brand New,"Chattogram, Agrabad",3 hours ago,https://bikroy.com/agrabad/mobile-phones/new-xiaomi-redmi-note-15-pro-256-gb-blue-8jgKGdvR61B79ooFhPmRAJjZ.html,3,2026-09-23T09:25:51.905034+00:00,individual,"Stay with us by liking our page to get the price of any updated product. Our page link: 
Address:
Shop- 537, Level-5 (4th from capsule lift,
Go straight after exiting the lift, JojoBD)
Akhtaruzzaman Center,
Agrabad, Chittagong."
Xiaomi Redmi Note 15 Pro+ 256 GB Silver,45000,Used,"Chattogram, Oxygen",14/07,https://bikroy.com/oxygen/mobile-phones/xiaomi-redmi-note-15-pro-256-gb-silver-63fhz54wSywIc0XpJyJfzslt.html,5,2026-09-23T09:25:52.760751+00:00,individual,I need money urgently. That's why I'm gonna sell my handset. Everything is okay. Device is fresh. For more details Please contact me 019XXXXXXXX
New Xiaomi Redmi Note 14 Pro 256 GB,22000,Brand New,"Chattogram, Alankar",04/09,https://bikroy.com/alankar/mobile-phones/new-xiaomi-redmi-note-14-pro-256-gb-zKIjIAsLDKMZ3FxQQlwc8JR6.html,3,2026-09-23T09:25:53.257285+00:00,individual,uses পাঁচ মাস কোন সমস্যা নেই বক্স চার্জার সবকিছু আছে
Google Pixel 7 Pro 128 GB Black,34500,Used,"Rajshahi, Shaheb Bazar",14/07,https://bikroy.com/shaheb-bazar/mobile-phones/google-pixel-7-pro-128-gb-black-r7T4dlOZLvqxcwtr8EwCQj2c.html,5,2026-09-23T09:25:53.658673+00:00,individual,"Box, cash memo, OTG, everything is available.
Full authentic, nothing has been changed."
Nothing Phone 3a 256 GB Black,30500,Used,"Rajshahi, Shah Makhdum",15/08,https://bikroy.com/shah-makhdum/mobile-phones/nothing-phone-3a-256-gb-black-3A7BBH5MD457gPA40bKJhLri.html,5,2026-09-23T09:25:54.256341+00:00,individual,"Full Fresh Condition just like new, used for a very few days, matte poly applied, selling because I will buy another phone. Price almost fixed ()"
Nothing Phone 1 256 GB White,25000,Used,"Rajshahi, Motihar",03/05,https://bikroy.com/motihar/mobile-phones/nothing-phone-1-256-gb-white-uKGI5jFyaWLFhlpXPK8uIc79.html,3,2026-09-23T09:25:54.956398+00:00,individual,"The phone is in fresh condition, just like new, with no problems. I don't have the box as the memo was lost, but I have the charger. I will provide whatever you need for security. If you want to buy it, please message or call me. If you are not interested, please do not message and cause confusion."
Samsung Galaxy S21+ 5G 128 GB Silver,21000,Used,"Rajshahi, Motihar",16/09,https://bikroy.com/motihar/mobile-phones/samsung-galaxy-s21-5g-128-gb-silver-8qwq9xcX6cZOxQ2ADkeU72PN.html,5,2026-09-23T09:25:55.918325+00:00,individual,"The mobile is 100% fresh, nothing has been changed, and there are no problems.
Original box and cable will be provided with it."
Vivo V30e 128 GB Black,26000,Used,"Rajshahi, Kazla",26/06,https://bikroy.com/kazla/mobile-phones/vivo-v30e-128-gb-black-mHxyMeJ5IHyP94Imxd6n1M1M.html,3,2026-09-23T09:25:56.203894+00:00,individual,"Sell Post
Vivo v30e
RAM: 8/128
Processor: Snapdragon 6gen1
Display: Curved 120hz refresh rate
★Only the back cover is provided with the phone, nothing else.
NID card will be provided.
Location: Binodpur/Rajshahi University"
Apple iPhone 13 128 GB Blue,40000,Used,Rajshahi,04/08,https://bikroy.com/rajshahi/mobile-phones/apple-iphone-13-128-gb-blue-38KaikAAWbDBGUKSTuahA2zs.html,5,2026-09-23T09:25:56.607008+00:00,individual,"Nothing has been changed, everything is original, no scratches."
Nothing Phone 1 128 GB Black,22000,Used,"Rajshahi, Boalia",19/07,https://bikroy.com/boalia/mobile-phones/nothing-phone-1-128-gb-black-x48lq8d6pPsxusgm0p5cSE5T.html,3,2026-09-23T09:25:58.058268+00:00,individual,"Nothing Phone 1 mobile. Everything is okay, no problems, you can check it yourself. The phone gives very good and beautiful backup. It is a water-resistant phone. If you want to see it, come to the location. Only the phone will be given."
Google Pixel 7 128 GB White,23500,Used,"Rajshahi, Hatemkha",1 day ago,https://bikroy.com/hatemkha/mobile-phones/google-pixel-7-128-gb-white-12fv29vo1qOBgwkCo6RtZD2v.html,5,2026-09-23T09:25:58.356951+00:00,individual,"There is a slight nail scratch-like mark on the display, other than that the phone has no issues. Please check before buying. Everything is fine. Nothing comes with the phone. Thank you"
Apple 64 GB Black,26000,Used,"Rajshahi, Uposahar",15/09,https://bikroy.com/uposahar/mobile-phones/apple-64-gb-black-mh5DqN9HPOC2tAE1sPofMrRz.html,3,2026-09-23T09:25:58.704946+00:00,individual,"Absolutely new... 
Brought from abroad... 
This was used by my mother... 
Nothing was done on the phone except talking on calls and watching videos... 
Phone + box will be given only... 
1.5 years used only..."
Apple iPhone 12 Pro Max 256 GB Blue,32000,Used,Rajshahi,18/08,https://bikroy.com/rajshahi/mobile-phones/apple-iphone-12-pro-max-256-gb-blue-sncusjFJgITDJgNB1v0Ns0Ib.html,3,2026-09-23T09:25:59.312833+00:00,individual,"iPhone 12 Pro Max is fresh. 
Bypass device 
Everything is original, nothing has been changed."
New Nothing Phone 3a Pro 256 GB Black,39000,Brand New,"Rajshahi, Kadirgonj",20/08,https://bikroy.com/kadirgonj/mobile-phones/new-nothing-phone-3a-pro-256-gb-black-64QA5WwklUlaWST2fRb6V1no.html,3,2026-09-23T09:25:59.603078+00:00,individual,"Nothing 3A pro... 12/256
All authentic waterproof
Showroom conditions"
Nothing Phone 2a 8/256 (Used),25000,Used,Rajshahi,30/04,https://bikroy.com/rajshahi/mobile-phones/nothing-phone-2a-8-256-used-8Qx9oov6snBaiX0MTWZAKAkL.html,5,2026-09-23T09:26:00.167048+00:00,individual,"It is 95% fresh with a minor dent on the body. Only the phone and NID copy will be provided. Serious buyers only, please message."
Vivo T3 Ultra 256 GB Black,25500,Used,"Rajshahi, Rajpara",09/09,https://bikroy.com/rajpara/mobile-phones/vivo-t3-ultra-256-gb-black-3hzaj1xQh1KB6Ftud4hd81Ae.html,4,2026-09-23T09:26:00.856707+00:00,individual,"Vivo T3 Ultra (12/256). There are scratches on the phone body and the back cover glue has come off, otherwise no issues. Everything is original, nothing has been changed. You can check it as much as you like, security will be provided. To see the phone, you need to come to the location. 25500"
Nothing Phone 3a 128 GB Black,31500,Used,"Rajshahi, Court Station",17/09,https://bikroy.com/court-station/mobile-phones/nothing-phone-3a-128-gb-black-w37wdioS2gFzgL2j5wtZn78J.html,5,2026-09-23T09:26:01.610844+00:00,individual,"Nothing 3a phone all okay, there are no problems with the phone, you can come and check it as much as you want"
OnePlus 13 512 GB Blue,65000,Used,"Feni, Feni Sadar",17/09,https://bikroy.com/feni-sadar/mobile-phones/oneplus-13-512-gb-blue-yqkyujz9Ob2Ozum1jsvgwqMP.html,5,2026-09-23T09:26:01.918913+00:00,individual,"Model: OnePlus 13
Processor: 8 Elite
Camera: 120X ZOOM
Ram & Rom: 16/512 GB
Number:
The phone is brand new with no problems at all. It has never been opened or repaired. Everything is original, nothing has been changed. There are no scratches or dents. It has been used very carefully with a cover. The phone is exceptionally good. You can come in person and check it for as long as you want!"
Apple iPhone 14 Pro Max 128 GB Purple,65000,Used,"Gazipur, Gazipur Sadar",12/09,https://bikroy.com/gazipur-sadar/mobile-phones/apple-iphone-14-pro-max-128-gb-purple-yMHlLwMnTbkyAX69XXJngYvX.html,4,2026-09-23T09:26:08.066271+00:00,individual,"Variant: Singapore Variant (Dual SIM can be used) 
 Color: Deep Purple 
 Storage: 128GB
 Battery Health: 71 (no boost genuine)
 Condition: Absolutely Fresh Condition
 Face ID: 
 True Tone: 
 Camera: Front & Back all okay 
 Display: Original 
 Parts Changed: Nothing Changed 
 Box included
Whats"
New Apple iPhone 16 128 GB Pink,86000,Used,"Pabna, Pabna Sadar",03/09,https://bikroy.com/pabna-sadar/mobile-phones/apple-iphone-16-128-gb-pink-nVrHH2k8TBxAIIQVsCbB8Zg.html,5,2026-09-23T09:26:08.200602+00:00,individual,"iPhone 16 pink Color🩷 No issues, Not a single dent 
Battery 100 
Cycle count 78
Nothing change 
New phone 
Camera wow
Box cable available 
Warranty ache ekhono

Family problem tai emergency sell dibo"
Apple iPhone 14 Pro Max 256 GB Gray,75000,Used,"Tangail, Tangail Sadar",12/09,https://bikroy.com/tangail-sadar/mobile-phones/apple-iphone-14-pro-max-256-gb-gray-5jkCGHvq0SwnPXrKQ0ulKqMm.html,5,2026-09-23T09:26:08.454578+00:00,individual,"I phone 14 pro max no problem at all, brand new condition, whole set is poly-laminated, brought from Saudi Arabia, nothing changed, everything original, battery health 82, box available, charger available, cover available, everything is okay, not even a single scratch, protector attached on top of camera, price fixed"
Apple iPhone 14 Pro 256 GB Rose Gold,68000,Used,"Cumilla, Daudkandi",12/09,https://bikroy.com/daudkandi/mobile-phones/apple-iphone-14-pro-256-gb-rose-gold-mVIUxFgQI0ss6kSia7X2IGwZ.html,3,2026-09-23T09:26:08.799271+00:00,individual,"All ok nothing changed
256gb
Battery health 89
Contact number"
Apple iPhone 13 Pro Max 512 GB Gold,65000,Used,"Dhaka, Jatrabari",11/09,https://bikroy.com/jatrabari/mobile-phones/apple-iphone-13-pro-max-512-gb-gold-BjoaJF5XMlVWpnr6oOWxcvi4.html,3,2026-09-23T09:26:09.553159+00:00,individual,"Phone has never been opened, completely waterproof, nothing has been changed, full fresh condition.
No display issue, latest update given, using for 2 years, using for 2 years.
Still looks like an absolutely brand new phone.
Box will be found with it. Brought from USA."
Samsung Galaxy S24 Ultra 256 GB Gray,75000,Used,"Cox's Bazar, Chakaria",4 hours ago,https://bikroy.com/chakaria/mobile-phones/samsung-galaxy-s24-ultra-256-gb-gray-6olER8mGvJrjTIBuldtA9qiU.html,3,2026-09-23T09:26:12.171388+00:00,individual,"Fresh condition, nothing scratches. Never fall down.
With original box."
Apple iPhone 12 Pro Max 128 GB White,65000,Used,"Jashore, Jashore Sadar",02/09,https://bikroy.com/jessore-sadar/mobile-phones/apple-iphone-12-pro-max-128-gb-white-B0tWLB1hXk7foXcjNQ77AU5N.html,5,2026-09-23T09:26:15.723184+00:00,individual,"This is my personal phone sent from America. The battery has been replaced. There is no box as it got ruined. There are no police issues whatsoever. The price can be reduced a little bit, but nothing unreasonable. You can call me to know the rest. 
Special Note: Please no media personnel call me."
Apple iPhone 14 Pro Max Dual SIM (Used),74500,Used,"Chattogram, Chandgaon",29/04,https://bikroy.com/chandgaon/mobile-phones/apple-iphone-14-pro-max-dual-sim-used-hpJFXYCEfyNKudv2jICvFbH6.html,4,2026-09-23T09:26:17.023217+00:00,individual,"iPhone 14 Pro Max
Full box without cable
100% Waterproof, please check it yourself
100% Authentic
Deep Purple color
(Z/A) Hong Kong Variant (physical SIM use)
Battery Health 85% (original) 🔎
Storage 256GB
No scratches, looks like new🆕
Laminated
Price: 77k, Price Fixed
Face lock ✅🆗
True Tone ✅🆗
More details ⤵️

#The mobile is completely fresh, not a single scratch, nothing has been opened, everything is 100% original, you can check it yourself. I have used the mobile with great care, there is no problem at all. The mobile has the latest update installed.
The mobile is Deep Purple color, looks brand new, no issues, you will understand once you see it.
Whoever buys it will definitely be a winner.
Price Fixed

#Those who want to buy must come to the location.

#Interested buyers please inbox, others please do not disturb. Show more"
Apple iPhone 14 Pro Max 128 GB Purple,74999,Used,"Chattogram, Agrabad",29/06,https://bikroy.com/agrabad/mobile-phones/apple-iphone-14-pro-max-128-gb-purple-3NlBsx7zwrPcwxACxbXYyvJ4.html,5,2026-09-23T09:26:18.074415+00:00,individual,"Everything is fine.
Battery Health: 95%.
Nothing has been changed.
True Tone is OK.
It has been used with a lot of care, that's why the battery health is still 95%."
Apple iPhone 14 Pro Max Good (Used),90000,Used,"Chattogram, Kotwali, Chattogram",29/04,https://bikroy.com/kotwali/mobile-phones/apple-iphone-14-pro-max-good-used-6wztxBd96PpBsphryUOoF6K6.html,3,2026-09-23T09:26:18.473307+00:00,individual,"In excellent condition. Imported from Dubai Apple Store. Get 3 free covers. Nothing has been changed or repaired. Fixed price 90,000 BDT."
Nothing Phone CMF Phone 2 Pro 128 GB Green,27500,Used,"Chattogram, Patenga",24/07,https://bikroy.com/patenga/mobile-phones/nothing-phone-cmf-phone-2-pro-128-gb-green-BPOnnkYfDRtgMgFOGrCldofW.html,3,2026-09-23T09:26:19.274189+00:00,individual,"Fresh condition, box and charger are all included. Used for a very short time, inbox if you want to buy."
Nothing Phone 3a 256 GB White,37000,Used,"Chattogram, Alankar",04/08,https://bikroy.com/alankar/mobile-phones/nothing-phone-3a-256-gb-white-fLWm2T6CH8W96feo8hhkdd2z.html,3,2026-09-23T09:26:19.723608+00:00,individual,"There is not much to say if someone wants a good phone then this is the perfect place you have come the rest will be understood when you meet face to face 
 
- 100% Original
- No type of problems
- Display, Touch, Camera, Speaker, Microphone, Fingerprint 
Location: Chattogram Sagarika Road Bitak Bazar 
 Only serious buyers please contact
WhatsApp:"
Nothing Phone 3a 256 GB White,35500,Used,"Chattogram, Satkania",15/08,https://bikroy.com/satkania/mobile-phones/nothing-phone-3a-256-gb-white-iF0wsGqNf6RimxNJfobATtz9.html,3,2026-09-23T09:26:20.124378+00:00,individual,"Brand new, comes with everything."
Nothing Phone 4a Pro 256 GB Graphite,60000,Used,"Chattogram, Chawkbazar",4 hours ago,https://bikroy.com/chawkbazar/mobile-phones/nothing-phone-4a-pro-256-gb-graphite-6ggKcyFENqXk13R43sWcpm84.html,3,2026-09-23T09:26:20.855514+00:00,individual,"Nothing 4a Pro
12/256
Few days used
Full boxed."
Vivo X200 FE 256 GB Yellow,48000,Used,"Chattogram, Alankar",11/06,https://bikroy.com/alankar/mobile-phones/vivo-x200-fe-256-gb-yellow-pGeNk9jHqEDXssunWT7ELHrk.html,5,2026-09-23T09:26:21.525347+00:00,individual,"I have the cash memo, nothing else. The set is just wow. The camera is deadly. It has never been opened or repaired. There are no problems at all. Only the color has faded on one side of the body due to using a cover, full security will be provided. Battery backup is 2 days. 
Display - LTPO AMOLED 
The mobile is incredibly fast, in a word, extraordinary. There are no problems with the set, you can check it as much as you want. Show more"
Nothing Phone 3a Pro 256 GB Black,48000,Used,"Chattogram, Baizid",08/07,https://bikroy.com/baizid/mobile-phones/nothing-phone-3a-pro-256-gb-black-hyjk1eftm2JW3HdAtpB5kCD3.html,3,2026-09-23T09:26:22.207393+00:00,individual,"14 day used only new mobile 
Location: polytechnical, East Delta University Pashe.
Real buyer knock 016XXXXXXXX"
Nothing Phone 3a 128 (Used),25990,Used,"Chattogram, Nasirabad",3 hours ago,https://bikroy.com/nasirabad/mobile-phones/nothing-phone-3a-128-used-5SEQXK1X9fVCYj2066b202pY.html,4,2026-09-23T09:26:22.621886+00:00,individual,"Nothing phone 3a 8/128

🔥 Budget King — Everyday Smooth Performer! 🔥



⚡ Enjoy 8GB RAM | 128GB Storage | 5000mAh Battery | Super Clear Camera



👉Only one dot (beside front camera)



💰offer price -25,990💥💥



🚚 Delivery Available | 🔄 Exchange Available | 💳 EMI Available



🛡️ 15-Day Replacement Guarantee | Lifetime Service Warranty



📞 



🌐 www.decentbd.com



📍𝐅𝐢𝐧𝐥𝐚𝐲 𝐒𝐪𝐮𝐚𝐫𝐞, Level-4, Shop-406, 2 No Gate, Nasirabad, Chattogram



📍𝐅𝐢𝐧𝐥𝐚𝐲 𝐒𝐨𝐮𝐭𝐡 𝐂𝐢𝐭𝐲, Level-5, Shop-525, Bahaddarhat, Chattogram



#decentbd Show more"
New Nothing Phone 3a 256 GB Black,29500,Brand New,"Chattogram, Agrabad",23/05,https://bikroy.com/agrabad/mobile-phones/new-nothing-phone-3a-256-gb-black-dN0XrLxrlkCV7yarf0vCYCUt.html,5,2026-09-23T09:26:23.174984+00:00,individual,"Nothing Phone 3a (Black) 
8+8GB RAM 256GB ROM
Condition: Like brand new
Black
Enjoy a smooth and premium experience
Asking Price: 29,500৳ (negotiable)
Only phone available
I can provide a photocopy of my NID for security purposes; the bill and box were lost during a house move.
Exchange possible. Serious buyers only."
Nothing Phone 4a 128 GB White,42500,Used,"Chattogram, Chawkbazar",3 hours ago,https://bikroy.com/chawkbazar/mobile-phones/nothing-phone-4a-128-gb-white-7RSpRTRiw9T4Bc78usoxjTmW.html,3,2026-09-23T09:26:23.878551+00:00,individual,"Nothing phone 4a
8/128
with Box
few days used"
Realme GT Neo5 SE 256 GB White,25999,Used,"Chattogram, Agrabad",13/05,https://bikroy.com/agrabad/mobile-phones/realme-gt-neo5-se-256-gb-white-jGo1BjYA97Xu9KoxhxWpvlg6.html,3,2026-09-23T09:26:24.408647+00:00,individual,"Gt neo 6se 
Fixed price
There are some scratches on the body and some light scratches on the back, nothing major. The volume button requires a slightly firmer press, which has been the case since the beginning, but it works fine. Everything else is perfect.
Box, charger, cash memo, and security documents are all available, and a high-quality protective cover will be provided."
Nothing Phone 2a Plus 256 GB Gray,27000,Used,"Chattogram, Chandgaon",25/07,https://bikroy.com/chandgaon/mobile-phones/nothing-phone-2a-plus-256-gb-gray-kM0vxehtJVRLoUYfQOKCx7Mf.html,5,2026-09-23T09:26:24.823960+00:00,individual,"No problems at all, you can check and take it after seeing."
Nothing Phone 3 512 GB Black,65000,Used,"Chattogram, Hathazari",12/07,https://bikroy.com/hathazari/mobile-phones/nothing-phone-3-512-gb-black-yxV5AfHeEPwHoU4xsbAO5f8Y.html,5,2026-09-23T09:26:25.471497+00:00,individual,"Only 16 days used, full fresh, I'll provide a new xundd case"
Nothing Phone 3a 256 GB White,33500,Used,"Chattogram, Satkania",21/05,https://bikroy.com/satkania/mobile-phones/nothing-phone-3a-256-gb-white-keDfTMKurYHi3VCnSmKgcAFK.html,3,2026-09-23T09:26:26.080485+00:00,individual,"Nothing Phone 3a (Global)
 4GB RAM / 256GB ROM
 Absolutely clean and fresh condition
 Global version
 Battery and performance are very good
 Camera, display, sound all perfect
 No issues, you can use it worry-free
 Perfect for those looking for a stylish and unique phone
 Inbox if interested."
Nothing Phone 3a 128 GB Black,31000,Used,"Chattogram, Alankar",05/09,https://bikroy.com/alankar/mobile-phones/nothing-phone-3a-128-gb-black-wuVyp0c2XbnCxQS21NT9Gwqs.html,4,2026-09-23T09:26:26.525441+00:00,individual,ফুল বক্স ক্যাশ মেমো সহ। কোনবিন্দু পরিমাণ দাগ বা ফাটল নাই পুরো নতুনের মত। প্রাইজ প্রায় ফিক্সড
Apple iPhone 13 Pro 256 GB Gold,55000,Used,"Dhaka, Jatrabari",11/09,https://bikroy.com/jatrabari/mobile-phones/apple-iphone-13-pro-256-gb-gold-iN55ewCIkfSL4aA7MXoahoZh.html,5,2026-09-23T09:26:27.308086+00:00,individual,"Price Fixed
IPhone 13 Pro 256Gb Full Box
Color : Golden 
1 physical sim , 1 E sim 
Battery health : 91% (Original )
IOS version : Latest (26.5.2)
True Tone : ok 
Face ID : ok
Model number : MLQP3LL/A
Waterproof device 
Used with case 
IMel Matched Box available 
Charging cable and 20 adapter Available 
 everything original
Nothing repaired /Replace"
Apple iPhone 17 Pro Max 256 GB Black,150000,Used,"Dhaka, Badda",28/08,https://bikroy.com/badda/mobile-phones/apple-iphone-17-pro-max-256-gb-black-as6wG8a1pMKfuB2eZe7fYtUK.html,4,2026-09-23T09:26:27.977142+00:00,individual,"iPhone 17 pro Max 
USA variant
Battery health 98%
Storage 256GB 
Negotiable just Kichu scratches and ekta Dent ache nothing else With Box"
Nothing Phone 3 512 GB White,58000,Used,"Dhaka, Baridhara",6 hours ago,https://bikroy.com/baridhara/mobile-phones/nothing-phone-3-512-gb-white-sO7lGwfpb7nF2hjcQGoOXcL.html,4,2026-09-23T09:26:28.631792+00:00,individual,"Nothing 3
Full fresh condition 
only device"
Apple iPhone 13 Pro Max 256 GB Blue,60000,Used,"Dhaka, Jatrabari",15/09,https://bikroy.com/jatrabari/mobile-phones/apple-iphone-13-pro-max-256-gb-blue-rsdiCVafNsuMRa9RvDuLPVhW.html,5,2026-09-23T09:26:29.309190+00:00,individual,"Assalamulaikum 
Iphone 13 pro max 
256gb Box available 
90% battery health  (original) 
Face id ok 
True tone ok 
Nothing changed all ok 
Phone looks just like new, you will love it at first sight, you must come to the location 
Location : Jatrabari Tony Tower , (Dhaka ,Jatrabari )"
Apple iPhone 16 Pro 256 GB Gray,105000,Used,"Dhaka, Lalbag",19/09,https://bikroy.com/lalbag/mobile-phones/apple-iphone-16-pro-256-gb-gray-kLEXl1oWK0M4uO0o8zO9Eg8R.html,3,2026-09-23T09:26:30.004026+00:00,individual,"Original Full Box Phone, never opened, nothing changed. I will provide all documents required. No dent, no single scratch, Battery health is 89%. Full fresh phone. Premium case and Screen protector will be provided"
Vivo X300 Pro 512 GB Gold,85000,Used,"Dhaka, Aftab Nagar",6 hours ago,https://bikroy.com/aftab-nagar/mobile-phones/vivo-x300-pro-512-gb-gold-swF7jVO6faIw459za5g8E056.html,5,2026-09-23T09:26:30.517192+00:00,individual,"Everything ok, Battery health - 100%
And everything included, original charger, 2 cover, box, Rio international bag, receipt and warranty available 
Used only for 9 months,
Only social media use kora hoise, nothing else"
Nothing Phone 4a Pro 256 GB White,58000,Used,"Dhaka, Tongi",16/09,https://bikroy.com/tongi/mobile-phones/nothing-phone-4a-pro-256-gb-white-5nxfL5dqdcNV84vmCXOcF3bo.html,5,2026-09-23T09:26:31.358104+00:00,individual,"Nothing phone 4a Pro 
With full box 
8/256 GB 
Only 25 days used 
No problem at all 
The phone size is becoming too big for me 
That's why I am selling it 
Location Uttara Dhaka"
Nothing Phone 4a Pro 256 GB Silver,58000,Used,"Dhaka, Savar",6 hours ago,https://bikroy.com/savar/mobile-phones/nothing-phone-4a-pro-256-gb-silver-rmUhiwYH5LofThyui6RIgSsR.html,5,2026-09-23T09:26:31.863283+00:00,individual,"Nothing 4A Pro | 8GB RAM + 256GB 
Premium Used Phone now at an attractive Offer Price! Smooth performance, stylish design, fresh condition 
 Muthophone Accessories. 2 E-195A, Level-5 (Lift-4), Sena Shopping Complex, Nabinagar, Savar, Dhaka
 Limited Stock | Order Now!
 
Facebook: MUTHOPHONE ACCESSORIES 2"
Apple iPhone 14 Pro Max 128 GB Purple,63000,Used,"Dhaka, Mirpur",1 day ago,https://bikroy.com/mirpur/mobile-phones/apple-iphone-14-pro-max-128-gb-purple-BU9zXVac9yxrjIX3QcmcsW27.html,3,2026-09-23T09:26:32.321028+00:00,individual,"Iphone 14 pro max
Purple 
International variant 
128 gb
BH 77%
No problem, all working, nothing changed, never opened, just 3 spots on the back, shown in picture 
Comes with box and cable"
Apple iPhone 14 Pro Max 128 GB Gray,72000,Used,"Dhaka, Basabo",11/09,https://bikroy.com/basabo/mobile-phones/apple-iphone-14-pro-max-128-gb-gray-eTaO61PpHLiVmwqh4SDVobpR.html,5,2026-09-23T09:26:32.867301+00:00,individual,"Brand- Apple 
Model- 14 pro max
What you will get with the mobile
Box, charger, 2 good quality covers
The mobile has been used with great care.
BH- 75 Original Battery 
128 GB
HKG, MAC
Nothing of the mobile has been changed
Everything is original.
The mobile must be seen by coming in person.
Dakshin Gaon Road No. 2, Basabo"
Apple iPhone 15 Pro 128 GB Blue,78000,Used,"Dhaka, Mirpur",14/09,https://bikroy.com/mirpur/mobile-phones/apple-iphone-15-pro-128-gb-blue-rnhgE48T8MKBQFwZpni1KlN7.html,5,2026-09-23T09:26:33.553961+00:00,individual,"iPhone 15 Pro (UAE Variant)
Condition: Fresh & Original
Battery Health: 82%
Waterproof (Never opened / nothing changed)
No parts changed – 100% original
Storage: 128GB
Imported from abroad, still waterproof. Selling because I will upgrade to iPhone 16. Serious buyers only, please send a message."
Nothing Phone 1 128 GB Black,25990,Used,"Dhaka, Mirpur",26 min ago,https://bikroy.com/mirpur/mobile-phones/nothing-phone-1-128-gb-black-greqJYspfBKwcvQiZxvTmYnv.html,5,2026-09-23T09:26:36.221032+00:00,individual,"★ Address :- > Nahar Electronics < 
Shop No: 30, 3rd Floor, Baghdad Shopping Complex,
Mirpur- 1, Dhaka- 1216.
(Only Phone/Without Box)
(Only phone you will get, no box with it)
★Model:-Nothing Phone 1

★Ram:- 8GB

★Rom:- 128GB

★Back Camera:- 50+50MP

★Front Camera:- 16MP

★Battery:- 4500 Mah"
Nothing Phone 3 256 GB White,59990,Used,"Dhaka, Jatrabari",6 hours ago,https://bikroy.com/jatrabari/mobile-phones/nothing-phone-3-256-gb-white-C0mmvXYHqOHqUq59V6eWvGDm.html,5,2026-09-23T09:26:36.453432+00:00,individual,"Condition: Full Fresh
RAM: 12GB, ROM: 256GB
Snapdragon 8s Gen 4
Battery: 5500mAh
Cash Memo available
Price: Fixed
(Jatrabari branch is closed every Monday)
Address: Dhaka, Jatrabari, Shahid Faruk Road, Taj-Tanvir Super Market, 2nd Floor, Shop Number: 10 (MobileHub)
#Instead of falling for scams by buying cheap products to save a few bucks, purchase the right product at the right price."
Nothing Phone 2a 256 GB Black,27500,Used,"Dhaka, Jamuna Future Park",7 hours ago,https://bikroy.com/jamuna-future-park/mobile-phones/nothing-phone-2a-256-gb-black-a6Jqyq5jQNix6XNM645jgbfc.html,5,2026-09-23T09:26:36.552792+00:00,individual,"notging 2a 8/256gb all ok
super fresh condition available

🏃 আমাদের দোকান এ ভিজিট করুন 

 📍 Address :

     "" Appelink ""
     Shop No: 4C-021C1
       Block- C, Level- 4 
     Jamuna Future Park
(Samung customer care er pase
⏰Business Hour: 11:00AM-8:00PM
Whatsup number 016XXXXXXXX"
Nothing Phone 3a 256 GB Black,32000,Used,"Dhaka, Bosila",2 days ago,https://bikroy.com/bosila/mobile-phones/nothing-phone-3a-256-gb-black-7DtrW3OT2m71DTE64Lw1PSfb.html,4,2026-09-23T09:26:36.827884+00:00,individual,"RAM: 8GB
 Storage: 256GB
 Snapdragon 7s Gen 3
 50MP OIS Camera 
 120Hz AMOLED Display
 5000mAh Battery 
 Premium Nothing Design
You will get a charger with it. And all the documents you need will be provided."
Nothing Phone 4a Pro 256 GB Silver,56000,Used,"Dhaka, Savar",08/09,https://bikroy.com/savar/mobile-phones/nothing-phone-4a-pro-256-gb-silver-mxNL7Rulwpj1sy3wgpW9Ep8A.html,5,2026-09-23T09:26:37.190423+00:00,individual,"Purchased from Dazzle on July 30, 2026. Used for a short time, absolutely fresh condition.
8/256GB | Silver
 Phone price: ৳58,800
 Dazzle Care+: ৳4,110
 365 days Replacement Guarantee
 Original Memo, Box & Cable are available. Selling because I urgently need money.
 Asking price: ৳56,000 — slightly negotiable.
 Savar Cantonment
Only serious buyers please inbox 016XXXXXXXX"
Nothing Phone 3a 128 GB Black,29500,Used,"Dhaka, Mohammadpur",3 hours ago,https://bikroy.com/mohammadpur/mobile-phones/nothing-phone-3a-128-gb-black-tK92Gi8Yw877y9jsuALUU12a.html,5,2026-09-23T09:26:37.400079+00:00,individual,"Nothing Phone 3a
RAM-ROM: 8/128 GB
Camera is fully fresh.
Snapdragon 7s Gen 3 processor
Fully fresh device.
Not a single dent or scratch.
Great battery backup.
Anker charger, back cover, and cash memo will be provided."
Nothing Phone 2a 128 GB White,27000,Used,"Dhaka, Demra",26/08,https://bikroy.com/demra/mobile-phones/nothing-phone-2a-128-gb-white-hUld7tOoRcRfeqcnW0Q747fn.html,4,2026-09-23T09:26:38.736594+00:00,individual,"Nothing 2A 
8/128gb
Full fresh condition 
All okh.kono problem nai."
Nothing Phone 2a 128 GB White,25999,Used,"Dhaka, Jatrabari",6 hours ago,https://bikroy.com/jatrabari/mobile-phones/nothing-phone-2a-128-gb-white-aM2KLdGLDp9EDb3bQ4GY13L8.html,3,2026-09-23T09:26:40.007735+00:00,individual,"Jatrabari, Idris super market 
shop no 63"
Nothing Phone 4a 256 GB Black,49999,Used,"Dhaka, Jatrabari",33 min ago,https://bikroy.com/jatrabari/mobile-phones/nothing-phone-4a-256-gb-black-4W6smJUi60e8v3GdezaspbQj.html,3,2026-09-23T09:26:40.566568+00:00,individual,"Nothing 4a.
Ram - 12 gb.
Rom - 256 gb.
Full box."
Nothing Phone 3a Pro 256 GB Black,38500,Used,"Dhaka, Jatrabari",7 hours ago,https://bikroy.com/jatrabari/mobile-phones/nothing-phone-3a-pro-256-gb-black-tVwi3Yk0uYUSyZrUS1SZXcaA.html,4,2026-09-23T09:26:41.154127+00:00,individual,"আসসালামু আলাইকুম
Wellcome to Gadget Exchange BD
 
With cash memo
 7 Day's Replacement
 1 Year's service warranty without Parts
 Gadget Exchange BD 
দোকান নং,৬৭ (৩য় তলা)
বিক্রমপুর প্লাজা, জুরাইন রেলগেট ঢাকা-১২০৪"
Nothing Phone 2 128 GB Black,30500,Used,"Dhaka, Dhanmondi",16 min ago,https://bikroy.com/dhanmondi/mobile-phones/nothing-phone-2-128-gb-black-n8D1atT6ngddlZzNDHFWJbNd.html,3,2026-09-23T09:26:41.842060+00:00,individual,"Nothing Phone 2 for sale
8/128GB
Bought used from MBK, Bangkok, Thailand
Used very lightly
Only phone and NID
Location: Kalabagan Labaid Iconic Building (Google Maps)
Come down to the ground floor, sit, and check it before buying"
Nothing Phone 1 128 GB Black,29000,Used,"Dhaka, Uttara",15/09,https://bikroy.com/uttara/mobile-phones/nothing-phone-1-128-gb-black-yFAng88VBi16L4d8PJtz9i8t.html,4,2026-09-23T09:26:42.315099+00:00,individual,"There are no problems. If anyone wants to exchange with an iPhone, please send a message."
Nothing Phone 3a 128 GB White,33500,Used,"Dhaka, Savar",06/09,https://bikroy.com/savar/mobile-phones/nothing-phone-3a-128-gb-white-96CLFdj6MhmRxwVoZUrvg10P.html,5,2026-09-23T09:26:43.043963+00:00,individual,"একদম অথেন্টিক Nothing 3a খুঁজছেন?
Nothing 3a 8/128 
•Battery-5000 mh
Available
Book Now  ￼ 
Shop No- E/137 Level-5
Sena sopping complex."
Nothing Phone 3a Lite 256 GB Blue,29990,Used,"Dhaka, Rampura",36 min ago,https://bikroy.com/rampura/mobile-phones/nothing-phone-3a-lite-256-gb-blue-2WqjIYecNl7sLTNNx62mrbHn.html,4,2026-09-23T09:26:43.416325+00:00,individual,"Nothing 3a Lite  8+256GB As Like New
Only device and cash memo 
More information call 
Address: Molla Tower Shopping complex, Rampura, Dhaka. 
Opposite BTV centar 
3rd floor, shop no-406"
Nothing Phone 2a 128 GB White,25000,Used,"Dhaka, Uttara",17/09,https://bikroy.com/uttara/mobile-phones/nothing-phone-2a-128-gb-white-8CQ00q4tUnds4ZrbnEZ2NVQe.html,5,2026-09-23T09:26:43.873967+00:00,individual,"There are no problems with the phone, you can check everything before buying. I am selling it because of low storage, otherwise I wouldn't have sold it. Those who want to buy the phone must come and collect it."
New Nothing Phone 3a Pro 256 GB Black,40000,Brand New,"Dhaka, Mirpur",08/09,https://bikroy.com/mirpur/mobile-phones/new-nothing-phone-3a-pro-256-gb-black-GACIqZPVi5YNjgFhyVnTo8c.html,3,2026-09-23T09:26:44.368306+00:00,individual,নিতে চাইলে যোগাযোগ 017XXXXXXXX
OnePlus 12R 256 GB Black,33000,Used,"Rajshahi, Paba",01/08,https://bikroy.com/paba/mobile-phones/oneplus-12r-256-gb-black-wZ0bdwC5lJBly9TlpR5JBylJ.html,3,2026-09-23T09:26:45.013802+00:00,individual,"There is not even a slight problem, lamination is applied on the front and back. Price negotiation is not allowed at all."
OnePlus 13s 256 GB Black,55000,Used,Rajshahi,4 hours ago,https://bikroy.com/rajshahi/mobile-phones/oneplus-13s-256-gb-black-Cbyscqr0tybDLDa2KA9rdghr.html,2,2026-09-23T09:26:45.455192+00:00,individual,"OnePlus 13s
12 256
Super condition
7 days replacement guarantee
1 year service warranty
#exchange possible
Our Address:
Smart Choice, Shop No. 211,
City Center, Beside Rajshahi College, Sonadigir Mor, Rajshahi
Call for any details"
OnePlus 13R 256 GB Black,43500,Used,"Rajshahi, Boalia",13/09,https://bikroy.com/boalia/mobile-phones/oneplus-13r-256-gb-black-6fUE0bHoVSgOpO7AQRW83Lji.html,5,2026-09-23T09:26:46.243562+00:00,individual,"You will get only the phone, no charger. There is not the slightest problem or scratch on the phone, you will get it completely fresh. Battery health 99%. Enjoy smooth performance along with a great camera and Snapdragon 8 Gen 3 processor. If anyone wants to buy, contact quickly. Price is almost fixed."
OnePlus 11 512 GB Black,35000,Refurbished,"Rajshahi, Boalia",13/08,https://bikroy.com/boalia/mobile-phones/oneplus-11-512-gb-black-8Fk5EfkhQkYXnUDV0VrhMtHc.html,5,2026-09-23T09:26:46.905785+00:00,individual,"Call only Wp & number aptX HD, Bluetooth 5.3, A2DP, LE, Corning Gorilla Glass Victus, Fingerprint, IP64 dust/water resistant, Stereo Speakers, USB Type-C 2.0, OTG"
OnePlus 12 /256 (Used),42999,Used,Rajshahi,4 hours ago,https://bikroy.com/rajshahi/mobile-phones/oneplus-12-256-used-bxePyFSvvMHrpbhRdjPDqfnq.html,3,2026-09-23T09:26:47.437914+00:00,individual,"Oneplus 12

16/ 256

Enjoy super condition 🔥🔥

7 days replacement guarantee ✅
1 year service warranty ✅

#exchange possible ✅

Our Address:
Smart Choice, Shop No. 211,
City center, Beside of Rajshahi College, Sonadigir mor Rajshahi

Call for any details:"
OnePlus 12R 256 GB Black,34500,Used,"Rajshahi, Shaheb Bazar",09/09,https://bikroy.com/shaheb-bazar/mobile-phones/oneplus-12r-256-gb-black-BE8PUoVVWBuSZW21wjeMA2zz.html,3,2026-09-23T09:26:48.064728+00:00,individual,"Oneplus 12R 
Ram 16 
Room 256
Battery health 92%
Locetion Rajshahi
Indean phone"
OnePlus 13R 256 GB Black,44000,Used,"Rajshahi, Paba",12/09,https://bikroy.com/paba/mobile-phones/oneplus-13r-256-gb-black-BN1F0ojZujVJOr3INkZMR7NM.html,5,2026-09-23T09:26:48.744087+00:00,individual,"OnePlus 13R 12/256
Full fresh condition
Battery health 100%
(Only phone)
(Price fixed)"
OnePlus 11R 256 GB Black,30000,Used,"Rajshahi, Uposahar",16/08,https://bikroy.com/uposahar/mobile-phones/oneplus-11r-256-gb-black-vBjseaIKkyYu61UCJoOOuNs.html,4,2026-09-23T09:26:49.189782+00:00,individual,"Main Camera: 50+8+2MP
Front Camera: 16 MP
Battery: 5000mAh
Chipset: Qualcomm Snapdragon 8 Gen1 plus
Refresh Rate :120 Hz"
OnePlus Nord 5 256 GB Purple,35000,Used,"Rajshahi, Kazla",20/09,https://bikroy.com/kazla/mobile-phones/oneplus-nord-5-256-gb-purple-a2K8j7lyIWvwID16ioRTlTmQ.html,4,2026-09-23T09:26:49.731124+00:00,individual,"OnePlus Nord 5\nIndian global (8/256)\nAll original all ok\nAmazing camera, you can check out my profile\nAwesome UI\nGreat battery backup, lasts 2 days with normal use. Heavy multitasking and gaming easily cover 8/9 hours.\nCondition looks like new"
OnePlus 12R 256 GB Black,32000,Used,"Rajshahi, Paba",01/09,https://bikroy.com/paba/mobile-phones/oneplus-12r-256-gb-black-zec7w3QVQd5epd0EvRRbKhic.html,4,2026-09-23T09:26:50.474968+00:00,individual,ফুল ফ্রেশ। কোন ধরনের সমস্যা নাই। যতক্ষণ ইচ্ছা চালিয়ে দেখে নিবেন। ফুল বডি পলি করা আছে। শুধু ফোন আর সিকিউরিটি হিসেবে nid দেওয়া হবে।
OnePlus 11 R 8/128 (Used),25000,Used,"Rajshahi, Godagari",30/04,https://bikroy.com/godagari/mobile-phones/oneplus-11-r-8-128-used-6xKaf52KOGvsHGmrpLL7Ped5.html,4,2026-09-23T09:26:51.100049+00:00,individual,"Model: OnePlus 11r 8/128 variant. Bought on the first day of Ramadan, the phone is completely fresh. Feel free to check it as much as you want, there are no issues. Selling because I am shifting to iPhone. The back looks a bit worn due to the back poly, you can remove the poly to check. Exchange not available. You will get the memo with the phone (charger available for an extra cost). If you want to buy, please message or call directly. Show more"
OnePlus 10 Pro 128 GB,25000,Used,"Rajshahi, Shaheb Bazar",28/06,https://bikroy.com/shaheb-bazar/mobile-phones/oneplus-10-pro-128-gb-7ENu4q5WPenmtHH1AJYDJ5N6.html,3,2026-09-23T09:26:51.743118+00:00,individual,"100% authentic phone
5000 mAh battery
Qualcomm Snapdragon 8 Gen 1 processor
Display original, fingerprint okay
8 GB RAM, 128 GB ROM
Price: 25,000
Please do not message unnecessarily
Only phone and charger
NID card will be provided as documentation
Location: Rajshahi Talaimari"
OnePlus 11R 256 GB Silver,24000,Used,"Rajshahi, Vodra",15 hours ago,https://bikroy.com/vodra/mobile-phones/oneplus-11r-256-gb-silver-zQ8B5qdbkAu8tMRm5uKKZchi.html,5,2026-09-23T09:26:52.269127+00:00,individual,No repair history... 100-watt charger included. Battery health 86%.
OnePlus 11R 256 GB Black,28000,Used,"Rajshahi, Shaheb Bazar",4 hours ago,https://bikroy.com/shaheb-bazar/mobile-phones/oneplus-11r-256-gb-black-uqi8zxOGRdcfOQPsexSgHj7N.html,3,2026-09-23T09:26:52.882831+00:00,individual,"Oneplus 11r, 16 / 256 GB. Super condition. Enjoy a 7-day replacement guarantee and 1-year service warranty. #exchange possible. Our Address: Smart Choice, Shop No. 211, City Center, Beside Rajshahi College, Sonadighi Mor, Rajshahi. Call for any details:"
New OnePlus Ace 2 256 GB Silver,30000,Brand New,"Rajshahi, Rajpara",03/07,https://bikroy.com/rajpara/mobile-phones/new-oneplus-ace-2-256-gb-silver-fkj6kLkcSrmn5FAeEpnjh37i.html,5,2026-09-23T09:26:53.547915+00:00,individual,"OnePlus
Model: Ace 2
RAM: 12/256
Full fresh new condition"
New OnePlus 11R 128 GB Black,28000,Brand New,"Rajshahi, Paba",30/04,https://bikroy.com/paba/mobile-phones/new-oneplus-11r-128-gb-black-mVNayol40JQRQQQAYiTbVtnv.html,4,2026-09-23T09:26:54.093342+00:00,individual,"Check it thoroughly before buying, it is fresh."
OnePlus 11R 256 GB Black,27000,Used,"Rajshahi, Kazla",26/08,https://bikroy.com/kazla/mobile-phones/oneplus-11r-256-gb-black-5YoUDRq3Pi6EbohPNJVZMfHv.html,3,2026-09-23T09:26:54.845513+00:00,individual,"Fully fresh phone with no problems 16/256 price fixed, please ignore if you don't like the price"
OnePlus Nord CE5 256 GB White,28000,Used,"Rajshahi, Shiroil",05/09,https://bikroy.com/shiroil/mobile-phones/oneplus-nord-ce5-256-gb-white-eT6J7oHbekmkmmt2PEcCaouj.html,5,2026-09-23T09:26:55.288408+00:00,individual,"OnePlus nord ce5 
Official 
8/256
Super fresh, looks like new"
OnePlus 11R 256 GB Blue,24500,Used,"Rajshahi, Godagari",08/09,https://bikroy.com/godagari/mobile-phones/oneplus-11r-256-gb-blue-u3gjNTPKjtBe0fd2HhS6Bup1.html,5,2026-09-23T09:26:55.873451+00:00,individual,"16GB ram 
256 GB ROM 
50 MP, f/1.8, 24mm (wide), 1/1.56"", 1.0μm, multi-directional PDAF, OIS
8 MP, f/2.2, 120 ̊ (ultrawide), 1/4.0"", 1.12μm
2 MP (macro)
Features	Color spectrum sensor, LED flash, HDR, panorama
Video	4K/60fps, 1080p/60/240fps, gyro-EIS
120Hz, HDR10+, 1450 nits (peak)
Size	6.74 inches,
Resolution	1240 x 2772 (~451"
OnePlus Nord CE5 256 GB White,28000,Refurbished,"Rajshahi, Boalia",10/07,https://bikroy.com/boalia/mobile-phones/oneplus-nord-ce5-256-gb-white-wj0WPw73PjMKDKS3F6oGNvwL.html,5,2026-09-23T09:26:56.422020+00:00,individual,"The phone name is OnePlus Nord CE5. It is in full fresh condition, comes with the full box and charger."
OnePlus Nord CE4 128 GB Gray,25000,Used,"Rajshahi, Godagari",31/08,https://bikroy.com/godagari/mobile-phones/oneplus-nord-ce4-128-gb-gray-tOPOHsdjpU1HWvdE2K4fWrJx.html,5,2026-09-23T09:26:57.125855+00:00,individual,Sell post. Enjoy a pristine condition phone with no scratches or issues. Model: OnePlus Nord CE 4. RAM/ROM: 8/128. Battery: 5500mAh.
OnePlus Nord 4 256 GB,24000,Used,"Rajshahi, Paba",16/09,https://bikroy.com/paba/mobile-phones/oneplus-nord-4-256-gb-tYcf2VLscVcevb4GKASWCr3O.html,4,2026-09-23T09:26:57.634874+00:00,individual,"Emergency Sell Post
OnePlus Nord 4
8/256 UFS 4.0 
Snapdragon 7 Plus Gen 3 (Gaming Phone) 
5500 mAh Battery
Full fresh condition
Price: 23500 Tk (Almost Fixed) 
Those whose budget is below 20 please skip! 
Location: Rajshahi, Katakhali (Must come to the location)"
OnePlus 11R 128 GB Gray,22000,Used,"Rajshahi, Paba",05/09,https://bikroy.com/paba/mobile-phones/oneplus-11r-128-gb-gray-2PwhiRkVjvz1AWBAaZkrYvbT.html,3,2026-09-23T09:26:58.171626+00:00,individual,"আপনি যদি OnePlus 11R 5G-এর কথা বলেন, তাহলে সংক্ষেপে বর্ণনা:
 OnePlus 11R 5G
ডিসপ্লে: 6.74 ইঞ্চি AMOLED, 120Hz রিফ্রেশ রেট
প্রসেসর: Qualcomm Snapdragon 8+ Gen 1
RAM: 8GB / 16GB
স্টোরেজ: 128GB / 256GB
রিয়ার ক্যামেরা: 50MP + 8MP + 2MP
সেলফি ক্যামেরা: 16MP
ব্যাটারি: 5000mAh
চার্জিং: 100W SUPERVOOC
নেটওয়ার্ক: 5G
সিস্টেম: Android OxygenOS"
OnePlus 12R 128 GB Blue,29000,Used,"Rajshahi, Chhota Banagram",31/08,https://bikroy.com/chhota-banagram/mobile-phones/oneplus-12r-128-gb-blue-Yf7Fi8akXM8Fbq7bBdYBWmd.html,3,2026-09-23T09:26:58.828637+00:00,individual,"ফোনের ব্যাকশেল ফাটা।
এছাড়া ফোনে কোন সমস্যা নেই।
লোকেশন শালবাগান পাওয়ার হাউজ মোড়। সাথে অরজিনাল একটি ফাস্ট সুপারবক চার্জার দেয়া হবে। ক্যাশ মেমো আছে। কিনা দাম ছিল ৩৫ হাজার ৫০০।
বিক্রি দাম ২৯০০০"
OnePlus 13 256 GB Blue,68000,Used,"Chattogram, Oxygen",07/08,https://bikroy.com/oxygen/mobile-phones/oneplus-13-256-gb-blue-uhu1Fn06okWg0bVnRFCoGvLd.html,5,2026-09-23T09:26:59.217469+00:00,individual,"OnePlus 13 (Global Version)
Used: 8 Months
Condition: Excellent (One-Hand Use)
Battery Health: 97%
No Damage / No Issues
Overall Condition: 10/10 – Everything perfectly
What's Included:
Full Box
Original Charger
2 Mobile Covers (Free)"
New OnePlus Nord 6 512 GB Black,70000,Brand New,"Chattogram, Chawkbazar",3 hours ago,https://bikroy.com/chawkbazar/mobile-phones/new-oneplus-nord-6-512-gb-black-rOv3lyxvBHhlLyKlP6ooyNAt.html,3,2026-09-23T09:26:59.839285+00:00,individual,"OnePlus Nord 6
12/512GB
It's new and sealed pack."
OnePlus 13s 256 GB Green,65000,Used,"Chattogram, Halishahar",27/07,https://bikroy.com/halishahar/mobile-phones/oneplus-13s-256-gb-green-6i0VeIAFvsdsvUsIkzYw1mFA.html,3,2026-09-23T09:27:00.588558+00:00,individual,"12/256, brand new condition. 100% Battery Health."
New OnePlus 15 256 GB Black,80000,Brand New,"Chattogram, Chandanaish",02/09,https://bikroy.com/chandanaish/mobile-phones/new-oneplus-15-256-gb-black-rn0AHzpB07ct2YjotNlp0OzO.html,3,2026-09-23T09:27:01.177315+00:00,individual,Get a brand new device complete with its full box and charger! Experience like-new longevity with a battery cycle count of only 22 times.
OnePlus 15 256 GB White,88000,Used,"Chattogram, Chawkbazar",3 hours ago,https://bikroy.com/chawkbazar/mobile-phones/oneplus-15-256-gb-white-pl1reY905NpdBohOQb1qvLIh.html,3,2026-09-23T09:27:01.587227+00:00,individual,"Oneplus 15
12/256
Full Boxed
with Charger"
OnePlus 15 512 GB Black,97000,Used,"Chattogram, Kotwali, Chattogram",30/08,https://bikroy.com/kotwali/mobile-phones/oneplus-15-512-gb-black-s3XwSdMjMJfYUDxWtmkLm89d.html,5,2026-09-23T09:27:02.274323+00:00,individual,"Ekdom fresh, 6month used, official warranty,  24-02-2027 porjonto official warranty active thakbe with charging adaptor include in same official warranty 🙂
Kohinoor city One pluser official outlet theke buy kora hoyechilo

Brand	:OnePlus
Model	15 (16GB/512GB)"
OnePlus 12 R Indian version (Used),31500,Used,"Chattogram, Chawkbazar",22/04,https://bikroy.com/chawkbazar/mobile-phones/oneplus-12-r-indian-version-used-f0lUDg20BYWtIc9Ot6HPDNGj.html,5,2026-09-23T09:27:02.903927+00:00,individual,"ONEPLUS 12R 16/256 GB BH 94%
CONDITION 98% FRESH 
EXCHANGE POSSIBLE BUT GAMING PHONE 8GEN 3 CHIPSET MUST BE ,, 
ADD ONLY 100W CHARGER 
Price almost fixed, 
There is no problem with the mobile. I want to buy a gaming phone like - iqoo 12 or 13
-"
OnePlus 13R 256 GB Silver,45000,Used,"Chattogram, Agrabad",16/09,https://bikroy.com/agrabad/mobile-phones/oneplus-13r-256-gb-silver-7Yf0PMWKt54pimRPDmkXpjI.html,5,2026-09-23T09:27:03.734475+00:00,individual,"Oneplus 13r 12gb 256gb set 100% fresh 99% battery health all over fresh set, lamination and tempered glass applied, cash memo and cover will be provided"
OnePlus Nord CE4 Lite 256 GB Black,20800,Used,"Chattogram, Muradpur",4 hours ago,https://bikroy.com/muradpur/mobile-phones/oneplus-nord-ce4-lite-256-gb-black-8JEQMCf3D6SQOIuXjJfuGYEX.html,4,2026-09-23T09:27:04.127101+00:00,individual,"OnePlus Nord CE 4 lite 5G 
Official 
8/256 
Full box... 
Super Amoled display 
Display fingerprint... 
 সুবিধা:
 ১৫ দিনের রিপ্লেসমেন্ট গ্যারান্টি
 Device – 
 Shop No: 319, 3rd Floor (Lift 2 )
 CPDL RB Midtown Market, মুরাদপুর, চট্টগ্রাম (মক্কা হোটেলের পাশে)"
OnePlus 9RT 5G 128 GB Black,29000,Used,"Chattogram, Halishahar",19/09,https://bikroy.com/halishahar/mobile-phones/oneplus-9rt-5g-128-gb-black-fcM7T66Ck59S9ikJ8AtfeMTf.html,4,2026-09-23T09:27:04.976955+00:00,individual,"1. You can check the mobile thoroughly before purchasing.
2. The power button and volume buttons of the mobile work a bit less.
3. Both the box and charger of the mobile are available.
4. It has been used for 1.5 years.
5. You must come to the location.
Location - Eidgah kancha rasta, Rupsa bakery."
OnePlus 12 512 GB Black,46000,Used,"Chattogram, Chandgaon",26/03,https://bikroy.com/chandgaon/mobile-phones/oneplus-12-512-gb-black-2vwnlsKpBczfS2GadOQRvXDK.html,3,2026-09-23T09:27:05.550309+00:00,individual,"OnePlus 12, 16/512GB. Fresh Condition. No box, no charger. Set + Cash Memo only. Price Fixed. Those who do not have the budget, please stay away. Request not to quote absurd prices. Location: Riazuddin Bazar, Chittagong. Contact 016XXXXXXXX"
OnePlus 11 256 GB,34000,Used,"Chattogram, Lohagara",14/09,https://bikroy.com/lohagara/mobile-phones/oneplus-11-256-gb-1114NcoHB5MSnn03ZRt52YN9.html,3,2026-09-23T09:27:06.198703+00:00,individual,Oneplus 11
OnePlus 10R 128 GB Black,21000,Used,"Chattogram, Agrabad",4 hours ago,https://bikroy.com/agrabad/mobile-phones/oneplus-10r-128-gb-black-hly0Kltnth5XkyXPdxEvwGrX.html,3,2026-09-23T09:27:07.001528+00:00,individual,"Set in fully fresh condition
200% OK
All parts 100% original
RAM 8+128
With original charger
The performance of the set is very good"
OnePlus 13 256 GB White,59000,Used,"Chattogram, Kajir Dewry",31/08,https://bikroy.com/kajir-dewry/mobile-phones/oneplus-13-256-gb-white-5aySVHHSIYeptabWxUjBQ74h.html,3,2026-09-23T09:27:07.548607+00:00,individual,"Phone is in totally fresh condition with no scratches.
Only the device, a few covers, and the cash memo are included.
The device is the Global Variant."
OnePlus 12 512 GB,55000,Used,"Chattogram, Patenga",1 hour ago,https://bikroy.com/patenga/mobile-phones/oneplus-12-512-gb-nhKNdGGQbBfWCnAxOFugpk0L.html,3,2026-09-23T09:27:08.290244+00:00,individual,"Battery Health 97%,,
Case Memo + Lifetime Display Service Warranty,,,
With Charger,,"
OnePlus 7T Pro McLaren Edition 256 GB Black,21999,Used,"Chattogram, Agrabad",31/07,https://bikroy.com/agrabad/mobile-phones/oneplus-7t-pro-mclaren-edition-256-gb-black-ajcuzTBgKIP7rHlVgqSukj6p.html,3,2026-09-23T09:27:08.664721+00:00,individual,"RAM/ROM - 12/256 
For sale"
New OnePlus 128 GB Black,41000,Brand New,"Chattogram, Chawkbazar",3 hours ago,https://bikroy.com/chawkbazar/mobile-phones/new-oneplus-128-gb-black-e0B33vLLj5Ngrys7ozNScU7f.html,3,2026-09-23T09:27:09.071040+00:00,individual,"OnePlus Nord CE6
8/128
Brand New"
OnePlus 256 GB Gray,36000,Used,"Chattogram, Oxygen",12/09,https://bikroy.com/oxygen/mobile-phones/oneplus-256-gb-gray-eAAzpFBYbqdn6kTx1LQzeR4.html,5,2026-09-23T09:27:09.804062+00:00,individual,"OnePlus Nord 5 (8/256)... full fresh... No dents, spots & problems... full body laminated... you can check and take... brought from India... used for about 6 months..."
OnePlus 13R 512 GB Silver,48500,Used,"Chattogram, Rangunia",06/09,https://bikroy.com/rangunia/mobile-phones/oneplus-13r-512-gb-silver-BimuH69fH5QsfdfOPj4P3Fbh.html,4,2026-09-23T09:27:10.278819+00:00,individual,"*Device , Cover & Charger will be given.
 16GB RAM + 512GB Storage — Power & Storage-এর দিক থেকে একদম beast!
 Location: Rangunia thanar pashe,Rowajarhat rangunia upazilla."
New OnePlus 15R 512 GB Green,54000,Brand New,"Chattogram, Pahartali",19/09,https://bikroy.com/pahartali/mobile-phones/new-oneplus-15r-512-gb-green-b3r06mrmEh2y1D8GveAPyMJa.html,4,2026-09-23T09:27:10.811148+00:00,individual,"Only set
Set all ok 
Must be location aste hobe"
OnePlus 13 256 GB Blue,55500,Used,"Dhaka, Bangshal",18/09,https://bikroy.com/bangshal/mobile-phones/oneplus-13-256-gb-blue-zjslgl8QEOY5dRdbjW89Nh3c.html,5,2026-09-23T09:27:11.486403+00:00,individual,"Fully fresh condition
With OnePlus Original Charger 
(Personal Device not for business purposes)
Battery Health 97%
Snapdragon 8 Elite Processor 
Price is almost fixed (Slightly Negotiable)
Location: Bangshal (Pakistan Math) Near Walton Showroom... 
Security: 
NID Card 
Or 
My Business Visiting Card 
Or
Passport Copy 016XXXXXXXX"
OnePlus 15R 512 GB Black,55000,Used,"Dhaka, Mirpur",30/08,https://bikroy.com/mirpur/mobile-phones/oneplus-15r-512-gb-black-xtZXPjtbdfjG3i1i5atQoGLq.html,5,2026-09-23T09:27:12.215478+00:00,individual,"• হালকা কিছু rash/ব্যবহারের দাগ আছে
• সবসময় cover ব্যবহার করা হয়েছে
• Overall very good condition
📦 Original 65W OnePlus Genuine Adapter Included ⚡
🧾 Purchase: Jamuna Future Park
✅ Original Purchase Invoice Available
📍 Location: Mirpur, Kazipara
💎 Premium Device • Genuine Invoice • Genuine Adapter"
OnePlus Nord 6 256 GB Silver,49999,Used,"Dhaka, Mirpur",18/09,https://bikroy.com/mirpur/mobile-phones/oneplus-nord-6-256-gb-silver-WvbRRmFdkJ7k75zMs4ty6na.html,5,2026-09-23T09:27:12.823695+00:00,individual,"OnePlus Nord purchased from Jamuna Future Park on this date. The phone has no issues, scratches, or dents. Charging cycle is only 45 times and battery health is 100%.
Original charger, cable, memo, and lifetime security papers can be provided. Exchange is not possible.
**(Price Fixed)**
Location: Army Camp, Puraton Banijya Mela Math, Zia Uddan, Sher-e-Bangla Nagar, Dhaka"
OnePlus 15 256 GB Graphite,78000,Used,"Dhaka, Jamuna Future Park",07/09,https://bikroy.com/jamuna-future-park/mobile-phones/oneplus-15-256-gb-graphite-cZaPDl6bwiYnbaAWmZYuNUGS.html,4,2026-09-23T09:27:13.399448+00:00,individual,Onepluss 15 12/256 gb fresh condition with box charger
OnePlus Nord 6 256 GB Black,52490,Used,"Dhaka, Shyamoli",4 hours ago,https://bikroy.com/shyamoli/mobile-phones/oneplus-nord-6-256-gb-black-glOLKjl7mRJM4jfhOiQ07eDf.html,5,2026-09-23T09:27:13.678730+00:00,business,"#OnePlus_Nord_6 8/256

100% | Charging Cycle: 08
Condition: Full Box | Intact conditions
Indian Official Warranty Available

⸻
EXCHANGE AVAILABLE
100% Authentic Product
⸻
EMI Facility (Available on cards from 36 banks)
⸻
Cash On Delivery Nationwide
⸻
Shop Location:
Phone-e
Shop No: 573, Level-5
Shyamoli Square Shopping Mall, Dhaka"
OnePlus 15 256 GB Black,82990,Used,"Dhaka, Shyamoli",3 hours ago,https://bikroy.com/shyamoli/mobile-phones/oneplus-15-256-gb-black-gbk2XF8YvCtEyqOhu6u4ShMY.html,3,2026-09-23T09:27:14.361298+00:00,business,"OnePlus 15 12/256 
 99% Customised Global 
 Condition: Full Box | Intact Conditions
  EXCHANGE POSSIBLE
 100% Authentic Product
 EMI Facility (on cards of 36 banks)
 Cash On Delivery Nationwide
⸻
 Shop Location:
Phone-e
Shop No: 573, Level-5
Shyamoli Square Shopping Mall, Dhaka"
OnePlus 13 256 GB Black,55990,Used,"Dhaka, Shyamoli",7 hours ago,https://bikroy.com/shyamoli/mobile-phones/oneplus-13-256-gb-black-Be4a4ZYwBZJ2PFZcffLd2e5a.html,5,2026-09-23T09:27:14.879792+00:00,individual,"New Arrival best Price 
Get #NEW_ One Plus 13 5G 12/256GB Chinese BATTERY HEALTH 99 %
#_USED_NEW_CONDITION_FULL_BOX
Exchange Possible 
We sell 100% Original Product
You can check it however you like. 
Warranty Policy  
7 Days Parts Replacement Warranty 
2 Year Service Warranty Without LCD, Software & Physical Damage"
OnePlus 15 256 GB White,87000,Used,"Dhaka, Baridhara",6 hours ago,https://bikroy.com/baridhara/mobile-phones/oneplus-15-256-gb-white-d7b2JnypLwzOjR4xaqnuSgoM.html,4,2026-09-23T09:27:15.276259+00:00,individual,"one plus 15
Custom Global 
full box 
full fresh condition"
New OnePlus 256 GB,62999,Brand New,"Dhaka, Bashundhara City",6 hours ago,https://bikroy.com/bashundhara-city/mobile-phones/new-oneplus-256-gb-ppsVFtWgCSk3YKQt0BV1LjAo.html,2,2026-09-23T09:27:16.016305+00:00,individual,"10-day replacement guarantee
 2-year service warranty
 Fast and secure courier service across the country
 Attractive exchange offers available
 Emon Gadget Point
Basement-1, Shop-84
Bashundhara City Shopping Mall"
OnePlus 15R 256 GB Green,54990,Used,"Dhaka, Badda",6 hours ago,https://bikroy.com/badda/mobile-phones/oneplus-15r-256-gb-green-1sgx7wOWB0T5e76326x1y3Il.html,3,2026-09-23T09:27:16.799949+00:00,individual,"Price fixed
Processor : Snapdragon 8 gen 5 5g
Ram: 12 GB
Display: 6.8"" AMOLED 165hz
Camera: Back-50+8\Front-32 MP
Device with Cash Memo.
You will get a 7-day replacement and 1 year of free service. You can exchange your old mobile with us.
Weekly holiday: Wednesday."
OnePlus 10T 256 GB Green,45000,Used,"Dhaka, Mohakhali",15 hours ago,https://bikroy.com/mohakhali/mobile-phones/oneplus-10t-256-gb-green-3JyDYwjTILuTDL4lF8pThAV2.html,5,2026-09-23T09:27:17.480934+00:00,individual,"Full OK new condition 
No problems with the phone 
Comes with original 100W charger"
OnePlus 13R 256 GB Black,45000,Used,"Dhaka, Mirpur",27/08,https://bikroy.com/mirpur/mobile-phones/oneplus-13r-256-gb-black-4Ye9TCchHKpwL3yEAmTFgx4b.html,4,2026-09-23T09:27:18.123747+00:00,individual,Phone full fresh condition Chek kore nite parben .Ekhono phone a kono service korano hoy nee .emarjency Taka dorkar taii phone ta sell kora .Location. Dhaka Mirpur 6 016XXXXXXXX 017XXXXXXXX
OnePlus 11 256 GB Black,45000,Used,"Dhaka, Uttara",05/09,https://bikroy.com/uttara/mobile-phones/oneplus-11-256-gb-black-b7W0VkQiRlbkIJSjDi9FydEV.html,3,2026-09-23T09:27:18.818159+00:00,individual,ফোনটি আমি কিছুদিন আগে কিনেছিলাম। এখন জরুরি টাকার প্রয়োজন তাই মোবাইলটি বিক্রি করতে চাচ্ছি।
New OnePlus 15R 256 GB,67499,Brand New,"Dhaka, Bashundhara City",7 hours ago,https://bikroy.com/bashundhara-city/mobile-phones/new-oneplus-15r-256-gb-jH8JFKtmwzXfcpNFHIOC4fb3.html,3,2026-09-23T09:27:19.333136+00:00,individual,"10-day replacement guarantee
 2-year service warranty
 Safe courier facility across the country
 Attractive exchange offers
 Basement-1, Shop-84, Bashundhara City Shopping Mall
 Prices are subject to change. Please contact us on WhatsApp before visiting."
OnePlus Nord 3 128 GB Black,20990,Used,"Dhaka, Shyamoli",6 hours ago,https://bikroy.com/shyamoli/mobile-phones/oneplus-nord-3-128-gb-black-jVQlUE4NyTe313KsIKtKLkQE.html,5,2026-09-23T09:27:19.961470+00:00,individual,"Guarantee - Warranty
Every phone of ours comes with a 10-day guarantee and a 1-year service warranty.
 If you find any issue, you can change the model.
 Our shop address
 Maa Enterprise
 Shyamoli Khan Plaza Mobile Market
 Shop Number: 22
 Ring Road, Shyamoli, Mohammadpur Dhaka-1207
 Above Sundarban Courier Service."
OnePlus 11 256 GB Green,24000,Used,"Dhaka, Mirpur",05/09,https://bikroy.com/mirpur/mobile-phones/oneplus-11-256-gb-green-mu90F1UfufmCwlyvnvwdX0jT.html,5,2026-09-23T09:27:20.539216+00:00,individual,"Oneplus 11 5g for sell
16gb lpddr5x ram (expendable upto 12gb) and 256gb storage .
Display has greenline.
Other than that the phone is top notch. No major scratches.
No repair history. Never opened.
Original 100w charger will be given with the phone.
Location is mirpur 12 dhaka.
Can courier at any location in bd with cash on delivery."
OnePlus 11R 512 GB Red,26500,Used,"Dhaka, Jatrabari",7 hours ago,https://bikroy.com/jatrabari/mobile-phones/oneplus-11r-512-gb-red-oQHtKU60odRxxGjrjkG3Yz2V.html,4,2026-09-23T09:27:21.114383+00:00,individual,"Condition:Full Fresh Body Unfresh Slightly
Ram:18GB Special Edition
Rom:512GB
Amoled Display 
Snapdragon 8+ Gen 1
Price:Fixed
(যাত্রাবাড়ী আমাদের সাপ্তাহিক বন্ধ সোমবার) 
ঠিকানা:ঢাকা যাত্রাবাড়ী, শহীদ ফারুক রোড, তাজ-তানভীর সুপার মার্কেট, ২য় তলা, দোকান নাম্বার:১০ (MobileHub)"
OnePlus 9R 256 GB Blue,20000,Used,"Dhaka, Uttara",28/08,https://bikroy.com/uttara/mobile-phones/oneplus-9r-256-gb-blue-yJUPZanD3nr7t1cUInAL8YVi.html,5,2026-09-23T09:27:21.708544+00:00,individual,"OnePlus 9R 5G 
8+8gb ram
256gb rom
Camera 🔥
ফোনের কোন সমস্যা নাই 016XXXXXXXX"
OnePlus Nord 3 128 GB,19000,Used,"Dhaka, Savar",12 hours ago,https://bikroy.com/savar/mobile-phones/oneplus-nord-3-128-gb-bjxFlr9YAi9O5ODDERAfpafR.html,5,2026-09-23T09:27:22.401685+00:00,individual,"Good phone, has a slight scratch which is shown in the picture, please check it. No problem at all. You will get the box with it. Flagship processor Dimensity 9000. RAM 8GB ROM 128GB. Location Savar"
OnePlus 11R 128 GB Silver,20999,Used,"Dhaka, Mirpur",05/09,https://bikroy.com/mirpur/mobile-phones/oneplus-11r-128-gb-silver-umHIBWBbDmpm36gBf5SbMeZG.html,5,2026-09-23T09:27:23.006637+00:00,individual,"Market+original+display+lagn.price fixed fixed... ++FOR+SALE:+OnePlus+11R+5G+(Fresh+Condition)+
​Up+for+sale+is+a+super-fast,+flagship+killer+OnePlus+11R+5G+in+pristine,+like-new+condition.+Gently+used,+zero+issues,+and+performance+is+as+smooth.+(8+128)+gb+variant.+With+original+65watt+charger.+Location+ECB+Chattar+Dhaka+Cantonment 013XXXXXXXX"
OnePlus Nord 5 256 GB Blue,39500,Used,"Dhaka, Khilgaon",3 hours ago,https://bikroy.com/khilgaon/mobile-phones/oneplus-nord-5-256-gb-blue-kPrObLryowVvG6qNqRedQKj8.html,3,2026-09-23T09:27:23.640976+00:00,individual,"Assalamu Alaikum.
Greetings from ""Mobo Live Bd"".
Oneplus Nord 5 8/256GB
Sky Blue
Full Factory unlock
100% original device
Dear Honourable Customer,
Now you can purchase with EMI on 21 banks' credit cards. Thanks for being with us."
OnePlus 11R 128 GB Black,25000,Used,"Dhaka, Savar",6 hours ago,https://bikroy.com/savar/mobile-phones/oneplus-11r-128-gb-black-zWYWLhO9fwRivZ159G65436T.html,5,2026-09-23T09:27:24.241389+00:00,individual,"Display: 6.74"" amoled, 120hz
processor: snapdragon 8+ gen 1
camera: 50mp + 8mp + 2mp, front 16mp
battery: 5000mah
charging: 100w supervooc
ram/storage: 8gb ram, 128gb storage
5g: available
os: android"
OnePlus Nord CE4 128 GB,22500,Used,"Dhaka, Jatrabari",6 hours ago,https://bikroy.com/jatrabari/mobile-phones/oneplus-nord-ce4-128-gb-xgINrUQsdZhQqlyi9Fzz0ZhF.html,4,2026-09-23T09:27:24.840606+00:00,individual,"Assalamu Alaikum
Welcome to Gadget Exchange BD
 
 All perfect working
 Buying/selling and exchange means Gadget Exchange BD
 Come to our shop to get 100% genuine products
 With cash memo
 7 Days Replacement
 1 Year service warranty without Parts
 Gadget Exchange BD 
Shop No. 67 (3rd Floor)
Vikrampur Plaza, Jurain Railgate, Dhaka-1204"
OnePlus Nord CE 5G 256 GB White,32990,Used,"Dhaka, Shyamoli",4 hours ago,https://bikroy.com/shyamoli/mobile-phones/oneplus-nord-ce-5g-256-gb-white-7wOrfoaTzjoiMj1xvfckG6NJ.html,3,2026-09-23T09:27:25.641731+00:00,business,"Premium Look | Smooth Performance
100% | 
Condition: Full Box | Full Fresh

EXCHANGE AVAILABLE
100% Authentic Product

EMI Facility (Available on cards from 36 banks)

Cash On Delivery Across the Country

Shop Location:
Phone-e
Shop No: 573, Level-5
Shyamoli Square Shopping Mall, Dhaka 015XXXXXXXX"
OnePlus 9 Pro 256 GB Green,23000,Used,"Dhaka, Khilgaon",03/09,https://bikroy.com/khilgaon/mobile-phones/oneplus-9-pro-256-gb-green-18E27AEJL6mVPL0pmshZbHUC.html,5,2026-09-23T09:27:26.372514+00:00,individual,"Phone a Kono issues nei! Shob thik ache kono kichu change nei.. phone er performance and camera onek Bhalo 4k 60/120 fps video supported.. performance ow onek smooth with gaming 
Storage:12/256gb
Ultapalta daam bola Manush post ignore koren ❗❗
Price olpo kichu kom rakhaa jabe"
OnePlus 10R 128 GB Black,19500,Used,"Dhaka, Khilgaon",4 hours ago,https://bikroy.com/khilgaon/mobile-phones/oneplus-10r-128-gb-black-ffOg6rYi6XoYovqBjGtia4hP.html,3,2026-09-23T09:27:26.925623+00:00,individual,"Assalamu Alaikum. Greetings from ""Mobo Live Bd"". Oneplus 10r 8/128GB Black Full Factory unlock 100% original device Dear Honourable Customer. Now you can purchase with Emi of 21 Banks credit card. Thanks for being with us."
OnePlus 9RT 5G 256 GB Green,25000,Used,"Dhaka, Dhanmondi",08/09,https://bikroy.com/dhanmondi/mobile-phones/oneplus-9rt-5g-256-gb-green-uYznLe88USc9GRmmUCBcQvNF.html,5,2026-09-23T09:27:27.435084+00:00,individual,"Original charger 
Box 
Kono problem nai
Fresh condition"
OnePlus 9 Pro 256 GB Green,28900,Used,"Dhaka, Mirpur",4 hours ago,https://bikroy.com/mirpur/mobile-phones/oneplus-9-pro-256-gb-green-9TrbSL9P0DebXCGa2itsv8KD.html,5,2026-09-23T09:27:28.119499+00:00,individual,"OnePlus 9pro 12/256GB International Global Variant.
All Authentic Original Parts.
Kono Problem nai, All Okay.
Super Fast Mobile, Super Camera
Dhaka Mirpur Pallabi Notun thana"
Xiaomi 12 128 GB Purple,35500,Used,"Rajshahi, Bagmara",1 day ago,https://bikroy.com/bagmara/mobile-phones/xiaomi-12-128-gb-purple-a6UgQ2PYvNLhnfSlld9Ufbx7.html,3,2026-09-23T09:27:28.817952+00:00,individual,"Full fresh, no issues."
New Xiaomi Redmi Turbo 5 Max 256 GB White,52000,Brand New,"Rajshahi, Kazihata",17/09,https://bikroy.com/kazihata/mobile-phones/new-xiaomi-redmi-turbo-5-max-256-gb-white-ilYJdOW4H3a3gxDJ2NnetvyC.html,4,2026-09-23T09:27:29.515475+00:00,individual,"Purchased on September 2, 2026, full fresh, battery health 100%, battery count was given around 26 times. The reason for selling the phone is I will shift from a Chinese ROM to another flagship ROM."
Xiaomi Redmi Note 15 256 GB Pink,27000,Used,"Rajshahi, Court Station",02/09,https://bikroy.com/court-station/mobile-phones/xiaomi-redmi-note-15-256-gb-pink-e1J8Oru7Kj8gfPT1A3ikoJM4.html,3,2026-09-23T09:27:30.259772+00:00,individual,"২মাস হয়েছে ফোন কিনা বক্স চার্জ সব আছে,, 
এক বছরের ওয়ারেন্টি আছে,, 
জরুরী টাকার প্রয়োজন এজন্য বিক্রি করতেছি"
Xiaomi Redmi Turbo 4 Pro 256 GB Black,34999,Used,"Rajshahi, Hatemkha",19/09,https://bikroy.com/hatemkha/mobile-phones/xiaomi-redmi-turbo-4-pro-256-gb-black-scv8R2P7tZxe57Ubzcz19btn.html,3,2026-09-23T09:27:30.876746+00:00,individual,Battery health 98% brand new condition no scratch with box and original charger
Xiaomi Redmi Note 14 Pro+ 256 GB Black,28500,Used,"Rajshahi, Court Station",20/09,https://bikroy.com/court-station/mobile-phones/xiaomi-redmi-note-14-pro-256-gb-black-s4Ggj7xyStkVRs3JSFrFYhBo.html,5,2026-09-23T09:27:31.447629+00:00,individual,"My older brother brought the phone from India. I am selling the phone due to my financial problems. If anyone wants to buy it, please contact. There are no problems with the phone, it is completely fresh."
Xiaomi Redmi Note 15 Pro+ 256 GB Silver,35000,Used,"Rajshahi, Boalia",04/09,https://bikroy.com/boalia/mobile-phones/xiaomi-redmi-note-15-pro-256-gb-silver-dwzp36PX9NTRHVEpowKH5Kbs.html,4,2026-09-23T09:27:32.075768+00:00,individual,"একদম নতুন কন্ডিশন । 
মেমো দেওয়া হবে ।
 যোগাযোগ 016XXXXXXXX 015XXXXXXXX"
Xiaomi Redmi Note 13 Pro+ 256 GB White,28000,Used,"Rajshahi, Court Station",06/09,https://bikroy.com/court-station/mobile-phones/xiaomi-redmi-note-13-pro-256-gb-white-w6nkvfxESFjDdNLEvJ2toQR8.html,5,2026-09-23T09:27:32.744050+00:00,individual,টাকার দরকার তাই ফোন বিক্রি করছি
Xiaomi 13 Lite 256 GB Gray,41000,Used,"Rajshahi, Kazla",11/09,https://bikroy.com/kazla/mobile-phones/xiaomi-13-lite-256-gb-gray-BkyZxjzmpg9fNKo69tic8eCs.html,5,2026-09-23T09:27:33.496753+00:00,individual,"Absolute best phone.
Selling it because I bought a new phone.
Used for 4 months.
67W charger + box will be given with it."
Xiaomi Redmi Note 15 Pro+ 512 GB Black,42000,Used,"Rajshahi, Shaheb Bazar",14/09,https://bikroy.com/shaheb-bazar/mobile-phones/xiaomi-redmi-note-15-pro-512-gb-black-1g84IXGfBbz12jwf83hj48Cl.html,4,2026-09-23T09:27:34.049113+00:00,individual,"Model : Redmi Note 15 pro plus 5g 
Ram : 16 Gb / Rom : 512 Gb 
Battery Health : 99% 
Used : 6 months 
Condition : Full fresh 100% 
Box and Charger are available -/ China Variant"
Xiaomi Redmi Turbo 4 256 GB Blue,35000,Used,"Rajshahi, Nawdapara",08/09,https://bikroy.com/nawdapara/mobile-phones/xiaomi-redmi-turbo-4-256-gb-blue-d4vpq2VJxd6iiszVJ9Yp6Fcv.html,4,2026-09-23T09:27:34.663226+00:00,individual,"Redmi Turbo 4 
16/256
 BH Health 94%
Super fresh condition 
No scratches or dents
No repair history 
Full box available"
Xiaomi Redmi Turbo 4 Pro 256 GB White,38000,Refurbished,"Rajshahi, Uposahar",1 day ago,https://bikroy.com/uposahar/mobile-phones/xiaomi-redmi-turbo-4-pro-256-gb-white-uYvMrZPpuxkwjhrqlxssjWe4.html,5,2026-09-23T09:27:35.244025+00:00,individual,ফোনে কোনো সমস্যা নাই কন্ডিশন খুব ভালো  আছে ফোন জতো খুশি চেক করে নিতে পারবেন জুদি কারোর পছন্দ হয়  যোগাযোগ করেন.....
New Xiaomi Redmi Note 15 256 GB Purple,27500,Brand New,"Rajshahi, Boalia",08/09,https://bikroy.com/boalia/mobile-phones/new-xiaomi-redmi-note-15-256-gb-purple-yMNy5fPeKKNWRv9t6J02StVR.html,5,2026-09-23T09:27:35.751835+00:00,individual,ফোনটি ছয় মাস ব্যবহৃত হয়নি একবারেই নতুন ফোনটি বিক্রি করব টাকার প্রয়োজনে যদি কোন ব্যক্তি ফোনটি কিনতে চায় তাহলে আমার নাম্বারে যোগাযোগ করুন ফুল ফ্রেশ কন্ডিশন
Xiaomi 14 Pro 512 GB Purple,27500,Used,"Rajshahi, Bagha",1 day ago,https://bikroy.com/bagha/mobile-phones/xiaomi-14-pro-512-gb-purple-3vMPS6ZQsTYfIlIrpqA0YgHF.html,5,2026-09-23T09:27:36.045101+00:00,individual,"There is no issue with the phone, box charger everything is available, completely fresh"
Xiaomi Redmi Note 13 Pro 5G 256 GB Black,24000,Used,"Rajshahi, Paba",28/08,https://bikroy.com/paba/mobile-phones/xiaomi-redmi-note-13-pro-5g-256-gb-black-p7OufExggkLdLARneERnkoKd.html,5,2026-09-23T09:27:36.628236+00:00,individual,Phone kono problem nai full fresh new phone nibo sei jonne sell korbo excange possible
Xiaomi Redmi Note 13 Pro 5G 256 GB Red,20000,Used,"Rajshahi, Boalia",08/09,https://bikroy.com/boalia/mobile-phones/xiaomi-redmi-note-13-pro-5g-256-gb-red-1HphW0qfhpderxA3XvQmhk2X.html,5,2026-09-23T09:27:37.021479+00:00,individual,Urgent Money Needed-
Xiaomi 11 Lite 5G NE 128 GB Pink,15000,Used,"Rajshahi, Court Station",07/09,https://bikroy.com/court-station/mobile-phones/xiaomi-11-lite-5g-ne-128-gb-pink-eLLuil2RmYOEb2BYf2CFmtw5.html,3,2026-09-23T09:27:37.586610+00:00,individual,"Redmi 10 Power 8/128, no problems, phone is all ok, full box, fixed price 15k"
Xiaomi 12T Pro 256 GB Black,17000,Used,"Rajshahi, Puthia",25/08,https://bikroy.com/puthia/mobile-phones/xiaomi-12t-pro-256-gb-black-f552F1LDeUG36aE1UiNYBjBL.html,3,2026-09-23T09:27:38.363953+00:00,individual,ফোনে ডিসপ্লে গ্রিন লাইন। মাইক্রফোনে একটু সমস্যা।
Xiaomi Redmi 13C 128 GB Blue,17500,Used,"Rajshahi, Paba",06/09,https://bikroy.com/paba/mobile-phones/xiaomi-redmi-13c-128-gb-blue-dDfe8RAMUzaEVrgqOTpW3fZg.html,5,2026-09-23T09:27:38.900463+00:00,individual,"নাম মাত্র ২ মাস ব্যবহৃত,  ফোন প্রায় ব্রান্ড নিউ এবং অফিসিয়াল,  কোন প্রকার সমস্যা নাই।"
Xiaomi 12S Pro 256 GB Graphite,16000,Used,"Rajshahi, Shaheb Bazar",06/09,https://bikroy.com/shaheb-bazar/mobile-phones/xiaomi-12s-pro-256-gb-graphite-oAbbX5OYj16ExOGXwc0OfQjI.html,4,2026-09-23T09:27:39.393627+00:00,individual,"Problem: 3 green line 
Location: sahib Bazar / Ruppur ishwardi"
Xiaomi Redmi Note 13 256 GB Black,17000,Used,"Rajshahi, Kadirgonj",6 hours ago,https://bikroy.com/kadirgonj/mobile-phones/xiaomi-redmi-note-13-256-gb-black-6qDJ9xPEfJza9Ok3d6Aormz2.html,5,2026-09-23T09:27:40.096041+00:00,individual,"Assalamu Alaikum Warahmatullahi Wabarakatuh
Fresh condition
Box: Only Device
Cash Memo: Available
Replacement Guarantee: Up to 7 days (subject to conditions)
Location: Rajshahi Kadirganj Chalpotti, beside Large Farmer, behind Shopnochura Plaza, Nagar Bhaban.
Shop No: 123 - Ground Floor beside lift
Shop Name: Rajshahi Mobile Bari 019XXXXXXXX"
Xiaomi 11T 128 GB,21000,Used,"Rajshahi, Kadirgonj",15/09,https://bikroy.com/kadirgonj/mobile-phones/xiaomi-11t-128-gb-nnm2Rm9bkXYuBYkCffGvjUqj.html,5,2026-09-23T09:27:40.572918+00:00,individual,"If you want to take it, you can inbox or make a phone call
No:"
Xiaomi Redmi Note 15 256 GB Pink,26500,Used,"Rajshahi, Shaheb Bazar",01/09,https://bikroy.com/shaheb-bazar/mobile-phones/xiaomi-redmi-note-15-256-gb-pink-5INoIaNdEW2PXZro8lUZntzn.html,5,2026-09-23T09:27:41.324460+00:00,individual,"Phone bought 2 months ago, box and charger all available,, selling because I need money, 26,500 fixed price"
Xiaomi Redmi Note 13 128 GB Black,15000,Used,"Rajshahi, Boalia",4 hours ago,https://bikroy.com/boalia/mobile-phones/xiaomi-redmi-note-13-128-gb-black-2R82nXY5yljK0w3zRT9m3GVS.html,4,2026-09-23T09:27:42.077159+00:00,individual,"Redmi Note 13 5G
RAM-6 GB
ROM-128 GB
In-display fingerprint
There is no problem with the phone, you can check it as much as you want.
If you take the phone, a copy of the NID card can be provided, no problem."
Xiaomi Poco C85 4G 128 GB Blue,19999,Used,"Rajshahi, Motihar",01/09,https://bikroy.com/motihar/mobile-phones/xiaomi-poco-c85-4g-128-gb-blue-kBo1lZVwFINQgxbJ6lBNCT1V.html,5,2026-09-23T09:27:42.639954+00:00,individual,ফোনে কোন সমস্যা নাই ফুল ফ্রেশ ফোনের সাথে বক্স নাই চার্জার আছে
Xiaomi Redmi Note 13 Pro 5G 256 GB Red,27000,Used,"Rajshahi, Boalia",25/08,https://bikroy.com/boalia/mobile-phones/xiaomi-redmi-note-13-pro-5g-256-gb-red-bsftR31rsF0RxgRoJi9E4EEx.html,3,2026-09-23T09:27:43.174883+00:00,individual,"*Redmi Note 13 Pro 5G *
 *Main Camera Sensor-এ হালকা দাগ আছে**, তাই ছবি তুললে পাতলা দাগ দেখা যায়। Wide-angle ও অন্যান্য সবকিছু ঠিক আছে।*
 *Box + ২টি Cover দেওয়া হবে*

 যতক্ষণ ইচ্ছা দেখে ও চেক করে নিতে পারবেন।

*Price Negotiable*
 *Location: Alokar More, Rajshahi*
*গেমিং এর জন্য খুব ভালো ফোন । আমি গেম খেলার জন্য কিনেছিলাম কিন্তু গেম খেলিনা*"
Xiaomi Redmi 15C 128 GB Blue,16499,Used,"Rajshahi, Rajpara",20/09,https://bikroy.com/rajpara/mobile-phones/xiaomi-redmi-15c-128-gb-blue-zZjAkVIurnvYu7TJuFla1cEt.html,4,2026-09-23T09:27:43.809576+00:00,individual,Redmi 15 c 5g 4+4 128 Akdom new 13 din boyos r phone r akdom fresh all ok full box kio nile call fast emergency tk r dorkar tai sell korbo
Xiaomi Redmi Note 11 Pro 5G 128 GB Blue,15000,Used,"Rajshahi, Court Station",06/09,https://bikroy.com/court-station/mobile-phones/xiaomi-redmi-note-11-pro-5g-128-gb-blue-kklOPR3sCm80ZZ4mt4bx1jW5.html,5,2026-09-23T09:27:44.608096+00:00,individual,"Model:Redmi Note 11 Pro 5g
Ram:6+6 Gb
Storage:128 Gb
Phone full fresh nijer use kora phone!
Phone full authentic kono din khula hoi nai!
No repair history!
Cameraa 100 te 100 raw mal!"
Xiaomi 14 Ultra 512 GB Black,70000,Used,"Chattogram, Cornelhat",02/05,https://bikroy.com/cornelhat/mobile-phones/xiaomi-14-ultra-512-gb-black-BzHrSBx0gTVVk20uDrWvsikO.html,4,2026-09-23T09:27:45.109694+00:00,individual,"Set is in full fresh condition. Used for 1 year, imported from abroad. Comes with full box. Has a minor scratch on the bumper, otherwise everything is okay and in full fresh condition."
Xiaomi 17 256 GB Green,85000,Used,"Chattogram, Chawkbazar",3 hours ago,https://bikroy.com/chawkbazar/mobile-phones/xiaomi-17-256-gb-green-8Xup8fLAEpIqYC1vPEFxOsxq.html,3,2026-09-23T09:27:46.018958+00:00,individual,"Xiaomi 17
Just open Box,
like new condition
with Box and everything"
Xiaomi 13 512 GB White,34500,Used,"Chattogram, Khulshi",13/09,https://bikroy.com/khulshi/mobile-phones/xiaomi-13-512-gb-white-rCpSxY3pazD6T4mhLEmER1Pp.html,5,2026-09-23T09:27:46.225063+00:00,individual,"Xiaomi 13 — 12GB RAM / 512GB Storage
Water-resistant
100% Genuine Device
Condition: very good
Location: Khulshi Town Center, Chattogram
Interested? Feel free to message for details.
Phone 018XXXXXXXX"
Xiaomi 15T Pro 512 GB Bronze,75000,Used,"Chattogram, Chawkbazar",4 hours ago,https://bikroy.com/chawkbazar/mobile-phones/xiaomi-15t-pro-512-gb-bronze-fdYks0bIJEFupMHqg6rDoqTK.html,3,2026-09-23T09:27:46.642163+00:00,individual,"Xiaomi 15T pro with Box
12/512
12/256 available 
Global Edition 
Few days Used."
Xiaomi Redmi 512 GB Black,49000,Used,"Chattogram, Pahartali",08/06,https://bikroy.com/pahartali/mobile-phones/xiaomi-redmi-512-gb-black-feRPJ6Q42ZlXAoPXFjKjfH4P.html,5,2026-09-23T09:27:47.031696+00:00,individual,"Assalamu Alaikum.
Only those who are interested in taking the mobile should call or message. Please quote the price considering the market. This is not 256 GB storage, it is 512 GB storage, so please check the price accordingly. I have given the price I can offer. If you are interested at 49 thousand, please inbox me. If you want to know anything else, that can also be discussed."
Xiaomi Redmi Turbo 4 Pro 256 GB Gold,36000,Used,"Chattogram, Agrabad",18/09,https://bikroy.com/agrabad/mobile-phones/xiaomi-redmi-turbo-4-pro-256-gb-gold-wI7z3fAZMoQKHWf36itmnUHX.html,3,2026-09-23T09:27:47.522275+00:00,individual,"Full box, there are no problems."
New Xiaomi Redmi Note 17 Pro 256 GB Black,40500,Brand New,"Chattogram, Agrabad",3 hours ago,https://bikroy.com/agrabad/mobile-phones/new-xiaomi-redmi-note-17-pro-256-gb-black-feZnPZJKTKFat7lytkLptJ6r.html,3,2026-09-23T09:27:48.288899+00:00,individual,"** REDMI NOTE 17 PRO 5G (8/256) New, 
9000 MAH BATTERY. 
Address:
Shop-537, Level-5 (4th floor of capsule lift), 
Go straight after exiting the lift to JojoBD.
Akhtaruzzaman Center, 
Agrabad, Chittagong."
Xiaomi Redmi Turbo 4 Pro 256 GB Green,35000,Used,"Chattogram, Muradpur",1 day ago,https://bikroy.com/muradpur/mobile-phones/xiaomi-redmi-turbo-4-pro-256-gb-green-8ZXf08MmYOgMQnEtht3QbwR4.html,4,2026-09-23T09:27:48.903228+00:00,individual,"Redmi Turbo 4 Pro — Absolutely Fresh Condition
Used: Only 3 months
Full Fresh Condition
No Dents / Scratches
Used with utmost care
Original Box available
Original Charger + Cable available
Memo/Invoice available
No problems with the phone
Opportunity to see and check will be available
Condition: 10/10
Price: ৳36,000 (Negotiable)
Location: Chattogram"
Xiaomi 13T Pro 1 TB Blue,50000,Used,"Chattogram, Bandar, Chattogram",18/09,https://bikroy.com/bandar/mobile-phones/xiaomi-13t-pro-1-tb-blue-aaL4VdtYELgflhLlYeJFO5M1.html,5,2026-09-23T09:27:49.533361+00:00,individual,"Xiaomi 13T Pro 1TB
Full fresh, no scratches or cracks, completely fresh like new, 120W fast charger, full charge in 20 minutes, supports two nano SIMs and one e-SIM, you can check before buying, only the mobile will be given
Security can be provided
Mobile was gifted from abroad and used by a single person"
Xiaomi 13 Pro China Global (Used),38000,Used,"Chattogram, Kotwali, Chattogram",23/05,https://bikroy.com/kotwali/mobile-phones/xiaomi-13-pro-chin-global-used-8w7vo1pyRcusVMX7GyTTXVec.html,4,2026-09-23T09:27:50.329150+00:00,individual,The phone is in pristine condition; feel free to inspect it thoroughly before purchasing. It comes with a 67W charger and features a DSLR-like camera. WhatsApp for more details. The phone is completely scratch-free.
Xiaomi Redmi Note 14 Pro+ 5G 256 GB Black,37000,Used,"Chattogram, Agrabad",1 day ago,https://bikroy.com/agrabad/mobile-phones/xiaomi-redmi-note-14-pro-5g-256-gb-black-oGOG8TniRjtpnRJVnpRGhLwk.html,4,2026-09-23T09:27:51.025681+00:00,individual,"The mobile is fresh, if you remove the back poly the mobile is completely fresh. Personal use mobile, there are no problems with the mobile. Cash memo and box can be provided"
Xiaomi Redmi Turbo 4 Pro 256 GB White,39000,Used,"Chattogram, Fatikchari",15/09,https://bikroy.com/fatikchari/mobile-phones/xiaomi-redmi-turbo-4-pro-256-gb-white-iOfIzFckfG6fZygTjzjc6qFn.html,5,2026-09-23T09:27:51.725165+00:00,individual,"(Price fixed, please do not call for bargaining) Redmi Turbo 4 Pro (16GB/256GB) – Like New
Used for only 1 month
10/10 condition, no scratches or any issues
Everything works perfectly
Comes with original box, original charger, and all accessories
Personal use phone"
New Xiaomi Redmi Note 14 Pro+ 256 GB Red,36999,Brand New,"Chattogram, Agrabad",4 hours ago,https://bikroy.com/agrabad/mobile-phones/new-xiaomi-redmi-note-14-pro-256-gb-red-gl5pUl918BoCGRN4eNxCO70M.html,3,2026-09-23T09:27:52.431499+00:00,individual,"Stay with us by liking and following our page to get the latest product prices. Our page link – 
** Call or WhatsApp. 
** REDMI NOTE 14 PRO PLUS (12/256) GLOBAL
 
----------------------------- Address :
Shop- 537, Level -5 (Capsule lift 4, go straight after exiting the lift, JojoBD)
Akhtaruzzaman Center, Agrabad, CTG."
New Xiaomi Redmi Note 15 Pro+ 256 GB Black,42999,Brand New,"Chattogram, Agrabad",3 hours ago,https://bikroy.com/agrabad/mobile-phones/new-xiaomi-redmi-note-15-pro-256-gb-black-d3Ujl6ZAXp2p3YEHED5lbycC.html,3,2026-09-23T09:27:52.974725+00:00,individual,"Stay with us by liking and following our page to get updates on product prices. Our page link - 
** Call or message us on WhatsApp at the number provided on Bikroy to buy a phone on installment.
---------------
Address:
Shop- 537, Level-5 (4th floor of capsule lift, 
Go straight after exiting the lift, JojoBD)
Akhtaruzzaman Center, 
Agrabad, Chittagong."
Xiaomi 13T 256 GB Black,32000,Used,"Chattogram, Halishahar",1 day ago,https://bikroy.com/halishahar/mobile-phones/xiaomi-13t-256-gb-black-hdeDVz3DqvGxILaoWUTq6lVY.html,3,2026-09-23T09:27:53.542038+00:00,individual,"Xiaomi Mi 13T
12/256
International Global version
Sell or exchange possible
Full box with all accessories
No scratches or dents, mint condition."
Xiaomi Redmi Note 15 128 GB Black,20000,Used,"Chattogram, Halishahar",10/09,https://bikroy.com/halishahar/mobile-phones/xiaomi-redmi-note-15-128-gb-black-jOGCAV3aZgsYGKZYrzQkoFy9.html,5,2026-09-23T09:27:54.217431+00:00,individual,"Peace, mercy, and blessings of Allah be upon you. Redmi Note 15 will be sold. This is my favorite set, but I am selling it now due to the need for money. Used for only three months, completely boxed mobile. Along with it, you will get the box, original charger, charger cord, and all documents. Whoever takes it will be given everything."
Xiaomi Redmi Note 15 128 GB Black,22000,Used,"Chattogram, Panchlaish",3 hours ago,https://bikroy.com/panchlaish/mobile-phones/xiaomi-redmi-note-15-128-gb-black-B4NVoNb70jahFrEjxE98ap8o.html,3,2026-09-23T09:27:54.808872+00:00,individual,Everything is okay..box and cash memo are also available..selling it due to emergency need for money
Xiaomi Redmi Note 13 Pro+ 256 GB Black,26000,Used,"Chattogram, Khulshi",31/08,https://bikroy.com/khulshi/mobile-phones/xiaomi-redmi-note-13-pro-256-gb-black-VKAmVpljP9od9lam5Y4eKxo.html,4,2026-09-23T09:27:55.179860+00:00,individual,"The mobile has no problems at all, completely fresh. Location: you have to come and see it. I need money urgently, so I am selling it. The mobile is completely fresh with no problems. Contact Number 013XXXXXXXX"
Xiaomi Redmi Note 14 Pro 128 GB Black,25000,Used,"Chattogram, Mirsharai",18/09,https://bikroy.com/mirsharai/mobile-phones/xiaomi-redmi-note-14-pro-128-gb-black-rXmH2KA22P2ezM6qdQfkdidH.html,4,2026-09-23T09:27:55.901085+00:00,individual,"Bought from Dazzel, still has replacement warranty. 
Still like new. 
You will get everything just like a new mobile. 
Location must be mirersorai or abutora bazar"
New Xiaomi 15 Pro 256 GB Black,32000,Brand New,"Chattogram, Mirsharai",15/09,https://bikroy.com/mirsharai/mobile-phones/new-xiaomi-15-pro-256-gb-black-wBSW18Q0WHJYfcCfV1gnC3D4.html,4,2026-09-23T09:27:56.675373+00:00,individual,Brought from Dubai. Never used.
New Xiaomi 128 GB Black,29500,Brand New,"Chattogram, Agrabad",3 hours ago,https://bikroy.com/agrabad/mobile-phones/new-xiaomi-128-gb-black-wuicv6XYyPPUKy5z0nXV4a57.html,3,2026-09-23T09:27:57.306173+00:00,individual,"NOTE 17 5G (6/128).
Address:
Shop-537, Level-5
Akhtaruzzaman Center,
Agrabad, Chittagong."
Xiaomi Redmi Note 14 Pro+ 5G 512 GB Blue,32000,Used,"Chattogram, Anwara",15/09,https://bikroy.com/anwara/mobile-phones/xiaomi-redmi-note-14-pro-5g-512-gb-blue-zFIYz1SmCh8vRkC6D9Az0i3K.html,5,2026-09-23T09:27:57.662306+00:00,individual,"Redmi Note 14 Pro+ 5G
RAM: 12GB
Storage: 512GB
Battery: 5110 mAh
Battery Health: 99%
Battery Cycle Count: 238
Phone first opened: August 2025
Phone is in full fresh condition
Comes with Cash Memo & Charger"
New Xiaomi Redmi 17 128 GB Green,24999,Brand New,"Chattogram, Agrabad",4 hours ago,https://bikroy.com/agrabad/mobile-phones/new-xiaomi-redmi-17-128-gb-green-oWRkTTLmGY0tYJ4QOUTKm8wD.html,3,2026-09-23T09:27:58.528036+00:00,individual,"Stay with us by liking & following our page to get updates on any product prices. Our page link –
** Call or message us on WhatsApp at the number provided on Bikroy to buy a phone on instalment.
_____________________________________
Address:
Shop-537, Level-5
Akhtaruzzaman Center,
Agrabad, Chittagong."
Xiaomi Redmi Note 15 128 GB Black,26000,Used,"Chattogram, Chandgaon",31/08,https://bikroy.com/chandgaon/mobile-phones/xiaomi-redmi-note-15-128-gb-black-ywJDNiFSBV6L1oh1vHpUCpI5.html,3,2026-09-23T09:27:58.982615+00:00,individual,"Full box
Location : bahadarhat 018XXXXXXXX"
New Xiaomi Redmi Note 17 128 GB Black,32999,Brand New,"Chattogram, Agrabad",4 hours ago,https://bikroy.com/agrabad/mobile-phones/new-xiaomi-redmi-note-17-128-gb-black-wh7Xtijlj3o83aNHfzGYvM8H.html,3,2026-09-23T09:27:59.680422+00:00,individual,"Offer: 2000 Taka discount if taken on installments.
One thousand Taka Bata gift voucher if taken in cash.
Address:
Shop-537, Level-5
Akhtaruzzaman Center,
Agrabad, Chittagong."
Mobile Phone 128 GB White,24000,Used,"Chattogram, Alankar",06/09,https://bikroy.com/alankar/mobile-phones/mobile-phone-128-gb-white-ac3HQgFWiHxyLepKpQqrvV9L.html,5,2026-09-23T09:28:00.184093+00:00,individual,"For Sale: Xiaomi Redmi Note 14 5G 
জরুরি প্রয়োজনে একদম ফ্রেশ Xiaomi Redmi Note 14 5G বিক্রি হবে। ফোনে কোনো সমস্যা নেই, ১০০% ওকে।
RAM/ROM: 8GB / 128GB
Display: 6.67"" FHD+ AMOLED (120Hz)
Camera: 50MP (OIS) + 8MP + 20MP Selfie
Processor: Dimensity 7025 Ultra (5G)
Battery: 5110 mAh (45W Fast Charger)
Condition: 
 Call/WhatsApp 019XXXXXXXX"
