raw_title,price,condition_raw,location,posted_date,url,photo_count,scraped_at,seller_type,description
Apple iPhone 14 128 GB Black,60000,Used,"Chattogram, Agrabad",1 day ago,https://bikroy.com/agrabad/mobile-phones/apple-iphone-14-128-gb-black-m8ZacFWUywvwx8UEEDTEBnqX.html,4,2026-09-27T11:15:40.954138+00:00,individual,"iPhone 14 128GB — Midnight | Like New

Purchased from Canada on 14 Jan 2026. Battery Health: 100%. Used only ~15 days. Absolutely like new. Model: MPUD3VC/A. No issue, repair, or damage. Everything works perfectly.

Reason: Upgrading to iPhone 17.
Price: 60,000 BDT (Fixed)
Inbox if interested."
Apple iPhone 14 Pro Max 128 GB Purple,59000,Used,"Rajshahi, Nawdapara",30/08,https://bikroy.com/nawdapara/mobile-phones/apple-iphone-14-pro-max-128-gb-purple-84zpHG9PTVYhlxMpTrfEa5JB.html,4,2026-09-27T11:15:42.546907+00:00,individual,"Face id 
Display change ( True tone )
Box + cash memo available 
Bh 76% (charge onk valo thake original Battery)
Price akdom fixed"
Samsung Z 16 GB Blue,45000,Used,"Chattogram, Khulshi",31/08,https://bikroy.com/khulshi/mobile-phones/samsung-z-16-gb-blue-mttM7VbSHdRMrG4lwpmor7A5.html,3,2026-09-27T11:15:45.086437+00:00,individual,"SAMSUNG Z FLIP4 
8/128
PRICE NEGOTIABLE"
Samsung Galaxy F55 256 GB Black,26000,Used,Rajshahi,05/09,https://bikroy.com/rajshahi/mobile-phones/samsung-galaxy-f55-256-gb-black-if02FKyR36j9GslapohV26Tw.html,3,2026-09-27T11:15:46.283234+00:00,individual,টাকার সমস্যার জন্য বিক্রি করবো। ১ মাস ব্যবহার করা হয়ছে। সাথে ক্যাশ মেমো আর চার্জার দেয়া জাবে
Xiaomi Mix Flip 256 GB White,77000,Used,"Dhaka, Uttara",5 hours ago,https://bikroy.com/uttara/mobile-phones/xiaomi-mix-flip-256-gb-white-vs56lsJl9wlciERKtMBzVmV.html,4,2026-09-27T11:15:47.854046+00:00,individual,"Xiaomi MIX Flip 2 
 RAM: 12GB
 ROM: 256GB
 Full Box + Original Charger
 Excellent Condition
 Exchange Hub
 Shop No: 610, 611, 628 & 629, Level-6
Tropical Alauddin Tower, Sector 3, Road 2"
Xiaomi Redmi K90 256 GB Red,49999,Used,"Dhaka, Motalib Plaza",5 hours ago,https://bikroy.com/motalib-laza/mobile-phones/xiaomi-redmi-k90-256-gb-red-3nXbCwNU7U9BbXQufIP8PHEC.html,5,2026-09-27T11:15:48.403054+00:00,individual,"Wholesale & Retail 
Redmi K90 12/256GB (Active)
BH-100%

Mobile, Box & Charger (বক্স, চার্জার পেতে সময় লাগতে পারে ৫/৭ দিন) 

Address: Hridoy Communication, 2nd Floor, Shop no: 338"
Xiaomi Redmi Turbo 4 Pro 256 GB White,35000,Used,"Dhaka, Uttara",17/09,https://bikroy.com/uttara/mobile-phones/xiaomi-redmi-turbo-4-pro-256-gb-white-Ct4wDS7ZL8lu5gT8ZtJPfzux.html,5,2026-09-27T11:15:49.086957+00:00,individual,"Display changed, absolute original attached"
Xiaomi Redmi Note 14 Pro 256 GB Black,25000,Used,"Dhaka, Vashantek",02/09,https://bikroy.com/vashantek/mobile-phones/xiaomi-redmi-note-14-pro-256-gb-black-8n2yXL3rFVrIwsoe6W6QI0yF.html,4,2026-09-27T11:15:49.850388+00:00,individual,"ফোন এখনো নতুনের মধ্যে আছে, যত্ন করে ইউজ করা হয়েছে কোন রকমের ডেন্ট বা দাগ নেই সার্ভিসিং করানো হয়নি ফোনের সাথে বক্স চার্জার সবকিছুই আছে সেমিস্টার ফি জমা দিতে হবে যার কারণে ফোনটা বিক্রি করে দিব যদি কেউ নিতে আগ্রহী শুধুমাত্র তারাই মেসেজ এবং কল করবেন , সরাসরি দেখে নিতে পারবেন"
Xiaomi Civi 1S 256 GB Black,18000,Used,"Dhaka, Mirpur",30/08,https://bikroy.com/mirpur/mobile-phones/xiaomi-civi-1s-256-gb-black-2H7DlER5zU5PrRQWVUz6zvGK.html,5,2026-09-27T11:15:50.312433+00:00,individual,"Xiaomi Civi 5G | 8GB RAM | 256GB ROM — বিক্রি হবে
একদম ফ্রেশ ও সুন্দর কন্ডিশনের ফোন। 
মাত্র ২ সপ্তাহ আগে কেনা হয়েছে। ফোনের সবকিছু অরিজিনাল এবং কোনো পার্টস পরিবর্তন করা হয়নি।
 RAM: 8GB
 Storage: 256GB
 Processor: Snapdragon 778G 5G
 Display: 6.55"" OLED | 120Hz
 Main Camera: 64MP
 Front Camera: 32MP
 Battery: 4500mAh
 Fast Chargi"
Xiaomi Mi 11 Ultra 256 GB White,32999,Used,"Dhaka, Motalib Plaza",2 hours ago,https://bikroy.com/motalib-laza/mobile-phones/xiaomi-mi-11-ultra-256-gb-white-8y0zecvFOyFPA6u47Y78nGYw.html,5,2026-09-27T11:15:51.279737+00:00,individual,"Buy your favorite smartphone with complete peace of mind today!
Details:
• Model: MI 11 Ultra
• RAM: 12 GB
• Storage: 256 GB
 10-day Replacement Guarantee
 3-year Service Warranty
 Inspect before you buy, use with confidence!
 Quality phones at the best price—buy your dream phone today.
 Address:
Shop No: 510/A, Motalib Plaza, Hatirpool, Dhaka"
Samsung Galaxy S23 256 GB Pink,23500,Used,"Rajshahi, Uposahar",01/09,https://bikroy.com/uposahar/mobile-phones/samsung-galaxy-s23-256-gb-pink-BYx0RZlpeMiBBwMtq0l2bbFe.html,5,2026-09-27T11:15:51.693499+00:00,individual,"Samsung s23 flagship device full offer 23.5k
Just display change
6.5k diye display lagano High quality IPS
Camera agun 

8k video kora jai
Snapdragon 8 gen 2 
8/256GB
Location: Rajshahi"
Samsung Galaxy S20+ 5G 128 GB Black,20000,Used,"Rajshahi, Court Station",05/09,https://bikroy.com/court-station/mobile-phones/samsung-galaxy-s20-5g-128-gb-black-1gCYI0KEthSGMs3EZpAJEcxr.html,3,2026-09-27T11:15:52.157922+00:00,individual,ফোনে কোন সমস্যা নাই হাত থেকে পড়ে গিয়ে ব্যাক সেল ভেঙ্গে গিয়েছিল শুধু ব্যাকসেলটাই চেঞ্জ করা হয়েছে তাছাড়া ফোনে কোন সমস্যা নাই যত খুশি দেখি নিবেন দামাদামি খুব বেশি করব না সাথে ভোটার আইডি কার্ড দেওয়া হবে না নিলে কেউ অযথা এসএমএস বা কল দিবেন না
New Samsung Galaxy A54 5G 128 GB Black,30000,Brand New,"Chattogram, Nasirabad",1 day ago,https://bikroy.com/nasirabad/mobile-phones/new-samsung-galaxy-a54-5g-128-gb-black-3V83c5Fvg1N0TAQHWJJww0pq.html,5,2026-09-27T11:15:52.755194+00:00,individual,Everything of the phone is fine. Selling because I will take the upgrade series. Anyone who wants can check it out. Everything of the phone is authentic.
Samsung Galaxy A56 256 GB Green,35500,Used,"Chattogram, Muradpur",8 hours ago,https://bikroy.com/muradpur/mobile-phones/samsung-galaxy-a56-256-gb-green-IO3H8Zlmn3Mr2TAtBrcmSSB.html,3,2026-09-27T11:15:53.375934+00:00,individual,"Samsung Galaxy A56 5G
 8GB RAM / 256GB Storage
 Full Box
 6.7"" FHD+ Super AMOLED Display
 120Hz Refresh Rate
 Exynos 1580 Processor
 50MP OIS Main Camera
 Benefits:
 15-day replacement guarantee
 Shop No: 319, 3rd Floor
 CPDL RB Midtown Market, Muradpur, Chittagong (Next to Makkah Hotel)"
Samsung Galaxy S24 Ultra 256 GB Purple,75000,Used,"Dhaka, Khilgaon",23/09,https://bikroy.com/khilgaon/mobile-phones/samsung-galaxy-s24-ultra-256-gb-purple-kAq4kMpZveydxIynEwwDJhxZ.html,3,2026-09-27T11:15:54.049902+00:00,individual,"Selling Samsung Galaxy S24 Ultra 256GB in excellent, almost like-new condition. The phone was used only for a few days and has been handled very carefully.
 256GB Storage
 Super fresh condition – no noticeable scratches or dents
 100% original & fully functional
 Official phone status shown in device settings
 5000mAh battery, Battery Level 1"
Samsung Galaxy S25 Ultra 256 GB Blue,98000,Used,"Dhaka, Baridhara",8 hours ago,https://bikroy.com/baridhara/mobile-phones/samsung-galaxy-s25-ultra-256-gb-blue-deKepkViJaBCIpBVDY6hlIFe.html,5,2026-09-27T11:15:54.756121+00:00,individual,"Samsung S25 ultra 12/256
Full box, in pristine condition."
Samsung Galaxy S24 Ultra 256 GB Gray,77499,Used,"Dhaka, Bashundhara City",6 hours ago,https://bikroy.com/bashundhara-city/mobile-phones/samsung-galaxy-s24-ultra-256-gb-gray-cSCSpzfGNWgkDC7fRDrIkTFc.html,4,2026-09-27T11:15:55.460322+00:00,individual,"Samsung Galaxy S24 Ultra
12GB RAM | 256GB ROM
Titanium Gray
Fresh Condition
Full Boxed
7 Days Replacement without display, parts
 12 months Service Warranty
 Visit Our Shop
Basement-2, Shop No: 94 
Basundhara City Shopping Complex 
Panthapath Dhaka 1215 
 Escalator দিয়ে নিচে নামার পর হাতের বাম পাশেই সহজে আমাদের শপটি খুঁজে পাবেন।"
Samsung Galaxy Z Fold 3 256 GB Black,22000,Used,"Dhaka, Jatrabari",1 day ago,https://bikroy.com/jatrabari/mobile-phones/samsung-galaxy-z-fold-3-256-gb-black-7RQrNIa9P1GCMY9EmQsHH3HK.html,5,2026-09-27T11:15:56.134004+00:00,individual,"After the update, the middle display got damaged, otherwise there are no problems. You can check it as much as you want. I am selling it because I want to get a new phone.
Exchange possible, comes with cash memo, back cover, and NID photocopy can be provided as security."
Samsung Galaxy S23 Plus 256 GB,36000,Used,"Dhaka, Mogbazar",02/09,https://bikroy.com/mogbazar/mobile-phones/samsung-galaxy-s23-plus-256-gb-xb7fi90sm8ji6KGGlsekf6lS.html,5,2026-09-27T11:15:56.826185+00:00,individual,Chikon akta green line porse...R display te dui side e dag ache ta chara all ok..
Samsung Galaxy S23 Ultra 256 GB Gray,39000,Used,"Dhaka, Farmgate",19/09,https://bikroy.com/farmgate/mobile-phones/samsung-galaxy-s23-ultra-256-gb-gray-q8cqMzvbExIBSYHGp0jhFYTA.html,4,2026-09-27T11:15:57.420560+00:00,individual,Samsung Galaxy S23 Ultra has a high-quality OLED display attached
Apple iPhone 14 Pro 128 GB Gray,67000,Used,"Rajshahi, Kadirgonj",8 hours ago,https://bikroy.com/kadirgonj/mobile-phones/apple-iphone-14-pro-128-gb-gray-6vTFl9lFg3Q9G4CBlueCeFWN.html,5,2026-09-27T11:15:58.033908+00:00,individual,"আসসালামু আলাইকুম ওয়া রহমাতুল্লহি ওবারকাতুহ 
ফ্রেশ কন্ডিশন
 বক্স: Only Device
 ক্যাশ মেমো: আছে
 রিপ্লেসমেন্ট গ্যারান্টি: ৭ দিন পর্যন্ত পাবেন ( শর্তসাপেক্ষে ) 
লোকেশন: রাজশাহী কাদিরগঞ্জ চালপট্টি, লার্জ ফার্মার পাশে , স্বপ্নচূড়া প্লাজা নগর ভবনের পিছে। 
 শপ নং: ১২৩ - নিচ তলা লিফটের পাশে 
 শপ নাম: Rajshahi Mobile Bari 019XXXXXXXX"
Apple iPhone 15 Pro Max 256 GB Blue,95000,Used,"Rajshahi, Kadirgonj",8 hours ago,https://bikroy.com/kadirgonj/mobile-phones/apple-iphone-15-pro-max-256-gb-blue-1Kw5xp9PLgIFGcmJ3VxgJj3U.html,5,2026-09-27T11:15:58.180770+00:00,individual,"আসসালামু আলাইকুম ওয়া রহমাতুল্লহি ওবারকাতুহ 
ফ্রেশ কন্ডিশন
📦 বক্স: Only Device
🧾 ক্যাশ মেমো: আছে
🔁 রিপ্লেসমেন্ট গ্যারান্টি: ৭ দিন পর্যন্ত পাবেন ( শর্তসাপেক্ষে ) 
লোকেশন: রাজশাহী কাদিরগঞ্জ চালপট্টি, লার্জ ফার্মার পাশে , স্বপ্নচূড়া প্লাজা নগর ভবনের পিছে।  
🏪 শপ নং: ১২৩ - নিচ তলা লিফটের পাশে 
🏬 শপ নাম: Rajshahi Mobile Bari 019XXXXXXXX"
Apple iPhone 13 Pro Max 256 GB Blue,45000,Used,"Rajshahi, Mohanpur",11/09,https://bikroy.com/mohanpur/mobile-phones/apple-iphone-13-pro-max-256-gb-blue-utOI4JLtSe6FQ9uxTpAo9P1g.html,4,2026-09-27T11:15:58.721173+00:00,individual,"Fresh condition
256GB, Hong Kong Variant
Display changed, original display
Face ID ok, True Tone ok
Phone with box
Battery 76%"
Apple iPhone 12 Pro 128 GB Blue,33000,Used,Rajshahi,18/09,https://bikroy.com/rajshahi/mobile-phones/apple-iphone-12-pro-128-gb-blue-41VrRg3E2MbOjN2ZifMvUUOI.html,5,2026-09-27T11:15:59.136406+00:00,individual,"Phone is very nice, please check and take it. All battery changed but doesn't show because older chip was installed."
Apple iPhone 12 Pro 128 GB Blue,29000,Used,"Rajshahi, Kadirgonj",1 day ago,https://bikroy.com/kadirgonj/mobile-phones/apple-iphone-12-pro-128-gb-blue-Cbo4cVz2nU96wLuoVGOeyOTB.html,3,2026-09-27T11:15:59.574872+00:00,individual,"Display changed - Face ID not available
Camera takes a moment to focus, image quality 100% fine"
Apple iPhone 14 Pro Max 256 GB Purple,73000,Used,"Chattogram, Hathazari",1 day ago,https://bikroy.com/hathazari/mobile-phones/apple-iphone-14-pro-max-256-gb-purple-6knUlTR0hwcRkaH3ISuywZ2I.html,3,2026-09-27T11:16:00.161891+00:00,individual,"iPhone 14 Pro Max — 256GB
 LLA Variant | Physical Dual SIM
 Latest iOS Updated
 Smooth & Fast Performance
 Physical Dual SIM
 Battery Health: 95%
 Absolutely Fresh Condition
 No issues at all
 Only Cash Memo Available
 Price: ৳
 Will be sold at the best price!
 Inbox if interested"
Apple iPhone 16 Pro Max 256 GB Rose Gold,115000,Used,"Chattogram, New Market, Chattogram",12/09,https://bikroy.com/new-market/mobile-phones/apple-iphone-16-pro-max-256-gb-rose-gold-uJo9OsH8r61ll8LIDA7QG69D.html,5,2026-09-27T11:16:00.857347+00:00,individual,"The mobile was sent from Dubai, used by a single person, fully fresh body with no scratches
Battery health 90%
Original box is available, security can be provided if wanted
You can check it to your heart's content, no issues at all
Call directly at 019XXXXXXXX"
Apple iPhone 11 256 GB White,33000,Used,"Chattogram, Mirsharai",06/09,https://bikroy.com/mirsharai/mobile-phones/apple-iphone-11-256-gb-white-dR2RICTSDjwduSY51eCceNPT.html,3,2026-09-27T11:16:01.331867+00:00,individual,"Ipon 11
ব্যটারি:৮৮
পেস আইডি :ok
ওয়াটারপ্রুর্ব:ok
বক্স আচে 
চার্জার ওরজনাল
দাম।:৩৩০০০"
Apple iPhone 13 128 GB Blue,45000,Used,"Chattogram, Patenga",18/09,https://bikroy.com/patenga/mobile-phones/apple-iphone-13-128-gb-blue-7Zc4sHN7fB8EDGTvawP4OOsw.html,5,2026-09-27T11:16:01.809947+00:00,individual,"Phone is fully fresh, no repair work has been done, battery health is 87%, I am the 1st owner, whoever takes it will be the 2nd, lamination done, Face ID, True Tone, all ok"
Apple iPhone XS Max 512 GB Rose Gold,21000,Used,"Chattogram, New Market, Chattogram",16/09,https://bikroy.com/new-market/mobile-phones/apple-iphone-xs-max-512-gb-rose-gold-uOe1jT8Bv5ovorP2qRrFAuEy.html,3,2026-09-27T11:16:02.523377+00:00,individual,"Storage: 512gb 💥
Bettery Health: 75% Original 🔋
Display: gx er orginal ta ✅
Face id ❎
True Tone 🆗
Camera 💥
Silent Buton 🆗
Sim Wifi 🆗
লোকেশনে আসতে হবে ✅"
Apple iPhone 16 Pro Max 256 GB Silver,120000,Used,"Dhaka, Bashundhara City",8 hours ago,https://bikroy.com/bashundhara-city/mobile-phones/apple-iphone-16-pro-max-256-gb-silver-fvUTILQUGAT4iGzU8xTgnDyu.html,3,2026-09-27T11:16:03.272134+00:00,individual,"10 days replacement guarantee
2 years service warranty
Safe courier service all over the country
Attractive exchange offer
Basement-1, Shop-84, Bashundhara City Shopping Mall
Prices are subject to change. Please contact via WhatsApp before coming."
Apple iPhone 17 Pro Max 256 GB Blue,152999,Used,"Dhaka, Bashundhara City",5 hours ago,https://bikroy.com/bashundhara-city/mobile-phones/apple-iphone-17-pro-max-256-gb-blue-upRvlWvC8ASvbm1KzyfgNU9h.html,5,2026-09-27T11:16:03.773723+00:00,individual,"iPhone 17 Pro Max — Global
| 256GB
Brand New Condition
Battery Health: 100%
Charging Cycle: Only 02
Visit Our Shop
Basement-2, Shop No: 94
Basundhara City Shopping Complex
Panthapath Dhaka 1215
Easily find our shop on your left hand side after getting down the escalator.
Helpline 019XXXXXXXX"
Apple iPhone 17 Pro 256 GB Orange,133990,Used,"Dhaka, Uttara",2 hours ago,https://bikroy.com/uttara/mobile-phones/apple-iphone-17-pro-256-gb-orange-r3HeU2kmTz1evKtGrMReT04R.html,3,2026-09-27T11:16:04.562480+00:00,individual,"Western Mobile Fair
 # Shop No. 614/622/623/625 (Level #6) Tropical Alauddin Tower Uttara 
 Dear Honourable Customer 
 100% original device
 Full Factory unlock 
 EMI Available On . 31 Banks credit card. Thanks for being with us."
Apple iPhone 14 Pro 128 GB Gold,65000,Used,"Dhaka, Savar",03/09,https://bikroy.com/savar/mobile-phones/apple-iphone-14-pro-128-gb-gold-n9ALReZMbwWe7pQovgea5faj.html,4,2026-09-27T11:16:05.267893+00:00,individual,"📱 iPhone 128GB — Singapore Variant 🇸🇬



✅ Storage: 128GB
🔋 Battery Health: 72%
📦 Original Box আছে
🇸🇬 Singapore Variant
👤 আমি প্রথম মালিক
🔧 কোনো Repair/Replacement করা হয়নি
✨ ফোনের কন্ডিশন ভালো, দেখে-শুনে নিতে পারবেন

💯 Genuine Buyer হলে যোগাযোগ করুন।
🤝 সামনাসামনি দেখে, চেক করে তারপর নেবেন।

📩 Interested হলে Inbox করুন।"
Apple iPhone 14 Pro Max 512 GB Purple,79999,Used,"Dhaka, Uttara",05/09,https://bikroy.com/uttara/mobile-phones/apple-iphone-14-pro-max-512-gb-purple-zWuX37R70lB14m4FrocPIMJM.html,5,2026-09-27T11:16:06.000873+00:00,individual,Phone full fresh no change no cracks price all most fixed
Apple iPhone 16 128 GB Blue,69000,Used,"Dhaka, Jamuna Future Park",15/09,https://bikroy.com/jamuna-future-park/mobile-phones/apple-iphone-16-128-gb-blue-xqOyQT0bgQAfnOOoBDm1iMS3.html,3,2026-09-27T11:16:06.731687+00:00,individual,"iPhone 16 128GB, 85% Battery Health, Australia Variant with box! Ultramarine color, full fresh condition with no dents or scratches."
Apple iPhone 13 Pro 128 GB White,48000,Used,"Dhaka, Mirpur",02/09,https://bikroy.com/mirpur/mobile-phones/apple-iphone-13-pro-128-gb-white-58HJCcaLwtojTNZDDzbHEebJ.html,5,2026-09-27T11:16:07.469163+00:00,individual,Akdom new condition a ache kno scratch kicchu nei phn ata kena hoyechilo 2025 a kenar 6months a choto akta dot pore display teh tokhn er por r kno problem hoy ni ￼takar emergencyr karone sell korchi Bettery health88% bh 92% kinechilam
Apple iPhone 13 128 GB Pink,40000,Used,"Dhaka, Mirpur",31/08,https://bikroy.com/mirpur/mobile-phones/apple-iphone-13-128-gb-pink-fcES2Js68PpSgxVX4cSUy1pX.html,3,2026-09-27T11:16:07.823778+00:00,individual,Full fresh kono dent nai . Phone ar sathe box ase
Apple iPhone 12 64 GB Blue,25000,Used,"Dhaka, Uttara",02/09,https://bikroy.com/uttara/mobile-phones/apple-iphone-12-64-gb-blue-yLTdx5R8j6eDxudrQBwpWdJC.html,5,2026-09-27T11:16:08.408052+00:00,individual,"i Phone 12 
সেল পোস্ট 
বেটারি চেঞ্জ  
আর ফেস id নাই 
আর সবকিছু ফুল ওকে  
25k fixed  
শুধুমাত্র যাদের লাগবে তারা ইনবক্স  করুন"
Xiaomi 12 Pro 256 GB Blue,55000,Used,"Dhaka, Mohammadpur",02/09,https://bikroy.com/mohammadpur/mobile-phones/xiaomi-12-pro-256-gb-blue-A0A6jyiEgN8ylZJqxGW001rT.html,3,2026-09-27T11:16:09.063870+00:00,individual,Xiaomi 12 pro. Full fresh.
Xiaomi Redmi K80 Ultra 256 GB Green,48999,Used,"Dhaka, Savar",28/08,https://bikroy.com/savar/mobile-phones/xiaomi-redmi-k80-ultra-256-gb-green-8TbYBcflB5Sh5vrbQwtv3nEB.html,5,2026-09-27T11:16:09.687078+00:00,individual,Shob ekdm 100% perfect 013XXXXXXXX
New Xiaomi Redmi Turbo 4 Pro 256 GB White,40499,Brand New,"Dhaka, Jatrabari",01/09,https://bikroy.com/jatrabari/mobile-phones/new-xiaomi-redmi-turbo-4-pro-256-gb-white-aXpsvlgItYS8fy0DJyvxhUmY.html,4,2026-09-27T11:16:10.221255+00:00,individual,"Fully fresh phone ,,You can check properly"
Xiaomi Mi 11i 128 GB Green,17000,Used,"Dhaka, Mirpur",21/09,https://bikroy.com/mirpur/mobile-phones/xiaomi-mi-11i-128-gb-green-mMjxeV5vkEmGZEtPn7ETbRN4.html,5,2026-09-27T11:16:10.735917+00:00,individual,"The mobile is completely fresh, there are no problems, please check it thoroughly before buying."
New Xiaomi Redmi 15C 256 GB Gray,16000,Brand New,"Dhaka, Savar",1 day ago,https://bikroy.com/savar/mobile-phones/new-xiaomi-redmi-15c-256-gb-gray-fjV0FZLzTG7u239zHBybjxgj.html,3,2026-09-27T11:16:11.414606+00:00,individual,"Completely brand new phone, there are no problems with the phone, you will get everything with the phone"
Xiaomi Redmi 13 128 GB Black,16000,Used,"Dhaka, Baridhara",9 hours ago,https://bikroy.com/baridhara/mobile-phones/xiaomi-redmi-13-128-gb-black-pzAAjD0ZfrpYbTgIIC8vnySC.html,4,2026-09-27T11:16:11.913504+00:00,individual,"Redmi 13, without box, full fresh condition."
Samsung Galaxy Z Fold 5 512 GB Black,50000,Used,"Rajshahi, Hatemkha",03/09,https://bikroy.com/hatemkha/mobile-phones/samsung-galaxy-z-fold-5-512-gb-black-7QsCSHU9qxgDFgtSqDGaGbg9.html,4,2026-09-27T11:16:12.690609+00:00,individual,samsung z fold 5 12/512 all ok location rajshahi jekono sequrity dewa jabe   vlo phon pele exchange kora jbe
Samsung Galaxy S23 Ultra 256 GB,50000,Used,"Rajshahi, Uposahar",1 day ago,https://bikroy.com/uposahar/mobile-phones/samsung-galaxy-s23-ultra-256-gb-daGc6T2xMxiClUoBLW7NoePP.html,5,2026-09-27T11:16:13.471154+00:00,individual,Box and receipt available.
Samsung Galaxy S24 Ultra 256 GB Gold,72000,Used,"Rajshahi, Kadirgonj",8 hours ago,https://bikroy.com/kadirgonj/mobile-phones/samsung-galaxy-s24-ultra-256-gb-gold-8KEL3eEgbxifCQjsARsF0JDD.html,5,2026-09-27T11:16:14.102889+00:00,individual,"Assalamu Alaikum Warahmatullahi Wabarakatuh
Fresh condition
Box: Only Device
Cash Memo: Available
Replacement Guarantee: Get up to 7 days (conditions apply)
Location: Rajshahi Kadirganj Chalpotti, beside Large Farmer, behind Swapnochura Plaza Nagar Bhaban.
Shop No: 123 - Ground floor beside lift
Shop Name: Rajshahi Mobile Bari 019XXXXXXXX"
Samsung Galaxy A34 5G 128 GB Black,21000,Used,"Rajshahi, Shaheb Bazar",06/09,https://bikroy.com/shaheb-bazar/mobile-phones/samsung-galaxy-a34-5g-128-gb-black-89LJgMUcIK9IL0obG8zrm3NU.html,5,2026-09-27T11:16:14.420189+00:00,individual,"ফোনের কনডিশন একদম নতুন।
ফোনের পিছনে ব্যাক পলি আছে,যার জন্য কোজ ক্র‍্যাচ পড়েনি।
ফোনের সাথে ওরিজিনাল স্যামসাং এর চার্জার আছে।
ফোন কিনার মেমো,বক্স সব আছে।"
Samsung Galaxy S20 Ultra 5G 128 GB Black,18000,Used,"Rajshahi, Rajpara",07/09,https://bikroy.com/rajpara/mobile-phones/samsung-galaxy-s20-ultra-5g-128-gb-black-pNJixQO9hEkEEgCszz3C8qaF.html,5,2026-09-27T11:16:14.914159+00:00,individual,Full freah display change but high quality lagano back side ta hat theke pore fete geche khali baki all ok
Samsung Galaxy S22 Ultra 256 GB Green,45000,Used,"Rajshahi, Kazla",15/09,https://bikroy.com/kazla/mobile-phones/samsung-galaxy-s22-ultra-256-gb-green-zPATtyRhNXetTQRvcrLgegAQ.html,5,2026-09-27T11:16:15.573167+00:00,individual,"Charger, case, and memo, everything is available. 
No box. And there are no problems at all, you can check before taking."
Samsung Galaxy S24 Ultra 512 GB Gold,83000,Used,"Chattogram, Nasirabad",13/07,https://bikroy.com/nasirabad/mobile-phones/samsung-galaxy-s24-ultra-512-gb-gold-dxEOFOvZ25AlGnrzJxS32fYG.html,3,2026-09-27T11:16:16.152115+00:00,individual,"Full box given 
12/512 
Vietnam variant
A very little dot in the screen otherwise all ok no scratch"
Samsung Galaxy Z Fold 6 (12/256) DUAL SIM BOX (Used),120000,Used,"Chattogram, Chawkbazar",5 hours ago,https://bikroy.com/chawkbazar/mobile-phones/samsung-galaxy-z-fold-6-12-256-dual-sim-box-used-zcU1KIkG3VDPt1bIhFEOOgY4.html,2,2026-09-27T11:16:16.740902+00:00,individual,"🔳 Used abroad for 2/3 months. As good as new condition.
🔳 Storage: 12/256GB
🔳 Colour: Silver
◾ Box and original cable included

🔰 Our Speciality......................................

◾ Original & Non-Refurbished Product
◾ EMI Facilities Available*
◾ Accept Visa, Master Card
◾ Delivery facility inside & outside Chattogram
◾ Phone exchange facilities*
◾ All products are original and genuine.
◾ 7-day replacement and 1-year service warranty on all products

🔰 Our Showroom Address:

Rony Enterprise (Since 2007)
Bali Arcade Shopping Center
4th Floor, Shop no 03 (in front of Chawkbazar Post Office)
Sirajuddula Road, Chawkbazar, Chattogram Show more"
Samsung Galaxy Z Fold 6 (12/256) SILVER INTACT (Brand New),150000,Brand New,"Chattogram, Chawkbazar",5 hours ago,https://bikroy.com/chawkbazar/mobile-phones/samsung-galaxy-z-fold-6-12-256-silver-ntact-brand-new-xrm71kM0G8kG1ttk54QkJyb2.html,0,2026-09-27T11:16:17.464220+00:00,individual,"🔳 INTACT SEAL PACK. DUAL SIM 🔳 Storage: 12/256GB 🔳 Colour: SILVER ◾ Box And Original Cable 🔰 Our Speciality: ◾Original & Non-Refurbished Product ◾Emi Facilities Available* ◾Accept Visa, Master Card ◾Delivery Facility inside & Outside ctg. ◾Phone Exchange Facilities* ◾ All Products Original And Genuine. ◾Our All Product 7 Days replacement And 1 year Service Warranty 🔰 Our Showroom Address: Rony Enterprise (Since 2007), Bali Arcade Shopping Center, 4th Floor, Shop no 03 (infront of chawkbazar Post Office), Sirajuddula Road, Chawkbazar, Chattogram Show more"
Samsung Galaxy A35 128 GB Rose Gold,23500,Used,"Chattogram, Muradpur",8 hours ago,https://bikroy.com/muradpur/mobile-phones/samsung-galaxy-a35-128-gb-rose-gold-zWazxEKXz7vMJJvMer6BmmzD.html,3,2026-09-27T11:16:18.385046+00:00,individual,"Samsung galaxy A35 5G 
8/128
Full box... 
 সুবিধা:
 ১৫ দিনের রিপ্লেসমেন্ট গ্যারান্টি
 Device – 
 Shop No: 319, 3rd Floor (Lift 2 )
 CPDL RB Midtown Market, মুরাদপুর, চট্টগ্রাম (মক্কা হোটেলের পাশে)"
Samsung Galaxy S21 Ultra 5G 256 GB Gray,22999,Used,"Chattogram, Chawkbazar",49 min ago,https://bikroy.com/chawkbazar/mobile-phones/samsung-galaxy-s21-ultra-5g-256-gb-gray-gdjdbVLyAr8EtWU4LRKSvhmX.html,5,2026-09-27T11:16:18.796651+00:00,individual,"Samsung s21 ultra 5g all ok
Emergency need money
Otherwise all ok
Camera awesome🔥 selling for less, whatever is needed for security can be given, mobile is very smooth, selling on emergency"
Samsung Galaxy S23 Ultra 256 GB Rose Gold,42000,Used,"Chattogram, Pahartali",15/09,https://bikroy.com/pahartali/mobile-phones/samsung-galaxy-s23-ultra-256-gb-rose-gold-sDO2ZUM3WXE7Qp0kooIHd5HU.html,5,2026-09-27T11:16:19.158646+00:00,individual,"Samsung S23 Ultra 
Storage 256 GB 
Phone is in absolute fresh condition, used like new.
Just a small mark on the display caused by a key hit in the pocket... S Pen occasionally disturbs a bit, otherwise everything is okay...
Memo will be provided with the phone...
Must come to the location if you want to buy the phone."
Samsung Galaxy Z Fold6 256 GB Blue,77000,Used,"Dhaka, Dhanmondi",22/09,https://bikroy.com/dhanmondi/mobile-phones/samsung-galaxy-z-fold6-256-gb-blue-3BrWatv0gHch4UhIi1eM7Wq3.html,5,2026-09-27T11:16:19.609720+00:00,individual,"Samsung Galaxy Z Fold 6 (12/256)
The phone is in absolute fresh condition. Only those who are genuinely willing to buy should knock. 
Inner and outer display 100% okay, no issues"
Samsung Galaxy S25 Ultra 256 GB Black,82000,Used,"Dhaka, Savar",2 hours ago,https://bikroy.com/savar/mobile-phones/samsung-galaxy-s25-ultra-256-gb-black-zYitJligILOetb8OSB2ReDx.html,3,2026-09-27T11:16:20.008691+00:00,individual,"Samsung S25 Ultra 
Without box
 Brand new condition! 
 No scratches, never opened or serviced. 100% original parts.
 Comes with charger and shop cash memo.
 7 days replacement and 1 year service warranty!
 Livewire Savar - NTECH BD, Sena Shopping Complex, Nabinagar, Savar.
 Cash on delivery all over the country.
 Call for details:"
Samsung Galaxy S24 Ultra 512 GB Gray,82000,Used,"Dhaka, Khilgaon",13/09,https://bikroy.com/khilgaon/mobile-phones/samsung-galaxy-s24-ultra-512-gb-gray-CsqAqkBCdbnvjU8D11wXW8hR.html,5,2026-09-27T11:16:20.413545+00:00,individual,"Full Box
Cash Memo
12/512gb
Vietnam"
Samsung Galaxy S21+ 5G 128 GB Purple,23999,Used,"Dhaka, Savar",5 hours ago,https://bikroy.com/savar/mobile-phones/samsung-galaxy-s21-5g-128-gb-purple-BQovCcEKSoGZ2UmGNfIZ4Ghd.html,5,2026-09-27T11:16:20.891818+00:00,individual,"S21+ 5G (128GB) in super fresh condition

Location: Savar, Nobinogor, Sena Shopping Complex
Shop name: Apple Gadgets & Care
Shop no: D/43, Lift 3"
Samsung Galaxy S23 Ultra 256 GB Green,50000,Used,"Dhaka, Mirpur",19 hours ago,https://bikroy.com/mirpur/mobile-phones/samsung-galaxy-s23-ultra-256-gb-green-8cj1Kwrcwyy8yL8OrP7SH7Nu.html,5,2026-09-27T11:16:21.744521+00:00,individual,Full authentic phone all original parts just main screen minor crack and no other issue camera s pen all perfect 256 gb exchange possible phone comes without box only device
New Samsung Galaxy A56 128 GB Gray,44000,Brand New,"Dhaka, Uttara",5 hours ago,https://bikroy.com/uttara/mobile-phones/new-samsung-galaxy-a56-128-gb-gray-ilMiglVoQqrRbnTPCfAEAp9Q.html,3,2026-09-27T11:16:22.530790+00:00,individual,"Grab the brand new Galaxy A56 5G in Gray with 8/128GB capacity!
100% original and non-refurbished product.
Enjoy a 7-day replacement guarantee and a 1-year service warranty.
Easy EMI facilities are also available.
Contact us today!
Exchange Hub
Shop No: 610, 611, 628 & 629, Level-6, Tropical Alauddin Tower
Sector 3, Road 2, Rajlaxmi, Uttara.
Call for details 017XXXXXXXX"
New Apple iPhone 16 Pro Max 256 GB Gold,125000,Brand New,"Rajshahi, Kadirgonj",09/05,https://bikroy.com/kadirgonj/mobile-phones/new-apple-iphone-16-pro-max-256-gb-gold-66aAqTrqhBhcLiAWyPR5M47X.html,5,2026-09-27T11:16:22.827096+00:00,business,"iPhone 16 Pro Max. 95% Battery Health, 256GB. Buy your favorite iPhone from TECH LIFE because we offer the best price, premium quality, and hassle-free customer service! Shop Location: Shop number: 121, Sopnochura plaza, kadirgonje."
Apple iPhone 16 Pro Max 256 GB Silver,127000,Used,"Rajshahi, Durgapur",15/05,https://bikroy.com/durgapur-1/mobile-phones/apple-iphone-16-pro-max-256-gb-silver-jFftCS6EkAw8hprEjHjSvhbM.html,5,2026-09-27T11:16:22.971395+00:00,individual,"iPhone 16 Pro Max (Singapore)
256GB | Natural Titanium | Like New
In fresh condition, brand new look
 256GB | Singapore Variant
 Cycle ~160 | Battery 100%
 No scratch / dent
 Never repaired
 Original charger + 8 covers
 Camera & Screen Protector included
 Price is almost fixed
 Serious buyers only
 Inbox / Call if interested"
Apple iPhone 17 Pro Max in Super Condition (Used),150000,Used,Rajshahi,5 hours ago,https://bikroy.com/rajshahi/mobile-phones/apple-iphone-17-pro-max-super-conditione-used-oUK24zs9ZHt8SMvtdlPraeFO.html,3,2026-09-27T11:16:23.807152+00:00,individual,"iPhone 17 Pro Max 

256 GB, 100% Battery Health

CC 17, CC 81

Super condition 🔥🔥

Enjoy a 7-day replacement guarantee ✅ 
Get a 1-year service warranty ✅ 

#Exchange possible ✅

Our Address :
Smart Choice, Shop No. 211, 
City Center, Beside Rajshahi College, Sonadigir Mor, Rajshahi

Call for any details"
Apple iPhone 15 Plus 128 GB Black,65000,Used,"Rajshahi, Shaheb Bazar",5 hours ago,https://bikroy.com/shaheb-bazar/mobile-phones/apple-iphone-15-plus-128-gb-black-39lMK4kbQi46v2oAe9V2gR8W.html,3,2026-09-27T11:16:24.447137+00:00,individual,"iPhone 15 Plus
128GB / 89% Battery Health
Physical SIM
Super condition
7 days replacement guarantee
1 year service warranty
#exchange possible
Our Address:
Smart Choice, Shop No. 211,
City Center, Beside Rajshahi College, Sonadighi Mor, Rajshahi
Call for any details:"
Apple iPhone 16 128 GB Black,67999,Used,"Rajshahi, Motihar",8 hours ago,https://bikroy.com/motihar/mobile-phones/apple-iphone-16-128-gb-black-G1eLaCEXbsYPI3FI1B84yxM.html,5,2026-09-27T11:16:25.318986+00:00,individual,"I phone 16 
128GB 
100% battery 116 bar charger 
Waterproof 
Call me"
Apple iPhone 14 Pro 256 GB White,74999,Used,Rajshahi,23/09,https://bikroy.com/rajshahi/mobile-phones/apple-iphone-14-pro-256-gb-white-rB3Sw76SgiKGdXbQMr1qG6Rg.html,4,2026-09-27T11:16:25.531793+00:00,individual,"Iphone 14 pro
 storage 256GB
 No issues
 94% Battary Health (original)
 No Scratch/Dents
 USA V - Dual E-Sim"
Apple iPhone 11 128 GB White,25000,Used,"Rajshahi, Ramchandrapur",18/09,https://bikroy.com/ramchandrapur/mobile-phones/apple-iphone-11-128-gb-white-3Cnpx5FNExvU9kzYBDMq65SG.html,5,2026-09-27T11:16:26.273621+00:00,individual,Fully fresh condition... Only interested buyers are requested to knock please in this number ()... Phone location SADHURMOR (Opposite road of Orchid Mess)...
Apple iPhone 12 Pro 128 GB Blue,35500,Used,"Rajshahi, Kazla",07/09,https://bikroy.com/kazla/mobile-phones/apple-iphone-12-pro-128-gb-blue-6cdgJjud2PxgcM3kR0dr47TR.html,5,2026-09-27T11:16:26.656917+00:00,individual,"কোন সমস্যা নেই, দেখে নিতে পারবেন। ব্যাটারি হেলথ ৭৩%। ফোন কখনো খোলা হয়নি। যমুনা ফিউচার পার্ক থেকে কেনা হয়েছে। মানি রিসিট আছে। EVERYTHING ORIGINAL AND OKAY 016XXXXXXXX"
Apple iPhone 13 128 GB Blue,40000,Used,"Rajshahi, Paba",13/09,https://bikroy.com/paba/mobile-phones/apple-iphone-13-128-gb-blue-czS4i5M9Wq32qVfLM7q7wodI.html,4,2026-09-27T11:16:27.274308+00:00,individual,"All ok, authentic phone, water proof checked, Face ID ok, battery 80... check as much as you want... contact WhatsApp"
New Apple iPhone 17 Pro Max 256 GB Silver,165000,Brand New,"Chattogram, Khulshi",12/08,https://bikroy.com/khulshi/mobile-phones/new-apple-iphone-17-pro-max-256-gb-silver-d7FJldVIS9rugoLqUzwYwfVR.html,4,2026-09-27T11:16:27.872264+00:00,individual,"Just opened, brought from outside. With bill, no charge, just open box"
Apple iPhone 17 Pro Max P-SIM+E-SIM Brand New,172999,Brand New,"Chattogram, Agrabad",5 hours ago,https://bikroy.com/agrabad/mobile-phones/apple-iphone-17-pro-max-p-sim-e-sim-ntun-brand-new-1c1M4oyTA6EwXO5vWGDhrGjL.html,0,2026-09-27T11:16:28.587727+00:00,individual,"Stay updated with our latest product prices by liking 👍 & FOLLOWING our page. Page link - https://www.facebook.com/jojobdctg.

** iPhone 17 Pro Max, 256GB, Australian variant, 100% authentic.
Other Apple models in our store – 17 Pro Max 512GB - Australia, 17 256GB Australia, 16 128GB, 15 128GB Singapore, 14 128GB, MacBooks Singapore Air M4 16/256.

🌍 Variant: global

📦 Condition: New Intact |

✅ 100% Authentic

✅ 7-day replacement, 1-year service warranty.

----------------------------------------------------------------------

Address:

Shop- 537, Level-5 (Capsule lift 4,

Straight after exiting the lift, JoJoBD)

Akhtaruzzaman Center,

Agrabad, Chittagong. Show more"
Apple iPhone 17 Pro Max 256 GB Orange,143000,Used,"Chattogram, Chandgaon",11/06,https://bikroy.com/chandgaon/mobile-phones/apple-iphone-17-pro-max-256-gb-orange-gd0z6KX6kuDnoVtAnfAkJAbK.html,5,2026-09-27T11:16:29.167911+00:00,individual,"iPhone 17 Pro Max with 5 months Dazzle Care, Japan variant.
Dual eSIM.
7 months used.
Battery: 100%.
All okay.
Dazzle official care warranty available for 5 months.
Mobile, original cable, and box will be provided."
Apple iPhone 13 Pro 256 GB Green,57500,Used,"Chattogram, Agrabad",1 day ago,https://bikroy.com/agrabad/mobile-phones/apple-iphone-13-pro-256-gb-green-yL97vNmcPNz0yB6Xht1t4jl.html,4,2026-09-27T11:16:30.539456+00:00,individual,iPhone 13 Pro Max 256 GB Everything original
Apple iPhone 17 256 GB Purple,91990,Used,"Chattogram, Chawkbazar",5 hours ago,https://bikroy.com/chawkbazar/mobile-phones/apple-iphone-17-256-gb-purple-tYfj4qGzNVum3C9R8Ya2ijiC.html,3,2026-09-27T11:16:30.549577+00:00,individual,"Apple iPhone 17
256GB | LL/A Variant
Battery Health 100%
Cycle Count: 6
Apple Warranty Available
First Use: January 2026
Enjoy 15-day replacement guarantee | Lifetime service -
Finlay Square, Level-4, Shop-406, 2 No Gate, Nasirabad, Chattogram"
Apple iPhone 16 128 GB,72000,Used,"Chattogram, Chawkbazar",5 hours ago,https://bikroy.com/chawkbazar/mobile-phones/apple-iphone-16-128-gb-ft4utNR4mq9RhVBNcZbudBEE.html,3,2026-09-27T11:16:31.999281+00:00,individual,"iPhone 16
128GB
I have more pictures available
Teal, Ultramarine,
Battery health 90%, 95%, 100%."
Apple iPhone 11 Pro 64 GB White,27000,Used,"Chattogram, Chandgaon",30/08,https://bikroy.com/chandgaon/mobile-phones/apple-iphone-11-pro-64-gb-white-rizAFIviNcVL4cH5RXpL348a.html,5,2026-09-27T11:16:32.018417+00:00,individual,"Model: Iphone 11 Pro
Storage:64gb
Battery health:72%(orginal)
Varrient:Japan
Price:27k
Mobile+cashmemo
Location:chandgao bohoddarhat chotoogram(location must)
Mobile ta 8 month use korsi.99% fresh. Kono issue nai.display 100% orginal guarantee.True tone and face id all everything okay.tana 5 hours+ use kora jai.battery o orginal.mbl finlay thke nsi"
Apple iPhone 13 Pro 128 GB Black,45500,Used,"Chattogram, Agrabad",16/09,https://bikroy.com/agrabad/mobile-phones/apple-iphone-13-pro-128-gb-black-uDardxSCLy9rfaxn9XOhGjoL.html,5,2026-09-27T11:16:32.274782+00:00,individual,"All ok
Authentic set 
128gb
Battery Health 73%
Set + cover + cash memo 
Waterproof is intact
Must come to location to buy"
Apple iPhone 16 Pro Max 256 GB Rose Gold,120000,Used,"Dhaka, Uttara",19/09,https://bikroy.com/uttara/mobile-phones/apple-iphone-16-pro-max-256-gb-rose-gold-8nppRbztyQQpLkbeScqED3Uw.html,5,2026-09-27T11:16:33.464519+00:00,individual,"Almost New... Battery Health 95%... Cash memo, box, charger, and back cover will be provided... Used as a secondary phone... Cycle count only 210..."
Apple iPhone 13 Mini 256 GB Red,36000,Used,"Chattogram, Sholashahar",18/09,https://bikroy.com/sholashahar/mobile-phones/apple-iphone-13-mini-256-gb-red-uIPL31w2hSgrJ8mT7mv58rQm.html,5,2026-09-27T11:16:34.130070+00:00,individual,"iPhone 13 mini
Rom: 256GB
Battery Health: 81% Genuine
Face ID
True Tone
AA/A Variant...
No repair history
All everything genuine
Camera boom
Check and take as much as you like
Must come to location if buying
Location... 2nd gate
Only phone + security whatever is needed"
Apple iPhone 16 Pro Max 256 GB,119000,Used,"Dhaka, Savar",19/09,https://bikroy.com/savar/mobile-phones/apple-iphone-16-pro-max-256-gb-ilMPnEdO2vguf69F9x2w66QJ.html,5,2026-09-27T11:16:34.142842+00:00,individual,"Phone is in full fresh condition, just selling it because I will get an 18 Pro Max."
Apple iPhone 17 Pro 256 GB Orange,122000,Used,"Dhaka, Mirpur",16/09,https://bikroy.com/mirpur/mobile-phones/apple-iphone-17-pro-256-gb-orange-7J9zMOAw7codPQE34n05hSRA.html,5,2026-09-27T11:16:35.759543+00:00,individual,"iPhone 17 Pro orange color with customized dual physical SIM and e-SIM. No cracks or scratches.
For more details-"
Apple iPhone 15 Pro 256 GB Black,86500,Used,"Dhaka, Khilgaon",01/09,https://bikroy.com/khilgaon/mobile-phones/apple-iphone-15-pro-256-gb-black-66yP7xT8TDgrauGM94EsNWKr.html,3,2026-09-27T11:16:35.765893+00:00,individual,"এই ফোনটা আমি খুব যত্নে ব্যবহার করেছি। এটা দিয়ে কনটেন্ট ক্রিয়েট করেছি এবং আমার বিজনেস পরিচালনা করেছি। ফোনের পারফরম্যান্স ও ব্যাটারি ব্যাকআপ দুটোই অনেক ভালো।

নরমালি কভার বা প্রটেক্টর ব্যবহার করি না, তাই হালকা কিছু স্ক্র্যাচ আছে। এছাড়া ফোনটা একদম ফ্রেশ, ইন্টারনাল বা এক্সটার্নাল কোনো সমস্যা নেই।"
Apple iPhone 14 Pro 128 GB Purple,53999,Used,"Dhaka, Shantinagar",29/08,https://bikroy.com/shantinagar/mobile-phones/apple-iphone-14-pro-128-gb-purple-a7lgAxXjP9ZXvm1I8w5iVe3T.html,3,2026-09-27T11:16:36.401297+00:00,individual,"Iphone 14pro 128gb
Singapore variant
bh 76%
display has a pink line
cash memo available 
price slightly negotiable.
location : shantinagar or bailyroad"
Apple iPhone 14 Pro Max 128 GB Black,80000,Used,"Dhaka, Jatrabari",01/09,https://bikroy.com/jatrabari/mobile-phones/apple-iphone-14-pro-max-128-gb-black-hlOSQ5yvh13e8ioJyvCIq4eD.html,5,2026-09-27T11:16:36.965640+00:00,individual,"iphone 14pro max
bt health-89
hongkong variant
box available"
Apple iPhone 12 Pro Max 256 GB Gold,47000,Used,"Dhaka, Keraniganj",09/09,https://bikroy.com/keraniganj/mobile-phones/apple-iphone-12-pro-max-256-gb-gold-pgJ3tQXntTHkVPtA52K8t8vq.html,5,2026-09-27T11:16:37.968587+00:00,individual,"iPhone 12 Pro Max with cash memo

Storage 256gb

Golden color

Face ID True Tone okay

Battery health 100%

Everything original

Only battery change for ifix

3500 tk lagse battery backup onk bhalo

Adapter ankar

cable

any kind of security provide korbo

Price 47000

Location - keraniganj Kadamtoli"
Apple iPhone 12 64 GB Black,25000,Used,"Dhaka, Mirpur",09/09,https://bikroy.com/mirpur/mobile-phones/apple-iphone-12-64-gb-black-hVS0DAiNnbVS97DGJCx8I7Ce.html,5,2026-09-27T11:16:38.238834+00:00,individual,"iPhone 12 64 GB
Full Box.
Battery: 65% (Original Battery)
No Repair History.
Sell Only, No Exchange.
Phone 016XXXXXXXX"
Apple iPhone XR 128 GB Blue,19000,Used,"Dhaka, Motijheel",02/09,https://bikroy.com/motijheel/mobile-phones/apple-iphone-xr-128-gb-blue-3SbeVvo3TYq62h237pS6WhW1.html,5,2026-09-27T11:16:38.993234+00:00,individual,"ফোন একদম নতুনের মতোই তবে একবার ফোন পানিতে পরে যাওয়ার পরে ফোন খুলতে হয়েছিলো হিট দেওয়ার জন্য , 
কোন কিছুই চেঞ্জ হয় নি।"
Xiaomi 13 Ultra 256 GB Green,47000,Used,"Dhaka, Savar",8 hours ago,https://bikroy.com/savar/mobile-phones/xiaomi-13-ultra-256-gb-green-keNDhC2BIB9AlUbpLBITDYr6.html,5,2026-09-27T11:16:39.764733+00:00,individual,"Mobile information:
 Model: Xiaomi
 RAM: 12GB
 Storage: 256GB
 7 days replacement guarantee
 1 year service warranty
 Opportunity to check before buying phone
 Our main goal is to provide reliability and good service.
 Address:
E-195A, Level-5 (Lift-4),
Sena Shopping Complex,
Nabinaagar, Sayer, Dhaka.
 Weekly off: Sunday"
Xiaomi Mi 11 Ultra 256 GB Black,35000,Used,"Dhaka, Badda",16/09,https://bikroy.com/badda/mobile-phones/xiaomi-mi-11-ultra-256-gb-black-aqINzstD0IVzolpeFIptyjov.html,5,2026-09-27T11:16:40.180618+00:00,individual,"একটা স্কাচ ও নাই ফোনে, নতুন অবস্থা থেকেই পলি করা দুই পাশেই।  ফোনের সাথে শুধু দোকানের ক্যাশ মেমো পাবেন  এবং  সিকিউরিটি হিসাবে ভোটার আইডি কার্ডের ফটোকপি পাবেন। 
ফোনের সবকিছু একশ একশ। আসবেন দেখবেন যদি ভালো লাগে নিবেন। বিস্তারিত অনলাইনে দেখে নিন।"
Xiaomi 13 Ultra 256 GB Green,45000,Used,"Dhaka, Mohammadpur",01/09,https://bikroy.com/mohammadpur/mobile-phones/xiaomi-13-ultra-256-gb-green-ieKf314ZpqgPQrdkSl8oI3i8.html,5,2026-09-27T11:16:40.657164+00:00,individual,"📱🔥 Xiaomi 13 Ultra (6/128GB) used 
no box
📸 অসাধারণ Leica Camera Experience
China varriant 
💾 RAM/ROM: 6/128GB
মূল্য: ৪৫,০০০ টাকা
🏷️ New Price: ৯৪,০০০ টাকা

✅ Only Device
✅ Back Cover
✅ Premium Super Strong Glass
📍 লোকেশন: সাভার সেনা শপিং কমপ্লেক্স
SMS Gadget
🚨 মাত্র ১ পিস Available!
⚠️ আসার আগে অবশ্যই কল করে Booking করে আসতে হবে।"
Xiaomi Redmi K90 256 GB Black,55000,Used,"Dhaka, Banani",31/08,https://bikroy.com/banani/mobile-phones/xiaomi-redmi-k90-256-gb-black-cqpYQs644dWylNajUJMwOnXa.html,5,2026-09-27T11:16:41.389857+00:00,individual,"📱 Redmi K90 5G — 12/256GB

মাত্র ১৭ দিন ব্যবহার করা হয়েছে। একদম ফ্রেশ কন্ডিশন, কোনো সমস্যা নেই। বক্স, অরিজিনাল চার্জারসহ সবকিছু আছে। কোনো পার্টস পরিবর্তন করা হয়নি।

💰 দাম: ৳৫৫,০০০ (আলোচনা সাপেক্ষে)
📍 লোকেশন: বনানী, ঢাক 019XXXXXXXX"
Xiaomi Civi 4 Pro 512 GB Black,35000,Used,"Dhaka, Tejgaon",21/09,https://bikroy.com/tejgaon/mobile-phones/xiaomi-civi-4-pro-512-gb-black-zKPkGeJndpwt6c7IzYp9g0Cw.html,3,2026-09-27T11:16:41.924716+00:00,individual,"Xiaomi Civi 4 pro - 12/512Gb.
Original
Price 35 thousand, negotiable.
Location: Purba Nakhalpara, Tejgaon, Dhaka.
If you want to buy, please come directly only on Friday or Saturday."
Xiaomi Civi 4 Pro 512 GB Green,35000,Used,"Dhaka, Mirpur",6 hours ago,https://bikroy.com/mirpur/mobile-phones/xiaomi-civi-4-pro-512-gb-green-fqS5Vdwi2LrOKtwLEY2PrpYH.html,5,2026-09-27T11:16:42.665572+00:00,individual,"খুবই ভালো একটা ফোন,কোন রকমের সমস্যা নেই,যতক্ষন ইচ্ছা চালিয়ে দেখে নিবেন,১২/৫১২ জিবি,সুপার ক্যামেরা ফোন,সুপার ব্যাকাপ অনেক ফাস্ট একটা ফোন,চাইলে ইউটিউবে রিভিউটা দেখে নেবেন,ফুল ফ্রেশ ফোন,যেকোনো সিকিউরিটি দেয়া হবে,ক্যাশ মেমো,সাথে ১বছরের সার্ভিস ওয়ারেন্টী থাকবে।
ঢাকা মিরপুর পল্লবী নতুন থানা।
কুরিয়ার পসিবল।"
Xiaomi Civi 4 Pro 256 GB Blue,35000,Used,"Dhaka, Badda",16/09,https://bikroy.com/badda/mobile-phones/xiaomi-civi-4-pro-256-gb-blue-hTbseruTIHqEYva81shvey9o.html,4,2026-09-27T11:16:42.962122+00:00,individual,"Want to exchange with high configured device.
- 12/256 GB
- 8s Gen 3 processor
- 50MP 2x telephoto lens (Awesome portrait)
Super handy premium phone
Location: Badda"
Xiaomi Civi 5 Pro 256 GB,39000,Used,"Dhaka, Mirpur",2 days ago,https://bikroy.com/mirpur/mobile-phones/xiaomi-civi-5-pro-256-gb-yCBuVAb1jlcbYouqbNxt7VQv.html,5,2026-09-27T11:16:44.387181+00:00,individual,"12/256
Battery 99
Cycle count 107
Box charger cashmemo
Full fresh condition"
Xiaomi Redmi Turbo 5 Max 256 GB Silver,49500,Used,"Dhaka, Savar",1 day ago,https://bikroy.com/savar/mobile-phones/xiaomi-redmi-turbo-5-max-256-gb-silver-zK9h7ZEll1EvYNzt95Wc5wZj.html,5,2026-09-27T11:16:44.414709+00:00,individual,Used for 2 months completely new phone
Xiaomi 13 Pro 256 GB,39000,Used,"Dhaka, Mirpur",22/09,https://bikroy.com/mirpur/mobile-phones/xiaomi-13-pro-256-gb-n8QmeSj2Fe8bLBDhOMpb1wZy.html,5,2026-09-27T11:16:45.248303+00:00,individual,Fully fresh Condition
New Xiaomi Redmi Turbo 4 Pro 256 GB White,40250,Brand New,"Dhaka, Jatrabari",01/09,https://bikroy.com/jatrabari/mobile-phones/new-xiaomi-redmi-turbo-4-pro-256-gb-white-is2cxc6OkTEQ9ousfMJuypDk.html,3,2026-09-27T11:16:45.902460+00:00,individual,"ফোন সম্পূর্ণ ফ্রেশ,, তো যত ইচ্ছা দেখে নিবেন কোন সমস্যা নেই,, ব্যাটারি হেল্থ ৯৯% ,, ফোনে কোন দাগ নাই।।  ফ্রেশ।"
Xiaomi 14 Pro 256 GB Green,45500,Used,"Dhaka, Jatrabari",22/09,https://bikroy.com/jatrabari/mobile-phones/xiaomi-14-pro-256-gb-green-8acw9B6lMWyhoeLXZixxp482.html,5,2026-09-27T11:16:46.281780+00:00,individual,"Xiaomi 14 pro 12/256
only phone (global)"
New Xiaomi 17T 256 GB,67000,Brand New,"Dhaka, Jamuna Future Park",5 hours ago,https://bikroy.com/jamuna-future-park/mobile-phones/new-xiaomi-17t-256-gb-fMbn7o9peT9ED4GfNgDXY0V7.html,5,2026-09-27T11:16:46.755235+00:00,individual,"Xiaomi 17T
BD official 
Cycle count : 8
12GB 256GB
Full Fresh condition 
Price: 67000 Tk
 Paramount Gadget
Jamuna Future Park Shopping Mall
Level 4, Shop No: 006C
Near Lift 7 (নোকিয়া গলি)
 
."
New Xiaomi Civi 5 Pro 256 GB White,65000,Brand New,"Dhaka, Jamuna Future Park",2 hours ago,https://bikroy.com/jamuna-future-park/mobile-phones/new-xiaomi-civi-5-pro-256-gb-white-lgg9I3LoJ0qnCgLHurpr0Rof.html,4,2026-09-27T11:16:47.549799+00:00,individual,"Xiaomi Civi 5 pro– Best condition 
• 128 GB Storage• 
• Color: Nebula Purple
• China Variant
• Battery Health: 100%
• Absolutely fresh, no issues at all 
• Face ID, Camera, True Tone all 100% OK
• Box/Charger: Included 
• Location: Jamuna Future Park, Level 4, 4B-007D"
Xiaomi Redmi Note 15 128 GB Black,24500,Used,"Dhaka, Savar",08/09,https://bikroy.com/savar/mobile-phones/xiaomi-redmi-note-15-128-gb-black-aq9F9H9Fi0lkQq8ob2RCcbrt.html,3,2026-09-27T11:16:48.093575+00:00,individual,"I need money urgently so I am selling it. There are no problems with the phone, everything is OK. Box and charger are all included, bought about 3 months ago. I do not have a second mobile so I could not provide the original pictures. To take the mobile, you have to come to my location, location Ashulia Bazar."
Xiaomi Redmi Note 14 Pro 5G 256 GB Black,28000,Used,"Dhaka, Jatrabari",18/09,https://bikroy.com/jatrabari/mobile-phones/xiaomi-redmi-note-14-pro-5g-256-gb-black-APHcO7WjOCLaIyrGKCsftXbt.html,5,2026-09-27T11:16:48.682768+00:00,individual,"The mobile is completely fine with no marks anywhere. Used for a short time. You will get the phone box, charger, and original phone cover, everything. Global set, official phone in Bangladesh"
New Xiaomi Redmi Note 15 128 GB,26990,Brand New,"Dhaka, Shyamoli",8 hours ago,https://bikroy.com/shyamoli/mobile-phones/new-xiaomi-redmi-note-15-128-gb-alax14FxUaNSJL7ScpmcRDkq.html,4,2026-09-27T11:16:49.335434+00:00,individual,"New Arrival best Price 
Get #NEW_ Xiaomi Redmi Note 15 6/128GB OFFICIAL 
#_NEW_INTACKE_BOX
Exchange Possible 
We sell 100% Original Product
You can check it however you like. 
Warranty Policy  
7 Days Parts Replacement Warranty 
2 Year Service Warranty Without LCD, Software & Physical Damage"
Xiaomi Civi 2 256 GB,21990,Used,"Dhaka, Savar",6 hours ago,https://bikroy.com/savar/mobile-phones/xiaomi-civi-2-256-gb-aU5853DRlZ7tuJ0rOeX052U4.html,5,2026-09-27T11:16:49.781395+00:00,individual,"The Xiaomi CIVI 2 is a perfect combination of attractive design and great performance. The phone has been used with extreme care; there are no scratches or dents on the body. It is in fresh, like-new condition.
 Location: Savar Nabinagar Sena Shopping Complex, Shop No. D43
Genuine buyers please inbox or call directly. Please do not bargain unnecessarily. Thank you!"
Xiaomi Mi Mix 256 GB Black,32500,Used,"Dhaka, Keraniganj",02/09,https://bikroy.com/keraniganj/mobile-phones/xiaomi-mi-mix-256-gb-black-aBv1DEWgd3HODsdi1aJncs2e.html,5,2026-09-27T11:16:50.591906+00:00,individual,"xiaomi mix 4 pro
8GB +4GB RAM+256 GB 
120w fast charger
দুর্দান্ত ক্যামেরা ১০৮ মেগাপিক্সেল 
ফরেন ক্যামেরা হিডেন আন্ডার ডিসপ্লে দিনের বেলায় দেখা যায় না lফোনে কোনো রকম কাজ করা নেই. একদম ফ্রেশ. 

যদি কারো প্রয়োজন হয় যোগাযোগ করুন"
Xiaomi Redmi Note 15 128 GB Black,19500,Used,"Dhaka, Savar",09/09,https://bikroy.com/savar/mobile-phones/xiaomi-redmi-note-15-128-gb-black-eZmFKvRdqKlgarSYeUunjuH.html,4,2026-09-27T11:16:51.259244+00:00,individual,"There are no problems with the phone, it is just like new, and comes with the original charger."
Xiaomi Redmi Note 13 512 GB Black,26999,Used,"Dhaka, Mohammadpur",18 hours ago,https://bikroy.com/mohammadpur/mobile-phones/xiaomi-redmi-note-13-512-gb-black-zsjQuHl1L68AEdh8RYjCWSz6.html,4,2026-09-27T11:16:51.893520+00:00,individual,"There is not the slightest problem with the phone. My elder brother sent me an iPhone from abroad, which is why I am selling this. Very good condition and fresh looking."
Xiaomi Civi 2 256 GB Black,20990,Used,"Dhaka, Shyamoli",8 hours ago,https://bikroy.com/shyamoli/mobile-phones/xiaomi-civi-2-256-gb-black-eYCxOR1PzoMbieAsiLXITIZc.html,5,2026-09-27T11:16:52.378007+00:00,individual,"Maa Enterprise - Smart Zone.
Shyamoli Khan Plaza Mobile Market.
Shop No (22) Ring Road - Shyamoli
Mohammadpur - Dhaka - 1207. 019XXXXXXXX"
Xiaomi 13 256 GB Blue,32999,Used,"Dhaka, Mirpur DOHS",2 hours ago,https://bikroy.com/mirpur-dohs/mobile-phones/xiaomi-13-256-gb-blue-7YitwFwbP4J0vc5Bn2s6NcdB.html,4,2026-09-27T11:16:52.968017+00:00,individual,"AR Gallery BD 
Shop-76, Lift-4, Shah Ali Plaza, Mirpur-10,Dhaka-1216,
Xiaomi 13 - Only Phone + Cash Memo.
★Ram:- 12GB ★Rom:-256GB 
★Back Camera:-50+10+12 MP 
★Front Camera:- 32MP
★Battery:-4500mAh
★ Charging: 67W wired,
★ Sim: dual sim
■ 5 দিনর রিপ্লেসমেন্ট গ্যারান্টি । 
■ 1 বছরের সার্ভিস ওয়ারেন্টি ( Without parts)"
Xiaomi Poco X5 Pro 256 GB Black,18500,Used,"Dhaka, Jatrabari",08/09,https://bikroy.com/jatrabari/mobile-phones/xiaomi-poco-x5-pro-256-gb-black-kni6MufRA0y0rzPLsLkDknI3.html,5,2026-09-27T11:16:53.753350+00:00,individual,"The phone will be sold in an emergency. There are no problems of any kind with the phone. Box and charger are all included. 
 
(WhatsApp / imo/number)"
Xiaomi Redmi Note 13 Pro+ 256 GB Red,28000,Used,"Dhaka, Rampura",14/09,https://bikroy.com/rampura/mobile-phones/xiaomi-redmi-note-13-pro-256-gb-red-yPEmT9eOoarm8C7uW42cWEDw.html,3,2026-09-27T11:16:54.104317+00:00,individual,"All ok
Only device and cash memo"
Xiaomi Mi 11 Ultra 256 GB Black,29000,Used,"Dhaka, Jatrabari",15 hours ago,https://bikroy.com/jatrabari/mobile-phones/xiaomi-mi-11-ultra-256-gb-black-lf3UY7aLea8wEM9t6QMpILyE.html,4,2026-09-27T11:16:54.802151+00:00,individual,"Phone used for personal purposes

Full body and display protected with poly...
Not a single scratch or dent....

Comes with cash memo and original 67-watt charger..

🔴The volume button is a bit stiff... requires a slightly harder press, but it works completely fine..

Everything else works great"
Xiaomi Redmi Note 15 Pro 256 GB Black,28999,Used,"Dhaka, Mirpur",8 hours ago,https://bikroy.com/mirpur/mobile-phones/xiaomi-redmi-note-15-pro-256-gb-black-ml8J5ZzdRGOtlCQWhJbJQLnz.html,5,2026-09-27T11:16:55.473656+00:00,individual,"Redmi note 15pro cn With Full Box 8/256 GB

Buy, Sell & Exchange

Original Picture Uploaded 

8/256 Gb - ৳ 

100% Original & Non Refurbished Product 

10 Day's Replacement Guaranty 

1 Year Service warranty 

Mirpur shopping Center 
5th floor
Shop number 639
Mirpur 2 Dhaka 1216"
New Xiaomi Civi 1S 256 GB,16990,Brand New,"Dhaka, Mohammadpur",2 hours ago,https://bikroy.com/mohammadpur/mobile-phones/new-xiaomi-civi-1s-256-gb-oMVixP3iFAj77nKGsTiEeFX6.html,5,2026-09-27T11:16:55.816979+00:00,individual,"8+128 GB=16990/=
12+256 GB=18990/=
Xiaomi Civi-1
7 Days Replacement Guarantee 2 Years Free Service Warranty 
No scratches or dirt 
Looks like new
Used abroad 
Our Address 

Mobile Plaza 
Shyamoli Tower Complex Market 
2nd Floor, Shop No. 13, 14
Market right beside Shyamoli Bus Stand and Foot Overbridge 
Shyamoli Mohammadpur Dhaka"
Samsung Galaxy S25 Ultra 256 GB Black,90000,Used,"Rajshahi, Nawdapara",23/09,https://bikroy.com/nawdapara/mobile-phones/samsung-galaxy-s25-ultra-256-gb-black-lgQLczXQosCJ2EqXJ47flr7Y.html,3,2026-09-27T11:16:56.674030+00:00,individual,"1000% Fresh. Showroom condition. Not a single hair-line scratch. Laminated with poly since the time of purchase. Comes with the original charger.
Check and test it for as long as you want.
Whatever you ask for security purposes will be provided.
Call directly if you want to"
New Samsung Galaxy S24 Ultra 256 GB Black,70000,Brand New,"Rajshahi, Rajpara",23/09,https://bikroy.com/rajpara/mobile-phones/new-samsung-galaxy-s24-ultra-256-gb-black-C5nNwcTigbQ8QaUIYwE6ymyQ.html,5,2026-09-27T11:16:57.233525+00:00,individual,"Very good condition
Performance is completely top-notch"
New Samsung Galaxy S24 Ultra 512 GB Black,74500,Brand New,"Rajshahi, Shaheb Bazar",31/08,https://bikroy.com/shaheb-bazar/mobile-phones/new-samsung-galaxy-s24-ultra-512-gb-black-isGTmyKd1fsh8KIRagRJfsvm.html,5,2026-09-27T11:16:57.820758+00:00,individual,"📱 Samsung Galaxy S24 Ultra — 512GB 🔥

✅ Model: Samsung S24 Ultra
💾 Storage: 512GB
🏪 Shop Name: City Gadget
📍 Location: Rajshahi City Center, 215 Shop
💯 ফোন দেখতে ও ব্যবহার করতে সরাসরি দোকানে আসতে পারবেন।

💰 Price: ৭৪,০০০ টাকা

📩 আগ্রহী হলে Inbox করুন অথবা সরাসরি লোকেশনে এসে দেখে নিন।
📞 যোগাযোগ 018XXXXXXXX"
Samsung Galaxy S24 Plus 256 GB Purple,55000,Used,"Rajshahi, Shaheb Bazar",29/08,https://bikroy.com/shaheb-bazar/mobile-phones/samsung-galaxy-s24-plus-256-gb-purple-cUhQT4LW4QP17UOEW64ygnnW.html,3,2026-09-27T11:16:58.363141+00:00,individual,"No issue 
Full fresh 🔥
12/256 
Lagle inbox...!"
New Samsung Galaxy S26 Ultra 5G 256 GB Blue,115000,Brand New,"Rajshahi, Boalia",17/09,https://bikroy.com/boalia/mobile-phones/new-samsung-galaxy-s26-ultra-5g-256-gb-blue-qbY4u6z9tvD4tAf2sYkJyrMH.html,5,2026-09-27T11:16:59.219637+00:00,individual,"Samsung s26 ultra
Very good condition, like brand new with box and a cover, charger, not a single issue or scratch, just used arround 3/4 months"
Samsung Galaxy S24 Ultra 256 GB White,87000,Used,"Rajshahi, Shaheb Bazar",5 hours ago,https://bikroy.com/shaheb-bazar/mobile-phones/samsung-galaxy-s24-ultra-256-gb-white-p7bmoGm97s1ouC3sSJuomc5V.html,4,2026-09-27T11:16:59.772201+00:00,individual,"Samsung S25 Ultra 
12 / 256 
Super condition 
7 days replacement guarantee  
1 year service warranty  
#exchange possible 
Our Address :
Smart Choice , Shop No. 211 , 
City Center , Beside of Rajshahi College , Sonadigir Mor, Rajshahi
Call for any details:"
Samsung Galaxy S24 Ultra 256 GB Black,74900,Used,"Rajshahi, Shaheb Bazar",01/09,https://bikroy.com/shaheb-bazar/mobile-phones/samsung-galaxy-s24-ultra-256-gb-black-6ccDxNtB0TzJifILDioNAjPK.html,5,2026-09-27T11:17:00.424440+00:00,individual,"Used for 8months,no single scratches or dent.full fresh condition like new. Used very carefully,with back poly, back cover & screen protector.Everything is ok.New phone kinbo tai sell korci."
Samsung Galaxy S24 Ultra 512 GB Blue,80000,Used,"Rajshahi, Boalia",22/09,https://bikroy.com/boalia/mobile-phones/samsung-galaxy-s24-ultra-512-gb-blue-cwqLJ10NcRmSkDbrECgHTAAH.html,4,2026-09-27T11:17:00.901119+00:00,individual,"There is no problem with the phone, you can take it after checking. I will shift to iPhone so I will sell the phone. The phone is seven-eight months old. The phone has a full box. The phone is poly-coated, the poly has not been removed yet"
Samsung Galaxy S23 Ultra 256 GB Gray,52000,Used,"Rajshahi, Kazla",05/09,https://bikroy.com/kazla/mobile-phones/samsung-galaxy-s23-ultra-256-gb-gray-dDvoPueMFVcMhgJnE6FVep3b.html,3,2026-09-27T11:17:01.678142+00:00,individual,100% fress dakhe niben
Samsung Galaxy S24 Ultra 256 GB Silver,78000,Used,"Rajshahi, Shaheb Bazar",21/09,https://bikroy.com/shaheb-bazar/mobile-phones/samsung-galaxy-s24-ultra-256-gb-silver-1JoojejbPNNMuQ3Y7dXGUOEk.html,5,2026-09-27T11:17:02.168131+00:00,individual,Fresh phone.. No problem.... All parts original... Will provide NID card for security
Samsung Galaxy S24 Ultra 256 GB Gray,77000,Used,"Rajshahi, Rajpara",02/09,https://bikroy.com/rajpara/mobile-phones/samsung-galaxy-s24-ultra-256-gb-gray-s9oUAIhUtjVoHuZnq6MMbJlK.html,3,2026-09-27T11:17:02.884262+00:00,individual,12/256 gb. Full fresh with full box.
Samsung Galaxy S26 Ultra 5G 512 GB Blue,115000,Used,"Rajshahi, Shaheb Bazar",5 hours ago,https://bikroy.com/shaheb-bazar/mobile-phones/samsung-galaxy-s26-ultra-5g-512-gb-blue-3tUSQVNHO7P9apzxgC7PxJcd.html,3,2026-09-27T11:17:02.925732+00:00,individual,"Samsung S26 Ultra, 12GB RAM, 512GB storage. Super condition. 7 days replacement guarantee. 1 year service warranty. #exchange possible. Our Address: Smart Choice, Shop No. 211, City Center, Beside Rajshahi College, Sonadighi Mor, Rajshahi. Call for any details:"
Samsung Galaxy S24 Ultra 256 GB Silver,71000,Used,"Rajshahi, Kadirgonj",9 hours ago,https://bikroy.com/kadirgonj/mobile-phones/samsung-galaxy-s24-ultra-256-gb-silver-sJppHyTsbzJ0Ks7VIoYFGSaD.html,5,2026-09-27T11:17:03.809081+00:00,individual,"Assalamu Alaikum wa Rahmatullahi wa Barakatuh
Fresh Condition
Box: Only Device
Cash Memo: Available
Replacement Guarantee: Get up to 7 days (conditions apply)
Location: Rajshahi Kadirganj Chalpotti, beside Large Farmer, behind Swapnochura Plaza Nagar Bhaban.
Shop No: 123 - Ground Floor beside the lift
Shop Name: Rajshahi Mobile Bari 019XXXXXXXX"
Samsung Galaxy S24 256 GB Yellow,49500,Used,"Rajshahi, Paba",23/09,https://bikroy.com/paba/mobile-phones/samsung-galaxy-s24-256-gb-yellow-9TEz3URCrakCCKO3t3ED7bgg.html,5,2026-09-27T11:17:04.168144+00:00,individual,"Full fresh condition, no problems at all. Everything is original. Bought six months ago for 53,000, cash memo is available. Selling because I need money. The phone performance is totally top-notch.
Asking price-49,500/-(only phone)
Charger and power bank are available. If you take the phone, I will let those go at a 50% discount."
Samsung Galaxy S21 FE 128 GB Gray,28500,Used,"Rajshahi, Tanore",29/08,https://bikroy.com/tanore/mobile-phones/samsung-galaxy-s21-fe-128-gb-gray-puj3391DSpS1WAK2izLvGQE3.html,3,2026-09-27T11:17:04.655994+00:00,individual,Sorom theke kena akdom notun er moto
Samsung Galaxy S20+ 5G 128 GB Blue,30000,Used,"Rajshahi, Uposahar",7 hours ago,https://bikroy.com/uposahar/mobile-phones/samsung-galaxy-s20-5g-128-gb-blue-iHJjgyvSnKyvj8eVSZ39WTiq.html,3,2026-09-27T11:17:05.294874+00:00,individual,"Everything in the phone is all OK. Only the back panel is cracked due to dropping from the hand. The phone was bought officially. However, the box and charger are lost."
Samsung Galaxy S21 5G 256 GB Purple,22000,Used,"Rajshahi, Motihar",2 days ago,https://bikroy.com/motihar/mobile-phones/samsung-galaxy-s21-5g-256-gb-purple-5Db29E34KKOPkChXveRN45ba.html,5,2026-09-27T11:17:05.820631+00:00,individual,টাকার দরকার এজন্য সেল দিচ্ছি ফোন দেখতে হলে অবশ্যই লোকেশনে এসে দেখেশুনে চেক করে নিয়ে যাবেন ধন্যবাদ
Samsung Galaxy S23 Ultra 256 GB White,46000,Used,"Rajshahi, Kazla",17/09,https://bikroy.com/kazla/mobile-phones/samsung-galaxy-s23-ultra-256-gb-white-fMZ8reZ7xZbSVa18OiBdY65W.html,5,2026-09-27T11:17:06.486495+00:00,individual,"Device Description
Model: Samsung Galaxy S23 Ultra 5G (Indian Variant)
RAM & Storage: 12GB RAM / 256GB Storage
Color: Cream
Condition: Absolutely fresh, no major scratches or dents (used with cover and glass protector).
Performance: Camera, display, S-Pen, speaker and battery 100% OK.
Price: 46,000 Taka
Location: Rajshahi,
Contact 017XXXXXXXX"
Samsung Galaxy Note 10 Plus 5G 256 GB Blue,19500,Used,"Rajshahi, Shaheb Bazar",1 day ago,https://bikroy.com/shaheb-bazar/mobile-phones/samsung-galaxy-note-10-plus-5g-256-gb-blue-wKS1yGRb8cquvF3I779dGMPf.html,5,2026-09-27T11:17:07.436979+00:00,individual,"Exchange possible If give a lower version and add money.
Selling because I need money now.
If you are interested than. Inbox..
We will talk about the phone.

Orginal price - 30000
Discount price this."
Samsung Galaxy S10 Plus 128 GB White,20000,Used,"Rajshahi, Paba",30/08,https://bikroy.com/paba/mobile-phones/samsung-galaxy-s10-plus-128-gb-white-oHeK45Cc8v4p1cz6GjlANFaF.html,5,2026-09-27T11:17:07.993494+00:00,individual,emergency sel daw hab  full fresh condition
Samsung Galaxy Note 10 Plus 256 GB Black,30500,Used,"Rajshahi, Puthia",23/09,https://bikroy.com/puthia/mobile-phones/samsung-galaxy-note-10-plus-256-gb-black-5gl1n5cymTNDQe2qbQ3CND1t.html,5,2026-09-27T11:17:08.730249+00:00,individual,"Samsung Galaxy Note 10+... 
Only phone no box. 
All ok no repair history 95% full fresh condition... all parts original... full details inbox & Whatsapp and contact number 019XXXXXXXX"
New Samsung Galaxy A15 5G 256 GB White,18999,Brand New,"Rajshahi, Vodra",5 hours ago,https://bikroy.com/vodra/mobile-phones/new-samsung-galaxy-a15-5g-256-gb-white-khjzStvu9IVYXPSkuoRxP6hS.html,5,2026-09-27T11:17:09.440968+00:00,individual,"Experience smart design and incredible performance with the Samsung A15, your perfect choice.

Limited stock – first come, first served!
Our Address: Baneswar Shibpur Hat, Puthia, Rajshahi
100% Trustworthiness
Right price, right product
FAHIM mobile zone, your trusted mobile shop"
New Samsung Galaxy S20+ 5G 256 GB Blue,22000,Brand New,"Rajshahi, Nawdapara",01/09,https://bikroy.com/nawdapara/mobile-phones/new-samsung-galaxy-s20-5g-256-gb-blue-tJfheCLFodkvT5znEt7M8wzo.html,4,2026-09-27T11:17:09.959147+00:00,individual,ফোন একেবারে ওকে।  কোনই সমস্যা নাই। ফোনের অরজিনাল ডিসপ্লে । মাদারবোর্ডে কোন কাজ করা নাই। কেউ নিতে চাইলে এই নাম্বারে ফোন দিবেন 017XXXXXXXX
New Samsung Galaxy S21+ 5G 128 GB Black,23000,Brand New,"Rajshahi, Kazla",06/09,https://bikroy.com/kazla/mobile-phones/new-samsung-galaxy-s21-5g-128-gb-black-oWZc0m590Zzjg9DRCPxEI7BA.html,5,2026-09-27T11:17:10.427107+00:00,individual,"Flagship phone
Location rajshahi university
Kono somossa nai"
Samsung Galaxy S20 FE 128 GB Black,25000,Used,"Rajshahi, Chhota Banagram",24/09,https://bikroy.com/chhota-banagram/mobile-phones/samsung-galaxy-s20-fe-128-gb-black-sgyURJvzLIEmKnmnzaYpcxHf.html,5,2026-09-27T11:17:10.970315+00:00,individual,"This phone is very good, this phone is in very fresh condition."
Samsung Galaxy S21 FE 5G 128 GB Gray,18500,Used,Rajshahi,01/09,https://bikroy.com/rajshahi/mobile-phones/samsung-galaxy-s21-fe-5g-128-gb-gray-nsZdBr2QWShGcxKfKSr15kz4.html,5,2026-09-27T11:17:11.703382+00:00,individual,"Samsung Galaxy S21 FE
✅ Model: Samsung Galaxy S21 FE
✅ RAM: 8GB
✅ Storage: 128GB
✅ Display: 6.4”, 120Hz
✅ 5G Supported
✅ Wi-Fi 6 Supported
✅ Fingerprint Sensor
✅ Phone performance & overall condition ভালো
💰 Price: ৳18500
📍 Location: Rajshahi
📩 Interested হলে Inbox করুন।
⚠️ অযথা দামাদামি না করার অনুরোধ। Genuine buyer হলে দেখে-শুনে নিতে পারবেন।"
Samsung Galaxy S20 Ultra 5G 128 GB Black,23990,Used,"Rajshahi, Shaheb Bazar",11/09,https://bikroy.com/shaheb-bazar/mobile-phones/samsung-galaxy-s20-ultra-5g-128-gb-black-nyYF4vcbRnEqThfGqCCq8bNv.html,4,2026-09-27T11:17:12.393108+00:00,individual,"No issues with this phone.

WhatsApp only at 014XXXXXXXX"
Samsung Galaxy S23 FE 128 GB,27500,Used,"Rajshahi, Shaheb Bazar",16/09,https://bikroy.com/shaheb-bazar/mobile-phones/samsung-galaxy-s23-fe-128-gb-7DcwWhEawXDOpdQwnYWreXH6.html,5,2026-09-27T11:17:12.962713+00:00,individual,"Exchange with iPhone 12 Pro bypass 
Or 
iPhone 13 bypass 
Battery Health 85+"
Samsung S26 ULTRA 12/256 NEW (Brand New),138000,Brand New,"Chattogram, Chawkbazar",5 hours ago,https://bikroy.com/chawkbazar/mobile-phones/samsung-s26-ultra-12-256-new-brand-new-2WxjmLrCfvcfsaNHyOY3dzvR.html,0,2026-09-27T11:17:13.716498+00:00,individual,"🔳 INTACT SEAL PACK 
🔳 Storage: 12/256GB
🔳 Colour: BLUE
◾ Box And Original Cable


🔰 Our Speciality......................................

◾Original & Non-Refurbished Product
◾Emi Facilities Available*
◾Accept Visa, Master Card
◾Delivery Facility inside & Outside ctg.
◾Phone Exchange Facilities*
◾Our All Product 7 Days replacement And 1 year Service Warranty



🔰 Our Showroom Address:


Rony Enterprise (Since 2007)
Bali Arcade Shopping Center
4th Floor, Shop no 03(infront of chawkbazar Post Office
Sirajuddula Road, Chawkbazar, Chattogram Show more"
Samsung Galaxy S24 Ultra 256 GB Black,85000,Used,"Chattogram, Agrabad",19/07,https://bikroy.com/agrabad/mobile-phones/samsung-galaxy-s24-ultra-256-gb-black-6tG5zsRVYCqTAF5F626HmuwZ.html,5,2026-09-27T11:17:14.155995+00:00,individual,Phone like new. No repair history. Box nai but any kind of security dewa Jabe. Everything works perfectly.Location must.
Samsung Galaxy Z Flip6 512 GB White,130000,Used,"Chattogram, Mirsharai",08/08,https://bikroy.com/mirsharai/mobile-phones/samsung-galaxy-z-flip6-512-gb-white-4YS26EPVWOGhTN4W2Scx1hHv.html,3,2026-09-27T11:17:14.798694+00:00,individual,"Used for two months, still fully fresh, no problems with the mobile, like new"
Samsung Galaxy S24 512 GB Black,84990,Used,"Chattogram, CDA Avenue",5 hours ago,https://bikroy.com/cda-avenue/mobile-phones/samsung-galaxy-s24-512-gb-black-dJz194axAQNfQVFkz3a2lh5l.html,2,2026-09-27T11:17:15.291047+00:00,individual,"Samsung Galaxy S24 Ultra (12GB / 512GB). Only used for a few months. Ready stock. Get 20% extra trade-in value for your old phone! Warranty benefits: 15-day replacement guarantee, lifetime service warranty. Call now: Finlay Square, Level-4, Shop-406, 2 No Gate, Nasirabad, Chattogram"
Samsung Galaxy S24 Ultra 256 GB Silver,83000,Used,"Chattogram, Agrabad",09/05,https://bikroy.com/agrabad/mobile-phones/samsung-galaxy-s24-ultra-256-gb-silver-kh0pyyOSp9vMh32h4kTV7h0k.html,3,2026-09-27T11:17:15.999193+00:00,individual,"• Full fresh - not a single scratch
• Full box available (IMEI & Serial. matched)
• 12GB RAM / 256GB Storage
• Official phone
• First owner (personal use)
• Price fixed
• With original 45W adapter + cable
Serious buyers only inbox me."
Samsung Galaxy S25+ 12/256GB FULL BOX (Used),85000,Used,"Chattogram, Chawkbazar",5 hours ago,https://bikroy.com/chawkbazar/mobile-phones/samsung-galaxy-s25-12-256gb-full-box-used-uRUdDTM73SzH6xroD0NgA4Pf.html,0,2026-09-27T11:17:16.704440+00:00,individual,"🔳 TWO MONTH USED ONLY AS LIKE AS NEW CONDITION
🔳 Storage: 12/256gb
🔳 Colour: SILVER
◾ Original Cable AND BOX

🔰 Our Speciality......................................

◾Original & Non-Refurbished Product
◾Emi Facilities Available*
◾Accept Visa, Master Card
◾Delivery Facility inside & Outside ctg.
◾Phone Exchange Facilities*
◾ All Products Original And Genuine.
◾Our All Product 7 Days replacement And 1 year Service Warranty



🔰 Our Showroom Address:


Rony Enterprise (Since 2007)
Bali Arcade Shopping Center
4th Floor, Shop no 03(infront of chawkbazar Post Office
Sirajuddula Road, Chawkbazar, Chattogram Show more"
Samsung Galaxy S24 Ultra 256 GB Silver,86000,Used,"Chattogram, Double Mooring",25/06,https://bikroy.com/double-mooring/mobile-phones/samsung-galaxy-s24-ultra-256-gb-silver-8PXh2Gu03AJT1bB0ruDMJrMv.html,5,2026-09-27T11:17:17.464455+00:00,individual,Comes with the original charging cable (unused) and 4 premium covers.
Samsung Galaxy S24 Ultra 256 GB Gray,80000,Used,"Chattogram, Kotwali, Chattogram",09/09,https://bikroy.com/kotwali/mobile-phones/samsung-galaxy-s24-ultra-256-gb-gray-gcyFfIPIhuTAarznCVVyoFMf.html,3,2026-09-27T11:17:18.175676+00:00,individual,"Contract - 
(Wp)
Used
Condition
No cracks
Physical Condition
256 GB
Internal Storage
12 GB
Ram
No
Card Slot
Triple 200 MP / 50 MP / 10 MP
Main Camera
12 MP
Selfie Camera
6.8 inches
Screen Size
1440 x 3120
Resolution
AMOLED
Display Type
Dual Nano-SIMs and eSIM
SIM
Android
Operating System
5000 mAh
Battery
Gray
Color"
New Samsung Galaxy S25 Ultra 256 GB Black,99999,Brand New,"Chattogram, CDA Avenue",8 hours ago,https://bikroy.com/cda-avenue/mobile-phones/new-samsung-galaxy-s25-ultra-256-gb-black-dQ7YRE6nbI0M4sGPgYb5KYy9.html,3,2026-09-27T11:17:18.622923+00:00,individual,"Brand new Intech box! 
12GB/256GB
Black color

ক্রেডিট কার্ড এর মাধ্যমে ২০ টির অধিক ব্যাংকে ৩৬ মাস পর্যন্ত EMI এর সুবিধা রয়েছে। (*শর্ত প্রযোজ্য*)"
Samsung Galaxy S25 Ultra 256 GB Blue,103000,Used,Chattogram,11/05,https://bikroy.com/chattogram/mobile-phones/samsung-galaxy-s25-ultra-256-gb-blue-wBM6eUgeyaTvVHJYvkIn3vle.html,3,2026-09-27T11:17:19.346671+00:00,individual,Brand new condition. Not a single scratch. Used for three months. Box and cable included. You must come to my residence for the location. Price is almost fixed.
Samsung Galaxy S24 Ultra (Used),90000,Used,"Chattogram, Khulshi",23/04,https://bikroy.com/khulshi/mobile-phones/samsung-galaxy-s24-ultra-used-7CO4BEAXvKuCTvUK7J1NNbx6.html,3,2026-09-27T11:17:20.335736+00:00,individual,"100% fresh.
Full boxed. Not a single spot. Original cable.
With premium phone case."
Samsung Galaxy S24 Ultra 256 GB Silver,79000,Used,"Chattogram, Kotwali, Chattogram",20/07,https://bikroy.com/kotwali/mobile-phones/samsung-galaxy-s24-ultra-256-gb-silver-aQUrdG3t6ifUqQH27YqbQyQq.html,3,2026-09-27T11:17:20.932047+00:00,individual,No issues. Everything is original. The mobile has a screen protector and a lens protector applied. The memo will be provided with the mobile. You must come to the location to pick up the mobile.
Samsung Galaxy S24 Ultra 256 GB,79999,Used,"Chattogram, Muradpur",9 hours ago,https://bikroy.com/muradpur/mobile-phones/samsung-galaxy-s24-ultra-256-gb-ARLo6IJ0uVoJnUMQDwWnr42H.html,4,2026-09-27T11:17:22.184512+00:00,individual,"Samsung Galaxy S24 Ultra
12GB RAM / 256GB
Full Box
TDRA Dual SIM
Snapdragon 8 Gen 3
200MP Quad Camera with OIS & 100X Space Zoom
12MP Selfie Camera
Battery: 5000mAh
Benefits:
15-day replacement guarantee
Device – Shop No: 319, 3rd Floor
CPDL RB Midtown Market, Muradpur, Chattogram"
New Samsung Galaxy s26 256 GB,114999,Brand New,"Chattogram, CDA Avenue",8 hours ago,https://bikroy.com/cda-avenue/mobile-phones/new-samsung-galaxy-s26-256-gb-mkbvfDnmZI7W37nvy1yxJadN.html,4,2026-09-27T11:17:22.882533+00:00,individual,"Display: 6.9"" QHD+ Dynamic LTPO AMOLED 2X, 120Hz, HDR10+, 2600 nits (peak)
Processor: Snapdragon 8 Elite Gen 5, 
Camera: 200MP Wide, 50MP Ultrawide, 10MP 3x, 50MP 5x Telephoto, 12MP Selfie, 8K video recording
Battery: Li-Ion 5000 mAh battery,
Enjoy EMI facilities up to 36 months through credit cards from over 20 banks. (*Conditions apply*)"
Samsung Galaxy S23 Ultra 256 GB Green,45000,Used,"Chattogram, Alankar",06/09,https://bikroy.com/alankar/mobile-phones/samsung-galaxy-s23-ultra-256-gb-green-zY548IGmvUimJc4Ax88x8Yx.html,5,2026-09-27T11:17:25.413979+00:00,individual,"Samsung Galaxy S23 Ultra
 RAM: 12GB
 Storage: 256GB
 Display: Changed to Top-Quality OLED Display 
 Fingerprint: Working 
 Box: Full Box
 Condition: Good
 Asking Price: 45,000৳
 Location: Halishahar, Bisso Road, Chattogram
 Interested হলে inbox করুন।
Serious buyers only."
New Samsung Galaxy S21 5G 128 GB Black,70000,Brand New,"Chattogram, Nasirabad",05/09,https://bikroy.com/nasirabad/mobile-phones/new-samsung-galaxy-s21-5g-128-gb-black-5Qt5ue2Pt56HOlEqR5jpmJwj.html,5,2026-09-27T11:17:25.425674+00:00,individual,New use hoi ni.box shoho ase. Deke check kore nite parbn.just colour deker jonno kula hoica
Samsung Galaxy Z Fold4 256 GB,28500,Used,"Chattogram, Alankar",23/09,https://bikroy.com/alankar/mobile-phones/samsung-galaxy-z-fold4-256-gb-3GQeEPGfsD84SO082gPEbW3U.html,4,2026-09-27T11:17:25.557930+00:00,individual,সামনের ডিসপ্লে তে ২টা লাইন আছে
Samsung Galaxy S23+ 256 GB Black,26000,Used,"Chattogram, Halishahar",22/09,https://bikroy.com/halishahar/mobile-phones/samsung-galaxy-s23-256-gb-black-kv1x9rIFviucJN2IFUD938lU.html,5,2026-09-27T11:17:26.400400+00:00,individual,"Selling my Samsung Galaxy S23 Plus, used for 1.5 years.
Key Specifications:
* Storage/RAM: 8GB RAM / 256GB ROM
* Processor: Snapdragon 8 Gen 2 for Galaxy"
Samsung Galaxy S22 Ultra 256 GB Blue,35000,Used,"Chattogram, Bakoliya",18/09,https://bikroy.com/bakoliya/mobile-phones/samsung-galaxy-s22-ultra-256-gb-blue-B5xZnQ9RNRq3Ay9JDASsWT35.html,5,2026-09-27T11:17:28.455561+00:00,individual,"Samsung Galaxy S22 Ultra
RAM: 12 GB
ROM: 256 GB
*The phone has never been opened or repaired, completely original.
*An absolutely fresh phone, used by a lady.
*Will provide the box and charger with the phone.
Everything on the phone is working fine except for a green line issue. No other problems."
Samsung Galaxy S23 256 GB Green,38999,Used,"Chattogram, Nasirabad",01/09,https://bikroy.com/nasirabad/mobile-phones/samsung-galaxy-s23-256-gb-green-dotL5522wkaJrbB4S7qgQ5Gz.html,4,2026-09-27T11:17:29.848367+00:00,individual,"🔥 Samsung Galaxy S23 | Premium Deal 🔥

💰 Best Deal Available!

📱 Samsung Galaxy S23 — Base Variant
💾 8GB RAM | 256GB Storage
📦 With Full Box
✨ As Like New 

📞 Contact 019XXXXXXXX"
Samsung Galaxy S24 Ultra 256 GB Gray,75990,Used,"Chattogram, CDA Avenue",5 hours ago,https://bikroy.com/cda-avenue/mobile-phones/samsung-galaxy-s24-ultra-256-gb-gray-BhbPjfr2kdancDStmRasDquV.html,3,2026-09-27T11:17:31.611462+00:00,individual,"S24 ultra 12/256 
Duel sim
full fresh 
14 days replacement gurranty 1year service warranty 
Decent,finlay square ,4th ,floor,406
call us 018XXXXXXXX"
Samsung Galaxy A73 5G 128 GB Gray,25000,Used,"Chattogram, Halishahar",12/09,https://bikroy.com/halishahar/mobile-phones/samsung-galaxy-a73-5g-128-gb-gray-iLcH9OvMaqzu0icrPiQiUOZZ.html,5,2026-09-27T11:17:32.671002+00:00,individual,"Display finger print 100% ok
Super amoled display. Network-5g
RAM 8GB. 128GB. . Android version -16 ... Front camera -32
Back camera =108+12+5+5
Those who want to make Facebook videos can get it. Best camera, charge will last at least 1 day.
Dual speaker. Sound quality is very good."
Samsung Galaxy S24 Ultra 256 GB Black,75990,Used,"Chattogram, Chawkbazar",5 hours ago,https://bikroy.com/chawkbazar/mobile-phones/samsung-galaxy-s24-ultra-256-gb-black-5ora4ajEP6XBgOPqfVpEWN19.html,5,2026-09-27T11:17:34.689647+00:00,individual,"Samsung Galaxy S24 Ultra. Only few days used | Full fresh condition. 12GB RAM | 256GB Storage. Flagship Pro Camera. Premium Titanium Design. Super smooth performance. Price: 75,990৳"
Samsung Galaxy S25 512 GB Blue,70000,Used,"Chattogram, Sitakunda",10/09,https://bikroy.com/sitakunda/mobile-phones/samsung-galaxy-s25-512-gb-blue-nB8QnLaUgmzxJ1YtfErK8Bbr.html,5,2026-09-27T11:17:36.275819+00:00,individual,"Samsung S25 12/512GB, only phone and cash memo.
Exchange only, no sale: Samsung S24 Ultra / iPhone 15 Pro / Vivo X200 Pro Global variant.
The mobile has not a single spot of issue, fully fresh with lamination, check as much as you like. The mobile was bought from abroad so the box couldn't be brought, but cash memo is available.
Don't bother with unnecessary lowball offers, inbox if you really want to buy."
Samsung Galaxy S24 256 GB Black,42000,Used,"Chattogram, New Market, Chattogram",01/09,https://bikroy.com/new-market/mobile-phones/samsung-galaxy-s24-256-gb-black-C0sS7vNgpXQgNpwhtOEL5Xtw.html,3,2026-09-27T11:17:37.896516+00:00,individual,একটি Samsung S24 মোবাইল ফোন আর্জেন্ট বিক্রয় করা হবে
Samsung Galaxy S21 FE 5G 128 GB Blue,24000,Used,"Chattogram, Agrabad",5 hours ago,https://bikroy.com/agrabad/mobile-phones/samsung-galaxy-s21-fe-5g-128-gb-blue-k3bguO7oc0z9ll06t9JkuMyj.html,3,2026-09-27T11:17:39.997606+00:00,individual,"Set is in fully fresh condition. RAM 8GB, Storage 128GB. Comes with charger."
New Samsung Galaxy S24 Ultra 256 GB Blue,58000,Brand New,"Chattogram, Double Mooring",2 days ago,https://bikroy.com/double-mooring/mobile-phones/new-samsung-galaxy-s24-ultra-256-gb-blue-ddLGQcbGQUhQXQAEiSHXFOh2.html,4,2026-09-27T11:17:42.027924+00:00,individual,"Samsung s 24 ultra with box
256 gb
All okh
Note: Display change only.
Other okh
Location: East Madarbari, Chattogram 
Location must
Contact 015XXXXXXXX"
Samsung Galaxy S24 FE 256 GB Blue,41000,Used,"Chattogram, Agrabad",5 hours ago,https://bikroy.com/agrabad/mobile-phones/samsung-galaxy-s24-fe-256-gb-blue-b3KeII4Apy4JHQ68F0JlEU0U.html,3,2026-09-27T11:17:44.443272+00:00,individual,"Samsung S24 FE 5g
Set fully fresh conditions 
200% ok set 
Ram 8+128
With charger 
100% genuine phone... Not a single Security issue pls..."
Samsung Galaxy S25 Ultra 256 GB Silver,82990,Used,"Dhaka, Mirpur",6 hours ago,https://bikroy.com/mirpur/mobile-phones/samsung-galaxy-s25-ultra-256-gb-silver-BFMaaRPq4Ahd1vWA41j9S2EN.html,5,2026-09-27T11:17:46.437738+00:00,individual,">Adiva Telecom >
Shop No: 34, 3rd Floor, Baghdad Shopping Complex, Mirpur- 1, Dhaka- 1216...
The phone is 100% genuine and we offer a 7-day replacement guarantee and 1-year free service warranty. (Without Parts)
Free courier charge all over Bangladesh
Exchange offer. Discounted price.
100% fresh"
Samsung Galaxy S24 Ultra 256 GB Bronze,80000,Used,"Dhaka, Baridhara",5 hours ago,https://bikroy.com/baridhara/mobile-phones/samsung-galaxy-s24-ultra-256-gb-bronze-3WRG6Ye7jJ13UWZ7rjIZVVVw.html,3,2026-09-27T11:17:47.864273+00:00,individual,Samsung s24 Ultra Jamuna future park
Samsung Galaxy Z Fold7 512 GB Blue,139990,Used,"Dhaka, Mohammadpur",2 hours ago,https://bikroy.com/mohammadpur/mobile-phones/samsung-galaxy-z-fold7-512-gb-blue-cNJHUf3HgcCpWHmm1xf2BQzR.html,5,2026-09-27T11:17:48.989394+00:00,individual,"Shop Name :Ab international 
Level -06 Shop number-(657,658)
Tokyo Square,Japan garden city, Mohammadpur
Call us for any question
 USED ফোন কিনে নিয়ে আর কোন দুশ্চিন্তা নয় কারণ আমরা দিচ্ছি ১০০% অরিজিনাল এবং অথেন্টিক ফোন। 
৭ দিনের মধ্যে কোনরকম প্রবলেম হলে রিপ্লেস করে দেওয়া হবে( Expect display issues)
এক বছরের ফ্রি সার্ভিস ওয়ারেন্টি"
Samsung Galaxy S25 Ultra 256 GB White,91000,Used,"Dhaka, Baridhara",8 hours ago,https://bikroy.com/baridhara/mobile-phones/samsung-galaxy-s25-ultra-256-gb-white-foWlXuDs3rLYnMo1D46XSZ5n.html,5,2026-09-27T11:17:50.393073+00:00,individual,Samsung S25 ultra 12/256 without box fresh condition
Samsung Galaxy S25 Ultra 256 GB Blue,92500,Used,"Dhaka, Baridhara",8 hours ago,https://bikroy.com/baridhara/mobile-phones/samsung-galaxy-s25-ultra-256-gb-blue-k6uwPe9edJb3D7IhwVShcCTD.html,5,2026-09-27T11:17:52.103439+00:00,individual,"Samsung S25 Ultra 12/256GB. Full boxed, full fresh. 100% fresh like new condition."
New Samsung Galaxy S26 256 GB,125999,Brand New,"Dhaka, Dhanmondi",8 hours ago,https://bikroy.com/dhanmondi/mobile-phones/new-samsung-galaxy-s26-256-gb-54WuA5W1vi7OFFYUFbSIGobS.html,4,2026-09-27T11:17:53.907869+00:00,individual,"Model: Samsung Galaxy S26 Ultra (SM-S948B/DS) - Dual SIM
Storage / RAM: 256GB ROM / 12GB RAM
Color: Cobalt Violet (Stunning, premium finish)
Origin: Made in Vietnam
Condition: 100% Brand New
Shop name: Tech Emporium
**Find us at:**
Shop 3104, Level 3, Shimanto Shambhar, Dhanmondi.
Call/WhatsApp: ** (Antor)**"
Samsung Galaxy Z Fold7 512 GB Gray,131990,Used,"Dhaka, Mohammadpur",2 hours ago,https://bikroy.com/mohammadpur/mobile-phones/samsung-galaxy-z-fold7-512-gb-gray-aYXYoFAJH3Q1iiNyjHuIhKXW.html,5,2026-09-27T11:17:54.922431+00:00,individual,"Shop Name :Ab international 
Level -06 Shop number-(657,658)
Tokyo Square,Japan garden city, Mohammadpur
Call us for any question

👉 USED ফোন কিনে নিয়ে আর কোন দুশ্চিন্তা নয় কারণ আমরা দিচ্ছি ১০০% অরিজিনাল এবং অথেন্টিক ফোন। 
👉৭ দিনের মধ্যে কোনরকম প্রবলেম হলে রিপ্লেস করে দেওয়া হবে( Expect display issues)
👉এক বছরের ফ্রি সার্ভিস ওয়ারেন্টি"
Samsung Galaxy S24 Ultra 256 GB Gray,76000,Used,"Dhaka, Mirpur",1 day ago,https://bikroy.com/mirpur/mobile-phones/samsung-galaxy-s24-ultra-256-gb-gray-fDNy7UOH407yIlkbazUXbNnz.html,5,2026-09-27T11:17:56.521870+00:00,individual,"Samsung S24 Ultra full fresh condition. Not a single scratch
💾 RAM/ROM: 12GB / 256GB
Box: Available
🔋 Battery: Excellent
✨ Display & Camera: Perfect
✅ No issues — everything 100%
💰 Price: ৳[76000]
Location Mirpur 2. Must be picked up from location 017XXXXXXXX"
Samsung Galaxy S25 Ultra 256 GB Gray,92000,Used,"Dhaka, Baridhara",9 hours ago,https://bikroy.com/baridhara/mobile-phones/samsung-galaxy-s25-ultra-256-gb-gray-BhTJYKJNxR4Nmy56kgeLHHSZ.html,5,2026-09-27T11:17:58.468801+00:00,individual,Full box and in pristine condition.
Samsung Galaxy S25 Ultra 256 GB Black,91999,Used,"Dhaka, Bashundhara City",6 hours ago,https://bikroy.com/bashundhara-city/mobile-phones/samsung-galaxy-s25-ultra-256-gb-black-jOwoXcwWHDhkB1SYXwEjjsIV.html,5,2026-09-27T11:17:59.544937+00:00,individual,"Samsung Galaxy S25 Ultra
 Titanium Black
 12GB RAM | 256GB Storage
 Full Boxed
 Inbox now for the latest price.
 Visit Our Shop
Basement-2, Shop No: 94 
Basundhara City Shopping Complex 
Panthapath Dhaka 1215 
 You can easily find our shop on the left side after going down the escalator."
Samsung Galaxy S25 Ultra 512 GB White,102000,Used,"Dhaka, Baridhara",5 hours ago,https://bikroy.com/baridhara/mobile-phones/samsung-galaxy-s25-ultra-512-gb-white-zErySP9Rx83e90DWpP1HJZa0.html,3,2026-09-27T11:18:00.538606+00:00,individual,Samsung S25 Ultra available at Jamuna Future Park.
Samsung Galaxy S25 Ultra 256 GB White,88000,Used,"Dhaka, Savar",8 hours ago,https://bikroy.com/savar/mobile-phones/samsung-galaxy-s25-ultra-256-gb-white-1i0HcnNpprwDnaV89lvyrZ6u.html,4,2026-09-27T11:18:01.092136+00:00,individual,"Display:6.9′′ QHD+ Dynamic AMOLED 2X.
Resolution:3120 × 1440
Processor:Snapdragon 8 Elite for Galaxy.
RAM:12GB
Storage:256GB
Main Camera:200MP, OIS, f/1.7
Ultra-wide
50MP, f/1.9
Telephoto:50MP 5× Optical Zoom + 10MP 3× Optical Zoom
Front Camera:12MP
Video:সর্বোচ্চ 8K
Battery:5000mAh
Charging:
45W wired, wireless.
Android 15 + One UI 7
Network:5G"
New Samsung Galaxy Z Flip7 256 GB,97999,Brand New,"Dhaka, Bashundhara City",8 hours ago,https://bikroy.com/bashundhara-city/mobile-phones/new-samsung-galaxy-z-flip7-256-gb-fZNeUOyNH5E3Xz1NMCEwittK.html,3,2026-09-27T11:18:02.668886+00:00,individual,"10 days replacement guarantee
2 years service warranty
Safe courier facility across the country
Attractive exchange offers
Basement-1, Shop-84, Bashundhara City Shopping Mall
Prices are subject to change. Please contact us on WhatsApp before visiting."
New Samsung Galaxy S25 Ultra 256 GB Graphite,81999,Brand New,"Dhaka, Savar",2 hours ago,https://bikroy.com/savar/mobile-phones/new-samsung-galaxy-s25-ultra-256-gb-graphite-be4gTCg0MfOczWD7uRxirDFP.html,3,2026-09-27T11:18:03.205067+00:00,individual,"Samsung S25 Ultra 
✨ একদম ফ্রেশ কন্ডিশন! 💯
🔹 কোনো দাগ নেই, খোলা বা সার্ভিসিং হয়নি। পার্টস ১০০% অরিজিনাল।
🎁 সাথে চার্জার ও শপের ক্যাশ মেমো পাবেন।
🛡️ ৭ দিনের রিপ্লেসমেন্ট ও ১ বছরের সার্ভিস ওয়ারেন্টি!
🏪 Livewire Savar - NTECH BD, সেনা শপিং কমপ্লেক্স, নবীনগর, সাভার।
🚚 সারা দেশে ক্যাশ অন ডেলিভারি।
📞 বিস্তারিত জানতে কল করুন 096XXXXXXXX"
Samsung Galaxy S21 Ultra 5G 256 GB Black,22599,Used,"Dhaka, Savar",29/08,https://bikroy.com/savar/mobile-phones/samsung-galaxy-s21-ultra-5g-256-gb-black-Ivz8A2HPPF8lkn4kw8nbLAt.html,4,2026-09-27T11:18:04.191028+00:00,individual,SamSung Galaxy S21 Ultra 5G ফোন টা সবকিছু ওকে আছে শুধু ডিস্প্লেতে গ্রিন লাইন আর হাল্কা ফাটা আছে তাছাড়া বাকি সবকিছু ওকে
Samsung Galaxy J6+ 32 GB Blue,50000,Used,"Dhaka, Khilgaon",20/09,https://bikroy.com/khilgaon/mobile-phones/samsung-galaxy-j6-32-gb-blue-oJL6iTzMR0vDtXpCTgK7s5Wo.html,5,2026-09-27T11:18:04.927314+00:00,individual,Samsung Galaxy J6+ This has no type of problems | Only light display broken | Which will not cause you any problem | Because display does not create any problem | Display is smooth
Samsung Galaxy S22 5G 128 GB White,30000,Used,"Dhaka, Dhanmondi",2 days ago,https://bikroy.com/dhanmondi/mobile-phones/samsung-galaxy-s22-5g-128-gb-white-2PxR1faEYjUKeAUe0C380N9A.html,4,2026-09-27T11:18:05.237905+00:00,individual,"Samsung S22
8GB 128GB"
Samsung Galaxy Z Flip 5 256 GB Green,36990,Used,"Dhaka, Mohammadpur",2 hours ago,https://bikroy.com/mohammadpur/mobile-phones/samsung-galaxy-z-flip-5-256-gb-green-gifJzKKlHXJwZJPBgu1pQJfh.html,5,2026-09-27T11:18:05.940465+00:00,individual,"Shop Name :Ab international 
Level -06 Shop number-(657,658)
Tokyo Square,Japan garden city, Mohammadpur
Call us for any question

Buy a used phone with complete peace of mind because we offer 100% original and authentic phones.
If any problem occurs within 7 days, it will be replaced (Except display issues).
One year of free service warranty."
Samsung Galaxy S24 Ultra 256 GB Bronze,67000,Used,"Dhaka, Keraniganj",31/08,https://bikroy.com/keraniganj/mobile-phones/samsung-galaxy-s24-ultra-256-gb-bronze-s1sZ1Ed5y0y2rEqzxLPkm5VU.html,3,2026-09-27T11:18:06.181041+00:00,individual,"Samsung s24 ultra 
১২/২৫৬/ 
ভিয়েতনাম ভেরিয়েন্ট 
ফোন এর   সাথে অরজিনাল  বক্স আছে 
আমি নতুন কিনছিলাম আমি বাইক কিনবো দেইখা এইটা সেল করতাছি অনেক সখের একটা ফোন ছিলো ফোন ফুল ফ্রেশ জাস্ট হাতের থেকে পরে পিছের বেক সেল ফেটে গেছে এটাই সমস্যা তা সারা কনো সমস্যা নাই জত খুশি চেক করে নিতে পারবেন ইমারজেন্সি দরকার তাই সেল দিয়ে দিতাছি অনেক কমে দিয়ে দিতাছি"
Samsung Galaxy S22 Ultra 256 GB Rose Gold,50000,Refurbished,"Dhaka, Keraniganj",29/08,https://bikroy.com/keraniganj/mobile-phones/samsung-galaxy-s22-ultra-256-gb-rose-gold-dZ6hWHw5BSNQR7KMJ3E8pN7.html,3,2026-09-27T11:18:06.738911+00:00,individual,Samsung Galaxy S22 Ultra 5G (Original Korean Variant) for Sale জরুরী টাকার প্রয়োজনে আমার ব্যবহৃত Samsung Galaxy S22 Ultra (12GB RAM / 256GB ROM) ফোনটি বিক্রি করা হবে। ফোনটি সম্পূর্ণ ফ্রেশ এবং অফিশিয়াল কোরিয়ান ভ্যারিয়েন্ট (Model: SM-S908N)। দুবাই থেকে ০৯/০৮/২০২৬ তারিখে আনা হয়েছে ।মোবাইল 017XXXXXXXX
Samsung Galaxy S21 Ultra 5G 128 GB Silver,25000,Used,"Dhaka, Savar",21/09,https://bikroy.com/savar/mobile-phones/samsung-galaxy-s21-ultra-5g-128-gb-silver-uj1tyUXNHnlLuBAlW64FW6TH.html,5,2026-09-27T11:18:07.569149+00:00,individual,"Samsung Galaxy S21 Ultra 12/128
Glass Cracked, Camera condition not good front or rear, Otherwise fully fresh.
Only phone or cash memo.
Exchange Possible.
Location: Zirani Bazar, Bksp"
Samsung Galaxy A35 128 GB Black,28000,Used,"Dhaka, Savar",8 hours ago,https://bikroy.com/savar/mobile-phones/samsung-galaxy-a35-128-gb-black-rD3Pvm6Lz0BRHjXqVsDAFU2P.html,4,2026-09-27T11:18:08.274011+00:00,individual,"📌 স্পেসিফিকেশন:

Model:Galaxy A35
RAM:8 GB
ROM:128 GB
Battery:5000

Guarantee/Warranty: 7days replacement guarantee And 1year service warranty.


🔄 **Used Phone Buy | Sell | Exchange**
পুরাতন মোবাইল বিক্রি বা এক্সচেঞ্জ করার সুবিধা রয়েছে।

🏪 MODINA MOBILE ZONE

📍 Shop # E-180 (Level-5), Sena Shopping Complex, Nabinagar, Savar, Dhaka."
Samsung Galaxy A17 5G 128 GB Black,24999,Used,"Dhaka, Gulshan",1 hour ago,https://bikroy.com/gulshan/mobile-phones/samsung-galaxy-a17-5g-128-gb-black-rIP3POAWDzZ0WcWgwa0mnEln.html,5,2026-09-27T11:18:08.897964+00:00,individual,"Samsung A17 5G official device
Official warranty is 6 months
RAM 8GB, ROM 128GB
Processor Exynos 1380
Battery 5000 mAh
Super AMOLED
10 days replacement guarantee is available
1 year service warranty is available
Location: Gulshan 2, Land View Shopping Center, shop number 24, 1st floor
Phone exchange is available
Friday market is closed
You can do EMI with a credit card"
Samsung Galaxy A55 128 GB Bronze,32000,Used,"Dhaka, Paltan",1 day ago,https://bikroy.com/paltan/mobile-phones/samsung-galaxy-a55-128-gb-bronze-3iRLv3a6WlRCmv31KBLLCIre.html,3,2026-09-27T11:18:09.418588+00:00,individual,"Fully functional, used for 6 months. Box and charger available. Malaysian variant."
Samsung Galaxy A54 128 GB Silver,32000,Used,"Dhaka, Savar",17/09,https://bikroy.com/savar/mobile-phones/samsung-galaxy-a54-128-gb-silver-wVi7EFsrjdnZZ6mgypnEmYwf.html,5,2026-09-27T11:18:10.098722+00:00,individual,"Samsung Galaxy A54 5G — Korean Variant 
 Condition: Like New — Completely fresh
 Korean Variant
 Phone's condition is absolutely wonderful
 No problem
 Display & Camera are completely good
 Smooth performance
 
 Price: 32000 Taka
 Location: Savar, Dhaka
 Inbox if interested to buy.
 Serious Buyer Only."
Samsung Galaxy S22 5G 256 GB Black,23000,Used,"Dhaka, Badda",23/09,https://bikroy.com/badda/mobile-phones/samsung-galaxy-s22-5g-256-gb-black-vZxm9LCsVsKpHQSqHPVTIkrJ.html,5,2026-09-27T11:18:10.728433+00:00,individual,No major problem. All parts original. Only Greenline issue but does not cause any problem. Mobile:
New Samsung Galaxy A57 128 GB Blue,46500,Brand New,"Dhaka, Uttara",5 hours ago,https://bikroy.com/uttara/mobile-phones/new-samsung-galaxy-a57-128-gb-blue-nkirJSyijdF8luPGnybehDF1.html,3,2026-09-27T11:18:11.440630+00:00,individual,"Brand New Galaxy A57 8/128GB Navy Blue
Physical Dual Sim 
Made by Vietnam 



🟡 100% Original & Non Refurbished Product

🟡 7 Days Replacement & 1 Year Service Warranty

🟡 EMI Facility is also AVAILABLE

Contact Us

Exchange Hub

Shop No: 610, 611, 628 & 629 Level-6, Tropical Alauddin Tower

Sector 3, Road 2, Rajlaxmi, Uttara."
S23 Ultra Original Display Phone Unlocked,25000,Used,"Dhaka, Khilgaon",5 hours ago,https://bikroy.com/khilgaon/cell-phones-tablets-accessories/s23-ultra-original-display-phone-khola-mmsSx7DXreI10SHyOQb2XvOx.html,5,2026-09-27T11:18:12.083678+00:00,individual,"Original Dynamic AMOLED 2X display taken off from a Samsung Galaxy S23 Ultra phone. You will get a one-month replacement guarantee on the display. Display without frame, waterproof and dustproof stickers will be provided with the display, you can come to the shop and get the display fitted. And those who are outside Dhaka and are interested to buy can get it through courier on cash on delivery. Send an SMS with the model number on WhatsApp to watch the display video. The display video link is given above. Show more"
Apple iPhone 16 Pro Max International (Used),124000,Used,Rajshahi,5 hours ago,https://bikroy.com/rajshahi/mobile-phones/apple-iphone-16-pro-max-international-used-l8ZYqC5lOYSqnQWAs5WFKEEN.html,0,2026-09-27T11:18:12.673630+00:00,individual,"iPhone 16 Pro Max 🔥

256 GB, 97% Battery Health

International Global Version 🔥

Super condition 🔥🔥

7 days replacement guarantee ✅
1 year service warranty ✅

#exchange possible ✅

Our Address:
Smart Choice, Shop No. 211,
City Center, Beside Rajshahi College, Sonadighi Mor, Rajshahi

Call for any details"
Apple iPhone 16 Pro Max 256 GB,120000,Used,"Rajshahi, Vodra",21/09,https://bikroy.com/vodra/mobile-phones/apple-iphone-16-pro-max-256-gb-fpGPKBDXORDcX17deMaPpZsW.html,5,2026-09-27T11:18:13.559923+00:00,individual,"iPhone 16 Pro Max Singapore variant
Purchased from Singapore Apple Store
Box, original cable, cash memo everything available
100% fresh unit. One-hand used
Battery health 88%
Storage: 256GB
Selling Reason: Upgrading to the iPhone 17 Pro Max
You're welcome to check the device thoroughly before purchasing. Serious buyers are welcome to contact me."
Apple iPhone 17 Pro 256 GB Orange,129999,Used,"Rajshahi, Rajpara",16/09,https://bikroy.com/rajpara/mobile-phones/apple-iphone-17-pro-256-gb-orange-B4wngvpSbvVctqCB3TrqiKXU.html,4,2026-09-27T11:18:13.728252+00:00,individual,"iPhone 17 Pro
  256GB
  1 Physical SIM + 1 eSIM

Absolutely fresh, completely like new.

Do not message or call unnecessarily.
If you are willing to buy, please call directly.

Thank you."
Apple iPhone 16 Pro Max 256 GB Black,123000,Used,"Rajshahi, Shaheb Bazar",5 hours ago,https://bikroy.com/shaheb-bazar/mobile-phones/apple-iphone-16-pro-max-256-gb-black-5EdAlqubHMlvpkXPmYzjkxCr.html,2,2026-09-27T11:18:14.332045+00:00,individual,"iPhone 16 Pro Max
256 GB, 99% Battery Health
Australia variant
Super condition
7 days replacement guarantee
1 year service warranty
#exchange possible
Our Address:
Smart Choice, Shop No. 211,
City Center, Beside Rajshahi College, Sonadighi Mor, Rajshahi
Call for any details:"
Apple iPhone 16 Pro Max 512 GB Gray,120000,Used,Rajshahi,5 hours ago,https://bikroy.com/rajshahi/mobile-phones/apple-iphone-16-pro-max-512-gb-gray-ad8jHOosp6iFW36v5PGztkH3.html,3,2026-09-27T11:18:15.174518+00:00,individual,"iPhone 16 Pro Max 
512 GB 100% Battery Health 
Physical SIM 
Super condition 
7 days replacement guarantee  
1 year service warranty  
#exchange possible 
Our Address :
Smart Choice , Shop No. 211 , 
City center , Beside of Rajshahi College , Sonadigir mor Rajshahi
Call for any details"
Apple iPhone 16 Pro Max 256 GB White,128550,Used,"Rajshahi, Boalia",09/05,https://bikroy.com/boalia/mobile-phones/apple-iphone-16-pro-max-256-gb-white-5PLV8YML3K5B5UUDTl06edpI.html,2,2026-09-27T11:18:15.607410+00:00,individual,"As like New and fresh condition. 92% BH. Physical dual sim with full box. White titanium. Hong Kong variant. Selling reason: Purchase 17 Pro Max. No exchange, only cash."
Apple iPhone 17 Pro Max 256 GB Orange,140000,Used,"Rajshahi, Shaheb Bazar",6 hours ago,https://bikroy.com/shaheb-bazar/mobile-phones/apple-iphone-17-pro-max-256-gb-orange-6xyIFcf1PbAIJoUmIsUnFsJq.html,2,2026-09-27T11:18:16.061635+00:00,individual,"IPhone 17 Pro Max
256 GB 100% Battery Health
Japan
Super condition
Enjoy 7 days replacement guarantee
Enjoy 1 year service warranty
#exchange possible
Our Address:
Smart Choice, Shop No. 211,
City Center, Beside of Rajshahi College, Sonadigir Mor, Rajshahi
Call for any details"
New Apple iPhone 17 Pro Max 256 GB Orange,140000,Brand New,"Rajshahi, Shaheb Bazar",5 hours ago,https://bikroy.com/shaheb-bazar/mobile-phones/new-apple-iphone-17-pro-max-256-gb-orange-mSZEt9xQ9Fqah5375S8SIsmj.html,5,2026-09-27T11:18:16.726122+00:00,individual,"Iphone 17 pro max
256 100
Cc 110
Super condition 
7 days replacement guarantee  
1 year service waranty  
#exchange possible 
Our Address :
Smart Choice , Shop No. 211 , 
City center , Beside of Rajshahi College , Sonadigir mor Rajshahi
Call for any details:"
Apple iPhone 17 Pro Max 256 GB Blue,152000,Used,"Rajshahi, Shaheb Bazar",5 hours ago,https://bikroy.com/shaheb-bazar/mobile-phones/apple-iphone-17-pro-max-256-gb-blue-11qaF5s38zvfsBJt5Pcb14B3.html,4,2026-09-27T11:18:17.243587+00:00,individual,"iPhone 17 Pro Max, 256 GB, 100% Battery Health, Cycle Count 105, USA origin. Super condition. 7 days replacement guarantee, 1 year service warranty. Exchange possible. Our Address: Smart Choice, Shop No. 211, City Center, Beside Rajshahi College, Sonadighi Mor, Rajshahi. Call for any details"
Apple iPhone 16 Pro Max 256 GB,129999,Used,"Rajshahi, Baharampur",21/06,https://bikroy.com/baharampur/mobile-phones/apple-iphone-16-pro-max-256-gb-fShnzR2EYw90F51LeoKqXDjw.html,5,2026-09-27T11:18:17.832229+00:00,individual,"Apple Limited Warranty till 29 August 2026
Australian Variant
Physical SIM + eSIM
Battery Health: 100%
Cycle Count: 234
No Scratch
No Dent
No Repair History
Never Opened
Box + Original Type-C Cable Available
Reason for Selling:
Upgrade to iPhone 17 Pro Max
Face to Face Deal Preferred
Location: Rajshahi"
Apple iPhone 17 Pro Singapore (Used),138000,Used,Rajshahi,5 hours ago,https://bikroy.com/rajshahi/mobile-phones/apple-iphone-17-pro-singapore-used-gjdXKaTsZXJhreicuen5bawd.html,0,2026-09-27T11:18:18.153280+00:00,individual,"iPhone 17 Pro 🔥 256 GB, 100% Battery Health. Singapore physical SIM version. Super condition. 7 days replacement guarantee. 1-year service warranty. #ExchangePossible. Our Address: Smart Choice, Shop No. 211, City Center, Beside Rajshahi College, Sonadighi Mor, Rajshahi. Call for details."
New Apple iPhone 16 Pro Max 256 GB White,120000,Brand New,"Rajshahi, Shaheb Bazar",5 hours ago,https://bikroy.com/shaheb-bazar/mobile-phones/new-apple-iphone-16-pro-max-256-gb-white-zi5XoCbFn23gTyfK7KKqstGV.html,3,2026-09-27T11:18:18.616146+00:00,individual,"iPhone 16 Pro Max

256 GB, 100% Battery Health

Physical SIM

Experience Super Condition 🔥🔥

Enjoy a 7-day replacement guarantee ✅ 
Get a 1-year service warranty ✅ 

#Exchange possible ✅

Our Address:
Smart Choice, Shop No. 211,
City Center, Beside Rajshahi College, Sonadighi Mor, Rajshahi"
Apple iPhone 17 Pro Max 512 GB Blue,165000,Used,"Rajshahi, Shaheb Bazar",5 hours ago,https://bikroy.com/shaheb-bazar/mobile-phones/apple-iphone-17-pro-max-512-gb-blue-csV8slMWeD0XUh2vOu3pydkj.html,2,2026-09-27T11:18:18.895090+00:00,individual,"iPhone 17 Pro Max, 512 GB, 100% battery health, cycle count 105. Super condition. Comes with a 7-day replacement guarantee and 1-year service warranty. Exchange possible. Our Address: Smart Choice, Shop No. 211, City Center, Beside Rajshahi College, Sonadighi Mor, Rajshahi. Call for details."
Apple iPhone 17 Pro Max 256 GB Silver,145000,Used,"Rajshahi, Shaheb Bazar",5 hours ago,https://bikroy.com/shaheb-bazar/mobile-phones/apple-iphone-17-pro-max-256-gb-silver-hLhg4H3itM9ABXK04yoqmsQi.html,3,2026-09-27T11:18:19.415114+00:00,individual,"iPhone 17 Pro Max
256 GB, 100% Battery Health
Super condition
7 days replacement guarantee
1 year service warranty
#exchange possible
Our Address:
Smart Choice, Shop No. 211,
City Center, Beside Rajshahi College, Sonadighi Mor, Rajshahi
Call for any details:"
Apple iPhone 14 Pro Max 256 GB Purple,66000,Used,"Rajshahi, Boalia",22/09,https://bikroy.com/boalia/mobile-phones/apple-iphone-14-pro-max-256-gb-purple-qib9K0NQbFn5pvNUs4aUU8zR.html,5,2026-09-27T11:18:20.079355+00:00,individual,"IPhone 14 Pro Max — 256GB
 Variant: USA
 Storage: 256GB
 Color: Deep Purple
 Battery Health: 75%
 Display: Original display installed
 Condition: No scratches, very clean
 Lens protector: Installed
 Location: Rajshahi
 If interested, contact in inbox.
 Detailed discussion can be done if you are a serious buyer."
Apple iPhone 16 Pro Max 256 GB Bronze,115000,Used,"Rajshahi, Shaheb Bazar",5 hours ago,https://bikroy.com/shaheb-bazar/mobile-phones/apple-iphone-16-pro-max-256-gb-bronze-dkozXQRyhyMTwlV9REij7Sfr.html,3,2026-09-27T11:18:20.774414+00:00,individual,"iPhone 16 Pro Max, 256 GB, 91% battery health, USA version, super condition, 7 days replacement guarantee, 1 year service warranty. Exchange possible. Our Address: Smart Choice, Shop No. 211, City Center, Beside Rajshahi College, Sonadighi Mor, Rajshahi. Call for details."
Apple iPhone 14 Pro Max 256 GB White,85500,Used,"Rajshahi, Nawdapara",03/09,https://bikroy.com/nawdapara/mobile-phones/apple-iphone-14-pro-max-256-gb-white-5W2Xz2ilWbrQ1cT2vKcx5Xgr.html,5,2026-09-27T11:18:21.530666+00:00,individual,"আমি প্রথম ইউজার,,,, কোন প্রকার সমস্যা নাই,,,, একদম নতুন ফোন,,,, 15 pro max নিবো তাই সেল করে দিচ্ছি,,,, ব্যাটারি হেল্থ ৯২ 🔋USA varrient,, যত ইচ্ছা চেক করে নিবেন,,,, সাথে ওরিজিনাল চার্জার ও কেবল দেওয়া হবে ❤️ যোগাযোগ নাম্বার 019XXXXXXXX"
Apple iPhone 14 Pro Max 256 GB Purple,74000,Used,"Rajshahi, Shaheb Bazar",6 hours ago,https://bikroy.com/shaheb-bazar/mobile-phones/apple-iphone-14-pro-max-256-gb-purple-chrDhW9u7STAZkcpUOjNWLjF.html,3,2026-09-27T11:18:21.979508+00:00,individual,"iPhone 14 Pro Max, 256 GB, 81% battery health. Physical SIM. Super condition. 7 days replacement guarantee. 1 year service warranty. #exchange possible. Our Address: Smart Choice, Shop No. 211, City Center, Beside Rajshahi College, Sonadighi Mor, Rajshahi. Call for any details:"
Apple iPhone 14 Pro Max 256 GB Purple,78500,Used,Rajshahi,01/09,https://bikroy.com/rajshahi/mobile-phones/apple-iphone-14-pro-max-256-gb-purple-pIWYbP0PC04AqPi9SEG7fnnH.html,3,2026-09-27T11:18:22.485395+00:00,individual,সিঙ্গাপুর ভেরিয়েন্ট ফোনে কোন ধরনের কোন সমস্যা নাই যত ইচ্ছা দেখে নিবেন নিজের পার্সোনাল কিছু ব্যক্তিগত কারণে ফোনটা আমাকে সেল করা লাগছে তাছাড়া কোন কারণ নেই ফোন বিক্রি করার । ব্যক্তিগত কিছু কারণে টাকা দরকার তাই ফোনটা সেল করব । লোকেশনে এসে ইচ্ছামত ফোন দেখে নিয়ে যাবেন প্রয়োজনে ওয়াটারপ্রুফ চেক করে নেবেন । ফোন দেখতে আসলে অবশ্যই ফোন পছন্দ হবে।
Apple iPhone 15 Pro Max 256 GB,90000,Used,"Rajshahi, Kazla",2 days ago,https://bikroy.com/kazla/mobile-phones/apple-iphone-15-pro-max-256-gb-i26FYaq336FtQCZNztsZcfxK.html,3,2026-09-27T11:18:23.035920+00:00,individual,"100% full fresh phone. Box and cover are included with the phone. USA variant, battery health 84%, cycle count 950. Not even a tiny spot of trouble."
Apple iPhone 16 Pro Max 512 GB Gold,119000,Used,Rajshahi,24/09,https://bikroy.com/rajshahi/mobile-phones/apple-iphone-16-pro-max-512-gb-gold-xB8vI3tSB2mrLjPvibePbVad.html,3,2026-09-27T11:18:23.619346+00:00,individual,"Full Fresh (fixed price)
Check as much as you want 
BTH 92%
Storage 512
3 covers will come with the phone 
Phone will come with box, NID will be given 
USA variant
iOS version 26.05.02"
Apple iPhone 14 Pro Max 256 GB Black,66500,Used,Rajshahi,04/09,https://bikroy.com/rajshahi/mobile-phones/apple-iphone-14-pro-max-256-gb-black-iGpcdozoRE1E46WZp0kca0jh.html,5,2026-09-27T11:18:24.269959+00:00,individual,"Phone sob kichu original... 2 ta psychical dual sim...
Security hisebe ja chan dewa Jabe ... Memo ache
Dam kichu ta kom rakha Jabe newar moto dam bolben aje baje dam bolben na....

Number 017XXXXXXXX"
Apple iPhone 16 Pro 128 GB Rose Gold,93000,Used,"Rajshahi, Shaheb Bazar",5 hours ago,https://bikroy.com/shaheb-bazar/mobile-phones/apple-iphone-16-pro-128-gb-rose-gold-axUnNwSc7ZwYZ7ffrUbtkoV1.html,3,2026-09-27T11:18:24.808403+00:00,individual,"iPhone 16 Pro
128GB, 91% Battery Health
Physical SIM
Super condition
Enjoy a 7-day replacement guarantee
1-year service warranty
#exchange possible
Our Address:
Smart Choice, Shop No. 211,
City Center, Beside Rajshahi College, Sonadighi Mor, Rajshahi
Call for any details:"
Apple iPhone 16 Pro 128 GB Black,96000,Used,"Rajshahi, Vodra",03/09,https://bikroy.com/vodra/mobile-phones/apple-iphone-16-pro-128-gb-black-3b3NuosHypPbXj9wBR5qruZK.html,4,2026-09-27T11:18:25.702662+00:00,individual,"Bh-90
Cycle -355
Full fresh condition 
Number 013XXXXXXXX"
Apple iPhone 16 Pro Max 256 GB Rose Gold,115000,Used,"Rajshahi, Vodra",20 hours ago,https://bikroy.com/vodra/mobile-phones/apple-iphone-16-pro-max-256-gb-rose-gold-xBxPAPrPhxXrXnrxjr1j4F3L.html,3,2026-09-27T11:18:26.266445+00:00,individual,"115000 fixed, 1 thousand can be negotiated // battery 89 variant Singapore"
New Apple iPhone 15 128 GB Pink,60000,Brand New,"Rajshahi, Shaheb Bazar",5 hours ago,https://bikroy.com/shaheb-bazar/mobile-phones/new-apple-iphone-15-128-gb-pink-53q78tUVolUACOZSUSrcaQgu.html,2,2026-09-27T11:18:26.919492+00:00,individual,"iPhone 15
128 GB, 85-100% Battery Health
Physical SIM
Super condition
Enjoy a 7-day replacement guarantee
1-year service warranty
#Exchange possible
Our Address:
Smart Choice, Shop No. 211,
City Center, Beside Rajshahi College, Sonadighi Mor, Rajshahi
Call for any details:"
Apple iPhone 15 Pro 256 GB Blue,90000,Used,"Rajshahi, Shaheb Bazar",6 hours ago,https://bikroy.com/shaheb-bazar/mobile-phones/apple-iphone-15-pro-256-gb-blue-wQ01JX61flblQEsEtp0vo4Wi.html,4,2026-09-27T11:18:27.508403+00:00,individual,"IPhone 15 pro 
256 gb 87 bh 
Warranty available until 2031 
Super condition 
7 days replacement guarantee  
1 year service warranty  
#exchange possible 
Our Address :
Smart Choice , Shop No. 211 , 
City center , Beside of Rajshahi College , Sonadigir mor Rajshahi
Call for any details:"
Apple iPhone 15 Pro 256 GB White,78000,Used,"Rajshahi, Court Station",31/08,https://bikroy.com/court-station/mobile-phones/apple-iphone-15-pro-256-gb-white-cono9XcFX3RrX29miCFTwHwD.html,3,2026-09-27T11:18:28.299117+00:00,individual,￼ battery health 96% sob orjinal no bust oll ok
Apple iPhone 12 128 GB Blue,26500,Used,"Rajshahi, Baharampur",06/09,https://bikroy.com/baharampur/mobile-phones/apple-iphone-12-128-gb-blue-pl9NYysguuBvgF7Tzkjt2VjU.html,3,2026-09-27T11:18:28.770316+00:00,individual,"All detels inbox
Display chenge 
Face id nai
Baki oll ok"
Apple iPhone 16e 128 GB White,37500,Used,"Rajshahi, Shiroil",03/09,https://bikroy.com/shiroil/mobile-phones/apple-iphone-16e-128-gb-white-bqN4yNmywhrrz62F5G8eXnHj.html,3,2026-09-27T11:18:29.056818+00:00,individual,"iPhone 16e 128 ￼(Wi-Fi)
Full fresh like new 
Face ID & True Tone ☑️ 
Battery health 💯 
Waterproof 💦
Call mee for more details￼."
Apple iPhone 13 128 GB Black,35000,Used,Rajshahi,01/09,https://bikroy.com/rajshahi/mobile-phones/apple-iphone-13-128-gb-black-r2G9uzxuKq0DKbsgR4TrdOGQ.html,5,2026-09-27T11:18:29.626548+00:00,individual,"iPhone 13  128gb 
True ton 
Face ID ok
Sate cash memo ace
Only display change bh:77
Phone full fresh 
Nunber 019XXXXXXXX"
Apple iPhone 13 128 GB Pink,40000,Used,"Rajshahi, Boalia",09/09,https://bikroy.com/boalia/mobile-phones/apple-iphone-13-128-gb-pink-ypmY3JFbIJXKLlqBsEe0zJvb.html,5,2026-09-27T11:18:30.114340+00:00,individual,"Battery health 80%
Parts genuine 
China variant 
All okay (face id, true tone)"
New Apple iPhone 13 128 GB White,45000,Brand New,"Rajshahi, Rajpara",18/09,https://bikroy.com/rajpara/mobile-phones/new-apple-iphone-13-128-gb-white-uDmse2C2USsvbRAKfzbb4Jux.html,3,2026-09-27T11:18:30.443274+00:00,individual,"iPhone 13 genuine
Hong Kong variant 
128GB 
Physical dual SIM 
Battery health 91% 
Full fresh, 3uTools 100%, check as much as you want 
National ID photocopy required for device security only"
Apple iPhone 11 Pro Max 64 GB Blue,30500,Used,"Rajshahi, Godagari",16/09,https://bikroy.com/godagari/mobile-phones/apple-iphone-11-pro-max-64-gb-blue-khbW3Ss8TmQCp588wjCzCumj.html,3,2026-09-27T11:18:31.009079+00:00,individual,"USA Variant. Used iPhone
No box. Only cash memo and charger included.
Phone Cover Also Available
Full fresh phone. No any issues.
Battery just replaced (for better backup). everything works perfectly.
Interested persons please inbox me or call me.
Thanks"
Apple iPhone 11 Pro 64 GB Silver,29000,Used,"Rajshahi, Durgapur",29/08,https://bikroy.com/durgapur-1/mobile-phones/apple-iphone-11-pro-64-gb-silver-8rKiZh7fxOfgn1fbrMkYCQgg.html,3,2026-09-27T11:18:31.790858+00:00,individual,"Model: iPhone 11 Pro
Storage: 64GB
Color: Brilliant / Silver
Battery Health: 82%
Condition: Full Fresh
Display: Original
Camera: Fully OK
Face ID: Fully OK
All Functions: 100% Working

Phone দেখতে খুবই fresh এবং কোনো major issue নেই। ছবিতে যেমন দেখছেন, বাস্তবেও একই রকম condition।


Serious buyers only."
Apple iPhone 13 128 GB,38000,Used,Rajshahi,02/09,https://bikroy.com/rajshahi/mobile-phones/apple-iphone-13-128-gb-dfckkFeXGFzg648T5eIgcFY5.html,4,2026-09-27T11:18:32.283887+00:00,individual,ফোন ১০০% waterproof চেক করে দেখে নিতে পারবেন
Apple iPhone 15 128 GB Black,55000,Used,Rajshahi,19/09,https://bikroy.com/rajshahi/mobile-phones/apple-iphone-15-128-gb-black-a4oEq8ZmlYGLGthLMUs67m2w.html,5,2026-09-27T11:18:32.653505+00:00,individual,"Full Fresh Phone ✅
No Scratches All Ok ✅"
Apple iPhone 12 64 GB Blue,28000,Used,"Rajshahi, Kadirgonj",02/09,https://bikroy.com/kadirgonj/mobile-phones/apple-iphone-12-64-gb-blue-yRbRwpfXWSbHUcmpMbzMic1l.html,5,2026-09-27T11:18:33.201530+00:00,individual,Phone full fresh . original parts . model change korbo tai
Apple iPhone 13 128 GB White,46000,Used,"Rajshahi, Shaheb Bazar",6 hours ago,https://bikroy.com/shaheb-bazar/mobile-phones/apple-iphone-13-128-gb-white-BZp4A9O4jdwlZv9xmHsHDKUo.html,3,2026-09-27T11:18:33.905909+00:00,individual,"iPhone 13 
128GB, 99% Battery Health 
Warranty available, used for only 4 months 
Super condition 
Enjoy a 7-day replacement guarantee 
Get a 1-year service warranty 
#Exchange possible 
Our Address: 
Smart Choice, Shop No. 211, 
City Center, Beside Rajshahi College, Sonadigir Mor, Rajshahi 
Call for details:"
Apple iPhone 14 128 GB White,46000,Used,"Rajshahi, Shaheb Bazar",5 hours ago,https://bikroy.com/shaheb-bazar/mobile-phones/apple-iphone-14-128-gb-white-3XnQatDC4PfHfWZbV0tHoBAo.html,3,2026-09-27T11:18:34.242812+00:00,individual,"iPhone 14
128 GB, 90% Battery Health
Physical SIM
Super condition
7 days replacement guarantee
1 year service warranty
#exchange possible
Our Address:
Smart Choice, Shop No. 211,
City Center, Beside Rajshahi College, Sonadighi Mor, Rajshahi
Call for any details:"
Apple iPhone 11 128 GB Purple,28000,Used,"Rajshahi, Shaheb Bazar",5 hours ago,https://bikroy.com/shaheb-bazar/mobile-phones/apple-iphone-11-128-gb-purple-v5LqCD6lqgnInI19TJCJFWNE.html,3,2026-09-27T11:18:34.840137+00:00,individual,"iPhone 11
128 GB, 88% Battery Health
Super condition
7 days replacement guarantee
1 year service warranty
#exchange possible
Our Address:
Smart Choice, Shop No. 211,
City Center, Beside Rajshahi College, Sonadighi Mor, Rajshahi
Call for any details:"
Apple iPhone 11 128 GB White,27000,Used,"Rajshahi, Rajpara",04/09,https://bikroy.com/rajpara/mobile-phones/apple-iphone-11-128-gb-white-ef8ruZk9VOFR9BSxXypBQ9k.html,4,2026-09-27T11:18:35.433063+00:00,individual,"iphone-11
Battery health: 74%
Storage:128 GB(USA Variant)

Laptop-HP Elitebook CORE i7 vpro 8th gen 8 GB RAM, 239 GB SSD"
Apple iPhone 16 Pro Max 256 GB Gold,125000,Used,"Chattogram, Bakoliya",1 day ago,https://bikroy.com/bakoliya/mobile-phones/apple-iphone-16-pro-max-256-gb-gold-rR2SX9vYPtkK6CBXKt7uTZbr.html,5,2026-09-27T11:18:36.025601+00:00,individual,"iPhone 16 Pro Max — 256GB | Desert Titanium
 Variant: Singapore Variant
 Storage: 256GB
 Color: Desert Titanium
 Battery Health: 89%
 Cycle Count: 770
 Condition: Not a minor scratch- Top Notch condition, One Handed Used, well maintained
 Purchase History: Purchased From Dazzle"
Apple iPhone 17 Pro Max 512 GB Orange,178000,Used,"Chattogram, Cornelhat",13/09,https://bikroy.com/cornelhat/mobile-phones/apple-iphone-17-pro-max-512-gb-orange-2AP8nVpWow23RTyIfIyjDYMc.html,5,2026-09-27T11:18:36.486960+00:00,individual,"iPhone 17 Pro Max 512
Stellar Condition. GCC Specs. 
Used as Secondary Phone.
Bought from Dubai
Like Brand New

Full Boxed
12 Gb / 512 Gb
*DUAL eSIM. No Physical Sim
Battery health 100 percent 32 Cycles.
Warranty Remaining till 14/03/2027"
New Apple iPhone 17 Pro 256 GB,149999,Brand New,"Chattogram, CDA Avenue",8 hours ago,https://bikroy.com/cda-avenue/mobile-phones/new-apple-iphone-17-pro-256-gb-Bpo6vlfMkzfVEiQlgOyNmRyF.html,3,2026-09-27T11:18:36.805419+00:00,individual,"(JP varient)
Display: 6.3"" LTPO Super Retina XDR OLED, 120Hz, Dolby Vision, 3000 nits peak brightness
Camera: Triple 48MP Pro system with periscope zoom, ultrawide,
Processor: Apple A19 Pro (3nm) with 6-core GPU
Battery: 3998mAh/4252mAh
ক্রেডিট কার্ড এর মাধ্যমে ২০ টির অধিক ব্যাংকে ৩৬ মাস পর্যন্ত EMI এর সুবিধা রয়েছে। (*শর্ত প্রযোজ্য*)"
New Apple iPhone 17 256 GB,126999,Brand New,"Chattogram, CDA Avenue",8 hours ago,https://bikroy.com/cda-avenue/mobile-phones/new-apple-iphone-17-256-gb-1CYQAs10kPWrKfvofWtmAhTY.html,3,2026-09-27T11:18:37.495916+00:00,individual,"Indian Variant
Display: 6.3-inch LTPO Super Retina XDR OLED, 120Hz, HDR10,
Chipset: Apple A19 (3 nm), Hexa-core CPU, Apple 5-core GPU
Main Camera: Dual 48 MP rear dual LED flash, HDR, 4K video
Selfie Camera: 18 MP front
Battery: Li-Ion 3692 mAh
ক্রেডিট কার্ড এর মাধ্যমে ২০ টির অধিক ব্যাংকে ৩৬ মাস পর্যন্ত EMI এর সুবিধা রয়েছে। (*শর্ত প্রযোজ্য*)"
Apple iPhone 17 Pro Max 256 GB Blue,145000,Used,"Chattogram, Agrabad",10/08,https://bikroy.com/agrabad/mobile-phones/apple-iphone-17-pro-max-256-gb-blue-snfLGfPzLndHMLxgbki9Y7DI.html,4,2026-09-27T11:18:38.255090+00:00,individual,"Fresh conditions with original box cable
Brought from Kuwait"
Apple iPhone 17 Pro Max 256 GB Orange,143499,Used,"Chattogram, CDA Avenue",5 hours ago,https://bikroy.com/cda-avenue/mobile-phones/apple-iphone-17-pro-max-256-gb-orange-q39DcrXGBK4ZXCVArv9XOrY5.html,3,2026-09-27T11:18:38.750545+00:00,individual,"17 pro max 256gb
Battery-100%
cycle -20
Offer price -143490
Warranty available 27 jun 27"
New Apple iPhone 17 Pro Max 256 GB Silver,165000,Brand New,"Chattogram, Chandgaon",23/09,https://bikroy.com/chandgaon/mobile-phones/new-apple-iphone-17-pro-max-256-gb-silver-8oTsQ6Mt1s5ew3aiszsCRzLg.html,5,2026-09-27T11:18:39.255972+00:00,individual,iPhone 17 Pro Max. Singapore Variant. 256 GB. Battery Health 99
New Apple iPhone 17 Pro Max 256 GB White,169999,Brand New,"Chattogram, Chandgaon",23/09,https://bikroy.com/chandgaon/mobile-phones/new-apple-iphone-17-pro-max-256-gb-white-sj305H3n4ssB0OChjyzbQajx.html,4,2026-09-27T11:18:39.856486+00:00,individual,"iPhone 17 Pro Max 256GB Dual Physical SIM. Available in Cosmic Orange, Silver, and Deep Blue."
Apple iPhone 17 Pro 256 GB Purple,131990,Used,"Chattogram, CDA Avenue",5 hours ago,https://bikroy.com/cda-avenue/mobile-phones/apple-iphone-17-pro-256-gb-purple-yKqronSLFaMGrOnHTFv3QpWe.html,3,2026-09-27T11:18:40.492695+00:00,individual,"iPhone 17 Pro 256GB 🇱🇷 USA Variant 📱✨

🔋 Battery Health: 100%

✅ Cycle Count: 152

📍 First Use in MAY 2026

✨ Condition: Full Fresh

🛡️ Apple Warranty Available till May 2027

💰 Offer Price: Only ৳1,31,990/-

আজই Decent থেকে"
New Apple iPhone 18 Pro Max 256 GB,214999,Brand New,"Chattogram, CDA Avenue",8 hours ago,https://bikroy.com/cda-avenue/mobile-phones/new-apple-iphone-18-pro-max-256-gb-q2adXq6pZ92EEiBJArQUfTw1.html,4,2026-09-27T11:18:40.901632+00:00,individual,"Display: 6.9"" LTPO Super Retina XDR OLED, 120Hz, 1320×2868,
Performance: Apple A20 Pro Hexa-core, Apple 7-core GPU, iOS 27
Camera: Rear 48MP + 48MP + 48MP, LiDAR, 4K video, OIS | Front 18MP, 4K video
Battery: 5391/5567 mAh, 50W Wired,
Enjoy EMI facilities up to 36 months through credit cards from more than 20 banks. (*Conditions apply*)"
Apple iPhone 17 Pro Max 256 GB White,149999,Used,"Chattogram, Halishahar",20 hours ago,https://bikroy.com/halishahar/mobile-phones/apple-iphone-17-pro-max-256-gb-white-kEIWOE2ZnnMEDQYaE7g7pyo2.html,5,2026-09-27T11:18:41.648433+00:00,individual,"Just like new 100% fresh condition. No problem, no spots or scratches.
256GB Battery 100% Cycle Count: 10 SIM: 1 Physical SIM + 1 eSIM Variant: Australian Activation: 04/09/2026 Warranty: Available Usage: Only 22 days: Laminated, no spots Accessories: With box and memo Asking price: Baka Slightly Negotiable Halishahar,"
New Apple iPhone 17 Pro Max 256 GB Orange,159999,Brand New,"Chattogram, CDA Avenue",8 hours ago,https://bikroy.com/cda-avenue/mobile-phones/new-apple-iphone-17-pro-max-256-gb-orange-sc78jNGvXnXnCoefIQoTRX1R.html,3,2026-09-27T11:18:42.238567+00:00,individual,"JP variant
Display: 6.9"" LTPO Super Retina XDR OLED, 120Hz with 3000 nits peak brightness
Camera: 48MP triple camera with periscope zoom, LiDAR scanner, and 4K Dolby Vision video
Processor: Apple A19 Pro (3nm) with 6-core GPU
Battery: Up to 5088mAh
EMI facilities are available for up to 36 months through credit cards with more than 20 banks. (*Conditions apply*)"
Apple iPhone 16 Pro Max 512 GB Gold,125000,Used,"Chattogram, Chawkbazar",5 hours ago,https://bikroy.com/chawkbazar/mobile-phones/apple-iphone-16-pro-max-512-gb-gold-NHbPtHOtCvmrJCJKIBhOztI.html,3,2026-09-27T11:18:42.987491+00:00,individual,"iPhone 16 Pro Max, 512GB, Desert Titanium color, comes with box, Global version."
Apple iPhone 17 Pro Max 256 GB,160000,Used,"Chattogram, Nasirabad",08/09,https://bikroy.com/nasirabad/mobile-phones/apple-iphone-17-pro-max-256-gb-djlB3kGwEua9LXyiIFUwAb6X.html,4,2026-09-27T11:18:43.542664+00:00,individual,Location a eshe dekhe nite parben. For more details WhatsApp on 018XXXXXXXX
Apple iPhone 16 Pro Max 256 GB Gold,99500,Used,"Chattogram, Khulshi",20/09,https://bikroy.com/khulshi/mobile-phones/apple-iphone-16-pro-max-256-gb-gold-C0srz1H0Yv9lERtupwuhraye.html,3,2026-09-27T11:18:44.158188+00:00,individual,"iPhone 16 Pro Max 256GB — SELL & EXCHANGE 
 Battery Health: 89%
 Fresh & well-maintained
 Camera & Face ID: Perfect
 No repair / No issue
 Cash Price: ৳99,500
 Exchange:
Will exchange with iPhone 17 Pro
 Will add cash if needed.
 Inbox if interested.
 Serious buyers only."
Apple iPhone 15 Pro Max 256 GB Blue,90999,Used,"Chattogram, Agrabad",09/09,https://bikroy.com/agrabad/mobile-phones/apple-iphone-15-pro-max-256-gb-blue-uaR5kf3pmj5kSXp8GYiJNhy1.html,3,2026-09-27T11:18:44.629300+00:00,individual,"IPhone 15 Pro Max
Storage: 256GB
Bh-89% (J/A varient )
Almost brand-new condition, not any single problem, not any scratch or dent.
FacelD, True-Tone everything working perfectly... 
Price almost fixed, don't say any insulting price and don't insult yourselt... 
Location: Agrabad, Chittagong"
New Apple iPhone 15 Plus 256 GB Pink,79990,Brand New,"Chattogram, Baizid",5 hours ago,https://bikroy.com/baizid/mobile-phones/new-apple-iphone-15-plus-256-gb-pink-zaIvEoNR5e3voQJzpXqd1LzB.html,3,2026-09-27T11:18:45.306269+00:00,individual,"Get the iPhone 15 Plus 256GB (USA Variant) now at an offer price at Decent! 

Decent brings you the iPhone 15 Plus USA Variant — right within your reach 

 iPhone 15 Plus (USA Variant) - 
Finlay Square, Level-4, Shop-406, 2 No Gate, Nasirabad, Chattogram
Finlay South City, Level-5, Shop-525, Bahaddarhat, Chattogram"
Apple iPhone 14 Pro 1 TB Silver,72500,Used,"Chattogram, Hathazari",02/09,https://bikroy.com/hathazari/mobile-phones/apple-iphone-14-pro-1-tb-silver-43Dn4vsf7oNKHaxun7AYZwcN.html,5,2026-09-27T11:18:45.760141+00:00,individual,"Iphone 14 Pro 
1TB
Bettery 86
KH/A
Waterproof 
Only device with cash memo"
Apple iPhone 15 Pro Max 256 GB Black,95000,Used,"Chattogram, Pahartali",22/09,https://bikroy.com/pahartali/mobile-phones/apple-iphone-15-pro-max-256-gb-black-6ADTIrP3Ht3Wny2acOVh5Sei.html,5,2026-09-27T11:18:46.463302+00:00,individual,"I am selling this because I will buy another phone. There are no problems with the phone.
It comes with the original twenty-watt charger.
Please contact if you are interested in buying."
Apple iPhone 14 Pro 128 GB White,65000,Used,"Chattogram, Raozan",23/09,https://bikroy.com/raozan/mobile-phones/apple-iphone-14-pro-128-gb-white-uHTp9JXVOvqjXyk5cujoW5F0.html,5,2026-09-27T11:18:47.032275+00:00,individual,"Everything is authentic. You can check before buying, no issues. I am selling it because I urgently need money."
Apple iPhone 14 Pro Max 256 GB Blue,75000,Used,"Chattogram, Chawkbazar",19/09,https://bikroy.com/chawkbazar/mobile-phones/apple-iphone-14-pro-max-256-gb-blue-ypPp9Ei3UshSeCmnlQ36Bh7t.html,3,2026-09-27T11:18:47.716697+00:00,individual,"IPhone 14 Pro 256GB USA Variant — For Sale
iPhone 14 Pro 256GB USA variant will be sold. The phone is in very good condition and has no hardware or software issues.
 256GB Storage
 6GB RAM
 Battery Health: 78%
 Dual eSIM — No Physical SIM
 Face ID 100% OK
 True Tone 100% OK
 Camera & Display all okay
 No scratch"
Apple iPhone 15 Pro 256 GB Silver,78000,Used,"Chattogram, Bandar, Chattogram",15/09,https://bikroy.com/bandar/mobile-phones/apple-iphone-15-pro-256-gb-silver-dtd52d1VLvYGrlZkWTvGvaV1.html,5,2026-09-27T11:18:48.479057+00:00,individual,"Condition: Internally completely fresh and 100% functional. There are 3 very light marks/scratches on the body. Never opened or repaired.
Face ID True Tone All Okay
With Box
Battery health: 86% (Genuine)
Variant: AA/A"
Apple iPhone 16 128 GB Blue,70000,Used,"Chattogram, Kotwali, Chattogram",08/09,https://bikroy.com/kotwali/mobile-phones/apple-iphone-16-128-gb-blue-CsKJJ52KXROyVTjWc5UIzygh.html,3,2026-09-27T11:18:49.125164+00:00,individual,"Rom: 128Gb
Colour: Ultramarine
Health: 89
With box& cash memo"
Apple iPhone 16 Plus 128 GB Blue,80000,Used,"Chattogram, Baizid",19/09,https://bikroy.com/baizid/mobile-phones/apple-iphone-16-plus-128-gb-blue-wLToTUDmwibGcFFtHHMbESUq.html,5,2026-09-27T11:18:49.478208+00:00,individual,"iPhone 16 Plus will be sold. The phone is brand new and in good condition. Interested buyers please contact in inbox. Necessary detailed information, pictures and other things will be given in message.
Price: Taka
Location: Chattogram"
Apple iPhone 16 Pro 128 GB Rose Gold,110000,Used,"Chattogram, Oxygen",10/09,https://bikroy.com/oxygen/mobile-phones/apple-iphone-16-pro-128-gb-rose-gold-39Kpz2geyGBN5hC0oKU43H9b.html,5,2026-09-27T11:18:50.024584+00:00,individual,"IPhone 16 Pro
With Box all
128GB Storage
US Variant
Battery Health: 92%
Mobile condition--100% fresh
Contact 013XXXXXXXX"
Apple iPhone 14 Pro Max 128 GB Black,67990,Used,"Chattogram, CDA Avenue",5 hours ago,https://bikroy.com/cda-avenue/mobile-phones/apple-iphone-14-pro-max-128-gb-black-moEX7VePCwU0zRId8UoBc1Fk.html,4,2026-09-27T11:18:50.572078+00:00,individual,"14 pro max usa 128gb
battray 86%
full fresh 
15 days replacement gurranty 
1 year service warranty 
DecDecent,Finlay"
Apple iPhone 14 Pro Max 256 GB Purple,65000,Used,"Chattogram, Agrabad",12/09,https://bikroy.com/agrabad/mobile-phones/apple-iphone-14-pro-max-256-gb-purple-aoR0rCa42tuFwEthfUCOw8Ao.html,5,2026-09-27T11:18:51.132526+00:00,individual,"iPhone 14 Pro Max
3uTools score 98%
Storage 256GB
Battery health 80%
All parts original
Amazing camera
1 physical SIM, 1 eSIM
Face ID, True Tone, everything works great
No issues or problems at all
Check thoroughly before taking it
Cash memo and cover will be provided"
Apple iPhone 15 Plus 128 GB Black,70000,Used,"Chattogram, Kotwali, Chattogram",01/09,https://bikroy.com/kotwali/mobile-phones/apple-iphone-15-plus-128-gb-black-hKFitFgKBQLDFJAE9xNoherZ.html,3,2026-09-27T11:18:51.496312+00:00,individual,"Selling my iPhone 15 Plus.
✨ 99% fresh condition very well maintained.

📦 Original box 
✅ Everything is working perfectly
🔋 Battery health: 87%
🎨 Color: Black
💾 Storage: 128 GB
💰 Price: 70K
📍 Location: New market, Chittagong 
📩 Serious buyers, please inbox me.
No time-wasters, please. Thank you! 🙏"
Apple iPhone 12 mini 64 GB Purple,27000,Used,"Chattogram, Mirsharai",18/09,https://bikroy.com/mirsharai/mobile-phones/apple-iphone-12-mini-64-gb-purple-A6CA32nYqKv7ui3Qi2hImmxR.html,3,2026-09-27T11:18:51.910773+00:00,individual,"Battery 83%
Face ID and True Tone are ok
Charger is available"
Apple iPhone 11 Pro 256 GB Graphite,22500,Used,"Chattogram, Nasirabad",28/08,https://bikroy.com/nasirabad/mobile-phones/apple-iphone-11-pro-256-gb-graphite-uW5WyLDjVypauopg8DAtOi3C.html,3,2026-09-27T11:18:52.405102+00:00,individual,"iPhone 11 pro for sell 
No exchange display battery changed kintu onk bhalo display battery lagano face id tru tone everything working halka patla scratch ase location must only device but security dibo"
Apple iPhone 12 Pro Max 128 GB Gray,42000,Used,"Chattogram, Chawkbazar",08/09,https://bikroy.com/chawkbazar/mobile-phones/apple-iphone-12-pro-max-128-gb-gray-eNAB777gAcM45kKzk4WMHYKl.html,3,2026-09-27T11:18:53.126616+00:00,individual,"Grey
128 gb
BT 82% authentic 
Cash memo ,cable Nid"
Apple iPhone 13 Pro Max 256 GB Green,52000,Used,"Chattogram, Halishahar",04/09,https://bikroy.com/halishahar/mobile-phones/apple-iphone-13-pro-max-256-gb-green-bp7o8ns6SSs5nOWIePtBEe8x.html,3,2026-09-27T11:18:53.759422+00:00,individual,Green iPhone 13 Pro Max. No box.
Apple iPhone 11 128 GB Red,25000,Used,"Chattogram, Nasirabad",30/08,https://bikroy.com/nasirabad/mobile-phones/apple-iphone-11-128-gb-red-prMJ7ngVIzaTE6fVvo65j0qn.html,5,2026-09-27T11:18:54.365275+00:00,individual,কোনো সমস্যা নাই দেখে নিবেন যত খন ইচ্ছা চেক করে নিতে পারেন
Apple iPhone 12 Pro Max 128 GB Black,26999,Used,"Chattogram, Panchlaish",30/08,https://bikroy.com/panchlaish/mobile-phones/apple-iphone-12-pro-max-128-gb-black-8cpQbiEBOdfJhUhgVQXN28nB.html,4,2026-09-27T11:18:55.064028+00:00,individual,"Baypass iphone 12promax
128GB
face id no
troton ok
battery health 73 original
Waterproof available 
Display apple genuine 100%
24k ar oupore hole Message Deban 
Real buyer ra nahole gale kaben
No exchange
what's app 018XXXXXXXX"
Apple iPhone 13 Pro 256 GB Gold,52000,Used,"Chattogram, Baizid",30/08,https://bikroy.com/baizid/mobile-phones/apple-iphone-13-pro-256-gb-gold-eTglSrjdPywk3MyKv3a6DKLy.html,5,2026-09-27T11:18:55.787457+00:00,individual,"📱 iPhone 13 Pro Gold | 256GB | USA 🇺🇸

✨ BH 89% | 99% Fresh
✨ No Dent/Scratch
✨ Water Resistance
✨ Excellent Battery Backup, MashaAllah ❤️
✨ Single Physical SIM + eSIM
✨ প্রায় ২ মাস ব্যবহার
✨ Unique Point থেকে নেওয়া + Cash Memo
✨ Security দেওয়া যাবে

💰 Asking: 52,000৳
📍 Aturar Dipu, Nur Tower 018XXXXXXXX"
Apple iPhone 14 Pro Max 256 GB Black,52000,Used,"Chattogram, Agrabad",03/09,https://bikroy.com/agrabad/mobile-phones/apple-iphone-14-pro-max-256-gb-black-hMp1Uvau7xfjnWN8UUxqh7oJ.html,4,2026-09-27T11:18:56.129228+00:00,individual,"iPhone 14 Pro Max USA Variant - 256 GB

Dull E-Sim👉

Phone Fresh Aca
Change History
Display Change But GX Original
Camera Change But Original
Battery Change But High Capacity Lagano.

Valo Android Mobile thakla Exchange kortha parben📱"
Apple iPhone 11 Pro Max 256 GB Silver,30000,Used,"Chattogram, Agrabad",04/09,https://bikroy.com/agrabad/mobile-phones/apple-iphone-11-pro-max-256-gb-silver-ax3QcNtt3WVkQyt72iHQBhYV.html,5,2026-09-27T11:18:56.829297+00:00,individual,"Kono issues nei phone chalay moja paben ar ha kono sommosa  nai phone a just old model 
79% bh"
Apple iPhone 11 128 GB White,30000,Used,"Chattogram, Bandar, Chattogram",01/09,https://bikroy.com/bandar/mobile-phones/apple-iphone-11-128-gb-white-hyqj3QzlP9Zy8XEBS7myhEUA.html,5,2026-09-27T11:18:57.401574+00:00,individual,"Urgent sell. One hand use, secure, battery health 91%"
Apple iPhone 14 128 GB White,44990,Used,"Chattogram, CDA Avenue",5 hours ago,https://bikroy.com/cda-avenue/mobile-phones/apple-iphone-14-128-gb-white-i9wkjm7v34rrOZyc7WVHe3gG.html,3,2026-09-27T11:18:58.116561+00:00,individual,"iPhone 14 — Hot Deal at Decent 

Apple iPhone 14 (Global)

128GB | 🔋 Enjoy 84% Battery Health



Capture stunning photos with a Powerful Camera for daily use

Delivery Available |

15-day replacement guarantee | Lifetime service warranty 018XXXXXXXX"
Apple iPhone 13 128 GB White,41000,Used,"Chattogram, Chawkbazar",02/09,https://bikroy.com/chawkbazar/mobile-phones/apple-iphone-13-128-gb-white-5KQRFl6JuDSkUHDpQe21PlHy.html,4,2026-09-27T11:18:58.565223+00:00,individual,"Battery health 86%
Conditions:Fresh 
Variants: japan
Used: 1 months"
New Apple iPhone 11 128 GB Green,24999,Brand New,"Chattogram, Fatikchari",22/09,https://bikroy.com/fatikchari/mobile-phones/new-apple-iphone-11-128-gb-green-w4gxNlG00v9Y5S5kKcgGpOrC.html,5,2026-09-27T11:18:59.276505+00:00,individual,"Bought from Kuwait brand new in 2022.
First user - single hand use kora as main device.
Full body poly kora.
Like brand new condition.
128GB Variant,
Battery health 74 still nice usable backup.
No repair history, All parts genuine.
Not a single problem except display te halka crack ache but using e akto poriman prblm hoi na.
Location Chittagong."
New Apple iPhone 12 Pro 256 GB Blue,43000,Brand New,"Chattogram, Alankar",07/09,https://bikroy.com/alankar/mobile-phones/new-apple-iphone-12-pro-256-gb-blue-8cEleiZtrjzhjMyeM8TYh3D5.html,5,2026-09-27T11:19:00.100108+00:00,individual,"iPhone 12 Pro 
256GB
Everything is in perfect working order
Battery Health 82%
No issues at all
Includes Box, Cash Memo, Cable, and 3 covers"
Apple iPhone 17 Pro 256 GB Orange,132000,Used,"Dhaka, Mirpur",30/08,https://bikroy.com/mirpur/mobile-phones/apple-iphone-17-pro-256-gb-orange-5npdQSoVgZpn0ybjWYYqzVMa.html,5,2026-09-27T11:19:00.349837+00:00,individual,"All ok about phone
Japan variant"
Apple iPhone 17 Pro 256 GB Orange,130000,Used,"Dhaka, Uttara",5 hours ago,https://bikroy.com/uttara/mobile-phones/apple-iphone-17-pro-256-gb-orange-8P0i5IV54pBElcifYXcFI6sR.html,3,2026-09-27T11:19:00.807895+00:00,individual,"iPhone 17 Pro 
 Storage: 256GB
 Color: Cosmic Orange 
 Battery Health: 99%
 Variant: Global
 SIM: Physical SIM + eSIM
 Excellent Condition
 A19 Pro Chip
 6.3"" Super Retina XDR OLED | ProMotion 120Hz
 Exchange Hub
 Shop No: 610, 611, 628 & 629, Level-6
Tropical Alauddin Tower, Sector 3, Road 2
Rajlaxmi, Uttara, Dhaka"
Apple iPhone 16 Pro Max 256 GB Black,123000,Used,"Dhaka, Basundhara",19/09,https://bikroy.com/basundhara/mobile-phones/apple-iphone-16-pro-max-256-gb-black-cZX6DU4UtyEqxztfpV1S512i.html,5,2026-09-27T11:19:01.351277+00:00,individual,"Iphone 16 pro max 
Battery Health 90%
256GB
USA Variant 
Fresh Condition no issues
With Box and Cable"
Apple iPhone 17 Pro 256 GB Orange,134000,Used,"Dhaka, Jamuna Future Park",8 hours ago,https://bikroy.com/jamuna-future-park/mobile-phones/apple-iphone-17-pro-256-gb-orange-6irIEhD0fGhPk1kfhpRO8orZ.html,5,2026-09-27T11:19:02.099469+00:00,individual,"Specifications:
Model: iPhone 17Pro 
Storage: 256
Battery Health: 100%
Japan Variant
 Special Benefits:
 Smooth performance
 Attractive and premium design
 Facility to check and buy
Warranty : 10days Replacement Guarantee and 1year service Warranty. 
 Shop Name: GIB
 Address:
Jamuna Future Park, West Court, Level-4, Block-A, Shop No: 28A1, Dhaka."
Apple iPhone 17 Pro 256 GB Orange,135000,Used,Dhaka,01/09,https://bikroy.com/dhaka/mobile-phones/apple-iphone-17-pro-256-gb-orange-7WSkLsjwq1EG7DkKwYFkMqXw.html,5,2026-09-27T11:19:02.718448+00:00,individual,"📱 iPhone 17 Pro (256GB) – Singapore Variant | Thailand Purchased 🇹🇭
Thailand Apple Store থেকে কেনা। Battery Health 94%, Cycle Count 298। Face ID, True Tone, Cameraসহ সবকিছু 100% ঠিকভাবে কাজ করে। কোনো hidden issue বা repair history নেই। Purchase documents available।
Purchased new from thiland on December 28
Call 016XXXXXXXX"
Apple iPhone 16 Pro 256 GB,110000,Used,"Dhaka, Mohammadpur",31/08,https://bikroy.com/mohammadpur/mobile-phones/apple-iphone-16-pro-256-gb-WIoXO5kOg1Ez1of1jaR3IpV.html,4,2026-09-27T11:19:03.221160+00:00,individual,"Single handed use and full authentic 
No repair history 
Still have 1 month warranty"
Apple iPhone 16 Pro Max 256 GB Black,110000,Used,"Dhaka, Uttara",5 hours ago,https://bikroy.com/uttara/mobile-phones/apple-iphone-16-pro-max-256-gb-black-jLdlS7dgtMReFCElYtM7U5L3.html,4,2026-09-27T11:19:03.899229+00:00,individual,"iPhone 16 Pro Max | Pre-Owned
256GB Storage
USA Variant
Box Available
Battery Health: 91%
7 Days Replacement & 1 Year Service Warranty
EMI Facility Available
Exchange Hub
Shop No: 610, 611, 628 & 629, Level-6, Tropical Alauddin Tower, Sector 3, Road 2, Rajlaxmi, Uttara
Call for Details 017XXXXXXXX"
Apple iPhone 16 Pro Max 256 GB Black,115000,Used,"Dhaka, Badda",05/09,https://bikroy.com/badda/mobile-phones/apple-iphone-16-pro-max-256-gb-black-pwuGYdPCC3J1hw7x0QJw1QXO.html,5,2026-09-27T11:19:04.614177+00:00,individual,"Iphone 16 pro max 256gb usa variant 100 bh cycle count 75 .warranty available March,2027 ."
Apple iPhone 17 Pro 512 GB Orange,162000,Used,"Dhaka, Baridhara",6 hours ago,https://bikroy.com/baridhara/mobile-phones/apple-iphone-17-pro-512-gb-orange-ufyEPY8ExtudxSrHg7s3LGpG.html,3,2026-09-27T11:19:05.762372+00:00,individual,"IPhone 17 pro GB 512/Bh/100%cc145
Contact 018XXXXXXXX"
Apple iPhone 17 Pro Max 1 TB Blue,186000,Used,"Dhaka, Shyamoli",2 hours ago,https://bikroy.com/shyamoli/mobile-phones/apple-iphone-17-pro-max-1-tb-blue-mxRsJSSu7GpUvJQWhihoKaud.html,3,2026-09-27T11:19:05.917281+00:00,individual,"Apple iPhone 17 Pro Max 1TB Blue
 1TB Storage
 100% Battery Health
Australia Version (Physical SIM + eSIM)
 Like New Condition
 Stunning Blue Color
 Best Price"
Apple iPhone 17 Pro Max 256 GB Silver,136490,Used,"Dhaka, Savar",8 hours ago,https://bikroy.com/savar/mobile-phones/apple-iphone-17-pro-max-256-gb-silver-BJfpvB7b9Cl75Q9hnro6FvPJ.html,5,2026-09-27T11:19:06.455113+00:00,individual,"Apple iPhone 17 Pro Max
256 Storage Global
Japan variant with box
BH-98% Authentic
Replacement Guarantee: 7 days
Warranty: 1 year without parts
Condition: 99.9% fresh
EMI facility available across 29 banks
Outside Dhaka delivery possible
Cash on delivery
Location:
Savar Nobinagar
Sena Shopping Complex
5th Floor, Shop No. E54
Mobile Gallery"
Apple iPhone 16 Pro Max 256 GB Black,120000,Used,"Dhaka, Mirpur",21/09,https://bikroy.com/mirpur/mobile-phones/apple-iphone-16-pro-max-256-gb-black-aETzyW1dOs74PMhdQGSCrSU6.html,3,2026-09-27T11:19:07.167203+00:00,individual,100 percent battery health no cracks
New Apple iPhone 17 Pro Max 512 GB Orange,209000,Brand New,"Dhaka, Dhanmondi",2 days ago,https://bikroy.com/dhanmondi/mobile-phones/new-apple-iphone-17-pro-max-512-gb-orange-3XrrfzJc2V7wsAbrCFXNsq6O.html,3,2026-09-27T11:19:07.830506+00:00,individual,"Brand new sealed box. Purchased June 20, 2026. Never opened. Factory warranty from Apple 1 year."
Apple iPhone 16 Pro Max 256 GB Silver,119000,Used,"Dhaka, Dhanmondi",2 hours ago,https://bikroy.com/dhanmondi/mobile-phones/apple-iphone-16-pro-max-256-gb-silver-yZEFBaLTpC1d1CwLsoEF25ro.html,5,2026-09-27T11:19:08.541146+00:00,individual,"iPhone 16 Pro Max
256GB
Natural Titanium
With box
89% battery health
Water resistant
602 charging cycles
Singapore variant
1 physical SIM, 1 eSIM
Full fresh condition
Not a single scratch or dent
Location: Dhanmondi 15"
Apple iPhone 15 Pro 512 GB Black,82000,Used,"Dhaka, Dhanmondi",20/09,https://bikroy.com/dhanmondi/mobile-phones/apple-iphone-15-pro-512-gb-black-dKMjBpNccKo1uZImD2Dqorov.html,5,2026-09-27T11:19:09.120238+00:00,individual,"Used with great care, fresh condition. Face ID, all cameras, display, touch, speaker, button, and port are fully functional. No repair or modification has been done. Battery Health 77% - Original Apple Battery, never replaced or boosted. Comes with box and 2 cases | Dhanmondi 7A, Dhaka | | The phone can be inspected and verified, and reasonable negotiation is possible."
Apple iPhone 16 Pro Max 256 GB Black,105000,Used,"Dhaka, Jatrabari",8 hours ago,https://bikroy.com/jatrabari/mobile-phones/apple-iphone-16-pro-max-256-gb-black-7oLLlkhq7dGS7B2EZeq2nO9J.html,3,2026-09-27T11:19:09.853486+00:00,individual,"আসসালামু আলাইকুম
Wellcome to Gadget Exchange BD
 
♦️All perfect working

🔰 ক্রয়/বিক্রয় ও এক্সচেঞ্জ মানেই gadget Exchange BD

🔷100% জেনুইন প্রোডাক্ট পেতে চলে আসুন আমাদের দোকানে

📝With cash memo

✅ 7 Day's Replacement

✅ 1 Year's service warranty without Parts


Gadget Exchange BD 
দোকান নং,৬৭ (৩য় তলা)
বিক্রমপুর প্লাজা, জুরাইন রেলগেট ঢাকা-১২০৪"
Apple iPhone 14 128 GB Blue,53500,Used,"Dhaka, Dhanmondi",5 hours ago,https://bikroy.com/dhanmondi/mobile-phones/apple-iphone-14-128-gb-blue-w3OlY4Xr1JNSGD90kifdGFTa.html,5,2026-09-27T11:19:10.584421+00:00,individual,"iPhone 14 
128 GB
84% BH
Without box
Price :"
Apple iPhone 14 Pro Max 256 GB Purple,80000,Used,"Dhaka, Jamuna Future Park",2 hours ago,https://bikroy.com/jamuna-future-park/mobile-phones/apple-iphone-14-pro-max-256-gb-purple-dNEXy2edmMe18w3Yw9aL9vEt.html,5,2026-09-27T11:19:11.071733+00:00,individual,"iPhone 14 Pro Max– Best condition 
• 256 GB Storage • 
• Color: Deep Purple
• Singapure(1 eSIM+1 physical sim)
• Battery Health: [86%]
• Absolutely fresh, no issues
• Face ID, Camera, True Tone all 100% OK 
• Box/Charger: None
• Price: ৳80000

7 days replacement guarantee
(without display & software update issue)
3 years free service warranty"
Apple iPhone 14 128 GB,50000,Used,"Dhaka, Savar",06/09,https://bikroy.com/savar/mobile-phones/apple-iphone-14-128-gb-fMS8AiDnxjOg3JhGJqCGHptg.html,4,2026-09-27T11:19:11.471049+00:00,individual,"Mobile ta fullfresh condition ,mobile e kono scach nei dag nai valo vabe dekhe nite parben box dewa hobe mobimobile nite hole savar ashte hobe"
Apple iPhone 15 Plus 128 GB Black,62000,Used,"Dhaka, Savar",22 hours ago,https://bikroy.com/savar/mobile-phones/apple-iphone-15-plus-128-gb-black-8JFydEDkKoqzhS9OzdWTFmTc.html,5,2026-09-27T11:19:12.121604+00:00,individual,"Assalamu alaikum
Read the description first! ⚠️
iPhone 15 Plus 128 GB Black
Came from Singapore, used for almost 2 years
Totally authentic, no repair history
(The colour on the phone's back camera has peeled off slightly as you can see, otherwise there is no problem!)
Only phone, slightly negotiable
For more details you can call me, thank you!"
Apple iPhone 12 Pro Max 256 GB Blue,53000,Used,"Dhaka, Farmgate",8 hours ago,https://bikroy.com/farmgate/mobile-phones/apple-iphone-12-pro-max-256-gb-blue-aRsLH1NamiWlxD0frAU1gy2G.html,2,2026-09-27T11:19:12.584393+00:00,individual,"Singapore Variant
256GB
10-day replacement guarantee
2-year service warranty
Fast and secure courier service across the country
Attractive exchange offers
Emon Gadget Point
Basement-1, Shop-84
Bashundhara City Shopping Mall"
New Apple iPhone 13 Pro Max 128 GB Green,65500,Brand New,"Dhaka, Dhanmondi",5 hours ago,https://bikroy.com/dhanmondi/mobile-phones/new-apple-iphone-13-pro-max-128-gb-green-nBgS9XYEHc1xripgVIivK0Fw.html,5,2026-09-27T11:19:13.253752+00:00,individual,Phone Box cashmemo only
Apple iPhone 15 Pro 256 GB Blue,80000,Used,"Dhaka, Jamuna Future Park",2 hours ago,https://bikroy.com/jamuna-future-park/mobile-phones/apple-iphone-15-pro-256-gb-blue-cjDSIMBgl4fqGs17r94RqcP0.html,5,2026-09-27T11:19:13.951264+00:00,individual,"iPhone 15 Pro -Best condition 
• 256 GB Storage • 
• Color: Deep Blue
• USA(Dual eSIM)
• Battery Health: [86%]
• Absolutely fresh, no issues
• Face ID, Camera, True Tone all 100% OK 
• Box/Charger: None
• Price: 80000

We provide you:
7 days replacement guarantee
(without display & software update issue)
3 years free service warranty"
Apple iPhone 17 256 GB Black,90000,Used,"Dhaka, Savar",16/09,https://bikroy.com/savar/mobile-phones/apple-iphone-17-256-gb-black-l2XRoOc4zwuw3JZFAbIQXVaj.html,3,2026-09-27T11:19:14.596253+00:00,individual,"* Apple iPhone 17 
  Savar Dhaka
* Color: Black
* Storage: 256GB
* Battery Health: 99%
* Battery Cycle Count: 219
* Battery Status: Normal
* First Activated: January 2026
* iOS Version: 26.5.2
* Face ID, Camera, Display, Speakers & All Functions Working Perfectly
* No Repairs | No issues"
Apple iPhone 12 Pro Max 256 GB Silver,56000,Used,"Dhaka, Savar",23 hours ago,https://bikroy.com/savar/mobile-phones/apple-iphone-12-pro-max-256-gb-silver-hRsQS9JGms8kbkMEJuzP9Xls.html,5,2026-09-27T11:19:15.264783+00:00,individual,"Model: iPhone 12 Pro Max
Storage: 256GB
Color: Silver
Battery Health: 84% (Original battery, never changed)

Phone Condition and Description:

The phone is absolutely brand new and fresh, with no dents or scratches on the body.

All phone functions including True Tone and Face ID are 100% OK.

The phone comes with its original box, charging cable, and purchase money receipt."
Apple iPhone 16 Pro 128 GB,95000,Used,"Dhaka, Mohammadpur",6 hours ago,https://bikroy.com/mohammadpur/mobile-phones/apple-iphone-16-pro-128-gb-2X4UJWabugdbAdhVL6jb2Djr.html,3,2026-09-27T11:19:15.959131+00:00,individual,"Name:Iphone 16 Pro
 Color:Natural Titanium Bh 88%
 Storage:128GB
Limited warranty 10 September 2026
  Used like new
 WithFull box
Price:-Call for best price 
Used Mobile: 3Days replacement & 6months service warrenty or New mobile: 7days replacement & 1year service warrenty included  
Contact number 018XXXXXXXX"
Apple iPhone 15 Pro Max 256 GB Blue,92000,Used,"Dhaka, Uttara",5 hours ago,https://bikroy.com/uttara/mobile-phones/apple-iphone-15-pro-max-256-gb-blue-3nC8LTRIkcMpV8TT1JJkkCln.html,3,2026-09-27T11:19:16.488536+00:00,individual,"iPhone 15 Pro Max 
 Storage: 256GB
 Color: Blue Titanium 
 Variant: Dubai
 SIM: Physical SIM + eSIM
 Battery Health: 84%
 Condition: Pre-Owned
 6.7"" Super Retina XDR OLED | 120Hz
 Exchange Hub
 Shop No: 610, 611, 628 & 629, Level-6
Tropical Alauddin Tower, Sector 3, Road 2
Rajlaxmi, Uttara"
Apple iPhone 13 Pro 128 GB Blue,52000,Used,"Dhaka, Motalib Plaza",2 hours ago,https://bikroy.com/motalib-laza/mobile-phones/apple-iphone-13-pro-128-gb-blue-Ce2UjyniiOYHuRN1Of7cxir2.html,5,2026-09-27T11:19:17.207933+00:00,individual,"Buy your favorite smartphone now with even more peace of mind!
Detailed Information:
• Model: iPhone 13 Pro
• Storage: 128 GB
• Battery Health: 88%
10 days Replacement Guarantee
3 years Service Warranty
Check and buy, use with peace of mind!
Good quality phone at the best price—grab your favorite phone.
Address:
Shop No: 510/A, Motalib Plaza, Hatirpool, Dhaka"
Apple iPhone 11 64 GB Black,25500,Used,Dhaka,14/09,https://bikroy.com/dhaka/mobile-phones/apple-iphone-11-64-gb-black-kuOKd4Iq9iKf46dixJBHn3vw.html,5,2026-09-27T11:19:17.791792+00:00,individual,"✅ Model: iPhone 11
✅ Storage: 64GB
✅ Variant: USA
✅ Battery Health: 77%
✅ Face ID: 100% ঠিক আছে
✅ সবকিছু Original
✅ Charger দেওয়া হবে
❌ Box নেই

ফোনটি খুব যত্নসহকারে ব্যবহার করা হয়েছে। ফোন কখনো খোলা হয়নি, তাই যারা Original ও Unopened iPhone খুঁজছেন তাদের জন্য ভালো হবে।
💰 Price: 25,500 fixed"
Apple iPhone XS Max 64 GB Black,25000,Used,"Dhaka, Uttara",2 days ago,https://bikroy.com/uttara/mobile-phones/apple-iphone-xs-max-64-gb-black-cQI3mvMMAusASzSugoZZ2NqE.html,3,2026-09-27T11:19:18.140651+00:00,individual,"A completely good phone, only the battery has been replaced with a brand new Apple certified battery added. Due to setting the new battery, Face ID has stopped working. True Tone and display are all okay. Camera is super fresh, vibrant and ultra. Contact quickly if you want to purchase."
Apple iPhone 11 128 GB White,25990,Used,"Dhaka, Badda",8 hours ago,https://bikroy.com/badda/mobile-phones/apple-iphone-11-128-gb-white-A3D7CJjDIFWnSlbklPAlGviP.html,3,2026-09-27T11:19:18.688827+00:00,individual,"Battery Health: 86%
Chipset: A13 Bionic
Display: 6.1"" Liquid Retina IPS LCD
Camera: Back-12+12\Front-12 MP
Battery: 3110 Mah
Device with Cash Memo. 
৭ দিনের রিপ্লেসমেন্ট ও ১ বছরের ফ্রী সার্ভিস পাবেন।আপনার পুরাতন মোবাইল আমাদের সাথে Exchange করতে পারেন।
সাপ্তাহিক বন্ধ:বুধবার।"
Apple iPhone 13 128 GB,39000,Used,"Dhaka, Elephant Road",6 hours ago,https://bikroy.com/elephant-road/mobile-phones/apple-iphone-13-128-gb-rsBusyMhfHXhKL9J6lmPaYoT.html,3,2026-09-27T11:19:19.253749+00:00,individual,"Welcome to Trade Together.
We offer wholesale pricing even if you buy just one piece. If you are a shopkeeper, you will get a special discount.
Warranty Policy: 7-day replacement facility (excluding touch-display and physical condition).
Additionally, a three-month servicing warranty (excluding parts).
Address: Motaleb Plaza, Shop: 600/V
Call 019XXXXXXXX"
Apple iPhone 11 64 GB,29000,Used,"Dhaka, Mohammadpur",10/09,https://bikroy.com/mohammadpur/mobile-phones/apple-iphone-11-64-gb-mgzcWI2qBRDJMp5qzGU7BDRo.html,3,2026-09-27T11:19:19.801433+00:00,individual,"Battery Health 77%
with box
phone never opened"
Apple iPhone XS 256 GB Gold,20000,Used,"Dhaka, Gulshan",19/09,https://bikroy.com/gulshan/mobile-phones/apple-iphone-xs-256-gb-gold-mEGyF0QirEPyAzSaTrivQMsG.html,5,2026-09-27T11:19:20.634323+00:00,individual,"The phone is in very good condition, I will take iphone14pro so I am selling it, the phone only has battery changed, battery health 81. Whoever wants to take the phone please contact"
Apple iPhone 13 128 GB White,40000,Used,"Dhaka, Farmgate",22 hours ago,https://bikroy.com/farmgate/mobile-phones/apple-iphone-13-128-gb-white-3o78PKpF8dU61xlUkDdZ1kJc.html,4,2026-09-27T11:19:21.268647+00:00,individual,"iPhone 13 White
Storage 128
USA Variant: 1 physical + 1 e-SIM
Face ID, True Tone all OK.
Battery health 78
No dent, no scratch.

You will get:
Phone & cash memo

Location: Farmgate"
Apple iPhone 13 128 GB Green,39000,Used,"Dhaka, Savar",8 hours ago,https://bikroy.com/savar/mobile-phones/apple-iphone-13-128-gb-green-noo15NEuEP7Wv26UEjGU4yiZ.html,5,2026-09-27T11:19:22.032278+00:00,individual,"Mobile details:
Model: iPhone 13
USA Variant
Storage: 128GB
Battery Health: 81%
Warranty: Get a 7-day guarantee and a 2-year service warranty.
 Opportunity to view and check the phone before buying
 Clear information about the phone's condition
 Great phone at an affordable price
 N.S Computer & Phone Gadget
 E #40 (Level-5), Sena Shopping Complex, Nabinagar, Savar, Dhaka"
Apple iPhone XS 64 GB White,20000,Used,"Dhaka, Mirpur",2 hours ago,https://bikroy.com/mirpur/mobile-phones/apple-iphone-xs-64-gb-white-oBuN2WMUb7WvuDZCoPcYg38f.html,5,2026-09-27T11:19:22.533400+00:00,individual,"Iphone XS 
All body parts are original.
True Tone ✅
Battery- 84% original
Storage- 64gb
No issue. One handed used"
Apple iPhone 12 Pro 128 GB Blue,34000,Used,"Dhaka, Savar",10/09,https://bikroy.com/savar/mobile-phones/apple-iphone-12-pro-128-gb-blue-8JtslnvW50fvv5cPBzM9wWHE.html,3,2026-09-27T11:19:23.055347+00:00,individual,"My iPhone 12 Pro phone is for sale, it has been personally used and all functions work properly. The phone is in good condition.
Details:
* Model: iPhone 12 Pro
* Storage: 128GB
* Color: Pacific Blue
* Variant: US Variant
* Battery Health: 72%
* Box: None
* Charger: Available
Only interested buyers should contact. Reasonable offers will be considered."
Apple iPhone 12 Pro 128 GB Blue,40000,Used,"Dhaka, Agargaon",2 days ago,https://bikroy.com/agargaon/mobile-phones/apple-iphone-12-pro-128-gb-blue-oOC39oE8HrzxcOwLHxmW7OH9.html,3,2026-09-27T11:19:23.753805+00:00,individual,"Brand new condition fresh
77% Battery
Get 1 day full charge backup
No parts changed
100% authentic phone
Box and accessories will be provided."
Apple iPhone 13 128 GB,45000,Used,"Dhaka, Dhanmondi",8 hours ago,https://bikroy.com/dhanmondi/mobile-phones/apple-iphone-13-128-gb-ynl2e1ETlRucL2wejkuqCjYt.html,5,2026-09-27T11:19:24.237176+00:00,individual,"Description
Welcome to ""Mobile Store""
Find us here:-
Mobile Store
Shop number -408(level 4)
Dhanmondi 32 Sukrabad bus stand
Phone number 017XXXXXXXX"
Apple iPhone 12 128 GB,34999,Used,"Dhaka, Basundhara",5 hours ago,https://bikroy.com/basundhara/mobile-phones/apple-iphone-12-128-gb-6jIq9lnIlNpdmjfjqlCrYmUA.html,5,2026-09-27T11:19:24.952676+00:00,individual,"iPhone 12 128GB
Battery Health 87%
Full Boxed
Clean condition, smooth performance & premium feel — still a beast for daily use!
Visit Our Shop
Basement-2, Shop No: 94
Bashundhara City Shopping Complex
Panthapath, Dhaka 1215
You can easily find our shop on the left side after going down the escalator."
Apple iPhone 12 Pro Max 128 GB Blue,45000,Used,"Dhaka, Badda",1 hour ago,https://bikroy.com/badda/mobile-phones/apple-iphone-12-pro-max-128-gb-blue-8RX1bNJBDYH0eNwEhEj2nLJW.html,4,2026-09-27T11:19:25.677038+00:00,individual,Condition ok Without box Battery 79 All ok
Xiaomi Redmi Note 13 256 GB Blue,18500,Used,"Chattogram, Muradpur",8 hours ago,https://bikroy.com/muradpur/mobile-phones/xiaomi-redmi-note-13-256-gb-blue-fDYIVgLiZJqmhI1LIzRvJ0LT.html,3,2026-09-27T11:19:36.623523+00:00,individual,"Redmi note 13 5G 
8/256 
Full box 
🛡️ সুবিধা:
✔️ ১৫ দিনের রিপ্লেসমেন্ট গ্যারান্টি

📍 Device – Trusted Mobile Shop
📌 Shop No: 319, 3rd Floor (Lift 2 🛗)
🗺️ CPDL RB Midtown Market, মুরাদপুর, চট্টগ্রাম (মক্কা হোটেলের পাশে)"
Xiaomi Redmi Note 15 128 GB Black,20000,Used,"Chattogram, Halishahar",10/09,https://bikroy.com/halishahar/mobile-phones/xiaomi-redmi-note-15-128-gb-black-jOGCAV3aZgsYGKZYrzQkoFy9.html,5,2026-09-27T11:19:37.298181+00:00,individual,"Peace, mercy, and blessings of Allah be upon you. Redmi Note 15 will be sold. This is my favorite set, but I am selling it now due to the need for money. Used for only three months, completely boxed mobile. Along with it, you will get the box, original charger, charger cord, and all documents. Whoever takes it will be given everything."
New Xiaomi Redmi Note 14 Pro 256 GB,22000,Brand New,"Chattogram, Alankar",04/09,https://bikroy.com/alankar/mobile-phones/new-xiaomi-redmi-note-14-pro-256-gb-zKIjIAsLDKMZ3FxQQlwc8JR6.html,3,2026-09-27T11:19:48.046275+00:00,individual,uses পাঁচ মাস কোন সমস্যা নেই বক্স চার্জার সবকিছু আছে
Xiaomi Mi 11 Ultra 256 GB White,22000,Used,"Chattogram, Chawkbazar",08/09,https://bikroy.com/chawkbazar/mobile-phones/xiaomi-mi-11-ultra-256-gb-white-nt7cOwYsp8Bh65RiaQR1wFKN.html,3,2026-09-27T11:19:48.932318+00:00,individual,Mi 11 Ultra white colour 256 gb everything ok just 1 green line is on the phone rest everything is ok 100/ exchange possible
OnePlus 7T Pro McLaren Edition 256 GB Black,21999,Used,"Chattogram, Agrabad",31/07,https://bikroy.com/agrabad/mobile-phones/oneplus-7t-pro-mclaren-edition-256-gb-black-ajcuzTBgKIP7rHlVgqSukj6p.html,3,2026-09-27T11:19:52.729253+00:00,individual,"RAM/ROM - 12/256 
For sale"
OnePlus 11R 256 GB Silver,26500,Used,"Rajshahi, Shaheb Bazar",1 day ago,https://bikroy.com/shaheb-bazar/mobile-phones/oneplus-11r-256-gb-silver-l1K1Rj2ncA8GGnKOQd3igmNQ.html,4,2026-09-27T11:19:54.118648+00:00,individual,"No problems at all, completely full fresh, no scratches, silver color, will sell due to urgent need"
Apple iPhone 15 Plus 128 GB Green,68000,Used,"Dhaka, Gulshan",6 hours ago,https://bikroy.com/gulshan/mobile-phones/apple-iphone-15-plus-128-gb-green-aLVVWLgcdlWIBkGSRo5XMg5z.html,5,2026-09-27T11:19:56.108403+00:00,individual,"iPhone 15 Plus, Super Condition.
No problem, No Damage, No nothing.
Battery health 88% only.
Cycle counts: 577.
Everything is ok and perfectly working.
Enjoy all-day battery life, stunning photos, and high-speed internet. 
Original box available, cable and charger will also be given."
Apple iPhone 13 Pro Max 256 GB Blue,60000,Used,"Dhaka, Jatrabari",15/09,https://bikroy.com/jatrabari/mobile-phones/apple-iphone-13-pro-max-256-gb-blue-rsdiCVafNsuMRa9RvDuLPVhW.html,5,2026-09-27T11:19:56.836149+00:00,individual,"Assalamulaikum 
Iphone 13 pro max 
256gb Box available 
90% battery health  (original) 
Face id ok 
True tone ok 
Nothing changed all ok 
Phone looks just like new, you will love it at first sight, you must come to the location 
Location : Jatrabari Tony Tower , (Dhaka ,Jatrabari )"
Apple iPhone 12 Pro Max 256 GB Blue,32000,Used,Rajshahi,18/08,https://bikroy.com/rajshahi/mobile-phones/apple-iphone-12-pro-max-256-gb-blue-sncusjFJgITDJgNB1v0Ns0Ib.html,3,2026-09-27T11:19:58.331659+00:00,individual,"iPhone 12 Pro Max is fresh. 
Bypass device 
Everything is original, nothing has been changed."
Xiaomi Redmi Note 13 Pro+ 256 GB White,25000,Used,"Chattogram, Patenga",16/09,https://bikroy.com/patenga/mobile-phones/xiaomi-redmi-note-13-pro-256-gb-white-dxD9TJNoFh6PrkHouahVwCYU.html,5,2026-09-27T11:19:59.495584+00:00,individual,"You can check it out, it looks brand new. Price is slightly negotiable. My asking price is twenty-five thousand. The phone comes with its full box and charger."
New Xiaomi Redmi Note 14 Pro 256 GB Blue,28000,Brand New,"Chattogram, Halishahar",19/09,https://bikroy.com/halishahar/mobile-phones/new-xiaomi-redmi-note-14-pro-256-gb-blue-dki5UzgSaKYiCmGQxOueOcWO.html,5,2026-09-27T11:20:00.356695+00:00,individual,"I need money, it has been used for only 7 months"
Xiaomi 15 256 GB Black,24500,Used,"Rajshahi, Shaheb Bazar",12/09,https://bikroy.com/shaheb-bazar/mobile-phones/xiaomi-15-256-gb-black-txCilMMPAI4Ed2Vidd2TC12f.html,3,2026-09-27T11:20:01.713622+00:00,individual,"Full fresh condition Price 24500 
8 128"
OnePlus 13 256 GB Blue,65000,Used,"Dhaka, Baridhara",8 hours ago,https://bikroy.com/baridhara/mobile-phones/oneplus-13-256-gb-blue-ilF1J1zaBR0OTUegsYfij9VN.html,5,2026-09-27T11:20:03.874135+00:00,individual,"One plus 13
only device
full fresh condition"
OnePlus 15R 256 GB Green,54990,Used,"Dhaka, Badda",8 hours ago,https://bikroy.com/badda/mobile-phones/oneplus-15r-256-gb-green-1sgx7wOWB0T5e76326x1y3Il.html,3,2026-09-27T11:20:04.130980+00:00,individual,"Price fixed
Processor : Snapdragon 8 gen 5 5g
Ram: 12 GB
Display: 6.8"" AMOLED 165hz
Camera: Back-50+8\Front-32 MP
Device with Cash Memo.
You will get a 7-day replacement and 1 year of free service. You can exchange your old mobile with us.
Weekly holiday: Wednesday."
OnePlus 15 256 GB Gray,84500,Used,"Dhaka, Savar",13/09,https://bikroy.com/savar/mobile-phones/oneplus-15-256-gb-gray-upgsJd38OjbCoxMH3IqcoZAg.html,5,2026-09-27T11:20:05.168068+00:00,individual,"Full box available 
Battery Health 100%"
OnePlus Nord 4 128 GB Black,26999,Used,"Dhaka, Khilgaon",5 hours ago,https://bikroy.com/khilgaon/mobile-phones/oneplus-nord-4-128-gb-black-BrNYnloEslj8zRsdkxMECiBC.html,3,2026-09-27T11:20:05.314118+00:00,individual,"Assalamu alaikum.
Greetings from ""Mobo Live Bd"". 

Black
Full Factory unlock
100% original device 
Dear Honourable Customer,
Now you can purchase with EMI of 21 banks credit card. Thanks for being with us."
Apple iPhone 14 Pro Max 512 GB Purple,75000,Used,"Dhaka, Savar",14/07,https://bikroy.com/savar/mobile-phones/apple-iphone-14-pro-max-512-gb-purple-rqawkjCrVbYD7AkXgxZ0MwTF.html,5,2026-09-27T11:20:08.301793+00:00,individual,"Phone is all okay.
Nothing has been changed.
Waterproof is available.
You can check it as much as you want.
Battery Health: 76%"
New Nothing Phone 4a Pro 256 GB Black,64990,Brand New,Dhaka,8 hours ago,https://bikroy.com/dhaka/mobile-phones/new-nothing-phone-4a-pro-256-gb-black-drOqjtvNcbTwy6aIRWrsrui7.html,2,2026-09-27T11:20:08.312215+00:00,individual,"Nothing 4A PRO (12/256) Brand new inactive
Price: 64,990/- (Best Price ever)

Every smartphone includes:
10-day replacement guarantee
2-year service warranty
Our Shop Address
For Smartphone
Basement- 1, Shop- 84
Bashundhara City Shopping Mall"
Apple iPhone 14 Pro Max 256 GB Purple,67899,Used,"Dhaka, Savar",10/08,https://bikroy.com/savar/mobile-phones/apple-iphone-14-pro-max-256-gb-purple-r8c67Df9IADKHwJ6AfH7ouCO.html,5,2026-09-27T11:20:08.881132+00:00,individual,"Iphone 14 pro max 256gb with box
77% battery’s health, physical and esim. nothing changes just Backshall broken. R kono somossa nai, jodi keo kinte chan tobe call ba msg koren, jara real byar na tara plz ignore this post. price almost fixed."
Nothing Phone 4a 256 GB Blue,40990,Used,"Dhaka, Rampura",2 hours ago,https://bikroy.com/rampura/mobile-phones/nothing-phone-4a-256-gb-blue-8bQe5s49akNvSfWPOzrjyoE1.html,3,2026-09-27T11:20:09.624769+00:00,individual,"Nothing 4a 5G 8+256GB As Like New condition 
No internal or external problem 
Only device and cash memo 
More information call 
Address: Molla Tower Shopping complex, Rampura, Dhaka. 
Opposite BTV centar 
3rd floor, shop no-406."
Nothing Phone 3a Pro 256 GB Silver,42000,Used,"Dhaka, Savar",8 hours ago,https://bikroy.com/savar/mobile-phones/nothing-phone-3a-pro-256-gb-silver-rb4esxx9tuUmVrUSHfD6xNG6.html,5,2026-09-27T11:20:11.025792+00:00,individual,"Nothing 3a pro | 8GB RAM | 256GB Storage
An extraordinary smartphone with flagship performance and premium design. Buy with confidence after thorough inspection.
 7-day replacement guarantee, 1-year service warranty, opportunity to test the phone before purchase
 E-195A, Level-5 (Lift-4), Sena Shopping Complex, Nabinaagar, Sayer, Dhaka. Weekly holiday: Sunday"
Nothing Phone 3 256 GB Black,54990,Used,"Dhaka, Mohammadpur",5 hours ago,https://bikroy.com/mohammadpur/mobile-phones/nothing-phone-3-256-gb-black-vXry2XSWEr1r0HKxdKUBVZXL.html,3,2026-09-27T11:20:12.450238+00:00,individual,"Nothing Phone 3
India Global Version 
Pre-Owned Devices 
12Gb Ram 256Gb Storage 
Fresh Conditions 
Black Color 
7-day replacement and 1-year service warranty
Reach Us
Phonomania
Shop No: 623, Level-6
Tokyo Square
Japan Garden City, Ring Road
Mohammadpur, 1207"
OnePlus 8 Pro 256 GB Green,26500,Used,"Dhaka, Shewrapara",2 days ago,https://bikroy.com/shewrapara/mobile-phones/oneplus-8-pro-256-gb-green-nCTUW0R2RFa4YQ0WJvhI2MNo.html,5,2026-09-27T11:20:13.152260+00:00,individual,"Box and charger are all included. I bought the phone from India three years ago, and everything is still completely authentic and fresh. There is only a slight scratch on the display from dropping it. The price is almost fixed, so only those who are interested in buying should message."
OnePlus 9RT 5G 128 GB Black,22999,Used,"Dhaka, Bosila",1 day ago,https://bikroy.com/bosila/mobile-phones/oneplus-9rt-5g-128-gb-black-5p4EVP9iiDfWh2mTMIZ48DS7.html,5,2026-09-27T11:20:13.733292+00:00,individual,"OnePlus 9RT for sale. 8/128GB. Includes 65W original charger and Snapdragon 888 processor. Guaranteed no green line issues. Original display and back shell. Never opened. Amazing camera quality. Get one full day of battery backup with normal use. Box was lost during house shifting, but I can provide a cash memo and NID copy. Feel free to make an offer."
Xiaomi 12 Pro 256 GB Black,20500,Used,"Rajshahi, Uposahar",18/09,https://bikroy.com/uposahar/mobile-phones/xiaomi-12-pro-256-gb-black-9WDs9KVaSOTUEVK8Fi7YE5bf.html,4,2026-09-27T11:20:14.421429+00:00,individual,"I did not write the detailed specifications as you can find them by searching online. It performs smoothly for everything from daily use to heavy tasks. The camera and video quality are extraordinary. This is a flagship device from Xiaomi. However, there is one issue: a green line has appeared on the screen. It will cost approximately 6,000 BDT to fix. The charging speed is very fast—it fully charges in just 30 minutes. Show more"
Xiaomi Redmi Note 14 4G 128 GB Silver,19500,Used,"Rajshahi, Charghat",1 day ago,https://bikroy.com/charghat/mobile-phones/xiaomi-redmi-note-14-4g-128-gb-silver-2HQqTeaBolySpeVjc19e2gmH.html,5,2026-09-27T11:20:15.195268+00:00,individual,"The phone is completely fresh and used with one hand. There are no scratches, almost like new. There are no problems, no scratches anywhere, no cracks, and some price can be reduced for this phone, its price is"
New Xiaomi 256 GB Red,32999,Brand New,"Chattogram, Agrabad",5 hours ago,https://bikroy.com/agrabad/mobile-phones/new-xiaomi-256-gb-red-u9kWlwWHHVy4DLdThSEyAHVs.html,3,2026-09-27T11:20:15.704197+00:00,individual,"To know the price of any updated product, stay with us by giving a like & follow to our page. Our page link -
** To buy a phone on installment, call or message on WhatsApp to our given number on Bikroy.
 ____________
Address:
Shop- 537, Level - 5 (Capsule Lift's 4,
Straight out of the lift is Zojobd)
Akhtaruzzaman Center,
Agrabad, Chattogram."
Samsung Galaxy S22 Ultra 256 GB Blue,38000,Refurbished,"Rajshahi, Shaheb Bazar",09/08,https://bikroy.com/shaheb-bazar/mobile-phones/samsung-galaxy-s22-ultra-256-gb-blue-djn7XfuWJIYlo0exx5vRiiNP.html,5,2026-09-27T11:20:16.429556+00:00,individual,"Good condition. US version. Brought from US. There is a white mark on the notch on the upper right side which is visible when calling. The phone is very nice, nothing is opened, no marks, waterproof, battery backup is very good. Only those who will take the phone should contact, do not disturb the phone by SMS. box+change 
100% original 
 (what's app )"
Apple iPhone 13 128 GB Blue,37000,Used,"Rajshahi, Shaheb Bazar",11/06,https://bikroy.com/shaheb-bazar/mobile-phones/apple-iphone-13-128-gb-blue-44knIDJqZjh32YoArBHDOb3C.html,5,2026-09-27T11:20:16.832908+00:00,individual,"128GB Blue variant. Only phone, nothing else. Used for around 2 years. For security, I can provide my information. Battery health 76%, True Tone, Face ID, genuine waterproof, never opened. Message me for more information."
Nothing Phone 1 256 GB Black,25500,Used,"Dhaka, Mirpur",03/09,https://bikroy.com/mirpur/mobile-phones/nothing-phone-1-256-gb-black-CwAhkgDv1VBe3EaoohR0VR3c.html,5,2026-09-27T11:20:17.563917+00:00,individual,১২/২৫৬ অফিসিয়াল ভেরিয়েন্ট। ফোনে কোনো সিঙ্গেল প্রবলেম নাই। ব্যাক পলি না থাকায় কভারের কারনে সাইডে সামান্য স্ক্র্যাচ আছে। সাথে অরিজিনাল IMEI বক্স পাবেন। আর্জেন্ট টাকার দরকার তাই সেল দিচ্ছি। প্রাইস ফিক্সড। আসলে সামান্য কিছু সম্মান করা হবে।
Nothing Phone 4a Pro 256 GB White,40000,Used,"Dhaka, Mohammadpur",19/09,https://bikroy.com/mohammadpur/mobile-phones/nothing-phone-4a-pro-256-gb-white-C5dL0D82G1XAwCsH5vHDMVpg.html,3,2026-09-27T11:20:18.257585+00:00,individual,"Only phone and ib need to be changed, everything else is okay, amazing camera."
Nothing Phone 3a 256 GB Black,32000,Used,"Dhaka, Bosila",21/09,https://bikroy.com/bosila/mobile-phones/nothing-phone-3a-256-gb-black-7DtrW3OT2m71DTE64Lw1PSfb.html,4,2026-09-27T11:20:18.991144+00:00,individual,"RAM: 8GB
 Storage: 256GB
 Snapdragon 7s Gen 3
 50MP OIS Camera 
 120Hz AMOLED Display
 5000mAh Battery 
 Premium Nothing Design
You will get a charger with it. And all the documents you need will be provided."
OnePlus 11R 256 GB Black,27000,Used,"Rajshahi, Kazla",26/08,https://bikroy.com/kazla/mobile-phones/oneplus-11r-256-gb-black-5YoUDRq3Pi6EbohPNJVZMfHv.html,3,2026-09-27T11:20:19.743775+00:00,individual,"Fully fresh phone with no problems 16/256 price fixed, please ignore if you don't like the price"
OnePlus Nord 4 256 GB,24000,Used,"Rajshahi, Paba",16/09,https://bikroy.com/paba/mobile-phones/oneplus-nord-4-256-gb-tYcf2VLscVcevb4GKASWCr3O.html,4,2026-09-27T11:20:20.309930+00:00,individual,"Emergency Sell Post
OnePlus Nord 4
8/256 UFS 4.0 
Snapdragon 7 Plus Gen 3 (Gaming Phone) 
5500 mAh Battery
Full fresh condition
Price: 23500 Tk (Almost Fixed) 
Those whose budget is below 20 please skip! 
Location: Rajshahi, Katakhali (Must come to the location)"
OnePlus 11R 128 GB Blue,22000,Used,"Chattogram, Chawkbazar",08/07,https://bikroy.com/chawkbazar/mobile-phones/oneplus-11r-128-gb-blue-l1yfMy2aLA6C8KzDCRe1hvoe.html,5,2026-09-27T11:20:21.016975+00:00,individual,"This OnePlus 11R has been used nicely. The processor is the 8 Gen 1, a full gaming processor. I need money urgently, which is why I am selling it.
Must knock on WhatsApp 019XXXXXXXX"
OnePlus 12 512 GB Black,46000,Used,"Chattogram, Chandgaon",26/03,https://bikroy.com/chandgaon/mobile-phones/oneplus-12-512-gb-black-2vwnlsKpBczfS2GadOQRvXDK.html,3,2026-09-27T11:20:21.497884+00:00,individual,"OnePlus 12, 16/512GB. Fresh Condition. No box, no charger. Set + Cash Memo only. Price Fixed. Those who do not have the budget, please stay away. Request not to quote absurd prices. Location: Riazuddin Bazar, Chittagong. Contact 016XXXXXXXX"
OnePlus 12 256 GB Black,48500,Used,"Dhaka, Jamuna Future Park",5 hours ago,https://bikroy.com/jamuna-future-park/mobile-phones/oneplus-12-256-gb-black-z3Wq34Es9R50poqghIX90mnm.html,3,2026-09-27T11:20:22.205240+00:00,individual,"Oneplus 12
12GB 256GB
Few Month used
Price: Tk
 Paramount Gadget
Jamuna Future Park Shopping Mall
Level 4, Shop No: 006C
Near Lift 7 (Nokia   

#oneplus
#oneplus12"
OnePlus 13s 256 GB Green,58000,Used,"Dhaka, Dhanmondi",5 hours ago,https://bikroy.com/dhanmondi/mobile-phones/oneplus-13s-256-gb-green-fXBFMIuV0Ho6XUuWnUKhjMz9.html,5,2026-09-27T11:20:22.777178+00:00,individual,"Used conditions 
Phone all ok"
OnePlus 13T 256 GB Black,50999,Used,"Dhaka, Jatrabari",2 hours ago,https://bikroy.com/jatrabari/mobile-phones/oneplus-13t-256-gb-black-z5BWsIReHII0ky9o0CmxU1NL.html,3,2026-09-27T11:20:23.613295+00:00,individual,"Oneplus 13t.
Ram - 12 gb.
Rom - 256 gb.
Full box."
OnePlus 9 Pro 256 GB Blue,21500,Used,"Dhaka, Jatrabari",30/08,https://bikroy.com/jatrabari/mobile-phones/oneplus-9-pro-256-gb-blue-xFDHf0uUTiq8jQJKLcBDnrAl.html,5,2026-09-27T11:20:24.219270+00:00,individual,Full fresh phone kono repair history nai box ase everything okay single scratch o nai
OnePlus Ace 3 512 GB Gray,35000,Used,"Dhaka, Paltan",03/09,https://bikroy.com/paltan/mobile-phones/oneplus-ace-3-512-gb-gray-zKbrpcTaby0zQVNbAHl0vKMe.html,5,2026-09-27T11:20:24.856278+00:00,individual,Onepluse ace 3v full fresh keo nite caile dhaka paltan aste hobe ba what's number 016XXXXXXXX
OnePlus 11 256 GB Green,25000,Used,"Dhaka, Savar",08/09,https://bikroy.com/savar/mobile-phones/oneplus-11-256-gb-green-wPGqfgcVSarBuO447NViKuOM.html,5,2026-09-27T11:20:25.632833+00:00,individual,হানডেট পারসেন্ট ফুল ফ্রেশ ফোনে কোন ধরনের কোন স্ক্র্যাচ কোন ডেট কিচ্ছু নাই একদম ফুল ফ্রেশ ১৬ জিবি ২৫৬ জিবি উইথ বক্স 100w অরজিনাল চার্জার। তিনটা গ্রীন লাইন এছাড়া কোন ধরনের কোন প্রবলেম একদমই নেই।
Xiaomi Redmi Note 14 Pro+ 5G 512 GB White,28000,Used,"Rajshahi, Godagari",2 days ago,https://bikroy.com/godagari/mobile-phones/xiaomi-redmi-note-14-pro-5g-512-gb-white-xhUjJOTaeZnDdP3Oiq3lGaYI.html,5,2026-09-27T11:20:26.306881+00:00,individual,"99% fresh, must come to the location to pick it up"
Xiaomi Redmi Pro 256 GB White,27000,Used,"Rajshahi, Rajpara",18/06,https://bikroy.com/rajpara/mobile-phones/xiaomi-redmi-pro-256-gb-white-Bw1sSRFHoy0O4w2jQtjiuNpz.html,2,2026-09-27T11:20:27.047804+00:00,individual,"Redmi K40 Gaming (White/12-256GB)
 Dimensity 1200 | 120Hz OLED | 5065mAh
• Condition: Fresh (no scratches/dents or internal issues).
• Gaming: Pop-up triggers are 100% working. PUBG, Free Fire, COD run smoothly.
• Included: Back cover."
Xiaomi Redmi Turbo 4 Pro 256 GB White,35800,Used,"Rajshahi, Uposahar",17/09,https://bikroy.com/uposahar/mobile-phones/xiaomi-redmi-turbo-4-pro-256-gb-white-iOWgCE7iyCzrfrM45mjMp9HV.html,3,2026-09-27T11:20:27.656689+00:00,individual,"Redmi Turbo 4 Pro 12/256GB - Sell Post
Redmi Turbo 4 Pro will be sold in absolutely fresh condition.
RAM: 12GB
ROM: 256GB
Variant: Chinese
Used: A few months
Condition: Fresh / No major scratches
Performance: Completely smooth
Battery: Good backup
Box + Charger: Available
No problem, you can check everything if you want."
Xiaomi Poco M6 Pro 128 GB Silver,15499,Used,"Rajshahi, Vodra",6 hours ago,https://bikroy.com/vodra/mobile-phones/xiaomi-poco-m6-pro-128-gb-silver-Cpvn7wzDNDaOVQ4amJgl2F15.html,4,2026-09-27T11:20:28.468794+00:00,individual,"Limited stock – First come, first served!

Our Address: Baneshwar Shibpur Hat, Puthia, Rajshahi 
100% Trust
Right price, right product
FAHIM mobile zone, your trusted mobile shop"
Xiaomi Redmi Note 13 128 GB Black,15000,Used,"Rajshahi, Boalia",6 hours ago,https://bikroy.com/boalia/mobile-phones/xiaomi-redmi-note-13-128-gb-black-2R82nXY5yljK0w3zRT9m3GVS.html,4,2026-09-27T11:20:28.948729+00:00,individual,"Redmi Note 13 5G
RAM-6 GB
ROM-128 GB
In-display fingerprint
There is no problem with the phone, you can check it as much as you want.
If you take the phone, a copy of the NID card can be provided, no problem."
Xiaomi 256 GB Black,16500,Used,"Rajshahi, Boalia",22/09,https://bikroy.com/boalia/mobile-phones/xiaomi-256-gb-black-mg9aItJMSwtEyQA3mDTC54i9.html,4,2026-09-27T11:20:29.290735+00:00,individual,"Poco x6 neo
12/256
Phone has no problems, completely fresh
Only the phone will be provided, no box. Voter ID card will be given as security."
Xiaomi 14 Ultra 512 GB Black,70000,Used,"Chattogram, Cornelhat",02/05,https://bikroy.com/cornelhat/mobile-phones/xiaomi-14-ultra-512-gb-black-BzHrSBx0gTVVk20uDrWvsikO.html,4,2026-09-27T11:20:30.070902+00:00,individual,"Set is in full fresh condition. Used for 1 year, imported from abroad. Comes with full box. Has a minor scratch on the bumper, otherwise everything is okay and in full fresh condition."
Xiaomi Redmi 512 GB Black,49000,Used,"Chattogram, Pahartali",08/06,https://bikroy.com/pahartali/mobile-phones/xiaomi-redmi-512-gb-black-feRPJ6Q42ZlXAoPXFjKjfH4P.html,5,2026-09-27T11:20:30.676190+00:00,individual,"Assalamu Alaikum.
Only those who are interested in taking the mobile should call or message. Please quote the price considering the market. This is not 256 GB storage, it is 512 GB storage, so please check the price accordingly. I have given the price I can offer. If you are interested at 49 thousand, please inbox me. If you want to know anything else, that can also be discussed."
Xiaomi 13 Pro China Global (Used),38000,Used,"Chattogram, Kotwali, Chattogram",23/05,https://bikroy.com/kotwali/mobile-phones/xiaomi-13-pro-chin-global-used-8w7vo1pyRcusVMX7GyTTXVec.html,4,2026-09-27T11:20:31.196196+00:00,individual,The phone is in pristine condition; feel free to inspect it thoroughly before purchasing. It comes with a 67W charger and features a DSLR-like camera. WhatsApp for more details. The phone is completely scratch-free.
New Xiaomi Redmi 17 128 GB Green,24999,Brand New,"Chattogram, Agrabad",6 hours ago,https://bikroy.com/agrabad/mobile-phones/new-xiaomi-redmi-17-128-gb-green-oWRkTTLmGY0tYJ4QOUTKm8wD.html,3,2026-09-27T11:20:32.200985+00:00,individual,"Stay with us by liking & following our page to get updates on any product prices. Our page link –
** Call or message us on WhatsApp at the number provided on Bikroy to buy a phone on instalment.
_____________________________________
Address:
Shop-537, Level-5
Akhtaruzzaman Center,
Agrabad, Chittagong."
Google Pixel 7 Pro 128 GB Black,34500,Used,"Rajshahi, Shaheb Bazar",14/07,https://bikroy.com/shaheb-bazar/mobile-phones/google-pixel-7-pro-128-gb-black-r7T4dlOZLvqxcwtr8EwCQj2c.html,5,2026-09-27T11:20:32.458140+00:00,individual,"Box, cash memo, OTG, everything is available.
Full authentic, nothing has been changed."
Nothing Phone 1 128 GB Black,22000,Used,"Rajshahi, Boalia",19/07,https://bikroy.com/boalia/mobile-phones/nothing-phone-1-128-gb-black-x48lq8d6pPsxusgm0p5cSE5T.html,3,2026-09-27T11:20:33.191784+00:00,individual,"Nothing Phone 1 mobile. Everything is okay, no problems, you can check it yourself. The phone gives very good and beautiful backup. It is a water-resistant phone. If you want to see it, come to the location. Only the phone will be given."
Nothing Phone 1 256 GB White,25000,Used,"Rajshahi, Motihar",03/05,https://bikroy.com/motihar/mobile-phones/nothing-phone-1-256-gb-white-uKGI5jFyaWLFhlpXPK8uIc79.html,3,2026-09-27T11:20:33.901927+00:00,individual,"The phone is in fresh condition, just like new, with no problems. I don't have the box as the memo was lost, but I have the charger. I will provide whatever you need for security. If you want to buy it, please message or call me. If you are not interested, please do not message and cause confusion."
Apple 64 GB Black,26000,Used,"Rajshahi, Uposahar",15/09,https://bikroy.com/uposahar/mobile-phones/apple-64-gb-black-mh5DqN9HPOC2tAE1sPofMrRz.html,3,2026-09-27T11:20:34.244466+00:00,individual,"Absolutely new... 
Brought from abroad... 
This was used by my mother... 
Nothing was done on the phone except talking on calls and watching videos... 
Phone + box will be given only... 
1.5 years used only..."
Apple iPhone 12 Pro 256 GB Black,40000,Used,Rajshahi,06/06,https://bikroy.com/rajshahi/mobile-phones/apple-iphone-12-pro-256-gb-black-BRRJ8qHAqnozhKqwiBcscJpj.html,5,2026-09-27T11:20:35.136303+00:00,individual,"Phone 12 Pro (256GB). USA variant. Battery 78% original. Display original. Physical Sim 1, Esim 1. Face ID and True Tone are working. Price: 40,000 BDT. Call only if you are a real buyer; please don't message or call unnecessarily. The phone is fully authentic and nothing has been changed."
Apple iPhone 13 128 GB Blue,40000,Used,Rajshahi,04/08,https://bikroy.com/rajshahi/mobile-phones/apple-iphone-13-128-gb-blue-38KaikAAWbDBGUKSTuahA2zs.html,5,2026-09-27T11:20:35.591994+00:00,individual,"Nothing has been changed, everything is original, no scratches."
Nothing Phone 3a 256 GB Black,30500,Used,"Rajshahi, Shah Makhdum",15/08,https://bikroy.com/shah-makhdum/mobile-phones/nothing-phone-3a-256-gb-black-3A7BBH5MD457gPA40bKJhLri.html,5,2026-09-27T11:20:36.323669+00:00,individual,"Full Fresh Condition just like new, used for a very few days, matte poly applied, selling because I will buy another phone. Price almost fixed ()"
Samsung Galaxy S21+ 5G 128 GB Silver,21000,Used,"Rajshahi, Motihar",23/09,https://bikroy.com/motihar/mobile-phones/samsung-galaxy-s21-5g-128-gb-silver-8qwq9xcX6cZOxQ2ADkeU72PN.html,5,2026-09-27T11:20:36.847450+00:00,individual,"The mobile is 100% fresh, nothing has been changed, and there are no problems.
Original box and cable will be provided with it."
Nothing Phone 2a 128 GB Black,21500,Used,"Rajshahi, Shah Makhdum",1 day ago,https://bikroy.com/shah-makhdum/mobile-phones/nothing-phone-2a-128-gb-black-zj9spSmZlgCqHR5EI4txKzs6.html,5,2026-09-27T11:20:37.463232+00:00,individual,"**Nothing Phone (2a) 5G – 8/128GB**
Only phone
Display & Touch working
Front glass broken
Camera, Fingerprint, Charging OK
Rajshahi
**Price: ৳21,500 (Negotiable)**
You can check it by taking it in hand."
Vivo V30e 128 GB Black,26000,Used,"Rajshahi, Kazla",26/06,https://bikroy.com/kazla/mobile-phones/vivo-v30e-128-gb-black-mHxyMeJ5IHyP94Imxd6n1M1M.html,3,2026-09-27T11:20:38.036729+00:00,individual,"Sell Post
Vivo v30e
RAM: 8/128
Processor: Snapdragon 6gen1
Display: Curved 120hz refresh rate
★Only the back cover is provided with the phone, nothing else.
NID card will be provided.
Location: Binodpur/Rajshahi University"
New Nothing Phone 3a Pro 256 GB Black,39000,Brand New,"Rajshahi, Kadirgonj",20/08,https://bikroy.com/kadirgonj/mobile-phones/new-nothing-phone-3a-pro-256-gb-black-64QA5WwklUlaWST2fRb6V1no.html,3,2026-09-27T11:20:38.548753+00:00,individual,"Nothing 3A pro... 12/256
All authentic waterproof
Showroom conditions"
Nothing Phone 2a 8/256 (Used),25000,Used,Rajshahi,30/04,https://bikroy.com/rajshahi/mobile-phones/nothing-phone-2a-8-256-used-8Qx9oov6snBaiX0MTWZAKAkL.html,5,2026-09-27T11:20:39.349284+00:00,individual,"It is 95% fresh with a minor dent on the body. Only the phone and NID copy will be provided. Serious buyers only, please message."
Vivo T3 Ultra 256 GB Black,25500,Used,"Rajshahi, Rajpara",09/09,https://bikroy.com/rajpara/mobile-phones/vivo-t3-ultra-256-gb-black-3hzaj1xQh1KB6Ftud4hd81Ae.html,4,2026-09-27T11:20:39.906632+00:00,individual,"Vivo T3 Ultra (12/256). There are scratches on the phone body and the back cover glue has come off, otherwise no issues. Everything is original, nothing has been changed. You can check it as much as you like, security will be provided. To see the phone, you need to come to the location. 25500"
Nothing Phone 3a 128 GB Black,31500,Used,"Rajshahi, Court Station",17/09,https://bikroy.com/court-station/mobile-phones/nothing-phone-3a-128-gb-black-w37wdioS2gFzgL2j5wtZn78J.html,5,2026-09-27T11:20:40.519468+00:00,individual,"Nothing 3a phone all okay, there are no problems with the phone, you can come and check it as much as you want"
Apple iPhone 14 Pro Max 256 GB Gray,75000,Used,"Tangail, Tangail Sadar",12/09,https://bikroy.com/tangail-sadar/mobile-phones/apple-iphone-14-pro-max-256-gb-gray-5jkCGHvq0SwnPXrKQ0ulKqMm.html,5,2026-09-27T11:20:41.162893+00:00,individual,"I phone 14 pro max no problem at all, brand new condition, whole set is poly-laminated, brought from Saudi Arabia, nothing changed, everything original, battery health 82, box available, charger available, cover available, everything is okay, not even a single scratch, protector attached on top of camera, price fixed"
Apple iPhone 16 128 GB Pink,86000,Used,"Pabna, Pabna Sadar",03/09,https://bikroy.com/pabna-sadar/mobile-phones/apple-iphone-16-128-gb-pink-nVrHH2k8TBxAIIQVsCbB8Zg.html,5,2026-09-27T11:20:41.884685+00:00,individual,"iPhone 16 pink color🩷 No issues, Not a single dent
Battery 100
Cycle count 78
Nothing changed
New phone
Camera wow
Box cable available
Warranty still remaining

Family problem so need to sell urgently"
Apple iPhone 16 Pro Max 512 GB White,120000,Used,"Khulna, Paikgachha",09/09,https://bikroy.com/paikgachha/mobile-phones/apple-iphone-16-pro-max-512-gb-white-vbbVfrtcBajD1Z0v7JzeC2jp.html,5,2026-09-27T11:20:42.655173+00:00,individual,"Assalamu Alaikum. There are no problems with the phone, everything is okay, nothing has been changed. I am selling it because I need money. If you need it, call the number given below."
Apple iPhone 16 Pro 1 TB White,67999,Used,Rajshahi,5 hours ago,https://bikroy.com/rajshahi/mobile-phones/apple-iphone-16-pro-1-tb-white-ttvDSeiyKPtH7hCiWGj1fQWy.html,5,2026-09-27T11:20:42.977777+00:00,individual,"Wifi bypass (those who don't understand, please don't knock)

1024gb (1TB) Storage
International Variant (iOS-26.1)

An absolute fire of a phone, nothing more to say for those who know.
Not the slightest problem. The entire phone is skin-wrapped, with a good quality screen and camera protector applied.
If you can find any problem, the phone will be given for free along with travel expenses.

Location- Rajshahi
Thank you Show more"
Samsung Galaxy S24 Ultra 256 GB Gray,75000,Used,"Cox's Bazar, Chakaria",6 hours ago,https://bikroy.com/chakaria/mobile-phones/samsung-galaxy-s24-ultra-256-gb-gray-6olER8mGvJrjTIBuldtA9qiU.html,3,2026-09-27T11:20:44.399001+00:00,individual,"Fresh condition, nothing scratches. Never fall down.
With original box."
Apple iPhone 14 Pro 128 GB Purple,65000,Used,"Sirajganj, Sirajganj Sadar",2 days ago,https://bikroy.com/sirajganj-sadar/mobile-phones/apple-iphone-14-pro-128-gb-purple-8pbc8V5fQZE70Xj8AQoG6OCW.html,5,2026-09-27T11:20:44.451711+00:00,individual,"Need money, so I am selling this phone
No issues at all
Nothing has been changed
Battery health 79%"
Apple iPhone 13 Pro Max 512 GB Gold,65000,Used,"Dhaka, Jatrabari",11/09,https://bikroy.com/jatrabari/mobile-phones/apple-iphone-13-pro-max-512-gb-gold-BjoaJF5XMlVWpnr6oOWxcvi4.html,3,2026-09-27T11:20:45.133061+00:00,individual,"Phone has never been opened, completely waterproof, nothing has been changed, full fresh condition.
No display issue, latest update given, using for 2 years, using for 2 years.
Still looks like an absolutely brand new phone.
Box will be found with it. Brought from USA."
Apple iPhone 14 Pro Max 256 GB Blue,80000,Used,"Gazipur, Gazipur Sadar",1 day ago,https://bikroy.com/gazipur-sadar/mobile-phones/apple-iphone-14-pro-max-256-gb-blue-B3gRdcEEVgSHCF3qwN1SKLGB.html,4,2026-09-27T11:20:45.918120+00:00,individual,"Singapore variant, no scratches, phone is in brand new condition, box and cash memo available, phone is 100% authentic, nothing changed, waterproof is also intact"
Apple iPhone 14 Pro Max Dual SIM (Used),74500,Used,"Chattogram, Chandgaon",29/04,https://bikroy.com/chandgaon/mobile-phones/apple-iphone-14-pro-max-dual-sim-used-hpJFXYCEfyNKudv2jICvFbH6.html,4,2026-09-27T11:20:46.715085+00:00,individual,"iPhone 14 Pro Max
Full box without cable
100% Waterproof, please check it yourself
100% Authentic
Deep Purple color
(Z/A) Hong Kong Variant (physical SIM use)
Battery Health 85% (original) 🔎
Storage 256GB
No scratches, looks like new🆕
Laminated
Price: 77k, Price Fixed
Face lock ✅🆗
True Tone ✅🆗
More details ⤵️

#The mobile is completely fresh, not a single scratch, nothing has been opened, everything is 100% original, you can check it yourself. I have used the mobile with great care, there is no problem at all. The mobile has the latest update installed.
The mobile is Deep Purple color, looks brand new, no issues, you will understand once you see it.
Whoever buys it will definitely be a winner.
Price Fixed

#Those who want to buy must come to the location.

#Interested buyers please inbox, others please do not disturb. Show more"
Apple iPhone 14 Pro Max 128 GB Purple,74999,Used,"Chattogram, Agrabad",29/06,https://bikroy.com/agrabad/mobile-phones/apple-iphone-14-pro-max-128-gb-purple-3NlBsx7zwrPcwxACxbXYyvJ4.html,5,2026-09-27T11:20:46.812876+00:00,individual,"Everything is fine.
Battery Health: 95%.
Nothing has been changed.
True Tone is OK.
It has been used with a lot of care, that's why the battery health is still 95%."
Apple iPhone 14 Pro Max Good (Used),90000,Used,"Chattogram, Kotwali, Chattogram",29/04,https://bikroy.com/kotwali/mobile-phones/apple-iphone-14-pro-max-good-used-6wztxBd96PpBsphryUOoF6K6.html,3,2026-09-27T11:20:47.482274+00:00,individual,"In excellent condition. Imported from Dubai Apple Store. Get 3 free covers. Nothing has been changed or repaired. Fixed price 90,000 BDT."
Nothing Phone 3a Pro 256 GB Black,48000,Used,"Chattogram, Baizid",08/07,https://bikroy.com/baizid/mobile-phones/nothing-phone-3a-pro-256-gb-black-hyjk1eftm2JW3HdAtpB5kCD3.html,3,2026-09-27T11:20:48.142125+00:00,individual,"14 day used only new mobile 
Location: polytechnical, East Delta University Pashe.
Real buyer knock 016XXXXXXXX"
Nothing Phone 3a 256 GB White,35500,Used,"Chattogram, Satkania",15/08,https://bikroy.com/satkania/mobile-phones/nothing-phone-3a-256-gb-white-iF0wsGqNf6RimxNJfobATtz9.html,3,2026-09-27T11:20:48.779792+00:00,individual,"Brand new, comes with everything."
Apple iPhone 13 Pro 512 GB Blue,52000,Used,"Chattogram, Agrabad",24/09,https://bikroy.com/agrabad/mobile-phones/apple-iphone-13-pro-512-gb-blue-rWvIIT7ckLSZRZ5Ohddsjc4y.html,4,2026-09-27T11:20:49.496506+00:00,individual,"iPhone 13 Pro 512GB — FOR SALE
Model: iPhone 13 Pro
Storage: 512GB
iOS: 26.5.2
Battery Health: 86%
Not waterproof, but nothing has been changed
Cash Memo: Available
Mobile All OK 100%
You can come and check the phone thoroughly as you like
You can inspect everything before taking it
You must come to the location to pick up the phone
No courier/delivery
PRICE: Taka"
Nothing Phone 4a 128 GB White,42500,Used,"Chattogram, Chawkbazar",5 hours ago,https://bikroy.com/chawkbazar/mobile-phones/nothing-phone-4a-128-gb-white-7RSpRTRiw9T4Bc78usoxjTmW.html,3,2026-09-27T11:20:50.007801+00:00,individual,"Nothing phone 4a
8/128
with Box
few days used"
Nothing Phone 3a 128 (Used),25990,Used,"Chattogram, Nasirabad",5 hours ago,https://bikroy.com/nasirabad/mobile-phones/nothing-phone-3a-128-used-5SEQXK1X9fVCYj2066b202pY.html,4,2026-09-27T11:20:51.261725+00:00,individual,"Nothing phone 3a 8/128

🔥 Budget King — Everyday Smooth Performer! 🔥



⚡ Enjoy 8GB RAM | 128GB Storage | 5000mAh Battery | Super Clear Camera



👉Only one dot (beside front camera)



💰offer price -25,990💥💥



🚚 Delivery Available | 🔄 Exchange Available | 💳 EMI Available



🛡️ 15-Day Replacement Guarantee | Lifetime Service Warranty



📞 



🌐 www.decentbd.com



📍𝐅𝐢𝐧𝐥𝐚𝐲 𝐒𝐪𝐮𝐚𝐫𝐞, Level-4, Shop-406, 2 No Gate, Nasirabad, Chattogram



📍𝐅𝐢𝐧𝐥𝐚𝐲 𝐒𝐨𝐮𝐭𝐡 𝐂𝐢𝐭𝐲, Level-5, Shop-525, Bahaddarhat, Chattogram



#decentbd Show more"
Nothing Phone 3a 256 GB White,37000,Used,"Chattogram, Alankar",04/08,https://bikroy.com/alankar/mobile-phones/nothing-phone-3a-256-gb-white-fLWm2T6CH8W96feo8hhkdd2z.html,3,2026-09-27T11:20:51.469568+00:00,individual,"There is not much to say if someone wants a good phone then this is the perfect place you have come the rest will be understood when you meet face to face 
 
- 100% Original
- No type of problems
- Display, Touch, Camera, Speaker, Microphone, Fingerprint 
Location: Chattogram Sagarika Road Bitak Bazar 
 Only serious buyers please contact
WhatsApp:"
New Nothing Phone 3a 256 GB Black,29500,Brand New,"Chattogram, Agrabad",23/05,https://bikroy.com/agrabad/mobile-phones/new-nothing-phone-3a-256-gb-black-dN0XrLxrlkCV7yarf0vCYCUt.html,5,2026-09-27T11:20:51.956331+00:00,individual,"Nothing Phone 3a (Black) 
8+8GB RAM 256GB ROM
Condition: Like brand new
Black
Enjoy a smooth and premium experience
Asking Price: 29,500৳ (negotiable)
Only phone available
I can provide a photocopy of my NID for security purposes; the bill and box were lost during a house move.
Exchange possible. Serious buyers only."
Nothing Phone 3a 128 GB Black,31000,Used,"Chattogram, Alankar",05/09,https://bikroy.com/alankar/mobile-phones/nothing-phone-3a-128-gb-black-wuVyp0c2XbnCxQS21NT9Gwqs.html,4,2026-09-27T11:20:52.313751+00:00,individual,ফুল বক্স ক্যাশ মেমো সহ। কোনবিন্দু পরিমাণ দাগ বা ফাটল নাই পুরো নতুনের মত। প্রাইজ প্রায় ফিক্সড
Nothing Phone 2a Plus 256 GB Gray,27000,Used,"Chattogram, Chandgaon",25/07,https://bikroy.com/chandgaon/mobile-phones/nothing-phone-2a-plus-256-gb-gray-kM0vxehtJVRLoUYfQOKCx7Mf.html,5,2026-09-27T11:20:52.991536+00:00,individual,"No problems at all, you can check and take it after seeing."
Nothing Phone 3 512 GB Black,65000,Used,"Chattogram, Hathazari",12/07,https://bikroy.com/hathazari/mobile-phones/nothing-phone-3-512-gb-black-yxV5AfHeEPwHoU4xsbAO5f8Y.html,5,2026-09-27T11:20:53.643432+00:00,individual,"Only 16 days used, full fresh, I'll provide a new xundd case"
Nothing Phone 3a 256 GB White,33500,Used,"Chattogram, Satkania",21/05,https://bikroy.com/satkania/mobile-phones/nothing-phone-3a-256-gb-white-keDfTMKurYHi3VCnSmKgcAFK.html,3,2026-09-27T11:20:54.261865+00:00,individual,"Nothing Phone 3a (Global)
 4GB RAM / 256GB ROM
 Absolutely clean and fresh condition
 Global version
 Battery and performance are very good
 Camera, display, sound all perfect
 No issues, you can use it worry-free
 Perfect for those looking for a stylish and unique phone
 Inbox if interested."
Nothing Phone 4a Pro 256 GB Graphite,60000,Used,"Chattogram, Chawkbazar",5 hours ago,https://bikroy.com/chawkbazar/mobile-phones/nothing-phone-4a-pro-256-gb-graphite-6ggKcyFENqXk13R43sWcpm84.html,3,2026-09-27T11:20:54.850494+00:00,individual,"Nothing 4a Pro
12/256
Few days used
Full boxed."
New Nothing Phone 4a Pro 128 GB Black,57999,Brand New,"Chattogram, Agrabad",5 hours ago,https://bikroy.com/agrabad/mobile-phones/new-nothing-phone-4a-pro-128-gb-black-uQKrU0mAv85lWdk9mAwsXcha.html,3,2026-09-27T11:20:55.591223+00:00,individual,"** NOTHING 4A PRO (8/128) New
Address:
Shop-537, Level-5 (4th floor of capsule lift), 
Go straight after exiting the lift to JOJOBD, 
Akhtaruzzaman Center, 
Agrabad, Chittagong."
Apple iPhone 14 Pro Max 256 GB Purple,79500,Used,"Dhaka, Mirpur",23/09,https://bikroy.com/mirpur/mobile-phones/apple-iphone-14-pro-max-256-gb-purple-zlke4VwJJtyAoqILaPSoMYAV.html,5,2026-09-27T11:20:56.286214+00:00,individual,"Model: iPhone 14 Pro Max
Color: Purple
Storage: 256 GB
Battery Health: 85%
Variant: ZP
Face ID: OK
True Tone: OK
SIM: 1 eSIM & 1 Physical
Full box will be provided along with the cash memo.
Note: Opened due to a speaker problem, but it became okay after updating. Nothing has been changed."
Apple iPhone 14 Pro Max 256 GB Black,63500,Used,"Dhaka, Mirpur",1 day ago,https://bikroy.com/mirpur/mobile-phones/apple-iphone-14-pro-max-256-gb-black-494f5l6KBfzBX8zqwsffFtMu.html,4,2026-09-27T11:20:57.099886+00:00,individual,"Assalamu Alaikum, I am selling this phone due to my needs. 
Bought from Malaysia
Singapore version 
Nothing inside has been changed
Even if the backshell was changed, an original one was installed
You will get a lifetime warranty for the display green screen issue
For details you can call us on our WhatsApp
Thanks
+(whatsapp)"
Apple iPhone 17 Pro Max 256 GB Black,150000,Used,"Dhaka, Badda",28/08,https://bikroy.com/badda/mobile-phones/apple-iphone-17-pro-max-256-gb-black-as6wG8a1pMKfuB2eZe7fYtUK.html,4,2026-09-27T11:20:57.707441+00:00,individual,"iPhone 17 pro Max 
USA variant
Battery health 98%
Storage 256GB 
Negotiable just Kichu scratches and ekta Dent ache nothing else With Box"
Nothing Phone 3 512 GB White,58000,Used,"Dhaka, Baridhara",8 hours ago,https://bikroy.com/baridhara/mobile-phones/nothing-phone-3-512-gb-white-sO7lGwfpb7nF2hjcQGoOXcL.html,4,2026-09-27T11:20:58.424636+00:00,individual,"Nothing 3
Full fresh condition 
only device"
Apple iPhone 14 Pro Max 128 GB Gray,72000,Used,"Dhaka, Basabo",11/09,https://bikroy.com/basabo/mobile-phones/apple-iphone-14-pro-max-128-gb-gray-eTaO61PpHLiVmwqh4SDVobpR.html,5,2026-09-27T11:20:59.225482+00:00,individual,"Brand- Apple 
Model- 14 pro max
What you will get with the mobile
Box, charger, 2 good quality covers
The mobile has been used with great care.
BH- 75 Original Battery 
128 GB
HKG, MAC
Nothing of the mobile has been changed
Everything is original.
The mobile must be seen by coming in person.
Dakshin Gaon Road No. 2, Basabo"
Apple iPhone 16 Pro 256 GB Gray,105000,Used,"Dhaka, Lalbag",19/09,https://bikroy.com/lalbag/mobile-phones/apple-iphone-16-pro-256-gb-gray-kLEXl1oWK0M4uO0o8zO9Eg8R.html,3,2026-09-27T11:20:59.535706+00:00,individual,"Original Full Box Phone, never opened, nothing changed. I will provide all documents required. No dent, no single scratch, Battery health is 89%. Full fresh phone. Premium case and Screen protector will be provided"
New Apple iPhone 14 Pro Max 256 GB Purple,77999,Refurbished,"Dhaka, Kamrangirchar",22 hours ago,https://bikroy.com/kamrangirchar/mobile-phones/apple-iphone-14-pro-max-256-gb-purple-B7PR7v29030YWlwH3HlHeUXW.html,5,2026-09-27T11:21:00.247439+00:00,individual,"iPhone 14 Pro Max 256GB, battery health is 78, completely fresh with no problems, nothing has been opened, box is available, charger is available, memo is available. Anyone wanting to buy can contact this number 018XXXXXXXX"
Nothing Phone 4a Pro 256 GB Silver,56000,Used,"Dhaka, Savar",08/09,https://bikroy.com/savar/mobile-phones/nothing-phone-4a-pro-256-gb-silver-mxNL7Rulwpj1sy3wgpW9Ep8A.html,5,2026-09-27T11:21:00.881661+00:00,individual,"Purchased from Dazzle on July 30, 2026. Used for a short time, absolutely fresh condition.
8/256GB | Silver
 Phone price: ৳58,800
 Dazzle Care+: ৳4,110
 365 days Replacement Guarantee
 Original Memo, Box & Cable are available. Selling because I urgently need money.
 Asking price: ৳56,000 — slightly negotiable.
 Savar Cantonment
Only serious buyers please inbox 016XXXXXXXX"
Nothing Phone 4a Pro 256 GB Silver,58000,Used,"Dhaka, Savar",8 hours ago,https://bikroy.com/savar/mobile-phones/nothing-phone-4a-pro-256-gb-silver-rmUhiwYH5LofThyui6RIgSsR.html,5,2026-09-27T11:21:01.367421+00:00,individual,"Nothing 4A Pro | 8GB RAM + 256GB 
Premium Used Phone now at an attractive Offer Price! Smooth performance, stylish design, fresh condition 
 Muthophone Accessories. 2 E-195A, Level-5 (Lift-4), Sena Shopping Complex, Nabinagar, Savar, Dhaka
 Limited Stock | Order Now!
 
Facebook: MUTHOPHONE ACCESSORIES 2"
Apple iPhone 13 Pro 256 GB Gold,55000,Used,"Dhaka, Jatrabari",11/09,https://bikroy.com/jatrabari/mobile-phones/apple-iphone-13-pro-256-gb-gold-iN55ewCIkfSL4aA7MXoahoZh.html,5,2026-09-27T11:21:02.090400+00:00,individual,"Price Fixed
IPhone 13 Pro 256Gb Full Box
Color : Golden 
1 physical sim , 1 E sim 
Battery health : 91% (Original )
IOS version : Latest (26.5.2)
True Tone : ok 
Face ID : ok
Model number : MLQP3LL/A
Waterproof device 
Used with case 
IMel Matched Box available 
Charging cable and 20 adapter Available 
 everything original
Nothing repaired /Replace"
Apple iPhone 13 Pro Max 256 GB Bronze,57000,Used,"Dhaka, Mirpur",15 hours ago,https://bikroy.com/mirpur/mobile-phones/apple-iphone-13-pro-max-256-gb-bronze-kmSnhaBgDK2eBXmkh2PxUKd8.html,4,2026-09-27T11:21:02.591340+00:00,individual,"256
Battery Health 75%
Everything in the phone is original, nothing has been changed, comes with box and charger 
Location Mirpur 13"
Apple iPhone 15 Pro 128 GB Blue,78000,Used,"Dhaka, Mirpur",14/09,https://bikroy.com/mirpur/mobile-phones/apple-iphone-15-pro-128-gb-blue-rnhgE48T8MKBQFwZpni1KlN7.html,5,2026-09-27T11:21:03.264177+00:00,individual,"iPhone 15 Pro (UAE Variant)
Condition: Fresh & Original
Battery Health: 82%
Waterproof (Never opened / nothing changed)
No parts changed – 100% original
Storage: 128GB
Imported from abroad, still waterproof. Selling because I will upgrade to iPhone 16. Serious buyers only, please send a message."
Nothing Phone 4a Pro 256 GB White,58000,Used,"Dhaka, Tongi",16/09,https://bikroy.com/tongi/mobile-phones/nothing-phone-4a-pro-256-gb-white-5nxfL5dqdcNV84vmCXOcF3bo.html,5,2026-09-27T11:21:03.921756+00:00,individual,"Nothing phone 4a Pro 
With full box 
8/256 GB 
Only 25 days used 
No problem at all 
The phone size is becoming too big for me 
That's why I am selling it 
Location Uttara Dhaka"
Nothing Phone 3 256 GB White,59990,Used,"Dhaka, Jatrabari",8 hours ago,https://bikroy.com/jatrabari/mobile-phones/nothing-phone-3-256-gb-white-C0mmvXYHqOHqUq59V6eWvGDm.html,5,2026-09-27T11:21:04.654277+00:00,individual,"Condition: Full Fresh
RAM: 12GB, ROM: 256GB
Snapdragon 8s Gen 4
Battery: 5500mAh
Cash Memo available
Price: Fixed
(Jatrabari branch is closed every Monday)
Address: Dhaka, Jatrabari, Shahid Faruk Road, Taj-Tanvir Super Market, 2nd Floor, Shop Number: 10 (MobileHub)
#Instead of falling for scams by buying cheap products to save a few bucks, purchase the right product at the right price."
Nothing Phone 3a 128 GB White,33500,Used,"Dhaka, Savar",06/09,https://bikroy.com/savar/mobile-phones/nothing-phone-3a-128-gb-white-96CLFdj6MhmRxwVoZUrvg10P.html,5,2026-09-27T11:21:05.269836+00:00,individual,"একদম অথেন্টিক Nothing 3a খুঁজছেন?
Nothing 3a 8/128 
•Battery-5000 mh
Available
Book Now  ￼ 
Shop No- E/137 Level-5
Sena sopping complex."
Nothing Phone 3a Pro 256 GB Black,38500,Used,"Dhaka, Jatrabari",8 hours ago,https://bikroy.com/jatrabari/mobile-phones/nothing-phone-3a-pro-256-gb-black-tVwi3Yk0uYUSyZrUS1SZXcaA.html,4,2026-09-27T11:21:05.889224+00:00,individual,"আসসালামু আলাইকুম
Wellcome to Gadget Exchange BD
 
With cash memo
 7 Day's Replacement
 1 Year's service warranty without Parts
 Gadget Exchange BD 
দোকান নং,৬৭ (৩য় তলা)
বিক্রমপুর প্লাজা, জুরাইন রেলগেট ঢাকা-১২০৪"
Nothing Phone 1 128 GB Black,29000,Used,"Dhaka, Uttara",15/09,https://bikroy.com/uttara/mobile-phones/nothing-phone-1-128-gb-black-yFAng88VBi16L4d8PJtz9i8t.html,4,2026-09-27T11:21:06.667108+00:00,individual,"There are no problems. If anyone wants to exchange with an iPhone, please send a message."
Nothing Phone 2a 256 GB Black,27500,Used,"Dhaka, Jamuna Future Park",9 hours ago,https://bikroy.com/jamuna-future-park/mobile-phones/nothing-phone-2a-256-gb-black-a6Jqyq5jQNix6XNM645jgbfc.html,5,2026-09-27T11:21:07.305604+00:00,individual,"notging 2a 8/256gb all ok
super fresh condition available

🏃 আমাদের দোকান এ ভিজিট করুন 

 📍 Address :

     "" Appelink ""
     Shop No: 4C-021C1
       Block- C, Level- 4 
     Jamuna Future Park
(Samung customer care er pase
⏰Business Hour: 11:00AM-8:00PM
Whatsup number 016XXXXXXXX"
New Nothing Phone 2 256 GB White,38990,Brand New,"Dhaka, Uttara",1 day ago,https://bikroy.com/uttara/mobile-phones/new-nothing-phone-2-256-gb-white-3cbSLfBhi67ikmBQqgB6qPm6.html,5,2026-09-27T11:21:07.728787+00:00,individual,"Nothing phone 2
 12/ 256 GB, white
Never used ( Shop Display product )"
Nothing Phone 2a 128 GB White,25999,Used,"Dhaka, Jatrabari",8 hours ago,https://bikroy.com/jatrabari/mobile-phones/nothing-phone-2a-128-gb-white-aM2KLdGLDp9EDb3bQ4GY13L8.html,3,2026-09-27T11:21:08.347236+00:00,individual,"Jatrabari, Idris super market 
shop no 63"
Nothing Phone 4a 256 GB Black,49999,Used,"Dhaka, Jatrabari",2 hours ago,https://bikroy.com/jatrabari/mobile-phones/nothing-phone-4a-256-gb-black-4W6smJUi60e8v3GdezaspbQj.html,3,2026-09-27T11:21:09.062913+00:00,individual,"Nothing 4a.
Ram - 12 gb.
Rom - 256 gb.
Full box."
Nothing Phone 2a 128 GB White,25000,Used,"Dhaka, Uttara",17/09,https://bikroy.com/uttara/mobile-phones/nothing-phone-2a-128-gb-white-8CQ00q4tUnds4ZrbnEZ2NVQe.html,5,2026-09-27T11:21:09.766965+00:00,individual,"There are no problems with the phone, you can check everything before buying. I am selling it because of low storage, otherwise I wouldn't have sold it. Those who want to buy the phone must come and collect it."
New Nothing Phone 3a 256 GB White,30500,Brand New,"Dhaka, Jatrabari",1 day ago,https://bikroy.com/jatrabari/mobile-phones/new-nothing-phone-3a-256-gb-white-eJwuDpesSE2GEDWBrwK9ZEWO.html,5,2026-09-27T11:21:10.499236+00:00,individual,"Only phone, no box and charger with the phone. I can provide NID as security."
Nothing Phone 3a 128 GB Black,30000,Used,"Dhaka, Kamrangirchar",23/09,https://bikroy.com/kamrangirchar/mobile-phones/nothing-phone-3a-128-gb-black-wSgKIUL4rHNem2mFmvbBLPVH.html,5,2026-09-27T11:21:11.107102+00:00,individual,Only the top is slightly broken. It fell from a child's hand. No other problems. Box is included.
Nothing Phone 2 128 GB Black,30500,Used,"Dhaka, Dhanmondi",2 hours ago,https://bikroy.com/dhanmondi/mobile-phones/nothing-phone-2-128-gb-black-n8D1atT6ngddlZzNDHFWJbNd.html,3,2026-09-27T11:21:11.779467+00:00,individual,"Nothing Phone 2 for sale
8/128GB
Bought used from MBK, Bangkok, Thailand
Used very lightly
Only phone and NID
Location: Kalabagan Labaid Iconic Building (Google Maps)
Come down to the ground floor, sit, and check it before buying"
Nothing Phone 3a Lite 256 GB Blue,29990,Used,"Dhaka, Rampura",2 hours ago,https://bikroy.com/rampura/mobile-phones/nothing-phone-3a-lite-256-gb-blue-2WqjIYecNl7sLTNNx62mrbHn.html,4,2026-09-27T11:21:12.068890+00:00,individual,"Nothing 3a Lite  8+256GB As Like New
Only device and cash memo 
More information call 
Address: Molla Tower Shopping complex, Rampura, Dhaka. 
Opposite BTV centar 
3rd floor, shop no-406"
Nothing Phone 3a 128 GB Black,29500,Used,"Dhaka, Mohammadpur",23/09,https://bikroy.com/mohammadpur/mobile-phones/nothing-phone-3a-128-gb-black-tK92Gi8Yw877y9jsuALUU12a.html,5,2026-09-27T11:21:12.787955+00:00,individual,"Nothing Phone 3a
RAM-ROM: 8/128 GB
Camera is fully fresh.
Snapdragon 7s Gen 3 processor
Fully fresh device.
Not a single dent or scratch.
Great battery backup.
Anker charger, back cover, and cash memo will be provided."
New Nothing Phone 3a Pro 256 GB Black,40000,Brand New,"Dhaka, Mirpur",08/09,https://bikroy.com/mirpur/mobile-phones/new-nothing-phone-3a-pro-256-gb-black-GACIqZPVi5YNjgFhyVnTo8c.html,3,2026-09-27T11:21:13.345701+00:00,individual,নিতে চাইলে যোগাযোগ 017XXXXXXXX
New OnePlus Ace 2 256 GB Silver,30000,Brand New,"Rajshahi, Rajpara",03/07,https://bikroy.com/rajpara/mobile-phones/new-oneplus-ace-2-256-gb-silver-fkj6kLkcSrmn5FAeEpnjh37i.html,5,2026-09-27T11:21:14.210453+00:00,individual,"OnePlus
Model: Ace 2
RAM: 12/256
Full fresh new condition"
OnePlus 12R 256 GB Black,34500,Used,"Rajshahi, Shaheb Bazar",09/09,https://bikroy.com/shaheb-bazar/mobile-phones/oneplus-12r-256-gb-black-BE8PUoVVWBuSZW21wjeMA2zz.html,3,2026-09-27T11:21:14.717931+00:00,individual,"Oneplus 12R 
Ram 16 
Room 256
Battery health 92%
Locetion Rajshahi
Indean phone"
OnePlus 11 512 GB Black,35000,Refurbished,"Rajshahi, Boalia",13/08,https://bikroy.com/boalia/mobile-phones/oneplus-11-512-gb-black-8Fk5EfkhQkYXnUDV0VrhMtHc.html,5,2026-09-27T11:21:15.213556+00:00,individual,"Call only Wp & number aptX HD, Bluetooth 5.3, A2DP, LE, Corning Gorilla Glass Victus, Fingerprint, IP64 dust/water resistant, Stereo Speakers, USB Type-C 2.0, OTG"
OnePlus 12R 256 GB Black,33000,Used,"Rajshahi, Paba",01/08,https://bikroy.com/paba/mobile-phones/oneplus-12r-256-gb-black-wZ0bdwC5lJBly9TlpR5JBylJ.html,3,2026-09-27T11:21:15.914161+00:00,individual,"There is not even a slight problem, lamination is applied on the front and back. Price negotiation is not allowed at all."
OnePlus Nord 5 256 GB Purple,35000,Used,"Rajshahi, Kazla",20/09,https://bikroy.com/kazla/mobile-phones/oneplus-nord-5-256-gb-purple-a2K8j7lyIWvwID16ioRTlTmQ.html,4,2026-09-27T11:21:16.422218+00:00,individual,"OnePlus Nord 5\nIndian global (8/256)\nAll original all ok\nAmazing camera, you can check out my profile\nAwesome UI\nGreat battery backup, lasts 2 days with normal use. Heavy multitasking and gaming easily cover 8/9 hours.\nCondition looks like new"
OnePlus 13R 256 GB Black,44000,Used,"Rajshahi, Paba",12/09,https://bikroy.com/paba/mobile-phones/oneplus-13r-256-gb-black-BN1F0ojZujVJOr3INkZMR7NM.html,5,2026-09-27T11:21:16.896947+00:00,individual,"OnePlus 13R 12/256
Full fresh condition
Battery health 100%
(Only phone)
(Price fixed)"
OnePlus 12 /256 (Used),42999,Used,Rajshahi,6 hours ago,https://bikroy.com/rajshahi/mobile-phones/oneplus-12-256-used-bxePyFSvvMHrpbhRdjPDqfnq.html,3,2026-09-27T11:21:17.623329+00:00,individual,"Oneplus 12

16/ 256

Enjoy super condition 🔥🔥

7 days replacement guarantee ✅
1 year service warranty ✅

#exchange possible ✅

Our Address:
Smart Choice, Shop No. 211,
City center, Beside of Rajshahi College, Sonadigir mor Rajshahi

Call for any details:"
OnePlus 13s 256 GB Black,55000,Used,Rajshahi,6 hours ago,https://bikroy.com/rajshahi/mobile-phones/oneplus-13s-256-gb-black-Cbyscqr0tybDLDa2KA9rdghr.html,2,2026-09-27T11:21:18.375651+00:00,individual,"OnePlus 13s
12 256
Super condition
7 days replacement guarantee
1 year service warranty
#exchange possible
Our Address:
Smart Choice, Shop No. 211,
City Center, Beside Rajshahi College, Sonadigir Mor, Rajshahi
Call for any details"
OnePlus 13R 256 GB Black,43500,Used,"Rajshahi, Boalia",13/09,https://bikroy.com/boalia/mobile-phones/oneplus-13r-256-gb-black-6fUE0bHoVSgOpO7AQRW83Lji.html,5,2026-09-27T11:21:18.984121+00:00,individual,"You will get only the phone, no charger. There is not the slightest problem or scratch on the phone, you will get it completely fresh. Battery health 99%. Enjoy smooth performance along with a great camera and Snapdragon 8 Gen 3 processor. If anyone wants to buy, contact quickly. Price is almost fixed."
OnePlus 12R 256 GB Black,32000,Used,"Rajshahi, Paba",01/09,https://bikroy.com/paba/mobile-phones/oneplus-12r-256-gb-black-zec7w3QVQd5epd0EvRRbKhic.html,4,2026-09-27T11:21:19.447455+00:00,individual,ফুল ফ্রেশ। কোন ধরনের সমস্যা নাই। যতক্ষণ ইচ্ছা চালিয়ে দেখে নিবেন। ফুল বডি পলি করা আছে। শুধু ফোন আর সিকিউরিটি হিসেবে nid দেওয়া হবে।
OnePlus 11R 256 GB Blue,22000,Used,"Rajshahi, Court Station",1 day ago,https://bikroy.com/court-station/mobile-phones/oneplus-11r-256-gb-blue-x6kQiuJH1fe2oz8zQMD7R8S0.html,5,2026-09-27T11:21:19.940830+00:00,individual,"OnePlus 11R. The phone is in absolute new condition, you can check and take it, there are no problems with the phone"
OnePlus 7T Pro 256 GB Blue,25000,Used,"Rajshahi, Nawdapara",6 hours ago,https://bikroy.com/nawdapara/mobile-phones/oneplus-7t-pro-256-gb-blue-pO8nWB66aM7YLwSLCHnMXz42.html,4,2026-09-27T11:21:20.626541+00:00,individual,"Purchase: 2020.
Status: Official. (Lost the papers.)
Issues: Pop-up front camera and back ultra-wide camera do not work. Main shooter and telephoto are fine.
* Original price: 65,000 Taka.*
Condition: No major spots. Zero cracks. Case always used.
Box & Charger: Original box and charger available."
OnePlus Nord CE5 256 GB White,28000,Used,"Rajshahi, Shiroil",05/09,https://bikroy.com/shiroil/mobile-phones/oneplus-nord-ce5-256-gb-white-eT6J7oHbekmkmmt2PEcCaouj.html,5,2026-09-27T11:21:21.178385+00:00,individual,"OnePlus nord ce5 
Official 
8/256
Super fresh, looks like new"
OnePlus 12R 128 GB Black,28000,Used,"Rajshahi, Boalia",2 hours ago,https://bikroy.com/boalia/mobile-phones/oneplus-12r-128-gb-black-oAfMAc5XGKQupykyqck8csLO.html,5,2026-09-27T11:21:21.863688+00:00,individual,No issues of any kind. Never needed any repairs. Personally used phone. Absolutely no problems.
OnePlus 11R 256 GB Silver,24000,Used,"Rajshahi, Vodra",23/09,https://bikroy.com/vodra/mobile-phones/oneplus-11r-256-gb-silver-zQ8B5qdbkAu8tMRm5uKKZchi.html,5,2026-09-27T11:21:22.624307+00:00,individual,No repair history... 100-watt charger included. Battery health 86%.
OnePlus 11R 256 GB Black,26500,Used,"Rajshahi, Court Station",2 days ago,https://bikroy.com/court-station/mobile-phones/oneplus-11r-256-gb-black-xx0dzSPDc43g5ebJQP8K8360.html,4,2026-09-27T11:21:23.296193+00:00,individual,"Oneplus 11R
Main Ram 16GB
Rom 256 GB
Original 100W Oppo Brand Charger
Phone+100W Charger Cover"
OnePlus 12R 128 GB Gray,27000,Used,"Rajshahi, Rajpara",23/09,https://bikroy.com/rajpara/mobile-phones/oneplus-12r-128-gb-gray-eO8ksh2fNfb2VU61ZQU0Ctb0.html,3,2026-09-27T11:21:23.865347+00:00,individual,"OnePlus 12 r
 RAM/ROM: 8GB + 128 GB (battery health 90)
 Variant: Indian, bought from Chapai
Condition: Full Fresh 100%
Only Phone (no box/charger)
Price . Asking price 

 Location: Rajshahi

Security ID card will be provided."
OnePlus 11R 128 GB Gray,22000,Used,"Rajshahi, Paba",05/09,https://bikroy.com/paba/mobile-phones/oneplus-11r-128-gb-gray-2PwhiRkVjvz1AWBAaZkrYvbT.html,3,2026-09-27T11:21:24.474626+00:00,individual,"আপনি যদি OnePlus 11R 5G-এর কথা বলেন, তাহলে সংক্ষেপে বর্ণনা:
 OnePlus 11R 5G
ডিসপ্লে: 6.74 ইঞ্চি AMOLED, 120Hz রিফ্রেশ রেট
প্রসেসর: Qualcomm Snapdragon 8+ Gen 1
RAM: 8GB / 16GB
স্টোরেজ: 128GB / 256GB
রিয়ার ক্যামেরা: 50MP + 8MP + 2MP
সেলফি ক্যামেরা: 16MP
ব্যাটারি: 5000mAh
চার্জিং: 100W SUPERVOOC
নেটওয়ার্ক: 5G
সিস্টেম: Android OxygenOS"
OnePlus 11R 256 GB Blue,24500,Used,"Rajshahi, Godagari",08/09,https://bikroy.com/godagari/mobile-phones/oneplus-11r-256-gb-blue-u3gjNTPKjtBe0fd2HhS6Bup1.html,5,2026-09-27T11:21:25.158253+00:00,individual,"16GB ram 
256 GB ROM 
50 MP, f/1.8, 24mm (wide), 1/1.56"", 1.0μm, multi-directional PDAF, OIS
8 MP, f/2.2, 120 ̊ (ultrawide), 1/4.0"", 1.12μm
2 MP (macro)
Features	Color spectrum sensor, LED flash, HDR, panorama
Video	4K/60fps, 1080p/60/240fps, gyro-EIS
120Hz, HDR10+, 1450 nits (peak)
Size	6.74 inches,
Resolution	1240 x 2772 (~451"
OnePlus 11R 256 GB Black,26500,Used,"Rajshahi, Nawdapara",1 day ago,https://bikroy.com/nawdapara/mobile-phones/oneplus-11r-256-gb-black-5ICpR7J6AEA34XHsFlI0HN2q.html,4,2026-09-27T11:21:25.489259+00:00,individual,"I'm selling it to buy an iPhone.
There is no problem with the phone. 
Full fresh condition"
OnePlus 12R 128 GB Blue,25000,Used,Rajshahi,1 day ago,https://bikroy.com/rajshahi/mobile-phones/oneplus-12r-128-gb-blue-l0rniwPhO0uh6LlsXsu4DH2V.html,3,2026-09-27T11:21:26.181309+00:00,individual,"8/128 device
Oled Display changed 
Ekdom superrr display 90hz Original bazel  
5500mah battery"
OnePlus 11R 256 GB Black,28000,Used,"Rajshahi, Shaheb Bazar",6 hours ago,https://bikroy.com/shaheb-bazar/mobile-phones/oneplus-11r-256-gb-black-uqi8zxOGRdcfOQPsexSgHj7N.html,3,2026-09-27T11:21:26.770944+00:00,individual,"Oneplus 11r, 16 / 256 GB. Super condition. Enjoy a 7-day replacement guarantee and 1-year service warranty. #exchange possible. Our Address: Smart Choice, Shop No. 211, City Center, Beside Rajshahi College, Sonadighi Mor, Rajshahi. Call for any details:"
OnePlus 12R 128 GB Black,26000,Used,"Rajshahi, Shaheb Bazar",3 hours ago,https://bikroy.com/shaheb-bazar/mobile-phones/oneplus-12r-128-gb-black-kypUmbjN6Ldgkaml8DaADtai.html,4,2026-09-27T11:21:27.592321+00:00,individual,Selling because money is needed
OnePlus 12R 128 GB Blue,29000,Used,"Rajshahi, Chhota Banagram",31/08,https://bikroy.com/chhota-banagram/mobile-phones/oneplus-12r-128-gb-blue-Yf7Fi8akXM8Fbq7bBdYBWmd.html,3,2026-09-27T11:21:28.122038+00:00,individual,"ফোনের ব্যাকশেল ফাটা।
এছাড়া ফোনে কোন সমস্যা নেই।
লোকেশন শালবাগান পাওয়ার হাউজ মোড়। সাথে অরজিনাল একটি ফাস্ট সুপারবক চার্জার দেয়া হবে। ক্যাশ মেমো আছে। কিনা দাম ছিল ৩৫ হাজার ৫০০।
বিক্রি দাম ২৯০০০"
OnePlus 13 256 GB Blue,68000,Used,"Chattogram, Oxygen",07/08,https://bikroy.com/oxygen/mobile-phones/oneplus-13-256-gb-blue-uhu1Fn06okWg0bVnRFCoGvLd.html,5,2026-09-27T11:21:28.821733+00:00,individual,"OnePlus 13 (Global Version)
Used: 8 Months
Condition: Excellent (One-Hand Use)
Battery Health: 97%
No Damage / No Issues
Overall Condition: 10/10 – Everything perfectly
What's Included:
Full Box
Original Charger
2 Mobile Covers (Free)"
OnePlus 15 256 GB White,88000,Used,"Chattogram, Chawkbazar",5 hours ago,https://bikroy.com/chawkbazar/mobile-phones/oneplus-15-256-gb-white-pl1reY905NpdBohOQb1qvLIh.html,3,2026-09-27T11:21:29.232800+00:00,individual,"Oneplus 15
12/256
Full Boxed
with Charger"
OnePlus 13s 256 GB Green,65000,Used,"Chattogram, Halishahar",27/07,https://bikroy.com/halishahar/mobile-phones/oneplus-13s-256-gb-green-6i0VeIAFvsdsvUsIkzYw1mFA.html,3,2026-09-27T11:21:29.947682+00:00,individual,"12/256, brand new condition. 100% Battery Health."
New OnePlus Nord 6 512 GB Black,70000,Brand New,"Chattogram, Chawkbazar",5 hours ago,https://bikroy.com/chawkbazar/mobile-phones/new-oneplus-nord-6-512-gb-black-rOv3lyxvBHhlLyKlP6ooyNAt.html,3,2026-09-27T11:21:30.531165+00:00,individual,"OnePlus Nord 6
12/512GB
It's new and sealed pack."
New OnePlus 15 256 GB Black,80000,Brand New,"Chattogram, Chandanaish",02/09,https://bikroy.com/chandanaish/mobile-phones/new-oneplus-15-256-gb-black-rn0AHzpB07ct2YjotNlp0OzO.html,3,2026-09-27T11:21:31.301659+00:00,individual,Get a brand new device complete with its full box and charger! Experience like-new longevity with a battery cycle count of only 22 times.
OnePlus 15 512 GB Black,97000,Used,"Chattogram, Kotwali, Chattogram",30/08,https://bikroy.com/kotwali/mobile-phones/oneplus-15-512-gb-black-s3XwSdMjMJfYUDxWtmkLm89d.html,5,2026-09-27T11:21:31.984337+00:00,individual,"Ekdom fresh, 6month used, official warranty,  24-02-2027 porjonto official warranty active thakbe with charging adaptor include in same official warranty 🙂
Kohinoor city One pluser official outlet theke buy kora hoyechilo

Brand	:OnePlus
Model	15 (16GB/512GB)"
New OnePlus 128 GB Black,41000,Brand New,"Chattogram, Chawkbazar",5 hours ago,https://bikroy.com/chawkbazar/mobile-phones/new-oneplus-128-gb-black-e0B33vLLj5Ngrys7ozNScU7f.html,3,2026-09-27T11:21:32.298529+00:00,individual,"OnePlus Nord CE6
8/128
Brand New"
OnePlus 10R 128 GB Green,25000,Used,"Chattogram, Lalkhan Bazar",1 day ago,https://bikroy.com/lalkhan-bazar/mobile-phones/oneplus-10r-128-gb-green-z34ovewH4jlnFItkABWhQDyg.html,4,2026-09-27T11:21:33.036560+00:00,individual,Box and charger will be provided
OnePlus 11R 256 GB Black,28500,Used,"Chattogram, Hathazari",1 hour ago,https://bikroy.com/hathazari/mobile-phones/oneplus-11r-256-gb-black-B42dlC7yKfuyBtPGcsBRLkTX.html,5,2026-09-27T11:21:33.578220+00:00,individual,"OnePlus 11R 5G set full fresh and all ok, 16GB RAM, 256GB ROM, 50+8+2+16 camera, 5000mAh battery with good backup, fast display fingerprint, powerful Snapdragon 8+ Gen 1 (4 nm) processor, 120Hz refresh rate, full gaming phone. Nothing comes with the set but 1000% security can be provided. You can take it from my home if you want. The set has not been opened or repaired yet, inbox me."
OnePlus 13R 512 GB Silver,48500,Used,"Chattogram, Rangunia",06/09,https://bikroy.com/rangunia/mobile-phones/oneplus-13r-512-gb-silver-BimuH69fH5QsfdfOPj4P3Fbh.html,4,2026-09-27T11:21:34.020940+00:00,individual,"*Device , Cover & Charger will be given.
 16GB RAM + 512GB Storage — Power & Storage-এর দিক থেকে একদম beast!
 Location: Rangunia thanar pashe,Rowajarhat rangunia upazilla."
OnePlus 12 R Indian version (Used),31500,Used,"Chattogram, Chawkbazar",22/04,https://bikroy.com/chawkbazar/mobile-phones/oneplus-12-r-indian-version-used-f0lUDg20BYWtIc9Ot6HPDNGj.html,5,2026-09-27T11:21:34.397100+00:00,individual,"ONEPLUS 12R 16/256 GB BH 94%
CONDITION 98% FRESH 
EXCHANGE POSSIBLE BUT GAMING PHONE 8GEN 3 CHIPSET MUST BE ,, 
ADD ONLY 100W CHARGER 
Price almost fixed, 
There is no problem with the mobile. I want to buy a gaming phone like - iqoo 12 or 13
-"
OnePlus 9R 256 GB,25000,Used,"Chattogram, Satkania",24/09,https://bikroy.com/satkania/mobile-phones/oneplus-9r-256-gb-iziuG3ZwPIU5dupKy0mm9uJp.html,4,2026-09-27T11:21:35.137932+00:00,individual,"Only the display needs to be changed, everything else is fine.
You can check everything as you wish, original charger is available, fresh condition box cash memo all are available."
OnePlus 256 GB Gray,36000,Used,"Chattogram, Oxygen",12/09,https://bikroy.com/oxygen/mobile-phones/oneplus-256-gb-gray-eAAzpFBYbqdn6kTx1LQzeR4.html,5,2026-09-27T11:21:35.683485+00:00,individual,"OnePlus Nord 5 (8/256)... full fresh... No dents, spots & problems... full body laminated... you can check and take... brought from India... used for about 6 months..."
New OnePlus 15R 512 GB Green,54000,Brand New,"Chattogram, Pahartali",19/09,https://bikroy.com/pahartali/mobile-phones/new-oneplus-15r-512-gb-green-b3r06mrmEh2y1D8GveAPyMJa.html,4,2026-09-27T11:21:36.367198+00:00,individual,"Only set
Set all ok 
Must be location aste hobe"
OnePlus 9RT 5G 128 GB Black,29000,Used,"Chattogram, Halishahar",19/09,https://bikroy.com/halishahar/mobile-phones/oneplus-9rt-5g-128-gb-black-fcM7T66Ck59S9ikJ8AtfeMTf.html,4,2026-09-27T11:21:36.816027+00:00,individual,"1. You can check the mobile thoroughly before purchasing.
2. The power button and volume buttons of the mobile work a bit less.
3. Both the box and charger of the mobile are available.
4. It has been used for 1.5 years.
5. You must come to the location.
Location - Eidgah kancha rasta, Rupsa bakery."
OnePlus 13R 256 GB Silver,45000,Used,"Chattogram, Agrabad",16/09,https://bikroy.com/agrabad/mobile-phones/oneplus-13r-256-gb-silver-7Yf0PMWKt54pimRPDmkXpjI.html,5,2026-09-27T11:21:37.246048+00:00,individual,"Oneplus 13r 12gb 256gb set 100% fresh 99% battery health all over fresh set, lamination and tempered glass applied, cash memo and cover will be provided"
OnePlus 11 256 GB,34000,Used,"Chattogram, Lohagara",14/09,https://bikroy.com/lohagara/mobile-phones/oneplus-11-256-gb-1114NcoHB5MSnn03ZRt52YN9.html,3,2026-09-27T11:21:38.031020+00:00,individual,Oneplus 11
OnePlus 10R 128 GB Black,21000,Used,"Chattogram, Agrabad",6 hours ago,https://bikroy.com/agrabad/mobile-phones/oneplus-10r-128-gb-black-hly0Kltnth5XkyXPdxEvwGrX.html,3,2026-09-27T11:21:38.544962+00:00,individual,"Set in fully fresh condition
200% OK
All parts 100% original
RAM 8+128
With original charger
The performance of the set is very good"
OnePlus 12 512 GB,55000,Used,"Chattogram, Patenga",23/09,https://bikroy.com/patenga/mobile-phones/oneplus-12-512-gb-nhKNdGGQbBfWCnAxOFugpk0L.html,3,2026-09-27T11:21:39.129434+00:00,individual,"Battery Health 97%,,
Case Mamo + Life time Display Service Warranty,
With Charger,,"
OnePlus 13 256 GB White,59000,Used,"Chattogram, Kajir Dewry",31/08,https://bikroy.com/kajir-dewry/mobile-phones/oneplus-13-256-gb-white-5aySVHHSIYeptabWxUjBQ74h.html,3,2026-09-27T11:21:39.746637+00:00,individual,"Phone is in totally fresh condition with no scratches.
Only the device, a few covers, and the cash memo are included.
The device is the Global Variant."
OnePlus 13s 256 GB Black,54000,Used,"Dhaka, Jatrabari",5 hours ago,https://bikroy.com/jatrabari/mobile-phones/oneplus-13s-256-gb-black-7CLo9mFzgZPlI2kPKJ6h2RV8.html,4,2026-09-27T11:21:40.527798+00:00,individual,"Oneplus 13s (12-256) full fresh condition 
Memo available 
Location: Dhaka Jurain Bikrampur Plaza. Level-3. Shop-42
Call. WhatsApp 019XXXXXXXX"
OnePlus 15 256 GB Black,82990,Used,"Dhaka, Shyamoli",5 hours ago,https://bikroy.com/shyamoli/mobile-phones/oneplus-15-256-gb-black-gbk2XF8YvCtEyqOhu6u4ShMY.html,3,2026-09-27T11:21:41.216772+00:00,business,"OnePlus 15 12/256 
 99% Customised Global 
 Condition: Full Box | Intact Conditions
  EXCHANGE POSSIBLE
 100% Authentic Product
 EMI Facility (on cards of 36 banks)
 Cash On Delivery Nationwide
⸻
 Shop Location:
Phone-e
Shop No: 573, Level-5
Shyamoli Square Shopping Mall, Dhaka"
OnePlus 15 256 GB White,87000,Used,"Dhaka, Baridhara",8 hours ago,https://bikroy.com/baridhara/mobile-phones/oneplus-15-256-gb-white-d7b2JnypLwzOjR4xaqnuSgoM.html,4,2026-09-27T11:21:41.641260+00:00,individual,"one plus 15
Custom Global 
full box 
full fresh condition"
OnePlus 15 256 GB Graphite,78000,Used,"Dhaka, Jamuna Future Park",07/09,https://bikroy.com/jamuna-future-park/mobile-phones/oneplus-15-256-gb-graphite-cZaPDl6bwiYnbaAWmZYuNUGS.html,4,2026-09-27T11:21:42.336593+00:00,individual,Onepluss 15 12/256 gb fresh condition with box charger
OnePlus 12 512 GB Green,53500,Used,"Dhaka, Ramna",23/09,https://bikroy.com/ramna/mobile-phones/oneplus-12-512-gb-green-cCFJeTYRCxqff0CYA1bV6C4S.html,3,2026-09-27T11:21:43.051910+00:00,individual,"Battery Health - 94%

Body Full Fresh. No Scratch Dent. Never Opened.

Box + Cash Memo + Cable + 4 Unique Cover Cases

Only bottom speaker does not work.. No other issue.

Price Slightly Negotiable

Body is completely fresh. Used with a protector since the day of purchase. Selling because I use an iPhone as my primary phone."
OnePlus Nord 6 256 GB Black,52490,Used,"Dhaka, Shyamoli",6 hours ago,https://bikroy.com/shyamoli/mobile-phones/oneplus-nord-6-256-gb-black-glOLKjl7mRJM4jfhOiQ07eDf.html,5,2026-09-27T11:21:43.709528+00:00,business,"#OnePlus_Nord_6 8/256

100% | Charging Cycle: 08
Condition: Full Box | Intact conditions
Indian Official Warranty Available

⸻
EXCHANGE AVAILABLE
100% Authentic Product
⸻
EMI Facility (Available on cards from 36 banks)
⸻
Cash On Delivery Nationwide
⸻
Shop Location:
Phone-e
Shop No: 573, Level-5
Shyamoli Square Shopping Mall, Dhaka"
New OnePlus 256 GB,62999,Brand New,"Dhaka, Bashundhara City",8 hours ago,https://bikroy.com/bashundhara-city/mobile-phones/new-oneplus-256-gb-ppsVFtWgCSk3YKQt0BV1LjAo.html,2,2026-09-27T11:21:44.485900+00:00,individual,"10-day replacement guarantee
 2-year service warranty
 Fast and secure courier service across the country
 Attractive exchange offers available
 Emon Gadget Point
Basement-1, Shop-84
Bashundhara City Shopping Mall"
OnePlus 15R 256 GB Green,62999,Used,"Dhaka, Savar",23/09,https://bikroy.com/savar/mobile-phones/oneplus-15r-256-gb-green-5AoDuKRh6hnRvdbu1LSPgIsv.html,4,2026-09-27T11:21:45.031529+00:00,individual,"I bought this mobile phone last month, brand new, seal-packed, and unactivated. The charging cycle is just 18. Battery health is 100%. Those who are looking to buy a new one can check this out; buying this is the same as buying a new one. It comes with an original Nillkin back cover, which has a market value of around 1000 BDT. I have also applied a SmartDevil screen protector, which has a market value of 700 BDT."
OnePlus 11 256 GB Black,45000,Used,"Dhaka, Uttara",05/09,https://bikroy.com/uttara/mobile-phones/oneplus-11-256-gb-black-b7W0VkQiRlbkIJSjDi9FydEV.html,3,2026-09-27T11:21:45.565047+00:00,individual,ফোনটি আমি কিছুদিন আগে কিনেছিলাম। এখন জরুরি টাকার প্রয়োজন তাই মোবাইলটি বিক্রি করতে চাচ্ছি।
New OnePlus 15 512 GB White,92000,Brand New,"Dhaka, Motijheel",18/09,https://bikroy.com/motijheel/mobile-phones/new-oneplus-15-512-gb-white-3HMBMUkvwNMC7T7grnu6DLyU.html,5,2026-09-27T11:21:46.030479+00:00,individual,"One Plus 15
One Of The Best Flagship
Phone 2026
Indian Global 
Battery Health 100%
99% fresh And Clean 
Warranty Available 7/8 Month 
Ram Rom 16/512 GB,
7300 Big Battery life Almost
12 Hours Plus,
68/69/69k Highest Waterproof,
50/50/50 Flagship Camera
120× Optical Zoom,
More Details About Phone Please Check Google"
OnePlus 10T 256 GB Green,45000,Used,"Dhaka, Mohakhali",23/09,https://bikroy.com/mohakhali/mobile-phones/oneplus-10t-256-gb-green-3JyDYwjTILuTDL4lF8pThAV2.html,5,2026-09-27T11:21:46.700838+00:00,individual,"Full OK new condition 
No problems with the phone 
Comes with original 100W charger"
OnePlus Nord 6 256 GB Silver,49999,Used,"Dhaka, Mirpur",18/09,https://bikroy.com/mirpur/mobile-phones/oneplus-nord-6-256-gb-silver-WvbRRmFdkJ7k75zMs4ty6na.html,5,2026-09-27T11:21:47.441143+00:00,individual,"OnePlus Nord purchased from Jamuna Future Park on this date. The phone has no issues, scratches, or dents. Charging cycle is only 45 times and battery health is 100%.
Original charger, cable, memo, and lifetime security papers can be provided. Exchange is not possible.
**(Price Fixed)**
Location: Army Camp, Puraton Banijya Mela Math, Zia Uddan, Sher-e-Bangla Nagar, Dhaka"
OnePlus 15R 512 GB Black,55000,Used,"Dhaka, Mirpur",30/08,https://bikroy.com/mirpur/mobile-phones/oneplus-15r-512-gb-black-xtZXPjtbdfjG3i1i5atQoGLq.html,5,2026-09-27T11:21:48.021933+00:00,individual,"• হালকা কিছু rash/ব্যবহারের দাগ আছে
• সবসময় cover ব্যবহার করা হয়েছে
• Overall very good condition
📦 Original 65W OnePlus Genuine Adapter Included ⚡
🧾 Purchase: Jamuna Future Park
✅ Original Purchase Invoice Available
📍 Location: Mirpur, Kazipara
💎 Premium Device • Genuine Invoice • Genuine Adapter"
New OnePlus 15R 256 GB,67499,Brand New,"Dhaka, Bashundhara City",9 hours ago,https://bikroy.com/bashundhara-city/mobile-phones/new-oneplus-15r-256-gb-jH8JFKtmwzXfcpNFHIOC4fb3.html,3,2026-09-27T11:21:48.772562+00:00,individual,"10-day replacement guarantee
 2-year service warranty
 Safe courier facility across the country
 Attractive exchange offers
 Basement-1, Shop-84, Bashundhara City Shopping Mall
 Prices are subject to change. Please contact us on WhatsApp before visiting."
OnePlus 7 Pro 256 GB Blue,19000,Used,"Dhaka, Mohakhali",15/09,https://bikroy.com/mohakhali/mobile-phones/oneplus-7-pro-256-gb-blue-gmD1yy6EKGKHJo506duDsAEa.html,5,2026-09-27T11:21:49.498914+00:00,individual,"There are no issues with the phone. It is providing very good service. There are slight scratches. Note: As security, you can take a NID copy and match the IMEI. Whichever you prefer can be provided. With 8GB RAM and 256GB ROM, you will surely get a very smooth performance."
OnePlus Nord 2 5G 256 GB Blue,21500,Used,"Dhaka, Jatrabari",8 hours ago,https://bikroy.com/jatrabari/mobile-phones/oneplus-nord-2-5g-256-gb-blue-8wTnLazbCXuVwp7OsL2YOkrd.html,3,2026-09-27T11:21:50.118618+00:00,individual,"Condition: OnePlus Nord 2 5G
RAM: 12GB ROM: 256GB
Cash memo + Box + Adapter
Address: Dhaka Jatrabari, Shahid Faruk Road, Taz-Tanvir Super Market, 2nd Floor, Shop Number: 10 (MobileHub)
*Instead of getting cheated by buying cheap products to save some money, buy the right product at the right price,
Please do not call for bargaining."
OnePlus Nord 3 128 GB,19000,Used,"Dhaka, Savar",23/09,https://bikroy.com/savar/mobile-phones/oneplus-nord-3-128-gb-bjxFlr9YAi9O5ODDERAfpafR.html,5,2026-09-27T11:21:50.827233+00:00,individual,"Good phone, has a slight scratch which is shown in the picture, please check it. No problem at all. You will get the box with it. Flagship processor Dimensity 9000. RAM 8GB ROM 128GB. Location Savar"
OnePlus Nord CE4 128 GB,22500,Used,"Dhaka, Jatrabari",8 hours ago,https://bikroy.com/jatrabari/mobile-phones/oneplus-nord-ce4-128-gb-xgINrUQsdZhQqlyi9Fzz0ZhF.html,4,2026-09-27T11:21:51.541956+00:00,individual,"Assalamu Alaikum
Welcome to Gadget Exchange BD
 
 All perfect working
 Buying/selling and exchange means Gadget Exchange BD
 Come to our shop to get 100% genuine products
 With cash memo
 7 Days Replacement
 1 Year service warranty without Parts
 Gadget Exchange BD 
Shop No. 67 (3rd Floor)
Vikrampur Plaza, Jurain Railgate, Dhaka-1204"
OnePlus Nord CE4 128 GB Green,21000,Used,"Dhaka, Motijheel",04/09,https://bikroy.com/motijheel/mobile-phones/oneplus-nord-ce4-128-gb-green-ySZHzi0U2vT4isn5INGWCiAZ.html,4,2026-09-27T11:21:52.169214+00:00,individual,"ফোনে কোন সমস্যা নাই ফুল ফ্রেশ একদম, ৯৩% বেটারি হেলথ, ফোনে কোন স্ক্রেচ বা ডেন্ট নাই, ফ্রেমের হালকা রঙ উঠে গেছে কাভার ছাড়া উইজ করতাম তাই, এছাড়া কোন সমস্যা বা ইন্টার্নাল ইস্যু পাইলে আসা যাওয়ার ভাড়া দিয়ে দেওয়া হবে.
অনলি ফোন সিকিউরিটির জন্য NID এর কপি দেওয়া হবে, উলটা পালটা দাম না বলে ইগ্নোর করুন,  সিরিয়াস বায়াররাই নক দিন"
OnePlus Nord CE5 256 GB White,35000,Used,"Dhaka, Savar",20/09,https://bikroy.com/savar/mobile-phones/oneplus-nord-ce5-256-gb-white-zpM4xzd7k22pXynntOUSJkY4.html,4,2026-09-27T11:21:52.869227+00:00,individual,"Official OnePlus Nord CE5 5G (8/256GB) set for sale. Completely fresh condition—no marks, spots, scratches, or scuffs. There is not the slightest issue with the phone; the display, camera, touch, speaker, and charging are all fine. Used with great care. Bought for 35,000 Taka before Eid. The price has increased currently. Selling because I need money."
OnePlus Ace 2V 256 GB Gray,25000,Used,"Dhaka, Motijheel",01/09,https://bikroy.com/motijheel/mobile-phones/oneplus-ace-2v-256-gb-gray-18BJKBqQX7HzG2IVeOA7N6cr.html,4,2026-09-27T11:21:53.348702+00:00,individual,"ফোন এখনো পর্যন্ত খোলা হয় নাই। একদম নতুন আছে সামনে পিছনে full fresh আছে শুধু কভার ব্যবহার করার জন্য সাইটে হালকা দাগ আছে। gaming এর জন্য বেষ্ট একটা ফোন . সাথে ৬৫ charger আছে শুধু . বিপদে পড়ে বেচতাছি ফোন এ কোন সমস্যা নাই।
Prosesor.. Diamondcity 9000
Ram..12+12
Rom... 256"
OnePlus 9 Pro 256 GB Green,28900,Used,"Dhaka, Mirpur",5 hours ago,https://bikroy.com/mirpur/mobile-phones/oneplus-9-pro-256-gb-green-9TrbSL9P0DebXCGa2itsv8KD.html,5,2026-09-27T11:21:54.033400+00:00,individual,"OnePlus 9pro 12/256GB International Global Variant.
All Authentic Original Parts.
Kono Problem nai, All Okay.
Super Fast Mobile, Super Camera
Dhaka Mirpur Pallabi Notun thana"
OnePlus 9RT 5G 256 GB Green,25000,Used,"Dhaka, Dhanmondi",08/09,https://bikroy.com/dhanmondi/mobile-phones/oneplus-9rt-5g-256-gb-green-uYznLe88USc9GRmmUCBcQvNF.html,5,2026-09-27T11:21:54.631285+00:00,individual,"Original charger 
Box 
Kono problem nai
Fresh condition"
OnePlus Nord CE4 Lite 256 GB Silver,21000,Used,"Dhaka, Jatrabari",05/09,https://bikroy.com/jatrabari/mobile-phones/oneplus-nord-ce4-lite-256-gb-silver-b4355IJ8ERhHvV8kRQqtDANc.html,3,2026-09-27T11:21:55.224951+00:00,individual,"Oneplus north ce4 lite 5g phone 

৯ মাস ব্যাবহার করা হইছে
অফিসিয়াল ফোন 
বক্স চার্জার সব কিছুই ফ্রেস আছে 
কোন প্রকার সমস্যা নাই 

ফোন একেবারে নতুনের মতোই আছে 
কোন প্রকার সমস্যা নাই 

জরুরি টাকার প্রয়োজনে বিক্রি করা হবে 

কিনতে চাইলে এসে দেখে কিনতে পারবেন 
আমার দোকান মদি দোকান আছে শনির আখরা শেখদি এরশাদুল সরখ"
OnePlus Nord CE 3 Lite 5G 128 GB Purple,19000,Used,"Dhaka, Dhanmondi",21/09,https://bikroy.com/dhanmondi/mobile-phones/oneplus-nord-ce-3-lite-5g-128-gb-purple-dCeE0nkbQ880hqnhzUuJkcZ7.html,3,2026-09-27T11:21:55.866375+00:00,individual,"Absolute fresh condition, bought in 2023, no problems with the mobile."
OnePlus Nord CE4 Lite 256 GB Blue,21500,Used,"Dhaka, Savar",2 hours ago,https://bikroy.com/savar/mobile-phones/oneplus-nord-ce4-lite-256-gb-blue-ifHbo7uVW1Enf0Hfc5v2U1Il.html,5,2026-09-27T11:21:56.450524+00:00,individual,"[Exchange Bazar Showroom]
1+ nord ce 4 lite 8/256gb
2 years service warranty 15 days replacement guarantee.
 
Nabinagar Sena Shopping Complex,
5th Floor, Shop No-E-142,143
Nabinagar Savar Dhaka.
Only device+Cash memo+warranty.
Contact 016XXXXXXXX"
OnePlus 11R 512 GB Red,26500,Used,"Dhaka, Jatrabari",8 hours ago,https://bikroy.com/jatrabari/mobile-phones/oneplus-11r-512-gb-red-oQHtKU60odRxxGjrjkG3Yz2V.html,4,2026-09-27T11:21:56.920541+00:00,individual,"Condition:Full Fresh Body Unfresh Slightly
Ram:18GB Special Edition
Rom:512GB
Amoled Display 
Snapdragon 8+ Gen 1
Price:Fixed
(যাত্রাবাড়ী আমাদের সাপ্তাহিক বন্ধ সোমবার) 
ঠিকানা:ঢাকা যাত্রাবাড়ী, শহীদ ফারুক রোড, তাজ-তানভীর সুপার মার্কেট, ২য় তলা, দোকান নাম্বার:১০ (MobileHub)"
OnePlus 11R 128 GB Black,25000,Used,"Dhaka, Savar",8 hours ago,https://bikroy.com/savar/mobile-phones/oneplus-11r-128-gb-black-zWYWLhO9fwRivZ159G65436T.html,5,2026-09-27T11:21:57.686784+00:00,individual,"Display: 6.74"" amoled, 120hz
processor: snapdragon 8+ gen 1
camera: 50mp + 8mp + 2mp, front 16mp
battery: 5000mah
charging: 100w supervooc
ram/storage: 8gb ram, 128gb storage
5g: available
os: android"
Xiaomi Redmi Note 15 Pro+ 512 GB Black,42000,Used,"Rajshahi, Shaheb Bazar",14/09,https://bikroy.com/shaheb-bazar/mobile-phones/xiaomi-redmi-note-15-pro-512-gb-black-1g84IXGfBbz12jwf83hj48Cl.html,4,2026-09-27T11:21:58.245011+00:00,individual,"Model : Redmi Note 15 pro plus 5g 
Ram : 16 Gb / Rom : 512 Gb 
Battery Health : 99% 
Used : 6 months 
Condition : Full fresh 100% 
Box and Charger are available -/ China Variant"
New Xiaomi Redmi Turbo 5 Max 256 GB White,52000,Brand New,"Rajshahi, Kazihata",17/09,https://bikroy.com/kazihata/mobile-phones/new-xiaomi-redmi-turbo-5-max-256-gb-white-ilYJdOW4H3a3gxDJ2NnetvyC.html,4,2026-09-27T11:21:58.979914+00:00,individual,"Purchased on September 2, 2026, full fresh, battery health 100%, battery count was given around 26 times. The reason for selling the phone is I will shift from a Chinese ROM to another flagship ROM."
Xiaomi Poco F7 256 GB White,37000,Used,"Rajshahi, Kadirgonj",6 hours ago,https://bikroy.com/kadirgonj/mobile-phones/xiaomi-poco-f7-256-gb-white-hfw0oIt1KU2pcsIBmoY4NLTZ.html,5,2026-09-27T11:21:59.532401+00:00,individual,"Assalamu Alaikum Warahmatullahi Wabarakatuh
Fresh condition
📦 Box: Only Device
🧾 Cash Memo: Available
🔁 Replacement Guarantee: Up to 7 days (subject to conditions)
Location: Rajshahi Kadirganj Chalpatti, beside Large Farmer, behind Shopnochura Plaza, behind Nagar Bhaban.
🏪 Shop No: 123 - Ground Floor beside the lift
🏬 Shop Name: Rajshahi Mobile Bari 019XXXXXXXX"
Xiaomi Redmi Note 13 Pro+ 256 GB White,28000,Used,"Rajshahi, Court Station",06/09,https://bikroy.com/court-station/mobile-phones/xiaomi-redmi-note-13-pro-256-gb-white-w6nkvfxESFjDdNLEvJ2toQR8.html,5,2026-09-27T11:21:59.949192+00:00,individual,টাকার দরকার তাই ফোন বিক্রি করছি
Xiaomi Redmi Turbo 4 Pro 256 GB Black,34999,Used,"Rajshahi, Hatemkha",19/09,https://bikroy.com/hatemkha/mobile-phones/xiaomi-redmi-turbo-4-pro-256-gb-black-scv8R2P7tZxe57Ubzcz19btn.html,3,2026-09-27T11:22:00.459929+00:00,individual,Battery health 98% brand new condition no scratch with box and original charger
Xiaomi Redmi Turbo 4 256 GB Blue,35000,Used,"Rajshahi, Nawdapara",08/09,https://bikroy.com/nawdapara/mobile-phones/xiaomi-redmi-turbo-4-256-gb-blue-d4vpq2VJxd6iiszVJ9Yp6Fcv.html,4,2026-09-27T11:22:01.103978+00:00,individual,"Redmi Turbo 4 
16/256
 BH Health 94%
Super fresh condition 
No scratches or dents
No repair history 
Full box available"
Xiaomi Redmi Note 15 Pro+ 256 GB Silver,35000,Used,"Rajshahi, Boalia",04/09,https://bikroy.com/boalia/mobile-phones/xiaomi-redmi-note-15-pro-256-gb-silver-dwzp36PX9NTRHVEpowKH5Kbs.html,4,2026-09-27T11:22:01.730803+00:00,individual,"একদম নতুন কন্ডিশন । 
মেমো দেওয়া হবে ।
 যোগাযোগ 016XXXXXXXX 015XXXXXXXX"
Xiaomi Redmi Turbo 4 Pro 256 GB Black,39000,Used,"Rajshahi, Kadirgonj",23/09,https://bikroy.com/kadirgonj/mobile-phones/xiaomi-redmi-turbo-4-pro-256-gb-black-dxSRDWgy53SzcfPV8iw4l7Ud.html,4,2026-09-27T11:22:02.519670+00:00,individual,"Redmi turbo 4 pro
All fresh condition
256GB/12GB Ram"
Xiaomi 12 128 GB Purple,35500,Used,"Rajshahi, Bagmara",22/09,https://bikroy.com/bagmara/mobile-phones/xiaomi-12-128-gb-purple-a6UgQ2PYvNLhnfSlld9Ufbx7.html,3,2026-09-27T11:22:03.030375+00:00,individual,"Full fresh, no issues."
Xiaomi Redmi Note 14 Pro+ 256 GB Black,28500,Used,"Rajshahi, Court Station",20/09,https://bikroy.com/court-station/mobile-phones/xiaomi-redmi-note-14-pro-256-gb-black-s4Ggj7xyStkVRs3JSFrFYhBo.html,5,2026-09-27T11:22:03.504753+00:00,individual,"My older brother brought the phone from India. I am selling the phone due to my financial problems. If anyone wants to buy it, please contact. There are no problems with the phone, it is completely fresh."
New Xiaomi Redmi Note 15 256 GB Purple,27500,Brand New,"Rajshahi, Boalia",08/09,https://bikroy.com/boalia/mobile-phones/new-xiaomi-redmi-note-15-256-gb-purple-yMNy5fPeKKNWRv9t6J02StVR.html,5,2026-09-27T11:22:03.986291+00:00,individual,ফোনটি ছয় মাস ব্যবহৃত হয়নি একবারেই নতুন ফোনটি বিক্রি করব টাকার প্রয়োজনে যদি কোন ব্যক্তি ফোনটি কিনতে চায় তাহলে আমার নাম্বারে যোগাযোগ করুন ফুল ফ্রেশ কন্ডিশন
Xiaomi Redmi Turbo 4 Pro 256 GB White,38000,Refurbished,"Rajshahi, Uposahar",22/09,https://bikroy.com/uposahar/mobile-phones/xiaomi-redmi-turbo-4-pro-256-gb-white-uYvMrZPpuxkwjhrqlxssjWe4.html,5,2026-09-27T11:22:04.652794+00:00,individual,ফোনে কোনো সমস্যা নাই কন্ডিশন খুব ভালো  আছে ফোন জতো খুশি চেক করে নিতে পারবেন জুদি কারোর পছন্দ হয়  যোগাযোগ করেন.....
Xiaomi 13 Lite 256 GB Gray,41000,Used,"Rajshahi, Kazla",11/09,https://bikroy.com/kazla/mobile-phones/xiaomi-13-lite-256-gb-gray-BkyZxjzmpg9fNKo69tic8eCs.html,5,2026-09-27T11:22:05.402762+00:00,individual,"Absolute best phone.
Selling it because I bought a new phone.
Used for 4 months.
67W charger + box will be given with it."
Xiaomi Redmi 13C 128 GB Blue,17500,Used,"Rajshahi, Paba",06/09,https://bikroy.com/paba/mobile-phones/xiaomi-redmi-13c-128-gb-blue-dDfe8RAMUzaEVrgqOTpW3fZg.html,5,2026-09-27T11:22:05.854524+00:00,individual,"নাম মাত্র ২ মাস ব্যবহৃত,  ফোন প্রায় ব্রান্ড নিউ এবং অফিসিয়াল,  কোন প্রকার সমস্যা নাই।"
Xiaomi Poco C85 4G 128 GB Blue,19999,Used,"Rajshahi, Motihar",01/09,https://bikroy.com/motihar/mobile-phones/xiaomi-poco-c85-4g-128-gb-blue-kBo1lZVwFINQgxbJ6lBNCT1V.html,5,2026-09-27T11:22:06.410711+00:00,individual,ফোনে কোন সমস্যা নাই ফুল ফ্রেশ ফোনের সাথে বক্স নাই চার্জার আছে
Xiaomi 11 Lite 5G NE 128 GB Pink,15000,Used,"Rajshahi, Court Station",07/09,https://bikroy.com/court-station/mobile-phones/xiaomi-11-lite-5g-ne-128-gb-pink-eLLuil2RmYOEb2BYf2CFmtw5.html,3,2026-09-27T11:22:06.972036+00:00,individual,"Redmi 10 Power 8/128, no problems, phone is all ok, full box, fixed price 15k"
Xiaomi Redmi Note 11 Pro 5G 128 GB Blue,15000,Used,"Rajshahi, Court Station",06/09,https://bikroy.com/court-station/mobile-phones/xiaomi-redmi-note-11-pro-5g-128-gb-blue-kklOPR3sCm80ZZ4mt4bx1jW5.html,5,2026-09-27T11:22:07.740738+00:00,individual,"Model:Redmi Note 11 Pro 5g
Ram:6+6 Gb
Storage:128 Gb
Phone full fresh nijer use kora phone!
Phone full authentic kono din khula hoi nai!
No repair history!
Cameraa 100 te 100 raw mal!"
Xiaomi Redmi Note 14 Pro 256 GB Red,23000,Used,"Rajshahi, Court Station",15/09,https://bikroy.com/court-station/mobile-phones/xiaomi-redmi-note-14-pro-256-gb-red-dUKnZyC6PjKJI56me4QeL3Ul.html,3,2026-09-27T11:22:08.331920+00:00,individual,Nite chaile sms diben... Valo phn... Nid card dibo plm nai
Xiaomi Redmi Note 15 256 GB Pink,27000,Used,"Rajshahi, Court Station",02/09,https://bikroy.com/court-station/mobile-phones/xiaomi-redmi-note-15-256-gb-pink-e1J8Oru7Kj8gfPT1A3ikoJM4.html,3,2026-09-27T11:22:08.995614+00:00,individual,"২মাস হয়েছে ফোন কিনা বক্স চার্জ সব আছে,, 
এক বছরের ওয়ারেন্টি আছে,, 
জরুরী টাকার প্রয়োজন এজন্য বিক্রি করতেছি"
Xiaomi Redmi Note 13 Pro 5G 256 GB Red,20000,Used,"Rajshahi, Boalia",08/09,https://bikroy.com/boalia/mobile-phones/xiaomi-redmi-note-13-pro-5g-256-gb-red-1HphW0qfhpderxA3XvQmhk2X.html,5,2026-09-27T11:22:09.532891+00:00,individual,Urgent Money Needed-
Xiaomi 11T 128 GB,21000,Used,"Rajshahi, Kadirgonj",15/09,https://bikroy.com/kadirgonj/mobile-phones/xiaomi-11t-128-gb-nnm2Rm9bkXYuBYkCffGvjUqj.html,5,2026-09-27T11:22:10.093289+00:00,individual,"If you want to take it, you can inbox or make a phone call
No:"
Xiaomi Redmi 15 128 GB Black,22000,Used,"Rajshahi, Vodra",23/09,https://bikroy.com/vodra/mobile-phones/xiaomi-redmi-15-128-gb-black-4utNeGJVkGoo1mKUA31ukK7.html,3,2026-09-27T11:22:10.786541+00:00,individual,"Full fresh condition 
purchase date 13/8/26
Price negotiable 
No kind of defects, used with great care.
Location: Rajshahi University
Whatsapp 015XXXXXXXX"
Xiaomi Redmi Note 13 256 GB Black,18999,Used,"Rajshahi, Kazla",8 hours ago,https://bikroy.com/kazla/mobile-phones/xiaomi-redmi-note-13-256-gb-black-wCZIz7KOcmx7MZxDbzSrq4PF.html,5,2026-09-27T11:22:11.407693+00:00,individual,"Redmi note 13 5G 
8/256GB Indan phone 
Call me"
Xiaomi Redmi Note 15 128 GB Silver,21999,Used,"Rajshahi, Kazla",5 hours ago,https://bikroy.com/kazla/mobile-phones/xiaomi-redmi-note-15-128-gb-silver-p4LDuLv6ADrLMWC2isaGLgPE.html,5,2026-09-27T11:22:12.236750+00:00,individual,"Friday dhamaka offer 
Our location is Banesswre Shibpur Hut 
Full box 
Note 15 6+128 
Fixed"
Xiaomi 12S Pro 256 GB Graphite,16000,Used,"Rajshahi, Shaheb Bazar",06/09,https://bikroy.com/shaheb-bazar/mobile-phones/xiaomi-12s-pro-256-gb-graphite-oAbbX5OYj16ExOGXwc0OfQjI.html,4,2026-09-27T11:22:12.756859+00:00,individual,"Problem: 3 green line 
Location: sahib Bazar / Ruppur ishwardi"
Xiaomi Redmi Note 13 Pro+ 256 GB Black,26000,Used,"Rajshahi, Vodra",24/09,https://bikroy.com/vodra/mobile-phones/xiaomi-redmi-note-13-pro-256-gb-black-zrHUw6BkWlKV1N6KfwQ8Jtty.html,3,2026-09-27T11:22:13.491241+00:00,individual,"Redmi Note 13 Pro+ 5G 
Never opened, completely full fresh condition.
12GB RAM + 256GB Storage
CN Variant + Black Colour 
Full Fresh + 1.5 Years Used
Full Box + 67 Watt Charger
6.67"" 1.5K AMOLED Curved Display
 200MP OIS Main Camera + 8MP Ultra-wide + 2MP Macro
MediaTek Dimensity 7200-Ultra 4nm processor
5000mAh Battery"
Xiaomi Redmi Note 15 256 GB Pink,26500,Used,"Rajshahi, Shaheb Bazar",01/09,https://bikroy.com/shaheb-bazar/mobile-phones/xiaomi-redmi-note-15-256-gb-pink-5INoIaNdEW2PXZro8lUZntzn.html,5,2026-09-27T11:22:14.050468+00:00,individual,"Phone bought 2 months ago, box and charger all available,, selling because I need money, 26,500 fixed price"
Xiaomi Redmi Turbo 4 256 GB Graphite,35500,Used,"Chattogram, Muradpur",1 day ago,https://bikroy.com/muradpur/mobile-phones/xiaomi-redmi-turbo-4-256-gb-graphite-58iRXnV9LWxThh16DVuj7DOm.html,5,2026-09-27T11:22:14.725375+00:00,individual,"Redmi Turbo 4
16+16/256
All ok
Full box with 90Watt Super fast charger
Works super smoothly, best for all gaming
Mobile has not been repaired for even 1 taka, can be checked thoroughly before buying
Note: Slight crack on the upper glass at the corner of the back shell, can be replaced for 200-250 taka
(Do not send useless messages) Price can be slightly negotiable
Location: 2 no gate, Chittagong"
New Xiaomi Redmi Note 17 Pro 256 GB Black,40500,Brand New,"Chattogram, Agrabad",5 hours ago,https://bikroy.com/agrabad/mobile-phones/new-xiaomi-redmi-note-17-pro-256-gb-black-feZnPZJKTKFat7lytkLptJ6r.html,3,2026-09-27T11:22:15.268870+00:00,individual,"** REDMI NOTE 17 PRO 5G (8/256) New, 
9000 MAH BATTERY. 
Address:
Shop-537, Level-5 (4th floor of capsule lift), 
Go straight after exiting the lift to JojoBD.
Akhtaruzzaman Center, 
Agrabad, Chittagong."
Xiaomi Redmi Turbo 4 Pro 256 GB White,40000,Used,"Chattogram, Agrabad",1 day ago,https://bikroy.com/agrabad/mobile-phones/xiaomi-redmi-turbo-4-pro-256-gb-white-2vNRwiAa1R6ErFhCdqGvkDlA.html,3,2026-09-27T11:22:16.011001+00:00,individual,"Redmi turbo 4 pro 
Full fresh condition 
99 battery health 
Full box included"
Xiaomi 15T Pro 512 GB Bronze,75000,Used,"Chattogram, Chawkbazar",6 hours ago,https://bikroy.com/chawkbazar/mobile-phones/xiaomi-15t-pro-512-gb-bronze-fdYks0bIJEFupMHqg6rDoqTK.html,3,2026-09-27T11:22:16.641472+00:00,individual,"Xiaomi 15T pro with Box
12/512
12/256 available 
Global Edition 
Few days Used."
Xiaomi Redmi Turbo 4 Pro 256 GB Gold,36000,Used,"Chattogram, Agrabad",18/09,https://bikroy.com/agrabad/mobile-phones/xiaomi-redmi-turbo-4-pro-256-gb-gold-wI7z3fAZMoQKHWf36itmnUHX.html,3,2026-09-27T11:22:17.299804+00:00,individual,"Full box, there are no problems."
Xiaomi 17 256 GB Green,85000,Used,"Chattogram, Chawkbazar",5 hours ago,https://bikroy.com/chawkbazar/mobile-phones/xiaomi-17-256-gb-green-8Xup8fLAEpIqYC1vPEFxOsxq.html,3,2026-09-27T11:22:17.767172+00:00,individual,"Xiaomi 17
Just open Box,
like new condition
with Box and everything"
New Xiaomi Redmi Turbo 4 Pro 256 GB White,37500,Brand New,"Chattogram, Kotwali, Chattogram",23 hours ago,https://bikroy.com/kotwali/mobile-phones/new-xiaomi-redmi-turbo-4-pro-256-gb-white-k7R3n6JVdw4iZtJYrQ8Xu5tz.html,3,2026-09-27T11:22:18.397725+00:00,individual,"Full Fresh 
Box, charger, case, memo everything will be given with the mobile.
9 Months Used
If you find any problem, I will give the mobile for free."
Xiaomi 13 512 GB White,34500,Used,"Chattogram, Khulshi",13/09,https://bikroy.com/khulshi/mobile-phones/xiaomi-13-512-gb-white-rCpSxY3pazD6T4mhLEmER1Pp.html,5,2026-09-27T11:22:18.717577+00:00,individual,"Xiaomi 13 — 12GB RAM / 512GB Storage
Water-resistant
100% Genuine Device
Condition: very good
Location: Khulshi Town Center, Chattogram
Interested? Feel free to message for details.
Phone 018XXXXXXXX"
Xiaomi 13T Pro 1 TB Blue,50000,Used,"Chattogram, Bandar, Chattogram",18/09,https://bikroy.com/bandar/mobile-phones/xiaomi-13t-pro-1-tb-blue-aaL4VdtYELgflhLlYeJFO5M1.html,5,2026-09-27T11:22:19.452892+00:00,individual,"Xiaomi 13T Pro 1TB
Full fresh, no scratches or cracks, completely fresh like new, 120W fast charger, full charge in 20 minutes, supports two nano SIMs and one e-SIM, you can check before buying, only the mobile will be given
Security can be provided
Mobile was gifted from abroad and used by a single person"
Xiaomi Redmi Note 14 Pro+ 5G 256 GB Black,37000,Used,"Chattogram, Agrabad",21/09,https://bikroy.com/agrabad/mobile-phones/xiaomi-redmi-note-14-pro-5g-256-gb-black-oGOG8TniRjtpnRJVnpRGhLwk.html,4,2026-09-27T11:22:20.395526+00:00,individual,"The mobile is fresh, if you remove the back poly the mobile is completely fresh. Personal use mobile, there are no problems with the mobile. Cash memo and box can be provided"
Xiaomi Redmi Turbo 4 Pro 256 GB White,39000,Used,"Chattogram, Fatikchari",15/09,https://bikroy.com/fatikchari/mobile-phones/xiaomi-redmi-turbo-4-pro-256-gb-white-iOfIzFckfG6fZygTjzjc6qFn.html,5,2026-09-27T11:22:20.728709+00:00,individual,"(Price fixed, please do not call for bargaining) Redmi Turbo 4 Pro (16GB/256GB) – Like New
Used for only 1 month
10/10 condition, no scratches or any issues
Everything works perfectly
Comes with original box, original charger, and all accessories
Personal use phone"
Xiaomi Redmi Turbo 4 Pro 256 GB Green,35000,Used,"Chattogram, Muradpur",21/09,https://bikroy.com/muradpur/mobile-phones/xiaomi-redmi-turbo-4-pro-256-gb-green-8ZXf08MmYOgMQnEtht3QbwR4.html,4,2026-09-27T11:22:21.427351+00:00,individual,"Redmi Turbo 4 Pro — Absolutely Fresh Condition
Used: Only 3 months
Full Fresh Condition
No Dents / Scratches
Used with utmost care
Original Box available
Original Charger + Cable available
Memo/Invoice available
No problems with the phone
Opportunity to see and check will be available
Condition: 10/10
Price: ৳36,000 (Negotiable)
Location: Chattogram"
New Xiaomi Redmi Note 14 Pro+ 256 GB Red,36999,Brand New,"Chattogram, Agrabad",6 hours ago,https://bikroy.com/agrabad/mobile-phones/new-xiaomi-redmi-note-14-pro-256-gb-red-gl5pUl918BoCGRN4eNxCO70M.html,3,2026-09-27T11:22:22.434729+00:00,individual,"Stay with us by liking and following our page to get the latest product prices. Our page link – 
** Call or WhatsApp. 
** REDMI NOTE 14 PRO PLUS (12/256) GLOBAL
 
----------------------------- Address :
Shop- 537, Level -5 (Capsule lift 4, go straight after exiting the lift, JojoBD)
Akhtaruzzaman Center, Agrabad, CTG."
New Xiaomi Redmi Note 15 Pro+ 256 GB Black,42999,Brand New,"Chattogram, Agrabad",5 hours ago,https://bikroy.com/agrabad/mobile-phones/new-xiaomi-redmi-note-15-pro-256-gb-black-d3Ujl6ZAXp2p3YEHED5lbycC.html,3,2026-09-27T11:22:22.788217+00:00,individual,"Stay with us by liking and following our page to get updates on product prices. Our page link - 
** Call or message us on WhatsApp at the number provided on Bikroy to buy a phone on installment.
---------------
Address:
Shop- 537, Level-5 (4th floor of capsule lift, 
Go straight after exiting the lift, JojoBD)
Akhtaruzzaman Center, 
Agrabad, Chittagong."
Xiaomi Redmi Note 14 Pro 128 GB Black,25000,Used,"Chattogram, Mirsharai",18/09,https://bikroy.com/mirsharai/mobile-phones/xiaomi-redmi-note-14-pro-128-gb-black-rXmH2KA22P2ezM6qdQfkdidH.html,4,2026-09-27T11:22:23.807642+00:00,individual,"Bought from Dazzel, still has replacement warranty. 
Still like new. 
You will get everything just like a new mobile. 
Location must be mirersorai or abutora bazar"
New Xiaomi Redmi Note 17 128 GB Black,32999,Brand New,"Chattogram, Agrabad",6 hours ago,https://bikroy.com/agrabad/mobile-phones/new-xiaomi-redmi-note-17-128-gb-black-wh7Xtijlj3o83aNHfzGYvM8H.html,3,2026-09-27T11:22:24.249892+00:00,individual,"Offer: 2000 Taka discount if taken on installments.
One thousand Taka Bata gift voucher if taken in cash.
Address:
Shop-537, Level-5
Akhtaruzzaman Center,
Agrabad, Chittagong."
Xiaomi Redmi Note 13 Pro+ 256 GB Black,26000,Used,"Chattogram, Khulshi",31/08,https://bikroy.com/khulshi/mobile-phones/xiaomi-redmi-note-13-pro-256-gb-black-VKAmVpljP9od9lam5Y4eKxo.html,4,2026-09-27T11:22:24.942128+00:00,individual,"The mobile has no problems at all, completely fresh. Location: you have to come and see it. I need money urgently, so I am selling it. The mobile is completely fresh with no problems. Contact Number 013XXXXXXXX"
Xiaomi Redmi Note 14 Pro+ 5G 512 GB Blue,32000,Used,"Chattogram, Anwara",15/09,https://bikroy.com/anwara/mobile-phones/xiaomi-redmi-note-14-pro-5g-512-gb-blue-zFIYz1SmCh8vRkC6D9Az0i3K.html,5,2026-09-27T11:22:25.338611+00:00,individual,"Redmi Note 14 Pro+ 5G
RAM: 12GB
Storage: 512GB
Battery: 5110 mAh
Battery Health: 99%
Battery Cycle Count: 238
Phone first opened: August 2025
Phone is in full fresh condition
Comes with Cash Memo & Charger"
Xiaomi Redmi Note 15 128 GB Blue,22000,Used,"Chattogram, Agrabad",03/09,https://bikroy.com/agrabad/mobile-phones/xiaomi-redmi-note-15-128-gb-blue-92YZtQ12zDYmG06uBiAth7gb.html,3,2026-09-27T11:22:25.868112+00:00,individual,"REDMI NOTE 15
6/128
2 MONTH USED"
Xiaomi 13T 256 GB Black,32000,Used,"Chattogram, Halishahar",22/09,https://bikroy.com/halishahar/mobile-phones/xiaomi-13t-256-gb-black-hdeDVz3DqvGxILaoWUTq6lVY.html,3,2026-09-27T11:22:26.297550+00:00,individual,"Xiaomi Mi 13T
12/256
International Global version
Sell or exchange possible
Full box with all accessories
No scratches or dents, mint condition."
New Xiaomi 128 GB Black,29500,Brand New,"Chattogram, Agrabad",5 hours ago,https://bikroy.com/agrabad/mobile-phones/new-xiaomi-128-gb-black-wuicv6XYyPPUKy5z0nXV4a57.html,3,2026-09-27T11:22:26.895744+00:00,individual,"NOTE 17 5G (6/128).
Address:
Shop-537, Level-5
Akhtaruzzaman Center,
Agrabad, Chittagong."
Xiaomi Redmi Note 14 4G 256 Gigabytes Black,21500,Used,"Chattogram, Baizid",12/09,https://bikroy.com/baizid/mobile-phones/xiaomi-redmi-note-14-4g-256-gb-black-qbSU0ng6T5p6KQXKhDYtRDYh.html,5,2026-09-27T11:22:27.696588+00:00,individual,"Interested to sell Redmi note 14 official device 
Device details 
1. The phone is completely fresh 
2. Camera performance is fantastic. 
3. Battery performance is fantastic. You can easily run it for a day and play games. 
4. To buy the phone you must come to the location. 
Location :Baluchra, Bayezid, Chittagong. Price can be reduced somewhat upon negotiation."
Xiaomi 12S 256 GB Black,25000,Used,"Chattogram, Pahartali",1 day ago,https://bikroy.com/pahartali/mobile-phones/xiaomi-12s-256-gb-black-v5F0cMpsGBFpUOpSbh4r0OeV.html,3,2026-09-27T11:22:27.712534+00:00,individual,"Box, charger available.
Some liquid got into the volume up button due to using a UV protector glass. The up button does not work. Otherwise, the rest of the performance is ok. It is my secondary device."
Xiaomi Redmi Note 15 128 GB Black,26000,Used,"Chattogram, Chandgaon",31/08,https://bikroy.com/chandgaon/mobile-phones/xiaomi-redmi-note-15-128-gb-black-ywJDNiFSBV6L1oh1vHpUCpI5.html,3,2026-09-27T11:22:28.310072+00:00,individual,"Full box
Location : bahadarhat 018XXXXXXXX"
Xiaomi Redmi Note 11 128 GB Blue,19000,Used,"Chattogram, Nasirabad",1 day ago,https://bikroy.com/nasirabad/mobile-phones/xiaomi-redmi-note-11-128-gb-blue-uQKVyFFT4Z0jYMMO9KZZQjQk.html,5,2026-09-27T11:22:29.407932+00:00,individual,"Redmi note 11 
8/128 GB 
There is no any single issue. 
With full box"
Mobile Phone 128 GB White,24000,Used,"Chattogram, Alankar",06/09,https://bikroy.com/alankar/mobile-phones/mobile-phone-128-gb-white-ac3HQgFWiHxyLepKpQqrvV9L.html,5,2026-09-27T11:22:29.614958+00:00,individual,"For Sale: Xiaomi Redmi Note 14 5G 
জরুরি প্রয়োজনে একদম ফ্রেশ Xiaomi Redmi Note 14 5G বিক্রি হবে। ফোনে কোনো সমস্যা নেই, ১০০% ওকে।
RAM/ROM: 8GB / 128GB
Display: 6.67"" FHD+ AMOLED (120Hz)
Camera: 50MP (OIS) + 8MP + 20MP Selfie
Processor: Dimensity 7025 Ultra (5G)
Battery: 5110 mAh (45W Fast Charger)
Condition: 
 Call/WhatsApp 019XXXXXXXX"
