raw_title,price,condition_raw,location,posted_date,url,photo_count,scraped_at,seller_type,description
Apple iPhone 16 Pro Max 256 GB Rose Gold,115000,Used,"Chattogram, New Market, Chattogram",12/09,https://bikroy.com/new-market/mobile-phones/apple-iphone-16-pro-max-256-gb-rose-gold-uJo9OsH8r61ll8LIDA7QG69D.html,5,2026-10-04T04:52:06.948261+00:00,individual,"The mobile was sent from Dubai, used by a single person, fully fresh body with no scratches
Battery health 90%
Original box is available, security can be provided if wanted
You can check it to your heart's content, no issues at all
Call directly at 019XXXXXXXX"
Apple iPhone 12 Pro 128 GB Gold,35000,Used,Rajshahi,1 day ago,https://bikroy.com/rajshahi/mobile-phones/apple-iphone-12-pro-128-gb-gold-zhymfq2J4zI8BwJ4nWjpZf3T.html,3,2026-10-04T04:52:08.751788+00:00,individual,Single SIM + eSIM..
Samsung Galaxy Z Fold4 256 GB,28500,Used,"Chattogram, Alankar",23/09,https://bikroy.com/alankar/mobile-phones/samsung-galaxy-z-fold4-256-gb-3GQeEPGfsD84SO082gPEbW3U.html,4,2026-10-04T04:52:11.044354+00:00,individual,সামনের ডিসপ্লে তে ২টা লাইন আছে
Samsung Galaxy S20 Ultra 5G 128 GB Black,18000,Used,"Rajshahi, Rajpara",07/09,https://bikroy.com/rajpara/mobile-phones/samsung-galaxy-s20-ultra-5g-128-gb-black-pNJixQO9hEkEEgCszz3C8qaF.html,5,2026-10-04T05:34:04.657098+00:00,individual,Full freah display change but high quality lagano back side ta hat theke pore fete geche khali baki all ok
Apple iPhone 17 Pro Max 256 GB Blue,152999,Used,"Dhaka, Bashundhara City",23 hours ago,https://bikroy.com/bashundhara-city/mobile-phones/apple-iphone-17-pro-max-256-gb-blue-upRvlWvC8ASvbm1KzyfgNU9h.html,5,2026-10-04T05:34:04.650892+00:00,individual,"iPhone 17 Pro Max — Global
| 256GB
Brand New Condition
Battery Health: 100%
Charging Cycle: Only 02
Visit Our Shop
Basement-2, Shop No: 94
Basundhara City Shopping Complex
Panthapath Dhaka 1215
Easily find our shop on your left hand side after getting down the escalator.
Helpline 019XXXXXXXX"
Apple iPhone 13 128 GB Black,55000,Used,"Chattogram, Anwara",29/09,https://bikroy.com/anwara/mobile-phones/apple-iphone-13-128-gb-black-yLenDsgBZM55vxNQv9KAqfXG.html,4,2026-10-04T05:34:05.285627+00:00,individual,"IPhone 13 - Super Fresh Condition | Waterproof & True Tone 100% OK
Condition: Super Fresh / Like New (100% Scratchless)
True Tone: 100% OK
Face ID: 100% OK
Waterproof: Intact (Phone has never been opened or any parts changed/repaired)
Storage: 128GB
Battery Health: 86%
What you will get with it:
Original charging cable
Original box"
Apple iPhone 17 Pro 256 GB Orange,133990,Used,"Dhaka, Uttara",2 hours ago,https://bikroy.com/uttara/mobile-phones/apple-iphone-17-pro-256-gb-orange-r3HeU2kmTz1evKtGrMReT04R.html,3,2026-10-04T05:34:06.500831+00:00,individual,"Western Mobile Fair
 # Shop No. 614/622/623/625 (Level #6) Tropical Alauddin Tower Uttara 
 Dear Honourable Customer 
 100% original device
 Full Factory unlock 
 EMI Available On . 31 Banks credit card. Thanks for being with us."
Xiaomi 17 Ultra 1 TB Black,170000,Used,"Dhaka, Uttara",23 hours ago,https://bikroy.com/uttara/mobile-phones/xiaomi-17-ultra-1-tb-black-GWEcoKQbmxnLCLLhjBK1X2x.html,3,2026-10-04T05:34:07.253021+00:00,individual,"✨ Xiaomi 17 Ultra | Pre-Owned ✨

🔥 16GB RAM | 1TB ROM 🔥
🔋 Battery Health: 100%
🔄 Cycle Count: 26
📦 Box Available
🔌 Charger Included
🖥️ Premium High-Resolution Display
🔋 Long-Lasting Battery
💾 Massive 1TB Storage

🏪 Exchange Hub
📍 Shop No: 610, 611, 628 & 629, Level-6, Tropical Alauddin Tower, Sector 3, Road 2, Rajlaxmi, Uttara"
Xiaomi 14 Pro 256 GB Green,45500,Used,"Dhaka, Jatrabari",22/09,https://bikroy.com/jatrabari/mobile-phones/xiaomi-14-pro-256-gb-green-8acw9B6lMWyhoeLXZixxp482.html,5,2026-10-04T05:34:08.032067+00:00,individual,"Xiaomi 14 pro 12/256
only phone (global)"
Xiaomi Redmi Note 13 Pro+ 256 GB Black,30000,Used,"Dhaka, Savar",12/09,https://bikroy.com/savar/mobile-phones/xiaomi-redmi-note-13-pro-256-gb-black-uIhKlmR0HWqIOpSyVBSh400s.html,4,2026-10-04T05:34:08.359588+00:00,individual,"There are no issues with the mobile. It has never been serviced and never been opened. It comes with the box, charger, and cash memo. Full body lamination is done.
Asking Price , slightly negotiable."
Xiaomi Redmi Note 12 256 GB Blue,18500,Used,"Dhaka, Aftab Nagar",17/09,https://bikroy.com/aftab-nagar/mobile-phones/xiaomi-redmi-note-12-256-gb-blue-wOOf9eSvQl3SdjNo6aWPFfPp.html,3,2026-10-04T05:34:09.121417+00:00,individual,Full Ok. No Repair History. Not a single problem.
Xiaomi 12 Pro 256 GB Gray,25000,Used,"Dhaka, Dhanmondi",27/09,https://bikroy.com/dhanmondi/mobile-phones/xiaomi-12-pro-256-gb-gray-kv4lY7aGbWrng1CRmM4T2W0v.html,5,2026-10-04T05:34:09.664038+00:00,individual,"Only display changed (Oled display installed)
Inbox us for more details."
Xiaomi 12 Pro 256 GB Blue,32000,Used,"Dhaka, Mohammadpur",6 hours ago,https://bikroy.com/mohammadpur/mobile-phones/xiaomi-12-pro-256-gb-blue-a71Z079FyX3LQg22j1x9jl6U.html,2,2026-10-04T05:34:10.400712+00:00,individual,"Name: Xiaomi 12 Pro 
Color: Blue 
Storage: 12GB 256GB 
Used like New With Full Box 
Price: Call for best price 
Home Delivery inside Dhaka, Courier Order all over Bangladesh 
We Accept Visa, American Express, Master & JCB Card. 
Used Mobile: 3 Days replacement & 6 months service warranty"
Xiaomi 256 GB White,27999,Used,"Dhaka, Mirpur DOHS",2 hours ago,https://bikroy.com/mirpur-dohs/mobile-phones/xiaomi-256-gb-white-pmqYDFGSo4MfXnTRCM9vJVVF.html,4,2026-10-04T05:34:11.073347+00:00,individual,"AR Gallery BD 
Shop-76, Lift-4, Shah Ali Plaza, Mirpur-10,Dhaka-1216,
Xiaomi Redmi K60 Ultra - Only Phone + Cash Memo.
★Ram:- 16GB ★Rom:-256GB 
★Back Camera:-50+8+2MP 
★Front Camera:- 20MP
★Battery:-5000mAh
★ Charging: 120W wired,
■ 5 দিনর রিপ্লেসমেন্ট গ্যারান্টি । 
■ 1 বছরের সার্ভিস ওয়ারেন্টি ( Without parts)"
Xiaomi Redmi 15 128 GB Black,17500,Used,"Dhaka, Tongi",08/09,https://bikroy.com/tongi/mobile-phones/xiaomi-redmi-15-128-gb-black-utosDnaQeywZptFAOAU7tooN.html,5,2026-10-04T05:34:11.798284+00:00,individual,"ফোনে কোন ধরনের কোন সমস্যা নেই। আপনি যত খুশি দেখে নিতে পারবেন। ফোন ফুল ফ্রেশ কন্ডিশনে আছে। ফোনের সাথে বক্স, চার্জার সব কিছু আছে। ইমারজেন্সি টাকার প্রয়োজন তাই বিক্রি করছি।"
Xiaomi Redmi Note 13 256 GB Blue,16000,Used,"Dhaka, Paltan",15/09,https://bikroy.com/paltan/mobile-phones/xiaomi-redmi-note-13-256-gb-blue-fFCxUrvVGeY46pBm15JNNuNV.html,5,2026-10-04T05:34:12.344620+00:00,individual,> Redmi Note 13 8/256GB Full Fresh Condition. Single hand used. Box charger all ok. No repair history. Location.dhaka
Xiaomi Redmi A7 Pro 64 GB Orange,16000,Used,"Dhaka, Bangshal",19/09,https://bikroy.com/bangshal/mobile-phones/xiaomi-redmi-a7-pro-64-gb-orange-uv2aSh0RPNXIiCw1X3DkpKAp.html,4,2026-10-04T05:34:13.141757+00:00,individual,"Full fresh, used for 10 days. Purchased on September 09, 2026. Selling urgently because I need money. Box, charger, warranty card / everything that comes with a new phone is included."
Xiaomi Redmi Note 15 256 GB Blue,26000,Used,"Dhaka, Savar",22/09,https://bikroy.com/savar/mobile-phones/xiaomi-redmi-note-15-256-gb-blue-fiC2gdpUUKMmjy3XW1ps77Gj.html,5,2026-10-04T05:34:13.855367+00:00,individual,"The phone has its original box and charger, and has no problems. It was used with a single hand."
Xiaomi Redmi Note 13 Pro+ 512 GB Black,25000,Used,"Dhaka, Tejgaon",1 day ago,https://bikroy.com/tejgaon/mobile-phones/xiaomi-redmi-note-13-pro-512-gb-black-62UnJXok1nB1sIOR67uHuHKH.html,3,2026-10-04T05:34:14.435205+00:00,individual,"Fixed Price Original Box & Charger Not Available ... 
Single hand used first buyer"
Xiaomi Civi 2 256 GB Pink,28500,Used,"Dhaka, Jatrabari",4 hours ago,https://bikroy.com/jatrabari/mobile-phones/xiaomi-civi-2-256-gb-pink-8jhvYe65ZtiV2Oye7zCqcQP0.html,4,2026-10-04T05:34:15.085380+00:00,individual,"Xiaomi Civi 2 
RAM: 12 GB + 4 GB
ROM: 256 GB
CPU: Octa-core max 2.4 GHz
Battery: 4500 mAh
Camera quality 100✅
This is a flagship phone featuring an in-display fingerprint sensor and a curved display. You can shoot professional videos with its camera. It supports 4K video recording and has a dual video system.
Only the phone and whatever security is required will be provided.
Price: 28,500 Taka
Location: Konapara, Jatrabari, Dhaka Show more"
Xiaomi Redmi 15C 4G 128 GB Red,16500,Used,"Dhaka, Savar",2 hours ago,https://bikroy.com/savar/mobile-phones/xiaomi-redmi-15c-4g-128-gb-red-1hVfirYOlBbtLMudGnyMTi9Z.html,5,2026-10-04T05:34:15.760612+00:00,individual,"[Exchange Bazar Showroom]
Redmi 15c super fresh condition 
২ বছরের সার্ভিস ওয়ারেন্টি ১৫ দিনের রিপ্লেসমেন্ট গ্যারান্টি।
 
নবীনগর সেনা শপিং কমপ্লেক্স,
৫ম তলা, শপ নং-E-142,143
নবীনগর সাভার ঢাকা।
Box Charger+Cash memo+warranty.
Contact 016XXXXXXXX"
Xiaomi 128 GB Silver,16000,Refurbished,"Dhaka, Jatrabari",12/09,https://bikroy.com/jatrabari/mobile-phones/xiaomi-128-gb-silver-5DeAWhDGuklnI6AVhPWglL4V.html,5,2026-10-04T05:34:16.217570+00:00,individual,"The back shell of the phone has been changed and there are no other issues. I need money, so I am selling it."
New Xiaomi Redmi Note 14 4G 128 GB White,21500,Brand New,"Dhaka, Dhanmondi",15/09,https://bikroy.com/dhanmondi/mobile-phones/new-xiaomi-redmi-note-14-4g-128-gb-white-A5BEtDUG1iMzRpjLagUElzDO.html,4,2026-10-04T05:34:16.973666+00:00,individual,"Brand new Redmi Note 14 used for only one and a half months will be sold. The original box, charger, back cover and all kinds of accessories with the phone are perfectly fine. There are no scratches or marks, the performance is great and the battery backup is also very satisfying. Selling due to urgent need."
Xiaomi Poco X6 256 GB Black,21500,Used,"Dhaka, Savar",20/09,https://bikroy.com/savar/mobile-phones/xiaomi-poco-x6-256-gb-black-dqSUEEnrUMgQjG20En7wpkp6.html,5,2026-10-04T05:34:17.572497+00:00,individual,"There is a scratch. The phone is fully authentic and hasn't been opened yet. No issues. The phone's original charger, box, and cash memo are all included. If anyone wants to buy, please inbox."
Xiaomi Redmi Note 15 128 GB Green,25000,Used,"Dhaka, Mirpur",23/09,https://bikroy.com/mirpur/mobile-phones/xiaomi-redmi-note-15-128-gb-green-dt4eNepkPaMpEVurHyDNbmff.html,5,2026-10-04T05:34:18.129701+00:00,individual,"* Brand & Model: Redmi Note 15 5G
 * Condition: Fresh condition, used with care (you can check it as long as you want)

Key Features:
 * Super fast 5G connectivity and amazing performance.
What you will get with it:
 * Original charger
 * National ID (NID) for security
   (Note: Box is not included)
Location: Mirpur-12, Dhaka
Call 019XXXXXXXX"
Xiaomi 12 128 GB,21000,Used,"Dhaka, Savar",20 hours ago,https://bikroy.com/savar/mobile-phones/xiaomi-12-128-gb-2BLkYTppP8lDEzBu4rLDvesU.html,5,2026-10-04T05:34:18.795465+00:00,individual,"Completely new condition. If anyone wants to buy, please call this number 016XXXXXXXX"
Xiaomi Civi 1S 128 GB,18999,Used,"Dhaka, Mirpur",3 hours ago,https://bikroy.com/mirpur/mobile-phones/xiaomi-civi-1s-128-gb-uNO9T6bVwndpBnL98rSTv5YD.html,5,2026-10-04T05:34:19.400443+00:00,individual,"S A Gadget Mart
Shop No: 35, 3rd Floor, Baghdad Shopping Complex, Mirpur-1, Dhaka-1216
Model: Xiaomi Civi 1s 5g 
RAM: 8 GB
Storage: 128 GB
Battery: 4500 mAh
Device and cash memo available.
Replacement Guarantee: 7 Days
Service Warranty: 2 Years
Home delivery available all over Bangladesh."
New Xiaomi Redmi 15C 4G 256 GB,16990,Brand New,"Dhaka, Shyamoli",2 hours ago,https://bikroy.com/shyamoli/mobile-phones/new-xiaomi-redmi-15c-4g-256-gb-xjwywOTL7TzNEOLZp3GOsRYl.html,2,2026-10-04T05:34:19.899907+00:00,individual,"Redmi 15c
6+128 GB=16990/= Fixed Price
8+256 GB=19990/= Fixed Price
Our Address
Mobile Plaza
Shyamoli Tower Complex Market
2nd Floor, Shop No 13, 14
Shyamoli, Mohammadpur, Dhaka
Online Link
You can view and order
Download from Play Store
Mobile Plaza
Our Website
Facebook Page
Facebook/Mobil Plaza"
Samsung Galaxy F55 256 GB Black,26000,Used,Rajshahi,05/09,https://bikroy.com/rajshahi/mobile-phones/samsung-galaxy-f55-256-gb-black-if02FKyR36j9GslapohV26Tw.html,3,2026-10-04T05:34:20.631297+00:00,individual,টাকার সমস্যার জন্য বিক্রি করবো। ১ মাস ব্যবহার করা হয়ছে। সাথে ক্যাশ মেমো আর চার্জার দেয়া জাবে
Samsung Galaxy S21 FE 128 GB Black,23500,Used,"Rajshahi, Charghat",07/09,https://bikroy.com/charghat/mobile-phones/samsung-galaxy-s21-fe-128-gb-black-vWEaxvVbNgAj7xeE5YbC6DM9.html,5,2026-10-04T05:34:20.944069+00:00,individual,"Phone ta khubi Valo box charger sob ase 
Kono problem nai joto iccha dekhe niben 
Ar kew sms diben na 
Direct ai number call diben"
Samsung Galaxy S23 Ultra 256 GB Green,45000,Used,"Chattogram, Alankar",06/09,https://bikroy.com/alankar/mobile-phones/samsung-galaxy-s23-ultra-256-gb-green-zY548IGmvUimJc4Ax88x8Yx.html,5,2026-10-04T05:34:21.657559+00:00,individual,"Samsung Galaxy S23 Ultra
 RAM: 12GB
 Storage: 256GB
 Display: Changed to Top-Quality OLED Display 
 Fingerprint: Working 
 Box: Full Box
 Condition: Good
 Asking Price: 45,000৳
 Location: Halishahar, Bisso Road, Chattogram
 Interested হলে inbox করুন।
Serious buyers only."
New Samsung Galaxy A54 5G 128 GB Black,30000,Brand New,"Chattogram, Nasirabad",26/09,https://bikroy.com/nasirabad/mobile-phones/new-samsung-galaxy-a54-5g-128-gb-black-3V83c5Fvg1N0TAQHWJJww0pq.html,5,2026-10-04T05:34:22.360706+00:00,individual,Everything of the phone is fine. Selling because I will take the upgrade series. Anyone who wants can check it out. Everything of the phone is authentic.
New Samsung Galaxy Z Fold8 Ultra 256 GB,213999,Brand New,"Dhaka, Bashundhara City",2 hours ago,https://bikroy.com/bashundhara-city/mobile-phones/new-samsung-galaxy-z-fold8-ultra-256-gb-gr9ahicm9z0eQOiiX3hx6unE.html,3,2026-10-04T05:34:23.145008+00:00,individual,"10-day replacement guarantee
2 years service warranty
Safe courier service all over the country
Attractive exchange offer
Basement-1, Shop-84, Bashundhara City Shopping Mall
Price is subject to change. Please contact via WhatsApp before coming."
Samsung Galaxy S24 Ultra 512 GB Gray,90500,Used,"Dhaka, Basabo",2 days ago,https://bikroy.com/basabo/mobile-phones/samsung-galaxy-s24-ultra-512-gb-gray-ioiNMng5HX4v4dBdi97HaNX.html,3,2026-10-04T05:34:23.625761+00:00,individual,"Full box with original cable.
12/512GB
Full fresh"
Samsung Galaxy S25 Ultra 256 GB Blue,90500,Used,"Dhaka, Uttara",23 hours ago,https://bikroy.com/uttara/mobile-phones/samsung-galaxy-s25-ultra-256-gb-blue-cpnMIDpc8xqnq30vZCd4pWAg.html,4,2026-10-04T05:34:24.447224+00:00,individual,"Samsung Galaxy S24 Ultra 12/256GB Titanium SilverBlue. 100% Original. 7 Days Replacement & 1 Year Service Warranty. EMI Facility is also AVAILABLE. Contact Us: Exchange Hub. Shop No: 610, 611, 628 & 629 Level-6, Tropical Alauddin Tower, Sector 3, Road 2, Rajlaxmi, Uttara. Facebook Page:"
Samsung Galaxy S24 256 GB Black,44000,Used,"Dhaka, Jamuna Future Park",2 hours ago,https://bikroy.com/jamuna-future-park/mobile-phones/samsung-galaxy-s24-256-gb-black-hVFLfmVhBQiR7n8u6IUKqRS6.html,5,2026-10-04T05:34:24.995413+00:00,individual,"Samsung S24 -Best condition 
•Used (Only Device)
• 8/256 GB Storage
• Color: Black
• Absolutely fresh, no issues
• Box/Charger: None
• Price: ৳44000

We Will Provide:
7 days replacement guarantee
(without display & software update issue)
3 years free service warranty"
Samsung Galaxy S23 Ultra 256 GB Gray,39000,Used,"Dhaka, Farmgate",19/09,https://bikroy.com/farmgate/mobile-phones/samsung-galaxy-s23-ultra-256-gb-gray-q8cqMzvbExIBSYHGp0jhFYTA.html,4,2026-10-04T05:34:25.669233+00:00,individual,Samsung Galaxy S23 Ultra has a high-quality OLED display attached
Samsung Galaxy A55 128 GB Bronze,32000,Used,"Dhaka, Paltan",26/09,https://bikroy.com/paltan/mobile-phones/samsung-galaxy-a55-128-gb-bronze-3iRLv3a6WlRCmv31KBLLCIre.html,3,2026-10-04T05:34:26.467274+00:00,individual,"Fully functional, used for 6 months. Box and charger available. Malaysian variant."
Apple iPhone 12 Pro 128 GB Silver,41000,Used,Rajshahi,06/09,https://bikroy.com/rajshahi/mobile-phones/apple-iphone-12-pro-128-gb-silver-hg9p0QSKCXK5oIIqTqkPj3qt.html,3,2026-10-04T05:34:27.246633+00:00,individual,iPhone 12 Pro 128GB Full Fresh | 85% Battery Health | No Parts Change | Anker 20W Charger Included
Apple iPhone 13 Pro 256 GB Rose Gold,50000,Used,"Rajshahi, Shaheb Bazar",15/09,https://bikroy.com/shaheb-bazar/mobile-phones/apple-iphone-13-pro-256-gb-rose-gold-uAYl83d5fXXeygjeKN3UxCjs.html,5,2026-10-04T05:34:27.678563+00:00,individual,"All ok 75% battery 
With box"
Apple iPhone 15 Pro 256 GB Blue,90000,Used,"Rajshahi, Shaheb Bazar",3 hours ago,https://bikroy.com/shaheb-bazar/mobile-phones/apple-iphone-15-pro-256-gb-blue-wQ01JX61flblQEsEtp0vo4Wi.html,4,2026-10-04T05:34:28.179042+00:00,individual,"IPhone 15 pro 
256 gb 87 bh 
2031 year porjonto waranty available 
Super condition 
7 days replacement guarantee  
1 year service waranty  
#exchange possible 
Our Address :
Smart Choice , Shop No. 211 , 
City center , Beside of Rajshahi College , Sonadigir mor Rajshahi
Call for any details:"
Apple iPhone 14 Pro Max 128 GB Black,70000,Used,"Rajshahi, Shaheb Bazar",3 hours ago,https://bikroy.com/shaheb-bazar/mobile-phones/apple-iphone-14-pro-max-128-gb-black-x5zW7a4cKNJe9TKWrKb9IOa5.html,3,2026-10-04T05:34:28.852618+00:00,individual,"IPhone 14 pro max 

128 gb 87 bh

Physical sim

Super condition  

7 days replacement guarantee   
1 year service waranty   

#exchange possible  

Our Address :
Smart Choice  ,  Shop No. 211 , 
City center , Beside of Rajshahi College , Sonadigir mor Rajshahi

Call for any details 017XXXXXXXX"
New Apple iPhone 15 128 GB Pink,60000,Brand New,"Rajshahi, Shaheb Bazar",3 hours ago,https://bikroy.com/shaheb-bazar/mobile-phones/new-apple-iphone-15-128-gb-pink-53q78tUVolUACOZSUSrcaQgu.html,2,2026-10-04T05:34:29.637775+00:00,individual,"IPhone 15
128 gb 85-100 bh
Physical sim
Super condition 
7 days replacement guarantee  
1 year service waranty  
#exchange possible 
Our Address :
Smart Choice , Shop No. 211 , 
City center , Beside of Rajshahi College , Sonadigir mor Rajshahi
Call for any details:"
Apple iPhone 16 Pro Max 256 GB Rose Gold,106000,Used,"Chattogram, Muradpur",2 hours ago,https://bikroy.com/muradpur/mobile-phones/apple-iphone-16-pro-max-256-gb-rose-gold-w4MhHAxYfYR4DOxPdyzZaMmM.html,3,2026-10-04T05:34:30.022642+00:00,business,"IPhone 16 pro max 
Full box 
USA
Battery health 91
All original... 
256gb
Shop Location... Muradpur CPDl midtown market..."
Apple iPhone 17 256 GB Purple,91990,Used,"Chattogram, Chawkbazar",23 hours ago,https://bikroy.com/chawkbazar/mobile-phones/apple-iphone-17-256-gb-purple-tYfj4qGzNVum3C9R8Ya2ijiC.html,3,2026-10-04T05:34:30.490022+00:00,individual,"Apple iPhone 17
256GB | LL/A Variant
Battery Health 100%
Cycle Count: 6
Apple Warranty Available
First Use: January 2026
Enjoy 15-day replacement guarantee | Lifetime service -
Finlay Square, Level-4, Shop-406, 2 No Gate, Nasirabad, Chattogram"
Apple iPhone 12 128 GB Black,20500,Used,"Chattogram, Agrabad",16/09,https://bikroy.com/agrabad/mobile-phones/apple-iphone-12-128-gb-black-nggrFcYImJer4iaxJ6qHZ8Lp.html,5,2026-10-04T05:34:31.328073+00:00,individual,"Iphone 12, 128 GB, Black.
Battery Genuine (74% health)
Display (GX Best Quality)
True Tone Ok
Face Id disabled. 
The set is all ok, the power button needs to be pressed a little firmly. Camera quality is super. Best quality gx original display is installed. The set is fairly fresh. Call or WhatsApp. Selling this to get a more upgraded model.
Agrabad."
Apple iPhone 13 Pro Max 128 GB Green,47000,Used,"Chattogram, Chandgaon",29/09,https://bikroy.com/chandgaon/mobile-phones/apple-iphone-13-pro-max-128-gb-green-8kAiNzDm9Wewpe8yoIcWl0rr.html,3,2026-10-04T05:34:31.751243+00:00,individual,"iPhone 13 Pro Max
128GB USA Variant
Dropped from hand, display problem occurred
Display needs to be changed
No scratches on the phone body
BH - 78% (Original)
With Box
Price - 47k (Not Fixed)
Location: Chattogram, Boddarhat"
Apple iPhone SE (2022) 64 GB Red,20000,Used,"Chattogram, Agrabad",30/09,https://bikroy.com/agrabad/mobile-phones/apple-iphone-se-2022-64-gb-red-cS0hnt992iC1tion4ro4tHdv.html,4,2026-10-04T05:34:32.280471+00:00,individual,"All things are ok and Orginal no repair history. No box , only security paper what you want. Exchange possible with iPhone 13"
New Apple iPhone 17 Pro Max 256 GB Orange,153000,Brand New,"Dhaka, Jamuna Future Park",3 hours ago,https://bikroy.com/jamuna-future-park/mobile-phones/new-apple-iphone-17-pro-max-256-gb-orange-Bcb1f6rviEC3LVdNLkXZZe5I.html,5,2026-10-04T05:34:32.729095+00:00,individual,"iPhone 17 Pro Max Australia variant Cosmic Orange 
📱 256GB | Brand New / Inactive
📦 Full Box | Untouched Original Cable
✨ Never Used — or active with 1 year replacement garunty
⚠️ One-side sticker opened + tiny corner dent
💯 Everything else is fresh & perfectly working!"
Apple iPhone 16 Pro Max 512 GB White,111000,Used,"Dhaka, Uttara",23 hours ago,https://bikroy.com/uttara/mobile-phones/apple-iphone-16-pro-max-512-gb-white-3hwuTYIk04pOo81rXiDFOMWG.html,4,2026-10-04T05:34:33.446398+00:00,individual,"iPhone 16 Pro Max | Pre-Owned 
 512GB Storage
 USA Variant
 Box Available
 Battery Health: 87%
 100% Original & Non-Refurbished Product
 Exchange Hub
 Shop No: 610, 611, 628 & 629, Level-6
Tropical Alauddin Tower, Sector 3, Road 2
Rajlaxmi, Uttara, Dhaka"
Apple iPhone 16 Pro Max 512 GB Gold,132000,Used,"Dhaka, Baridhara",5 hours ago,https://bikroy.com/baridhara/mobile-phones/apple-iphone-16-pro-max-512-gb-gold-A7FJrH8HJcOcXgZkUGfoohl7.html,3,2026-10-04T05:34:34.178645+00:00,individual,iPhone 16 Pro Max available at Jamuna Future Park.
Apple iPhone 13 Pro 256 GB Gold,56000,Used,"Dhaka, Mirpur",28/09,https://bikroy.com/mirpur/mobile-phones/apple-iphone-13-pro-256-gb-gold-wxtX8goCwWN8A6hswOxASBsq.html,5,2026-10-04T05:34:34.822857+00:00,individual,"°Face ID ok 
°Tone all ok 
°Speakers
°Cash memo available 
° Charger available"
Apple iPhone 13 Pro 128 GB Blue,49000,Used,"Dhaka, Savar",05/09,https://bikroy.com/savar/mobile-phones/apple-iphone-13-pro-128-gb-blue-l8CncoV1qbEeDkQiRU26YK2d.html,5,2026-10-04T05:34:35.482930+00:00,individual,No scratch. used carefully . full ok phone. good condition.
Apple iPhone 14 Pro Max 256 GB Purple,80000,Used,"Dhaka, Jamuna Future Park",3 hours ago,https://bikroy.com/jamuna-future-park/mobile-phones/apple-iphone-14-pro-max-256-gb-purple-dNEXy2edmMe18w3Yw9aL9vEt.html,5,2026-10-04T05:34:36.175654+00:00,individual,"iPhone 14 Pro Max– Best condition 
• 256 GB Storage • 
• Color: Deep Purple
• Singapure(1 eSIM+1 physical sim)
• Battery Health: [86%]
• Absolutely fresh, no issues
• Face ID, Camera, True Tone all 100% OK 
• Box/Charger: None
• Price: ৳80000

7 days replacement guarantee
(without display & software update issue)
3 years free service warranty"
Apple iPhone XS 256 GB Black,30000,Used,"Dhaka, Savar",13/09,https://bikroy.com/savar/mobile-phones/apple-iphone-xs-256-gb-black-wSe8vVRbtPEHe7lHqDd1m2Mh.html,5,2026-10-04T05:34:36.559605+00:00,individual,"iPhone XS 256 GB
Full box phone
Battery 100%, recently changed
Face ID stopped working after an update, can be repaired
True Tone available
I use the phone personally, fully poly-wrapped
Display is original, no changes
Phone works very smoothly
Must come to the location to pick up the phone: Radio Colony, Savar, Dhaka"
Apple iPhone 13 128 GB Green,39000,Used,"Dhaka, Savar",2 hours ago,https://bikroy.com/savar/mobile-phones/apple-iphone-13-128-gb-green-noo15NEuEP7Wv26UEjGU4yiZ.html,5,2026-10-04T05:34:37.274623+00:00,individual,"Mobile details:
Model: iPhone 13
USA Variant
Storage: 128GB
Battery Health: 81%
Warranty: Get a 7-day guarantee and a 2-year service warranty.
 Opportunity to view and check the phone before buying
 Clear information about the phone's condition
 Great phone at an affordable price
 N.S Computer & Phone Gadget
 E #40 (Level-5), Sena Shopping Complex, Nabinagar, Savar, Dhaka"
Apple iPhone 11 128 GB Blue,24500,Used,"Dhaka, Khilkhet",14/09,https://bikroy.com/khilkhet/mobile-phones/apple-iphone-11-128-gb-blue-5EU51gPSUUdjo1RR5Eo1jDAr.html,4,2026-10-04T05:34:38.031150+00:00,individual,"An iPhone 11 used for personal purposes will be sold.
- Storage: 128GB
- Battery Health: 76% — Original, no type of boost has been done
- SIM: Dual SIM / (1 Physical SIM + 1 eSIM)
Body condition: There is a light visible scratch on the bottom left side, which is mentioned in the pictures
Price: 24,500 Taka
Location: Bepari Para, Khilkhet, Dhaka
Inbox if interested"
Xiaomi Civi 4 Pro 512 GB Black,35000,Used,"Dhaka, Tejgaon",21/09,https://bikroy.com/tejgaon/mobile-phones/xiaomi-civi-4-pro-512-gb-black-zKPkGeJndpwt6c7IzYp9g0Cw.html,3,2026-10-04T05:34:38.708821+00:00,individual,"Xiaomi Civi 4 pro - 12/512Gb.
Original
Price 35 thousand, negotiable.
Location: Purba Nakhalpara, Tejgaon, Dhaka.
If you want to buy, please come directly only on Friday or Saturday."
Xiaomi Redmi Turbo 4 256 GB Black,36000,Used,"Dhaka, Uttara",21/09,https://bikroy.com/uttara/mobile-phones/xiaomi-redmi-turbo-4-256-gb-black-oMd5meyJYE339LcjviFBH3U4.html,5,2026-10-04T05:34:39.290344+00:00,individual,"Xiaomi Redmi Turbo 4 
Processor: Dimensity 8400 Ultra 
RAM: 12GB (12GB extended RAM)
ROM: 256GB
Display: 6.67 inches 120Hz
Resolution: FHD 2712×1220
Battery: Silicon Carbon 6550 mAh
Battery health: 98%
Camera 
Back: 50mp+8mp
Front: 20mp
Android version: 16 updated
Purchase date: 27-05-2026
Warranty: 1 Year Dazzle parts warranty available
Exchange possible"
New Xiaomi 17T 256 GB,67000,Brand New,"Dhaka, Jamuna Future Park",5 hours ago,https://bikroy.com/jamuna-future-park/mobile-phones/new-xiaomi-17t-256-gb-fMbn7o9peT9ED4GfNgDXY0V7.html,5,2026-10-04T05:34:39.927740+00:00,individual,"Xiaomi 17T
BD official 
Cycle count : 8
12GB 256GB
Full Fresh condition 
Price: 67000 Tk
 Paramount Gadget
Jamuna Future Park Shopping Mall
Level 4, Shop No: 006C
Near Lift 7 (নোকিয়া গলি)
 
."
Xiaomi Redmi 15 128 GB Black,16990,Used,"Dhaka, Jatrabari",2 hours ago,https://bikroy.com/jatrabari/mobile-phones/xiaomi-redmi-15-128-gb-black-fqk6Uku22j7BEascPUqdCip0.html,5,2026-10-04T05:34:40.689633+00:00,individual,"Redmi 15 (6/128GB)
 Price: 16,990 Taka
 What you are getting:
 Box
 Charger
 Cash Memo
━ 
 Specifications:
 Battery: 7000mAh
 Used for 4 months
 7 days replacement guarantee
 1 year service warranty
 Location: Jurain Bikrampur Plaza Market, 3rd Floor, Shop-18
 Hotline:"
Xiaomi Redmi K40 256 GB Red,20500,Used,"Dhaka, Motalib Plaza",22 hours ago,https://bikroy.com/motalib-laza/mobile-phones/xiaomi-redmi-k40-256-gb-red-n7oRMf4pLVLHFymOdagBJkH8.html,4,2026-10-04T05:34:41.354119+00:00,individual,"Mobile details:
Brand & Model: Redmi K40 Gaming
RAM: 12GB
ROM: 256GB
Condition: Used
Warranty: Get 7 days guarantee and 2 years service warranty.

✔️ Opportunity to check and buy the phone by seeing it
✔️ Clear information about the phone condition
✔️ Good phone at an affordable price

🏪 Gadget Store
📍 Motalib Plaza, Shop No: 600G, Sonargaon Road, Hatirpool, Dhaka"
Xiaomi Redmi Note 14 4G 128 GB,19500,Used,"Dhaka, Savar",2 hours ago,https://bikroy.com/savar/mobile-phones/xiaomi-redmi-note-14-4g-128-gb-kGnCeTPZIVPuwhxVRxPNaji4.html,3,2026-10-04T05:34:41.992866+00:00,individual,"Model: Redmi Note 14 5G
RAM: 6GB
Storage: 128GB
7-day replacement guarantee
1-year service warranty
Full fresh authentic condition
Address:
Shop E-232E, Level-5 (Lift-4) Sena Shopping Complex Nabinaagar, Sayer
Weekly holiday: Sunday
Opens from 10 AM and closes at 9 PM
Do not call and disturb anyone after this time"
Samsung Galaxy S26 Ultra 5G 512 GB Blue,115000,Used,"Rajshahi, Shaheb Bazar",2 hours ago,https://bikroy.com/shaheb-bazar/mobile-phones/samsung-galaxy-s26-ultra-5g-512-gb-blue-3tUSQVNHO7P9apzxgC7PxJcd.html,3,2026-10-04T05:34:42.636286+00:00,individual,"Samsung S26 ultra 
12 512 
Super condition 
7 days replacement guarantee  
1 year service waranty  
#exchange possible 
Our Address :
Smart Choice , Shop No. 211 , 
City center , Beside of Rajshahi College , Sonadigir mor Rajshahi
Call for any details:"
Samsung Galaxy S23 Ultra 256 GB Gray,52000,Used,"Rajshahi, Boalia",20/09,https://bikroy.com/boalia/mobile-phones/samsung-galaxy-s23-ultra-256-gb-gray-bsmn8K220lLOf2ALHhks2mSr.html,3,2026-10-04T05:34:43.491132+00:00,individual,"All okay 100% full fresh phone never opened, charge lasts very well"
New Samsung Galaxy S26 Ultra 5G 256 GB Blue,115000,Brand New,"Rajshahi, Boalia",17/09,https://bikroy.com/boalia/mobile-phones/new-samsung-galaxy-s26-ultra-5g-256-gb-blue-qbY4u6z9tvD4tAf2sYkJyrMH.html,5,2026-10-04T05:34:44.202766+00:00,individual,"Samsung s26 ultra
Very good condition, like brand new with box and a cover, charger, not a single issue or scratch, just used arround 3/4 months"
Samsung Galaxy S21+ 5G 128 GB Silver,20500,Used,"Rajshahi, Motihar",1 day ago,https://bikroy.com/motihar/mobile-phones/samsung-galaxy-s21-5g-128-gb-silver-8qwq9xcX6cZOxQ2ADkeU72PN.html,5,2026-10-04T05:34:45.243367+00:00,individual,"The mobile is 100% fresh, nothing has been changed, and there are no problems.
Original box and cable will be provided with it."
Samsung Galaxy S21 FE 5G 128 GB Black,18500,Used,"Rajshahi, Boalia",13/09,https://bikroy.com/boalia/mobile-phones/samsung-galaxy-s21-fe-5g-128-gb-black-ufytVVcFa5a1d5j6e7muiPGD.html,5,2026-10-04T05:34:45.550592+00:00,individual,"There are no internal problems with the phone. The display has been replaced, but a market-original OLED display is installed. The fingerprint sensor works 100%. The phone's camera is absolutely amazing, top-notch quality. The box will be provided with the phone. Those who want to buy, please call directly."
New Samsung Galaxy S21+ 5G 128 GB Black,23000,Brand New,"Rajshahi, Kazla",06/09,https://bikroy.com/kazla/mobile-phones/new-samsung-galaxy-s21-5g-128-gb-black-oWZc0m590Zzjg9DRCPxEI7BA.html,5,2026-10-04T05:34:46.107486+00:00,individual,"Flagship phone
Location rajshahi university
Kono somossa nai"
Samsung Galaxy S24 Ultra 512 GB Gold,83000,Used,"Chattogram, Nasirabad",13/07,https://bikroy.com/nasirabad/mobile-phones/samsung-galaxy-s24-ultra-512-gb-gold-dxEOFOvZ25AlGnrzJxS32fYG.html,3,2026-10-04T05:34:46.746323+00:00,individual,"Full box given 
12/512 
Vietnam variant
A very little dot in the screen otherwise all ok no scratch"
New Samsung Galaxy S21 5G 128 GB Black,70000,Brand New,"Chattogram, Nasirabad",05/09,https://bikroy.com/nasirabad/mobile-phones/new-samsung-galaxy-s21-5g-128-gb-black-5Qt5ue2Pt56HOlEqR5jpmJwj.html,5,2026-10-04T05:34:47.435679+00:00,individual,New use hoi ni.box shoho ase. Deke check kore nite parbn.just colour deker jonno kula hoica
Samsung Galaxy S24 Ultra 256 GB Gray,75990,Used,"Chattogram, CDA Avenue",1 day ago,https://bikroy.com/cda-avenue/mobile-phones/samsung-galaxy-s24-ultra-256-gb-gray-BhbPjfr2kdancDStmRasDquV.html,3,2026-10-04T05:34:48.052390+00:00,individual,"S24 ultra 12/256 
Duel sim
full fresh 
14 days replacement gurranty 1year service warranty 
Decent,finlay square ,4th ,floor,406
call us 018XXXXXXXX"
Samsung Galaxy A56 256 GB Green,35500,Used,"Chattogram, Muradpur",3 hours ago,https://bikroy.com/muradpur/mobile-phones/samsung-galaxy-a56-256-gb-green-IO3H8Zlmn3Mr2TAtBrcmSSB.html,3,2026-10-04T05:34:48.488916+00:00,individual,"Samsung Galaxy A56 5G
 8GB RAM / 256GB Storage
 Full Box
 6.7"" FHD+ Super AMOLED Display
 120Hz Refresh Rate
 Exynos 1580 Processor
 50MP OIS Main Camera
 Benefits:
 15-day replacement guarantee
 Shop No: 319, 3rd Floor
 CPDL RB Midtown Market, Muradpur, Chittagong (Next to Makkah Hotel)"
Samsung Galaxy S25 Ultra 256 GB Silver,82990,Used,"Dhaka, Mirpur",6 hours ago,https://bikroy.com/mirpur/mobile-phones/samsung-galaxy-s25-ultra-256-gb-silver-BFMaaRPq4Ahd1vWA41j9S2EN.html,5,2026-10-04T05:34:49.186557+00:00,individual,">Adiva Telecom >
Shop No: 34, 3rd Floor, Baghdad Shopping Complex, Mirpur- 1, Dhaka- 1216...
The phone is 100% genuine and we offer a 7-day replacement guarantee and 1-year free service warranty. (Without Parts)
Free courier charge all over Bangladesh
Exchange offer. Discounted price.
100% fresh"
Samsung Galaxy Z Fold7 256 GB Silver,115000,Used,"Dhaka, Baridhara",2 hours ago,https://bikroy.com/baridhara/mobile-phones/samsung-galaxy-z-fold7-256-gb-silver-fp3D4SV2Fm0iC0QYZRGa30J7.html,5,2026-10-04T05:34:49.605398+00:00,individual,"Samsung Z fold 7
Fill box
full fresh"
Samsung Galaxy S25 Ultra 256 GB Blue,98000,Used,"Dhaka, Baridhara",3 hours ago,https://bikroy.com/baridhara/mobile-phones/samsung-galaxy-s25-ultra-256-gb-blue-deKepkViJaBCIpBVDY6hlIFe.html,5,2026-10-04T05:34:50.036561+00:00,individual,"Samsung S25 ultra 12/256
Full box, in pristine condition."
Samsung Galaxy S23 256 GB Black,35500,Used,"Dhaka, Mohammadpur Beribadh",30/09,https://bikroy.com/mohammadpur-beribadh/mobile-phones/samsung-galaxy-s23-256-gb-black-Gk5qe2ut1YPVFhVaKGicRAM.html,4,2026-10-04T05:34:50.736056+00:00,individual,"2,3 scratches besides these everything is fully fine and authentic 
If anyone interested then u can come and check the phone personally"
Samsung Galaxy A17 5G 128 GB Black,29500,Used,"Dhaka, Shyamoli",29/09,https://bikroy.com/shyamoli/mobile-phones/samsung-galaxy-a17-5g-128-gb-black-vY4OP1Gipg1wFYoIcdpwhS3U.html,4,2026-10-04T05:34:51.142605+00:00,individual,"Assalamu Alaikum, I bought this phone on February 9, 2026. It is completely like new. I need money so I am selling it."
Samsung Galaxy S23 Ultra 256 GB White,55000,Used,"Dhaka, Basundhara",28/09,https://bikroy.com/basundhara/mobile-phones/samsung-galaxy-s23-ultra-256-gb-white-n0IwOJHof3pjQ4QixeDOGi7Z.html,3,2026-10-04T05:34:51.596917+00:00,individual,"This mobile is completely fresh, there is no problem of any kind, whoever uses the mobile will definitely understand it, I need money so I will sell it, box memo everything is there"
Apple iPhone 17 Pro Singapore (Used),138000,Used,Rajshahi,2 hours ago,https://bikroy.com/rajshahi/mobile-phones/apple-iphone-17-pro-singapore-used-gjdXKaTsZXJhreicuen5bawd.html,0,2026-10-04T05:34:52.206180+00:00,individual,"Iphone 17 pro 

256 gb 100 bh 

Singapore physical sim 

Super condition 

7 days replacement guarantee 
1 year service waranty 

#exchange possible 

Our Address :
Smart Choice  ,  Shop No. 211 , 
City center , Beside of Rajshahi College , Sonadigir mor Rajshahi

Call for any details"
Apple iPhone 17 Pro Max 256 GB Silver,150000,Used,Rajshahi,19/05,https://bikroy.com/rajshahi/mobile-phones/apple-iphone-17-pro-max-256-gb-silver-wIjkAZNFKfcyhuguX5bMAXeA.html,2,2026-10-04T05:34:52.935700+00:00,individual,"IPHONE 17PRO MAX
256 Gb 100%
Silver / Usa variant //Full boxed
Location: Rajshahi Theme omor plaza"
Apple iPhone 16 Pro Max 256 GB Gold,135000,Used,"Rajshahi, Rajpara",19/06,https://bikroy.com/rajpara/mobile-phones/apple-iphone-16-pro-max-256-gb-gold-msFAw6yz064m5yHE7MVlaoHU.html,2,2026-10-04T05:34:53.541296+00:00,individual,"iPhone 16 Pro Max 256GB (Australian Variant). Battery Health 100%. Cycle Count 234. Apple Warranty till 29 Aug 2026. Desert Titanium. Box + Original Cable Available. No scratch, no repair history. Face to face deal preferred."
Apple iPhone 14 Pro Max 256 GB Purple,69999,Used,"Rajshahi, Kazla",2 hours ago,https://bikroy.com/kazla/mobile-phones/apple-iphone-14-pro-max-256-gb-purple-sDDB0C7OixtCFLMXry48IxpI.html,3,2026-10-04T05:34:54.192510+00:00,individual,"Box is available
USA 256GB 
75% battery waterproof is available 
Call me"
Apple iPhone 14 Pro Max 256 GB Purple,74000,Used,"Rajshahi, Shaheb Bazar",3 hours ago,https://bikroy.com/shaheb-bazar/mobile-phones/apple-iphone-14-pro-max-256-gb-purple-chrDhW9u7STAZkcpUOjNWLjF.html,3,2026-10-04T05:34:54.743487+00:00,individual,"IPhone 14 pro max 
256 gb 81 bh
Physical sim
Super condition 
7 days replacement guarantee  
1 year service waranty  
#exchange possible 
Our Address :
Smart Choice , Shop No. 211 , 
City center , Beside of Rajshahi College , Sonadigir mor Rajshahi
Call for any details:"
Apple iPhone 16 Pro 128 GB Rose Gold,93000,Used,"Rajshahi, Shaheb Bazar",3 hours ago,https://bikroy.com/shaheb-bazar/mobile-phones/apple-iphone-16-pro-128-gb-rose-gold-axUnNwSc7ZwYZ7ffrUbtkoV1.html,3,2026-10-04T05:34:55.440187+00:00,individual,"IPhone 16 pro
128 gb 91 bh
Physical sim
Super condition 
7 days replacement guarantee  
1 year service waranty  
#exchange possible 
Our Address :
Smart Choice , Shop No. 211 , 
City center , Beside of Rajshahi College , Sonadigir mor Rajshahi
Call for any details:"
Apple iPhone 14 128 GB Blue,36500,Used,"Rajshahi, Kazla",14/09,https://bikroy.com/kazla/mobile-phones/apple-iphone-14-128-gb-blue-3atLbgKyqxAadCibbEG90tWw.html,5,2026-10-04T05:34:56.043777+00:00,individual,"Battery 82
Storage 128
Wifi bypass"
Apple iPhone 12 Pro 128 GB Blue,29000,Used,"Rajshahi, Kadirgonj",26/09,https://bikroy.com/kadirgonj/mobile-phones/apple-iphone-12-pro-128-gb-blue-Cbo4cVz2nU96wLuoVGOeyOTB.html,3,2026-10-04T05:34:56.499521+00:00,individual,"Display changed - Face ID not available
Camera takes a moment to focus, image quality 100% fine"
Apple iPhone 12 Pro 128 GB Blue,35500,Used,"Rajshahi, Kazla",07/09,https://bikroy.com/kazla/mobile-phones/apple-iphone-12-pro-128-gb-blue-6cdgJjud2PxgcM3kR0dr47TR.html,5,2026-10-04T05:34:57.199677+00:00,individual,"কোন সমস্যা নেই, দেখে নিতে পারবেন। ব্যাটারি হেলথ ৭৩%। ফোন কখনো খোলা হয়নি। যমুনা ফিউচার পার্ক থেকে কেনা হয়েছে। মানি রিসিট আছে। EVERYTHING ORIGINAL AND OKAY 016XXXXXXXX"
Apple iPhone 16 Pro Max 256 GB Gold,125000,Used,"Chattogram, Bakoliya",26/09,https://bikroy.com/bakoliya/mobile-phones/apple-iphone-16-pro-max-256-gb-gold-rR2SX9vYPtkK6CBXKt7uTZbr.html,5,2026-10-04T05:34:57.737508+00:00,individual,"IPhone 16 Pro Max — 256GB | Desert Titanium
Variant: Singapore Variant
Storage: 256GB
Color: Desert Titanium
Battery Health: 89%
Cycle Count: 770
Condition: Not a minor scratch- Top Notch condition, One Handed Used, well maintained
Purchase History: Purchased From Dazzle"
Apple iPhone 17 Pro Max 256 GB Blue,145000,Used,"Chattogram, Agrabad",10/08,https://bikroy.com/agrabad/mobile-phones/apple-iphone-17-pro-max-256-gb-blue-snfLGfPzLndHMLxgbki9Y7DI.html,4,2026-10-04T05:34:58.194797+00:00,individual,"Fresh conditions with original box cable
Brought from Kuwait"
New Apple iPhone 18 Pro Max 256 GB,209999,Brand New,"Chattogram, CDA Avenue",2 hours ago,https://bikroy.com/cda-avenue/mobile-phones/new-apple-iphone-18-pro-max-256-gb-q2adXq6pZ92EEiBJArQUfTw1.html,4,2026-10-04T05:34:58.789531+00:00,individual,"Display: 6.9"" LTPO Super Retina XDR OLED, 120Hz, 1320×2868,
Performance: Apple A20 Pro Hexa-core, Apple 7-core GPU, iOS 27
Camera: Rear 48MP + 48MP + 48MP, LiDAR, 4K video, OIS | Front 18MP, 4K video
Battery: 5391/5567 mAh, 50W Wired,
Enjoy EMI facilities up to 36 months through credit cards from more than 20 banks. (*Conditions apply*)"
Apple iPhone 16 Pro Max 256 GB Rose Gold,115000,Used,"Chattogram, Halishahar",30/09,https://bikroy.com/halishahar/mobile-phones/apple-iphone-16-pro-max-256-gb-rose-gold-iM6S4CiHruQSq2ptpEdn50sW.html,4,2026-10-04T05:34:59.488919+00:00,individual,"Mobile 100% Completely Fresh, BH: 95%, BC: 284.
Price almost fixed.
You must come to my location to take the phone."
Apple iPhone 14 128 GB Black,60000,Used,"Chattogram, Agrabad",25/09,https://bikroy.com/agrabad/mobile-phones/apple-iphone-14-128-gb-black-m8ZacFWUywvwx8UEEDTEBnqX.html,4,2026-10-04T05:35:00.187854+00:00,individual,"iPhone 14 128GB — Midnight | Like New

Purchased from Canada on 14 Jan 2026. Battery Health: 100%. Used only ~15 days. Absolutely like new. Model: MPUD3VC/A. No issue, repair, or damage. Everything works perfectly.

Reason: Upgrading to iPhone 17.
Price: 60,000 BDT (Fixed)
Inbox if interested."
Apple iPhone 13 Pro 256 GB Green,57500,Used,"Chattogram, Agrabad",25/09,https://bikroy.com/agrabad/mobile-phones/apple-iphone-13-pro-256-gb-green-yL97vNmcPNz0yB6Xht1t4jl.html,4,2026-10-04T05:35:00.752774+00:00,individual,iPhone 13 Pro Max 256 GB Everything original
Apple iPhone 12 Pro 128 GB Gold,34000,Used,"Chattogram, Agrabad",2 days ago,https://bikroy.com/agrabad/mobile-phones/apple-iphone-12-pro-128-gb-gold-bohGyIt1Fhqc6yHKEWcT4kgu.html,3,2026-10-04T05:35:01.443169+00:00,individual,"iPhone 12 Pro sale post 
Battery Health-82
Condition - good 
Display - original 
Phone and cash memo and security... 
Just back shell changed otherwise all parts are good... 
Price - only 34k not fixed... 
Location - East Madarbarhi, Chattogram"
Apple iPhone 14 Pro 512 GB White,35000,Used,"Chattogram, Baizid",08/09,https://bikroy.com/baizid/mobile-phones/apple-iphone-14-pro-512-gb-white-AdtVOIeV1LUCPL2LMkQejcl.html,5,2026-10-04T05:35:01.987778+00:00,individual,"ফোনটি একবারে ফুল ফ্রেশ আছে,পুরস্কারের মাধ্যমে ফোনটি পেয়েছিলাম,আমার আরেকটি মোবাইল ফোন আছে,এর জন্য রাখা কোন ইচ্ছা নাই,এজন্য কম দামে দিয়ে দিচ্ছি ফোনে কোন দাগ বা কোন কিছু চেঞ্জ করা হয়নি ফোন খুলাও হয়নি ,
যারা নিতে চান তারা শুধু মেসেজ দিবেন অযথা মেসেজ বা কল দিয়ে বিরক্ত করবেন না,যারা নিতে চান হয়তো এসে নিয়ে যাবেন বা কুরিয়ারের মাধ্যমে নিতে পারেন"
Apple iPhone 16e 128 GB Blue,47000,Used,"Chattogram, Agrabad",08/09,https://bikroy.com/agrabad/mobile-phones/apple-iphone-16e-128-gb-blue-cY6vfXxjdXiCH63lqr53hxQs.html,3,2026-10-04T05:35:02.708573+00:00,individual,টাকা পয়সার সমস্যায় আছি তাই বিক্রি করে দিবো। ফোন কোনো রকম সমস্যা নাই। বক্স নাই। এডেপ্টর হবে কেবল হবে অর্জিনাল। বেক কাবার দিবো। জাতীয় পরিচয়পত্র দিবো।
Apple iPhone 16 Pro Max 256 GB Black,115000,Used,"Dhaka, Uttara",1 day ago,https://bikroy.com/uttara/mobile-phones/apple-iphone-16-pro-max-256-gb-black-1BLbkZMfweM1bBkMPpR3S4cT.html,3,2026-10-04T05:35:03.444360+00:00,individual,"iPhone 16 Pro Max 256GB Black
Battery Health 97%
Physical Sim & eSIM
Indian Variant
7 Days Replacement & 1 Year Service Warranty
EMI Facility is also AVAILABLE
Contact Us
Exchange Hub
Shop No: 610, 611, 628 & 629 Level-6, Tropical Alauddin Tower
Sector 3, Road 2, Rajlaxmi, Uttara.
Call for Details 017XXXXXXXX"
Apple iPhone 17 Pro Max 256 GB Silver,136490,Used,"Dhaka, Savar",2 hours ago,https://bikroy.com/savar/mobile-phones/apple-iphone-17-pro-max-256-gb-silver-BJfpvB7b9Cl75Q9hnro6FvPJ.html,5,2026-10-04T05:35:04.093782+00:00,individual,"Apple iPhone 17 Pro Max
256 Storage Global
Japan variant with box
BH-98% Authentic
Replacement Guarantee: 7 days
Warranty: 1 year without parts
Condition: 99.9% fresh
EMI facility available across 29 banks
Outside Dhaka delivery possible
Cash on delivery
Location:
Savar Nobinagar
Sena Shopping Complex
5th Floor, Shop No. E54
Mobile Gallery"
Apple iPhone 16 Pro Max 256 GB,115000,Used,"Dhaka, Mohammadpur",27/09,https://bikroy.com/mohammadpur/mobile-phones/apple-iphone-16-pro-max-256-gb-fyXuBWJxkMASBHKXkaXbBh9d.html,3,2026-10-04T05:35:04.793775+00:00,individual,Selling because I urgently need money. Price 120000
Apple iPhone 14 Pro Max 512 GB Purple,79999,Used,"Dhaka, Uttara",05/09,https://bikroy.com/uttara/mobile-phones/apple-iphone-14-pro-max-512-gb-purple-zWuX37R70lB14m4FrocPIMJM.html,5,2026-10-04T05:35:05.293756+00:00,individual,Phone full fresh no change no cracks price all most fixed
Apple iPhone 13 Pro 128 GB Blue,56000,Used,"Dhaka, Lalbag",06/09,https://bikroy.com/lalbag/mobile-phones/apple-iphone-13-pro-128-gb-blue-k7nNJAMPfsq9pWt7UkRFD2Yf.html,4,2026-10-04T05:35:05.743601+00:00,individual,"মোবাইল পুরো ফ্রেস 
বেটারি ৮৯% সব কিছু আছে বক্স কেবল পিন সব আছে 
ফিজিকাল দুইটা সিম চালাতে পারবেন
৮০% থেকে ১০%পরযন্ত চার ঘন্টা ৩০ মিনিট এক টানা চালিয়ে দেখছি খুব ভালো চার্জ থাকে 
সব কিছু অর্জিনাল আছে"
New Apple iPhone 15 Pro Max 256 GB Blue,89000,Brand New,"Dhaka, Bashundhara City",04/09,https://bikroy.com/bashundhara-city/mobile-phones/new-apple-iphone-15-pro-max-256-gb-blue-cyt7eG21DrgRZcWHnlIsE0AM.html,3,2026-10-04T05:35:06.302754+00:00,individual,"In fresh conditions, no spots, dents, or scratches ✅ 
Battery health 91%
Cycle Count 473
Indian variant
Without box
Only geniune buyers, please inbox"
Apple iPhone 14 128 GB White,39999,Used,"Dhaka, Aftab Nagar",29/09,https://bikroy.com/aftab-nagar/mobile-phones/apple-iphone-14-128-gb-white-x2ggotKcmtG4T1RNyV6DOuKT.html,5,2026-10-04T05:35:06.944604+00:00,individual,You can come to me and take a look.
Apple iPhone 11 128 GB White,30000,Used,"Dhaka, Uttara",26/09,https://bikroy.com/uttara/mobile-phones/apple-iphone-11-128-gb-white-lgFeGeSKN3lQnKUWs8Ync5lZ.html,3,2026-10-04T05:35:07.695144+00:00,individual,"There are no issues of any kind in the phone. I am using it currently. Everything is okay. I will sell it because I am getting an iPhone 13. Box is available. You will get Anker charger, cable, and back cover along with it. Display and battery have been changed. Original ones have been installed. Battery backup is very good. You can check it as much as you want.
Location: Sector 10, Uttara, Dhaka.
Must come to the location. Show more"
Apple iPhone 13 128 GB Black,45000,Used,"Dhaka, Baridhara",2 hours ago,https://bikroy.com/baridhara/mobile-phones/apple-iphone-13-128-gb-black-AQWVa4PUT6eL6tejTMRyfBWJ.html,5,2026-10-04T05:35:08.358298+00:00,individual,"iPhone 13 128GB, 92% battery health, full boxed, Singapore variant, like new condition, authentic."
Xiaomi Redmi Turbo 4 256 GB Red,36000,Used,"Dhaka, Keraniganj",28/09,https://bikroy.com/keraniganj/mobile-phones/xiaomi-redmi-turbo-4-256-gb-red-8Ppdg2IFmIAtbSTbPsl5h0qf.html,4,2026-10-04T05:35:08.956095+00:00,individual,"Good condition.
(3 months used)
Full box + charger"
Xiaomi Redmi K70 Pro 512 GB Black,39990,Used,"Dhaka, Shyamoli",17 hours ago,https://bikroy.com/shyamoli/mobile-phones/xiaomi-redmi-k70-pro-512-gb-black-ssTaWfXYXfvxhyorqP7Kq8fi.html,5,2026-10-04T05:35:09.740171+00:00,individual,"Redmi k70pro (16-512) only device

Variant: China

Fresh condition

100% authentic device

Water resistant available!

💰Price: 39990/- BDT (100% fixed)


Special Note: You can sell your used phone to us.


🏢 Shop No: 505, Level: 5

🛍️ Shyamoli Square Shopping Mall, Dhaka."
Xiaomi Redmi K90 256 GB Red,49999,Used,"Dhaka, Motalib Plaza",23 hours ago,https://bikroy.com/motalib-laza/mobile-phones/xiaomi-redmi-k90-256-gb-red-3nXbCwNU7U9BbXQufIP8PHEC.html,5,2026-10-04T05:35:10.199299+00:00,individual,"Wholesale & Retail 
Redmi K90 12/256GB (Active)
BH-100%

Mobile, Box & Charger (বক্স, চার্জার পেতে সময় লাগতে পারে ৫/৭ দিন) 

Address: Hridoy Communication, 2nd Floor, Shop no: 338"
Xiaomi 13 Ultra 256 GB White,45000,Used,"Dhaka, Tongi",5 hours ago,https://bikroy.com/tongi/mobile-phones/xiaomi-13-ultra-256-gb-white-iyjnYyH3Fg7ECnVnuZATwVzU.html,5,2026-10-04T05:35:10.797988+00:00,individual,"There is not a hair's breadth of a problem in the phone, you can check as much as you want, I need emergency money so I am selling it, just a little dust has entered inside the camera but there is no problem with the camera, it takes even more beautiful pictures than water"
Xiaomi Mi 11 Ultra 256 GB,35990,Used,"Dhaka, Savar",1 day ago,https://bikroy.com/savar/mobile-phones/xiaomi-mi-11-ultra-256-gb-MwDQIzSExGukQF1Wzf1s1Vn.html,4,2026-10-04T05:35:11.489793+00:00,individual,"Xiaomi Mi 11 Ultra (8GB/256GB) for sale. The phone is completely original and has been used with great care. Everything including the display, camera, fingerprint sensor, and speakers works perfectly. No issues at all. Snapdragon 888 processor and excellent camera performance.
Price: 35,990 Tk
Interested buyers please contact."
New Xiaomi 17 Ultra 1 TB Black,160000,Brand New,"Dhaka, Mirpur",22/09,https://bikroy.com/mirpur/mobile-phones/new-xiaomi-17-ultra-1-tb-black-k2IJbPCsFkwBOPQD6xZTmqjx.html,5,2026-10-04T05:35:12.052617+00:00,individual,"Brought from Japan. Brand new, never used."
Xiaomi 17T 256 GB White,55500,Used,"Dhaka, Tejgaon",1 day ago,https://bikroy.com/tejgaon/mobile-phones/xiaomi-17t-256-gb-white-Cx9JkfHncKFHY112jtqupzHI.html,5,2026-10-04T05:35:12.597374+00:00,individual,"Xiaomi 17T
Original Authentic Phone, Chinese Version. 12/256GB.
Battery health 100%
99.5% Full Fresh, no spots, breaks, or scratches.
Box, charger, everything is included.
Location: Tejgaon Dhaka"
Xiaomi Mi 11 Ultra 256 GB Black,35000,Used,"Dhaka, Badda",16/09,https://bikroy.com/badda/mobile-phones/xiaomi-mi-11-ultra-256-gb-black-aqINzstD0IVzolpeFIptyjov.html,5,2026-10-04T05:35:13.108268+00:00,individual,"একটা স্কাচ ও নাই ফোনে, নতুন অবস্থা থেকেই পলি করা দুই পাশেই।  ফোনের সাথে শুধু দোকানের ক্যাশ মেমো পাবেন  এবং  সিকিউরিটি হিসাবে ভোটার আইডি কার্ডের ফটোকপি পাবেন। 
ফোনের সবকিছু একশ একশ। আসবেন দেখবেন যদি ভালো লাগে নিবেন। বিস্তারিত অনলাইনে দেখে নিন।"
Xiaomi Civi 4 Pro 512 GB Blue,36000,Used,"Dhaka, Dhanmondi",2 hours ago,https://bikroy.com/dhanmondi/mobile-phones/xiaomi-civi-4-pro-512-gb-blue-daZQhMw4sDL7xcEm3hxZXPAl.html,5,2026-10-04T05:35:13.699290+00:00,individual,"🌷🌷Welcome to""Mobile Store ""🌷🌷

আামাদের ঠিকানাঃ-

Mobile Store

Shop number -408(level 4)

Dhanmondi 32 Sukrabad bus stand
Phone number 017XXXXXXXX 018XXXXXXXX"
Xiaomi Redmi 256 GB White,44999,Used,"Dhaka, Jatrabari",3 hours ago,https://bikroy.com/jatrabari/mobile-phones/xiaomi-redmi-256-gb-white-wEKCQlI0MsQ1aNjWWgy6j1Us.html,3,2026-10-04T05:35:14.294516+00:00,individual,"Jatrabari, Idris super market 
shop no :63"
New Xiaomi Poco F9 Ultra 512 GB Black,110000,Brand New,"Dhaka, Uttara",1 day ago,https://bikroy.com/uttara/mobile-phones/new-xiaomi-poco-f9-ultra-512-gb-black-wqSvZDtmeBLGRbbisB9Y83J.html,5,2026-10-04T05:35:14.697704+00:00,individual,"Network Technology GSM / HSPA / LTE / 5G,Launch Announced 2026, September 01
Status Available. Released 2026, September 01, Dimensions 163.5 x 77.9 x 8.7 mm (6.44 x 3.07 x 0.34 in)
Weight 235 g (8.29 oz),SIM Nano-SIM + Nano-SIM + eSIM + eSIM (max 2 at a time),Display Type AMOLED, 68B colors, 185Hz, Dolby Vision, HDR10+, 850 ,Memory,512GB 16GB RAM"
Xiaomi 13 Pro 256 GB,39000,Used,"Dhaka, Mirpur",22/09,https://bikroy.com/mirpur/mobile-phones/xiaomi-13-pro-256-gb-n8QmeSj2Fe8bLBDhOMpb1wZy.html,5,2026-10-04T05:35:15.207277+00:00,individual,Fully fresh Condition
Xiaomi Redmi Turbo 4 Pro 256 GB White,38990,Used,"Dhaka, Shyamoli",23 hours ago,https://bikroy.com/shyamoli/mobile-phones/xiaomi-redmi-turbo-4-pro-256-gb-white-wqdFI8PhBJhFkinOu2j2QPVy.html,3,2026-10-04T05:35:15.693575+00:00,business,"Redmi Turbo 4 Pro 5g 12/256
99%
Condition: Full Box | Full fresh
Customised Global
EXCHANGE POSSIBLE
100% Authentic Product
EMI Facility (Available on 36 banks cards)
Cash On Delivery Across the Country

Shop Location:
Phone-e
Shop No: 573, Level-5
Shyamoli Square Shopping Mall, Dhaka"
Xiaomi Mix Flip 256 GB White,77000,Used,"Dhaka, Uttara",23 hours ago,https://bikroy.com/uttara/mobile-phones/xiaomi-mix-flip-256-gb-white-vs56lsJl9wlciERKtMBzVmV.html,4,2026-10-04T05:35:16.204029+00:00,individual,"Xiaomi MIX Flip 2 
 RAM: 12GB
 ROM: 256GB
 Full Box + Original Charger
 Excellent Condition
 Exchange Hub
 Shop No: 610, 611, 628 & 629, Level-6
Tropical Alauddin Tower, Sector 3, Road 2"
Xiaomi Redmi Turbo 5 Max 256 GB Silver,49500,Used,"Dhaka, Savar",25/09,https://bikroy.com/savar/mobile-phones/xiaomi-redmi-turbo-5-max-256-gb-silver-zK9h7ZEll1EvYNzt95Wc5wZj.html,5,2026-10-04T05:35:16.791839+00:00,individual,Used for 2 months completely new phone
New Xiaomi Civi 5 Pro 256 GB White,65000,Brand New,"Dhaka, Jamuna Future Park",2 hours ago,https://bikroy.com/jamuna-future-park/mobile-phones/new-xiaomi-civi-5-pro-256-gb-white-lgg9I3LoJ0qnCgLHurpr0Rof.html,4,2026-10-04T05:35:17.493010+00:00,individual,"Xiaomi Civi 5 pro– Best condition 
• 128 GB Storage• 
• Color: Nebula Purple
• China Variant
• Battery Health: 100%
• Absolutely fresh, no issues at all 
• Face ID, Camera, True Tone all 100% OK
• Box/Charger: Included 
• Location: Jamuna Future Park, Level 4, 4B-007D"
Xiaomi Civi 5 Pro 256 GB White,49000,Used,"Dhaka, Mirpur",2 days ago,https://bikroy.com/mirpur/mobile-phones/xiaomi-civi-5-pro-256-gb-white-dKGXnO3Oiu97GAwPC6t2zZP7.html,5,2026-10-04T05:35:18.195469+00:00,individual,"Like Brand New Condition, just as new as it looks, those who want to buy a new one can take it, 100% fresh, no spots or anything anywhere,
98% Battery Health Still, Full Box & Authentic Charger, Cable everything is there, location Dhaka Mirpur Pallabi Notun thana or DOHS Dhaka."
Xiaomi Mi 11 Ultra 256 GB White,30000,Used,"Dhaka, Paltan",29/09,https://bikroy.com/paltan/mobile-phones/xiaomi-mi-11-ultra-256-gb-white-wjwu4307CrjjunlDa5TTXqgt.html,5,2026-10-04T05:35:18.797324+00:00,individual,"Xiaomi 11 Ultra (12/256GB) – White 
China Imported
Fully Fresh Condition
No issues
Never opened/Repaired
No parts changed
You can check thoroughly if you want
No security issues
Can be done with Stamp/Deed if you want
Price: Almost Fixed
Inbox if interested."
Xiaomi Redmi Note 13 512 GB Black,26999,Used,"Dhaka, Mohammadpur",26/09,https://bikroy.com/mohammadpur/mobile-phones/xiaomi-redmi-note-13-512-gb-black-zsjQuHl1L68AEdh8RYjCWSz6.html,4,2026-10-04T05:35:19.542627+00:00,individual,"There is not the slightest problem with the phone. My elder brother sent me an iPhone from abroad, which is why I am selling this. Very good condition and fresh looking."
Xiaomi Mi 11 Ultra 256 GB Black,27000,Used,"Dhaka, Demra",1 day ago,https://bikroy.com/demra/mobile-phones/xiaomi-mi-11-ultra-256-gb-black-tKvkGroxcBDddmUQntpIR3Tw.html,3,2026-10-04T05:35:20.102511+00:00,individual,"This phone has been gently used with a single hand.
There are no problems whatsoever.
It hasn't been used for long.
If you are looking for a phone specifically for an amazing camera experience, this is the one for you.
Gaming performance is also super fast.
I am selling it simply because I bought a new phone.
It comes with just the phone and cash memo; nothing else is included.
Contact: )
 
Feel free to call me if you want to purchase it. Show more"
Xiaomi Civi 1S 256 GB,16999,Used,"Dhaka, Banglamotor",2 hours ago,https://bikroy.com/banglamotor/mobile-phones/xiaomi-civi-1s-256-gb-2X4eqaJIzEWJ1uin3jIuR2pe.html,5,2026-10-04T05:35:20.756497+00:00,individual,"ফারাজ টেলিকম 
শপ  নং ২০৫, নাহার প্লাজা, 
হাতিরপুল, বাংলামোটর,ঢাকা

প্রতিটা ফোনের সাথে পাবেন ১০ দিনের রিপ্লেসমেন্ট গ্যারান্টি ২ বছরের সার্ভিস ওয়ারেন্টি।"
Xiaomi 13 256 GB Blue,32999,Used,"Dhaka, Mirpur DOHS",2 hours ago,https://bikroy.com/mirpur-dohs/mobile-phones/xiaomi-13-256-gb-blue-7YitwFwbP4J0vc5Bn2s6NcdB.html,4,2026-10-04T05:35:21.453861+00:00,individual,"AR Gallery BD 
Shop-76, Lift-4, Shah Ali Plaza, Mirpur-10,Dhaka-1216,
Xiaomi 13 - Only Phone + Cash Memo.
★Ram:- 12GB ★Rom:-256GB 
★Back Camera:-50+10+12 MP 
★Front Camera:- 32MP
★Battery:-4500mAh
★ Charging: 67W wired,
★ Sim: dual sim
■ 5 দিনর রিপ্লেসমেন্ট গ্যারান্টি । 
■ 1 বছরের সার্ভিস ওয়ারেন্টি ( Without parts)"
New Xiaomi Civi 1S 256 GB,16990,Brand New,"Dhaka, Shyamoli",2 hours ago,https://bikroy.com/shyamoli/mobile-phones/new-xiaomi-civi-1s-256-gb-kjEsHwWzIvhVEf4foZ4afsMN.html,3,2026-10-04T05:35:22.157743+00:00,individual,"Xiaomi Civi-1
12/256GB/18990
8/128GB/16990
Our Address
Mobile Plaza
Shyamoli Tower Complex Market
2nd Floor, Shop No. 13, 14
Market right beside Shyamoli Bus Stand and Foot Over Bridge,
Shyamoli Mohammadpur Dhaka"
Xiaomi Civi 3 256 GB Blue,21000,Used,"Dhaka, Savar",22/09,https://bikroy.com/savar/mobile-phones/xiaomi-civi-3-256-gb-blue-BlZjSJ68N2aLwMgBqe1gBK2g.html,3,2026-10-04T05:35:22.945387+00:00,individual,"My elder brother sent this phone from abroad, so I am selling it. The charger will be provided with it, and an ID card can be given as necessary documentation, along with any security you may ask for."
Xiaomi Redmi Note 15 128 GB,24500,Used,"Dhaka, Savar",28/09,https://bikroy.com/savar/mobile-phones/xiaomi-redmi-note-15-128-gb-mBPdYmaBHVS4NK6OCsEMQkB4.html,3,2026-10-04T05:35:23.554846+00:00,individual,"Assalamu Alaikum.
Redmi Note 15 4G – 6GB RAM / 128GB ROM for sale
 Phone in absolute Fresh Condition
 No issues
 Original Box + Charger + Accessories will be included
 Official Bangladesh Unit
 You can inspect and purchase in person
 Price: ৳24,500 (Negotiable)
 Location: Dhamrai, Dhaka
Serious buyers only, please contact."
Xiaomi Mi 11X 128 GB Black,16000,Used,"Dhaka, Khilgaon",1 day ago,https://bikroy.com/khilgaon/mobile-phones/xiaomi-mi-11x-128-gb-black-dSIpqY5yjb8UtRPSTeavYZtW.html,5,2026-10-04T05:35:24.149725+00:00,individual,"This mobile is for sale. The display has been changed but an original one is installed. Box is available, no charger."
Xiaomi Civi 2 256 GB Black,20990,Used,"Dhaka, Shyamoli",2 hours ago,https://bikroy.com/shyamoli/mobile-phones/xiaomi-civi-2-256-gb-black-eYCxOR1PzoMbieAsiLXITIZc.html,5,2026-10-04T05:35:24.845592+00:00,individual,"Maa Enterprise - Smart Zone.
Shyamoli Khan Plaza Mobile Market.
Shop No (22) Ring Road - Shyamoli
Mohammadpur - Dhaka - 1207. 019XXXXXXXX"
Xiaomi Redmi 256 GB Gray,34999,Used,"Dhaka, Jatrabari",3 hours ago,https://bikroy.com/jatrabari/mobile-phones/xiaomi-redmi-256-gb-gray-id78itBMutUG4ihamLjKntdu.html,3,2026-10-04T05:35:25.400369+00:00,individual,"Jatrabari, Idris super market 
 shop no 63"
Xiaomi Redmi Turbo 4 Pro 256 GB Red,34999,Used,"Dhaka, Jatrabari",2 hours ago,https://bikroy.com/jatrabari/mobile-phones/xiaomi-redmi-turbo-4-pro-256-gb-red-TtC1G8hm7yYhf1A16T06FZl.html,3,2026-10-04T05:35:25.880673+00:00,individual,"BH 98%
full fresh 
full box 
jatrabari Idris super market 
 shop no 63"
Xiaomi Mi 11i 128 GB Green,17000,Used,"Dhaka, Mirpur",21/09,https://bikroy.com/mirpur/mobile-phones/xiaomi-mi-11i-128-gb-green-mMjxeV5vkEmGZEtPn7ETbRN4.html,5,2026-10-04T05:35:26.630563+00:00,individual,"The mobile is completely fresh, there are no problems, please check it thoroughly before buying."
New Xiaomi Redmi 15C 256 GB Gray,16000,Brand New,"Dhaka, Savar",25/09,https://bikroy.com/savar/mobile-phones/new-xiaomi-redmi-15c-256-gb-gray-fjV0FZLzTG7u239zHBybjxgj.html,3,2026-10-04T05:35:27.351294+00:00,individual,"Completely brand new phone, there are no problems with the phone, you will get everything with the phone"
Xiaomi Redmi Note 13 Pro+ 256 GB Red,22500,Used,"Dhaka, Savar",30/09,https://bikroy.com/savar/mobile-phones/xiaomi-redmi-note-13-pro-256-gb-red-txDH1pLPD61QU9vvTSMAMljb.html,3,2026-10-04T05:35:28.045479+00:00,individual,"The phone's box, charger, and everything are original. There is only one issue: the display was changed and a market-original display was installed, which cost 6500 for the display price. The fast fingerprint works, it runs very smartly, and the phone runs very smoothly."
Xiaomi Redmi Turbo 4 256 GB Red,29999,Used,"Dhaka, Jatrabari",2 hours ago,https://bikroy.com/jatrabari/mobile-phones/xiaomi-redmi-turbo-4-256-gb-red-1bXtum4rAJmJKDj9SFojYC5K.html,3,2026-10-04T05:35:28.689027+00:00,individual,"Jatrabari, Idris super market 
shop no 63"
Xiaomi Redmi 13 128 GB Black,16000,Used,"Dhaka, Baridhara",3 hours ago,https://bikroy.com/baridhara/mobile-phones/xiaomi-redmi-13-128-gb-black-pzAAjD0ZfrpYbTgIIC8vnySC.html,4,2026-10-04T05:35:29.383705+00:00,individual,"Redmi 13, without box, full fresh condition."
New Xiaomi Civi 1S 256 GB,16990,Brand New,"Dhaka, Mohammadpur",2 hours ago,https://bikroy.com/mohammadpur/mobile-phones/new-xiaomi-civi-1s-256-gb-oMVixP3iFAj77nKGsTiEeFX6.html,5,2026-10-04T05:35:29.789640+00:00,individual,"8+128 GB=16990/=
12+256 GB=18990/=
Xiaomi Civi-1
7 Days Replacement Guarantee 2 Years Free Service Warranty 
No scratches or dirt 
Looks like new
Used abroad 
Our Address 

Mobile Plaza 
Shyamoli Tower Complex Market 
2nd Floor, Shop No. 13, 14
Market right beside Shyamoli Bus Stand and Foot Overbridge 
Shyamoli Mohammadpur Dhaka"
New Xiaomi 256 GB Rose Gold,19000,Brand New,"Dhaka, Savar",23 hours ago,https://bikroy.com/savar/mobile-phones/new-xiaomi-256-gb-rose-gold-7VkIj9yZ6pQFOoU1IO8gmYfn.html,2,2026-10-04T05:35:30.523066+00:00,business,"Mi Civi 1
Ram 8GB
Rom 256GB
Enjoy 100% secure home delivery across Bangladesh within 24 hours via RedX, SA Paribahan, and Sundarban Courier Service.
Shop Location
✯ Apple Gadgets & Care (Savar)
✯ Shop 1:- D43 4Th Floor (Lift-3)
✯ Sena Shopping Complex, Savar, Dhaka✯"
Samsung Galaxy S23 Ultra 256 GB Gray,50000,Used,"Rajshahi, Vodra",26/09,https://bikroy.com/vodra/mobile-phones/samsung-galaxy-s23-ultra-256-gb-gray-dbSQ373Fd56rDStqUn0HZ3ka.html,4,2026-10-04T05:35:31.199522+00:00,individual,"Everything is okay, showroom condition 100% fresh. Check and test it out before taking. 100% security assured."
Samsung Galaxy S25 Ultra 256 GB Black,90000,Used,"Rajshahi, Nawdapara",23/09,https://bikroy.com/nawdapara/mobile-phones/samsung-galaxy-s25-ultra-256-gb-black-lgQLczXQosCJ2EqXJ47flr7Y.html,3,2026-10-04T05:35:32.006142+00:00,individual,"1000% Fresh. Showroom condition. Not a single hair-line scratch. Laminated with poly since the time of purchase. Comes with the original charger.
Check and test it for as long as you want.
Whatever you ask for security purposes will be provided.
Call directly if you want to"
Samsung Galaxy S24 Ultra 256 GB White,87000,Used,"Rajshahi, Shaheb Bazar",2 hours ago,https://bikroy.com/shaheb-bazar/mobile-phones/samsung-galaxy-s24-ultra-256-gb-white-p7bmoGm97s1ouC3sSJuomc5V.html,4,2026-10-04T05:35:32.837582+00:00,individual,"Samsung S25 ultra 
12 / 256 
Super condition 
7 days replacement guarantee  
1 year service waranty  
#exchange possible 
Our Address :
Smart Choice , Shop No. 211 , 
City center , Beside of Rajshahi College , Sonadigir mor Rajshahi
Call for any details:"
Samsung Galaxy S24 256 GB Yellow,49500,Used,"Rajshahi, Paba",23/09,https://bikroy.com/paba/mobile-phones/samsung-galaxy-s24-256-gb-yellow-9TEz3URCrakCCKO3t3ED7bgg.html,5,2026-10-04T05:35:32.986249+00:00,individual,"Full fresh condition, no problems at all. Everything is original. Bought six months ago for 53,000, cash memo is available. Selling because I need money. The phone performance is totally top-notch.
Asking price-49,500/-(only phone)
Charger and power bank are available. If you take the phone, I will let those go at a 50% discount."
Samsung Galaxy S24 Ultra 256 GB Gray,85000,Used,"Rajshahi, Rajpara",29/09,https://bikroy.com/rajpara/mobile-phones/samsung-galaxy-s24-ultra-256-gb-gray-7gl2nNE4yYrUhKx1NxUqAII.html,5,2026-10-04T05:35:33.639444+00:00,individual,"Numbar : 
Assalamu Alaikum. The device is in absolute pristine showroom-level condition and has been handled with extreme care since day one. If you are looking for a reliable, authentic and completely hassle-free pre-owned device that performs just like a brand-new one this is the perfect option for you"
Samsung Galaxy S24 Ultra 256 GB Gold,72000,Used,"Rajshahi, Kadirgonj",3 hours ago,https://bikroy.com/kadirgonj/mobile-phones/samsung-galaxy-s24-ultra-256-gb-gold-8KEL3eEgbxifCQjsARsF0JDD.html,5,2026-10-04T05:35:34.747517+00:00,individual,"Assalamu Alaikum Warahmatullahi Wabarakatuh
Fresh condition
Box: Only Device
Cash Memo: Available
Replacement Guarantee: Get up to 7 days (conditions apply)
Location: Rajshahi Kadirganj Chalpotti, beside Large Farmer, behind Swapnochura Plaza Nagar Bhaban.
Shop No: 123 - Ground floor beside lift
Shop Name: Rajshahi Mobile Bari 019XXXXXXXX"
Samsung Galaxy S24 Ultra 256 GB Blue,75000,Used,"Rajshahi, Uposahar",2 days ago,https://bikroy.com/uposahar/mobile-phones/samsung-galaxy-s24-ultra-256-gb-blue-AXzGVaN0503mlpEfaQNn27TF.html,3,2026-10-04T05:35:35.004015+00:00,individual,"Full fresh, completely like new. You won't even be able to tell it's a used phone."
Samsung Galaxy S23 Ultra 256 GB Gray,52000,Used,"Rajshahi, Kazla",05/09,https://bikroy.com/kazla/mobile-phones/samsung-galaxy-s23-ultra-256-gb-gray-dDvoPueMFVcMhgJnE6FVep3b.html,3,2026-10-04T05:35:35.398833+00:00,individual,100% fress dakhe niben
New Samsung Galaxy S24 Ultra 256 GB Black,70000,Brand New,"Rajshahi, Rajpara",23/09,https://bikroy.com/rajpara/mobile-phones/new-samsung-galaxy-s24-ultra-256-gb-black-C5nNwcTigbQ8QaUIYwE6ymyQ.html,5,2026-10-04T05:35:36.152483+00:00,individual,"Very good condition
Performance is completely top-notch"
Samsung Galaxy S23 Ultra 256 GB Blue,65500,Used,"Rajshahi, Uposahar",1 day ago,https://bikroy.com/uposahar/mobile-phones/samsung-galaxy-s23-ultra-256-gb-blue-pWQKEpgMrZhCqCUtSL8UDQZN.html,5,2026-10-04T05:35:36.640466+00:00,individual,"Exchange possible with iPhone 16 pro max 
98% fresh condition."
Samsung Galaxy S25 Ultra 256 GB Gray,85000,Used,"Rajshahi, Shaheb Bazar",01/10,https://bikroy.com/shaheb-bazar/mobile-phones/samsung-galaxy-s25-ultra-256-gb-gray-hsrLZop71cSUFp5XUvwdkFZB.html,4,2026-10-04T05:35:37.337765+00:00,individual,"Full fresh top notch, no spot like new
12/256
Purchased from Gadget Ultimate.
Memo + Phone
Phone :"
Samsung Galaxy S24 Ultra 256 GB Silver,78000,Used,"Rajshahi, Shaheb Bazar",29/09,https://bikroy.com/shaheb-bazar/mobile-phones/samsung-galaxy-s24-ultra-256-gb-silver-1JoojejbPNNMuQ3Y7dXGUOEk.html,5,2026-10-04T05:35:38.057462+00:00,individual,Fresh phone.. No problem.... All parts original... Will provide NID card for security
Samsung Galaxy S24 Ultra 256 GB Black,72000,Used,"Rajshahi, Paba",29/09,https://bikroy.com/paba/mobile-phones/samsung-galaxy-s24-ultra-256-gb-black-dqSyw31ieoWZMjclyTFJY4Fn.html,4,2026-10-04T05:35:38.758474+00:00,individual,"The condition of the phone is very good, there are no problems. Comes with the Original Box.
Location: Katakhali, Rajshahi."
Samsung Galaxy S24 Ultra 256 GB Silver,71000,Used,"Rajshahi, Kadirgonj",3 hours ago,https://bikroy.com/kadirgonj/mobile-phones/samsung-galaxy-s24-ultra-256-gb-silver-sJppHyTsbzJ0Ks7VIoYFGSaD.html,5,2026-10-04T05:35:39.356633+00:00,individual,"Assalamu Alaikum wa Rahmatullahi wa Barakatuh
Fresh Condition
Box: Only Device
Cash Memo: Available
Replacement Guarantee: Get up to 7 days (conditions apply)
Location: Rajshahi Kadirganj Chalpotti, beside Large Farmer, behind Swapnochura Plaza Nagar Bhaban.
Shop No: 123 - Ground Floor beside the lift
Shop Name: Rajshahi Mobile Bari 019XXXXXXXX"
Samsung Galaxy S20 FE 128 GB Black,25000,Used,"Rajshahi, Chhota Banagram",24/09,https://bikroy.com/chhota-banagram/mobile-phones/samsung-galaxy-s20-fe-128-gb-black-sgyURJvzLIEmKnmnzaYpcxHf.html,5,2026-10-04T05:35:40.046235+00:00,individual,"This phone is very good, this phone is in very fresh condition."
Samsung Galaxy S24 FE 128 GB,38000,Used,"Rajshahi, Shaheb Bazar",2 days ago,https://bikroy.com/shaheb-bazar/mobile-phones/samsung-galaxy-s24-fe-128-gb-eZrto1XaFt1fc9s2ZRNwFn9G.html,5,2026-10-04T05:35:40.757941+00:00,individual,The phone's internal performance is 100/100. There are no scratches on the phone's body. You can inspect and purchase the phone in person while standing there. The phone's color is stunning. The phone's battery backup is top-notch.
Samsung Galaxy S20 Ultra 5G 128 GB Black,23990,Used,"Rajshahi, Shaheb Bazar",11/09,https://bikroy.com/shaheb-bazar/mobile-phones/samsung-galaxy-s20-ultra-5g-128-gb-black-nyYF4vcbRnEqThfGqCCq8bNv.html,4,2026-10-04T05:35:41.187786+00:00,individual,"No issues with this phone.

WhatsApp only at 014XXXXXXXX"
Samsung Galaxy S21 FE 5G 128 GB Purple,18000,Used,"Rajshahi, Tanore",28/09,https://bikroy.com/tanore/mobile-phones/samsung-galaxy-s21-fe-5g-128-gb-purple-xjRNa6B7hU1wYRRXp4n4rHcb.html,5,2026-10-04T05:35:41.858173+00:00,individual,"Model: Samsung S21 FE
RAM & ROM: 8/128
Completely fresh phone, all parts original. Only has cover usage marks on the body. Apart from that, there are no issues. You can check thoroughly before buying. NID can be provided as security.
Location: Tanore, Rajshahi"
Samsung Galaxy A34 5G 128 GB Black,21000,Used,"Rajshahi, Shaheb Bazar",06/09,https://bikroy.com/shaheb-bazar/mobile-phones/samsung-galaxy-a34-5g-128-gb-black-89LJgMUcIK9IL0obG8zrm3NU.html,5,2026-10-04T05:35:42.403478+00:00,individual,"ফোনের কনডিশন একদম নতুন।
ফোনের পিছনে ব্যাক পলি আছে,যার জন্য কোজ ক্র‍্যাচ পড়েনি।
ফোনের সাথে ওরিজিনাল স্যামসাং এর চার্জার আছে।
ফোন কিনার মেমো,বক্স সব আছে।"
Samsung Galaxy Note 10 Plus 5G 256 GB Blue,19500,Used,"Rajshahi, Shaheb Bazar",26/09,https://bikroy.com/shaheb-bazar/mobile-phones/samsung-galaxy-note-10-plus-5g-256-gb-blue-wKS1yGRb8cquvF3I779dGMPf.html,5,2026-10-04T05:35:43.041135+00:00,individual,"Exchange possible if you give a lower version and add money. 
Selling because I need money now. 
If you are interested then inbox... 
We will talk about the phone.
Original price - 30000
Discounted price on this."
New Samsung Galaxy S23 FE 256 GB Black,35000,Brand New,"Rajshahi, Nawdapara",27/09,https://bikroy.com/nawdapara/mobile-phones/new-samsung-galaxy-s23-fe-256-gb-black-n3ceqKdAhlUSUslWmzM35gBH.html,5,2026-10-04T05:35:43.606442+00:00,individual,Used for 4 months
New Samsung Galaxy A15 5G 256 GB White,18999,Brand New,"Rajshahi, Vodra",1 day ago,https://bikroy.com/vodra/mobile-phones/new-samsung-galaxy-a15-5g-256-gb-white-khjzStvu9IVYXPSkuoRxP6hS.html,5,2026-10-04T05:35:44.054008+00:00,individual,"Experience smart design and incredible performance with the Samsung A15, your perfect choice.

Limited stock – first come, first served!
Our Address: Baneswar Shibpur Hat, Puthia, Rajshahi
100% Trustworthiness
Right price, right product
FAHIM mobile zone, your trusted mobile shop"
Samsung Galaxy S23 FE 128 GB,27500,Used,"Rajshahi, Shaheb Bazar",16/09,https://bikroy.com/shaheb-bazar/mobile-phones/samsung-galaxy-s23-fe-128-gb-7DcwWhEawXDOpdQwnYWreXH6.html,5,2026-10-04T05:35:44.544072+00:00,individual,"Exchange with iPhone 12 Pro bypass 
Or 
iPhone 13 bypass 
Battery Health 85+"
Samsung Galaxy A35 128 GB Pink,18500,Used,"Rajshahi, Boalia",26/09,https://bikroy.com/boalia/mobile-phones/samsung-galaxy-a35-128-gb-pink-paYQDgZdZBWibHQ9C1rI288r.html,5,2026-10-04T05:35:45.344133+00:00,individual,"Samsung Galaxy A35 5G everything is original. Only settings won't Reset. Indian installment locked phone. There is no box or charger with the phone. It is in completely fresh condition. I need money, so I will sell it urgently."
Samsung Galaxy S20+ 5G 128 GB Blue,30000,Used,"Rajshahi, Uposahar",27/09,https://bikroy.com/uposahar/mobile-phones/samsung-galaxy-s20-5g-128-gb-blue-iHJjgyvSnKyvj8eVSZ39WTiq.html,3,2026-10-04T05:35:46.091661+00:00,individual,"Everything in the phone is all OK. Only the back panel is cracked due to dropping from the hand. The phone was bought officially. However, the box and charger are lost."
Samsung Galaxy S20 FE 5G 128 GB Blue,19000,Used,"Rajshahi, Shaheb Bazar",22 hours ago,https://bikroy.com/shaheb-bazar/mobile-phones/samsung-galaxy-s20-fe-5g-128-gb-blue-pTCUV6lut5loUXBjdzBlCWyo.html,5,2026-10-04T05:35:46.606305+00:00,individual,"Full fresh phone, to know details please call at 014XXXXXXXX"
Samsung Galaxy S21 5G 256 GB Purple,22000,Used,"Rajshahi, Motihar",25/09,https://bikroy.com/motihar/mobile-phones/samsung-galaxy-s21-5g-256-gb-purple-5Db29E34KKOPkChXveRN45ba.html,5,2026-10-04T05:35:47.339187+00:00,individual,টাকার দরকার এজন্য সেল দিচ্ছি ফোন দেখতে হলে অবশ্যই লোকেশনে এসে দেখেশুনে চেক করে নিয়ে যাবেন ধন্যবাদ
Samsung Galaxy Note10+ 5G 256 GB,25900,Used,"Rajshahi, Kadirgonj",3 hours ago,https://bikroy.com/kadirgonj/mobile-phones/samsung-galaxy-note10-5g-256-gb-sjnNxeecGonpF4kKwvdvOn6u.html,5,2026-10-04T05:35:47.926892+00:00,individual,"Emergency sale post, absolutely full fresh condition 013XXXXXXXX"
Samsung Galaxy S24 Ultra 256 GB Silver,83000,Used,"Chattogram, Agrabad",09/05,https://bikroy.com/agrabad/mobile-phones/samsung-galaxy-s24-ultra-256-gb-silver-kh0pyyOSp9vMh32h4kTV7h0k.html,3,2026-10-04T05:35:48.522442+00:00,individual,"• Full fresh - not a single scratch
• Full box available (IMEI & Serial. matched)
• 12GB RAM / 256GB Storage
• Official phone
• First owner (personal use)
• Price fixed
• With original 45W adapter + cable
Serious buyers only inbox me."
Samsung Galaxy S24 Ultra 256 GB Black,85000,Used,"Chattogram, Agrabad",19/07,https://bikroy.com/agrabad/mobile-phones/samsung-galaxy-s24-ultra-256-gb-black-6tG5zsRVYCqTAF5F626HmuwZ.html,5,2026-10-04T05:35:48.885894+00:00,individual,Phone like new. No repair history. Box nai but any kind of security dewa Jabe. Everything works perfectly.Location must.
Samsung Galaxy Z Flip6 512 GB White,130000,Used,"Chattogram, Mirsharai",08/08,https://bikroy.com/mirsharai/mobile-phones/samsung-galaxy-z-flip6-512-gb-white-4YS26EPVWOGhTN4W2Scx1hHv.html,3,2026-10-04T05:35:49.336225+00:00,individual,"Used for two months, still fully fresh, no problems with the mobile, like new"
Samsung Galaxy S26+ 256 GB White,95000,Used,"Chattogram, Chawkbazar",21 hours ago,https://bikroy.com/chawkbazar/mobile-phones/samsung-galaxy-s26-256-gb-white-6umLXyE1pBcY3nttEPkxjkSE.html,3,2026-10-04T05:35:50.062387+00:00,individual,"Samsung S26 Plus
12/256
with box
White colour
Few days Used."
Samsung Galaxy S24 512 GB Black,84990,Used,"Chattogram, CDA Avenue",23 hours ago,https://bikroy.com/cda-avenue/mobile-phones/samsung-galaxy-s24-512-gb-black-dJz194axAQNfQVFkz3a2lh5l.html,2,2026-10-04T05:35:50.586697+00:00,individual,"Samsung Galaxy S24 Ultra (12GB / 512GB). Only used for a few months. Ready stock. Get 20% extra trade-in value for your old phone! Warranty benefits: 15-day replacement guarantee, lifetime service warranty. Call now: Finlay Square, Level-4, Shop-406, 2 No Gate, Nasirabad, Chattogram"
Samsung S26 ULTRA 12/256 NEW (Brand New),138000,Brand New,"Chattogram, Chawkbazar",1 day ago,https://bikroy.com/chawkbazar/mobile-phones/samsung-s26-ultra-12-256-new-brand-new-2WxjmLrCfvcfsaNHyOY3dzvR.html,0,2026-10-04T05:35:51.226311+00:00,individual,"🔳 INTACT SEAL PACK 
🔳 Storage: 12/256GB
🔳 Colour: BLUE
◾ Box And Original Cable


🔰 Our Speciality......................................

◾Original & Non-Refurbished Product
◾Emi Facilities Available*
◾Accept Visa, Master Card
◾Delivery Facility inside & Outside ctg.
◾Phone Exchange Facilities*
◾Our All Product 7 Days replacement And 1 year Service Warranty



🔰 Our Showroom Address:


Rony Enterprise (Since 2007)
Bali Arcade Shopping Center
4th Floor, Shop no 03(infront of chawkbazar Post Office
Sirajuddula Road, Chawkbazar, Chattogram Show more"
Samsung Galaxy S25 Ultra 256 GB Blue,103000,Used,Chattogram,11/05,https://bikroy.com/chattogram/mobile-phones/samsung-galaxy-s25-ultra-256-gb-blue-wBM6eUgeyaTvVHJYvkIn3vle.html,3,2026-10-04T05:35:51.997304+00:00,individual,Brand new condition. Not a single scratch. Used for three months. Box and cable included. You must come to my residence for the location. Price is almost fixed.
Samsung Galaxy S24 Ultra 256 GB Silver,86000,Used,"Chattogram, Double Mooring",25/06,https://bikroy.com/double-mooring/mobile-phones/samsung-galaxy-s24-ultra-256-gb-silver-8PXh2Gu03AJT1bB0ruDMJrMv.html,5,2026-10-04T05:35:52.723630+00:00,individual,Comes with the original charging cable (unused) and 4 premium covers.
Samsung Galaxy S24 Ultra 256 GB Gray,80000,Used,"Chattogram, Kotwali, Chattogram",09/09,https://bikroy.com/kotwali/mobile-phones/samsung-galaxy-s24-ultra-256-gb-gray-gcyFfIPIhuTAarznCVVyoFMf.html,3,2026-10-04T05:35:53.212507+00:00,individual,"Contract - 
(Wp)
Used
Condition
No cracks
Physical Condition
256 GB
Internal Storage
12 GB
Ram
No
Card Slot
Triple 200 MP / 50 MP / 10 MP
Main Camera
12 MP
Selfie Camera
6.8 inches
Screen Size
1440 x 3120
Resolution
AMOLED
Display Type
Dual Nano-SIMs and eSIM
SIM
Android
Operating System
5000 mAh
Battery
Gray
Color"
Samsung Galaxy Z Flip8 256 GB Black,105000,Used,"Chattogram, Chawkbazar",19 hours ago,https://bikroy.com/chawkbazar/mobile-phones/samsung-galaxy-z-flip8-256-gb-black-nOEb7exQbc1sIT2jyJwWItFV.html,3,2026-10-04T05:35:53.951155+00:00,individual,Flip 8 Black with box 12/256
Samsung Galaxy S25+ 12/256GB FULL BOX (Used),85000,Used,"Chattogram, Chawkbazar",23 hours ago,https://bikroy.com/chawkbazar/mobile-phones/samsung-galaxy-s25-12-256gb-full-box-used-uRUdDTM73SzH6xroD0NgA4Pf.html,0,2026-10-04T05:35:54.445314+00:00,individual,"🔳 TWO MONTH USED ONLY AS LIKE AS NEW CONDITION
🔳 Storage: 12/256gb
🔳 Colour: SILVER
◾ Original Cable AND BOX

🔰 Our Speciality......................................

◾Original & Non-Refurbished Product
◾Emi Facilities Available*
◾Accept Visa, Master Card
◾Delivery Facility inside & Outside ctg.
◾Phone Exchange Facilities*
◾ All Products Original And Genuine.
◾Our All Product 7 Days replacement And 1 year Service Warranty



🔰 Our Showroom Address:


Rony Enterprise (Since 2007)
Bali Arcade Shopping Center
4th Floor, Shop no 03(infront of chawkbazar Post Office
Sirajuddula Road, Chawkbazar, Chattogram Show more"
Samsung Galaxy Z Fold 6 (12/256) SILVER INTACT (Brand New),150000,Brand New,"Chattogram, Chawkbazar",23 hours ago,https://bikroy.com/chawkbazar/mobile-phones/samsung-galaxy-z-fold-6-12-256-silver-ntact-brand-new-xrm71kM0G8kG1ttk54QkJyb2.html,0,2026-10-04T05:35:55.273297+00:00,individual,"🔳 INTACT SEAL PACK. DUAL SIM 🔳 Storage: 12/256GB 🔳 Colour: SILVER ◾ Box And Original Cable 🔰 Our Speciality: ◾Original & Non-Refurbished Product ◾Emi Facilities Available* ◾Accept Visa, Master Card ◾Delivery Facility inside & Outside ctg. ◾Phone Exchange Facilities* ◾ All Products Original And Genuine. ◾Our All Product 7 Days replacement And 1 year Service Warranty 🔰 Our Showroom Address: Rony Enterprise (Since 2007), Bali Arcade Shopping Center, 4th Floor, Shop no 03 (infront of chawkbazar Post Office), Sirajuddula Road, Chawkbazar, Chattogram Show more"
Samsung Galaxy S24 Ultra (Used),90000,Used,"Chattogram, Khulshi",23/04,https://bikroy.com/khulshi/mobile-phones/samsung-galaxy-s24-ultra-used-7CO4BEAXvKuCTvUK7J1NNbx6.html,3,2026-10-04T05:35:55.892666+00:00,individual,"100% fresh.
Full boxed. Not a single spot. Original cable.
With premium phone case."
Samsung Galaxy S24 Ultra 256 GB Silver,79000,Used,"Chattogram, Kotwali, Chattogram",20/07,https://bikroy.com/kotwali/mobile-phones/samsung-galaxy-s24-ultra-256-gb-silver-aQUrdG3t6ifUqQH27YqbQyQq.html,3,2026-10-04T05:35:56.736498+00:00,individual,No issues. Everything is original. The mobile has a screen protector and a lens protector applied. The memo will be provided with the mobile. You must come to the location to pick up the mobile.
Samsung Galaxy Z Fold 8 512 GB Purple,210000,Used,"Chattogram, Chawkbazar",19 hours ago,https://bikroy.com/chawkbazar/mobile-phones/samsung-galaxy-z-fold8-512-gb-purple-jTXINiQgaaabNNfJjg5LyAPg.html,3,2026-10-04T05:35:57.448748+00:00,individual,"Samsung Fold 8 with 3 Years Warranty.
16/512
with Box
Just Open Box"
New Samsung Galaxy S25 Ultra 256 GB Black,99999,Brand New,"Chattogram, CDA Avenue",2 hours ago,https://bikroy.com/cda-avenue/mobile-phones/new-samsung-galaxy-s25-ultra-256-gb-black-dQ7YRE6nbI0M4sGPgYb5KYy9.html,3,2026-10-04T05:35:57.968078+00:00,individual,"Brand new Intech box! 
12GB/256GB
Black color

ক্রেডিট কার্ড এর মাধ্যমে ২০ টির অধিক ব্যাংকে ৩৬ মাস পর্যন্ত EMI এর সুবিধা রয়েছে। (*শর্ত প্রযোজ্য*)"
New Samsung Galaxy s26 256 GB,114999,Brand New,"Chattogram, CDA Avenue",2 hours ago,https://bikroy.com/cda-avenue/mobile-phones/new-samsung-galaxy-s26-256-gb-mkbvfDnmZI7W37nvy1yxJadN.html,4,2026-10-04T05:35:58.559130+00:00,individual,"Display: 6.9"" QHD+ Dynamic LTPO AMOLED 2X, 120Hz, HDR10+, 2600 nits (peak)
Processor: Snapdragon 8 Elite Gen 5, 
Camera: 200MP Wide, 50MP Ultrawide, 10MP 3x, 50MP 5x Telephoto, 12MP Selfie, 8K video recording
Battery: Li-Ion 5000 mAh battery,
Enjoy EMI facilities up to 36 months through credit cards from over 20 banks. (*Conditions apply*)"
Samsung Galaxy Z Fold 6 (12/256) DUAL SIM BOX (Used),120000,Used,"Chattogram, Chawkbazar",1 day ago,https://bikroy.com/chawkbazar/mobile-phones/samsung-galaxy-z-fold-6-12-256-dual-sim-box-used-zcU1KIkG3VDPt1bIhFEOOgY4.html,2,2026-10-04T05:35:59.274251+00:00,individual,"🔳 Used abroad for 2/3 months. As good as new condition.
🔳 Storage: 12/256GB
🔳 Colour: Silver
◾ Box and original cable included

🔰 Our Speciality......................................

◾ Original & Non-Refurbished Product
◾ EMI Facilities Available*
◾ Accept Visa, Master Card
◾ Delivery facility inside & outside Chattogram
◾ Phone exchange facilities*
◾ All products are original and genuine.
◾ 7-day replacement and 1-year service warranty on all products

🔰 Our Showroom Address:

Rony Enterprise (Since 2007)
Bali Arcade Shopping Center
4th Floor, Shop no 03 (in front of Chawkbazar Post Office)
Sirajuddula Road, Chawkbazar, Chattogram Show more"
Samsung Galaxy S25 Ultra 256 GB Gold,73000,Used,"Chattogram, Halishahar",06/09,https://bikroy.com/halishahar/mobile-phones/samsung-galaxy-s25-ultra-256-gb-gold-dmdIAbPCa2ccQxMLZMfaXbNs.html,4,2026-10-04T05:35:59.718504+00:00,individual,Samsung s25 12/256.Batry 5000mah.2psy+1E sim vietnam varient.soto akta issu baki 100% OK.Dekta kubi gorgius & elegent nila nita paren.Exchinge posible with flagship phon.
Samsung Galaxy S25 512 GB Blue,70000,Used,"Chattogram, Sitakunda",10/09,https://bikroy.com/sitakunda/mobile-phones/samsung-galaxy-s25-512-gb-blue-nB8QnLaUgmzxJ1YtfErK8Bbr.html,5,2026-10-04T05:36:00.293400+00:00,individual,"Samsung S25 12/512GB, only phone and cash memo.
Exchange only, no sale: Samsung S24 Ultra / iPhone 15 Pro / Vivo X200 Pro Global variant.
The mobile has not a single spot of issue, fully fresh with lamination, check as much as you like. The mobile was bought from abroad so the box couldn't be brought, but cash memo is available.
Don't bother with unnecessary lowball offers, inbox if you really want to buy."
Samsung Galaxy S21 FE 5G 128 GB Blue,24000,Used,"Chattogram, Agrabad",23 hours ago,https://bikroy.com/agrabad/mobile-phones/samsung-galaxy-s21-fe-5g-128-gb-blue-k3bguO7oc0z9ll06t9JkuMyj.html,3,2026-10-04T05:36:01.011115+00:00,individual,"Set is in fully fresh condition. RAM 8GB, Storage 128GB. Comes with charger."
New Samsung Galaxy S24 Ultra 256 GB Blue,56000,Brand New,"Chattogram, Double Mooring",1 day ago,https://bikroy.com/double-mooring/mobile-phones/new-samsung-galaxy-s24-ultra-256-gb-blue-ddLGQcbGQUhQXQAEiSHXFOh2.html,4,2026-10-04T05:36:01.488291+00:00,individual,"Samsung s 24 ultra with box
256 gb
All okh
Note: Display change only.
Other okh
Location: East Madarbari, Chattogram 
Location must
Contact 015XXXXXXXX"
Samsung Galaxy S24 Ultra 256 GB Black,75990,Used,"Chattogram, Chawkbazar",23 hours ago,https://bikroy.com/chawkbazar/mobile-phones/samsung-galaxy-s24-ultra-256-gb-black-5ora4ajEP6XBgOPqfVpEWN19.html,5,2026-10-04T05:36:02.008958+00:00,individual,"Samsung Galaxy S24 Ultra. Only few days used | Full fresh condition. 12GB RAM | 256GB Storage. Flagship Pro Camera. Premium Titanium Design. Super smooth performance. Price: 75,990৳"
Samsung Galaxy S24 FE 256 GB Green,41990,Used,"Chattogram, CDA Avenue",23 hours ago,https://bikroy.com/cda-avenue/mobile-phones/samsung-galaxy-s24-fe-256-gb-green-ndqYZArJqC3sCbjohh9M4aHv.html,3,2026-10-04T05:36:02.480753+00:00,individual,"📱 Samsung Galaxy S25 FE

✨ Experience Like-New Quality | Fully Fresh Condition

⚡ 8GB RAM | 256GB Storage | 📸 Flagship Camera | ✨ Premium Design

🛡️ Enjoy 15-Day Replacement Guarantee | Lifetime Service Warranty

📍Finlay Square, Level-4, Shop-406, 2 No Gate, Nasirabad, Chattogram"
Samsung Galaxy S20 Ultra 256 GB Bronze,28500,Used,"Chattogram, Khulshi",29/09,https://bikroy.com/khulshi/mobile-phones/samsung-galaxy-s20-ultra-256-gb-bronze-6p3JyrBQB9VjgkWKLagSnXMo.html,5,2026-10-04T05:36:02.875486+00:00,individual,"Purchased in 2021. 
No box and charger. NID copy can be provided. 
There are cracks on the glass above the display and camera. 
Battery backup is moderate. 
Can write and work with a stylus. 
You can take it if you like it after seeing it. 
Bata Goli, GEC, Chattogram."
Samsung Galaxy A35 128 GB Rose Gold,23500,Used,"Chattogram, Muradpur",2 hours ago,https://bikroy.com/muradpur/mobile-phones/samsung-galaxy-a35-128-gb-rose-gold-zWazxEKXz7vMJJvMer6BmmzD.html,3,2026-10-04T05:36:03.540993+00:00,individual,"Samsung galaxy A35 5G 
8/128
Full box... 
 সুবিধা:
 ১৫ দিনের রিপ্লেসমেন্ট গ্যারান্টি
 Device – 
 Shop No: 319, 3rd Floor (Lift 2 )
 CPDL RB Midtown Market, মুরাদপুর, চট্টগ্রাম (মক্কা হোটেলের পাশে)"
Samsung Galaxy S22 Ultra 256 GB Purple,33000,Used,"Chattogram, Patenga",1 day ago,https://bikroy.com/patenga/mobile-phones/samsung-galaxy-s22-ultra-256-gb-purple-tUQH4BOPS8Rqm8dhRkwESO1h.html,3,2026-10-04T05:36:04.245319+00:00,individual,Fresh condition... Check and take at a fixed price
Samsung Galaxy S25 12/256GB FULL BOX (Used),65000,Used,"Chattogram, Chawkbazar",23 hours ago,https://bikroy.com/chawkbazar/mobile-phones/samsung-galaxy-s25-12-256gb-full-box-used-fGwoErvMW1U3jFhSVgRX5s6w.html,0,2026-10-04T05:36:05.027962+00:00,individual,"🔳 TWO MONTH USED ONLY AS LIKE AS NEW CONDITION
🔳 Storage: 12/256gb
🔳 Colour: SILVER
◾ Original Cable AND BOX


🔰 Our Speciality......................................

◾Original & Non-Refurbished Product
◾Emi Facilities Available*
◾Accept Visa, Master Card
◾Delivery Facility inside & Outside ctg.
◾Phone Exchange Facilities*
◾ All Products Original And Genuine. 
◾Our All Product 7 Days replacement And 1 year Service Warranty



🔰 Our Showroom Address:


Rony Enterprise (Since 2007)
Bali Arcade Shopping Center
4th Floor, Shop no 03(infront of chawkbazar Post Office
Sirajuddula Road, Chawkbazar, Chattogram Show more"
Samsung Galaxy A35 128 GB Pink,23990,Used,"Chattogram, Agrabad",1 day ago,https://bikroy.com/agrabad/mobile-phones/samsung-galaxy-a35-128-gb-pink-uoH420XnoQFDCFqm5XQP5yAC.html,2,2026-10-04T05:36:05.783844+00:00,individual,"Set in fully fresh condition 
100% ok
Ram 8+128
With charger and cash memo"
Samsung Galaxy A52 5G 128 GB Blue,25000,Used,"Chattogram, Chawkbazar",27/09,https://bikroy.com/chawkbazar/mobile-phones/samsung-galaxy-a52-5g-128-gb-blue-3jucFhvo2qh1ePYcFH1AvThP.html,5,2026-10-04T05:36:06.796812+00:00,individual,"No box... only device... There are minor scratches, check and take... possible only inctg... Rahattarpul, ctg... Bought it for 45k when I bought it new"
Samsung Galaxy S23 Ultra 256 GB Rose Gold,42000,Used,"Chattogram, Pahartali",15/09,https://bikroy.com/pahartali/mobile-phones/samsung-galaxy-s23-ultra-256-gb-rose-gold-sDO2ZUM3WXE7Qp0kooIHd5HU.html,5,2026-10-04T05:36:07.248239+00:00,individual,"Samsung S23 Ultra 
Storage 256 GB 
Phone is in absolute fresh condition, used like new.
Just a small mark on the display caused by a key hit in the pocket... S Pen occasionally disturbs a bit, otherwise everything is okay...
Memo will be provided with the phone...
Must come to the location if you want to buy the phone."
Samsung Galaxy S24 FE 256 GB Blue,41000,Used,"Chattogram, Agrabad",23 hours ago,https://bikroy.com/agrabad/mobile-phones/samsung-galaxy-s24-fe-256-gb-blue-b3KeII4Apy4JHQ68F0JlEU0U.html,3,2026-10-04T05:36:07.737647+00:00,individual,"Samsung S24 FE 5g
Set fully fresh conditions 
200% ok set 
Ram 8+128
With charger 
100% genuine phone... Not a single Security issue pls..."
Samsung Galaxy S23+ 256 GB Black,26000,Used,"Chattogram, Halishahar",22/09,https://bikroy.com/halishahar/mobile-phones/samsung-galaxy-s23-256-gb-black-kv1x9rIFviucJN2IFUD938lU.html,5,2026-10-04T05:36:08.337032+00:00,individual,"Selling my Samsung Galaxy S23 Plus, used for 1.5 years.
Key Specifications:
* Storage/RAM: 8GB RAM / 256GB ROM
* Processor: Snapdragon 8 Gen 2 for Galaxy"
Samsung Galaxy S25 FE 128 GB,56000,Used,"Chattogram, Chawkbazar",21 hours ago,https://bikroy.com/chawkbazar/mobile-phones/samsung-galaxy-s25-fe-128-gb-nB8MmFxzvs1c9uDTWSGHJxOL.html,3,2026-10-04T05:36:09.098517+00:00,individual,"Samsung S25 FE
8/128
With box
Jet Black"
Samsung Galaxy S25 Ultra 512 GB White,102000,Used,"Dhaka, Baridhara",5 hours ago,https://bikroy.com/baridhara/mobile-phones/samsung-galaxy-s25-ultra-512-gb-white-zErySP9Rx83e90DWpP1HJZa0.html,3,2026-10-04T05:36:09.834921+00:00,individual,Samsung S25 Ultra available at Jamuna Future Park.
Samsung Galaxy Z Fold7 512 GB Gray,131990,Used,"Dhaka, Mohammadpur",3 hours ago,https://bikroy.com/mohammadpur/mobile-phones/samsung-galaxy-z-fold7-512-gb-gray-aYXYoFAJH3Q1iiNyjHuIhKXW.html,5,2026-10-04T05:36:10.555921+00:00,individual,"Shop Name :Ab international 
Level -06 Shop number-(657,658)
Tokyo Square,Japan garden city, Mohammadpur
Call us for any question

👉 USED ফোন কিনে নিয়ে আর কোন দুশ্চিন্তা নয় কারণ আমরা দিচ্ছি ১০০% অরিজিনাল এবং অথেন্টিক ফোন। 
👉৭ দিনের মধ্যে কোনরকম প্রবলেম হলে রিপ্লেস করে দেওয়া হবে( Expect display issues)
👉এক বছরের ফ্রি সার্ভিস ওয়ারেন্টি"
Samsung Galaxy S26 Ultra 5G 256 GB Black,97999,Used,"Dhaka, Mirpur",6 hours ago,https://bikroy.com/mirpur/mobile-phones/samsung-galaxy-s26-ultra-5g-256-gb-black-V24fo0MA1hj52FfLs9oM46g.html,5,2026-10-04T05:36:11.156041+00:00,individual,"SR Telecom
Shop 29
Level 3
Bagdad shopping complex, mirpur1
RAM: 12
ROM: 256
Includes: Cash memo, box, and mobile.
Our Special Facilities:
100% Genuine mobile
7-day replacement guarantee, conditions apply.
1-year free service warranty, excluding parts
EMI for credit card
Home delivery and courier service available.
Confirm with a payment of only 500 Taka 018XXXXXXXX"
Samsung Galaxy S24 Ultra 256 GB Gray,76000,Used,"Dhaka, Mirpur",26/09,https://bikroy.com/mirpur/mobile-phones/samsung-galaxy-s24-ultra-256-gb-gray-fDNy7UOH407yIlkbazUXbNnz.html,5,2026-10-04T05:36:11.688094+00:00,individual,"স্যামসাং এস২৪ আল্ট্রা একদম ফ্রেশ কন্ডিশন। একটি আঁচড়ও নেই
 র‍্যাম/রোম: ১২জিবি / ২৫৬
বক্স: অ্যাভেইলেবল
 ব্যাটারি: চমৎকার
 ডিসপ্লে ও ক্যামেরা: পারফেক্ট
 কোনো সমস্যা নেই — সবকিছু ১০০%
 মূল্য: ৳[৭৬০০০]
লোকেশন মিরপুর ২। লোকেশন থেকে নিতে হব{phone=০১৭১৭০৯২৫৩৫}"
Samsung Galaxy S25 Ultra 256 GB Gray,92000,Used,"Dhaka, Baridhara",3 hours ago,https://bikroy.com/baridhara/mobile-phones/samsung-galaxy-s25-ultra-256-gb-gray-BhTJYKJNxR4Nmy56kgeLHHSZ.html,5,2026-10-04T05:36:12.043424+00:00,individual,Full box and in pristine condition.
Samsung Galaxy S24 Ultra 256 GB Gray,75000,Used,"Dhaka, Dhanmondi",23 hours ago,https://bikroy.com/dhanmondi/mobile-phones/samsung-galaxy-s24-ultra-256-gb-gray-1AEkTeG1OksumB2i5ZWwWnZ2.html,5,2026-10-04T05:36:12.604606+00:00,individual,"Samsung s24 ultra
Without box
12/256 GB"
Samsung Galaxy S24 Ultra 256 GB Bronze,80000,Used,"Dhaka, Baridhara",6 hours ago,https://bikroy.com/baridhara/mobile-phones/samsung-galaxy-s24-ultra-256-gb-bronze-3WRG6Ye7jJ13UWZ7rjIZVVVw.html,3,2026-10-04T05:36:13.155647+00:00,individual,Samsung s24 Ultra Jamuna future park
Samsung Galaxy S25 Ultra 256 GB White,88000,Used,"Dhaka, Savar",2 hours ago,https://bikroy.com/savar/mobile-phones/samsung-galaxy-s25-ultra-256-gb-white-1i0HcnNpprwDnaV89lvyrZ6u.html,4,2026-10-04T05:36:13.744541+00:00,individual,"Display:6.9′′ QHD+ Dynamic AMOLED 2X.
Resolution:3120 × 1440
Processor:Snapdragon 8 Elite for Galaxy.
RAM:12GB
Storage:256GB
Main Camera:200MP, OIS, f/1.7
Ultra-wide
50MP, f/1.9
Telephoto:50MP 5× Optical Zoom + 10MP 3× Optical Zoom
Front Camera:12MP
Video:সর্বোচ্চ 8K
Battery:5000mAh
Charging:
45W wired, wireless.
Android 15 + One UI 7
Network:5G"
Samsung Galaxy S24 Ultra 256 GB Gray,77999,Used,"Dhaka, Bashundhara City",23 hours ago,https://bikroy.com/bashundhara-city/mobile-phones/samsung-galaxy-s24-ultra-256-gb-gray-u4gULggw4GCNAhuR2W74fX0B.html,5,2026-10-04T05:36:14.550750+00:00,individual,"Samsung Galaxy S24 Ultra — Authentic Titanium Gray
12GB RAM / 256GB Storage
Full Boxed
7 Days Replacement without display, parts & condition
Visit Our Shop
Basement-2, Shop No: 94
Basundhara City Shopping Complex
Panthapath Dhaka 1215
You will easily find our shop on your left hand side after getting down the escalator."
New Samsung Galaxy Z Flip7 256 GB,97999,Brand New,"Dhaka, Bashundhara City",3 hours ago,https://bikroy.com/bashundhara-city/mobile-phones/new-samsung-galaxy-z-flip7-256-gb-fZNeUOyNH5E3Xz1NMCEwittK.html,3,2026-10-04T05:36:15.186217+00:00,individual,"10 days replacement guarantee
2 years service warranty
Safe courier facility across the country
Attractive exchange offers
Basement-1, Shop-84, Bashundhara City Shopping Mall
Prices are subject to change. Please contact us on WhatsApp before visiting."
Samsung Galaxy Z Fold7 256 GB Blue,124000,Used,"Dhaka, Dhanmondi",23 hours ago,https://bikroy.com/dhanmondi/mobile-phones/samsung-galaxy-z-fold7-256-gb-blue-7Rezzv3FYeZ9XpeqMYgNGQht.html,5,2026-10-04T05:36:15.881967+00:00,individual,"Samsung Z Fold 7
Without box
12/256 GB
Price: 124,000"
New Samsung Galaxy S25 Ultra 256 GB Graphite,85990,Brand New,"Dhaka, Khilgaon",2 hours ago,https://bikroy.com/khilgaon/mobile-phones/new-samsung-galaxy-s25-ultra-256-gb-graphite-5aywGvqDKNo7gGp9LSiFNgWh.html,5,2026-10-04T05:36:16.333154+00:00,individual,"12/256 GB
Brand new condition
Box available with original cable
Cash memo will be provided
Location: Khilgaon Paka Masjid Market, Shop 37, Dhaka
Contact for more details"
New Samsung Galaxy S26 256 GB,125999,Brand New,"Dhaka, Dhanmondi",2 hours ago,https://bikroy.com/dhanmondi/mobile-phones/new-samsung-galaxy-s26-256-gb-54WuA5W1vi7OFFYUFbSIGobS.html,4,2026-10-04T05:36:17.086772+00:00,individual,"Model: Samsung Galaxy S26 Ultra (SM-S948B/DS) - Dual SIM
Storage / RAM: 256GB ROM / 12GB RAM
Color: Cobalt Violet (Stunning, premium finish)
Origin: Made in Vietnam
Condition: 100% Brand New
Shop name: Tech Emporium
**Find us at:**
Shop 3104, Level 3, Shimanto Shambhar, Dhanmondi.
Call/WhatsApp: ** (Antor)**"
New Samsung Galaxy S25 Ultra 256 GB Silver,90000,Brand New,"Dhaka, Tongi",27/09,https://bikroy.com/tongi/mobile-phones/new-samsung-galaxy-s25-ultra-256-gb-silver-hn1QfWO10SzECwaS008PJopn.html,4,2026-10-04T05:36:17.612982+00:00,individual,"Assalamualaikum. I've only used it for 2 months. I bought it from Saudi Arabia. I came here for two months, but now my company is giving me an exit. Under these circumstances, I can't return to Saudi Arabia and need money immediately, which is why I want to sell my mobile phone. The phone's condition and everything else is good, but I don't have the box, okay? Only the charger."
Samsung Galaxy Z Fold7 512 GB Blue,139990,Used,"Dhaka, Mohammadpur",2 hours ago,https://bikroy.com/mohammadpur/mobile-phones/samsung-galaxy-z-fold7-512-gb-blue-cNJHUf3HgcCpWHmm1xf2BQzR.html,5,2026-10-04T05:36:18.207188+00:00,individual,"Shop Name :Ab international 
Level -06 Shop number-(657,658)
Tokyo Square,Japan garden city, Mohammadpur
Call us for any question
 USED ফোন কিনে নিয়ে আর কোন দুশ্চিন্তা নয় কারণ আমরা দিচ্ছি ১০০% অরিজিনাল এবং অথেন্টিক ফোন। 
৭ দিনের মধ্যে কোনরকম প্রবলেম হলে রিপ্লেস করে দেওয়া হবে( Expect display issues)
এক বছরের ফ্রি সার্ভিস ওয়ারেন্টি"
Samsung Galaxy S25 Ultra 256 GB White,91000,Used,"Dhaka, Baridhara",2 hours ago,https://bikroy.com/baridhara/mobile-phones/samsung-galaxy-s25-ultra-256-gb-white-foWlXuDs3rLYnMo1D46XSZ5n.html,5,2026-10-04T05:36:18.721784+00:00,individual,Samsung S25 ultra 12/256 without box fresh condition
New Samsung Galaxy S25 Ultra 256 GB Graphite,81999,Brand New,"Dhaka, Savar",2 hours ago,https://bikroy.com/savar/mobile-phones/new-samsung-galaxy-s25-ultra-256-gb-graphite-be4gTCg0MfOczWD7uRxirDFP.html,3,2026-10-04T05:36:19.349548+00:00,individual,"Samsung S25 Ultra 
✨ একদম ফ্রেশ কন্ডিশন! 💯
🔹 কোনো দাগ নেই, খোলা বা সার্ভিসিং হয়নি। পার্টস ১০০% অরিজিনাল।
🎁 সাথে চার্জার ও শপের ক্যাশ মেমো পাবেন।
🛡️ ৭ দিনের রিপ্লেসমেন্ট ও ১ বছরের সার্ভিস ওয়ারেন্টি!
🏪 Livewire Savar - NTECH BD, সেনা শপিং কমপ্লেক্স, নবীনগর, সাভার।
🚚 সারা দেশে ক্যাশ অন ডেলিভারি।
📞 বিস্তারিত জানতে কল করুন 096XXXXXXXX"
Samsung Galaxy S24 Ultra 256 GB Gray,80000,Used,"Dhaka, Hazaribagh",23 hours ago,https://bikroy.com/hazaribagh/mobile-phones/samsung-galaxy-s24-ultra-256-gb-gray-boTeeZkvM3FuoPJ0UMPODeOi.html,5,2026-10-04T05:36:20.037898+00:00,individual,"RAM 12GB.
Set memory 256GB.
Comes with everything."
Samsung Galaxy A17 5G 128 GB Black,24999,Used,"Dhaka, Gulshan",2 hours ago,https://bikroy.com/gulshan/mobile-phones/samsung-galaxy-a17-5g-128-gb-black-rIP3POAWDzZ0WcWgwa0mnEln.html,5,2026-10-04T05:36:20.680689+00:00,individual,"Samsung A17 5G official device
Official warranty is 6 months
RAM 8GB, ROM 128GB
Processor Exynos 1380
Battery 5000 mAh
Super AMOLED
10 days replacement guarantee is available
1 year service warranty is available
Location: Gulshan 2, Land View Shopping Center, shop number 24, 1st floor
Phone exchange is available
Friday market is closed
You can do EMI with a credit card"
Samsung Galaxy A17 5G 128 GB Black,24500,Used,"Dhaka, Khilkhet",5 hours ago,https://bikroy.com/khilkhet/mobile-phones/samsung-galaxy-a17-5g-128-gb-black-rIwNid5L9Z1jIas3MFyXAtPn.html,4,2026-10-04T05:36:21.338427+00:00,individual,"Samsung Galaxy A17 5G full box just 15 days used 
 
' Mobile Door BD' 
Shop No: 49, 3rd Floor (Lift-3)
Rajuk Trade Center Shopping Mall
Nikunja-2, Khilkhet, Dhaka-1229"
Samsung Galaxy Note 20 Ultra 5G 128 GB,26500,Used,"Dhaka, Mirpur",01/10,https://bikroy.com/mirpur/mobile-phones/samsung-galaxy-note-20-ultra-5g-128-gb-i0CVhTRnGEz7wNPZbnIvhilS.html,4,2026-10-04T05:36:22.084985+00:00,individual,"Assalamu Alaikum Warahmatullahi Wabarakatuh
This mobile phone in my hand needs to be sold urgently - only the display has been replaced
However, Alhamdulillah, a very good display has been installed Alhamdulillah - completely fresh
Fingerprint 100-100 Alhamdulillah
No problems of any kind
Note: Only the shop memo will be provided"
New Samsung Galaxy A56 128 GB Gray,44000,Brand New,"Dhaka, Uttara",23 hours ago,https://bikroy.com/uttara/mobile-phones/new-samsung-galaxy-a56-128-gb-gray-ilMiglVoQqrRbnTPCfAEAp9Q.html,3,2026-10-04T05:36:22.676715+00:00,individual,"Grab the brand new Galaxy A56 5G in Gray with 8/128GB capacity!
100% original and non-refurbished product.
Enjoy a 7-day replacement guarantee and a 1-year service warranty.
Easy EMI facilities are also available.
Contact us today!
Exchange Hub
Shop No: 610, 611, 628 & 629, Level-6, Tropical Alauddin Tower
Sector 3, Road 2, Rajlaxmi, Uttara.
Call for details 017XXXXXXXX"
Samsung Galaxy A34 5G 128 GB Black,24500,Used,"Dhaka, Uttara",3 hours ago,https://bikroy.com/uttara/mobile-phones/samsung-galaxy-a34-5g-128-gb-black-kW7GbPyd8nxzlgUU8AKgifvp.html,4,2026-10-04T05:36:23.423188+00:00,individual,"Brand new phone, not used yet, selling as Used due to lack of box and charger. We have a shop, you will get cash memo as security and 7 days guarantee.

Shop address : Shop No. 49, 4th Floor, Amir Complex, Azampur, Uttara, Dhaka 1230.

WhatsApp 016XXXXXXXX"
Samsung Galaxy S21+ 5G 128 GB Purple,23999,Used,"Dhaka, Savar",23 hours ago,https://bikroy.com/savar/mobile-phones/samsung-galaxy-s21-5g-128-gb-purple-BQovCcEKSoGZ2UmGNfIZ4Ghd.html,5,2026-10-04T05:36:23.965122+00:00,individual,"S21+ 5G (128GB) in super fresh condition

Location: Savar, Nobinogor, Sena Shopping Complex
Shop name: Apple Gadgets & Care
Shop no: D/43, Lift 3"
Samsung Galaxy A54 128 GB Silver,32000,Used,"Dhaka, Savar",17/09,https://bikroy.com/savar/mobile-phones/samsung-galaxy-a54-128-gb-silver-wVi7EFsrjdnZZ6mgypnEmYwf.html,5,2026-10-04T05:36:24.643657+00:00,individual,"Samsung Galaxy A54 5G — Korean Variant 
 Condition: Like New — Completely fresh
 Korean Variant
 Phone's condition is absolutely wonderful
 No problem
 Display & Camera are completely good
 Smooth performance
 
 Price: 32000 Taka
 Location: Savar, Dhaka
 Inbox if interested to buy.
 Serious Buyer Only."
Samsung Galaxy S22 5G 256 GB Black,23000,Used,"Dhaka, Badda",23/09,https://bikroy.com/badda/mobile-phones/samsung-galaxy-s22-5g-256-gb-black-vZxm9LCsVsKpHQSqHPVTIkrJ.html,5,2026-10-04T05:36:25.071326+00:00,individual,No major problem. All parts original. Only Greenline issue but does not cause any problem. Mobile:
New Samsung Galaxy A57 128 GB Blue,46500,Brand New,"Dhaka, Uttara",23 hours ago,https://bikroy.com/uttara/mobile-phones/new-samsung-galaxy-a57-128-gb-blue-nkirJSyijdF8luPGnybehDF1.html,3,2026-10-04T05:36:25.700150+00:00,individual,"Brand New Galaxy A57 8/128GB Navy Blue
Physical Dual Sim 
Made by Vietnam 



🟡 100% Original & Non Refurbished Product

🟡 7 Days Replacement & 1 Year Service Warranty

🟡 EMI Facility is also AVAILABLE

Contact Us

Exchange Hub

Shop No: 610, 611, 628 & 629 Level-6, Tropical Alauddin Tower

Sector 3, Road 2, Rajlaxmi, Uttara."
Samsung Galaxy A56 128 GB Silver,36999,Used,"Dhaka, Mirpur",5 hours ago,https://bikroy.com/mirpur/mobile-phones/samsung-galaxy-a56-128-gb-silver-gfUauHX9mEYRsPwUWxVzqL61.html,5,2026-10-04T05:36:26.521845+00:00,individual,"SR Telecom
Shop 29
Level 3
Bagdad shopping complex, Mirpur 1
RAM: 8GB
ROM: 128GB
Includes: Cash memo, box, and mobile.
Our Special Benefits:
100% Genuine Mobile
7-day replacement guarantee (conditions apply)
1-year free service warranty, excluding parts
EMI for credit card
Home delivery and courier service available.
Confirm your order by paying only 500 Taka 018XXXXXXXX"
Samsung Galaxy A55 256 GB White,36500,Used,"Dhaka, New Market, Dhaka",1 day ago,https://bikroy.com/new-market-dhaka/mobile-phones/samsung-galaxy-a55-256-gb-white-gpPUEtsUfJrO5EGs2HjNWrQ.html,5,2026-10-04T05:36:27.031310+00:00,individual,"RAM 12 GB.
Internal memory 256 GB.
Comes with everything.
Includes automatic call recording feature."
S23 Ultra Original Display Phone Unlocked,25000,Used,"Dhaka, Khilgaon",1 day ago,https://bikroy.com/khilgaon/cell-phones-tablets-accessories/s23-ultra-original-display-phone-khola-mmsSx7DXreI10SHyOQb2XvOx.html,5,2026-10-04T05:36:27.614203+00:00,individual,"Original Dynamic AMOLED 2X display taken off from a Samsung Galaxy S23 Ultra phone. You will get a one-month replacement guarantee on the display. Display without frame, waterproof and dustproof stickers will be provided with the display, you can come to the shop and get the display fitted. And those who are outside Dhaka and are interested to buy can get it through courier on cash on delivery. Send an SMS with the model number on WhatsApp to watch the display video. The display video link is given above. Show more"
Samsung Galaxy S21 Ultra 5G 128 GB Silver,25000,Used,"Dhaka, Savar",21/09,https://bikroy.com/savar/mobile-phones/samsung-galaxy-s21-ultra-5g-128-gb-silver-uj1tyUXNHnlLuBAlW64FW6TH.html,5,2026-10-04T05:36:28.322083+00:00,individual,"Samsung Galaxy S21 Ultra 12/128
Glass Cracked, Camera condition not good front or rear, Otherwise fully fresh.
Only phone or cash memo.
Exchange Possible.
Location: Zirani Bazar, Bksp"
Samsung Galaxy S22 5G 128 GB White,30000,Used,"Dhaka, Dhanmondi",25/09,https://bikroy.com/dhanmondi/mobile-phones/samsung-galaxy-s22-5g-128-gb-white-2PxR1faEYjUKeAUe0C380N9A.html,4,2026-10-04T05:36:28.983329+00:00,individual,"Samsung S22
8GB 128GB"
Samsung Galaxy S25 Ultra 256 GB Silver,69999,Used,"Dhaka, Banglamotor",1 day ago,https://bikroy.com/banglamotor/mobile-phones/samsung-galaxy-s25-ultra-256-gb-silver-zoMT6AoeTgVPAR9cUlc5vJpe.html,5,2026-10-04T05:36:29.681739+00:00,individual,"Samsung S25 Ultra
Display has a dot near the camera bump but it is not noticeable
Full box"
Samsung Galaxy Quantum 2 128 GB White,22000,Used,"Dhaka, Uttara",2 hours ago,https://bikroy.com/uttara/mobile-phones/samsung-galaxy-quantum-2-128-gb-white-wBHWyQSKzUOPbWOiTNnnpny2.html,4,2026-10-04T05:36:30.068923+00:00,individual,"Brand new phone, not used yet, selling as Used due to lack of box and charger. We have a shop, you will get cash memo as security and 7 days guarantee.

Shop address : Shop No. 49, 4th Floor, Amir Complex, Azampur, Uttara, Dhaka 1230.

WhatsApp 016XXXXXXXX"
Samsung Galaxy A35 128 GB Black,28000,Used,"Dhaka, Savar",2 hours ago,https://bikroy.com/savar/mobile-phones/samsung-galaxy-a35-128-gb-black-rD3Pvm6Lz0BRHjXqVsDAFU2P.html,4,2026-10-04T05:36:30.756772+00:00,individual,"📌 স্পেসিফিকেশন:

Model:Galaxy A35
RAM:8 GB
ROM:128 GB
Battery:5000

Guarantee/Warranty: 7days replacement guarantee And 1year service warranty.


🔄 **Used Phone Buy | Sell | Exchange**
পুরাতন মোবাইল বিক্রি বা এক্সচেঞ্জ করার সুবিধা রয়েছে।

🏪 MODINA MOBILE ZONE

📍 Shop # E-180 (Level-5), Sena Shopping Complex, Nabinagar, Savar, Dhaka."
Samsung S24 Ultra Phone Original Display,26000,Used,"Dhaka, Khilgaon",1 day ago,https://bikroy.com/khilgaon/cell-phones-tablets-accessories/samsung-s24-ultra-phone-original-display-fpgSKS7tJlQTyJRRRhcyjk77.html,4,2026-10-04T05:36:31.428965+00:00,individual,"Bismillahir Rahmanir Rahim

Original Dynamic AMOLED 2X display removed from a Samsung Galaxy S24 Ultra phone, original display that came with the phone.
*** Display without frame
**** You will get a one-month replacement guarantee on the display.
**** You can visit the shop and get the display fitted."
New Apple iPhone 16 Pro Max 256 GB Gold,125000,Brand New,"Rajshahi, Kadirgonj",09/05,https://bikroy.com/kadirgonj/mobile-phones/new-apple-iphone-16-pro-max-256-gb-gold-66aAqTrqhBhcLiAWyPR5M47X.html,5,2026-10-04T05:36:32.025603+00:00,business,"iPhone 16 Pro Max. 95% Battery Health, 256GB. Buy your favorite iPhone from TECH LIFE because we offer the best price, premium quality, and hassle-free customer service! Shop Location: Shop number: 121, Sopnochura plaza, kadirgonje."
Apple iPhone 17 Pro Max 256 GB Orange,140000,Used,"Rajshahi, Shaheb Bazar",3 hours ago,https://bikroy.com/shaheb-bazar/mobile-phones/apple-iphone-17-pro-max-256-gb-orange-6xyIFcf1PbAIJoUmIsUnFsJq.html,2,2026-10-04T05:36:32.444623+00:00,individual,"IPhone 17 Pro Max
256 GB 100% Battery Health
Japan
Super condition 
Enjoy 7 days replacement guarantee 
Enjoy 1 year service warranty 
#exchange possible 
Our Address:
Smart Choice, Shop No. 211,
City Center, Beside of Rajshahi College, Sonadigir Mor, Rajshahi
Call for any details"
Apple iPhone 17 Pro Max 512 GB Blue,165000,Used,"Rajshahi, Shaheb Bazar",3 hours ago,https://bikroy.com/shaheb-bazar/mobile-phones/apple-iphone-17-pro-max-512-gb-blue-csV8slMWeD0XUh2vOu3pydkj.html,2,2026-10-04T05:36:33.225066+00:00,individual,"IPhone 17 pro max 
512 gb 100 bh 
Cc 105 
Super condition 
7 days replacement guarantee  
1 year service waranty  
#exchange possible 
Our Address :
Smart Choice , Shop No. 211 , 
City center , Beside of Rajshahi College , Sonadigir mor Rajshahi
Call for any details:"
Apple iPhone 16 Pro Max 256 GB Black,123000,Used,"Rajshahi, Shaheb Bazar",2 hours ago,https://bikroy.com/shaheb-bazar/mobile-phones/apple-iphone-16-pro-max-256-gb-black-5EdAlqubHMlvpkXPmYzjkxCr.html,2,2026-10-04T05:36:33.871436+00:00,individual,"IPhone 16 pro max
256 gb 99 bh 
Australia 
Super condition 
7 days replacement guarantee  
1 year service waranty  
#exchange possible 
Our Address :
Smart Choice , Shop No. 211 , 
City center , Beside of Rajshahi College , Sonadigir mor Rajshahi
Call for any details:"
Apple iPhone 16 Pro Max 256 GB,120000,Used,"Rajshahi, Shaheb Bazar",14/05,https://bikroy.com/shaheb-bazar/mobile-phones/apple-iphone-16-pro-max-256-gb-BuWQUoJL9szBtJD2BQPW2RsG.html,5,2026-10-04T05:36:34.628479+00:00,individual,"iPhone 16 Pro Max 256GB (Natural Titanium). Hong Kong variant. Battery health 94%. 99.9% fresh condition. Used for 1 year. Full box. Purchased from a Malaysia authorized Apple store. Looks like new condition. Thanks.
Note: Please contact my WhatsApp number +"
Apple iPhone 16 Pro Max 256 GB,129999,Used,"Rajshahi, Baharampur",21/06,https://bikroy.com/baharampur/mobile-phones/apple-iphone-16-pro-max-256-gb-fShnzR2EYw90F51LeoKqXDjw.html,5,2026-10-04T05:36:35.083411+00:00,individual,"Apple Limited Warranty till 29 August 2026
Australian Variant
Physical SIM + eSIM
Battery Health: 100%
Cycle Count: 234
No Scratch
No Dent
No Repair History
Never Opened
Box + Original Type-C Cable Available
Reason for Selling:
Upgrade to iPhone 17 Pro Max
Face to Face Deal Preferred
Location: Rajshahi"
Apple iPhone 16 Pro Max 256 GB,120000,Used,"Rajshahi, Vodra",21/09,https://bikroy.com/vodra/mobile-phones/apple-iphone-16-pro-max-256-gb-fpGPKBDXORDcX17deMaPpZsW.html,5,2026-10-04T05:36:35.771797+00:00,individual,"iPhone 16 Pro Max Singapore variant
Purchased from Singapore Apple Store
Box, original cable, cash memo everything available
100% fresh unit. One-hand used
Battery health 88%
Storage: 256GB
Selling Reason: Upgrading to the iPhone 17 Pro Max
You're welcome to check the device thoroughly before purchasing. Serious buyers are welcome to contact me."
New Apple iPhone 17 Pro Max 256 GB Orange,140000,Brand New,"Rajshahi, Shaheb Bazar",3 hours ago,https://bikroy.com/shaheb-bazar/mobile-phones/new-apple-iphone-17-pro-max-256-gb-orange-mSZEt9xQ9Fqah5375S8SIsmj.html,5,2026-10-04T05:36:36.198482+00:00,individual,"Iphone 17 pro max
256 100
Cc 110
Super condition 
7 days replacement guarantee  
1 year service waranty  
#exchange possible 
Our Address :
Smart Choice , Shop No. 211 , 
City center , Beside of Rajshahi College , Sonadigir mor Rajshahi
Call for any details:"
Apple iPhone 17 Pro Max 256 GB Blue,152000,Used,"Rajshahi, Shaheb Bazar",3 hours ago,https://bikroy.com/shaheb-bazar/mobile-phones/apple-iphone-17-pro-max-256-gb-blue-11qaF5s38zvfsBJt5Pcb14B3.html,4,2026-10-04T05:36:36.831029+00:00,individual,"iPhone 17 Pro Max, 256 GB, 100% Battery Health, Cycle Count 105, USA origin. Super condition. 7 days replacement guarantee, 1 year service warranty. Exchange possible. Our Address: Smart Choice, Shop No. 211, City Center, Beside Rajshahi College, Sonadighi Mor, Rajshahi. Call for any details"
Apple iPhone 16 Pro Max 256 GB Silver,127000,Used,"Rajshahi, Durgapur",15/05,https://bikroy.com/durgapur-1/mobile-phones/apple-iphone-16-pro-max-256-gb-silver-jFftCS6EkAw8hprEjHjSvhbM.html,5,2026-10-04T05:36:37.578583+00:00,individual,"iPhone 16 Pro Max (Singapore)
256GB | Natural Titanium | Like New
In fresh condition, brand new look
 256GB | Singapore Variant
 Cycle ~160 | Battery 100%
 No scratch / dent
 Never repaired
 Original charger + 8 covers
 Camera & Screen Protector included
 Price is almost fixed
 Serious buyers only
 Inbox / Call if interested"
Apple iPhone 16 Pro Max 256 GB White,128550,Used,"Rajshahi, Boalia",09/05,https://bikroy.com/boalia/mobile-phones/apple-iphone-16-pro-max-256-gb-white-5PLV8YML3K5B5UUDTl06edpI.html,2,2026-10-04T05:36:38.155644+00:00,individual,"As like New and fresh condition. 92% BH. Physical dual sim with full box. White titanium. Hong Kong variant. Selling reason: Purchase 17 Pro Max. No exchange, only cash."
New Apple iPhone 16 Pro Max 256 GB White,120000,Brand New,"Rajshahi, Shaheb Bazar",3 hours ago,https://bikroy.com/shaheb-bazar/mobile-phones/new-apple-iphone-16-pro-max-256-gb-white-zi5XoCbFn23gTyfK7KKqstGV.html,3,2026-10-04T05:36:38.844810+00:00,individual,"iPhone 16 Pro Max

256 GB, 100% Battery Health

Physical SIM

Experience Super Condition 🔥🔥

Enjoy a 7-day replacement guarantee ✅ 
Get a 1-year service warranty ✅ 

#Exchange possible ✅

Our Address:
Smart Choice, Shop No. 211,
City Center, Beside Rajshahi College, Sonadighi Mor, Rajshahi"
Apple iPhone 17 Pro 256 GB Orange,129999,Used,"Rajshahi, Rajpara",16/09,https://bikroy.com/rajpara/mobile-phones/apple-iphone-17-pro-256-gb-orange-B4wngvpSbvVctqCB3TrqiKXU.html,4,2026-10-04T05:36:39.631269+00:00,individual,"iPhone 17 Pro
  256GB
  1 Physical SIM + 1 eSIM

Absolutely fresh, completely like new.

Do not message or call unnecessarily.
If you are willing to buy, please call directly.

Thank you."
Apple iPhone 17 Pro Max 256 GB Silver,145000,Used,"Rajshahi, Shaheb Bazar",2 hours ago,https://bikroy.com/shaheb-bazar/mobile-phones/apple-iphone-17-pro-max-256-gb-silver-hLhg4H3itM9ABXK04yoqmsQi.html,3,2026-10-04T05:36:40.326893+00:00,individual,"IPhone 17 pro max 
256 gb 100 bh
Super condition 
7 days replacement guarantee  
1 year service waranty  
#exchange possible 
Our Address :
Smart Choice , Shop No. 211 , 
City center , Beside of Rajshahi College , Sonadigir mor Rajshahi
Call for any details:"
Apple iPhone 16 128 GB White,70000,Used,Rajshahi,22/09,https://bikroy.com/rajshahi/mobile-phones/apple-iphone-16-128-gb-white-BZVZRjpXUSJB8QyoAcaRFakM.html,5,2026-10-04T05:36:40.985292+00:00,individual,"IPhone 16 full fresh condition 128 gb 
Battery health 100%
Just action button doesn’t work"
Apple iPhone 15 Pro Max 256 GB Blue,95000,Used,"Rajshahi, Kadirgonj",2 hours ago,https://bikroy.com/kadirgonj/mobile-phones/apple-iphone-15-pro-max-256-gb-blue-1Kw5xp9PLgIFGcmJ3VxgJj3U.html,5,2026-10-04T05:36:42.032108+00:00,individual,"আসসালামু আলাইকুম ওয়া রহমাতুল্লহি ওবারকাতুহ 
ফ্রেশ কন্ডিশন
📦 বক্স: Only Device
🧾 ক্যাশ মেমো: আছে
🔁 রিপ্লেসমেন্ট গ্যারান্টি: ৭ দিন পর্যন্ত পাবেন ( শর্তসাপেক্ষে ) 
লোকেশন: রাজশাহী কাদিরগঞ্জ চালপট্টি, লার্জ ফার্মার পাশে , স্বপ্নচূড়া প্লাজা নগর ভবনের পিছে।  
🏪 শপ নং: ১২৩ - নিচ তলা লিফটের পাশে 
🏬 শপ নাম: Rajshahi Mobile Bari 019XXXXXXXX"
Apple iPhone 14 Pro 128 GB Gold,62000,Used,"Rajshahi, Mohanpur",2 days ago,https://bikroy.com/mohanpur/mobile-phones/apple-iphone-14-pro-128-gb-gold-7Ba8q1EWEmC8VUvjF4uDHPz4.html,3,2026-10-04T05:36:42.517444+00:00,individual,Please contact if you want to buy
Apple iPhone 16 Pro Max 256 GB Rose Gold,115000,Used,"Rajshahi, Vodra",26/09,https://bikroy.com/vodra/mobile-phones/apple-iphone-16-pro-max-256-gb-rose-gold-xBxPAPrPhxXrXnrxjr1j4F3L.html,3,2026-10-04T05:36:42.691420+00:00,individual,"115000 fixed, 1 thousand can be negotiated // battery 89 variant Singapore"
Apple iPhone 15 Pro 256 GB Black,80000,Used,Rajshahi,26/09,https://bikroy.com/rajshahi/mobile-phones/apple-iphone-15-pro-256-gb-black-zyk61TwyEyrFoHEA7AQB8gR1.html,3,2026-10-04T05:36:43.399092+00:00,individual,"15 pro 
japan variant
256 gb 
85% health 
840+ cycle 
cash memo available + 3 expensive covers can be provided 
exchange possible with 16 pro 256 GB"
Apple iPhone 14 Pro Max 256 GB Purple,75000,Used,Rajshahi,22/09,https://bikroy.com/rajshahi/mobile-phones/apple-iphone-14-pro-max-256-gb-purple-r8ScCt13jIenxRe0CZwnkjQZ.html,5,2026-10-04T05:36:43.788671+00:00,individual,"Iphone 14 pro max... battery 80% phone is completely fresh, no changes, all genuine, no box, Singapore variant"
Apple iPhone 14 Pro 128 GB Gray,67000,Used,"Rajshahi, Kadirgonj",2 hours ago,https://bikroy.com/kadirgonj/mobile-phones/apple-iphone-14-pro-128-gb-gray-6vTFl9lFg3Q9G4CBlueCeFWN.html,5,2026-10-04T05:36:44.423622+00:00,individual,"আসসালামু আলাইকুম ওয়া রহমাতুল্লহি ওবারকাতুহ 
ফ্রেশ কন্ডিশন
 বক্স: Only Device
 ক্যাশ মেমো: আছে
 রিপ্লেসমেন্ট গ্যারান্টি: ৭ দিন পর্যন্ত পাবেন ( শর্তসাপেক্ষে ) 
লোকেশন: রাজশাহী কাদিরগঞ্জ চালপট্টি, লার্জ ফার্মার পাশে , স্বপ্নচূড়া প্লাজা নগর ভবনের পিছে। 
 শপ নং: ১২৩ - নিচ তলা লিফটের পাশে 
 শপ নাম: Rajshahi Mobile Bari 019XXXXXXXX"
Apple iPhone 15 Pro Max 256 GB,90000,Used,"Rajshahi, Kazla",25/09,https://bikroy.com/kazla/mobile-phones/apple-iphone-15-pro-max-256-gb-i26FYaq336FtQCZNztsZcfxK.html,3,2026-10-04T05:36:45.090760+00:00,individual,"100% full fresh phone. Box and cover are included with the phone. USA variant, battery health 84%, cycle count 950. Not even a tiny spot of trouble."
Apple iPhone 16 Pro Max 512 GB Gold,119000,Used,Rajshahi,24/09,https://bikroy.com/rajshahi/mobile-phones/apple-iphone-16-pro-max-512-gb-gold-xB8vI3tSB2mrLjPvibePbVad.html,3,2026-10-04T05:36:45.651945+00:00,individual,"Full Fresh (fixed price)
Check as much as you want 
BTH 92%
Storage 512
3 covers will come with the phone 
Phone will come with box, NID will be given 
USA variant
iOS version 26.05.02"
Apple iPhone 14 Pro Max 256 GB Purple,72500,Used,"Rajshahi, Shaheb Bazar",19/09,https://bikroy.com/shaheb-bazar/mobile-phones/apple-iphone-14-pro-max-256-gb-purple-18h4YK9NlL0FUe7E1li8lS4.html,5,2026-10-04T05:36:46.231678+00:00,individual,"iPhone 14 Pro Max
256 GB
Purple color
Full fresh condition
Health -81%"
Apple iPhone 16 Pro Max 256 GB Rose Gold,115000,Used,"Rajshahi, Rani Nagar",23/09,https://bikroy.com/rani-nagar/mobile-phones/apple-iphone-16-pro-max-256-gb-rose-gold-cyT9vltV2zC1Y7ebBQxHsg31.html,3,2026-10-04T05:36:46.803846+00:00,individual,"Physical Dual Sim!
First Party User!
Fully Fresh Condition!
Not Even A Minor Scretch or Dent.
Comes From Hongkong.
With Box."
Apple iPhone 14 Pro 256 GB White,74999,Used,Rajshahi,23/09,https://bikroy.com/rajshahi/mobile-phones/apple-iphone-14-pro-256-gb-white-rB3Sw76SgiKGdXbQMr1qG6Rg.html,4,2026-10-04T05:36:47.485286+00:00,individual,"Iphone 14 pro
 storage 256GB
 No issues
 94% Battary Health (original)
 No Scratch/Dents
 USA V - Dual E-Sim"
Apple iPhone 14 Plus 256 GB Blue,70000,Used,"Rajshahi, Shaheb Bazar",06/09,https://bikroy.com/shaheb-bazar/mobile-phones/apple-iphone-14-plus-256-gb-blue-oViUzd8ix51YG8Xi8fWYzpg6.html,3,2026-10-04T05:36:48.172356+00:00,individual,Onek valo phone.original
Apple iPhone 14 Pro Max 256 GB Black,66500,Used,Rajshahi,04/09,https://bikroy.com/rajshahi/mobile-phones/apple-iphone-14-pro-max-256-gb-black-iGpcdozoRE1E46WZp0kca0jh.html,5,2026-10-04T05:36:48.931102+00:00,individual,"Phone sob kichu original... 2 ta psychical dual sim...
Security hisebe ja chan dewa Jabe ... Memo ache
Dam kichu ta kom rakha Jabe newar moto dam bolben aje baje dam bolben na....

Number 017XXXXXXXX"
Apple iPhone 12 Pro 128 GB Blue,36009,Used,Rajshahi,07/09,https://bikroy.com/rajshahi/mobile-phones/apple-iphone-12-pro-128-gb-blue-vXVyD8dyn6mfHTSZTE0SogmU.html,5,2026-10-04T05:36:49.326147+00:00,individual,ফোনে কোন সমস্যা নেই। কখনো খোলা হয়নি। ব্যাটারি হেলথ ৭৩% 018XXXXXXXX
Apple iPhone 12 Pro 128 GB Blue,33000,Used,Rajshahi,18/09,https://bikroy.com/rajshahi/mobile-phones/apple-iphone-12-pro-128-gb-blue-41VrRg3E2MbOjN2ZifMvUUOI.html,5,2026-10-04T05:36:49.923405+00:00,individual,"Phone is very nice, please check and take it. All battery changed but doesn't show because older chip was installed."
Apple iPhone 12 64 GB Blue,27000,Used,"Rajshahi, Paba",23/09,https://bikroy.com/paba/mobile-phones/apple-iphone-12-64-gb-blue-uNX4q9GebMPw2tUeHDoCVGGq.html,3,2026-10-04T05:36:50.528029+00:00,individual,"There are no problems with the phone, you can check and take it."
Apple iPhone 13 128 GB Pink,40000,Used,"Rajshahi, Boalia",09/09,https://bikroy.com/boalia/mobile-phones/apple-iphone-13-128-gb-pink-ypmY3JFbIJXKLlqBsEe0zJvb.html,5,2026-10-04T05:36:51.118219+00:00,individual,"Battery health 80%
Parts genuine 
China variant 
All okay (face id, true tone)"
New Apple iPhone 13 128 GB White,45000,Brand New,"Rajshahi, Rajpara",18/09,https://bikroy.com/rajpara/mobile-phones/new-apple-iphone-13-128-gb-white-uDmse2C2USsvbRAKfzbb4Jux.html,3,2026-10-04T05:36:51.885453+00:00,individual,"iPhone 13 genuine
Hong Kong variant 
128GB 
Physical dual SIM 
Battery health 91% 
Full fresh, 3uTools 100%, check as much as you want 
National ID photocopy required for device security only"
Apple iPhone 13 128 GB Blue,40000,Used,"Rajshahi, Paba",13/09,https://bikroy.com/paba/mobile-phones/apple-iphone-13-128-gb-blue-czS4i5M9Wq32qVfLM7q7wodI.html,4,2026-10-04T05:36:52.404520+00:00,individual,"All ok, authentic phone, water proof checked, Face ID ok, battery 80... check as much as you want... contact WhatsApp"
Apple iPhone 12 Pro Max 128 GB Blue,33000,Used,"Rajshahi, Godagari",26/09,https://bikroy.com/godagari/mobile-phones/apple-iphone-12-pro-max-128-gb-blue-uaceIghmUfTtjn82bZ5ijQDz.html,5,2026-10-04T05:36:52.674822+00:00,individual,"iPhone 12 Pro Max
Display changed, original GX display installed, you won't even notice the display change
128gb
66% battery health
True Tone Face ID okay
Front camera has a little dust inside
Price 33000 tk
Exchange possible with a phone under 15000 tk value, remaining amount to be added
Location Chapainawabganj Sadar"
Apple iPhone 11 Pro Max 64 GB Blue,30500,Used,"Rajshahi, Godagari",16/09,https://bikroy.com/godagari/mobile-phones/apple-iphone-11-pro-max-64-gb-blue-khbW3Ss8TmQCp588wjCzCumj.html,3,2026-10-04T05:36:53.133104+00:00,individual,"USA Variant. Used iPhone
No box. Only cash memo and charger included.
Phone Cover Also Available
Full fresh phone. No any issues.
Battery just replaced (for better backup). everything works perfectly.
Interested persons please inbox me or call me.
Thanks"
Apple iPhone 12 Pro Max 128 GB Blue,50000,Used,Rajshahi,1 day ago,https://bikroy.com/rajshahi/mobile-phones/apple-iphone-12-pro-max-128-gb-blue-zLqypFcZNyGWmcDy2A8oZgDH.html,5,2026-10-04T05:36:53.533993+00:00,individual,"I bought this phone 7-8 months ago, my wife used it. Now she wants to get another phone, so I am selling this one. You will get the cash memo and box with the phone. There are no problems with the phone. I am only selling it because we are getting a new one."
Apple iPhone 11 128 GB White,25000,Used,"Rajshahi, Ramchandrapur",18/09,https://bikroy.com/ramchandrapur/mobile-phones/apple-iphone-11-128-gb-white-3Cnpx5FNExvU9kzYBDMq65SG.html,5,2026-10-04T05:36:54.235383+00:00,individual,Fully fresh condition... Only interested buyers are requested to knock please in this number ()... Phone location SADHURMOR (Opposite road of Orchid Mess)...
Apple iPhone 13 128 GB Green,35999,Used,"Rajshahi, Charghat",05/09,https://bikroy.com/charghat/mobile-phones/apple-iphone-13-128-gb-green-z4S7oMD7mVLaeAazwvGzHgxP.html,3,2026-10-04T05:36:54.934656+00:00,individual,"Iphone 13
Full fresh
Authentic waterproof Bh 76% face id true tone okay 
Exchange possible
Sathe charger cable paben.
Security ja lage diya jabe"
Apple iPhone 12 Pro 128 GB White,32000,Used,Rajshahi,2 days ago,https://bikroy.com/rajshahi/mobile-phones/apple-iphone-12-pro-128-gb-white-ATA3kKqfbK22cjLS2ADmYZmn.html,3,2026-10-04T05:36:55.572489+00:00,individual,"No box or cash memo, brought from abroad. Battery health 75%"
Apple iPhone XS Max 64 GB Pink,25000,Used,"Rajshahi, Bagha",28/09,https://bikroy.com/bagha/mobile-phones/apple-iphone-xs-max-64-gb-pink-rPzqkmXmRCHLJoDFPuDil9W2.html,5,2026-10-04T05:36:56.224574+00:00,individual,"No Single Problem, Full fresh."
Apple iPhone 15 128 GB Black,55000,Used,Rajshahi,19/09,https://bikroy.com/rajshahi/mobile-phones/apple-iphone-15-128-gb-black-a4oEq8ZmlYGLGthLMUs67m2w.html,5,2026-10-04T05:36:56.638636+00:00,individual,"Full Fresh Phone ✅
No Scratches All Ok ✅"
Apple iPhone 11 64 GB White,185000,Used,"Chattogram, Oxygen",27/09,https://bikroy.com/oxygen/mobile-phones/apple-iphone-11-64-gb-white-6By48nJBUUOimZvyoIImf4uq.html,5,2026-10-04T05:36:57.380736+00:00,individual,Message if you want a fresh phone
Apple iPhone 17 Pro Max 1TB GLOBAL INTACT (Brand New),235000,Brand New,"Chattogram, Chawkbazar",23 hours ago,https://bikroy.com/chawkbazar/mobile-phones/apple-iphone-17-pro-max-1tb-global-intact-brand-new-kEcaavGY4GWTtQR9kknT8tzw.html,0,2026-10-04T05:36:58.040796+00:00,individual,"🔳 INTACT SEAL PACK WITH ONE YEAR APPLE WARRANTY
🔳 Storage: 12/1024GB
🔳 Colour: ORANGE
◾ Original Cable AND BOX





🔰 Our Speciality......................................


◾Original & Non-Refurbished Product
◾EMI Facilities Available*
◾Accept Visa, Master Card
◾Delivery Facility inside & Outside Chattogram
◾Phone Exchange Facilities*
◾ All Products Original And Genuine.
◾Our All Product 7 Days replacement And 1 year Service Warranty




🔰 Our Showroom Address:



Rony Enterprise (Since 2007)
Bali Arcade Shopping Center
4th Floor, Shop no 03 (infront of Chawkbazar Post Office)
Sirajuddula Road, Chawkbazar, Chattogram Show more"
New Apple iPhone 17 256 GB,126999,Brand New,"Chattogram, CDA Avenue",2 hours ago,https://bikroy.com/cda-avenue/mobile-phones/new-apple-iphone-17-256-gb-1CYQAs10kPWrKfvofWtmAhTY.html,3,2026-10-04T05:36:58.479242+00:00,individual,"Indian Variant
Display: 6.3-inch LTPO Super Retina XDR OLED, 120Hz, HDR10,
Chipset: Apple A19 (3 nm), Hexa-core CPU, Apple 5-core GPU
Main Camera: Dual 48 MP rear dual LED flash, HDR, 4K video
Selfie Camera: 18 MP front
Battery: Li-Ion 3692 mAh
ক্রেডিট কার্ড এর মাধ্যমে ২০ টির অধিক ব্যাংকে ৩৬ মাস পর্যন্ত EMI এর সুবিধা রয়েছে। (*শর্ত প্রযোজ্য*)"
New Apple iPhone 17 Pro Max 256 GB White,169999,Brand New,"Chattogram, Chandgaon",29/09,https://bikroy.com/chandgaon/mobile-phones/new-apple-iphone-17-pro-max-256-gb-white-sj305H3n4ssB0OChjyzbQajx.html,4,2026-10-04T05:36:58.736516+00:00,individual,"iPhone 17 Pro Max 256GB Dual Physical SIM. Available in Cosmic Orange, Silver, and Deep Blue."
Apple iPhone 17 Pro Max 256 GB,160000,Used,"Chattogram, Nasirabad",08/09,https://bikroy.com/nasirabad/mobile-phones/apple-iphone-17-pro-max-256-gb-djlB3kGwEua9LXyiIFUwAb6X.html,4,2026-10-04T05:36:59.428624+00:00,individual,Location a eshe dekhe nite parben. For more details WhatsApp on 018XXXXXXXX
Apple iPhone 17 AIR 256GB INTACT (Brand New),120000,Brand New,"Chattogram, Chawkbazar",23 hours ago,https://bikroy.com/chawkbazar/mobile-phones/apple-iphone-17-air-256gb-intact-brand-new-8bPAcmG1pmjkGNibZcyoAMMq.html,0,2026-10-04T05:37:00.120548+00:00,individual,"🔳 INTACT SEAL PACK
🔳 Storage: 12/256GB
🔳 Colour: BLUE
◾ Box And Original Cable


🔰 Our Speciality......................................


◾Original & Non-Refurbished Product
◾Emi Facilities Available*
◾Accept Visa, Master Card
◾Delivery Facility inside & Outside ctg.
◾Phone Exchange Facilities*
◾Our All Products Original And Genuine. 
◾Our All Product 7 Days replacement And 1 year Service Warranty

🔰 Our Showroom Address:

Rony Enterprise (Since 2007)
Bali Arcade Shopping Center
4th Floor, Shop no 03(infront of chawkbazar Post Office
Sirajuddula Road, Chawkbazar, Chattogram Show more"
New Apple iPhone 18 Pro 256 GB,189999,Brand New,"Chattogram, CDA Avenue",2 hours ago,https://bikroy.com/cda-avenue/mobile-phones/new-apple-iphone-18-pro-256-gb-rVOJcIYHs7JjsZeKgEN31Gjm.html,3,2026-10-04T05:37:00.794302+00:00,individual,"iPhone 18 Pro
256GB/512GB/1TB available!
EMI facility up to 36 months is available through credit cards from more than 20 banks. (*Conditions apply*)"
New Apple iPhone 17 Pro 256 GB,149999,Brand New,"Chattogram, CDA Avenue",3 hours ago,https://bikroy.com/cda-avenue/mobile-phones/new-apple-iphone-17-pro-256-gb-Bpo6vlfMkzfVEiQlgOyNmRyF.html,3,2026-10-04T05:37:01.321672+00:00,individual,"(JP varient)
Display: 6.3"" LTPO Super Retina XDR OLED, 120Hz, Dolby Vision, 3000 nits peak brightness
Camera: Triple 48MP Pro system with periscope zoom, ultrawide,
Processor: Apple A19 Pro (3nm) with 6-core GPU
Battery: 3998mAh/4252mAh
ক্রেডিট কার্ড এর মাধ্যমে ২০ টির অধিক ব্যাংকে ৩৬ মাস পর্যন্ত EMI এর সুবিধা রয়েছে। (*শর্ত প্রযোজ্য*)"
Apple iPhone 17 Pro Max 256 GB Black,152000,Used,"Chattogram, Chawkbazar",2 days ago,https://bikroy.com/chawkbazar/mobile-phones/apple-iphone-17-pro-max-256-gb-black-61ZeBGc6XLVPTaDOZVqF28ku.html,4,2026-10-04T05:37:01.851990+00:00,individual,"Sell post
Iphone 17 pro max (USA)
1 month used
Fully fresh
Battery health 100%
(Box, Cable Available)"
New Apple iPhone 18 Pro Max 512 GB,244999,Brand New,"Chattogram, CDA Avenue",2 hours ago,https://bikroy.com/cda-avenue/mobile-phones/new-apple-iphone-18-pro-max-512-gb-1larUTUES8shg1uqVqvMxly3.html,3,2026-10-04T05:37:02.430057+00:00,individual,"IPhone 18 pro max 512GB Global version.
Also 256GB and 1TB available.
If you are interested, let me know in DM."
Apple iPhone 16 Pro Max 512 GB Gold,125000,Used,"Chattogram, Chawkbazar",1 day ago,https://bikroy.com/chawkbazar/mobile-phones/apple-iphone-16-pro-max-512-gb-gold-NHbPtHOtCvmrJCJKIBhOztI.html,3,2026-10-04T05:37:02.979080+00:00,individual,"iPhone 16 Pro Max, 512GB, Desert Titanium color, comes with box, Global version."
Apple iPhone 17 Pro Max P-SIM+E-SIM Brand New,172999,Brand New,"Chattogram, Agrabad",3 hours ago,https://bikroy.com/agrabad/mobile-phones/apple-iphone-17-pro-max-p-sim-e-sim-ntun-brand-new-1c1M4oyTA6EwXO5vWGDhrGjL.html,0,2026-10-04T05:37:03.641570+00:00,individual,"Stay updated with our latest product prices by liking 👍 & FOLLOWING our page. Page link - https://www.facebook.com/jojobdctg.

** iPhone 17 Pro Max, 256GB, Australian variant, 100% authentic.
Other Apple models in our store – 17 Pro Max 512GB - Australia, 17 256GB Australia, 16 128GB, 15 128GB Singapore, 14 128GB, MacBooks Singapore Air M4 16/256.

🌍 Variant: global

📦 Condition: New Intact |

✅ 100% Authentic

✅ 7-day replacement, 1-year service warranty.

----------------------------------------------------------------------

Address:

Shop- 537, Level-5 (Capsule lift 4,

Straight after exiting the lift, JoJoBD)

Akhtaruzzaman Center,

Agrabad, Chittagong. Show more"
Apple iPhone 17 Pro Max 256 GB Orange,143499,Used,"Chattogram, CDA Avenue",23 hours ago,https://bikroy.com/cda-avenue/mobile-phones/apple-iphone-17-pro-max-256-gb-orange-q39DcrXGBK4ZXCVArv9XOrY5.html,3,2026-10-04T05:37:04.140241+00:00,individual,"17 pro max 256gb
Battery-100%
cycle -20
Offer price -143490
Warranty available 27 jun 27"
Apple iPhone 17 Pro Max 512 GB Orange,178000,Used,"Chattogram, Cornelhat",29/09,https://bikroy.com/cornelhat/mobile-phones/apple-iphone-17-pro-max-512-gb-orange-2AP8nVpWow23RTyIfIyjDYMc.html,5,2026-10-04T05:37:04.789480+00:00,individual,"iPhone 17 Pro Max 512
Stellar Condition. GCC Specs. 
Used as Secondary Phone.
Bought from Dubai
Like Brand New

Full Boxed
12 Gb / 512 Gb
*DUAL eSIM. No Physical Sim
Battery health 100 percent 32 Cycles.
Warranty Remaining till 14/03/2027"
New Apple iPhone 17 Pro Max 256 GB Orange,158999,Brand New,"Chattogram, CDA Avenue",2 hours ago,https://bikroy.com/cda-avenue/mobile-phones/new-apple-iphone-17-pro-max-256-gb-orange-sc78jNGvXnXnCoefIQoTRX1R.html,3,2026-10-04T05:37:05.340462+00:00,individual,"JP variant
Display: 6.9"" LTPO Super Retina XDR OLED, 120Hz with 3000 nits peak brightness
Camera: 48MP triple camera with periscope zoom, LiDAR scanner, and 4K Dolby Vision video
Processor: Apple A19 Pro (3nm) with 6-core GPU
Battery: Up to 5088mAh
EMI facilities are available for up to 36 months through credit cards with more than 20 banks. (*Conditions apply*)"
Apple iPhone 17 CANADA BRAND NEW (Brand New),120000,Brand New,"Chattogram, Chawkbazar",23 hours ago,https://bikroy.com/chawkbazar/mobile-phones/apple-iphone-17-canada-brand-new-brand-new-dZOMhZI7wxvPld4PST30rdSL.html,0,2026-10-04T05:37:06.040065+00:00,individual,"🔳 INTACT SEAL PACK
🔳 Storage: 12/256GB
🔳 Colour: WHITE
◾ Box And Original Cable


🔰 Our Speciality......................................


◾Original & Non-Refurbished Product
◾Emi Facilities Available*
◾Accept Visa, Master Card
◾Delivery Facility inside & Outside ctg.
◾Phone Exchange Facilities*
◾Our All Products Original And Genuine. 
◾Our All Product 7 Days replacement And 1 year Service Warranty


🔰 Our Showroom Address:

Rony Enterprise (Since 2007)
Bali Arcade Shopping Center
4th Floor, Shop no 03(infront of chawkbazar Post Office
Sirajuddula Road, Chawkbazar, Chattogram Show more"
Apple iPhone 17 Pro 256 GB Purple,131990,Used,"Chattogram, CDA Avenue",23 hours ago,https://bikroy.com/cda-avenue/mobile-phones/apple-iphone-17-pro-256-gb-purple-yKqronSLFaMGrOnHTFv3QpWe.html,3,2026-10-04T05:37:06.840237+00:00,individual,"iPhone 17 Pro 256GB 🇱🇷 USA Variant 📱✨

🔋 Battery Health: 100%

✅ Cycle Count: 152

📍 First Use in MAY 2026

✨ Condition: Full Fresh

🛡️ Apple Warranty Available till May 2027

💰 Offer Price: Only ৳1,31,990/-

আজই Decent থেকে"
New Apple iPhone 17 Pro Max 256 GB Silver,158000,Brand New,"Chattogram, Chandgaon",28/09,https://bikroy.com/chandgaon/mobile-phones/new-apple-iphone-17-pro-max-256-gb-silver-8oTsQ6Mt1s5ew3aiszsCRzLg.html,5,2026-10-04T05:37:07.537001+00:00,individual,IPhone 17 Pro Max. Singapore Varrient. 256 GB. Battery Health 97
Apple iPhone 17 Pro Max 256GB(100%) FULL BOX (Used),150000,Used,"Chattogram, Chawkbazar",23 hours ago,https://bikroy.com/chawkbazar/mobile-phones/apple-iphone-17-pro-max-256gb-100-full-box-used-zuSca6VzeXTqQ5MIHXbqCgB0.html,2,2026-10-04T05:37:07.996369+00:00,individual,"🔳 TRHEE MONTH USED ONLY AS LIKE AS NEW CONDITION.73% TIME
🔳 Storage: 12/256gb
🔳 Colour: ORRANGE
◾ Original Cable AND BOX




🔰 Our Speciality......................................

◾Original & Non-Refurbished Product
◾Emi Facilities Available*
◾Accept Visa, Master Card
◾Delivery Facility inside & Outside ctg.
◾Phone Exchange Facilities*
◾ All Products Original And Genuine. 
◾Our All Product 7 Days replacement And 1 year Service Warranty



🔰 Our Showroom Address:


Rony Enterprise (Since 2007)
Bali Arcade Shopping Center
4th Floor, Shop no 03(infront of chawkbazar Post Office
Sirajuddula Road, Chawkbazar, Chattogram Show more"
Apple iPhone 16 Plus 128 GB Blue,80000,Used,"Chattogram, Baizid",19/09,https://bikroy.com/baizid/mobile-phones/apple-iphone-16-plus-128-gb-blue-wLToTUDmwibGcFFtHHMbESUq.html,5,2026-10-04T05:37:08.737914+00:00,individual,"iPhone 16 Plus will be sold. The phone is brand new and in good condition. Interested buyers please contact in inbox. Necessary detailed information, pictures and other things will be given in message.
Price: Taka
Location: Chattogram"
Apple iPhone 15 Plus 128GB 100% Battery Health Warranty (Used),80000,Used,"Chattogram, Chawkbazar",1 day ago,https://bikroy.com/chawkbazar/mobile-phones/apple-iphone-15-plus-128gb-100-b-h-waraty-used-zcfjC49ov84W4esecERbH6Md.html,3,2026-10-04T05:37:09.442995+00:00,individual,"🔳 100% Battery Health. 175 Charge Cycles. 6 Months Warranty Remaining
🔳 Storage: 6/128GB
🔳 Colour: BLUE
◾ Box And Original Cable

🔰 Our Speciality......................................

◾ Original & Non-Refurbished Product
◾ EMI Facilities Available*
◾ Accept Visa, Master Card
◾ Delivery Facility inside & Outside Chattogram
◾ Phone Exchange Facilities*
◾ All Our Products Include 7 Days Replacement and 1 Year Service Warranty



🔰 Our Showroom Address:


Rony Enterprise (Since 2007)
Bali Arcade Shopping Center
4th Floor, Shop no 03 (in front of Chawkbazar Post Office)
Sirajuddula Road, Chawkbazar, Chattogram Show more"
Apple iPhone 14 Pro Max 256 GB Blue,75000,Used,"Chattogram, Chawkbazar",19/09,https://bikroy.com/chawkbazar/mobile-phones/apple-iphone-14-pro-max-256-gb-blue-ypPp9Ei3UshSeCmnlQ36Bh7t.html,3,2026-10-04T05:37:10.045257+00:00,individual,"IPhone 14 Pro 256GB USA Variant — For Sale
iPhone 14 Pro 256GB USA variant will be sold. The phone is in very good condition and has no hardware or software issues.
 256GB Storage
 6GB RAM
 Battery Health: 78%
 Dual eSIM — No Physical SIM
 Face ID 100% OK
 True Tone 100% OK
 Camera & Display all okay
 No scratch"
Apple iPhone 16 Pro 128 GB Rose Gold,110000,Used,"Chattogram, Oxygen",10/09,https://bikroy.com/oxygen/mobile-phones/apple-iphone-16-pro-128-gb-rose-gold-39Kpz2geyGBN5hC0oKU43H9b.html,5,2026-10-04T05:37:10.586753+00:00,individual,"IPhone 16 Pro
With Box all
128GB Storage
US Variant
Battery Health: 92%
Mobile condition--100% fresh
Contact 013XXXXXXXX"
Apple iPhone 14 Pro Max 256 GB Purple,65000,Used,"Chattogram, Agrabad",12/09,https://bikroy.com/agrabad/mobile-phones/apple-iphone-14-pro-max-256-gb-purple-aoR0rCa42tuFwEthfUCOw8Ao.html,5,2026-10-04T05:37:11.102118+00:00,individual,"iPhone 14 Pro Max
3uTools score 98%
Storage 256GB
Battery health 80%
All parts original
Amazing camera
1 physical SIM, 1 eSIM
Face ID, True Tone, everything works great
No issues or problems at all
Check thoroughly before taking it
Cash memo and cover will be provided"
Apple iPhone 16 Plus 256GB (93%) FULL BOX (Used),95000,Used,"Chattogram, Chawkbazar",1 day ago,https://bikroy.com/chawkbazar/mobile-phones/apple-iphone-16-plus-256gb-93-full-box-used-xb28eXLuJq4hjNi37dgSnS1D.html,0,2026-10-04T05:37:11.696881+00:00,individual,"🔳 93% BATTERY HEALTH. AS LIKE AS NEW CONDITION
🔳 Storage: 8/256 GB
🔳 Colour: BLACK
◾ Box And Original Cable



🔰 Our Speciality......................................


◾ Original & Non-Refurbished Product
◾ Enjoy EMI Facilities*
◾ We Accept Visa, Master Card
◾ Delivery Facility inside & Outside Chattogram
◾ Phone Exchange Facilities*
◾ All Our Products Are Original And Genuine.
◾ 7 Days Replacement And 1 Year Service Warranty On All Products



🔰 Our Showroom Address:



Rony Enterprise (Since 2007)
Bali Arcade Shopping Center
4th Floor, Shop no 03 (in front of Chawkbazar Post Office)
Sirajuddula Road, Chawkbazar, Chattogram Show more"
Apple iPhone 16 128 GB,72000,Used,"Chattogram, Chawkbazar",1 day ago,https://bikroy.com/chawkbazar/mobile-phones/apple-iphone-16-128-gb-ft4utNR4mq9RhVBNcZbudBEE.html,3,2026-10-04T05:37:12.342038+00:00,individual,"iPhone 16
128GB
I have more pictures available
Teal, Ultramarine,
Battery health 90%, 95%, 100%."
Apple iPhone 16 Pro Max 256 GB Gold,99500,Used,"Chattogram, Khulshi",20/09,https://bikroy.com/khulshi/mobile-phones/apple-iphone-16-pro-max-256-gb-gold-C0srz1H0Yv9lERtupwuhraye.html,3,2026-10-04T05:37:12.803636+00:00,individual,"iPhone 16 Pro Max 256GB — SELL & EXCHANGE 
 Battery Health: 89%
 Fresh & well-maintained
 Camera & Face ID: Perfect
 No repair / No issue
 Cash Price: ৳99,500
 Exchange:
Will exchange with iPhone 17 Pro
 Will add cash if needed.
 Inbox if interested.
 Serious buyers only."
Apple iPhone 15 Pro 256 GB Blue,91000,Used,Chattogram,30/09,https://bikroy.com/chattogram/mobile-phones/apple-iphone-15-pro-256-gb-blue-1ePv7HnsuNgFX7b6UUClNmtg.html,4,2026-10-04T05:37:13.539242+00:00,individual,"iPhone 15 Pro 256GB Middle East
92% Blue Titanium (all genuine)
Used as 2nd phone, first user phone
Condition 99/100
Location a must
Real buyers only!!"
Apple iPhone 15 Pro Max 256 GB Blue,90999,Used,"Chattogram, Agrabad",09/09,https://bikroy.com/agrabad/mobile-phones/apple-iphone-15-pro-max-256-gb-blue-uaR5kf3pmj5kSXp8GYiJNhy1.html,3,2026-10-04T05:37:13.999962+00:00,individual,"IPhone 15 Pro Max
Storage: 256GB
Bh-89% (J/A varient )
Almost brand-new condition, not any single problem, not any scratch or dent.
FacelD, True-Tone everything working perfectly... 
Price almost fixed, don't say any insulting price and don't insult yourselt... 
Location: Agrabad, Chittagong"
New Apple iPhone 15 Plus 256 GB Pink,79990,Brand New,"Chattogram, Baizid",23 hours ago,https://bikroy.com/baizid/mobile-phones/new-apple-iphone-15-plus-256-gb-pink-zaIvEoNR5e3voQJzpXqd1LzB.html,3,2026-10-04T05:37:14.554123+00:00,individual,"Get the iPhone 15 Plus 256GB (USA Variant) now at an offer price at Decent! 

Decent brings you the iPhone 15 Plus USA Variant — right within your reach 

 iPhone 15 Plus (USA Variant) - 
Finlay Square, Level-4, Shop-406, 2 No Gate, Nasirabad, Chattogram
Finlay South City, Level-5, Shop-525, Bahaddarhat, Chattogram"
Apple iPhone 16 Pro 128GB 100%B H WARATY (Used),105000,Used,"Chattogram, Chawkbazar",23 hours ago,https://bikroy.com/chawkbazar/mobile-phones/apple-iphone-16-pro-128gb-100-b-h-waraty-used-dq286RUkE2P6d9xA5z9HLCms.html,3,2026-10-04T05:37:15.247830+00:00,individual,"🔳 100% battery health with apple warranty

🔳 Storage: 12/128gb

🔳 Colour: black desert grey

◾ Box And Original Cable




🔰 Our Speciality......................................



◾Original & Non-Refurbished Product

◾Emi Facilities Available*

◾Accept Visa, Master Card

◾Delivery Facility inside & Outside ctg.

◾Phone Exchange Facilities*

◾ All Products Original And Genuine. 

◾Our All Product 7 Days replacement And 1 year Service Warranty




🔰 Our Showroom Address:


Rony Enterprise (Since 2007)

Bali Arcade Shopping Center

4th Floor, Shop no 03(infront of chawkbazar Post Office

Sirajuddula Road, Chawkbazar, Chattogram Show more"
Apple iPhone 15 Plus 256GB 96% BH USA BOX (Used),75000,Used,"Chattogram, Chawkbazar",1 day ago,https://bikroy.com/chawkbazar/mobile-phones/apple-iphone-15-plus-256gb-96-bh-usa-box-used-kmZMNTdvkA8vmzHu1a30PFD6.html,4,2026-10-04T05:37:15.953535+00:00,individual,"🔳 96% BATTERY HEALTH.USA VERSION
🔳 Storage: 8/256GB
🔳 Colour: BLACK
◾ Box And Original Cable



🔰 Our Speciality......................................


◾Original & Non-Refurbished Product
◾Emi Facilities Available*
◾Accept Visa, Master Card
◾Delivery Facility inside & Outside ctg.
◾Phone Exchange Facilities*
◾Our All Products Original And Genuine. 
◾Our All Product 7 Days replacement And 1 year Service Warranty



🔰 Our Showroom Address:



Rony Enterprise (Since 2007)
Bali Arcade Shopping Center
4th Floor, Shop no 03(infront of chawkbazar Post Office
Sirajuddula Road, Chawkbazar, Chattogram Show more"
Apple iPhone 15 Pro Max 256 GB Black,95000,Used,"Chattogram, Pahartali",22/09,https://bikroy.com/pahartali/mobile-phones/apple-iphone-15-pro-max-256-gb-black-6ADTIrP3Ht3Wny2acOVh5Sei.html,5,2026-10-04T05:37:16.640074+00:00,individual,"I am selling this because I will buy another phone. There are no problems with the phone.
It comes with the original twenty-watt charger.
Please contact if you are interested in buying."
Apple iPhone 14 Pro 128 GB White,65000,Used,"Chattogram, Raozan",23/09,https://bikroy.com/raozan/mobile-phones/apple-iphone-14-pro-128-gb-white-uHTp9JXVOvqjXyk5cujoW5F0.html,5,2026-10-04T05:37:17.338600+00:00,individual,"Everything is authentic. You can check before buying, no issues. I am selling it because I urgently need money."
Apple iPhone 14 Pro Max 256 GB Purple,70000,Used,"Chattogram, Hathazari",19 hours ago,https://bikroy.com/hathazari/mobile-phones/apple-iphone-14-pro-max-256-gb-purple-6knUlTR0hwcRkaH3ISuywZ2I.html,3,2026-10-04T05:37:18.032278+00:00,individual,"iPhone 14 Pro Max — 256GB
 LLA Variant | Physical Dual SIM
 Latest iOS Updated
 Smooth & Fast Performance
 Physical Dual SIM
 Battery Health: 95%
 Absolutely Fresh Condition
 No issues at all
 Only Cash Memo Available
 Price: ৳
 Will be sold at the best price!
 Inbox if interested"
Apple iPhone 15 Plus 100% 6 MONTH WARRANTY (Used),80000,Used,"Chattogram, Chawkbazar",1 day ago,https://bikroy.com/chawkbazar/mobile-phones/apple-iphone-15-plus-100-6-month-wranty-used-dzw2jWJzWGsBnqL0RAu0Y0Kk.html,0,2026-10-04T05:37:18.634067+00:00,individual,"🔳 Like New Condition with 6 Month Warranty (TDRA)
🔳 Storage: 8/128GB
🔳 Colour: BLUE
◾ Box and Original Cable

🔰 Why Choose Us?
◾ Get Original & Non-Refurbished Products
◾ Enjoy EMI Facilities*
◾ We Accept Visa & Master Card
◾ Get Delivery Inside & Outside Chittagong
◾ Trade-in with Phone Exchange Facilities*
◾ Benefit from 7 Days Replacement & 1 Year Service Warranty

🔰 Our Showroom Address:

Rony Enterprise (Since 2007)
Bali Arcade Shopping Center
4th Floor, Shop no 03 (in front of Chawkbazar Post Office)
Sirajuddula Road, Chawkbazar, Chattogram Show more"
Apple iPhone 14 Pro Max 128 GB Black,67990,Used,"Chattogram, CDA Avenue",23 hours ago,https://bikroy.com/cda-avenue/mobile-phones/apple-iphone-14-pro-max-128-gb-black-moEX7VePCwU0zRId8UoBc1Fk.html,4,2026-10-04T05:37:19.238930+00:00,individual,"14 pro max usa 128gb
battray 86%
full fresh 
15 days replacement gurranty 
1 year service warranty 
DecDecent,Finlay"
Apple iPhone 16 128 GB Blue,70000,Used,"Chattogram, Kotwali, Chattogram",08/09,https://bikroy.com/kotwali/mobile-phones/apple-iphone-16-128-gb-blue-CsKJJ52KXROyVTjWc5UIzygh.html,3,2026-10-04T05:37:20.091780+00:00,individual,"Rom: 128Gb
Colour: Ultramarine
Health: 89
With box& cash memo"
Apple iPhone 15 Plus 128GB USA FULL BOX (Used),65000,Used,"Chattogram, Chawkbazar",23 hours ago,https://bikroy.com/chawkbazar/mobile-phones/apple-iphone-15-plus-128gb-usa-full-box-used-jLdEPGfjnR65TljyzEm5HZnN.html,0,2026-10-04T05:37:20.333889+00:00,individual,"🔳 Used abroad for 1 year. Like new condition. 88% battery health. 🔳 Storage: 8/128GB. 🔳 Color: BLACK. ◾ Box and original cable included. 🔰 Our Speciality: ◾ Get original and non-refurbished products. ◾ EMI facilities available. ◾ We accept Visa and Master Card. ◾ Delivery available inside and outside Chattogram. ◾ Phone exchange facilities available. ◾ All products are original and genuine. ◾ Enjoy 7 days replacement and 1-year service warranty. 🔰 Showroom Address: Rony Enterprise (Since 2007), Bali Arcade Shopping Center, 4th Floor, Shop no 03 (in front of Chawkbazar Post Office), Sirajuddula Road, Chawkbazar, Chattogram. Show more"
Apple iPhone 13 Mini 256 GB Red,36000,Used,"Chattogram, Sholashahar",18/09,https://bikroy.com/sholashahar/mobile-phones/apple-iphone-13-mini-256-gb-red-uIPL31w2hSgrJ8mT7mv58rQm.html,5,2026-10-04T05:37:20.989000+00:00,individual,"iPhone 13 mini
Rom: 256GB
Battery Health: 81% Genuine
Face ID
True Tone
AA/A Variant...
No repair history
All everything genuine
Camera boom
Check and take as much as you like
Must come to location if buying
Location... 2nd gate
Only phone + security whatever is needed"
New Apple iPhone 12 Pro 128 GB Blue,39000,Brand New,"Chattogram, Chawkbazar",11/09,https://bikroy.com/chawkbazar/mobile-phones/new-apple-iphone-12-pro-128-gb-blue-2Ai2JChbjeeJA0k7z5GpiyA8.html,3,2026-10-04T05:37:21.737780+00:00,individual,"Battery Health 82%. Box, charger, and 3 covers will be provided along with it."
Apple iPhone 13 128 GB White,39000,Used,"Chattogram, Nasirabad",28/09,https://bikroy.com/nasirabad/mobile-phones/apple-iphone-13-128-gb-white-xmW8PUiKzCEoa5hHbiUdrRg9.html,5,2026-10-04T05:37:22.402431+00:00,individual,"iPhone 13 
Color: White
128GB 
Battery Health: 78% 
Japanese variant
Cash memo 
1 cover 🫶"
Apple iPhone 11 Pro Max 256 GB Silver,30000,Used,"Chattogram, Agrabad",04/09,https://bikroy.com/agrabad/mobile-phones/apple-iphone-11-pro-max-256-gb-silver-ax3QcNtt3WVkQyt72iHQBhYV.html,5,2026-10-04T05:37:23.088135+00:00,individual,"Kono issues nei phone chalay moja paben ar ha kono sommosa  nai phone a just old model 
79% bh"
Apple iPhone 12 128 GB Blue,24000,Used,"Chattogram, Halishahar",30/09,https://bikroy.com/halishahar/mobile-phones/apple-iphone-12-128-gb-blue-hq51b49bK5kBEpCeVM8iWpCC.html,5,2026-10-04T05:37:23.690682+00:00,individual,"I phone 12
Box available
Everything all okay"
Apple iPhone 11 256 GB White,33000,Used,"Chattogram, Mirsharai",06/09,https://bikroy.com/mirsharai/mobile-phones/apple-iphone-11-256-gb-white-dR2RICTSDjwduSY51eCceNPT.html,3,2026-10-04T05:37:24.338656+00:00,individual,"Ipon 11
ব্যটারি:৮৮
পেস আইডি :ok
ওয়াটারপ্রুর্ব:ok
বক্স আচে 
চার্জার ওরজনাল
দাম।:৩৩০০০"
Apple iPhone 13 128 GB Blue,45000,Used,"Chattogram, Patenga",18/09,https://bikroy.com/patenga/mobile-phones/apple-iphone-13-128-gb-blue-7Zc4sHN7fB8EDGTvawP4OOsw.html,5,2026-10-04T05:37:24.641149+00:00,individual,"Phone is fully fresh, no repair work has been done, battery health is 87%, I am the 1st owner, whoever takes it will be the 2nd, lamination done, Face ID, True Tone, all ok"
Apple iPhone 12 Pro Max 128 GB Gray,42000,Used,"Chattogram, Chawkbazar",08/09,https://bikroy.com/chawkbazar/mobile-phones/apple-iphone-12-pro-max-128-gb-gray-eNAB777gAcM45kKzk4WMHYKl.html,3,2026-10-04T05:37:25.374842+00:00,individual,"Grey
128 gb
BT 82% authentic 
Cash memo ,cable Nid"
New Apple iPhone 11 128 GB Green,24999,Brand New,"Chattogram, Fatikchari",22/09,https://bikroy.com/fatikchari/mobile-phones/new-apple-iphone-11-128-gb-green-w4gxNlG00v9Y5S5kKcgGpOrC.html,5,2026-10-04T05:37:25.988521+00:00,individual,"Bought from Kuwait brand new in 2022.
First user - single hand use kora as main device.
Full body poly kora.
Like brand new condition.
128GB Variant,
Battery health 74 still nice usable backup.
No repair history, All parts genuine.
Not a single problem except display te halka crack ache but using e akto poriman prblm hoi na.
Location Chittagong."
Apple iPhone 13 Pro 128 GB Black,45500,Used,"Chattogram, Agrabad",16/09,https://bikroy.com/agrabad/mobile-phones/apple-iphone-13-pro-128-gb-black-uDardxSCLy9rfaxn9XOhGjoL.html,5,2026-10-04T05:37:26.637258+00:00,individual,"All ok
Authentic set 
128gb
Battery Health 73%
Set + cover + cash memo 
Waterproof is intact
Must come to location to buy"
Apple iPhone 13 Pro Max 256 GB Silver,40000,Used,"Chattogram, Halishahar",08/09,https://bikroy.com/halishahar/mobile-phones/apple-iphone-13-pro-max-256-gb-silver-pgkLj5PhiaKGlv8LiqPJbl2l.html,5,2026-10-04T05:37:27.325055+00:00,individual,"আসসালামু আলাইকুম... 
এটা আজকে আমি প্রায় ১০/১১ মাস হয়েছে ইউজ করতেছি... ডিসপ্লে চেঞ্জড,ব্যাটারি হেলথ ৭৩%... শুধু মাত্র গেমিং এর জন্য ইউজ করছি... এখন ৩/৪ মাস যাবত ইউজ করা কমিয়ে দিছি... 
 কল... লোকেশন মাস্ট বি আসতে হবে... সিকিউরিটি পারপাসে যা লাগবে দেওয়া যাবে"
Apple iPhone 12 mini 64 GB Purple,27000,Used,"Chattogram, Mirsharai",18/09,https://bikroy.com/mirsharai/mobile-phones/apple-iphone-12-mini-64-gb-purple-A6CA32nYqKv7ui3Qi2hImmxR.html,3,2026-10-04T05:37:27.787683+00:00,individual,"Battery 83%
Face ID and True Tone are ok
Charger is available"
Apple iPhone 14 128 GB White,44990,Used,"Chattogram, CDA Avenue",23 hours ago,https://bikroy.com/cda-avenue/mobile-phones/apple-iphone-14-128-gb-white-i9wkjm7v34rrOZyc7WVHe3gG.html,3,2026-10-04T05:37:28.438393+00:00,individual,"iPhone 14 — Hot Deal at Decent 

Apple iPhone 14 (Global)

128GB | 🔋 Enjoy 84% Battery Health



Capture stunning photos with a Powerful Camera for daily use

Delivery Available |

15-day replacement guarantee | Lifetime service warranty 018XXXXXXXX"
Apple iPhone 13 Pro Max 256 GB Green,52000,Used,"Chattogram, Halishahar",04/09,https://bikroy.com/halishahar/mobile-phones/apple-iphone-13-pro-max-256-gb-green-bp7o8ns6SSs5nOWIePtBEe8x.html,3,2026-10-04T05:37:29.185340+00:00,individual,Green iPhone 13 Pro Max. No box.
Apple iPhone 17 Pro Max 512 GB Orange,173000,Used,"Dhaka, Baridhara",3 hours ago,https://bikroy.com/baridhara/mobile-phones/apple-iphone-17-pro-max-512-gb-orange-clVA1kzCgUkCwCSrGREymfN5.html,5,2026-10-04T05:37:29.928667+00:00,individual,iPhone 17 Pro Max 512gb 100% health full boxed global physical + esim UK variant as like new condition
Apple iPhone 16 Pro Max 512 GB Rose Gold,120000,Used,"Dhaka, Basundhara",1 day ago,https://bikroy.com/basundhara/mobile-phones/apple-iphone-16-pro-max-512-gb-rose-gold-dwC8flu2W6qS4r8aRIMHFV7j.html,4,2026-10-04T05:37:30.634594+00:00,individual,"Selling my personally used, like new, only for one year 16 Pro Max
no dents, no scratches, no cracks
Picture is with screen protectors, actual screen is not damaged
Comes with original box
Battery health: 86%"
Apple iPhone 17 Pro Max 1 TB Blue,186000,Used,"Dhaka, Shyamoli",2 hours ago,https://bikroy.com/shyamoli/mobile-phones/apple-iphone-17-pro-max-1-tb-blue-mxRsJSSu7GpUvJQWhihoKaud.html,3,2026-10-04T05:37:31.321372+00:00,individual,"Apple iPhone 17 Pro Max 1TB Blue
 1TB Storage
 100% Battery Health
Australia Version (Physical SIM + eSIM)
 Like New Condition
 Stunning Blue Color
 Best Price"
Apple iPhone 16 Pro Max 256 GB Black,120000,Used,"Dhaka, Mirpur",21/09,https://bikroy.com/mirpur/mobile-phones/apple-iphone-16-pro-max-256-gb-black-aETzyW1dOs74PMhdQGSCrSU6.html,3,2026-10-04T05:37:31.881878+00:00,individual,100 percent battery health no cracks
Apple iPhone 17 Pro Max 256 GB Orange,142000,Used,"Dhaka, Shyamoli",23 hours ago,https://bikroy.com/shyamoli/mobile-phones/apple-iphone-17-pro-max-256-gb-orange-3eGd2719PHofOQkfNYfd85Pt.html,3,2026-10-04T05:37:32.585669+00:00,business,"iPhone 17 Pro Max 
 96%
 Condition: Full Box | Full fresh
 Australia
  EXCHANGE POSSIBLE
 100% Authentic Product
 EMI Facility (On cards of 36 banks)
 Card Less EMI facility available. 
 Cash On Delivery all over the country
⸻
 Shop Location:
Phone-e
Shop No: 573, Level-5
Shyamoli Square Shopping Mall, Dhaka"
Apple iPhone 16 Pro Max 256 GB Rose Gold,114000,Used,"Dhaka, Dhanmondi",1 day ago,https://bikroy.com/dhanmondi/mobile-phones/apple-iphone-16-pro-max-256-gb-rose-gold-5QIOGApcaastYt7L5a0tNAfh.html,5,2026-10-04T05:37:33.101885+00:00,individual,"16 promax
256/88%bh with box 
USA verient full fresh
Price:114000"
Apple iPhone 16 Pro Max 256 GB,119000,Used,"Dhaka, Savar",19/09,https://bikroy.com/savar/mobile-phones/apple-iphone-16-pro-max-256-gb-ilMPnEdO2vguf69F9x2w66QJ.html,5,2026-10-04T05:37:33.538634+00:00,individual,"Phone is in full fresh condition, just selling it because I will get an 18 Pro Max."
Apple iPhone 17 Pro 256 GB Orange,130000,Used,"Dhaka, Uttara",23 hours ago,https://bikroy.com/uttara/mobile-phones/apple-iphone-17-pro-256-gb-orange-8P0i5IV54pBElcifYXcFI6sR.html,3,2026-10-04T05:37:34.240850+00:00,individual,"iPhone 17 Pro 
 Storage: 256GB
 Color: Cosmic Orange 
 Battery Health: 99%
 Variant: Global
 SIM: Physical SIM + eSIM
 Excellent Condition
 A19 Pro Chip
 6.3"" Super Retina XDR OLED | ProMotion 120Hz
 Exchange Hub
 Shop No: 610, 611, 628 & 629, Level-6
Tropical Alauddin Tower, Sector 3, Road 2
Rajlaxmi, Uttara, Dhaka"
Apple iPhone 17 Pro 256 GB Orange,134000,Used,"Dhaka, Jamuna Future Park",2 hours ago,https://bikroy.com/jamuna-future-park/mobile-phones/apple-iphone-17-pro-256-gb-orange-6irIEhD0fGhPk1kfhpRO8orZ.html,5,2026-10-04T05:37:34.987366+00:00,individual,"Specifications:
Model: iPhone 17Pro 
Storage: 256
Battery Health: 100%
Japan Variant
 Special Benefits:
 Smooth performance
 Attractive and premium design
 Facility to check and buy
Warranty : 10days Replacement Guarantee and 1year service Warranty. 
 Shop Name: GIB
 Address:
Jamuna Future Park, West Court, Level-4, Block-A, Shop No: 28A1, Dhaka."
Apple iPhone 16 Pro Max 256 GB Black,115000,Used,"Dhaka, Badda",05/09,https://bikroy.com/badda/mobile-phones/apple-iphone-16-pro-max-256-gb-black-pwuGYdPCC3J1hw7x0QJw1QXO.html,5,2026-10-04T05:37:35.350803+00:00,individual,"Iphone 16 pro max 256gb usa variant 100 bh cycle count 75 .warranty available March,2027 ."
Apple iPhone 16 Pro Max 256 GB Black,126999,Used,"Dhaka, Mohammadpur",3 hours ago,https://bikroy.com/mohammadpur/mobile-phones/apple-iphone-16-pro-max-256-gb-black-5amHPsLgV6Jme1boZKpLVzFQ.html,5,2026-10-04T05:37:36.086339+00:00,individual,"IPHONE 16 PRO MAX (JUST ACTIVATED) 

2 months replacement guarantee, 1 month battery health guarantee & 3 years service warranty  

.
.
.

Product details:

IPHONE 16 PRO MAX (BLACK)  
256GB  
Battery health 100%  
USA Variant 🇺🇸
Original Box, Device & cash memo  
 

Available at Gulshan branch"
Apple iPhone 17 Pro Max 256 GB Blue,131999,Used,"Dhaka, Mohammadpur",3 hours ago,https://bikroy.com/mohammadpur/mobile-phones/apple-iphone-17-pro-max-256-gb-blue-yFgvWtsmVxcTgbuBJ4UFb2Qa.html,5,2026-10-04T05:37:36.541129+00:00,individual,"iphone 17pro max 256gb at. 1,31,999 bdt
.
.
.
product details:
iphone 17 pro max (deep blue)
256gb 
battery health 100%
global variant (one physical & one e-sim)
device, cable & cash memo 
apple warranty available upto 2027
have little colour fade as blue colour.
price: 1,32,000 bdt
available at gulshan branch"
Apple iPhone 17 Pro 256 GB Orange,122000,Used,"Dhaka, Mirpur",16/09,https://bikroy.com/mirpur/mobile-phones/apple-iphone-17-pro-256-gb-orange-7J9zMOAw7codPQE34n05hSRA.html,5,2026-10-04T05:37:37.188723+00:00,individual,"iPhone 17 Pro orange color with customized dual physical SIM and e-SIM. No cracks or scratches.
For more details-"
Apple iPhone 16 Pro Max 256 GB Silver,120000,Used,"Dhaka, Bashundhara City",3 hours ago,https://bikroy.com/bashundhara-city/mobile-phones/apple-iphone-16-pro-max-256-gb-silver-fvUTILQUGAT4iGzU8xTgnDyu.html,3,2026-10-04T05:37:37.850183+00:00,individual,"10 days replacement guarantee
2 years service warranty
Safe courier service all over the country
Attractive exchange offer
Basement-1, Shop-84, Bashundhara City Shopping Mall
Prices are subject to change. Please contact via WhatsApp before coming."
Apple iPhone 17 Pro Max 256 GB Silver,145999,Used,"Dhaka, Bashundhara City",1 day ago,https://bikroy.com/bashundhara-city/mobile-phones/apple-iphone-17-pro-max-256-gb-silver-uPvsoYAYR7szMaGq14FBQ913.html,5,2026-10-04T05:37:38.534580+00:00,individual,"iPhone 17 Pro Max — 256 GB | Silver
Battery Health 100%
Charging Cycles Only 85
Warranty Until July 2027
Japan Variant
Fresh & Premium Condition
Visit Our Shop
Basement-2, Shop No: 94
Basundhara City Shopping Complex
Panthapath Dhaka 1215
Easily find our shop on the left side immediately after heading down via the escalator."
Apple iPhone 16 Pro Max 256 GB Black,123000,Used,"Dhaka, Basundhara",2 days ago,https://bikroy.com/basundhara/mobile-phones/apple-iphone-16-pro-max-256-gb-black-cZX6DU4UtyEqxztfpV1S512i.html,5,2026-10-04T05:37:39.235694+00:00,individual,"Iphone 16 pro max 
Battery Health 90%
256GB
USA Variant 
Fresh Condition no issues
With Box and Cable"
Apple iPhone 16 Pro Max 256 GB Silver,119000,Used,"Dhaka, Dhanmondi",2 hours ago,https://bikroy.com/dhanmondi/mobile-phones/apple-iphone-16-pro-max-256-gb-silver-yZEFBaLTpC1d1CwLsoEF25ro.html,5,2026-10-04T05:37:39.688976+00:00,individual,"iPhone 16 Pro Max
256GB
Natural Titanium
With box
89% battery health
Water resistant
602 charging cycles
Singapore variant
1 physical SIM, 1 eSIM
Full fresh condition
Not a single scratch or dent
Location: Dhanmondi 15"
Apple iPhone 17 Pro Max 256 GB Orange,136999,Used,"Dhaka, Mohammadpur",3 hours ago,https://bikroy.com/mohammadpur/mobile-phones/apple-iphone-17-pro-max-256-gb-orange-zPbAElsG5kkBx02qmeqRGeRp.html,5,2026-10-04T05:37:40.435788+00:00,individual,"IPHONE 17PRO MAX 256GB at. BDT

.
.
.

Product details:

IPHONE 17 PRO MAX (COSMIC ORANGE)
256GB 
Battery health 97%
GLOBAL VARIANT (one physical & one e-sim)
Device, cable & cash memo 
Apple warranty available upto 2027

Available at GULSHAN BRANCH"
Apple iPhone 15 Pro 512 GB Black,82000,Used,"Dhaka, Dhanmondi",20/09,https://bikroy.com/dhanmondi/mobile-phones/apple-iphone-15-pro-512-gb-black-dKMjBpNccKo1uZImD2Dqorov.html,5,2026-10-04T05:37:41.138694+00:00,individual,"Used with great care, fresh condition. Face ID, all cameras, display, touch, speaker, button, and port are fully functional. No repair or modification has been done. Battery Health 77% - Original Apple Battery, never replaced or boosted. Comes with box and 2 cases | Dhanmondi 7A, Dhaka | | The phone can be inspected and verified, and reasonable negotiation is possible."
Apple iPhone 14 128 GB White,54000,Used,"Dhaka, Dhanmondi",1 day ago,https://bikroy.com/dhanmondi/mobile-phones/apple-iphone-14-128-gb-white-8WB08THB6XsKsNuB1zZS5le9.html,5,2026-10-04T05:37:41.802694+00:00,individual,"iPhone 14
128 GB
90% BH
Global variant"
Apple iPhone 13 Pro Max 256 GB Gray,62000,Used,"Dhaka, Savar",14 hours ago,https://bikroy.com/savar/mobile-phones/apple-iphone-13-pro-max-256-gb-gray-sHJjjT56j8z6ePQrXqfFtBZl.html,5,2026-10-04T05:37:42.322766+00:00,individual,"iPhone 13 Pro Max
Box available
Original cable
Cash memo available
256 GB
77% Battery Health
No problems, everything is okay."
Apple iPhone 16 Pro 128 GB,95000,Used,"Dhaka, Mohammadpur",6 hours ago,https://bikroy.com/mohammadpur/mobile-phones/apple-iphone-16-pro-128-gb-2X4UJWabugdbAdhVL6jb2Djr.html,3,2026-10-04T05:37:42.989709+00:00,individual,"Name:Iphone 16 Pro
 Color:Natural Titanium Bh 88%
 Storage:128GB
Limited warranty 10 September 2026
  Used like new
 WithFull box
Price:-Call for best price 
Used Mobile: 3Days replacement & 6months service warrenty or New mobile: 7days replacement & 1year service warrenty included  
Contact number 018XXXXXXXX"
Apple iPhone 16 Pro 128 GB Black,87990,Used,"Dhaka, Uttara",2 hours ago,https://bikroy.com/uttara/mobile-phones/apple-iphone-16-pro-128-gb-black-dvzGMbirPUgKRdRerF9xFBrt.html,3,2026-10-04T05:37:43.443636+00:00,individual,"Western Mobile Fair
 # Shop No. 614/622/623/625 (Level #6) Tropical Alauddin Tower Uttara 
 Dear Honourable Coustomer 
 100% original device
 Full Factory unlock 
 EMI Available On . 31 Banks credit card. Thanks for being with us."
Apple iPhone 16 Pro Max 256 GB Black,103000,Used,"Dhaka, Gulshan",3 hours ago,https://bikroy.com/gulshan/mobile-phones/apple-iphone-16-pro-max-256-gb-black-iLADKrkmBEBCf6TgpvcL0CsT.html,3,2026-10-04T05:37:44.135956+00:00,individual,"Shop: Bangkok Tech
Location: Police Plaza, Gulshan 1, Dhaka.

★Iphone 16 Pro Max
Better √
Camera √
Display √
Sound √"
Apple iPhone 16 128 GB Blue,69000,Used,"Dhaka, Jamuna Future Park",15/09,https://bikroy.com/jamuna-future-park/mobile-phones/apple-iphone-16-128-gb-blue-xqOyQT0bgQAfnOOoBDm1iMS3.html,3,2026-10-04T05:37:44.642756+00:00,individual,"iPhone 16 128GB, 85% Battery Health, Australia Variant with box! Ultramarine color, full fresh condition with no dents or scratches."
Apple iPhone 13 Pro 256 GB Green,51500,Used,"Dhaka, Mirpur",22/09,https://bikroy.com/mirpur/mobile-phones/apple-iphone-13-pro-256-gb-green-zFZjbNQAqtppXeUFMS45iGht.html,4,2026-10-04T05:37:45.301864+00:00,individual,"iPhone 13 Pro, nothing is changed, battery health 90%, phone all ok, comes with cash memo and charger, phone -"
Apple iPhone 14 Pro 512 GB Black,70000,Used,"Dhaka, Rampura",2 days ago,https://bikroy.com/rampura/mobile-phones/apple-iphone-14-pro-512-gb-black-iWgjcCwnAYSsUN4BTqZ8ZBgS.html,5,2026-10-04T05:37:46.040462+00:00,individual,"The mobile has been brought from Korea.
You will get a cable with the mobile and either an ID card or passport as security.
The mobile has never been opened.
Battery health 82%
You can check everything.
Since it is a USA variant, both are E-sims.
All types of reports are okay."
Apple iPhone 13 Pro Max 128 GB Blue,52500,Used,"Dhaka, Dhanmondi",6 hours ago,https://bikroy.com/dhanmondi/mobile-phones/apple-iphone-13-pro-max-128-gb-blue-zrRtLuAhElAeiEnmPQqw3vwb.html,4,2026-10-04T05:37:46.689289+00:00,individual,"IPhone 13 PM 128gb BH77 Authentic
Fresh condition with money receipt 
No any repair history
No any scratch or dent 
Camera & battery backup so Good
Warranty policy:-
We will provide 10 day's replacement & 2 years service(without parts)
Address:- 3rd floor, shop No-411, Orchard point shopping complex, dhanmandi 7"
Apple iPhone 16 Pro Max 256 GB Black,105000,Used,"Dhaka, Jatrabari",2 hours ago,https://bikroy.com/jatrabari/mobile-phones/apple-iphone-16-pro-max-256-gb-black-7oLLlkhq7dGS7B2EZeq2nO9J.html,3,2026-10-04T05:37:47.435971+00:00,individual,"আসসালামু আলাইকুম
Wellcome to Gadget Exchange BD
 
♦️All perfect working

🔰 ক্রয়/বিক্রয় ও এক্সচেঞ্জ মানেই gadget Exchange BD

🔷100% জেনুইন প্রোডাক্ট পেতে চলে আসুন আমাদের দোকানে

📝With cash memo

✅ 7 Day's Replacement

✅ 1 Year's service warranty without Parts


Gadget Exchange BD 
দোকান নং,৬৭ (৩য় তলা)
বিক্রমপুর প্লাজা, জুরাইন রেলগেট ঢাকা-১২০৪"
Apple iPhone 14 Pro Max full box (Used),69999,Used,"Dhaka, Jatrabari",3 hours ago,https://bikroy.com/jatrabari/mobile-phones/apple-iphone-14-pro-max-full-box-used-kOy05fk2P4tnnhcJcPD1vbjB.html,2,2026-10-04T05:37:48.198100+00:00,business,"📱 Used iPhone 14 Pro Max, comes with full box 📱
✨ Arrived today,

𝗣𝗿𝗼𝗱𝘂𝗰𝘁 𝗗𝗲𝘁𝗮𝗶𝗹𝘀:
✅ RAM
✅ ROM
✅ FULL BOX
✅ CASH MEMO
✅ 100% FRESH 
✅ AUTHENTIC
✅ No dents.
 NO SERVICE HISTORY
 

iPhone 14 pro max 
128 GB
BH 79%
Face id true tone okay 
Waterproof available 🔥

Super fresh 
Full poly applied...

🧿 RATE: 69,999 tk

Our Policy:
☑️ 7-day replacement warranty
☑️ 12-month service warranty
☑️ 100% genuine product

Our Service:
✅ Buy
✅ Sell
♻️ Exchange possible

Our Shop Location:
Shop Name: Mobile House
Shop #63 and #81
Level #02
✨ Idris Super Market,
South Jatrabari, Dhaka-1204

🔰 For more details, call [Call for more details]
#Contact:
#whatsapp:
#Nagad: Show more"
Apple iPhone 15 Plus 128 GB Green,68000,Used,"Dhaka, Gulshan",1 day ago,https://bikroy.com/gulshan/mobile-phones/apple-iphone-15-plus-128-gb-green-aLVVWLgcdlWIBkGSRo5XMg5z.html,5,2026-10-04T05:37:48.581755+00:00,individual,"iPhone 15 Plus, Super Condition.
No problem, No Damage, No nothing.
Battery health 88% only.
Cycle counts: 577.
Everything is ok and perfectly working.
Enjoy all-day battery life, stunning photos, and high-speed internet. 
Original box available, cable and charger will also be given."
Apple iPhone 14 128 GB Blue,49500,Used,"Dhaka, Mirpur",15/09,https://bikroy.com/mirpur/mobile-phones/apple-iphone-14-128-gb-blue-5CBT3EmyEBFCyg45fMmfcuXx.html,5,2026-10-04T05:37:49.186682+00:00,individual,"Completely fresh condition, no issues at all."
Apple iPhone 15 Pro Max 256 GB White,95000,Used,"Dhaka, ECB Chattar",23/09,https://bikroy.com/ecb-chattar/mobile-phones/apple-iphone-15-pro-max-256-gb-white-xhdoPjB7xTDyX6krqo9LZzjZ.html,3,2026-10-04T05:37:49.639210+00:00,individual,"Battery has been replaced. But the battery was removed and installed from another 15 Pro Max, so it will be like the original.
WhatsApp 017XXXXXXXX"
Apple iPhone 15 Pro Max 256 GB Blue,92000,Used,"Dhaka, Uttara",1 day ago,https://bikroy.com/uttara/mobile-phones/apple-iphone-15-pro-max-256-gb-blue-3nC8LTRIkcMpV8TT1JJkkCln.html,3,2026-10-04T05:37:50.039965+00:00,individual,"iPhone 15 Pro Max 
 Storage: 256GB
 Color: Blue Titanium 
 Variant: Dubai
 SIM: Physical SIM + eSIM
 Battery Health: 84%
 Condition: Pre-Owned
 6.7"" Super Retina XDR OLED | 120Hz
 Exchange Hub
 Shop No: 610, 611, 628 & 629, Level-6
Tropical Alauddin Tower, Sector 3, Road 2
Rajlaxmi, Uttara"
Apple iPhone 13 Pro 256 GB Blue,49900,Used,"Dhaka, Shantinagar",2 hours ago,https://bikroy.com/shantinagar/mobile-phones/apple-iphone-13-pro-256-gb-blue-5VLcmCKuKU4TPsbdXiDJSGFc.html,3,2026-10-04T05:37:50.683993+00:00,business,"Apple iphone 13 pro 256gb bh 90% sierra blue
storage : 256gb
color: gold,blue 
only device 
100% authentic.
fully fresh no scratches.
our shop location:
izone , shop no : 50 
level 04 , eastern plus shopping complex 
shantinagar,dhaka -1217
our policy :
3 days replacement guarantee 
1 year service warranty"
Apple iPhone 12 Pro Max 256 GB Blue,53000,Used,"Dhaka, Farmgate",2 hours ago,https://bikroy.com/farmgate/mobile-phones/apple-iphone-12-pro-max-256-gb-blue-aRsLH1NamiWlxD0frAU1gy2G.html,2,2026-10-04T05:37:51.390916+00:00,individual,"Singapore Variant
256GB
10-day replacement guarantee
2-year service warranty
Fast and secure courier service across the country
Attractive exchange offers
Emon Gadget Point
Basement-1, Shop-84
Bashundhara City Shopping Mall"
Apple iPhone 15 Pro 256 GB Blue,80000,Used,"Dhaka, Jamuna Future Park",3 hours ago,https://bikroy.com/jamuna-future-park/mobile-phones/apple-iphone-15-pro-256-gb-blue-cjDSIMBgl4fqGs17r94RqcP0.html,5,2026-10-04T05:37:52.087749+00:00,individual,"iPhone 15 Pro -Best condition 
• 256 GB Storage • 
• Color: Deep Blue
• USA(Dual eSIM)
• Battery Health: [86%]
• Absolutely fresh, no issues
• Face ID, Camera, True Tone all 100% OK 
• Box/Charger: None
• Price: 80000

We provide you:
7 days replacement guarantee
(without display & software update issue)
3 years free service warranty"
Apple iPhone 13 Pro 256 GB Black,52000,Used,"Dhaka, Mogbazar",23 hours ago,https://bikroy.com/mogbazar/mobile-phones/apple-iphone-13-pro-256-gb-black-94z79tZVuJEpdtdKFF2qwGS8.html,5,2026-10-04T05:37:52.776100+00:00,individual,"USA variant, 256GB, Graphite Black, Battery Health 74% (original), Display, True Tone, Body all OK (never opened), Box available. Charger, cable, headphones not included."
Apple iPhone 11 128 GB Black,25000,Used,"Dhaka, Sutrapur",08/09,https://bikroy.com/sutrapur/mobile-phones/apple-iphone-11-128-gb-black-rCHO687vRd1yUfeetqiYn4ZL.html,4,2026-10-04T05:37:53.442826+00:00,individual,I phone 11 128GB fresh condition nijer hate use kora phone kono dag ba scratch nai phone ekhono khola hoynai sob authentic ar bettary health 71% original bettary keu nite chaiale inbox
Apple iPhone 14 128 GB White,45000,Used,Dhaka,1 day ago,https://bikroy.com/dhaka/mobile-phones/apple-iphone-14-128-gb-white-BkdDxbNioromnpcFd8aTIOrP.html,5,2026-10-04T05:37:53.994618+00:00,individual,"Full fresh condition
Battery Health 87%"
Apple iPhone 12 128 GB Black,40000,Used,"Dhaka, Wari",1 day ago,https://bikroy.com/wari/mobile-phones/apple-iphone-12-128-gb-black-3q6bGqWiN1XlONzNg9wnuPz7.html,3,2026-10-04T05:37:54.686855+00:00,individual,"Box ache
All ok kono problem nai
Bettery health 92%
Price fixed na"
Apple iPhone 12 128 GB,34999,Used,"Dhaka, Basundhara",23 hours ago,https://bikroy.com/basundhara/mobile-phones/apple-iphone-12-128-gb-6jIq9lnIlNpdmjfjqlCrYmUA.html,5,2026-10-04T05:37:55.343360+00:00,individual,"iPhone 12 128GB
Battery Health 87%
Full Boxed
Clean condition, smooth performance & premium feel — still a beast for daily use!
Visit Our Shop
Basement-2, Shop No: 94
Bashundhara City Shopping Complex
Panthapath, Dhaka 1215
You can easily find our shop on the left side after going down the escalator."
Apple iPhone 11 Pro 256 GB Black,34500,Used,"Dhaka, Mohammadpur",2 hours ago,https://bikroy.com/mohammadpur/mobile-phones/apple-iphone-11-pro-256-gb-black-dNZgpdst4x0e8W2unD1TSvfw.html,2,2026-10-04T05:37:56.042375+00:00,individual,"Iphone 11 Pro 256GB 92% Battery Health, Contact number -"
Apple iPhone 13 128 GB Green,41000,Used,"Dhaka, Dhanmondi",23 hours ago,https://bikroy.com/dhanmondi/mobile-phones/apple-iphone-13-128-gb-green-1Ge7yEhaXCPwyKt2g2uuQyoO.html,5,2026-10-04T05:37:56.649052+00:00,individual,"iPhone 13
128 GB
83% battery health
Without box"
Apple iPhone 12 128 GB Purple,28000,Used,"Dhaka, Khilkhet",06/09,https://bikroy.com/khilkhet/mobile-phones/apple-iphone-12-128-gb-purple-ney3eSoRk6N47SLdtxLg3kL0.html,5,2026-10-04T05:37:57.427898+00:00,individual,ফোনে কোনো সমস্যা নেই। যতখন ইচ্ছা দেখে চেক করে নিবেন।টাকার দরকার তাই সেল দিতেছি।
Apple iPhone 11 64 GB Black,25500,Used,Dhaka,14/09,https://bikroy.com/dhaka/mobile-phones/apple-iphone-11-64-gb-black-kuOKd4Iq9iKf46dixJBHn3vw.html,5,2026-10-04T05:37:57.886050+00:00,individual,"✅ Model: iPhone 11
✅ Storage: 64GB
✅ Variant: USA
✅ Battery Health: 77%
✅ Face ID: 100% ঠিক আছে
✅ সবকিছু Original
✅ Charger দেওয়া হবে
❌ Box নেই

ফোনটি খুব যত্নসহকারে ব্যবহার করা হয়েছে। ফোন কখনো খোলা হয়নি, তাই যারা Original ও Unopened iPhone খুঁজছেন তাদের জন্য ভালো হবে।
💰 Price: 25,500 fixed"
Apple iPhone 11 64 GB Black,22000,Used,"Dhaka, Sutrapur",20/09,https://bikroy.com/sutrapur/mobile-phones/apple-iphone-11-64-gb-black-8KqzhloeKQzn9QoEZccnz9tq.html,5,2026-10-04T05:37:58.531780+00:00,individual,"Personal use iPhone 11 for sale. The phone has been used with great care and the overall condition is good.
Model: iPhone 11
Storage: 64GB
Battery Health: 88%
Condition: Good
Face ID: Available and works properly
Display: Original
Box: None"
Apple iPhone 11 128 GB Red,26000,Used,"Dhaka, Keraniganj",30/09,https://bikroy.com/keraniganj/mobile-phones/apple-iphone-11-128-gb-red-BzqCN3ylK5zT26JjdRj2A2S5.html,5,2026-10-04T05:37:59.135799+00:00,individual,This phone will be sold with no issues.
Apple iPhone 11 128 GB Black,25000,Used,"Dhaka, Kamrangirchar",14 hours ago,https://bikroy.com/kamrangirchar/mobile-phones/apple-iphone-11-128-gb-black-rMVTiIzyYZRsSBILULDSsPqp.html,5,2026-10-04T05:37:59.738422+00:00,individual,"আসসালামুআলাইকুম 
iphone 11 (128gb )
ফোন টি ফুল ফ্রেস কন্ডিশন কোন সমস্যা নাই।
ডিসপ্লে অরিজিনিয়াল।
ফেইস আইডি ওকে।
ট্রুটন ওকে।
বেটারি হেল্থ। ৭৬%
ফোনের সাথে সব ধরনের সিকিউরিটি দেওয়া যাবে।
ফোন টি একচেঞ্জ করতে পারবেন সুধু iphone এর সাথে ।
যারা নিবেন এখুনি যোগাযোগ করুন । ধন্যবাদ"
Apple iPhone 11 Pro 64 GB Gray,26000,Used,"Dhaka, Uttara",23 hours ago,https://bikroy.com/uttara/mobile-phones/apple-iphone-11-pro-64-gb-gray-bdQ5a2Cw7MwoyGA252ynUxAU.html,4,2026-10-04T05:38:00.484554+00:00,individual,Phone is all ok just battery changed to 98% comes with memo
Apple iPhone 13 256 GB Blue,42000,Used,"Dhaka, Dhanmondi",23 hours ago,https://bikroy.com/dhanmondi/mobile-phones/apple-iphone-13-256-gb-blue-hHKtYsVreOOaYtFXOVnVyXw1.html,5,2026-10-04T05:38:01.222764+00:00,individual,"iPhone 13
256 GB
72% battery health
With box"
Apple iPhone 14 128 GB Purple,43500,Used,"Dhaka, Gulshan",07/09,https://bikroy.com/gulshan/mobile-phones/apple-iphone-14-128-gb-purple-d17GT0PEVAMHtHAn8DbcVaq0.html,4,2026-10-04T05:38:01.952351+00:00,individual,আপনি চাইলে আপনার অপছন্দের পুরাতন ফোনটা দিয়ে এক্সচেঞ্জ করে নিতে পারবেন।
New Apple iPhone 13 Pro 128 GB Graphite,46500,Brand New,"Dhaka, Jatrabari",18/09,https://bikroy.com/jatrabari/mobile-phones/new-apple-iphone-13-pro-128-gb-graphite-hLup8dH2p1o6W8Jp0E3i794k.html,5,2026-10-04T05:38:02.578666+00:00,individual,"Everything okay
Singapore Variant
Full fresh and in mint condition 
Display original
Only battery change(1 year warranty available)
Insane battery backup
True tone 
Face id 
With box, cable
5 back covers"
Apple iPhone 14 256 GB Pink,45000,Used,"Dhaka, Banani",26/09,https://bikroy.com/banani/mobile-phones/apple-iphone-14-256-gb-pink-ayVoAhR5mG3bSQQY88ak8iIo.html,5,2026-10-04T05:38:03.086031+00:00,individual,"Everything in the phone is okay, but the phone is bypassed with no other problems. Battery health is 86 (comes with a memo)."
Apple iPhone 11 Pro Max 512 GB Black,29999,Used,"Dhaka, Khilkhet",5 hours ago,https://bikroy.com/khilkhet/mobile-phones/apple-iphone-11-pro-max-512-gb-black-yCZRi6g6oDKHvcwBgQLYp5vo.html,4,2026-10-04T05:38:03.752348+00:00,individual,"Iphone 11 pro max 512gb fresh condition ,bh 84% , face id, trueton , all ok
 
address :
mobile door bd
 shop no: 49, 3rd floor (lift-3)
 rajuk trade center shopping mall
nikunja-2, khilkhet, dhaka-1229"
Apple iPhone 13 128 GB Pink,44800,Used,"Dhaka, Mirpur",10 hours ago,https://bikroy.com/mirpur/mobile-phones/apple-iphone-13-128-gb-pink-zaGWgl6F8kS4YE3z2kudMdIp.html,5,2026-10-04T05:38:04.441101+00:00,individual,"iPhone 13 128 gb, battery 80, practically brand new, very carefully used, sent from Italy. Nothing has been changed yet, everything is original and authentic, single sim and e-sim, fully ok. Location: Mirpur Shewrapara. wp 014XXXXXXXX"
Apple iPhone 11 128 GB Purple,25490,Used,"Dhaka, Rampura",2 hours ago,https://bikroy.com/rampura/mobile-phones/apple-iphone-11-128-gb-purple-48ogBzo680gkEqrXWbPCiL7l.html,3,2026-10-04T05:38:04.979933+00:00,individual,"IPhone 11 (128) GB Super Fresh 
No internal or external problem 
More information call 017XXXXXXXX"
Apple iPhone 11 Pro 64 GB Black,35000,Used,"Dhaka, Uttara",1 day ago,https://bikroy.com/uttara/mobile-phones/apple-iphone-11-pro-64-gb-black-oJmfm6iM1KiHVtci3bnz6FL0.html,5,2026-10-04T05:38:05.590942+00:00,individual,Used but looks like new. Never repaired. All original. Not a single scratch will found in this phone. Single handed used with care by my wife. 4 GB Ram & ROM 64 gb. Battery health 87%. Original battery and the performance is great. Will provide any kind of security if needed. Thanks
Xiaomi Redmi Turbo 4 Pro 256 GB White,38000,Used,"Dhaka, Basabo",12/09,https://bikroy.com/basabo/mobile-phones/xiaomi-redmi-turbo-4-pro-256-gb-white-C5wbeEjm8POpjFUElQY0VLeE.html,3,2026-10-04T05:38:15.996163+00:00,individual,New condition Mobile
Xiaomi 17T 256 GB Purple,53999,Used,"Dhaka, Motalib Plaza",23 hours ago,https://bikroy.com/motalib-laza/mobile-phones/xiaomi-17t-256-gb-purple-dSXmLndKJCSOZjJijJlRKADC.html,3,2026-10-04T05:38:16.643813+00:00,individual,"Wholesale & Retail 
Xiaomi 17T 12/256GB (Active)
BH-100%

Mobile, Box & Charger (বক্স, চার্জার পেতে সময় লাগতে পারে ৫/৭ দিন) 

Address: Hridoy Communication, 2nd Floor, Shop no: 338"
Vivo V30e 128 GB Black,26000,Used,"Rajshahi, Kazla",26/06,https://bikroy.com/kazla/mobile-phones/vivo-v30e-128-gb-black-mHxyMeJ5IHyP94Imxd6n1M1M.html,3,2026-10-04T05:38:26.127757+00:00,individual,"Sell Post
Vivo v30e
RAM: 8/128
Processor: Snapdragon 6gen1
Display: Curved 120hz refresh rate
★Only the back cover is provided with the phone, nothing else.
NID card will be provided.
Location: Binodpur/Rajshahi University"
New Nothing Phone 3a Pro 256 GB Black,39000,Brand New,"Rajshahi, Kadirgonj",20/08,https://bikroy.com/kadirgonj/mobile-phones/new-nothing-phone-3a-pro-256-gb-black-64QA5WwklUlaWST2fRb6V1no.html,3,2026-10-04T05:38:26.772089+00:00,individual,"Nothing 3A pro... 12/256
All authentic waterproof
Showroom conditions"
OnePlus 7T Pro McLaren Edition 256 GB Black,21999,Used,"Chattogram, Agrabad",31/07,https://bikroy.com/agrabad/mobile-phones/oneplus-7t-pro-mclaren-edition-256-gb-black-ajcuzTBgKIP7rHlVgqSukj6p.html,3,2026-10-04T05:38:32.137212+00:00,individual,"RAM/ROM - 12/256 
For sale"
OnePlus 11R 256 GB Black,26500,Used,"Rajshahi, Court Station",24/09,https://bikroy.com/court-station/mobile-phones/oneplus-11r-256-gb-black-xx0dzSPDc43g5ebJQP8K8360.html,4,2026-10-04T05:38:33.039474+00:00,individual,"Oneplus 11R
Main Ram 16GB
Rom 256 GB
Original 100W Oppo Brand Charger
Phone+100W Charger Cover"
Apple iPhone 14 Pro Max 256 GB Black,63500,Used,"Dhaka, Mirpur",1 day ago,https://bikroy.com/mirpur/mobile-phones/apple-iphone-14-pro-max-256-gb-black-494f5l6KBfzBX8zqwsffFtMu.html,4,2026-10-04T05:38:34.789865+00:00,individual,"Assalamu Alaikum, I am selling this phone due to my needs. 
Bought from Malaysia
Singapore version 
Nothing inside has been changed
Even if the backshell was changed, an original one was installed
You will get a lifetime warranty for the display green screen issue
For details you can call us on our WhatsApp
Thanks
+(whatsapp)"
Apple iPhone 17 Pro Max 256 GB Black,150000,Used,"Dhaka, Badda",28/08,https://bikroy.com/badda/mobile-phones/apple-iphone-17-pro-max-256-gb-black-as6wG8a1pMKfuB2eZe7fYtUK.html,4,2026-10-04T05:38:35.487556+00:00,individual,"iPhone 17 pro Max 
USA variant
Battery health 98%
Storage 256GB 
Negotiable just Kichu scratches and ekta Dent ache nothing else With Box"
New Nothing Phone 4a Pro 256 GB Black,64990,Brand New,Dhaka,3 hours ago,https://bikroy.com/dhaka/mobile-phones/new-nothing-phone-4a-pro-256-gb-black-drOqjtvNcbTwy6aIRWrsrui7.html,2,2026-10-04T05:38:36.235474+00:00,individual,"Nothing 4A PRO (12/256) Brand new inactive
Price: 64,990/- (Best Price ever)

Every smartphone includes:
10-day replacement guarantee
2-year service warranty
Our Shop Address
For Smartphone
Basement- 1, Shop- 84
Bashundhara City Shopping Mall"
Nothing Phone 3a Lite 128 GB Blue,29000,Used,"Dhaka, Khilgaon",23 hours ago,https://bikroy.com/khilgaon/mobile-phones/nothing-phone-3a-lite-128-gb-blue-mLTecJFqW9X8gcV1RdNRPm5w.html,4,2026-10-04T05:38:36.797259+00:00,individual,"Nothing 3a lite
8 GB 128 GB
Dimensity 7300
5000mAh Battery
Only Device
Full fresh condition"
New Nothing Phone 2 256 GB White,38990,Brand New,"Dhaka, Uttara",26/09,https://bikroy.com/uttara/mobile-phones/new-nothing-phone-2-256-gb-white-3cbSLfBhi67ikmBQqgB6qPm6.html,5,2026-10-04T05:38:37.351151+00:00,individual,"Nothing phone 2
 12/ 256 GB, white
Never used ( Shop Display product )"
New Xiaomi Redmi Note 15 128 GB Blue,27999,Brand New,"Chattogram, Agrabad",2 hours ago,https://bikroy.com/agrabad/mobile-phones/new-xiaomi-redmi-note-15-128-gb-blue-rq8Qc4c2JBJsDxZ1WbeRqgA7.html,3,2026-10-04T05:38:38.432906+00:00,individual,"Stay with us by liking & following our page to know the price of any updated product. Our page link - 
**Call or message us on WhatsApp or on Bikroy to buy a phone on instalment. 
 _______________
Address :
Shop- 537, Level -5 
(4th floor of capsule lift, 
Go straight after exiting the lift (JOJOBD).
Akhtaruzzaman Center, 
Agrabad, ChittagonG."
Xiaomi Redmi Note 13 128 GB Red,17500,Used,"Rajshahi, Godagari",24/09,https://bikroy.com/godagari/mobile-phones/xiaomi-redmi-note-13-128-gb-red-kYjtoVoFv945P1QzZ9XwKWa.html,5,2026-10-04T05:38:39.888879+00:00,individual,The Redmi 13 phone is 4 months old and in good condition. Charger will not be provided
OnePlus 13s 256 GB Black,51500,Used,"Dhaka, Jatrabari",21 hours ago,https://bikroy.com/jatrabari/mobile-phones/oneplus-13s-256-gb-black-7CLo9mFzgZPlI2kPKJ6h2RV8.html,4,2026-10-04T05:38:41.838722+00:00,individual,"OnePlus 13s (12-256 GB) full fresh condition 
Memo available 
Location: Dhaka Jurain Bikrampur Plaza. Level-3. Shop-42
Call. WhatsApp 019XXXXXXXX"
OnePlus 13R 256 GB Black,44000,Used,"Dhaka, Hazaribagh",19/09,https://bikroy.com/hazaribagh/mobile-phones/oneplus-13r-256-gb-black-oNONHp8Jn21jEO3x56qliN8h.html,5,2026-10-04T05:38:42.535464+00:00,individual,"All okay no problems, will only get the cash memo with it"
OnePlus 15R 256 GB Black,60000,Used,"Dhaka, Mohammadpur",5 hours ago,https://bikroy.com/mohammadpur/mobile-phones/oneplus-15r-256-gb-black-dLpEcijrIexlHZcYehaD4z8m.html,3,2026-10-04T05:38:43.074722+00:00,individual,"Name: OnePlus 15R (International Global)
 Color: black 
 Storage: 12-256GB 
 Used like new
 With Full box
Price: Call for best price 
Used Mobile: 3 Days replacement & 6 months service warranty or New mobile: 7 days replacement & 1 year service warranty included 
Contact number 018XXXXXXXX"
OnePlus 8 5G (T-Mobile) 128 GB Gold,28000,Used,"Dhaka, Savar",07/09,https://bikroy.com/savar/mobile-phones/oneplus-8-5g-t-mobile-128-gb-gold-aZmUzStEWxtC5Tp0BAnKWFEW.html,3,2026-10-04T05:38:43.675284+00:00,individual,"পিছনে বেকসেল্ট ফাটা তা সাড়া কোনো সমস্যা নাই। এখন ছবি তোলা নাই তাই আগে ছবি দেওয়া লাগলো
আরজেন্ট টাকা লাগবে তাই সেল দিবো রেম-১২+৪ জিবি
রোম-২৫৬ জিবি"
Apple iPhone 14 Pro Max 256 GB Purple,67899,Used,"Dhaka, Savar",10/08,https://bikroy.com/savar/mobile-phones/apple-iphone-14-pro-max-256-gb-purple-r8c67Df9IADKHwJ6AfH7ouCO.html,5,2026-10-04T05:38:45.738338+00:00,individual,"Iphone 14 pro max 256gb with box
77% battery’s health, physical and esim. nothing changes just Backshall broken. R kono somossa nai, jodi keo kinte chan tobe call ba msg koren, jara real byar na tara plz ignore this post. price almost fixed."
Apple iPhone 14 Pro Max 512 GB Purple,75000,Used,"Dhaka, Savar",14/07,https://bikroy.com/savar/mobile-phones/apple-iphone-14-pro-max-512-gb-purple-rqawkjCrVbYD7AkXgxZ0MwTF.html,5,2026-10-04T05:38:46.300602+00:00,individual,"Phone is all okay.
Nothing has been changed.
Waterproof is available.
You can check it as much as you want.
Battery Health: 76%"
Apple iPhone 15 Pro 128 GB Silver,78500,Used,"Dhaka, Lalbag",27/07,https://bikroy.com/lalbag/mobile-phones/apple-iphone-15-pro-128-gb-silver-7SOE5eYcXm6y4Wklg74z74bN.html,5,2026-10-04T05:38:47.086261+00:00,individual,"iPhone 15 pro Box And waterproof 128gb 
Waterproof 
No Dent No scratch 
All original 
Storage: 128gb 
Battery health: 85%
Cycle count: 513
Singapore variant 
100% fresh condition 
Nothing repaired
Location: Azimpur Lalbagh Dhaka 1205
Contact 013XXXXXXXX"
Nothing Phone 3a 128 GB Black,30000,Used,"Dhaka, Kamrangirchar",23/09,https://bikroy.com/kamrangirchar/mobile-phones/nothing-phone-3a-128-gb-black-wSgKIUL4rHNem2mFmvbBLPVH.html,5,2026-10-04T05:38:47.780991+00:00,individual,Only the top is slightly broken. It fell from a child's hand. No other problems. Box is included.
Nothing Phone 3a Pro 256 GB Silver,43500,Used,"Dhaka, Savar",2 hours ago,https://bikroy.com/savar/mobile-phones/nothing-phone-3a-pro-256-gb-silver-rb4esxx9tuUmVrUSHfD6xNG6.html,5,2026-10-04T05:38:48.528075+00:00,individual,"Nothing 3a pro | 8GB RAM | 256GB Storage
An extraordinary smartphone with flagship performance and premium design. Buy with confidence after thorough inspection.
 7-day replacement guarantee, 1-year service warranty, opportunity to test the phone before purchase
 E-195A, Level-5 (Lift-4), Sena Shopping Complex, Nabinaagar, Sayer, Dhaka. Weekly holiday: Sunday"
Nothing Phone 4a 256 GB Blue,40990,Used,"Dhaka, Rampura",2 hours ago,https://bikroy.com/rampura/mobile-phones/nothing-phone-4a-256-gb-blue-8bQe5s49akNvSfWPOzrjyoE1.html,3,2026-10-04T05:38:48.936854+00:00,individual,"Nothing 4a 5G 8+256GB As Like New condition 
No internal or external problem 
Only device and cash memo 
More information call 
Address: Molla Tower Shopping complex, Rampura, Dhaka. 
Opposite BTV centar 
3rd floor, shop no-406."
OnePlus Nord 3 128 GB Black,20990,Used,"Dhaka, Shyamoli",2 hours ago,https://bikroy.com/shyamoli/mobile-phones/oneplus-nord-3-128-gb-black-jVQlUE4NyTe313KsIKtKLkQE.html,5,2026-10-04T05:38:49.540487+00:00,individual,"Guarantee - Warranty
Every phone of ours comes with a 10-day guarantee and a 1-year service warranty.
 If you find any issue, you can change the model.
 Our shop address
 Maa Enterprise
 Shyamoli Khan Plaza Mobile Market
 Shop Number: 22
 Ring Road, Shyamoli, Mohammadpur Dhaka-1207
 Above Sundarban Courier Service."
OnePlus Nord CE 2 5G 128 GB Black,24000,Used,"Dhaka, Mogbazar",05/09,https://bikroy.com/mogbazar/mobile-phones/oneplus-nord-ce-2-5g-128-gb-black-UZd0YUTedMfTYYXUr96Qzuq.html,5,2026-10-04T05:38:50.135398+00:00,individual,"All ok mobile, not any Single problem all good. 2 year used ami brand new kinecilam Bashundhara market theka, sell reason - iPhone kinbo ty. Mobile er box soho everything sob kichu ace
Location : Moghbazar, chairmaingoli masjid"
Xiaomi 15 256 GB Black,24500,Used,"Rajshahi, Shaheb Bazar",12/09,https://bikroy.com/shaheb-bazar/mobile-phones/xiaomi-15-256-gb-black-txCilMMPAI4Ed2Vidd2TC12f.html,3,2026-10-04T05:38:50.920169+00:00,individual,"Full fresh condition Price 24500 
8 128"
Xiaomi 12 Pro 256 GB Black,20500,Used,"Rajshahi, Uposahar",18/09,https://bikroy.com/uposahar/mobile-phones/xiaomi-12-pro-256-gb-black-9WDs9KVaSOTUEVK8Fi7YE5bf.html,4,2026-10-04T05:38:51.490373+00:00,individual,"I did not write the detailed specifications as you can find them by searching online. It performs smoothly for everything from daily use to heavy tasks. The camera and video quality are extraordinary. This is a flagship device from Xiaomi. However, there is one issue: a green line has appeared on the screen. It will cost approximately 6,000 BDT to fix. The charging speed is very fast—it fully charges in just 30 minutes. Show more"
Xiaomi Redmi K40 256 GB White,20000,Used,"Chattogram, Muradpur",29/09,https://bikroy.com/muradpur/mobile-phones/xiaomi-redmi-k40-256-gb-white-3A5OkJTSrtHLXGHhP7I29EHK.html,5,2026-10-04T05:38:52.088730+00:00,individual,"Yes, then you can post it like this:
Redmi K40 Gaming Edition — 8/256GB 
 RAM: 8GB
 ROM: 256GB
 Original Box: Available 
 Phone looks nice and in good condition
 Good performance for gaming 
 Location: Chattogram
 Inbox if interested."
Xiaomi Redmi Note 15 256 GB Black,30000,Used,"Chattogram, Patenga",1 day ago,https://bikroy.com/patenga/mobile-phones/xiaomi-redmi-note-15-256-gb-black-h21eE6kFEnGkOXquEEVfur9.html,3,2026-10-04T05:38:52.587849+00:00,individual,"Brand new, you will understand when you see it"
Nothing Phone 3a 128 GB White,33500,Used,"Dhaka, Rampura",1 day ago,https://bikroy.com/rampura/mobile-phones/nothing-phone-3a-128-gb-white-3OFPD34UoYe8NkOnTVU8pcWc.html,5,2026-10-04T05:38:53.093748+00:00,individual,"Full fresh condition, no scratch full fresh like new"
OnePlus 11R 256 GB Black,27000,Used,"Rajshahi, Kazla",26/08,https://bikroy.com/kazla/mobile-phones/oneplus-11r-256-gb-black-5YoUDRq3Pi6EbohPNJVZMfHv.html,3,2026-10-04T05:38:53.677062+00:00,individual,"Fully fresh phone with no problems 16/256 price fixed, please ignore if you don't like the price"
OnePlus 12R 128 GB Blue,29000,Used,"Rajshahi, Chhota Banagram",31/08,https://bikroy.com/chhota-banagram/mobile-phones/oneplus-12r-128-gb-blue-Yf7Fi8akXM8Fbq7bBdYBWmd.html,3,2026-10-04T05:38:54.387220+00:00,individual,"ফোনের ব্যাকশেল ফাটা।
এছাড়া ফোনে কোন সমস্যা নেই।
লোকেশন শালবাগান পাওয়ার হাউজ মোড়। সাথে অরজিনাল একটি ফাস্ট সুপারবক চার্জার দেয়া হবে। ক্যাশ মেমো আছে। কিনা দাম ছিল ৩৫ হাজার ৫০০।
বিক্রি দাম ২৯০০০"
OnePlus 9RT 5G 128 GB Black,20001,Used,"Chattogram, Sitakunda",11/05,https://bikroy.com/sitakunda/mobile-phones/oneplus-9rt-5g-128-gb-black-v9NqpLY480vrOZOvenoQP1aP.html,2,2026-10-04T05:38:54.684916+00:00,individual,Includes box and charger. No green line issue. Fresh condition.
OnePlus 11R 128 GB Blue,22000,Used,"Chattogram, Chawkbazar",08/07,https://bikroy.com/chawkbazar/mobile-phones/oneplus-11r-128-gb-blue-l1yfMy2aLA6C8KzDCRe1hvoe.html,5,2026-10-04T05:38:55.321261+00:00,individual,"This OnePlus 11R has been used nicely. The processor is the 8 Gen 1, a full gaming processor. I need money urgently, which is why I am selling it.
Must knock on WhatsApp 019XXXXXXXX"
OnePlus 13 512 GB Blue,64990,Used,"Dhaka, Jatrabari",3 hours ago,https://bikroy.com/jatrabari/mobile-phones/oneplus-13-512-gb-blue-kqjnpqJoQ0nhHOwZ30nFBmlg.html,3,2026-10-04T05:38:56.082133+00:00,individual,"Condition: Fresh
RAM: 16GB ROM: 256GB
Battery: 99%
120x Zoom
4K 60 FPS All Camera
Cash Memo
Price: Fixed
(Jatrabari Our Weekly Holiday Monday)
Address: Dhaka Jatrabari, Shahid Faruk Road, Taj-Tanvir Super Market, 2nd Floor, Shop Number: 10 (MobileHub)
#Buy the right product at the right price instead of getting cheated by buying cheap products to save some money"
OnePlus 13 256 GB White,56990,Used,"Dhaka, Shyamoli",2 hours ago,https://bikroy.com/shyamoli/mobile-phones/oneplus-13-256-gb-white-3lEGY8futgWYUn3BL4ZUZyjf.html,4,2026-10-04T05:38:56.638434+00:00,individual,"Get the #new OnePlus 13 5G Chinese version
#Used like new condition with full box
Exchange possible
RAM/ROM: 12/256GB, battery health 99%
We sell 100% original products
You can check it however you like.
Warranty Policy:
7 days parts replacement warranty
2 year service warranty (without LCD, software & physical damage)"
OnePlus 13R 256 GB Black,47500,Used,"Dhaka, Mirpur",3 hours ago,https://bikroy.com/mirpur/mobile-phones/oneplus-13r-256-gb-black-32IXQ1bEcSbavAGFiEO4dmAF.html,5,2026-10-04T05:38:57.187192+00:00,individual,"OnePlus 13R With Full Box 12/256 GB Battery health 100%
Buy, Sell & Exchange
Original Picture Uploaded

100% Original & Non Refurbished Product
10 Day's Replacement Guaranty
1 Year Service warranty
Mirpur shopping Center
5th floor
Shop number 639
Mirpur 2 Dhaka 1216"
OnePlus 8 Pro 256 GB Green,26500,Used,"Dhaka, Shewrapara",25/09,https://bikroy.com/shewrapara/mobile-phones/oneplus-8-pro-256-gb-green-nCTUW0R2RFa4YQ0WJvhI2MNo.html,5,2026-10-04T05:38:57.785171+00:00,individual,"Box and charger are all included. I bought the phone from India three years ago, and everything is still completely authentic and fresh. There is only a slight scratch on the display from dropping it. The price is almost fixed, so only those who are interested in buying should message."
OnePlus 13R 512 GB White,41999,Used,"Dhaka, Uttara",07/09,https://bikroy.com/uttara/mobile-phones/oneplus-13r-512-gb-white-BrTHnBX6q427V2iRFosYQDSK.html,5,2026-10-04T05:38:58.439897+00:00,individual,"One plus 13r
 One of the best phone
Chipset: snapdragon 8 gen 3 flagship processor 
Ram: 16/ rom 512
Jara niben only tarai knock diben
Box nai tobe charger dewa jabe."
OnePlus Nord 4 256 GB Black,29999,Used,"Dhaka, Paltan",13/09,https://bikroy.com/paltan/mobile-phones/oneplus-nord-4-256-gb-black-i5HQK1u2UZPKeD9CKcE9OplC.html,5,2026-10-04T05:38:59.088207+00:00,individual,"Oneplus nord4
8/256
Snapdragon 7plus gen3
Full friesh / no any problem"
Xiaomi Poco X8 Pro 256 GB Black,36000,Used,"Rajshahi, Boalia",2 days ago,https://bikroy.com/boalia/mobile-phones/xiaomi-poco-x8-pro-256-gb-black-g5lqeCqU1JeInYMm4iLFaG20.html,5,2026-10-04T05:38:59.595060+00:00,individual,Purchased from Kry International. Additional 1 year extended warranty. Full box with original 100 watt charger & cash memo. Fixed price.
Xiaomi Redmi Turbo 4 Pro 256 GB White,35800,Used,"Rajshahi, Uposahar",17/09,https://bikroy.com/uposahar/mobile-phones/xiaomi-redmi-turbo-4-pro-256-gb-white-iOWgCE7iyCzrfrM45mjMp9HV.html,3,2026-10-04T05:39:00.174784+00:00,individual,"Redmi Turbo 4 Pro 12/256GB - Sell Post
Redmi Turbo 4 Pro will be sold in absolutely fresh condition.
RAM: 12GB
ROM: 256GB
Variant: Chinese
Used: A few months
Condition: Fresh / No major scratches
Performance: Completely smooth
Battery: Good backup
Box + Charger: Available
No problem, you can check everything if you want."
Xiaomi Redmi Note 14 Pro+ 5G 512 GB White,28000,Used,"Rajshahi, Godagari",24/09,https://bikroy.com/godagari/mobile-phones/xiaomi-redmi-note-14-pro-5g-512-gb-white-xhUjJOTaeZnDdP3Oiq3lGaYI.html,5,2026-10-04T05:39:00.836959+00:00,individual,"99% fresh, must come to the location to pick it up"
Xiaomi Poco M6 Pro 128 GB Silver,15499,Used,"Rajshahi, Vodra",1 day ago,https://bikroy.com/vodra/mobile-phones/xiaomi-poco-m6-pro-128-gb-silver-Cpvn7wzDNDaOVQ4amJgl2F15.html,4,2026-10-04T05:39:01.238574+00:00,individual,"Limited stock – First come, first served!

Our Address: Baneshwar Shibpur Hat, Puthia, Rajshahi 
100% Trust
Right price, right product
FAHIM mobile zone, your trusted mobile shop"
Xiaomi Redmi 10X Pro 128 GB Red,15000,Used,"Rajshahi, Paba",15/09,https://bikroy.com/paba/mobile-phones/xiaomi-redmi-10x-pro-128-gb-red-wLsUfteCnbPCSUnWIS6t2nJ5.html,5,2026-10-04T05:39:01.619205+00:00,individual,"Redmi Note 10 Pro 6/128GB will be sold
 RAM/ROM: 6GB / 128GB
 Display: Good
 Camera: Good
 Performance: Good
 Box + Original Charger: Available
 Fingerprint: Does not work
 Touch: ok
 Cover: Will be provided with it
 Location 1: Damkura, Rajshahi
 Location 2: Amchottor, Amorpur, Sopura, Rajshahi
 
 Inbox if interested."
Xiaomi 11T Pro 256 GB Blue,15000,Used,"Rajshahi, Uposahar",28/09,https://bikroy.com/uposahar/mobile-phones/xiaomi-11t-pro-256-gb-blue-sL6gkNavLVOCPww6Qb1bluuS.html,3,2026-10-04T05:39:02.236120+00:00,individual,Wonderful OK wonderful OK wonderful OK
Xiaomi Redmi Turbo 4 Pro 256 GB Gold,36000,Used,"Chattogram, Agrabad",18/09,https://bikroy.com/agrabad/mobile-phones/xiaomi-redmi-turbo-4-pro-256-gb-gold-wI7z3fAZMoQKHWf36itmnUHX.html,3,2026-10-04T05:39:02.789988+00:00,individual,"Full box, there are no problems."
Xiaomi 13 Pro China Global (Used),38000,Used,"Chattogram, Kotwali, Chattogram",23/05,https://bikroy.com/kotwali/mobile-phones/xiaomi-13-pro-chin-global-used-8w7vo1pyRcusVMX7GyTTXVec.html,4,2026-10-04T05:39:03.430445+00:00,individual,The phone is in pristine condition; feel free to inspect it thoroughly before purchasing. It comes with a 67W charger and features a DSLR-like camera. WhatsApp for more details. The phone is completely scratch-free.
Xiaomi 14 Ultra 512 GB Black,70000,Used,"Chattogram, Cornelhat",02/05,https://bikroy.com/cornelhat/mobile-phones/xiaomi-14-ultra-512-gb-black-BzHrSBx0gTVVk20uDrWvsikO.html,4,2026-10-04T05:39:04.026657+00:00,individual,"Set is in full fresh condition. Used for 1 year, imported from abroad. Comes with full box. Has a minor scratch on the bumper, otherwise everything is okay and in full fresh condition."
Xiaomi Poco X6 Pro 256 GB Blue,25000,Used,"Chattogram, Patiya",25/09,https://bikroy.com/patiya/mobile-phones/xiaomi-poco-x6-pro-256-gb-blue-hmCoUodMoYJqwvEytUzJXy5f.html,5,2026-10-04T05:39:04.727180+00:00,individual,"Set is fully fresh, no problems. Mobile, charger, and cash memo."
Xiaomi Poco X7 Pro 256 GB Yellow,29500,Used,"Chattogram, Bakoliya",13/09,https://bikroy.com/bakoliya/mobile-phones/xiaomi-poco-x7-pro-256-gb-yellow-ac4Fxti1uCpQoaQ3LcedrC9e.html,5,2026-10-04T05:39:05.438618+00:00,individual,Set 99% fresh ache kono issue nai sob dheke nite parben best gaming phone battery backup joss 7 hours jay game khelle sathe set memo r 3ta cover dewa hove location must new market
Xiaomi Redmi Note 13 Pro 256 GB Black,19000,Refurbished,"Chattogram, Patiya",17/09,https://bikroy.com/patiya/mobile-phones/xiaomi-redmi-note-13-pro-256-gb-black-k9VitENcXCIFa04DGR8Mwn1M.html,4,2026-10-04T05:39:06.187892+00:00,individual,"Mobile is completely fresh, no problems, location Patiya"
Nothing Phone 1 256 GB White,25000,Used,"Rajshahi, Motihar",03/05,https://bikroy.com/motihar/mobile-phones/nothing-phone-1-256-gb-white-uKGI5jFyaWLFhlpXPK8uIc79.html,3,2026-10-04T05:39:06.788515+00:00,individual,"The phone is in fresh condition, just like new, with no problems. I don't have the box as the memo was lost, but I have the charger. I will provide whatever you need for security. If you want to buy it, please message or call me. If you are not interested, please do not message and cause confusion."
Nothing Phone 2a 256 GB Black,24999,Used,"Rajshahi, Boalia",28/09,https://bikroy.com/boalia/mobile-phones/nothing-phone-2a-256-gb-black-17PgItkvmwkBm8rBm5dOM5Kr.html,5,2026-10-04T05:39:07.539351+00:00,individual,"📱 Nothing Phone (2a) — 8/256GB For Sale


Model: Nothing Phone (2a)

RAM: 8GB + 2GB Virtual RAM

Storage: 256GB

Processor: MediaTek Dimensity 7200 Pro

Rear Camera: 50MP OIS + 50MP

Front Camera: 32MP

Battery: 5000mAh

OS: Nothing OS 4.1

5G Supported


✅ Phone only — No box/charger
✅ Fully functional
⚠️ Minor signs of use, as shown in pictures"
Apple iPhone 12 Pro Max 256 GB Blue,32000,Used,Rajshahi,18/08,https://bikroy.com/rajshahi/mobile-phones/apple-iphone-12-pro-max-256-gb-blue-sncusjFJgITDJgNB1v0Ns0Ib.html,3,2026-10-04T05:39:08.238108+00:00,individual,"iPhone 12 Pro Max is fresh. 
Bypass device 
Everything is original, nothing has been changed."
Apple iPhone 13 128 GB Blue,40000,Used,Rajshahi,04/08,https://bikroy.com/rajshahi/mobile-phones/apple-iphone-13-128-gb-blue-38KaikAAWbDBGUKSTuahA2zs.html,5,2026-10-04T05:39:08.731251+00:00,individual,"Nothing has been changed, everything is original, no scratches."
Nothing Phone 1 128 GB Black,22000,Used,"Rajshahi, Boalia",19/07,https://bikroy.com/boalia/mobile-phones/nothing-phone-1-128-gb-black-x48lq8d6pPsxusgm0p5cSE5T.html,3,2026-10-04T05:39:09.138522+00:00,individual,"Nothing Phone 1 mobile. Everything is okay, no problems, you can check it yourself. The phone gives very good and beautiful backup. It is a water-resistant phone. If you want to see it, come to the location. Only the phone will be given."
Vivo T3 Ultra 256 GB Black,25500,Used,"Rajshahi, Rajpara",09/09,https://bikroy.com/rajpara/mobile-phones/vivo-t3-ultra-256-gb-black-3hzaj1xQh1KB6Ftud4hd81Ae.html,4,2026-10-04T05:39:09.732055+00:00,individual,"Vivo T3 Ultra (12/256). There are scratches on the phone body and the back cover glue has come off, otherwise no issues. Everything is original, nothing has been changed. You can check it as much as you like, security will be provided. To see the phone, you need to come to the location. 25500"
Nothing Phone 2a 128 GB Black,21500,Used,"Rajshahi, Shah Makhdum",18 hours ago,https://bikroy.com/shah-makhdum/mobile-phones/nothing-phone-2a-128-gb-black-zj9spSmZlgCqHR5EI4txKzs6.html,5,2026-10-04T05:39:10.199144+00:00,individual,"**Nothing Phone (2a) 5G – 8/128GB**
Only phone
Display & Touch working
Front glass broken
Camera, Fingerprint, Charging OK
Rajshahi
**Price: ৳21,500 (Negotiable)**
You can check it by taking it in hand."
iQOO 256 GB Rose Gold,32000,Used,"Rajshahi, Vodra",21/08,https://bikroy.com/vodra/mobile-phones/iqoo-256-gb-rose-gold-dCaGHqAQVr1WlDUbfaXOkdJK.html,4,2026-10-04T05:39:10.820155+00:00,individual,Iqoo neo 10 8-256 has 3 month warranty. Indian border cross phone. The phone has no kind of problem. Nothing is changed.
Google Pixel 7 Pro 128 GB Black,34500,Used,"Rajshahi, Shaheb Bazar",14/07,https://bikroy.com/shaheb-bazar/mobile-phones/google-pixel-7-pro-128-gb-black-r7T4dlOZLvqxcwtr8EwCQj2c.html,5,2026-10-04T05:39:11.334872+00:00,individual,"Box, cash memo, OTG, everything is available.
Full authentic, nothing has been changed."
Nothing Phone 2a 8/256 (Used),25000,Used,Rajshahi,30/04,https://bikroy.com/rajshahi/mobile-phones/nothing-phone-2a-8-256-used-8Qx9oov6snBaiX0MTWZAKAkL.html,5,2026-10-04T05:39:11.694587+00:00,individual,"It is 95% fresh with a minor dent on the body. Only the phone and NID copy will be provided. Serious buyers only, please message."
New Apple iPhone 13 128 GB White,34500,Brand New,"Rajshahi, Boalia",2 days ago,https://bikroy.com/boalia/mobile-phones/new-apple-iphone-13-128-gb-white-8Zt0wMcDOawYJoYj6N3p3jjY.html,3,2026-10-04T05:39:12.485258+00:00,individual,"1000% genuine fresh device.
There is a green line right on the side, which is barely noticeable unless you look very closely. It has been there for over 6 months and does not grow anymore.
Battery Health: 100%
Charge cycle only 127.
Nothing on the phone has been changed. Everything is genuine.
Supports 2 physical dual SIMs.
3uTools Report 100% OK.
Price almost fixed.
Call if interested."
Nothing Phone 3a 128 GB Black,31500,Used,"Rajshahi, Court Station",17/09,https://bikroy.com/court-station/mobile-phones/nothing-phone-3a-128-gb-black-w37wdioS2gFzgL2j5wtZn78J.html,5,2026-10-04T05:39:12.899302+00:00,individual,"Nothing 3a phone all okay, there are no problems with the phone, you can come and check it as much as you want"
Apple iPhone 14 Pro Max 256 GB Blue,80000,Used,"Gazipur, Gazipur Sadar",25/09,https://bikroy.com/gazipur-sadar/mobile-phones/apple-iphone-14-pro-max-256-gb-blue-B3gRdcEEVgSHCF3qwN1SKLGB.html,4,2026-10-04T05:39:13.598495+00:00,individual,"Singapore variant, no scratches, phone is in brand new condition, box and cash memo available, phone is 100% authentic, nothing changed, waterproof is also intact"
Apple iPhone 14 Pro 256 GB Rose Gold,68000,Used,"Cumilla, Daudkandi",12/09,https://bikroy.com/daudkandi/mobile-phones/apple-iphone-14-pro-256-gb-rose-gold-mVIUxFgQI0ss6kSia7X2IGwZ.html,3,2026-10-04T05:39:14.133365+00:00,individual,"All ok nothing changed
256gb
Battery health 89
Contact number"
Apple iPhone 14 Pro Max 256 GB Gray,75000,Used,"Tangail, Tangail Sadar",12/09,https://bikroy.com/tangail-sadar/mobile-phones/apple-iphone-14-pro-max-256-gb-gray-5jkCGHvq0SwnPXrKQ0ulKqMm.html,5,2026-10-04T05:39:14.537463+00:00,individual,"I phone 14 pro max no problem at all, brand new condition, whole set is poly-laminated, brought from Saudi Arabia, nothing changed, everything original, battery health 82, box available, charger available, cover available, everything is okay, not even a single scratch, protector attached on top of camera, price fixed"
Apple iPhone 14 Pro Max 128 GB Purple,65000,Used,"Gazipur, Gazipur Sadar",12/09,https://bikroy.com/gazipur-sadar/mobile-phones/apple-iphone-14-pro-max-128-gb-purple-yMHlLwMnTbkyAX69XXJngYvX.html,4,2026-10-04T05:39:15.182962+00:00,individual,"Variant: Singapore Variant (Dual SIM can be used) 
 Color: Deep Purple 
 Storage: 128GB
 Battery Health: 71 (no boost genuine)
 Condition: Absolutely Fresh Condition
 Face ID: 
 True Tone: 
 Camera: Front & Back all okay 
 Display: Original 
 Parts Changed: Nothing Changed 
 Box included
Whats"
Apple iPhone 16 Pro Max 256 GB Gold,120000,Used,"Chuadanga, Chuadanga Sadar",21/09,https://bikroy.com/chuadanga-sadar/mobile-phones/apple-iphone-16-pro-max-256-gb-gold-zxGTO33MkSeItAaTabyBdq76.html,5,2026-10-04T05:39:16.637521+00:00,individual,"iPhone 16 Pro Max (256GB)
Storage: 256GB
True Tone available
Face ID available
Original display
Full box
Waterproof: OK
Nothing has been changed, all original
Do not make foolish offers or message if you are not a real buyer

Location: Meherpur District, Baradi
If you want to buy the phone, you must come to the location and check it as much as you want
Contact number WhatsApp
Price inbox"
Samsung Galaxy S24 Ultra 256 GB Gray,75000,Used,"Cox's Bazar, Chakaria",1 day ago,https://bikroy.com/chakaria/mobile-phones/samsung-galaxy-s24-ultra-256-gb-gray-6olER8mGvJrjTIBuldtA9qiU.html,3,2026-10-04T05:39:16.725227+00:00,individual,"Fresh condition, nothing scratches. Never fall down.
With original box."
Apple iPhone 14 Pro 128 GB Purple,65000,Used,"Sirajganj, Sirajganj Sadar",24/09,https://bikroy.com/sirajganj-sadar/mobile-phones/apple-iphone-14-pro-128-gb-purple-8pbc8V5fQZE70Xj8AQoG6OCW.html,5,2026-10-04T05:39:17.238041+00:00,individual,"Need money, so I am selling this phone
No issues at all
Nothing has been changed
Battery health 79%"
Apple iPhone 14 Pro Max Dual SIM (Used),74500,Used,"Chattogram, Chandgaon",29/04,https://bikroy.com/chandgaon/mobile-phones/apple-iphone-14-pro-max-dual-sim-used-hpJFXYCEfyNKudv2jICvFbH6.html,4,2026-10-04T05:39:17.930482+00:00,individual,"iPhone 14 Pro Max
Full box without cable
100% Waterproof, please check it yourself
100% Authentic
Deep Purple color
(Z/A) Hong Kong Variant (physical SIM use)
Battery Health 85% (original) 🔎
Storage 256GB
No scratches, looks like new🆕
Laminated
Price: 77k, Price Fixed
Face lock ✅🆗
True Tone ✅🆗
More details ⤵️

#The mobile is completely fresh, not a single scratch, nothing has been opened, everything is 100% original, you can check it yourself. I have used the mobile with great care, there is no problem at all. The mobile has the latest update installed.
The mobile is Deep Purple color, looks brand new, no issues, you will understand once you see it.
Whoever buys it will definitely be a winner.
Price Fixed

#Those who want to buy must come to the location.

#Interested buyers please inbox, others please do not disturb. Show more"
Apple iPhone 14 Pro Max 128 GB Purple,74999,Used,"Chattogram, Agrabad",29/06,https://bikroy.com/agrabad/mobile-phones/apple-iphone-14-pro-max-128-gb-purple-3NlBsx7zwrPcwxACxbXYyvJ4.html,5,2026-10-04T05:39:18.387268+00:00,individual,"Everything is fine.
Battery Health: 95%.
Nothing has been changed.
True Tone is OK.
It has been used with a lot of care, that's why the battery health is still 95%."
Apple iPhone 14 Pro Max Good (Used),90000,Used,"Chattogram, Kotwali, Chattogram",29/04,https://bikroy.com/kotwali/mobile-phones/apple-iphone-14-pro-max-good-used-6wztxBd96PpBsphryUOoF6K6.html,3,2026-10-04T05:39:18.792247+00:00,individual,"In excellent condition. Imported from Dubai Apple Store. Get 3 free covers. Nothing has been changed or repaired. Fixed price 90,000 BDT."
Nothing Phone 2a Plus 256 GB Gray,27000,Used,"Chattogram, Chandgaon",25/07,https://bikroy.com/chandgaon/mobile-phones/nothing-phone-2a-plus-256-gb-gray-kM0vxehtJVRLoUYfQOKCx7Mf.html,5,2026-10-04T05:39:19.537886+00:00,individual,"No problems at all, you can check and take it after seeing."
Nothing Phone 3a 256 GB White,35500,Used,"Chattogram, Satkania",15/08,https://bikroy.com/satkania/mobile-phones/nothing-phone-3a-256-gb-white-iF0wsGqNf6RimxNJfobATtz9.html,3,2026-10-04T05:39:19.936657+00:00,individual,"Brand new, comes with everything."
Nothing Phone 3a 256 GB White,33500,Used,"Chattogram, Satkania",21/05,https://bikroy.com/satkania/mobile-phones/nothing-phone-3a-256-gb-white-keDfTMKurYHi3VCnSmKgcAFK.html,3,2026-10-04T05:39:20.471179+00:00,individual,"Nothing Phone 3a (Global)
 4GB RAM / 256GB ROM
 Absolutely clean and fresh condition
 Global version
 Battery and performance are very good
 Camera, display, sound all perfect
 No issues, you can use it worry-free
 Perfect for those looking for a stylish and unique phone
 Inbox if interested."
Nothing Phone 4a 128 GB White,42500,Used,"Chattogram, Chawkbazar",1 day ago,https://bikroy.com/chawkbazar/mobile-phones/nothing-phone-4a-128-gb-white-7RSpRTRiw9T4Bc78usoxjTmW.html,3,2026-10-04T05:39:21.187194+00:00,individual,"Nothing phone 4a
8/128
with Box
few days used"
Nothing Phone CMF Phone 2 Pro 128 GB Green,27500,Used,"Chattogram, Patenga",24/07,https://bikroy.com/patenga/mobile-phones/nothing-phone-cmf-phone-2-pro-128-gb-green-BPOnnkYfDRtgMgFOGrCldofW.html,3,2026-10-04T05:39:21.627684+00:00,individual,"Fresh condition, box and charger are all included. Used for a very short time, inbox if you want to buy."
Nothing Phone 3a 256 GB White,37000,Used,"Chattogram, Alankar",04/08,https://bikroy.com/alankar/mobile-phones/nothing-phone-3a-256-gb-white-fLWm2T6CH8W96feo8hhkdd2z.html,3,2026-10-04T05:39:22.136461+00:00,individual,"There is not much to say if someone wants a good phone then this is the perfect place you have come the rest will be understood when you meet face to face 
 
- 100% Original
- No type of problems
- Display, Touch, Camera, Speaker, Microphone, Fingerprint 
Location: Chattogram Sagarika Road Bitak Bazar 
 Only serious buyers please contact
WhatsApp:"
Nothing Phone 3a 128 (Used),25990,Used,"Chattogram, Nasirabad",1 day ago,https://bikroy.com/nasirabad/mobile-phones/nothing-phone-3a-128-used-5SEQXK1X9fVCYj2066b202pY.html,4,2026-10-04T05:39:22.772908+00:00,individual,"Nothing phone 3a 8/128

🔥 Budget King — Everyday Smooth Performer! 🔥



⚡ Enjoy 8GB RAM | 128GB Storage | 5000mAh Battery | Super Clear Camera



👉Only one dot (beside front camera)



💰offer price -25,990💥💥



🚚 Delivery Available | 🔄 Exchange Available | 💳 EMI Available



🛡️ 15-Day Replacement Guarantee | Lifetime Service Warranty



📞 



🌐 www.decentbd.com



📍𝐅𝐢𝐧𝐥𝐚𝐲 𝐒𝐪𝐮𝐚𝐫𝐞, Level-4, Shop-406, 2 No Gate, Nasirabad, Chattogram



📍𝐅𝐢𝐧𝐥𝐚𝐲 𝐒𝐨𝐮𝐭𝐡 𝐂𝐢𝐭𝐲, Level-5, Shop-525, Bahaddarhat, Chattogram



#decentbd Show more"
Apple iPhone 13 Pro 512 GB Blue,52000,Used,"Chattogram, Agrabad",24/09,https://bikroy.com/agrabad/mobile-phones/apple-iphone-13-pro-512-gb-blue-rWvIIT7ckLSZRZ5Ohddsjc4y.html,4,2026-10-04T05:39:23.368880+00:00,individual,"iPhone 13 Pro 512GB — FOR SALE
Model: iPhone 13 Pro
Storage: 512GB
iOS: 26.5.2
Battery Health: 86%
Not waterproof, but nothing has been changed
Cash Memo: Available
Mobile All OK 100%
You can come and check the phone thoroughly as you like
You can inspect everything before taking it
You must come to the location to pick up the phone
No courier/delivery
PRICE: Taka"
New Nothing Phone 4a Pro 128 GB Black,57999,Brand New,"Chattogram, Agrabad",2 hours ago,https://bikroy.com/agrabad/mobile-phones/new-nothing-phone-4a-pro-128-gb-black-uQKrU0mAv85lWdk9mAwsXcha.html,3,2026-10-04T05:39:24.087685+00:00,individual,"** NOTHING 4A PRO (8/128) New
Address:
Shop-537, Level-5 (4th floor of capsule lift), 
Go straight after exiting the lift to JOJOBD, 
Akhtaruzzaman Center, 
Agrabad, Chittagong."
Nothing Phone 3a Pro 256 GB Black,48000,Used,"Chattogram, Baizid",08/07,https://bikroy.com/baizid/mobile-phones/nothing-phone-3a-pro-256-gb-black-hyjk1eftm2JW3HdAtpB5kCD3.html,3,2026-10-04T05:39:24.823182+00:00,individual,"14 day used only new mobile 
Location: polytechnical, East Delta University Pashe.
Real buyer knock 016XXXXXXXX"
Nothing Phone 3 512 GB Black,65000,Used,"Chattogram, Hathazari",12/07,https://bikroy.com/hathazari/mobile-phones/nothing-phone-3-512-gb-black-yxV5AfHeEPwHoU4xsbAO5f8Y.html,5,2026-10-04T05:39:25.578470+00:00,individual,"Only 16 days used, full fresh, I'll provide a new xundd case"
New Nothing Phone 3a 256 GB Black,29500,Brand New,"Chattogram, Agrabad",23/05,https://bikroy.com/agrabad/mobile-phones/new-nothing-phone-3a-256-gb-black-dN0XrLxrlkCV7yarf0vCYCUt.html,5,2026-10-04T05:39:26.195137+00:00,individual,"Nothing Phone 3a (Black) 
8+8GB RAM 256GB ROM
Condition: Like brand new
Black
Enjoy a smooth and premium experience
Asking Price: 29,500৳ (negotiable)
Only phone available
I can provide a photocopy of my NID for security purposes; the bill and box were lost during a house move.
Exchange possible. Serious buyers only."
Nothing Phone 4a Pro 256 GB Graphite,60000,Used,"Chattogram, Chawkbazar",1 day ago,https://bikroy.com/chawkbazar/mobile-phones/nothing-phone-4a-pro-256-gb-graphite-6ggKcyFENqXk13R43sWcpm84.html,3,2026-10-04T05:39:26.738537+00:00,individual,"Nothing 4a Pro
12/256
Few days used
Full boxed."
Nothing Phone 3a 128 GB Black,31000,Used,"Chattogram, Alankar",05/09,https://bikroy.com/alankar/mobile-phones/nothing-phone-3a-128-gb-black-wuVyp0c2XbnCxQS21NT9Gwqs.html,4,2026-10-04T05:39:27.186579+00:00,individual,ফুল বক্স ক্যাশ মেমো সহ। কোনবিন্দু পরিমাণ দাগ বা ফাটল নাই পুরো নতুনের মত। প্রাইজ প্রায় ফিক্সড
Apple iPhone 13 Pro Max 512 GB Gold,65000,Used,"Dhaka, Jatrabari",11/09,https://bikroy.com/jatrabari/mobile-phones/apple-iphone-13-pro-max-512-gb-gold-BjoaJF5XMlVWpnr6oOWxcvi4.html,3,2026-10-04T05:39:27.880700+00:00,individual,"Phone has never been opened, completely waterproof, nothing has been changed, full fresh condition.
No display issue, latest update given, using for 2 years, using for 2 years.
Still looks like an absolutely brand new phone.
Box will be found with it. Brought from USA."
Apple iPhone 14 Pro Max 128 GB Gray,72000,Used,"Dhaka, Basabo",11/09,https://bikroy.com/basabo/mobile-phones/apple-iphone-14-pro-max-128-gb-gray-eTaO61PpHLiVmwqh4SDVobpR.html,5,2026-10-04T05:39:28.625054+00:00,individual,"Brand- Apple 
Model- 14 pro max
What you will get with the mobile
Box, charger, 2 good quality covers
The mobile has been used with great care.
BH- 75 Original Battery 
128 GB
HKG, MAC
Nothing of the mobile has been changed
Everything is original.
The mobile must be seen by coming in person.
Dakshin Gaon Road No. 2, Basabo"
Apple iPhone 14 Pro Max 256 GB Purple,77999,Refurbished,"Dhaka, Kamrangirchar",26/09,https://bikroy.com/kamrangirchar/mobile-phones/apple-iphone-14-pro-max-256-gb-purple-B7PR7v29030YWlwH3HlHeUXW.html,5,2026-10-04T05:39:29.077054+00:00,individual,"iPhone 14 Pro Max 256GB, battery health is 78, completely full fresh, no problems, nothing has been opened, box is available, charger is available, memo is available. If anyone wants to buy, you can contact this number 018XXXXXXXX"
Nothing Phone 3 256 GB White,58990,Used,"Dhaka, Jatrabari",3 hours ago,https://bikroy.com/jatrabari/mobile-phones/nothing-phone-3-256-gb-white-C0mmvXYHqOHqUq59V6eWvGDm.html,5,2026-10-04T05:39:29.798513+00:00,individual,"Condition: Full Fresh
RAM: 12GB, ROM: 256GB
Snapdragon 8s Gen 4
Battery: 5500mAh
Cash Memo available
Price: Fixed
(Jatrabari branch is closed every Monday)
Address: Dhaka, Jatrabari, Shahid Faruk Road, Taj-Tanvir Super Market, 2nd Floor, Shop Number: 10 (MobileHub)
#Instead of falling for scams by buying cheap products to save a few bucks, purchase the right product at the right price."
Apple iPhone 13 Pro Max 256 GB Blue,60000,Used,"Dhaka, Jatrabari",15/09,https://bikroy.com/jatrabari/mobile-phones/apple-iphone-13-pro-max-256-gb-blue-rsdiCVafNsuMRa9RvDuLPVhW.html,5,2026-10-04T05:39:30.433244+00:00,individual,"Assalamulaikum 
Iphone 13 pro max 
256gb Box available 
90% battery health  (original) 
Face id ok 
True tone ok 
Nothing changed all ok 
Phone looks just like new, you will love it at first sight, you must come to the location 
Location : Jatrabari Tony Tower , (Dhaka ,Jatrabari )"
Apple iPhone 13 Pro Max 256 GB Bronze,57000,Used,"Dhaka, Mirpur",27/09,https://bikroy.com/mirpur/mobile-phones/apple-iphone-13-pro-max-256-gb-bronze-kmSnhaBgDK2eBXmkh2PxUKd8.html,4,2026-10-04T05:39:31.087725+00:00,individual,"256
Battery Health 75%
Everything in the phone is original, nothing has been changed, comes with box and charger 
Location Mirpur 13"
Apple iPhone 15 Pro 128 GB Blue,78000,Used,"Dhaka, Mirpur",14/09,https://bikroy.com/mirpur/mobile-phones/apple-iphone-15-pro-128-gb-blue-rnhgE48T8MKBQFwZpni1KlN7.html,5,2026-10-04T05:39:31.688454+00:00,individual,"iPhone 15 Pro (UAE Variant)
Condition: Fresh & Original
Battery Health: 82%
Waterproof (Never opened / nothing changed)
No parts changed – 100% original
Storage: 128GB
Imported from abroad, still waterproof. Selling because I will upgrade to iPhone 16. Serious buyers only, please send a message."
Nothing Phone 4a Pro 256 GB Silver,58000,Used,"Dhaka, Savar",2 hours ago,https://bikroy.com/savar/mobile-phones/nothing-phone-4a-pro-256-gb-silver-rmUhiwYH5LofThyui6RIgSsR.html,5,2026-10-04T05:39:32.442199+00:00,individual,"Nothing 4A Pro | 8GB RAM + 256GB 
Premium Used Phone now at an attractive Offer Price! Smooth performance, stylish design, fresh condition 
 Muthophone Accessories. 2 E-195A, Level-5 (Lift-4), Sena Shopping Complex, Nabinagar, Savar, Dhaka
 Limited Stock | Order Now!
 
Facebook: MUTHOPHONE ACCESSORIES 2"
Apple iPhone 13 Pro 256 GB Gold,55000,Used,"Dhaka, Jatrabari",11/09,https://bikroy.com/jatrabari/mobile-phones/apple-iphone-13-pro-256-gb-gold-iN55ewCIkfSL4aA7MXoahoZh.html,5,2026-10-04T05:39:33.083260+00:00,individual,"Price Fixed
IPhone 13 Pro 256Gb Full Box
Color : Golden 
1 physical sim , 1 E sim 
Battery health : 91% (Original )
IOS version : Latest (26.5.2)
True Tone : ok 
Face ID : ok
Model number : MLQP3LL/A
Waterproof device 
Used with case 
IMel Matched Box available 
Charging cable and 20 adapter Available 
 everything original
Nothing repaired /Replace"
Apple iPhone 16 Pro 256 GB Gray,98000,Used,"Dhaka, Lalbag",29/09,https://bikroy.com/lalbag/mobile-phones/apple-iphone-16-pro-256-gb-gray-kLEXl1oWK0M4uO0o8zO9Eg8R.html,3,2026-10-04T05:39:33.836302+00:00,individual,"Original Full Box Phone, never opened, nothing changed. I will provide all documents required. No dent, no single scratch, Battery health is 89%. Full fresh phone. Premium case and Screen protector will be provided"
Apple iPhone 14 Pro Max 256 GB Blue,73500,Used,"Dhaka, Mirpur",1 hour ago,https://bikroy.com/mirpur/mobile-phones/apple-iphone-14-pro-max-256-gb-blue-WALJv7P55Wry5lPZ0DpQcWw.html,3,2026-10-04T05:39:34.626799+00:00,individual,"IPHONE 14 PRO MAX (USA)
FACE ID OK
TRUE TONE OK
BH 87%
STORAGE 256GB
BOX + MEMO WILL BE GIVEN
NOTHING HAS BEEN CHANGED. CONDITION IS FRESH.

LOCATION UTTRA HOUSEBUILDING."
Nothing Phone 3 512 GB White,58000,Used,"Dhaka, Baridhara",3 hours ago,https://bikroy.com/baridhara/mobile-phones/nothing-phone-3-512-gb-white-sO7lGwfpb7nF2hjcQGoOXcL.html,4,2026-10-04T05:39:35.179140+00:00,individual,"Nothing 3
Full fresh condition 
only device"
Nothing Phone 3 256 GB White,58990,Used,"Dhaka, Dhanmondi",3 hours ago,https://bikroy.com/dhanmondi/mobile-phones/nothing-phone-3-256-gb-white-sAk3wfuupe2r1sPrGHHWgofO.html,3,2026-10-04T05:39:35.795864+00:00,individual,"Condition: Fresh
RAM: 12GB ROM: 256GB
Super Amoled Display Fingerprint
Snapdragon 8s Gen 4
Camera Like DSLR
Cash Memo
Price: Fixed
(Jatrabari weekly closed on Monday)
Address: Dhaka Jatrabari, Shahid Faruk Road, Taj-Tanvir Super Market, 2nd Floor, Shop Number: 10 (MobileHub)"
Nothing Phone 2a 128 GB White,25999,Used,"Dhaka, Jatrabari",3 hours ago,https://bikroy.com/jatrabari/mobile-phones/nothing-phone-2a-128-gb-white-aM2KLdGLDp9EDb3bQ4GY13L8.html,3,2026-10-04T05:39:36.534623+00:00,individual,"Jatrabari, Idris super market 
shop no 63"
Nothing Phone 4a 256 GB Black,49999,Used,"Dhaka, Jatrabari",2 hours ago,https://bikroy.com/jatrabari/mobile-phones/nothing-phone-4a-256-gb-black-4W6smJUi60e8v3GdezaspbQj.html,3,2026-10-04T05:39:37.038721+00:00,individual,"Nothing 4a.
Ram - 12 gb.
Rom - 256 gb.
Full box."
Nothing Phone 2a 256 GB Black,27500,Used,"Dhaka, Jamuna Future Park",3 hours ago,https://bikroy.com/jamuna-future-park/mobile-phones/nothing-phone-2a-256-gb-black-a6Jqyq5jQNix6XNM645jgbfc.html,5,2026-10-04T05:39:37.634365+00:00,individual,"notging 2a 8/256gb all ok
super fresh condition available

🏃 আমাদের দোকান এ ভিজিট করুন 

 📍 Address :

     "" Appelink ""
     Shop No: 4C-021C1
       Block- C, Level- 4 
     Jamuna Future Park
(Samung customer care er pase
⏰Business Hour: 11:00AM-8:00PM
Whatsup number 016XXXXXXXX"
Nothing Phone 2a 128 GB White,25000,Used,"Dhaka, Uttara",17/09,https://bikroy.com/uttara/mobile-phones/nothing-phone-2a-128-gb-white-8CQ00q4tUnds4ZrbnEZ2NVQe.html,5,2026-10-04T05:39:38.192037+00:00,individual,"There are no problems with the phone, you can check everything before buying. I am selling it because of low storage, otherwise I wouldn't have sold it. Those who want to buy the phone must come and collect it."
Nothing Phone 3a 256 GB Black,32000,Used,"Dhaka, Bosila",21/09,https://bikroy.com/bosila/mobile-phones/nothing-phone-3a-256-gb-black-7DtrW3OT2m71DTE64Lw1PSfb.html,4,2026-10-04T05:39:38.726085+00:00,individual,"RAM: 8GB
 Storage: 256GB
 Snapdragon 7s Gen 3
 50MP OIS Camera 
 120Hz AMOLED Display
 5000mAh Battery 
 Premium Nothing Design
You will get a charger with it. And all the documents you need will be provided."
Nothing Phone 1 128 GB Black,29000,Used,"Dhaka, Uttara",15/09,https://bikroy.com/uttara/mobile-phones/nothing-phone-1-128-gb-black-yFAng88VBi16L4d8PJtz9i8t.html,4,2026-10-04T05:39:39.224699+00:00,individual,"There are no problems. If anyone wants to exchange with an iPhone, please send a message."
New Nothing Phone 3a 256 GB White,30500,Brand New,"Dhaka, Jatrabari",26/09,https://bikroy.com/jatrabari/mobile-phones/new-nothing-phone-3a-256-gb-white-eJwuDpesSE2GEDWBrwK9ZEWO.html,5,2026-10-04T05:39:39.929884+00:00,individual,"Only phone, no box and charger with the phone. I can provide NID as security."
Nothing Phone 3a Pro 256 GB Black,38500,Used,"Dhaka, Jatrabari",3 hours ago,https://bikroy.com/jatrabari/mobile-phones/nothing-phone-3a-pro-256-gb-black-tVwi3Yk0uYUSyZrUS1SZXcaA.html,4,2026-10-04T05:39:40.335484+00:00,individual,"আসসালামু আলাইকুম
Wellcome to Gadget Exchange BD
 
With cash memo
 7 Day's Replacement
 1 Year's service warranty without Parts
 Gadget Exchange BD 
দোকান নং,৬৭ (৩য় তলা)
বিক্রমপুর প্লাজা, জুরাইন রেলগেট ঢাকা-১২০৪"
Nothing Phone 3a 128 GB Blue,32000,Used,"Dhaka, Badda",28/09,https://bikroy.com/badda/mobile-phones/nothing-phone-3a-128-gb-blue-5bEfKBlKWZyiccHYdxkIV03T.html,5,2026-10-04T05:39:40.735011+00:00,individual,"Nothing 3a
8/128
Completely fresh
Comes with original box
and will provide charger adapter
Cash memo available
Not even 1 year old
Price almost fixed
You can check and take it
No problems"
Nothing Phone 3a Lite 256 GB White,32500,Used,"Dhaka, Dhanmondi",3 hours ago,https://bikroy.com/dhanmondi/mobile-phones/nothing-phone-3a-lite-256-gb-white-8oRRaGzAtl88LE1tmjvPN9vO.html,3,2026-10-04T05:39:41.280936+00:00,individual,"""Welcome to ""Al Aqsa Mobile"" 
 Reach us___________________ 
 *Al Aqsa Mobile*
 Shop No-449 ,Lift -3, Orchard Point, Dhanmondi 7, Dhaka-1209
 Model : 3a lite
 RAM : 8 
 ROM : 256
 Price Fixed"
Nothing Phone 3a Lite 256 GB Blue,29990,Used,"Dhaka, Rampura",2 hours ago,https://bikroy.com/rampura/mobile-phones/nothing-phone-3a-lite-256-gb-blue-2WqjIYecNl7sLTNNx62mrbHn.html,4,2026-10-04T05:39:41.895906+00:00,individual,"Nothing 3a Lite  8+256GB As Like New
Only device and cash memo 
More information call 
Address: Molla Tower Shopping complex, Rampura, Dhaka. 
Opposite BTV centar 
3rd floor, shop no-406"
Nothing Phone 3a 128 GB White,33500,Used,"Dhaka, Savar",06/09,https://bikroy.com/savar/mobile-phones/nothing-phone-3a-128-gb-white-96CLFdj6MhmRxwVoZUrvg10P.html,5,2026-10-04T05:39:42.523409+00:00,individual,"একদম অথেন্টিক Nothing 3a খুঁজছেন?
Nothing 3a 8/128 
•Battery-5000 mh
Available
Book Now  ￼ 
Shop No- E/137 Level-5
Sena sopping complex."
Nothing Phone 4a Pro 256 GB Black,54999,Used,"Dhaka, Badda",3 hours ago,https://bikroy.com/badda/mobile-phones/nothing-phone-4a-pro-256-gb-black-hSQ6jtiBfkmE2M9ylZMxwClh.html,3,2026-10-04T05:39:43.233594+00:00,individual,"💥💥Prices are fixed💥💥
Processor : Snapdragon 7 gen 4
Ram: 12 GB
Display: 6.83"" Amoled 144hz
Camera: Back-50+50+8\Front-32 MP
Battery: 7400 mah
Device with Cash Memo.
৭ দিনের রিপ্লেসমেন্ট ও ১ বছরের ফ্রী সার্ভিস পাবেন।আপনার পুরাতন মোবাইল আমাদের সাথে Exchange করতে পারেন।
সাপ্তাহিক বন্ধ:বুধবার।"
New Nothing Phone 3a Pro 256 GB Black,40000,Brand New,"Dhaka, Mirpur",08/09,https://bikroy.com/mirpur/mobile-phones/new-nothing-phone-3a-pro-256-gb-black-GACIqZPVi5YNjgFhyVnTo8c.html,3,2026-10-04T05:39:43.899267+00:00,individual,নিতে চাইলে যোগাযোগ 017XXXXXXXX
OnePlus 12 /256 (Used),42999,Used,Rajshahi,3 hours ago,https://bikroy.com/rajshahi/mobile-phones/oneplus-12-256-used-bxePyFSvvMHrpbhRdjPDqfnq.html,3,2026-10-04T05:39:44.639458+00:00,individual,"Oneplus 12

16/ 256

Super condition 🔥🔥

7days replacement guarantee ✅ 
1year service waranty ✅ 

#exchange possible ✅

Our Address :
Smart Choice , Shop No. 211, 
City center , Beside of Rajshahi College , Sonadigir mor Rajshahi

Call for any details:"
New OnePlus Ace 2 256 GB Silver,30000,Brand New,"Rajshahi, Rajpara",03/07,https://bikroy.com/rajpara/mobile-phones/new-oneplus-ace-2-256-gb-silver-fkj6kLkcSrmn5FAeEpnjh37i.html,5,2026-10-04T05:39:45.343933+00:00,individual,"OnePlus
Model: Ace 2
RAM: 12/256
Full fresh new condition"
OnePlus Nord 5 256 GB Purple,35000,Used,"Rajshahi, Kazla",20/09,https://bikroy.com/kazla/mobile-phones/oneplus-nord-5-256-gb-purple-a2K8j7lyIWvwID16ioRTlTmQ.html,4,2026-10-04T05:39:45.678107+00:00,individual,"OnePlus Nord 5\nIndian global (8/256)\nAll original all ok\nAmazing camera, you can check out my profile\nAwesome UI\nGreat battery backup, lasts 2 days with normal use. Heavy multitasking and gaming easily cover 8/9 hours.\nCondition looks like new"
OnePlus 11 512 GB Black,35000,Refurbished,"Rajshahi, Boalia",13/08,https://bikroy.com/boalia/mobile-phones/oneplus-11-512-gb-black-8Fk5EfkhQkYXnUDV0VrhMtHc.html,5,2026-10-04T05:39:46.328942+00:00,individual,"Call only Wp & number aptX HD, Bluetooth 5.3, A2DP, LE, Corning Gorilla Glass Victus, Fingerprint, IP64 dust/water resistant, Stereo Speakers, USB Type-C 2.0, OTG"
OnePlus 12R 256 GB Black,33000,Used,"Rajshahi, Paba",01/08,https://bikroy.com/paba/mobile-phones/oneplus-12r-256-gb-black-wZ0bdwC5lJBly9TlpR5JBylJ.html,3,2026-10-04T05:39:46.933066+00:00,individual,"There is not even a slight problem, lamination is applied on the front and back. Price negotiation is not allowed at all."
New OnePlus 12 256 GB Silver,47500,Used,"Rajshahi, Paba",22 hours ago,https://bikroy.com/paba/mobile-phones/oneplus-12-256-gb-silver-ui3coYPK4n2lgwcXm9GxU1gV.html,5,2026-10-04T05:39:47.734076+00:00,individual,"100 Fresh Condition 
No Scratch 
95 Battery Health 
12/256
Activation Date March 2025 
Used by one hand 
There is hardly any OnePlus 12 used for such a short time, all are active in 2024 
Location Rajshahi Airport"
OnePlus 13s 256 GB Black,55000,Used,Rajshahi,3 hours ago,https://bikroy.com/rajshahi/mobile-phones/oneplus-13s-256-gb-black-Cbyscqr0tybDLDa2KA9rdghr.html,2,2026-10-04T05:39:48.228738+00:00,individual,"OnePlus 13s
12 256
Super condition 
7 days replacement guarantee  
1 year service waranty  
#exchange possible 
Our Address :
Smart Choice , Shop No. 211 , 
City center , Beside of Rajshahi College , Sonadigir mor Rajshahi
Call for any details"
OnePlus 12R 256 GB Black,34500,Used,"Rajshahi, Shaheb Bazar",09/09,https://bikroy.com/shaheb-bazar/mobile-phones/oneplus-12r-256-gb-black-BE8PUoVVWBuSZW21wjeMA2zz.html,3,2026-10-04T05:39:48.982432+00:00,individual,"Oneplus 12R 
Ram 16 
Room 256
Battery health 92%
Locetion Rajshahi
Indean phone"
OnePlus 13R 256 GB Black,43000,Used,"Rajshahi, Paba",12/09,https://bikroy.com/paba/mobile-phones/oneplus-13r-256-gb-black-BN1F0ojZujVJOr3INkZMR7NM.html,5,2026-10-04T05:39:49.680998+00:00,individual,"OnePlus 13R 12/256
Full fresh condition
Battery health 100%
(Only phone)
(Price fixed)"
OnePlus 11R 256 GB Black,28000,Used,"Rajshahi, Shaheb Bazar",3 hours ago,https://bikroy.com/shaheb-bazar/mobile-phones/oneplus-11r-256-gb-black-uqi8zxOGRdcfOQPsexSgHj7N.html,3,2026-10-04T05:39:50.417493+00:00,individual,"Oneplus 11r
16 / 256 
Super condition 
7 days replacement guarantee  
1 year service waranty  
#exchange possible 
Our Address :
Smart Choice , Shop No. 211 , 
City center , Beside of Rajshahi College , Sonadigir mor Rajshahi
Call for any details:"
OnePlus Nord 4 256 GB,24000,Used,"Rajshahi, Paba",16/09,https://bikroy.com/paba/mobile-phones/oneplus-nord-4-256-gb-tYcf2VLscVcevb4GKASWCr3O.html,4,2026-10-04T05:39:51.027679+00:00,individual,"Emergency Sell Post
OnePlus Nord 4
8/256 UFS 4.0 
Snapdragon 7 Plus Gen 3 (Gaming Phone) 
5500 mAh Battery
Full fresh condition
Price: 23500 Tk (Almost Fixed) 
Those whose budget is below 20 please skip! 
Location: Rajshahi, Katakhali (Must come to the location)"
OnePlus 12R 128 GB Gray,27000,Used,"Rajshahi, Rajpara",23/09,https://bikroy.com/rajpara/mobile-phones/oneplus-12r-128-gb-gray-eO8ksh2fNfb2VU61ZQU0Ctb0.html,3,2026-10-04T05:39:51.571602+00:00,individual,"OnePlus 12 r
 RAM/ROM: 8GB + 128 GB (battery health 90)
 Variant: Indian, bought from Chapai
Condition: Full Fresh 100%
Only Phone (no box/charger)
Price . Asking price 

 Location: Rajshahi

Security ID card will be provided."
OnePlus 11R 128 GB Gray,22000,Used,"Rajshahi, Paba",05/09,https://bikroy.com/paba/mobile-phones/oneplus-11r-128-gb-gray-2PwhiRkVjvz1AWBAaZkrYvbT.html,3,2026-10-04T05:39:51.934544+00:00,individual,"আপনি যদি OnePlus 11R 5G-এর কথা বলেন, তাহলে সংক্ষেপে বর্ণনা:
 OnePlus 11R 5G
ডিসপ্লে: 6.74 ইঞ্চি AMOLED, 120Hz রিফ্রেশ রেট
প্রসেসর: Qualcomm Snapdragon 8+ Gen 1
RAM: 8GB / 16GB
স্টোরেজ: 128GB / 256GB
রিয়ার ক্যামেরা: 50MP + 8MP + 2MP
সেলফি ক্যামেরা: 16MP
ব্যাটারি: 5000mAh
চার্জিং: 100W SUPERVOOC
নেটওয়ার্ক: 5G
সিস্টেম: Android OxygenOS"
OnePlus 11R 256 GB Silver,24000,Used,"Rajshahi, Vodra",23/09,https://bikroy.com/vodra/mobile-phones/oneplus-11r-256-gb-silver-zQ8B5qdbkAu8tMRm5uKKZchi.html,5,2026-10-04T05:39:52.586021+00:00,individual,No repair history... 100-watt charger included. Battery health 86%.
OnePlus 12R 128 GB Black,28000,Used,"Rajshahi, Boalia",27/09,https://bikroy.com/boalia/mobile-phones/oneplus-12r-128-gb-black-oAfMAc5XGKQupykyqck8csLO.html,5,2026-10-04T05:39:52.983351+00:00,individual,There is no kind of problem at all. It didn't even need to be repaired once. Self-used phone. There is no kind of problem.
OnePlus 12R 128 GB Blue,25000,Used,Rajshahi,26/09,https://bikroy.com/rajshahi/mobile-phones/oneplus-12r-128-gb-blue-l0rniwPhO0uh6LlsXsu4DH2V.html,3,2026-10-04T05:39:54.018472+00:00,individual,"8/128 device
Oled Display changed 
Ekdom superrr display 90hz Original bazel  
5500mah battery"
OnePlus 10 Pro 256 GB Black,23999,Used,"Rajshahi, Kazla",3 hours ago,https://bikroy.com/kazla/mobile-phones/oneplus-10-pro-256-gb-black-jFQVC78cAOKkkXjgZDHqGHHg.html,5,2026-10-04T05:39:54.327506+00:00,individual,"All ok 
Indan phone 
One plus 10 pro 
12/256GB 
Call me"
OnePlus 11R 128 GB Silver,26000,Used,"Rajshahi, Shaheb Bazar",28/09,https://bikroy.com/shaheb-bazar/mobile-phones/oneplus-11r-128-gb-silver-rpHZbDUtvc2sHXpAjgAxnNGl.html,5,2026-10-04T05:39:54.986664+00:00,individual,"OnePlus 11R 
RAM 8 GB, ROM 128 GB
Fully fresh body just like new... 
No scratches 
Urgent money needed
There are no issues with the phone"
OnePlus 11R 256 GB Blue,22000,Used,"Rajshahi, Court Station",26/09,https://bikroy.com/court-station/mobile-phones/oneplus-11r-256-gb-blue-x6kQiuJH1fe2oz8zQMD7R8S0.html,5,2026-10-04T05:39:55.685642+00:00,individual,"OnePlus 11R. The phone is in absolute new condition, you can check and take it, there are no problems with the phone"
OnePlus 11R 256 GB Black,26500,Used,"Rajshahi, Nawdapara",25/09,https://bikroy.com/nawdapara/mobile-phones/oneplus-11r-256-gb-black-5ICpR7J6AEA34XHsFlI0HN2q.html,4,2026-10-04T05:39:56.328512+00:00,individual,"I'm selling it to buy an iPhone.
There is no problem with the phone. 
Full fresh condition"
OnePlus Nord CE5 128 GB Black,24999,Used,Rajshahi,3 hours ago,https://bikroy.com/rajshahi/mobile-phones/oneplus-nord-ce5-128-gb-black-2DC4zY4XCKWO87OpXpWQjd0T.html,4,2026-10-04T05:39:56.943047+00:00,individual,"All ok. Indian phone. OnePlus Nord CE5 5G. Only phone, call me."
OnePlus 11R 256 GB Silver,26500,Used,"Rajshahi, Shaheb Bazar",29/09,https://bikroy.com/shaheb-bazar/mobile-phones/oneplus-11r-256-gb-silver-l1K1Rj2ncA8GGnKOQd3igmNQ.html,3,2026-10-04T05:39:57.734210+00:00,individual,"No problems at all, completely fresh, no scratches, silver color, exchange or sale"
OnePlus 11R 256 GB Blue,24500,Used,"Rajshahi, Godagari",08/09,https://bikroy.com/godagari/mobile-phones/oneplus-11r-256-gb-blue-u3gjNTPKjtBe0fd2HhS6Bup1.html,5,2026-10-04T05:39:58.380508+00:00,individual,"16GB ram 
256 GB ROM 
50 MP, f/1.8, 24mm (wide), 1/1.56"", 1.0μm, multi-directional PDAF, OIS
8 MP, f/2.2, 120 ̊ (ultrawide), 1/4.0"", 1.12μm
2 MP (macro)
Features	Color spectrum sensor, LED flash, HDR, panorama
Video	4K/60fps, 1080p/60/240fps, gyro-EIS
120Hz, HDR10+, 1450 nits (peak)
Size	6.74 inches,
Resolution	1240 x 2772 (~451"
OnePlus 13 256 GB Blue,68000,Used,"Chattogram, Oxygen",07/08,https://bikroy.com/oxygen/mobile-phones/oneplus-13-256-gb-blue-uhu1Fn06okWg0bVnRFCoGvLd.html,5,2026-10-04T05:39:59.022243+00:00,individual,"OnePlus 13 (Global Version)
Used: 8 Months
Condition: Excellent (One-Hand Use)
Battery Health: 97%
No Damage / No Issues
Overall Condition: 10/10 – Everything perfectly
What's Included:
Full Box
Original Charger
2 Mobile Covers (Free)"
OnePlus 13s 256 GB Green,65000,Used,"Chattogram, Halishahar",27/07,https://bikroy.com/halishahar/mobile-phones/oneplus-13s-256-gb-green-6i0VeIAFvsdsvUsIkzYw1mFA.html,3,2026-10-04T05:40:00.377807+00:00,individual,"12/256, brand new condition. 100% Battery Health."
New OnePlus 15 256 GB Black,80000,Brand New,"Chattogram, Chandanaish",02/09,https://bikroy.com/chandanaish/mobile-phones/new-oneplus-15-256-gb-black-rn0AHzpB07ct2YjotNlp0OzO.html,3,2026-10-04T05:40:00.722024+00:00,individual,Get a brand new device complete with its full box and charger! Experience like-new longevity with a battery cycle count of only 22 times.
OnePlus 15 256 GB White,88000,Used,"Chattogram, Chawkbazar",23 hours ago,https://bikroy.com/chawkbazar/mobile-phones/oneplus-15-256-gb-white-pl1reY905NpdBohOQb1qvLIh.html,3,2026-10-04T05:40:00.885160+00:00,individual,"Oneplus 15
12/256
Full Boxed
with Charger"
OnePlus 15 512 GB Black,97000,Used,"Chattogram, Kotwali, Chattogram",30/08,https://bikroy.com/kotwali/mobile-phones/oneplus-15-512-gb-black-s3XwSdMjMJfYUDxWtmkLm89d.html,5,2026-10-04T05:40:01.634480+00:00,individual,"Ekdom fresh, 6month used, official warranty,  24-02-2027 porjonto official warranty active thakbe with charging adaptor include in same official warranty 🙂
Kohinoor city One pluser official outlet theke buy kora hoyechilo

Brand	:OnePlus
Model	15 (16GB/512GB)"
New OnePlus Nord 6 512 GB Black,70000,Brand New,"Chattogram, Chawkbazar",23 hours ago,https://bikroy.com/chawkbazar/mobile-phones/new-oneplus-nord-6-512-gb-black-rOv3lyxvBHhlLyKlP6ooyNAt.html,3,2026-10-04T05:40:02.174894+00:00,individual,"OnePlus Nord 6
12/512GB
It's new and sealed pack."
OnePlus 12 256 GB Green,43999,Used,"Chattogram, Alankar",1 day ago,https://bikroy.com/alankar/mobile-phones/oneplus-12-256-gb-green-8CIHC9lUaktiNLXIeOfH3blh.html,5,2026-10-04T05:40:02.629924+00:00,individual,"OnePlus 12 for sale. Good overall condition and everything works perfectly. Display has some visible burn-in. Excellent performance, camera, and battery. Serious buyers only. Price slightly negotiable."
OnePlus 9R 256 GB,25000,Used,"Chattogram, Satkania",24/09,https://bikroy.com/satkania/mobile-phones/oneplus-9r-256-gb-iziuG3ZwPIU5dupKy0mm9uJp.html,4,2026-10-04T05:40:03.188452+00:00,individual,"Only the display needs to be changed, everything else is fine.
You can check everything as you wish, original charger is available, fresh condition box cash memo all are available."
OnePlus 11R 256 GB Black,28500,Used,"Chattogram, Hathazari",27/09,https://bikroy.com/hathazari/mobile-phones/oneplus-11r-256-gb-black-B42dlC7yKfuyBtPGcsBRLkTX.html,5,2026-10-04T05:40:03.789550+00:00,individual,Oneplus 11R 5G set full fresh and all ok ram16gb rom256gb camera50+8+2+16 Battery 5000mah good backup and fast display fingerprint powerful processor Snapdragon 8+ Gen 1 (4 nm Refresh Rate 120Hz full gameing phone সেটের সাথে কিছু নেই কিন্তু ১০০০% সিকিউরিটি দেওয়া যাবে আর চাইলে আমার বাসা থেকে নিয়ে যেতে পারবেন আর সেট এখনো কোলাপিটিন হয়নি inbox me
OnePlus 13R 512 GB Silver,48500,Used,"Chattogram, Rangunia",06/09,https://bikroy.com/rangunia/mobile-phones/oneplus-13r-512-gb-silver-BimuH69fH5QsfdfOPj4P3Fbh.html,4,2026-10-04T05:40:04.573270+00:00,individual,"*Device , Cover & Charger will be given.
 16GB RAM + 512GB Storage — Power & Storage-এর দিক থেকে একদম beast!
 Location: Rangunia thanar pashe,Rowajarhat rangunia upazilla."
OnePlus 12 512 GB Black,46000,Used,"Chattogram, Chandgaon",26/03,https://bikroy.com/chandgaon/mobile-phones/oneplus-12-512-gb-black-2vwnlsKpBczfS2GadOQRvXDK.html,3,2026-10-04T05:40:04.891459+00:00,individual,"OnePlus 12, 16/512GB. Fresh Condition. No box, no charger. Set + Cash Memo only. Price Fixed. Those who do not have the budget, please stay away. Request not to quote absurd prices. Location: Riazuddin Bazar, Chittagong. Contact 016XXXXXXXX"
OnePlus 11 256 GB,34000,Used,"Chattogram, Lohagara",14/09,https://bikroy.com/lohagara/mobile-phones/oneplus-11-256-gb-1114NcoHB5MSnn03ZRt52YN9.html,3,2026-10-04T05:40:05.324599+00:00,individual,Oneplus 11
New OnePlus 128 GB Black,41000,Brand New,"Chattogram, Chawkbazar",23 hours ago,https://bikroy.com/chawkbazar/mobile-phones/new-oneplus-128-gb-black-e0B33vLLj5Ngrys7ozNScU7f.html,3,2026-10-04T05:40:05.983945+00:00,individual,"OnePlus Nord CE6
8/128
Brand New"
OnePlus 10R 128 GB Black,21000,Used,"Chattogram, Agrabad",1 day ago,https://bikroy.com/agrabad/mobile-phones/oneplus-10r-128-gb-black-hly0Kltnth5XkyXPdxEvwGrX.html,3,2026-10-04T05:40:06.598525+00:00,individual,"Set in fully fresh condition
200% OK
All parts 100% original
RAM 8+128
With original charger
The performance of the set is very good"
OnePlus 9RT 5G 128 GB Black,29000,Used,"Chattogram, Halishahar",19/09,https://bikroy.com/halishahar/mobile-phones/oneplus-9rt-5g-128-gb-black-fcM7T66Ck59S9ikJ8AtfeMTf.html,4,2026-10-04T05:40:06.935684+00:00,individual,"1. You can check the mobile thoroughly before purchasing.
2. The power button and volume buttons of the mobile work a bit less.
3. Both the box and charger of the mobile are available.
4. It has been used for 1.5 years.
5. You must come to the location.
Location - Eidgah kancha rasta, Rupsa bakery."
OnePlus 12 R Indian version (Used),31500,Used,"Chattogram, Chawkbazar",22/04,https://bikroy.com/chawkbazar/mobile-phones/oneplus-12-r-indian-version-used-f0lUDg20BYWtIc9Ot6HPDNGj.html,5,2026-10-04T05:40:07.331568+00:00,individual,"ONEPLUS 12R 16/256 GB BH 94%
CONDITION 98% FRESH 
EXCHANGE POSSIBLE BUT GAMING PHONE 8GEN 3 CHIPSET MUST BE ,, 
ADD ONLY 100W CHARGER 
Price almost fixed, 
There is no problem with the mobile. I want to buy a gaming phone like - iqoo 12 or 13
-"
OnePlus 10R 128 GB Green,25000,Used,"Chattogram, Lalkhan Bazar",26/09,https://bikroy.com/lalkhan-bazar/mobile-phones/oneplus-10r-128-gb-green-z34ovewH4jlnFItkABWhQDyg.html,4,2026-10-04T05:40:08.030702+00:00,individual,Box and charger will be provided
OnePlus 256 GB Gray,36000,Used,"Chattogram, Oxygen",12/09,https://bikroy.com/oxygen/mobile-phones/oneplus-256-gb-gray-eAAzpFBYbqdn6kTx1LQzeR4.html,5,2026-10-04T05:40:08.683804+00:00,individual,"OnePlus Nord 5 (8/256)... full fresh... No dents, spots & problems... full body laminated... you can check and take... brought from India... used for about 6 months..."
New OnePlus 15R 512 GB Green,54000,Brand New,"Chattogram, Pahartali",29/09,https://bikroy.com/pahartali/mobile-phones/new-oneplus-15r-512-gb-green-b3r06mrmEh2y1D8GveAPyMJa.html,4,2026-10-04T05:40:09.327740+00:00,individual,"Only set
Set all ok 
Must be location aste hobe"
OnePlus 12 512 GB,55000,Used,"Chattogram, Patenga",23/09,https://bikroy.com/patenga/mobile-phones/oneplus-12-512-gb-nhKNdGGQbBfWCnAxOFugpk0L.html,3,2026-10-04T05:40:09.883407+00:00,individual,"Battery Health 97%,,
Case Mamo + Life time Display Service Warranty,
With Charger,,"
OnePlus Nord 5 512 GB White,49999,Used,"Dhaka, Dhanmondi",3 hours ago,https://bikroy.com/dhanmondi/mobile-phones/oneplus-nord-5-512-gb-white-d17bkiHVFxCSinQ94bvEBxUT.html,3,2026-10-04T05:40:10.521976+00:00,individual,"""Welcome to ""Al Aqsa Mobile"" 
 Reach us___________________ 
 *Al Aqsa Mobile*
 Shop No-449 ,Lift -3, Orchard Point, Dhanmondi 7, Dhaka-1209
 Model : Nord 5 Full Fresh Condition  
 RAM : 12
 ROM : 512
 Price Fixed"
OnePlus Nord 6 256 GB Black,52490,Used,"Dhaka, Shyamoli",1 day ago,https://bikroy.com/shyamoli/mobile-phones/oneplus-nord-6-256-gb-black-glOLKjl7mRJM4jfhOiQ07eDf.html,5,2026-10-04T05:40:11.085599+00:00,business,"#OnePlus_Nord_6 8/256

100% | Charging Cycle: 08
Condition: Full Box | Intact conditions
Indian Official Warranty Available

⸻
EXCHANGE AVAILABLE
100% Authentic Product
⸻
EMI Facility (Available on cards from 36 banks)
⸻
Cash On Delivery Nationwide
⸻
Shop Location:
Phone-e
Shop No: 573, Level-5
Shyamoli Square Shopping Mall, Dhaka"
OnePlus 13 512 GB Blue,66999,Used,"Dhaka, Dhanmondi",5 hours ago,https://bikroy.com/dhanmondi/mobile-phones/oneplus-13-512-gb-blue-5Zdf1fmIuWPzQk10vYQSBip6.html,4,2026-10-04T05:40:11.748746+00:00,individual,"OnePlus 13 16+512gb Global Authentic
Fresh condition with money receipt
No any repair history
No any scratch or dent
Camera & battery backup so Good
Warranty policy:-
We will provide 10 day's replacement & 2 years service (without parts)
Address:- 3rd floor, shop No-411, Orchard point shopping complex, Dhanmondi 7"
OnePlus 15R 256 GB Green,61999,Used,"Dhaka, Savar",23/09,https://bikroy.com/savar/mobile-phones/oneplus-15r-256-gb-green-5AoDuKRh6hnRvdbu1LSPgIsv.html,4,2026-10-04T05:40:12.515762+00:00,individual,"I bought this mobile phone last month, brand new, seal-packed, and unactivated. The charging cycle is just 18. Battery health is 100%. Those who are looking to buy a new one can check this out; buying this is the same as buying a new one. It comes with an original Nillkin back cover, which has a market value of around 1000 BDT. I have also applied a SmartDevil screen protector, which has a market value of 700 BDT."
OnePlus 13 256 GB Blue,65000,Used,"Dhaka, Baridhara",3 hours ago,https://bikroy.com/baridhara/mobile-phones/oneplus-13-256-gb-blue-ilF1J1zaBR0OTUegsYfij9VN.html,5,2026-10-04T05:40:13.325603+00:00,individual,"One plus 13
only device
full fresh condition"
OnePlus Nord 6 256 GB Black,47000,Used,"Dhaka, Khilgaon",3 hours ago,https://bikroy.com/khilgaon/mobile-phones/oneplus-nord-6-256-gb-black-5L50pCVJEhQyCLNqAi36T5MM.html,5,2026-10-04T05:40:13.726781+00:00,individual,"Almost new condition. Full box with original charger. Global. Battery Health 100%. Charging cycle 20.
9000mAh superior battery.
Mobile Town is selling phones for 12 years above at Khilgaon.
Warranty:-
7 days replacement warranty
1 year service warranty
Our Showroom Address:
Mobile Town
Khilgaon Taltola Mosjid Market complex. Shop No: 35 (Ground Floor)"
OnePlus 15 256 GB Black,82990,Used,"Dhaka, Shyamoli",23 hours ago,https://bikroy.com/shyamoli/mobile-phones/oneplus-15-256-gb-black-gbk2XF8YvCtEyqOhu6u4ShMY.html,3,2026-10-04T05:40:14.184033+00:00,business,"OnePlus 15 12/256 
 99% Customised Global 
 Condition: Full Box | Intact Conditions
  EXCHANGE POSSIBLE
 100% Authentic Product
 EMI Facility (on cards of 36 banks)
 Cash On Delivery Nationwide
⸻
 Shop Location:
Phone-e
Shop No: 573, Level-5
Shyamoli Square Shopping Mall, Dhaka"
OnePlus Nord 6 256 GB Silver,49999,Used,"Dhaka, Mirpur",18/09,https://bikroy.com/mirpur/mobile-phones/oneplus-nord-6-256-gb-silver-WvbRRmFdkJ7k75zMs4ty6na.html,5,2026-10-04T05:40:14.888569+00:00,individual,"OnePlus Nord purchased from Jamuna Future Park on this date. The phone has no issues, scratches, or dents. Charging cycle is only 45 times and battery health is 100%.
Original charger, cable, memo, and lifetime security papers can be provided. Exchange is not possible.
**(Price Fixed)**
Location: Army Camp, Puraton Banijya Mela Math, Zia Uddan, Sher-e-Bangla Nagar, Dhaka"
OnePlus 15 256 GB Graphite,78000,Used,"Dhaka, Jamuna Future Park",07/09,https://bikroy.com/jamuna-future-park/mobile-phones/oneplus-15-256-gb-graphite-cZaPDl6bwiYnbaAWmZYuNUGS.html,4,2026-10-04T05:40:15.628021+00:00,individual,Onepluss 15 12/256 gb fresh condition with box charger
OnePlus 15R 256 GB Green,54990,Used,"Dhaka, Badda",2 hours ago,https://bikroy.com/badda/mobile-phones/oneplus-15r-256-gb-green-1sgx7wOWB0T5e76326x1y3Il.html,3,2026-10-04T05:40:16.177554+00:00,individual,"Price fixed
Processor : Snapdragon 8 gen 5 5g
Ram: 12 GB
Display: 6.8"" AMOLED 165hz
Camera: Back-50+8\Front-32 MP
Device with Cash Memo.
You will get a 7-day replacement and 1 year of free service. You can exchange your old mobile with us.
Weekly holiday: Wednesday."
OnePlus 12 256 GB Black,48500,Used,"Dhaka, Jamuna Future Park",6 hours ago,https://bikroy.com/jamuna-future-park/mobile-phones/oneplus-12-256-gb-black-z3Wq34Es9R50poqghIX90mnm.html,3,2026-10-04T05:40:16.884713+00:00,individual,"Oneplus 12
12GB 256GB
Few Month used
Price: Tk
 Paramount Gadget
Jamuna Future Park Shopping Mall
Level 4, Shop No: 006C
Near Lift 7 (Nokia   

#oneplus
#oneplus12"
OnePlus 10T 256 GB Green,45000,Used,"Dhaka, Mohakhali",23/09,https://bikroy.com/mohakhali/mobile-phones/oneplus-10t-256-gb-green-3JyDYwjTILuTDL4lF8pThAV2.html,5,2026-10-04T05:40:17.583288+00:00,individual,"Full OK new condition 
No problems with the phone 
Comes with original 100W charger"
New OnePlus 256 GB,62999,Brand New,"Dhaka, Bashundhara City",2 hours ago,https://bikroy.com/bashundhara-city/mobile-phones/new-oneplus-256-gb-ppsVFtWgCSk3YKQt0BV1LjAo.html,2,2026-10-04T05:40:18.282590+00:00,individual,"10-day replacement guarantee
 2-year service warranty
 Fast and secure courier service across the country
 Attractive exchange offers available
 Emon Gadget Point
Basement-1, Shop-84
Bashundhara City Shopping Mall"
OnePlus 11 256 GB Black,45000,Used,"Dhaka, Uttara",05/09,https://bikroy.com/uttara/mobile-phones/oneplus-11-256-gb-black-b7W0VkQiRlbkIJSjDi9FydEV.html,3,2026-10-04T05:40:19.036962+00:00,individual,ফোনটি আমি কিছুদিন আগে কিনেছিলাম। এখন জরুরি টাকার প্রয়োজন তাই মোবাইলটি বিক্রি করতে চাচ্ছি।
OnePlus 7 Pro 256 GB Blue,19000,Used,"Dhaka, Mohakhali",15/09,https://bikroy.com/mohakhali/mobile-phones/oneplus-7-pro-256-gb-blue-gmD1yy6EKGKHJo506duDsAEa.html,5,2026-10-04T05:40:20.322476+00:00,individual,"There are no issues with the phone. It is providing very good service. There are slight scratches. Note: As security, you can take a NID copy and match the IMEI. Whichever you prefer can be provided. With 8GB RAM and 256GB ROM, you will surely get a very smooth performance."
OnePlus Nord CE5 256 GB White,35000,Used,"Dhaka, Savar",20/09,https://bikroy.com/savar/mobile-phones/oneplus-nord-ce5-256-gb-white-zpM4xzd7k22pXynntOUSJkY4.html,4,2026-10-04T05:40:20.340777+00:00,individual,"Official OnePlus Nord CE5 5G (8/256GB) set for sale. Completely fresh condition—no marks, spots, scratches, or scuffs. There is not the slightest issue with the phone; the display, camera, touch, speaker, and charging are all fine. Used with great care. Bought for 35,000 Taka before Eid. The price has increased currently. Selling because I need money."
OnePlus 11R 256 GB Black,23990,Used,"Dhaka, Shyamoli",3 hours ago,https://bikroy.com/shyamoli/mobile-phones/oneplus-11r-256-gb-black-raGq3Nm5qUt2MUTEolG8l136.html,5,2026-10-04T05:40:20.975606+00:00,individual,"Guarantee - Warranty
Every phone of ours comes with a 10-day guarantee and a 1-year service warranty.
If you find any issue, you can exchange the model.
Our shop address:
Maa Enterprise
Shyamoli Khan Plaza Mobile Market
Shop Number: 22
Ring Road, Shyamoli, Mohammadpur, Dhaka-1207
Please do not bargain."
OnePlus 11R 512 GB Red,26500,Used,"Dhaka, Jatrabari",3 hours ago,https://bikroy.com/jatrabari/mobile-phones/oneplus-11r-512-gb-red-oQHtKU60odRxxGjrjkG3Yz2V.html,4,2026-10-04T05:40:21.691784+00:00,individual,"Condition:Full Fresh Body Unfresh Slightly
Ram:18GB Special Edition
Rom:512GB
Amoled Display 
Snapdragon 8+ Gen 1
Price:Fixed
(যাত্রাবাড়ী আমাদের সাপ্তাহিক বন্ধ সোমবার) 
ঠিকানা:ঢাকা যাত্রাবাড়ী, শহীদ ফারুক রোড, তাজ-তানভীর সুপার মার্কেট, ২য় তলা, দোকান নাম্বার:১০ (MobileHub)"
OnePlus Nord 4 128 GB Black,26999,Used,"Dhaka, Khilgaon",23 hours ago,https://bikroy.com/khilgaon/mobile-phones/oneplus-nord-4-128-gb-black-BrNYnloEslj8zRsdkxMECiBC.html,3,2026-10-04T05:40:22.326410+00:00,individual,"Assalamu alaikum.
Greetings from ""Mobo Live Bd"". 

Black
Full Factory unlock
100% original device 
Dear Honourable Customer,
Now you can purchase with EMI of 21 banks credit card. Thanks for being with us."
OnePlus 12R 256 GB Bronze,32990,Used,"Dhaka, Jatrabari",3 hours ago,https://bikroy.com/jatrabari/mobile-phones/oneplus-12r-256-gb-bronze-spaIPEbOLzgHSIGcu8Dgtezz.html,3,2026-10-04T05:40:22.835789+00:00,individual,"Condition:Fully Fresh
Ram:8GB Rom:256GB
Snapdragon 8 Gen 2
Battery:90%
Cash Memo
Price:Fixed
(যাত্রাবাড়ী আমাদের সাপ্তাহিক বন্ধ সোমবার) 
ঠিকানা:ঢাকা যাত্রাবাড়ী, শহীদ ফারুক রোড, তাজ-তানভীর সুপার মার্কেট, ২য় তলা, দোকান নাম্বার:১০ (MobileHub)"
OnePlus Nord CE 3 Lite 5G 128 GB Purple,19000,Used,"Dhaka, Dhanmondi",21/09,https://bikroy.com/dhanmondi/mobile-phones/oneplus-nord-ce-3-lite-5g-128-gb-purple-dCeE0nkbQ880hqnhzUuJkcZ7.html,3,2026-10-04T05:40:23.366706+00:00,individual,"Absolute fresh condition, bought in 2023, no problems with the mobile."
OnePlus Nord 2 5G 256 GB Blue,21500,Used,"Dhaka, Jatrabari",2 hours ago,https://bikroy.com/jatrabari/mobile-phones/oneplus-nord-2-5g-256-gb-blue-8wTnLazbCXuVwp7OsL2YOkrd.html,3,2026-10-04T05:40:24.078399+00:00,individual,"Condition: OnePlus Nord 2 5G
RAM: 12GB ROM: 256GB
Cash memo + Box + Adapter
Address: Dhaka Jatrabari, Shahid Faruk Road, Taz-Tanvir Super Market, 2nd Floor, Shop Number: 10 (MobileHub)
*Instead of getting cheated by buying cheap products to save some money, buy the right product at the right price,
Please do not call for bargaining."
OnePlus 9RT 5G 256 GB Green,25000,Used,"Dhaka, Dhanmondi",08/09,https://bikroy.com/dhanmondi/mobile-phones/oneplus-9rt-5g-256-gb-green-uYznLe88USc9GRmmUCBcQvNF.html,5,2026-10-04T05:40:24.670111+00:00,individual,"Original charger 
Box 
Kono problem nai
Fresh condition"
OnePlus Nord CE4 128 GB Green,21000,Used,"Dhaka, Motijheel",04/09,https://bikroy.com/motijheel/mobile-phones/oneplus-nord-ce4-128-gb-green-ySZHzi0U2vT4isn5INGWCiAZ.html,4,2026-10-04T05:40:25.433212+00:00,individual,"ফোনে কোন সমস্যা নাই ফুল ফ্রেশ একদম, ৯৩% বেটারি হেলথ, ফোনে কোন স্ক্রেচ বা ডেন্ট নাই, ফ্রেমের হালকা রঙ উঠে গেছে কাভার ছাড়া উইজ করতাম তাই, এছাড়া কোন সমস্যা বা ইন্টার্নাল ইস্যু পাইলে আসা যাওয়ার ভাড়া দিয়ে দেওয়া হবে.
অনলি ফোন সিকিউরিটির জন্য NID এর কপি দেওয়া হবে, উলটা পালটা দাম না বলে ইগ্নোর করুন,  সিরিয়াস বায়াররাই নক দিন"
OnePlus 11 256 GB Green,25000,Used,"Dhaka, Savar",08/09,https://bikroy.com/savar/mobile-phones/oneplus-11-256-gb-green-wPGqfgcVSarBuO447NViKuOM.html,5,2026-10-04T05:40:25.780710+00:00,individual,হানডেট পারসেন্ট ফুল ফ্রেশ ফোনে কোন ধরনের কোন স্ক্র্যাচ কোন ডেট কিচ্ছু নাই একদম ফুল ফ্রেশ ১৬ জিবি ২৫৬ জিবি উইথ বক্স 100w অরজিনাল চার্জার। তিনটা গ্রীন লাইন এছাড়া কোন ধরনের কোন প্রবলেম একদমই নেই।
OnePlus 11R 256 GB Black,25000,Used,"Dhaka, Uttara",17 hours ago,https://bikroy.com/uttara/mobile-phones/oneplus-11r-256-gb-black-oUBRLKXvzw5Yb1RdlcP7tJ3.html,5,2026-10-04T05:40:26.433836+00:00,individual,"Full fresh condition, just some dirt in the camera that's it.
Need some emergency money that's why I wanna sell my phone."
OnePlus Nord CE4 Lite 256 GB Blue,21500,Used,"Dhaka, Savar",2 hours ago,https://bikroy.com/savar/mobile-phones/oneplus-nord-ce4-lite-256-gb-blue-ifHbo7uVW1Enf0Hfc5v2U1Il.html,5,2026-10-04T05:40:27.047138+00:00,individual,"[Exchange Bazar Showroom]
1+ nord ce 4 lite 8/256gb
2 years service warranty 15 days replacement guarantee.
 
Nabinagar Sena Shopping Complex,
5th Floor, Shop No-E-142,143
Nabinagar Savar Dhaka.
Only device+Cash memo+warranty.
Contact 016XXXXXXXX"
OnePlus 11R 128 GB Black,25000,Used,"Dhaka, Savar",2 hours ago,https://bikroy.com/savar/mobile-phones/oneplus-11r-128-gb-black-zWYWLhO9fwRivZ159G65436T.html,5,2026-10-04T05:40:27.485213+00:00,individual,"Display: 6.74"" amoled, 120hz
processor: snapdragon 8+ gen 1
camera: 50mp + 8mp + 2mp, front 16mp
battery: 5000mah
charging: 100w supervooc
ram/storage: 8gb ram, 128gb storage
5g: available
os: android"
New Xiaomi Mi 11 Ultra 256 GB Black,34000,Brand New,"Rajshahi, Kazla",12 hours ago,https://bikroy.com/kazla/mobile-phones/new-xiaomi-mi-11-ultra-256-gb-black-m6LEFJOzeKRvO6svjNa60V82.html,5,2026-10-04T05:40:28.179154+00:00,individual,"Used for only 9 days, not the slightest bit of issue. A cover will be given with the phone and the full phone is laminated. Taken from Dhaka Jamuna Future Park. Curve display phone doesn't feel good to use so I will take another phone
Accessories: Memo will be provided with it
⚠️ There are no internal or external issues with the phone. You can check as much as you want. Requesting not to waste time by quoting random prices. Show more"
Xiaomi Redmi Note 14 Pro 5G 512 GB Black,28000,Used,"Rajshahi, Shaheb Bazar",21 hours ago,https://bikroy.com/shaheb-bazar/mobile-phones/xiaomi-redmi-note-14-pro-5g-512-gb-black-tJe806rpPO3DNLcmpf7cWxq.html,4,2026-10-04T05:40:28.647382+00:00,individual,There are no problems with the phone at all. I am selling it because I want to get another phone. Everything including the charger and box comes with the phone.
Xiaomi Redmi Note 14 Pro+ 256 GB Black,28500,Used,"Rajshahi, Court Station",20/09,https://bikroy.com/court-station/mobile-phones/xiaomi-redmi-note-14-pro-256-gb-black-s4Ggj7xyStkVRs3JSFrFYhBo.html,5,2026-10-04T05:40:29.394838+00:00,individual,"My older brother brought the phone from India. I am selling the phone due to my financial problems. If anyone wants to buy it, please contact. There are no problems with the phone, it is completely fresh."
New Xiaomi Redmi Note 15 256 GB Purple,27500,Brand New,"Rajshahi, Boalia",08/09,https://bikroy.com/boalia/mobile-phones/new-xiaomi-redmi-note-15-256-gb-purple-yMNy5fPeKKNWRv9t6J02StVR.html,5,2026-10-04T05:40:30.034054+00:00,individual,ফোনটি ছয় মাস ব্যবহৃত হয়নি একবারেই নতুন ফোনটি বিক্রি করব টাকার প্রয়োজনে যদি কোন ব্যক্তি ফোনটি কিনতে চায় তাহলে আমার নাম্বারে যোগাযোগ করুন ফুল ফ্রেশ কন্ডিশন
Xiaomi Redmi Note 14 Pro+ 5G 512 GB Rose Gold,28999,Used,"Rajshahi, Kazla",3 hours ago,https://bikroy.com/kazla/mobile-phones/xiaomi-redmi-note-14-pro-5g-512-gb-rose-gold-bvb5al9oGdwfb5Dw53NLfE2P.html,5,2026-10-04T05:40:30.644848+00:00,individual,"12/512GB 
Only phone 
Call me"
Xiaomi Redmi Note 15 Pro+ 512 GB Black,42000,Used,"Rajshahi, Shaheb Bazar",14/09,https://bikroy.com/shaheb-bazar/mobile-phones/xiaomi-redmi-note-15-pro-512-gb-black-1g84IXGfBbz12jwf83hj48Cl.html,4,2026-10-04T05:40:31.345188+00:00,individual,"Model : Redmi Note 15 pro plus 5g 
Ram : 16 Gb / Rom : 512 Gb 
Battery Health : 99% 
Used : 6 months 
Condition : Full fresh 100% 
Box and Charger are available -/ China Variant"
New Xiaomi Redmi Turbo 5 Max 256 GB White,52000,Brand New,"Rajshahi, Kazihata",17/09,https://bikroy.com/kazihata/mobile-phones/new-xiaomi-redmi-turbo-5-max-256-gb-white-ilYJdOW4H3a3gxDJ2NnetvyC.html,4,2026-10-04T05:40:31.976386+00:00,individual,"Purchased on September 2, 2026, full fresh, battery health 100%, battery count was given around 26 times. The reason for selling the phone is I will shift from a Chinese ROM to another flagship ROM."
Xiaomi Redmi Turbo 4 Pro 256 GB White,38000,Refurbished,"Rajshahi, Uposahar",22/09,https://bikroy.com/uposahar/mobile-phones/xiaomi-redmi-turbo-4-pro-256-gb-white-uYvMrZPpuxkwjhrqlxssjWe4.html,5,2026-10-04T05:40:32.432302+00:00,individual,ফোনে কোনো সমস্যা নাই কন্ডিশন খুব ভালো  আছে ফোন জতো খুশি চেক করে নিতে পারবেন জুদি কারোর পছন্দ হয়  যোগাযোগ করেন.....
Xiaomi Redmi Turbo 4 Pro 256 GB Black,39000,Used,"Rajshahi, Kadirgonj",23/09,https://bikroy.com/kadirgonj/mobile-phones/xiaomi-redmi-turbo-4-pro-256-gb-black-dxSRDWgy53SzcfPV8iw4l7Ud.html,4,2026-10-04T05:40:33.084555+00:00,individual,"Redmi turbo 4 pro
All fresh condition
256GB/12GB Ram"
Xiaomi Redmi Turbo 4 Pro 256 GB Black,34999,Used,"Rajshahi, Hatemkha",19/09,https://bikroy.com/hatemkha/mobile-phones/xiaomi-redmi-turbo-4-pro-256-gb-black-scv8R2P7tZxe57Ubzcz19btn.html,3,2026-10-04T05:40:33.592086+00:00,individual,Battery health 98% brand new condition no scratch with box and original charger
Xiaomi 12 128 GB Purple,35500,Used,"Rajshahi, Bagmara",22/09,https://bikroy.com/bagmara/mobile-phones/xiaomi-12-128-gb-purple-a6UgQ2PYvNLhnfSlld9Ufbx7.html,3,2026-10-04T05:40:34.184090+00:00,individual,"Full fresh, no issues."
Xiaomi Redmi Note 13 Pro+ 256 GB White,28000,Used,"Rajshahi, Court Station",06/09,https://bikroy.com/court-station/mobile-phones/xiaomi-redmi-note-13-pro-256-gb-white-w6nkvfxESFjDdNLEvJ2toQR8.html,5,2026-10-04T05:40:34.935007+00:00,individual,টাকার দরকার তাই ফোন বিক্রি করছি
Xiaomi Redmi Note 15 Pro+ 256 GB Silver,35000,Used,"Rajshahi, Boalia",04/09,https://bikroy.com/boalia/mobile-phones/xiaomi-redmi-note-15-pro-256-gb-silver-dwzp36PX9NTRHVEpowKH5Kbs.html,4,2026-10-04T05:40:35.684800+00:00,individual,"একদম নতুন কন্ডিশন । 
মেমো দেওয়া হবে ।
 যোগাযোগ 016XXXXXXXX 015XXXXXXXX"
Xiaomi 13 Lite 256 GB Gray,41000,Used,"Rajshahi, Kazla",11/09,https://bikroy.com/kazla/mobile-phones/xiaomi-13-lite-256-gb-gray-BkyZxjzmpg9fNKo69tic8eCs.html,5,2026-10-04T05:40:36.333899+00:00,individual,"Absolute best phone.
Selling it because I bought a new phone.
Used for 4 months.
67W charger + box will be given with it."
Xiaomi 15 256 GB Purple,21500,Used,"Rajshahi, Mohanpur",30/09,https://bikroy.com/mohanpur/mobile-phones/xiaomi-15-256-gb-purple-rAo9yG20CCrR0jrsWJI6pBtp.html,4,2026-10-04T05:40:37.036740+00:00,individual,"Experience absolute perfection with this device, maintained in pristine condition."
Xiaomi Redmi Note 13 Pro+ 256 GB Black,26000,Used,"Rajshahi, Vodra",24/09,https://bikroy.com/vodra/mobile-phones/xiaomi-redmi-note-13-pro-256-gb-black-zrHUw6BkWlKV1N6KfwQ8Jtty.html,3,2026-10-04T05:40:37.634731+00:00,individual,"Redmi Note 13 Pro+ 5G 
Never opened, completely full fresh condition.
12GB RAM + 256GB Storage
CN Variant + Black Colour 
Full Fresh + 1.5 Years Used
Full Box + 67 Watt Charger
6.67"" 1.5K AMOLED Curved Display
 200MP OIS Main Camera + 8MP Ultra-wide + 2MP Macro
MediaTek Dimensity 7200-Ultra 4nm processor
5000mAh Battery"
Xiaomi Redmi Note 13 256 GB Black,17000,Used,"Rajshahi, Kadirgonj",3 hours ago,https://bikroy.com/kadirgonj/mobile-phones/xiaomi-redmi-note-13-256-gb-black-6qDJ9xPEfJza9Ok3d6Aormz2.html,5,2026-10-04T05:40:38.234562+00:00,individual,"Assalamu Alaikum Wa Rahmatullahi Wabarakatu. Fresh condition. Box: Only Device. Cash Memo: Available. Replacement Guarantee: Up to 7 days (subject to conditions). Location: Rajshahi Kadirganj Chalpatti, beside Large Farmer, behind Shopnora Plaza Nigar Bhaban. Shop No: 123 - Ground Floor beside the lift. Shop Name: Rajshahi Mobile Bari 019XXXXXXXX"
Xiaomi Redmi Note 11 Pro+ 5G 128 GB Blue,16000,Used,"Rajshahi, Durgapur",29/09,https://bikroy.com/durgapur-1/mobile-phones/xiaomi-redmi-note-11-pro-5g-128-gb-blue-sHyNUeKworQT0E3pSHodxVkx.html,3,2026-10-04T05:40:38.943497+00:00,individual,"The condition of the phone is almost like new. MI Hyper OS runs very smoothly, come and check it out if you like. The price of the phone is almost fixed, some negotiation can be done. For details..."
Xiaomi 256 GB Black,16500,Used,"Rajshahi, Boalia",22/09,https://bikroy.com/boalia/mobile-phones/xiaomi-256-gb-black-mg9aItJMSwtEyQA3mDTC54i9.html,4,2026-10-04T05:40:39.622401+00:00,individual,"Poco x6 neo
12/256
Phone has no problems, completely fresh
Only the phone will be provided, no box. Voter ID card will be given as security."
Xiaomi Redmi 15 128 GB Black,22000,Used,"Rajshahi, Vodra",23/09,https://bikroy.com/vodra/mobile-phones/xiaomi-redmi-15-128-gb-black-4utNeGJVkGoo1mKUA31ukK7.html,3,2026-10-04T05:40:40.093311+00:00,individual,"Full fresh condition 
purchase date 13/8/26
Price negotiable 
No kind of defects, used with great care.
Location: Rajshahi University
Whatsapp 015XXXXXXXX"
Xiaomi 11T 128 GB,21000,Used,"Rajshahi, Kadirgonj",15/09,https://bikroy.com/kadirgonj/mobile-phones/xiaomi-11t-128-gb-nnm2Rm9bkXYuBYkCffGvjUqj.html,5,2026-10-04T05:40:40.780795+00:00,individual,"If you want to take it, you can inbox or make a phone call
No:"
Xiaomi Poco F6 256 GB Black,26500,Used,"Rajshahi, Kadirgonj",2 hours ago,https://bikroy.com/kadirgonj/mobile-phones/xiaomi-poco-f6-256-gb-black-ynw3koOLYoNHEehHK4bl7fSL.html,5,2026-10-04T05:40:41.484871+00:00,individual,"Assalamu Alaikum Warahmatullahi Wabarakatuh
Fresh condition
📦 Box: Only Device
🧾 Cash memo: Available
🔁 Replacement guarantee: Up to 7 days (conditions apply)
Location: Rajshahi Kadirganj Chalpatti, beside Large Farmer, behind Shopnochura Plaza Nagar Bhaban.
🏪 Shop No: 123 - Ground floor beside the lift
🏬 Shop Name: Rajshahi Mobile Bari 019XXXXXXXX"
Xiaomi Redmi Note 13 256 GB Black,18999,Used,"Rajshahi, Kazla",2 hours ago,https://bikroy.com/kazla/mobile-phones/xiaomi-redmi-note-13-256-gb-black-wCZIz7KOcmx7MZxDbzSrq4PF.html,5,2026-10-04T05:40:42.226197+00:00,individual,"Redmi note 13 5G 
8/256GB Indan phone 
Call me"
Xiaomi Redmi Note 14 Pro 256 GB Red,23000,Used,"Rajshahi, Court Station",15/09,https://bikroy.com/court-station/mobile-phones/xiaomi-redmi-note-14-pro-256-gb-red-dUKnZyC6PjKJI56me4QeL3Ul.html,3,2026-10-04T05:40:42.880927+00:00,individual,Nite chaile sms diben... Valo phn... Nid card dibo plm nai
Xiaomi Redmi Note 15 128 GB Silver,21999,Used,"Rajshahi, Kazla",23 hours ago,https://bikroy.com/kazla/mobile-phones/xiaomi-redmi-note-15-128-gb-silver-p4LDuLv6ADrLMWC2isaGLgPE.html,5,2026-10-04T05:40:43.528637+00:00,individual,"Friday dhamaka offer 
Our location is Banesswre Shibpur Hut 
Full box 
Note 15 6+128 
Fixed"
Xiaomi Redmi Note 11 Pro 5G 128 GB Blue,15000,Used,"Rajshahi, Court Station",06/09,https://bikroy.com/court-station/mobile-phones/xiaomi-redmi-note-11-pro-5g-128-gb-blue-kklOPR3sCm80ZZ4mt4bx1jW5.html,5,2026-10-04T05:40:44.143279+00:00,individual,"Model:Redmi Note 11 Pro 5g
Ram:6+6 Gb
Storage:128 Gb
Phone full fresh nijer use kora phone!
Phone full authentic kono din khula hoi nai!
No repair history!
Cameraa 100 te 100 raw mal!"
Xiaomi Poco C85 4G 128 GB Blue,19999,Used,"Rajshahi, Motihar",29/09,https://bikroy.com/motihar/mobile-phones/xiaomi-poco-c85-4g-128-gb-blue-kBo1lZVwFINQgxbJ6lBNCT1V.html,5,2026-10-04T05:40:44.579653+00:00,individual,ফোনে কোন সমস্যা নাই ফুল ফ্রেশ ফোনের সাথে বক্স নাই চার্জার আছে
Xiaomi 12S Pro 256 GB Graphite,16000,Used,"Rajshahi, Shaheb Bazar",06/09,https://bikroy.com/shaheb-bazar/mobile-phones/xiaomi-12s-pro-256-gb-graphite-oAbbX5OYj16ExOGXwc0OfQjI.html,4,2026-10-04T05:40:45.283786+00:00,individual,"Problem: 3 green line 
Location: sahib Bazar / Ruppur ishwardi"
Xiaomi Redmi Turbo 4 256 GB Graphite,35500,Used,"Chattogram, Muradpur",26/09,https://bikroy.com/muradpur/mobile-phones/xiaomi-redmi-turbo-4-256-gb-graphite-58iRXnV9LWxThh16DVuj7DOm.html,5,2026-10-04T05:40:45.986928+00:00,individual,"Redmi Turbo 4
16+16/256
All ok
Full box with 90Watt Super fast charger
Works super smoothly, best for all gaming
Mobile has not been repaired for even 1 taka, can be checked thoroughly before buying
Note: Slight crack on the upper glass at the corner of the back shell, can be replaced for 200-250 taka
(Do not send useless messages) Price can be slightly negotiable
Location: 2 no gate, Chittagong"
New Xiaomi Redmi Note 17 Pro 256 GB Black,40500,Brand New,"Chattogram, Agrabad",2 hours ago,https://bikroy.com/agrabad/mobile-phones/new-xiaomi-redmi-note-17-pro-256-gb-black-feZnPZJKTKFat7lytkLptJ6r.html,3,2026-10-04T05:40:46.645725+00:00,individual,"** REDMI NOTE 17 PRO 5G (8/256) New, 
9000 MAH BATTERY. 
Address:
Shop-537, Level-5 (4th floor of capsule lift), 
Go straight after exiting the lift to JojoBD.
Akhtaruzzaman Center, 
Agrabad, Chittagong."
Xiaomi 13 Pro 512 GB White,35000,Used,"Chattogram, Chandgaon",1 day ago,https://bikroy.com/chandgaon/mobile-phones/xiaomi-13-pro-512-gb-white-By3ZTIHMwpq6ae03tmX2kavE.html,5,2026-10-04T05:40:47.384707+00:00,individual,"* Model: Xiaomi 13 Pro
* RAM/Storage: 12GB / 512GB
* Color: Ceramic White
* Charger: Original 120W charger included
* Authentic & fully functional
* Overall condition: Good
* Minor scratch on the bottom-left corner
* No other known issues"
Xiaomi 15T Pro 512 GB Bronze,75000,Used,"Chattogram, Chawkbazar",1 day ago,https://bikroy.com/chawkbazar/mobile-phones/xiaomi-15t-pro-512-gb-bronze-fdYks0bIJEFupMHqg6rDoqTK.html,3,2026-10-04T05:40:47.929478+00:00,individual,"Xiaomi 15T pro with Box
12/512
12/256 available 
Global Edition 
Few days Used."
Xiaomi 17T 512 GB Black,65000,Used,"Chattogram, Chawkbazar",21 hours ago,https://bikroy.com/chawkbazar/mobile-phones/xiaomi-17t-512-gb-black-3bdWIsT3ruFw3FcR1QF2pMat.html,3,2026-10-04T05:40:48.380372+00:00,individual,"Xiaomi 17t Global
12/512,
20 days used.
with Box and Everyrhing"
Xiaomi 17 256 GB Green,85000,Used,"Chattogram, Chawkbazar",23 hours ago,https://bikroy.com/chawkbazar/mobile-phones/xiaomi-17-256-gb-green-8Xup8fLAEpIqYC1vPEFxOsxq.html,3,2026-10-04T05:40:48.872835+00:00,individual,"Xiaomi 17
Just open Box,
like new condition
with Box and everything"
New Xiaomi Redmi Note 14 Pro+ 256 GB Red,36999,Brand New,"Chattogram, Agrabad",3 hours ago,https://bikroy.com/agrabad/mobile-phones/new-xiaomi-redmi-note-14-pro-256-gb-red-gl5pUl918BoCGRN4eNxCO70M.html,3,2026-10-04T05:40:49.584138+00:00,individual,"Stay with us by liking and following our page to get the latest product prices. Our page link – 
** Call or WhatsApp. 
** REDMI NOTE 14 PRO PLUS (12/256) GLOBAL
 
----------------------------- Address :
Shop- 537, Level -5 (Capsule lift 4, go straight after exiting the lift, JojoBD)
Akhtaruzzaman Center, Agrabad, CTG."
New Xiaomi Redmi Turbo 4 Pro 256 GB White,37500,Brand New,"Chattogram, Kotwali, Chattogram",26/09,https://bikroy.com/kotwali/mobile-phones/new-xiaomi-redmi-turbo-4-pro-256-gb-white-k7R3n6JVdw4iZtJYrQ8Xu5tz.html,3,2026-10-04T05:40:50.290988+00:00,individual,"Full Fresh 
Box, charger, case, memo everything will be given with the mobile.
9 Months Used
If you find any problem, I will give the mobile for free."
New Xiaomi Redmi Note 15 Pro+ 256 GB Black,42999,Brand New,"Chattogram, Agrabad",2 hours ago,https://bikroy.com/agrabad/mobile-phones/new-xiaomi-redmi-note-15-pro-256-gb-black-d3Ujl6ZAXp2p3YEHED5lbycC.html,3,2026-10-04T05:40:50.770157+00:00,individual,"Stay with us by liking and following our page to get updates on product prices. Our page link - 
** Call or message us on WhatsApp at the number provided on Bikroy to buy a phone on installment.
---------------
Address:
Shop- 537, Level-5 (4th floor of capsule lift, 
Go straight after exiting the lift, JojoBD)
Akhtaruzzaman Center, 
Agrabad, Chittagong."
Xiaomi Redmi Note 14 Pro+ 5G 256 GB Black,37000,Used,"Chattogram, Agrabad",21/09,https://bikroy.com/agrabad/mobile-phones/xiaomi-redmi-note-14-pro-5g-256-gb-black-oGOG8TniRjtpnRJVnpRGhLwk.html,4,2026-10-04T05:40:51.331229+00:00,individual,"The mobile is fresh, if you remove the back poly the mobile is completely fresh. Personal use mobile, there are no problems with the mobile. Cash memo and box can be provided"
Xiaomi Redmi Turbo 4 Pro 256 GB White,39000,Used,"Chattogram, Fatikchari",15/09,https://bikroy.com/fatikchari/mobile-phones/xiaomi-redmi-turbo-4-pro-256-gb-white-iOfIzFckfG6fZygTjzjc6qFn.html,5,2026-10-04T05:40:51.833763+00:00,individual,"(Price fixed, please do not call for bargaining) Redmi Turbo 4 Pro (16GB/256GB) – Like New
Used for only 1 month
10/10 condition, no scratches or any issues
Everything works perfectly
Comes with original box, original charger, and all accessories
Personal use phone"
Xiaomi 13 512 GB White,34500,Used,"Chattogram, Khulshi",13/09,https://bikroy.com/khulshi/mobile-phones/xiaomi-13-512-gb-white-rCpSxY3pazD6T4mhLEmER1Pp.html,5,2026-10-04T05:40:52.438393+00:00,individual,"Xiaomi 13 — 12GB RAM / 512GB Storage
Water-resistant
100% Genuine Device
Condition: very good
Location: Khulshi Town Center, Chattogram
Interested? Feel free to message for details.
Phone 018XXXXXXXX"
Xiaomi Redmi Turbo 4 Pro 256 GB White,40000,Used,"Chattogram, Agrabad",25/09,https://bikroy.com/agrabad/mobile-phones/xiaomi-redmi-turbo-4-pro-256-gb-white-2vNRwiAa1R6ErFhCdqGvkDlA.html,3,2026-10-04T05:40:53.125802+00:00,individual,"Redmi turbo 4 pro 
Full fresh condition 
99 battery health 
Full box included"
Xiaomi 13T Pro 1 TB Blue,50000,Used,"Chattogram, Bandar, Chattogram",18/09,https://bikroy.com/bandar/mobile-phones/xiaomi-13t-pro-1-tb-blue-aaL4VdtYELgflhLlYeJFO5M1.html,5,2026-10-04T05:40:53.884901+00:00,individual,"Xiaomi 13T Pro 1TB
Full fresh, no scratches or cracks, completely fresh like new, 120W fast charger, full charge in 20 minutes, supports two nano SIMs and one e-SIM, you can check before buying, only the mobile will be given
Security can be provided
Mobile was gifted from abroad and used by a single person"
Xiaomi Redmi K70 256 GB White,32500,Used,"Chattogram, Chawkbazar",29/09,https://bikroy.com/chawkbazar/mobile-phones/xiaomi-redmi-k70-256-gb-white-9Mu0nNPep4juS9uTnwciJET.html,5,2026-10-04T05:40:54.687870+00:00,individual,"The set is 95 percent fresh, Chinese ROM. Used for about 8 months, 16 GB RAM and 256 GB ROM. Original box and charger will be provided with it."
Xiaomi Redmi Note 14 Pro+ 5G 512 GB Blue,32000,Used,"Chattogram, Anwara",28/09,https://bikroy.com/anwara/mobile-phones/xiaomi-redmi-note-14-pro-5g-512-gb-blue-zFIYz1SmCh8vRkC6D9Az0i3K.html,5,2026-10-04T05:40:55.295285+00:00,individual,"Redmi Note 14 Pro+ 5G
RAM: 12GB
Storage: 512GB
Battery: 5110 mAh
Battery Health: 99%
Battery Cycle Count: 238
Phone first opened: August 2025
Phone is in full fresh condition
Comes with Cash Memo & Charger"
Xiaomi Poco X7 256 GB Yellow,23000,Used,"Chattogram, Fatikchhari",1 day ago,https://bikroy.com/fatikchhari/mobile-phones/xiaomi-poco-x7-256-gb-yellow-yKAfv5V6bkeUAJzdfW7CgYy4.html,3,2026-10-04T05:40:55.882605+00:00,individual,"Used for 1 year 
You can check and take the phone 
Completely fresh product"
Xiaomi 13T 256 GB Black,32000,Used,"Chattogram, Halishahar",22/09,https://bikroy.com/halishahar/mobile-phones/xiaomi-13t-256-gb-black-hdeDVz3DqvGxILaoWUTq6lVY.html,3,2026-10-04T05:40:56.591965+00:00,individual,"Xiaomi Mi 13T
12/256
International Global version
Sell or exchange possible
Full box with all accessories
No scratches or dents, mint condition."
Xiaomi Redmi Note 13 Pro+ 256 GB White,25000,Used,"Chattogram, Patenga",16/09,https://bikroy.com/patenga/mobile-phones/xiaomi-redmi-note-13-pro-256-gb-white-dxD9TJNoFh6PrkHouahVwCYU.html,5,2026-10-04T05:40:57.280817+00:00,individual,"You can check it out, it looks brand new. Price is slightly negotiable. My asking price is twenty-five thousand. The phone comes with its full box and charger."
New Xiaomi Redmi 17 128 GB Green,24999,Brand New,"Chattogram, Agrabad",3 hours ago,https://bikroy.com/agrabad/mobile-phones/new-xiaomi-redmi-17-128-gb-green-oWRkTTLmGY0tYJ4QOUTKm8wD.html,3,2026-10-04T05:40:57.884137+00:00,individual,"Stay with us by liking & following our page to get updates on any product prices. Our page link –
** Call or message us on WhatsApp at the number provided on Bikroy to buy a phone on instalment.
_____________________________________
Address:
Shop-537, Level-5
Akhtaruzzaman Center,
Agrabad, Chittagong."
Xiaomi 12S 256 GB Black,25000,Used,"Chattogram, Pahartali",25/09,https://bikroy.com/pahartali/mobile-phones/xiaomi-12s-256-gb-black-v5F0cMpsGBFpUOpSbh4r0OeV.html,3,2026-10-04T05:40:58.632337+00:00,individual,"Box, charger available.
Some liquid got into the volume up button due to using a UV protector glass. The up button does not work. Otherwise, the rest of the performance is ok. It is my secondary device."
Xiaomi Redmi Note 14 Pro 128 GB Black,25000,Used,"Chattogram, Mirsharai",1 day ago,https://bikroy.com/mirsharai/mobile-phones/xiaomi-redmi-note-14-pro-128-gb-black-rXmH2KA22P2ezM6qdQfkdidH.html,4,2026-10-04T05:40:59.335617+00:00,individual,"Bought from Dazzel, still has replacement warranty. 
Still like new. 
You will get everything just like a new mobile. 
Location must be mirersorai or abutora bazar"
New Xiaomi Redmi Note 17 128 GB Black,32999,Brand New,"Chattogram, Agrabad",3 hours ago,https://bikroy.com/agrabad/mobile-phones/new-xiaomi-redmi-note-17-128-gb-black-wh7Xtijlj3o83aNHfzGYvM8H.html,3,2026-10-04T05:40:59.980738+00:00,individual,"Offer: 2000 Taka discount if taken on installments.
One thousand Taka Bata gift voucher if taken in cash.
Address:
Shop-537, Level-5
Akhtaruzzaman Center,
Agrabad, Chittagong."
Xiaomi Redmi Note 14 4G 256 Gigabytes Black,21500,Used,"Chattogram, Baizid",12/09,https://bikroy.com/baizid/mobile-phones/xiaomi-redmi-note-14-4g-256-gb-black-qbSU0ng6T5p6KQXKhDYtRDYh.html,5,2026-10-04T05:41:00.723478+00:00,individual,"Interested to sell Redmi note 14 official device 
Device details 
1. The phone is completely fresh 
2. Camera performance is fantastic. 
3. Battery performance is fantastic. You can easily run it for a day and play games. 
4. To buy the phone you must come to the location. 
Location :Baluchra, Bayezid, Chittagong. Price can be reduced somewhat upon negotiation."
Xiaomi Redmi Note 13 256 GB Blue,18500,Used,"Chattogram, Muradpur",3 hours ago,https://bikroy.com/muradpur/mobile-phones/xiaomi-redmi-note-13-256-gb-blue-fDYIVgLiZJqmhI1LIzRvJ0LT.html,3,2026-10-04T05:41:01.230924+00:00,individual,"Redmi note 13 5G 
8/256 
Full box 
🛡️ সুবিধা:
✔️ ১৫ দিনের রিপ্লেসমেন্ট গ্যারান্টি

📍 Device – Trusted Mobile Shop
📌 Shop No: 319, 3rd Floor (Lift 2 🛗)
🗺️ CPDL RB Midtown Market, মুরাদপুর, চট্টগ্রাম (মক্কা হোটেলের পাশে)"
Xiaomi Civi 2 256 GB Pink,19800,Used,"Chattogram, New Market, Chattogram",30/09,https://bikroy.com/new-market/mobile-phones/xiaomi-civi-2-256-gb-pink-k0y6WFMVcxbsuJnN2dwn1Sq7.html,5,2026-10-04T05:41:01.968000+00:00,individual,"Used for 10 days, comes with store cash memo and 1 year warranty.
What you will get with it: Only the mobile handset (no box and charger).
Reason for selling: Need urgent money.
Price: [20,000] BDT (negotiable)
Location: [Dhaka University / TSC / Polashi Mor]
Inspect safely as much as you like.
Contact: (WhatsApp)"
New Xiaomi 128 GB Black,29500,Brand New,"Chattogram, Agrabad",3 hours ago,https://bikroy.com/agrabad/mobile-phones/new-xiaomi-128-gb-black-wuicv6XYyPPUKy5z0nXV4a57.html,3,2026-10-04T05:41:02.428630+00:00,individual,"NOTE 17 5G (6/128).
Address:
Shop-537, Level-5
Akhtaruzzaman Center,
Agrabad, Chittagong."
Mobile Phone 128 GB White,24000,Used,"Chattogram, Alankar",06/09,https://bikroy.com/alankar/mobile-phones/mobile-phone-128-gb-white-ac3HQgFWiHxyLepKpQqrvV9L.html,5,2026-10-04T05:41:03.132475+00:00,individual,"For Sale: Xiaomi Redmi Note 14 5G 
জরুরি প্রয়োজনে একদম ফ্রেশ Xiaomi Redmi Note 14 5G বিক্রি হবে। ফোনে কোনো সমস্যা নেই, ১০০% ওকে।
RAM/ROM: 8GB / 128GB
Display: 6.67"" FHD+ AMOLED (120Hz)
Camera: 50MP (OIS) + 8MP + 20MP Selfie
Processor: Dimensity 7025 Ultra (5G)
Battery: 5110 mAh (45W Fast Charger)
Condition: 
 Call/WhatsApp 019XXXXXXXX"
Xiaomi 15 256 GB White,48500,Used,"Dhaka, Mirpur",2 days ago,https://bikroy.com/mirpur/mobile-phones/xiaomi-15-256-gb-white-boSh7MlGcjFMMQc2o8mNLTu2.html,5,2026-10-04T05:41:04.996853+00:00,individual,"Xiaomi 15 12-256 (white) only device

Chinese variant

Full fresh condition

Mobile E Kono spot & dent scratch kichu nei (Check kore nien)

92 percent battery health

 
Location : Mirpur 2(Dcc) / Gulshan 2

Mobile + Cashmemo + security provide korbo"
Xiaomi 14 Pro 256 GB White,25000,Used,"Dhaka, Savar",04/09,https://bikroy.com/savar/mobile-phones/xiaomi-14-pro-256-gb-white-3mqvZfZzevekr5fUlP4Fpito.html,4,2026-10-04T05:41:05.676219+00:00,individual,মোবাইলটা একদম নতুনের মতই আছে বেশিদিন ব্যবহার করা হয়নি আজ থেকে ৬ মাস টাকার দরকার তাই বিক্রি করে দিব আপনারা যত খুশি দেখে নিতে পারবেন ফোনে কোন সমস্যা থাকলে গাড়ি ভাড়া ফেরত দেওয়া হবে
Xiaomi 11 Lite 5G NE 256 GB Blue,16500,Used,"Dhaka, Badda",21/09,https://bikroy.com/badda/mobile-phones/xiaomi-11-lite-5g-ne-256-gb-blue-z425AbCWqJ5ePZ8hcgSZmT2t.html,3,2026-10-04T05:41:06.229657+00:00,individual,"The phone is very good with no problems, I am using it myself. Selling due to urgent need."
Xiaomi Redmi Note 15 128 GB Black,25000,Used,"Dhaka, Rampura",29/09,https://bikroy.com/rampura/mobile-phones/xiaomi-redmi-note-15-128-gb-black-r4zySmg8RyHgaxIl20sZ584t.html,4,2026-10-04T05:41:06.826286+00:00,individual,"There are no flaws in the phone, it is completely fresh."
Xiaomi Redmi Note 14 4G 256 GB Green,16500,Used,"Dhaka, Mirpur",08/09,https://bikroy.com/mirpur/mobile-phones/xiaomi-redmi-note-14-4g-256-gb-green-nn26t0zmlnoAwH6w9hNe8gDQ.html,5,2026-10-04T05:41:07.393817+00:00,individual,Call for more information
New Xiaomi Redmi Note 15 128 GB Green,27000,Brand New,"Dhaka, Uttara",17/09,https://bikroy.com/uttara/mobile-phones/new-xiaomi-redmi-note-15-128-gb-green-u2jV9g9L6JGCIarmDXU0ho8J.html,5,2026-10-04T05:41:08.075788+00:00,individual,"It has been 15 days, selling because I need money, there are no issues."
Xiaomi Redmi Note 13 256 GB Blue,19000,Used,"Dhaka, Mohammadpur",25/09,https://bikroy.com/mohammadpur/mobile-phones/xiaomi-redmi-note-13-256-gb-blue-BCPIZNu4lESAFQR1RempBJWA.html,5,2026-10-04T05:41:08.832212+00:00,individual,Redmi note 13 5g (Indian variant). Only box.
Xiaomi Redmi 15C 256 GB Blue,19000,Used,"Dhaka, Mirpur",30/09,https://bikroy.com/mirpur/mobile-phones/xiaomi-redmi-15c-256-gb-blue-MVbIwRzDJginKlNEemIL1G7.html,4,2026-10-04T05:41:09.526324+00:00,individual,It has been used for 5-6 months. There are no problems of any kind. Absolutely fresh new phone. There are no scratches whatsoever. Charges very fast. Picture quality is very good.
Xiaomi 12 256 GB,24000,Used,"Dhaka, Keraniganj",04/09,https://bikroy.com/keraniganj/mobile-phones/xiaomi-12-256-gb-CexGNmkQnC73sltqXe4Fb3Nq.html,5,2026-10-04T05:41:10.131978+00:00,individual,"Xiaomi 12 5G | 8GB RAM | 256GB ROM

🔹 Processor: Snapdragon 8 Gen 1
🔹 RAM: 8GB
🔹 ROM: 256GB
🔹 Color: Glow Blue
🔹 Box: নেই
🔹 Charger: নেই
🔹 Price: ৳25,000
🔹 Serious buyer-এর জন্য discount থাকবে।

🔥 Powerful Snapdragon 8 Gen 1 performance
✨ Premium Glow Blue color
💾 8/256GB — ample storage & smooth performance

📩 Interested buyers"
Xiaomi Redmi Note 13 256 GB White,20000,Used,"Dhaka, Basundhara",15/09,https://bikroy.com/basundhara/mobile-phones/xiaomi-redmi-note-13-256-gb-white-nlsa2RYuLMkjyyrjmJPfFrNa.html,5,2026-10-04T05:41:10.771246+00:00,individual,"Size

161.1 x 75 x 7.6 mm (6.34 x 2.95 x 0.30 in)

Weight

174.5 g (6.14 oz)

Build

Glass front (Gorilla Glass 5), plastic frame, plastic back

SIM

Hybrid Dual SIM (Nano-SIM, dual stand-by)

Features

IP54, dust and splash resistant

Misc

Colors

Graphite black (Stealth Black), Arctic White, Ocean Teal, Prism Gold

Comms

WLAN"
New Xiaomi Redmi Note 15 256 GB Blue,30000,Brand New,"Dhaka, Jatrabari",20/09,https://bikroy.com/jatrabari/mobile-phones/new-xiaomi-redmi-note-15-256-gb-blue-k6jb4QSodXCIRxbDJiFUrlKL.html,4,2026-10-04T05:41:11.432476+00:00,individual,Redmi note 15 5G Phone. Only 4 months used. Phone in Full Fresh condition. Fixed Price
Xiaomi Poco X7 256 GB Orange,26500,Used,"Dhaka, Mohakhali",26/09,https://bikroy.com/mohakhali/mobile-phones/xiaomi-poco-x7-256-gb-orange-APyb2gtVzQcY1B6nKcRYRQMH.html,5,2026-10-04T05:41:11.994853+00:00,individual,"Full fresh, not a single hair-thin issue. Box, charger, cash memo all are available. The phone has never been opened and there are no scratches or dents. 100% fresh. If you can show even a minor problem, I will cover your travel expenses. Gaming phone with super camera quality. It is also waterproof."
Xiaomi Civi 2 256 GB Gold,20500,Used,"Dhaka, Khilkhet",1 day ago,https://bikroy.com/khilkhet/mobile-phones/xiaomi-civi-2-256-gb-gold-qaoCEDhPDxCdM6jeB9veGBah.html,3,2026-10-04T05:41:12.783090+00:00,individual,"The phone has no problems and no service history. It is still just like new. There is nothing included with the phone, but security will be provided with an NID or passport copy. You need to come to the location in front of Tetultola Mosque, Khilkhet. Thank you."
