raw_title,price,condition_raw,location,posted_date,url,photo_count,scraped_at,seller_type,description
Apple iPhone 17 256 GB Purple,91990,Used,"Chattogram, Chawkbazar",20 hours ago,https://bikroy.com/chawkbazar/mobile-phones/apple-iphone-17-256-gb-purple-tYfj4qGzNVum3C9R8Ya2ijiC.html,3,2026-09-16T02:09:12.638838+00:00,individual,"Apple iPhone 17
256GB | LL/A Variant
Battery Health 100%
Cycle Count: 6
Apple Warranty Available
First Use: January 2026
Enjoy 15-day replacement guarantee | Lifetime service -
Finlay Square, Level-4, Shop-406, 2 No Gate, Nasirabad, Chattogram"
Apple iPhone 15 Pro 128 GB Gray,78000,Used,"Rajshahi, Boalia",03/09,https://bikroy.com/boalia/mobile-phones/apple-iphone-15-pro-128-gb-gray-dbTRcl4Ba9ZHKJjWt0qVsTvO.html,4,2026-09-16T02:09:14.274088+00:00,individual,Fresh condition. Health 87
Samsung Galaxy Z Fold4 256 GB,28500,Used,"Chattogram, Alankar",30/08,https://bikroy.com/alankar/mobile-phones/samsung-galaxy-z-fold4-256-gb-3GQeEPGfsD84SO082gPEbW3U.html,4,2026-09-16T02:09:16.850616+00:00,individual,সামনের ডিসপ্লে তে ২টা লাইন আছে
Samsung Galaxy S23 256 GB Purple,29500,Used,"Rajshahi, Shaheb Bazar",31/08,https://bikroy.com/shaheb-bazar/mobile-phones/samsung-galaxy-s23-256-gb-purple-z0vMn9k4kvnPJvXvVSF1GmO8.html,3,2026-09-16T02:09:18.259871+00:00,individual,"ফোন ফুল ফ্রেশ আছে আউটলুক ফ্রেশ আছে। সবমিলে অলমোস্ট ৯০% ফ্রেশ ফোন। Docomo veriant এর ফোন এইটা Storage: 256 জিবি। 

Note: প্রব্লেম জাস্ট ডিস্প্লে এক সাইডে গোল্ডেন কিছু দাগ আছে যেটা খালি চখে বা ডিস্প্লে ওন হলে বুঝা জাইনা। এইটা অনেকদিন থেকে আছে আর বড়বে না এটা গারেন্টি।  

👉 Exchange করা যাবে।"
Xiaomi 13 Ultra 256 GB Green,47000,Used,"Dhaka, Savar",11 hours ago,https://bikroy.com/savar/mobile-phones/xiaomi-13-ultra-256-gb-green-keNDhC2BIB9AlUbpLBITDYr6.html,5,2026-09-16T02:09:20.009941+00:00,individual,"Mobile information:
 Model: Xiaomi
 RAM: 12GB
 Storage: 256GB
 7 days replacement guarantee
 1 year service warranty
 Opportunity to check before buying phone
 Our main goal is to provide reliability and good service.
 Address:
E-195A, Level-5 (Lift-4),
Sena Shopping Complex,
Nabinaagar, Sayer, Dhaka.
 Weekly off: Sunday"
Xiaomi Civi 4 Pro 512 GB Green,35000,Used,"Dhaka, Mirpur",20 hours ago,https://bikroy.com/mirpur/mobile-phones/xiaomi-civi-4-pro-512-gb-green-fqS5Vdwi2LrOKtwLEY2PrpYH.html,5,2026-09-16T02:09:20.536908+00:00,individual,"খুবই ভালো একটা ফোন,কোন রকমের সমস্যা নেই,যতক্ষন ইচ্ছা চালিয়ে দেখে নিবেন,১২/৫১২ জিবি,সুপার ক্যামেরা ফোন,সুপার ব্যাকাপ অনেক ফাস্ট একটা ফোন,চাইলে ইউটিউবে রিভিউটা দেখে নেবেন,ফুল ফ্রেশ ফোন,যেকোনো সিকিউরিটি দেয়া হবে,ক্যাশ মেমো,সাথে ১বছরের সার্ভিস ওয়ারেন্টী থাকবে।
ঢাকা মিরপুর পল্লবী নতুন থানা।
কুরিয়ার পসিবল।"
Xiaomi Redmi K80 Ultra 256 GB White,35000,Used,"Dhaka, Malibag",25/08,https://bikroy.com/malibag/mobile-phones/xiaomi-redmi-k80-ultra-256-gb-white-hGrj0pDtAXwJuGhaP2qIdUqW.html,3,2026-09-16T02:09:21.245541+00:00,individual,"Redmi k 80 ultra
Ram 12gb
Rom 256gb
Battary 7410mh
Full fresh"
Xiaomi Redmi Note 14 4G 128 GB Black,19999,Used,"Dhaka, Jatrabari",2 hours ago,https://bikroy.com/jatrabari/mobile-phones/xiaomi-redmi-note-14-4g-128-gb-black-tRUZvsLHG9yRATVlEAd1ewZW.html,3,2026-09-16T02:09:21.856847+00:00,individual,"Box charger all okay
6/128 GB"
Xiaomi Redmi 15 128 GB Black,20990,Used,"Dhaka, Kazipara",26/08,https://bikroy.com/kazipara/mobile-phones/xiaomi-redmi-15-128-gb-black-dQDLbtMDpXh9JzMqGJhx5MJQ.html,5,2026-09-16T02:09:22.512500+00:00,individual,"Also, all documents will be provided from the showroom where I bought it.
New."
New Xiaomi Civi 1S 256 GB,16990,Brand New,"Dhaka, Shyamoli",2 hours ago,https://bikroy.com/shyamoli/mobile-phones/new-xiaomi-civi-1s-256-gb-kjEsHwWzIvhVEf4foZ4afsMN.html,3,2026-09-16T02:09:23.383408+00:00,individual,"Xiaomi Civi-1
12/256GB/18990
8/128GB/16990
Our Address
Mobile Plaza
Shyamoli Tower Complex Market
2nd Floor, Shop No. 13, 14
Market right beside Shyamoli Bus Stand and Foot Over Bridge,
Shyamoli Mohammadpur Dhaka"
New Samsung Galaxy A15 5G 256 GB White,18999,Brand New,"Rajshahi, Vodra",20 hours ago,https://bikroy.com/vodra/mobile-phones/new-samsung-galaxy-a15-5g-256-gb-white-khjzStvu9IVYXPSkuoRxP6hS.html,5,2026-09-16T02:09:23.680343+00:00,individual,"Experience smart design and incredible performance with the Samsung A15, your perfect choice.

Limited stock – first come, first served!
Our Address: Baneswar Shibpur Hat, Puthia, Rajshahi
100% Trustworthiness
Right price, right product
FAHIM mobile zone, your trusted mobile shop"
Samsung Galaxy S23 256 GB Pink,23500,Used,"Rajshahi, Uposahar",01/09,https://bikroy.com/uposahar/mobile-phones/samsung-galaxy-s23-256-gb-pink-BYx0RZlpeMiBBwMtq0l2bbFe.html,5,2026-09-16T02:09:24.314335+00:00,individual,"Samsung s23 flagship device full offer 23.5k
Just display change
6.5k diye display lagano High quality IPS
Camera agun 

8k video kora jai
Snapdragon 8 gen 2 
8/256GB
Location: Rajshahi"
Samsung Galaxy A35 128 GB Pink,23990,Used,"Chattogram, Agrabad",20 hours ago,https://bikroy.com/agrabad/mobile-phones/samsung-galaxy-a35-128-gb-pink-uoH420XnoQFDCFqm5XQP5yAC.html,2,2026-09-16T02:09:24.914570+00:00,individual,"Set in fully fresh condition 
100% ok
Ram 8+128
With charger and cash memo"
Samsung Galaxy S21 FE 5G 128 GB Blue,24000,Used,"Chattogram, Agrabad",20 hours ago,https://bikroy.com/agrabad/mobile-phones/samsung-galaxy-s21-fe-5g-128-gb-blue-k3bguO7oc0z9ll06t9JkuMyj.html,3,2026-09-16T02:09:25.640191+00:00,individual,"Set is in fully fresh condition. RAM 8GB, Storage 128GB. Comes with charger."
Samsung Galaxy Z Fold7 256 GB Gray,119990,Used,"Dhaka, Uttara",2 hours ago,https://bikroy.com/uttara/mobile-phones/samsung-galaxy-z-fold7-256-gb-gray-fyLzMBmbvEw55pYSJxobKD4r.html,4,2026-09-16T02:09:26.048603+00:00,individual,"Western Mobile Fair
 # Shop No. 614/622/623/625 (Level #6) Tropical Alauddin Tower Uttara 
 Dear Honourable Coustomer 
 100% original device
 Full Factory unlock 
 EMI Available On . 31 Banks credit card. Thanks for being with us."
New Samsung Galaxy S26 Ultra 5G 256 GB Blue,114000,Brand New,"Dhaka, Baridhara",11 hours ago,https://bikroy.com/baridhara/mobile-phones/new-samsung-galaxy-s26-ultra-5g-256-gb-blue-3VEoEC9L6Yec7QgaH5n0wJYp.html,3,2026-09-16T02:09:26.828114+00:00,individual,"Samsung S26 ultra
new
limited stock"
Samsung Galaxy S23 Ultra 512 GB Black,120000,Used,"Dhaka, Khilkhet",10 hours ago,https://bikroy.com/khilkhet/mobile-phones/samsung-galaxy-s23-ultra-512-gb-black-uwTQ4KsmLjWSmYteYcmUtvw6.html,3,2026-09-16T02:09:27.163917+00:00,individual,"Completely good set, purchased from America, comes with box and international warranty. No disturbance so far. Very fast and reliable."
Samsung Galaxy S21+ 5G 128 GB Purple,23999,Used,"Dhaka, Savar",20 hours ago,https://bikroy.com/savar/mobile-phones/samsung-galaxy-s21-5g-128-gb-purple-BQovCcEKSoGZ2UmGNfIZ4Ghd.html,5,2026-09-16T02:09:27.736432+00:00,individual,"S21+ 5G (128GB) in super fresh condition

Location: Savar, Nobinogor, Sena Shopping Complex
Shop name: Apple Gadgets & Care
Shop no: D/43, Lift 3"
Samsung Galaxy A17 5G 128 GB Purple,25000,Used,"Dhaka, Mirpur",01/09,https://bikroy.com/mirpur/mobile-phones/samsung-galaxy-a17-5g-128-gb-purple-rJzbLaLjv5uzTL4qqcVmxllH.html,4,2026-09-16T02:09:28.095745+00:00,individual,Full fredh. All okkke. Box changer sob ase
Samsung Galaxy Z Flip 5 256 GB Green,36990,Used,"Dhaka, Mohammadpur",2 hours ago,https://bikroy.com/mohammadpur/mobile-phones/samsung-galaxy-z-flip-5-256-gb-green-gifJzKKlHXJwZJPBgu1pQJfh.html,5,2026-09-16T02:09:28.714661+00:00,individual,"Shop Name :Ab international 
Level -06 Shop number-(657,658)
Tokyo Square,Japan garden city, Mohammadpur
Call us for any question

Buy a used phone with complete peace of mind because we offer 100% original and authentic phones.
If any problem occurs within 7 days, it will be replaced (Except display issues).
One year of free service warranty."
Apple iPhone 16 Pro Max 256 GB Bronze,115000,Used,"Rajshahi, Shaheb Bazar",20 hours ago,https://bikroy.com/shaheb-bazar/mobile-phones/apple-iphone-16-pro-max-256-gb-bronze-dkozXQRyhyMTwlV9REij7Sfr.html,3,2026-09-16T02:09:29.327711+00:00,individual,"iPhone 16 Pro Max, 256 GB, 91% battery health, USA version, super condition, 7 days replacement guarantee, 1 year service warranty. Exchange possible. Our Address: Smart Choice, Shop No. 211, City Center, Beside Rajshahi College, Sonadighi Mor, Rajshahi. Call for details."
Apple iPhone 14 Pro 256 GB Gold,66000,Used,Rajshahi,26/08,https://bikroy.com/rajshahi/mobile-phones/apple-iphone-14-pro-256-gb-gold-r2tPhtgWHAfy1ZB81bICrIKf.html,4,2026-09-16T02:09:29.832780+00:00,individual,"iPhone14 Pro — 256GB | Golden Colour
একদম Super Fresh Condition হাতে নিলেই পছন্দ হবে।
Model: iPhone 14 Pro, Storage: 256GB, Colour: Golden,Battery Health: 89%, Variant: USA

ফোনের কন্ডিশন একদম ফ্রেশ ও সুন্দর। যারা ভালো কন্ডিশনের iPhone 14 Pro খুঁজছেন, তাদের জন্য দারুণ একটি ডিল 

Address: Shaheb Bazar, Rajshahi
Call: [hidden information]"
Apple iPhone 13 128 GB Pink,30500,Used,"Rajshahi, Kazla",20 hours ago,https://bikroy.com/kazla/mobile-phones/apple-iphone-13-128-gb-pink-cJw4XsCbLtBP1dugd9ec7AcS.html,3,2026-09-16T02:09:30.432927+00:00,individual,ফুল ফ্রেশ আছে ফোনটি নিলে সরাসরি ফোন দিবেন ফোনের ব্যাটারি হানডেট পারসেন ব্যাটারি চেঞ্জ করা হয়েছে অরজিনাল ব্যাটারিটাও আছে ছিয়াত্তর পাচ্ছেন ফোনের ফেইস আইডি ইসু  বাদবাকি সব ফুল ওকে
Apple iPhone 12 128 GB White,29500,Used,"Rajshahi, Shaheb Bazar",31/08,https://bikroy.com/shaheb-bazar/mobile-phones/apple-iphone-12-128-gb-white-hdB9ATugcOIdIHJRhUFosRoc.html,5,2026-09-16T02:09:31.135918+00:00,individual,"Iphone 12 used 
All okeyy 
Face id ✅
Battery othentic 
All othenthik 
No issuh 
Wp 017XXXXXXXX"
Apple iPhone 12 Pro Max 256 GB Blue,32000,Used,"Rajshahi, Laksimipur",7 hours ago,https://bikroy.com/laksimipur/mobile-phones/apple-iphone-12-pro-max-256-gb-blue-cjdHw1z3Sgp7OfUCeBGTbNZU.html,3,2026-09-16T02:09:31.781602+00:00,individual,"Sim won't work, other than that no issues. All ok. Battery health 83%. USA variant. True Tone, Face ID all ok."
Apple iPhone 16 Pro Max 256 GB,108500,Used,"Chattogram, Bakoliya",08/09,https://bikroy.com/bakoliya/mobile-phones/apple-iphone-16-pro-max-256-gb-inyD9wLMOjZ0Pr3UELiCpUTc.html,5,2026-09-16T02:09:32.396889+00:00,individual,"iPhone 16 Pro Max | 256GB | Desert Titanium
 Global — Physical SIM + eSIM
 Battery Health: 92% | Cycle: 551
 3uTools Score: 100/100
 Latest iOS 26.6.1 Update
 Box + Cable + Premium Case
Check it thoroughly as much as you want
Serious buyers please call/inbox directly
In front of Kalpolok Residential, Tasty Treat,"
Apple iPhone 15 Pro Max 256 GB Black,95000,Used,"Chattogram, Pahartali",13/09,https://bikroy.com/pahartali/mobile-phones/apple-iphone-15-pro-max-256-gb-black-6ADTIrP3Ht3Wny2acOVh5Sei.html,5,2026-09-16T02:09:33.213855+00:00,individual,"I am selling this because I will buy another phone. There are no problems with the phone.
It comes with the original twenty-watt charger.
Please contact if you are interested in buying."
Apple iPhone XS Max 512 GB Rose Gold,21000,Used,"Chattogram, New Market, Chattogram",03/09,https://bikroy.com/new-market/mobile-phones/apple-iphone-xs-max-512-gb-rose-gold-uOe1jT8Bv5ovorP2qRrFAuEy.html,3,2026-09-16T02:09:33.725866+00:00,individual,"Storage: 512gb 💥
Bettery Health: 75% Original 🔋
Display: gx er orginal ta ✅
Face id ❎
True Tone 🆗
Camera 💥
Silent Buton 🆗
Sim Wifi 🆗
লোকেশনে আসতে হবে ✅"
Apple iPhone 12 Pro 256 GB Gold,37000,Used,Chattogram,08/09,https://bikroy.com/chattogram/mobile-phones/apple-iphone-12-pro-256-gb-gold-g2lfeMnvh60tTqH6yhJRbzmX.html,5,2026-09-16T02:09:33.996800+00:00,individual,"Battery 78  iPhone 12 Pro বিক্রি হবে
ফোনটি সম্পূর্ণ ভালো অবস্থায় আছে।
 Battery Health: 78%
 সকল ফাংশন ঠিকঠাক আছে।
আগ্রহী হলে ইনবক্সে যোগাযোগ করুন।"
New Apple iPhone 12 Pro 128 GB Blue,39000,Brand New,"Chattogram, Chawkbazar",11/09,https://bikroy.com/chawkbazar/mobile-phones/new-apple-iphone-12-pro-128-gb-blue-2Ai2JChbjeeJA0k7z5GpiyA8.html,3,2026-09-16T02:09:34.444746+00:00,individual,"Battery Health 82%. Box, charger, and 3 covers will be provided along with it."
Apple iPhone 17 Pro 256 GB Orange,132000,Used,"Dhaka, Mirpur",30/08,https://bikroy.com/mirpur/mobile-phones/apple-iphone-17-pro-256-gb-orange-5npdQSoVgZpn0ybjWYYqzVMa.html,5,2026-09-16T02:09:34.861398+00:00,individual,"All ok about phone
Japan variant"
Apple iPhone 16 Pro Max 512 GB Rose Gold,131000,Used,"Dhaka, Mirpur",01/09,https://bikroy.com/mirpur/mobile-phones/apple-iphone-16-pro-max-512-gb-rose-gold-sJhKqRJLSrtTfllR43VPWX9M.html,3,2026-09-16T02:09:35.574680+00:00,individual,Adapter cable box camera protector glass protector back poly and box availavail
Apple iPhone 16 Pro Max 256 GB Gray,120000,Used,"Dhaka, Uttara",02/09,https://bikroy.com/uttara/mobile-phones/apple-iphone-16-pro-max-256-gb-gray-nFh6ccGla2NYvJbK6GVwtiqA.html,4,2026-09-16T02:09:36.076802+00:00,individual,"Singapore Variant, Almost New Condition, Battery Health: 95%, 100% Waterproof, Original Box, Cash Memo, Charger, Back Cover. You are welcome to check the phone thoroughly before purchasing. The phone is in excellent condition, almost like new. Price: ৳120,000 (Slightly negotiable for genuine buyers). Only serious buyers 015XXXXXXXX"
Apple iPhone 14 Pro 256 GB Purple,52000,Used,"Dhaka, Banglamotor",03/09,https://bikroy.com/banglamotor/mobile-phones/apple-iphone-14-pro-256-gb-purple-dSFXhvyrC9OMOE1ui9kurQ6B.html,5,2026-09-16T02:09:36.793363+00:00,individual,"iPhone 14 Pro 256 GB 
Battery Helath 80% 
True Tone ,Face id ,perfectly working 🆗 
Box and device. Available ,

The phone's display has been changed but the original one has been installed.
Kuwaiti variant,come from Kuwait 🇰🇼"
Apple iPhone 13 Pro 128 GB Blue,52000,Used,"Dhaka, Motalib Plaza",2 hours ago,https://bikroy.com/motalib-laza/mobile-phones/apple-iphone-13-pro-128-gb-blue-Ce2UjyniiOYHuRN1Of7cxir2.html,5,2026-09-16T02:09:37.412064+00:00,individual,"Buy your favorite smartphone now with even more peace of mind!
Detailed Information:
• Model: iPhone 13 Pro
• Storage: 128 GB
• Battery Health: 88%
10 days Replacement Guarantee
3 years Service Warranty
Check and buy, use with peace of mind!
Good quality phone at the best price—grab your favorite phone.
Address:
Shop No: 510/A, Motalib Plaza, Hatirpool, Dhaka"
Apple iPhone 12 Pro Max 256 GB Blue,53000,Used,"Dhaka, Farmgate",11 hours ago,https://bikroy.com/farmgate/mobile-phones/apple-iphone-12-pro-max-256-gb-blue-aRsLH1NamiWlxD0frAU1gy2G.html,2,2026-09-16T02:09:37.822064+00:00,individual,"Singapore Variant
256GB
10-day replacement guarantee
2-year service warranty
Fast and secure courier service across the country
Attractive exchange offers
Emon Gadget Point
Basement-1, Shop-84
Bashundhara City Shopping Mall"
Apple iPhone 12 Pro Max 256 GB Gold,47000,Used,"Dhaka, Jatrabari",03/09,https://bikroy.com/jatrabari/mobile-phones/apple-iphone-12-pro-max-256-gb-gold-zLxioLDHRNXTqSaTzELYtFHa.html,5,2026-09-16T02:09:38.434057+00:00,individual,"Phone valo
Battery 72 no repair history have one small dent in corner which is shown 
Only box & cable. 
Phone butter smooth 
I need cash"
Apple iPhone 13 128 GB White,39000,Used,"Dhaka, Uttara",25/08,https://bikroy.com/uttara/mobile-phones/apple-iphone-13-128-gb-white-fcCc2EMcKYOdlH7vWZzdiJV9.html,3,2026-09-16T02:09:39.156855+00:00,individual,Battery health 80-81% 128gb display te halka ek fota scratch ase authentic display and battery
Apple iPhone 12 mini 128 GB,25000,Used,"Dhaka, Demra",02/09,https://bikroy.com/demra/mobile-phones/apple-iphone-12-mini-128-gb-hpDmx08PdC7LPCBNk3w5Q33x.html,5,2026-09-16T02:09:39.530093+00:00,individual,ফুল ফ্রেশ কনকন্ডিশন। ব্যাটারি চেঞ্জ। ব্যাটারি ৬ মাসের গ্যারান্টি।মোমোবাইল ১ বছর সার্ভিসিং গগ্যারান্টি।
New Xiaomi 17T 256 GB,67000,Brand New,"Dhaka, Jamuna Future Park",1 hour ago,https://bikroy.com/jamuna-future-park/mobile-phones/new-xiaomi-17t-256-gb-fMbn7o9peT9ED4GfNgDXY0V7.html,5,2026-09-16T02:09:40.176835+00:00,individual,"Xiaomi 17T
BD official 
Cycle count : 8
12GB 256GB
Full Fresh condition 
Price: 67000 Tk
 Paramount Gadget
Jamuna Future Park Shopping Mall
Level 4, Shop No: 006C
Near Lift 7 (নোকিয়া গলি)
 
."
Xiaomi 13 Ultra 256 GB Green,45000,Used,"Dhaka, Mohammadpur",01/09,https://bikroy.com/mohammadpur/mobile-phones/xiaomi-13-ultra-256-gb-green-ieKf314ZpqgPQrdkSl8oI3i8.html,5,2026-09-16T02:09:40.867043+00:00,individual,"📱🔥 Xiaomi 13 Ultra (6/128GB) used 
no box
📸 অসাধারণ Leica Camera Experience
China varriant 
💾 RAM/ROM: 6/128GB
মূল্য: ৪৫,০০০ টাকা
🏷️ New Price: ৯৪,০০০ টাকা

✅ Only Device
✅ Back Cover
✅ Premium Super Strong Glass
📍 লোকেশন: সাভার সেনা শপিং কমপ্লেক্স
SMS Gadget
🚨 মাত্র ১ পিস Available!
⚠️ আসার আগে অবশ্যই কল করে Booking করে আসতে হবে।"
Xiaomi 17 256 GB White,70000,Used,"Dhaka, Jatrabari",1 day ago,https://bikroy.com/jatrabari/mobile-phones/xiaomi-17-256-gb-white-hyRYJvvh7xSi4ly2p3dEr6tz.html,4,2026-09-16T02:09:41.610752+00:00,individual,"Please read the text carefully first. This is a global ROM phone, not any Chinese ROM phone, so do not compare it with Chinese ROM phones. The phone was purchased from India for 1,09,000 BDT 3-4 months ago. There is only a single dot on the display, which is barely noticeable.
Box and charger are available."
Xiaomi 13 128 GB Black,18000,Used,"Dhaka, Jatrabari",24/08,https://bikroy.com/jatrabari/mobile-phones/xiaomi-13-128-gb-black-aRuJK4mXitG636ZeKkcGsDgg.html,4,2026-09-16T02:09:42.143247+00:00,individual,Redmi Note 13. Fully fresh phone. Original charger and mobile box are available.
Xiaomi Civi 4 Pro 256 GB Black,29000,Used,"Dhaka, Mirpur",1 day ago,https://bikroy.com/mirpur/mobile-phones/xiaomi-civi-4-pro-256-gb-black-hWGeujOWfruy7klYj6KY7B3.html,4,2026-09-16T02:09:42.663123+00:00,individual,"Sell and exchange  with iphone 13/14 and upper model will add cash,, 
Phone ekdom fresh."
Xiaomi Redmi Note 15 256 GB Silver,33000,Used,"Dhaka, Mirpur",22/08,https://bikroy.com/mirpur/mobile-phones/xiaomi-redmi-note-15-256-gb-silver-xveqlzfKj3mMO8uamW4j8Ywg.html,5,2026-09-16T02:09:43.278275+00:00,individual,"Urgent Sale: Redmi Note 15 5G (Full Box)
Grab this completely fresh condition Redmi Note 15 5G phone. There are no issues with the phone, it is running as good as new.
Brief Description:
Model: Redmi Note 15 5G
Condition: Completely fresh, no performance or internal issues.
Included: Original charger, original cash memo/box."
Samsung Galaxy S24 Ultra 256 GB Gold,72000,Used,"Rajshahi, Kadirgonj",11 hours ago,https://bikroy.com/kadirgonj/mobile-phones/samsung-galaxy-s24-ultra-256-gb-gold-8KEL3eEgbxifCQjsARsF0JDD.html,5,2026-09-16T02:09:43.963814+00:00,individual,"Assalamu Alaikum Warahmatullahi Wabarakatuh
Fresh condition
Box: Only Device
Cash Memo: Available
Replacement Guarantee: Get up to 7 days (conditions apply)
Location: Rajshahi Kadirganj Chalpotti, beside Large Farmer, behind Swapnochura Plaza Nagar Bhaban.
Shop No: 123 - Ground floor beside lift
Shop Name: Rajshahi Mobile Bari 019XXXXXXXX"
Laptop HP EliteBook 840 G6 16GB Intel Core i7 SSD 512GB,52000,Used,"Rajshahi, Motihar",19/08,https://bikroy.com/motihar/computers-and-laptops/laptop-hp-elitebook-840-g6-16gb-intel-core-i7-ssd-512gb-ievvxsb2TowlMr4ufqncJ7Y7.html,4,2026-09-16T02:09:44.271781+00:00,individual,"Model: HP EliteBook 840 G6
Laptop configuration:
Processor: Intel Core i7 8th Gen (8565U)
Storage memory: 512 GB SSD (Samsung)
RAM: 16 GB
Display: 14"" Full HD (Touchscreen)
Graphics 1: Intel UHD 620 8 GB Shared
Graphics 2: AMD Radeon 550X (2GB Dedicated)
Webcam, Wi-Fi, Bluetooth, HDMI, all everything ok (AEO).
(Check as much as you want until you are satisfied)
Phone:
Phone:"
Samsung Galaxy S24 Ultra 256 GB Gray,75000,Used,"Rajshahi, Kadirgonj",11 hours ago,https://bikroy.com/kadirgonj/mobile-phones/samsung-galaxy-s24-ultra-256-gb-gray-5Ykhvocy3Mp0z3y82bnn8Ctr.html,5,2026-09-16T02:09:44.880724+00:00,individual,"Assalamu Alaikum wa Rahmatullahi wa Barakatuh 
Fresh condition
 Box: Only Device
 Cash Memo: Available
 Replacement Guarantee: Up to 7 days (conditions apply) 
Location: Rajshahi Kadirganj Chalpatti, beside Large Farmer, behind Swapnachura Plaza Nagar Bhaban. 
 Shop No: 123 - Ground Floor beside the lift 
 Shop Name: Rajshahi Mobile Bari"
Samsung Galaxy S23 Ultra 256 GB White,37600,Used,"Rajshahi, Shaheb Bazar",25/08,https://bikroy.com/shaheb-bazar/mobile-phones/samsung-galaxy-s23-ultra-256-gb-white-13KEfPF1nqFXGx3OZI2UhPe9.html,5,2026-09-16T02:09:45.609825+00:00,individual,"SAMSUNG Galaxy S23 Ultra
Flagship • 200MP Camera • Snapdragon 8 Gen 2 • S Pen
Price: ৳____ (37,600)
Details: Dual sim + e-sim
RAM/ROM: 12GB / 256GB
Display: 6.8"" Dynamic AMOLED 2X, 120Hz
Camera: 200MP + 10x Zoom
Battery: 5000mAh, 45W Fast Charging
Built-in S Pen
PTA Approved
Condition: 90% Fresh No major issue | Personally used
Inbox if interested!"
Samsung Galaxy S21 5G 256 GB Purple,24000,Used,"Rajshahi, Motihar",31/08,https://bikroy.com/motihar/mobile-phones/samsung-galaxy-s21-5g-256-gb-purple-5Db29E34KKOPkChXveRN45ba.html,5,2026-09-16T02:09:46.119707+00:00,individual,টাকার দরকার এজন্য সেল দিচ্ছি ফোন দেখতে হলে অবশ্যই লোকেশনে এসে দেখেশুনে চেক করে নিয়ে যাবেন ধন্যবাদ
Samsung Galaxy A36 256 GB Purple,30000,Used,"Rajshahi, Laksimipur",05/09,https://bikroy.com/laksimipur/mobile-phones/samsung-galaxy-a36-256-gb-purple-kEzXHvSVwag157cMah3HDQ2a.html,3,2026-09-16T02:09:46.828715+00:00,individual,100% full fresh and look like brand new condition
Samsung Galaxy S24 Ultra 256 GB Black,85000,Used,"Chattogram, Agrabad",19/07,https://bikroy.com/agrabad/mobile-phones/samsung-galaxy-s24-ultra-256-gb-black-6tG5zsRVYCqTAF5F626HmuwZ.html,5,2026-09-16T02:09:47.338747+00:00,individual,Phone like new. No repair history. Box nai but any kind of security dewa Jabe. Everything works perfectly.Location must.
Samsung Galaxy Z Fold 6 (12/256) SILVER INTACT (Brand New),150000,Brand New,"Chattogram, Chawkbazar",20 hours ago,https://bikroy.com/chawkbazar/mobile-phones/samsung-galaxy-z-fold-6-12-256-silver-ntact-brand-new-xrm71kM0G8kG1ttk54QkJyb2.html,0,2026-09-16T02:09:47.956434+00:00,individual,"🔳 INTACT SEAL PACK. DUAL SIM 🔳 Storage: 12/256GB 🔳 Colour: SILVER ◾ Box And Original Cable 🔰 Our Speciality: ◾Original & Non-Refurbished Product ◾Emi Facilities Available* ◾Accept Visa, Master Card ◾Delivery Facility inside & Outside ctg. ◾Phone Exchange Facilities* ◾ All Products Original And Genuine. ◾Our All Product 7 Days replacement And 1 year Service Warranty 🔰 Our Showroom Address: Rony Enterprise (Since 2007), Bali Arcade Shopping Center, 4th Floor, Shop no 03 (infront of chawkbazar Post Office), Sirajuddula Road, Chawkbazar, Chattogram Show more"
Samsung Galaxy S24 Ultra (Used),90000,Used,"Chattogram, Khulshi",23/04,https://bikroy.com/khulshi/mobile-phones/samsung-galaxy-s24-ultra-used-7CO4BEAXvKuCTvUK7J1NNbx6.html,3,2026-09-16T02:09:48.687735+00:00,individual,"100% fresh.
Full boxed. Not a single spot. Original cable.
With premium phone case."
Samsung Galaxy A56 256 GB Green,35500,Used,"Chattogram, Muradpur",20 hours ago,https://bikroy.com/muradpur/mobile-phones/samsung-galaxy-a56-256-gb-green-IO3H8Zlmn3Mr2TAtBrcmSSB.html,3,2026-09-16T02:09:48.998758+00:00,individual,"Samsung Galaxy A56 5G
 8GB RAM / 256GB Storage
 Full Box
 6.7"" FHD+ Super AMOLED Display
 120Hz Refresh Rate
 Exynos 1580 Processor
 50MP OIS Main Camera
 Benefits:
 15-day replacement guarantee
 Shop No: 319, 3rd Floor
 CPDL RB Midtown Market, Muradpur, Chittagong (Next to Makkah Hotel)"
Samsung Galaxy A73 5G 128 GB Gray,25000,Used,"Chattogram, Halishahar",12/09,https://bikroy.com/halishahar/mobile-phones/samsung-galaxy-a73-5g-128-gb-gray-iLcH9OvMaqzu0icrPiQiUOZZ.html,5,2026-09-16T02:09:49.701217+00:00,individual,"Display finger print 100% ok
Super amoled display. Network-5g
RAM 8GB. 128GB. . Android version -16 ... Front camera -32
Back camera =108+12+5+5
Those who want to make Facebook videos can get it. Best camera, charge will last at least 1 day.
Dual speaker. Sound quality is very good."
Samsung Galaxy A52 5G 128 GB Blue,25000,Used,"Chattogram, Chawkbazar",11/09,https://bikroy.com/chawkbazar/mobile-phones/samsung-galaxy-a52-5g-128-gb-blue-3jucFhvo2qh1ePYcFH1AvThP.html,5,2026-09-16T02:09:50.308977+00:00,individual,"No box... only device... There are minor scratches, check and take... possible only inctg... Rahattarpul, ctg... Bought it for 45k when I bought it new"
Samsung Galaxy S25 Ultra 256 GB Black,91999,Used,"Dhaka, Bashundhara City",20 hours ago,https://bikroy.com/bashundhara-city/mobile-phones/samsung-galaxy-s25-ultra-256-gb-black-jOwoXcwWHDhkB1SYXwEjjsIV.html,5,2026-09-16T02:09:50.874722+00:00,individual,"Samsung Galaxy S25 Ultra
 Titanium Black
 12GB RAM | 256GB Storage
 Full Boxed
 Inbox now for the latest price.
 Visit Our Shop
Basement-2, Shop No: 94 
Basundhara City Shopping Complex 
Panthapath Dhaka 1215 
 You can easily find our shop on the left side after going down the escalator."
Samsung Galaxy S26 Ultra 5G 512 GB Purple,115999,Used,"Dhaka, Mohammadpur",2 hours ago,https://bikroy.com/mohammadpur/mobile-phones/samsung-galaxy-s26-ultra-5g-512-gb-purple-C6chzML9zHtZFLUpt66iBe3I.html,4,2026-09-16T02:09:51.541918+00:00,individual,"Shop Name :Ab international 
Level -06 Shop number-(657,658)
Tokyo Square,Japan garden city, Mohammadpur
Call us for any question

👉 USED ফোন কিনে নিয়ে আর কোন দুশ্চিন্তা নয় কারণ আমরা দিচ্ছি ১০০% অরিজিনাল এবং অথেন্টিক ফোন। 
👉৭ দিনের মধ্যে কোনরকম প্রবলেম হলে রিপ্লেস করে দেওয়া হবে( Expect display issues)
👉এক বছরের ফ্রি সার্ভিস ওয়ারেন্টি"
Samsung Galaxy S25 Ultra 256 GB Gray,79999,Used,"Dhaka, Gulshan",2 hours ago,https://bikroy.com/gulshan/mobile-phones/samsung-galaxy-s25-ultra-256-gb-gray-pVwIaas0BDQCwZvjKxFKtqRW.html,5,2026-09-16T02:09:51.958738+00:00,individual,"Samsung s25 ultra full fresh 
Ram 12Gb Rom 256Gb 
Processor snapdragon 8 Elite 
Battery 5000 mah 
10 days replesment guaranty ace 
1 year service warranty ace 
Location Gulshan 2 land view shopping center shop number 24 ist floor 
Phone exchange kora hoy 
Friday market close 
Emi korta parben credit card dia"
Samsung Galaxy S24 128 GB Silver,41499,Used,"Dhaka, Mirpur",2 hours ago,https://bikroy.com/mirpur/mobile-phones/samsung-galaxy-s24-128-gb-silver-7pPpq5qSwT9FZG3eh6N2Ux9X.html,5,2026-09-16T02:09:52.461287+00:00,individual,"​এস আর টেলিকম
Shop 29
Level 3
Bagdad shopping complex, mirpur1 
​RAM:8GB
Room:128GB
With: ক্যাশমেমো box &Device।
​আমাদেরবিশেষসুবিধাসমূহ:
​১০০%জেনুইন মোবাইল 
​৭ দিনের রিপ্লেসমেন্টগ্যারান্টি।
​১ বছরের ফ্রি সার্ভিসওয়ারেন্টি,পার্টসব্যতীত 
​৩৭টি ব্যাংকের EMIসুবিধা।
​হোম ডেলিভারি ও কুরিয়ারসুবিধা।
মাত্র৫০০টাকা পেমেন্ট করে নিশ্চিতকরুন।
Call 018XXXXXXXX"
Samsung Galaxy A35 128 GB Black,28000,Used,"Dhaka, Savar",11 hours ago,https://bikroy.com/savar/mobile-phones/samsung-galaxy-a35-128-gb-black-rD3Pvm6Lz0BRHjXqVsDAFU2P.html,4,2026-09-16T02:09:53.065861+00:00,individual,"📌 স্পেসিফিকেশন:

Model:Galaxy A35
RAM:8 GB
ROM:128 GB
Battery:5000

Guarantee/Warranty: 7days replacement guarantee And 1year service warranty.


🔄 **Used Phone Buy | Sell | Exchange**
পুরাতন মোবাইল বিক্রি বা এক্সচেঞ্জ করার সুবিধা রয়েছে।

🏪 MODINA MOBILE ZONE

📍 Shop # E-180 (Level-5), Sena Shopping Complex, Nabinagar, Savar, Dhaka."
Samsung Galaxy S24 Ultra 256 GB Bronze,67000,Used,"Dhaka, Keraniganj",31/08,https://bikroy.com/keraniganj/mobile-phones/samsung-galaxy-s24-ultra-256-gb-bronze-s1sZ1Ed5y0y2rEqzxLPkm5VU.html,3,2026-09-16T02:09:53.693591+00:00,individual,"Samsung s24 ultra 
১২/২৫৬/ 
ভিয়েতনাম ভেরিয়েন্ট 
ফোন এর   সাথে অরজিনাল  বক্স আছে 
আমি নতুন কিনছিলাম আমি বাইক কিনবো দেইখা এইটা সেল করতাছি অনেক সখের একটা ফোন ছিলো ফোন ফুল ফ্রেশ জাস্ট হাতের থেকে পরে পিছের বেক সেল ফেটে গেছে এটাই সমস্যা তা সারা কনো সমস্যা নাই জত খুশি চেক করে নিতে পারবেন ইমারজেন্সি দরকার তাই সেল দিয়ে দিতাছি অনেক কমে দিয়ে দিতাছি"
Apple iPhone 16 Pro Max International (Used),124000,Used,Rajshahi,20 hours ago,https://bikroy.com/rajshahi/mobile-phones/apple-iphone-16-pro-max-international-used-l8ZYqC5lOYSqnQWAs5WFKEEN.html,0,2026-09-16T02:09:54.197011+00:00,individual,"iPhone 16 Pro Max 🔥

256 GB, 97% Battery Health

International Global Version 🔥

Super condition 🔥🔥

7 days replacement guarantee ✅
1 year service warranty ✅

#exchange possible ✅

Our Address:
Smart Choice, Shop No. 211,
City Center, Beside Rajshahi College, Sonadighi Mor, Rajshahi

Call for any details"
Apple iPhone 17 Pro Max in Super Condition (Used),150000,Used,Rajshahi,20 hours ago,https://bikroy.com/rajshahi/mobile-phones/apple-iphone-17-pro-max-super-conditione-used-oUK24zs9ZHt8SMvtdlPraeFO.html,3,2026-09-16T02:09:54.812912+00:00,individual,"iPhone 17 Pro Max 

256 GB, 100% Battery Health

CC 17, CC 81

Super condition 🔥🔥

Enjoy a 7-day replacement guarantee ✅ 
Get a 1-year service warranty ✅ 

#Exchange possible ✅

Our Address :
Smart Choice, Shop No. 211, 
City Center, Beside Rajshahi College, Sonadigir Mor, Rajshahi

Call for any details"
Apple iPhone 16 Pro Max 256 GB,129999,Used,"Rajshahi, Baharampur",21/06,https://bikroy.com/baharampur/mobile-phones/apple-iphone-16-pro-max-256-gb-fShnzR2EYw90F51LeoKqXDjw.html,5,2026-09-16T02:09:55.227096+00:00,individual,"Apple Limited Warranty till 29 August 2026
Australian Variant
Physical SIM + eSIM
Battery Health: 100%
Cycle Count: 234
No Scratch
No Dent
No Repair History
Never Opened
Box + Original Type-C Cable Available
Reason for Selling:
Upgrade to iPhone 17 Pro Max
Face to Face Deal Preferred
Location: Rajshahi"
Apple iPhone 14 Pro Max 256 GB Purple,75000,Used,"Rajshahi, Shaheb Bazar",20 hours ago,https://bikroy.com/shaheb-bazar/mobile-phones/apple-iphone-14-pro-max-256-gb-purple-dXs04LXCudjcFOC7CJgxaZmS.html,3,2026-09-16T02:09:55.674968+00:00,individual,"iPhone 14 Pro Max

256 GB, 85% Battery Health

Singapore variant

Super condition 

7 days replacement guarantee  
1 year service warranty  

#exchange possible 

Our Address:
Smart Choice, Shop No. 211,
City Center, Beside Rajshahi College, Sonadighi Mor, Rajshahi

Call for any details 017XXXXXXXX"
Apple iPhone 14 Plus 256 GB Blue,70000,Used,"Rajshahi, Shaheb Bazar",06/09,https://bikroy.com/shaheb-bazar/mobile-phones/apple-iphone-14-plus-256-gb-blue-oViUzd8ix51YG8Xi8fWYzpg6.html,3,2026-09-16T02:09:56.476086+00:00,individual,Onek valo phone.original
Apple iPhone 15 128 GB Green,59000,Used,"Rajshahi, Paba",22 hours ago,https://bikroy.com/paba/mobile-phones/apple-iphone-15-128-gb-green-rTRtta7zpC6OhtuJNsvSyHtk.html,5,2026-09-16T02:09:56.969043+00:00,individual,"Full fresh condition
Battery health 86%
Cycle count 680+
No repair history
All parts original"
Apple iPhone 13 128 GB Black,35000,Used,Rajshahi,01/09,https://bikroy.com/rajshahi/mobile-phones/apple-iphone-13-128-gb-black-r2G9uzxuKq0DKbsgR4TrdOGQ.html,5,2026-09-16T02:09:57.682514+00:00,individual,"iPhone 13  128gb 
True ton 
Face ID ok
Sate cash memo ace
Only display change bh:77
Phone full fresh 
Nunber 019XXXXXXXX"
Apple iPhone 11 128 GB Purple,28000,Used,"Rajshahi, Shaheb Bazar",20 hours ago,https://bikroy.com/shaheb-bazar/mobile-phones/apple-iphone-11-128-gb-purple-v5LqCD6lqgnInI19TJCJFWNE.html,3,2026-09-16T02:09:58.398025+00:00,individual,"iPhone 11
128 GB, 88% Battery Health
Super condition
7 days replacement guarantee
1 year service warranty
#exchange possible
Our Address:
Smart Choice, Shop No. 211,
City Center, Beside Rajshahi College, Sonadighi Mor, Rajshahi
Call for any details:"
Apple iPhone 11 Pro 64 GB Silver,29000,Used,"Rajshahi, Durgapur",29/08,https://bikroy.com/durgapur-1/mobile-phones/apple-iphone-11-pro-64-gb-silver-8rKiZh7fxOfgn1fbrMkYCQgg.html,3,2026-09-16T02:09:58.934256+00:00,individual,"Model: iPhone 11 Pro
Storage: 64GB
Color: Brilliant / Silver
Battery Health: 82%
Condition: Full Fresh
Display: Original
Camera: Fully OK
Face ID: Fully OK
All Functions: 100% Working

Phone দেখতে খুবই fresh এবং কোনো major issue নেই। ছবিতে যেমন দেখছেন, বাস্তবেও একই রকম condition।


Serious buyers only."
Apple iPhone 17 CANADA BRAND NEW (Brand New),120000,Brand New,"Chattogram, Chawkbazar",20 hours ago,https://bikroy.com/chawkbazar/mobile-phones/apple-iphone-17-canada-brand-new-brand-new-dZOMhZI7wxvPld4PST30rdSL.html,0,2026-09-16T02:09:59.611487+00:00,individual,"🔳 INTACT SEAL PACK
🔳 Storage: 12/256GB
🔳 Colour: WHITE
◾ Box And Original Cable


🔰 Our Speciality......................................


◾Original & Non-Refurbished Product
◾Emi Facilities Available*
◾Accept Visa, Master Card
◾Delivery Facility inside & Outside ctg.
◾Phone Exchange Facilities*
◾Our All Products Original And Genuine. 
◾Our All Product 7 Days replacement And 1 year Service Warranty


🔰 Our Showroom Address:

Rony Enterprise (Since 2007)
Bali Arcade Shopping Center
4th Floor, Shop no 03(infront of chawkbazar Post Office
Sirajuddula Road, Chawkbazar, Chattogram Show more"
Apple iPhone 17 Pro Max P-SIM+E-SIM Brand New,172999,Brand New,"Chattogram, Agrabad",20 hours ago,https://bikroy.com/agrabad/mobile-phones/apple-iphone-17-pro-max-p-sim-e-sim-ntun-brand-new-1c1M4oyTA6EwXO5vWGDhrGjL.html,0,2026-09-16T02:10:00.447100+00:00,individual,"Stay updated with our latest product prices by liking 👍 & FOLLOWING our page. Page link - https://www.facebook.com/jojobdctg.

** iPhone 17 Pro Max, 256GB, Australian variant, 100% authentic.
Other Apple models in our store – 17 Pro Max 512GB - Australia, 17 256GB Australia, 16 128GB, 15 128GB Singapore, 14 128GB, MacBooks Singapore Air M4 16/256.

🌍 Variant: global

📦 Condition: New Intact |

✅ 100% Authentic

✅ 7-day replacement, 1-year service warranty.

----------------------------------------------------------------------

Address:

Shop- 537, Level-5 (Capsule lift 4,

Straight after exiting the lift, JoJoBD)

Akhtaruzzaman Center,

Agrabad, Chittagong. Show more"
New Apple iPhone 17 Pro Max 256 GB Orange,160000,Brand New,"Chattogram, Boalkhali",25/06,https://bikroy.com/boalkhali/mobile-phones/new-apple-iphone-17-pro-max-256-gb-orange-14Gjr9fBvTVHsORXpnYMyacL.html,5,2026-09-16T02:10:01.029483+00:00,individual,"Only 3 months used. Cycle count only 35.
First use March 2026. The phone is from Abu Dhabi, UAE. Physical SIM & eSIM available."
Apple iPhone 15 Plus 128 GB,68000,Used,"Chattogram, Pahartali",05/09,https://bikroy.com/pahartali/mobile-phones/apple-iphone-15-plus-128-gb-7WAp5Mw29zIvlDbF6JnHyxN3.html,3,2026-09-16T02:10:01.777159+00:00,individual,"Model Number: MU163HN/A 
• Colour: Ocean Blue
• Battery Health:92% 
• Cycle Count:320 
• Condition: Neat & clean, no scratches
• Performance: Smooth like new
• Camera: Crystal clear photos & video
• Face ID Fully working 
• Display: Original, no spot or line
• Body: Scratch-free"
Apple iPhone 15 Pro Max 256 GB Black,84500,Used,"Chattogram, Chandgaon",19/08,https://bikroy.com/chandgaon/mobile-phones/apple-iphone-15-pro-max-256-gb-black-jPAAdAZ96iNhBNyU7R2L76uM.html,4,2026-09-16T02:10:02.496545+00:00,individual,"IPhone 15 Pro Max for Sale
Condition: Like New / Gently Used
Color: Black Titanium 
Storage: 256GB
 Battery Health: 86%
 Only phone.
 Origin : LLA (USA) 
 Dual eSIM
 No scratches
 No issues – fully functional
 Used with care
 Price: 84,500/-
Location: Chandgaon 
Call for more"
Apple iPhone 15 Pro Max 256 GB Silver,98000,Used,"Chattogram, Raozan",21/08,https://bikroy.com/raozan/mobile-phones/apple-iphone-15-pro-max-256-gb-silver-eUwu8HOIx3JbCYcETjkDsBfc.html,5,2026-09-16T02:10:03.212567+00:00,individual,"Alhamdulillah, no issues at all 
WhatsApp 018XXXXXXXX"
Apple iPhone 14 256 GB Black,45500,Used,"Chattogram, Pahartali",01/09,https://bikroy.com/pahartali/mobile-phones/apple-iphone-14-256-gb-black-fUOqVVo6jfuYFEThcPxnDOty.html,3,2026-09-16T02:10:03.624527+00:00,individual,Chinese Variant fresh condition  Iphone 14 256 GB Midnight Black. Battery health 88%.There is no scratch in the phone. Only genuine buyers please inbox or call directly. Thanks in advance.
Apple iPhone 11 Pro 256 GB Graphite,22500,Used,"Chattogram, Nasirabad",28/08,https://bikroy.com/nasirabad/mobile-phones/apple-iphone-11-pro-256-gb-graphite-uW5WyLDjVypauopg8DAtOi3C.html,3,2026-09-16T02:10:04.271729+00:00,individual,"iPhone 11 pro for sell 
No exchange display battery changed kintu onk bhalo display battery lagano face id tru tone everything working halka patla scratch ase location must only device but security dibo"
Apple iPhone 13 Pro 256 GB Gold,52000,Used,"Chattogram, Baizid",30/08,https://bikroy.com/baizid/mobile-phones/apple-iphone-13-pro-256-gb-gold-eTglSrjdPywk3MyKv3a6DKLy.html,5,2026-09-16T02:10:04.650395+00:00,individual,"📱 iPhone 13 Pro Gold | 256GB | USA 🇺🇸

✨ BH 89% | 99% Fresh
✨ No Dent/Scratch
✨ Water Resistance
✨ Excellent Battery Backup, MashaAllah ❤️
✨ Single Physical SIM + eSIM
✨ প্রায় ২ মাস ব্যবহার
✨ Unique Point থেকে নেওয়া + Cash Memo
✨ Security দেওয়া যাবে

💰 Asking: 52,000৳
📍 Aturar Dipu, Nur Tower 018XXXXXXXX"
Apple iPhone 17 Pro Max 256 GB Blue,140000,Used,"Dhaka, Keraniganj",19/08,https://bikroy.com/keraniganj/mobile-phones/apple-iphone-17-pro-max-256-gb-blue-B6ohE7vfjlb1KiWYlAGMhgwB.html,3,2026-09-16T02:10:05.326073+00:00,individual,"iPhone 17 Pro Max (Blue) – For Sale
Your favorite iPhone 17 Pro Max (Blue) is now in great condition!
Phone Details:
Model: iPhone 17 Pro Max
Color: Blue
Storage: [256GB/512GB/1TB]
Battery Health: 99%
All features including Camera, Face ID, Display, Speaker are 100% working
No repair history"
Apple iPhone 17 Pro 256 GB Orange,135000,Used,Dhaka,01/09,https://bikroy.com/dhaka/mobile-phones/apple-iphone-17-pro-256-gb-orange-7WSkLsjwq1EG7DkKwYFkMqXw.html,5,2026-09-16T02:10:05.791281+00:00,individual,"📱 iPhone 17 Pro (256GB) – Singapore Variant | Thailand Purchased 🇹🇭
Thailand Apple Store থেকে কেনা। Battery Health 94%, Cycle Count 298। Face ID, True Tone, Cameraসহ সবকিছু 100% ঠিকভাবে কাজ করে। কোনো hidden issue বা repair history নেই। Purchase documents available।
Purchased new from thiland on December 28
Call 016XXXXXXXX"
Apple iPhone 17 Pro 256 GB Orange,140000,Used,"Dhaka, Mirpur",12/09,https://bikroy.com/mirpur/mobile-phones/apple-iphone-17-pro-256-gb-orange-BPGTrQq8g2NKKoebdD3Yzf53.html,5,2026-09-16T02:10:06.490193+00:00,individual,"iPhone 17 Pro with box, English plus Arabic variant, very new condition, only 4 months used, like new. Details showing in the pictures, 256 GB cosmic orange, 8 months warranty remaining.
Battery 100%, Cycle 128.
Only serious buyers please.
Contact 018XXXXXXXX"
Apple iPhone 14 Pro Max 256 GB Purple,70000,Used,"Dhaka, Khilkhet",29/08,https://bikroy.com/khilkhet/mobile-phones/apple-iphone-14-pro-max-256-gb-purple-ahJXsBUqxoiOzDItLWlKf4Na.html,3,2026-09-16T02:10:07.125778+00:00,individual,"iPhone 14 Pro Max 256GB
USA Variant
Battery Health: 92%
ফোন খুবই ফ্রেশ কন্ডিশনে আছে।
Face ID ও True Tone ঠিক আছে।
কোনো সমস্যা নেই।
সবকিছু চেক করে নেওয়া যাবে।
Serious buyer হলে যোগাযোগ করবেন।"
Apple iPhone 14 Plus 256 GB Blue,55000,Used,"Dhaka, Dhamrai",17/08,https://bikroy.com/dhamrai/mobile-phones/apple-iphone-14-plus-256-gb-blue-rf48c3tJ8BeRMDYFEetkD34p.html,5,2026-09-16T02:10:07.825801+00:00,individual,"iPhone 14 Plus Blue
Mint condition
256 GB
ZP/A
Single SIM
Battery Health-76 original
No issues
Nothing changed, box and everything available"
Apple iPhone 16 128 GB Blue,82500,Used,"Dhaka, Mirpur",28/08,https://bikroy.com/mirpur/mobile-phones/apple-iphone-16-128-gb-blue-wcztadToW6YyLDZjVLJTMQLh.html,5,2026-09-16T02:10:08.535638+00:00,individual,"Used: 1 Year
Battery Health: 96%
Charging Cycle: 253 (as of 28.08.2026)
Box & Original Memo: Available
Condition
Entire phone was poly-covered from day one
Single-handedly used by a female user
No gaming history
No scratches or dents
Very carefully and lightly 
Note: Charger/adapter will not be provided."
Apple iPhone 14 128 GB Purple,43500,Used,"Dhaka, Gulshan",07/09,https://bikroy.com/gulshan/mobile-phones/apple-iphone-14-128-gb-purple-d17GT0PEVAMHtHAn8DbcVaq0.html,4,2026-09-16T02:10:09.152688+00:00,individual,আপনি চাইলে আপনার অপছন্দের পুরাতন ফোনটা দিয়ে এক্সচেঞ্জ করে নিতে পারবেন।
New Apple iPhone 12 128 GB Blue,22000,Brand New,"Dhaka, Keraniganj",04/09,https://bikroy.com/keraniganj/mobile-phones/new-apple-iphone-12-128-gb-blue-gN3tuhfSwbuMkZLt52q9oKg.html,3,2026-09-16T02:10:09.770391+00:00,individual,Iphone 12 all ok just face id issue display change nicely fitted display looking at the bezel you can understand 128gb battery backup easily get one day you will understand while checking.
Apple iPhone 12 128 GB Black,27000,Used,"Dhaka, Mirpur",06/09,https://bikroy.com/mirpur/mobile-phones/apple-iphone-12-128-gb-black-g7iPFlGYH60CymnrRqkbzCAQ.html,5,2026-09-16T02:10:10.268930+00:00,individual,"Iphone 12 with box
128gb
Bh 89% original 
Only display change gx original install facw true tone everything working as original 
No issue phone
Price 27k
0
Location mirpur 10 metro station
{} whatsapp"
Xiaomi Redmi K80 Ultra 256 GB Green,48999,Used,"Dhaka, Savar",28/08,https://bikroy.com/savar/mobile-phones/xiaomi-redmi-k80-ultra-256-gb-green-8TbYBcflB5Sh5vrbQwtv3nEB.html,5,2026-09-16T02:10:10.889998+00:00,individual,Shob ekdm 100% perfect 013XXXXXXXX
New Xiaomi 12 Pro 256 GB Blue,35000,Brand New,"Dhaka, Mohammadpur",2 days ago,https://bikroy.com/mohammadpur/mobile-phones/new-xiaomi-12-pro-256-gb-blue-uL7sMg83fcmGtlqcjdie8419.html,5,2026-09-16T02:10:11.712123+00:00,individual,"The phone is in completely fresh condition, with no issues or scratches. It has been used with great care.
The original charger is lost, but the original box of the phone will be provided as 100% security.
You can come directly to the location and check it to your heart's content.
Or you can take it via courier condition."
Xiaomi Redmi K90 256 GB Red,49999,Used,"Dhaka, Motalib Plaza",20 hours ago,https://bikroy.com/motalib-laza/mobile-phones/xiaomi-redmi-k90-256-gb-red-3nXbCwNU7U9BbXQufIP8PHEC.html,5,2026-09-16T02:10:12.428273+00:00,individual,"Wholesale & Retail 
Redmi K90 12/256GB (Active)
BH-100%

Mobile, Box & Charger (বক্স, চার্জার পেতে সময় লাগতে পারে ৫/৭ দিন) 

Address: Hridoy Communication, 2nd Floor, Shop no: 338"
New Xiaomi Redmi Turbo 4 Pro 256 GB White,40250,Brand New,"Dhaka, Jatrabari",01/09,https://bikroy.com/jatrabari/mobile-phones/new-xiaomi-redmi-turbo-4-pro-256-gb-white-is2cxc6OkTEQ9ousfMJuypDk.html,3,2026-09-16T02:10:13.043216+00:00,individual,"ফোন সম্পূর্ণ ফ্রেশ,, তো যত ইচ্ছা দেখে নিবেন কোন সমস্যা নেই,, ব্যাটারি হেল্থ ৯৯% ,, ফোনে কোন দাগ নাই।।  ফ্রেশ।"
New Xiaomi Civi 5 Pro 256 GB White,65000,Brand New,"Dhaka, Jamuna Future Park",2 hours ago,https://bikroy.com/jamuna-future-park/mobile-phones/new-xiaomi-civi-5-pro-256-gb-white-lgg9I3LoJ0qnCgLHurpr0Rof.html,4,2026-09-16T02:10:13.728355+00:00,individual,"Xiaomi Civi 5 pro– Best condition 
• 128 GB Storage• 
• Color: Nebula Purple
• China Variant
• Battery Health: 100%
• Absolutely fresh, no issues at all 
• Face ID, Camera, True Tone all 100% OK
• Box/Charger: Included 
• Location: Jamuna Future Park, Level 4, 4B-007D"
New Xiaomi 12 Pro 256 GB Blue,55000,Brand New,"Dhaka, Mohammadpur",02/09,https://bikroy.com/mohammadpur/mobile-phones/new-xiaomi-12-pro-256-gb-blue-A0A6jyiEgN8ylZJqxGW001rT.html,3,2026-09-16T02:10:14.577324+00:00,individual,Xiaomi 12 pro. Full fresh.
Xiaomi Poco X8 Pro Max 512 GB Black,58000,Used,"Dhaka, Banani",19 hours ago,https://bikroy.com/banani/mobile-phones/xiaomi-poco-x8-pro-max-512-gb-black-fxv54vuj8iCVKONNNL5JQhdE.html,5,2026-09-16T02:10:14.975773+00:00,individual,Poco x8pro max ..box charger is there ..1 month use kora hoice
Xiaomi Redmi Turbo 4 Pro 256 GB Black,42000,Used,"Dhaka, Khilkhet",12/09,https://bikroy.com/khilkhet/mobile-phones/xiaomi-redmi-turbo-4-pro-256-gb-black-s4iGV3uqK42iCbQFmRy9e05F.html,4,2026-09-16T02:10:15.575807+00:00,individual,"Comes with box, charger, and cash memo.
Hand-used phone.
Absolutely fresh, used for about four to five months. If anyone wants to buy, please contact."
Xiaomi 14 512 GB White,40000,Used,"Dhaka, Rampura",04/09,https://bikroy.com/rampura/mobile-phones/xiaomi-14-512-gb-white-iHPuzsYyOu0pY8LGfOlq7SwE.html,5,2026-09-16T02:10:16.025176+00:00,individual,"Full fresh 
Only phone 
Cn model"
Xiaomi 17T 256 GB Purple,53999,Used,"Dhaka, Motalib Plaza",20 hours ago,https://bikroy.com/motalib-laza/mobile-phones/xiaomi-17t-256-gb-purple-dSXmLndKJCSOZjJijJlRKADC.html,3,2026-09-16T02:10:16.723353+00:00,individual,"Wholesale & Retail 
Xiaomi 17T 12/256GB (Active)
BH-100%

Mobile, Box & Charger (বক্স, চার্জার পেতে সময় লাগতে পারে ৫/৭ দিন) 

Address: Hridoy Communication, 2nd Floor, Shop no: 338"
Xiaomi 13 Pro 256 GB,39000,Used,"Dhaka, Mirpur",06/09,https://bikroy.com/mirpur/mobile-phones/xiaomi-13-pro-256-gb-n8QmeSj2Fe8bLBDhOMpb1wZy.html,5,2026-09-16T02:10:17.363792+00:00,individual,Fully fresh Condition
Xiaomi Mi 11 Ultra 256 GB Black,35000,Used,"Dhaka, Badda",03/09,https://bikroy.com/badda/mobile-phones/xiaomi-mi-11-ultra-256-gb-black-aqINzstD0IVzolpeFIptyjov.html,5,2026-09-16T02:10:18.093311+00:00,individual,"একটা স্কাচ ও নাই ফোনে, নতুন অবস্থা থেকেই পলি করা দুই পাশেই।  ফোনের সাথে শুধু দোকানের ক্যাশ মেমো পাবেন  এবং  সিকিউরিটি হিসাবে ভোটার আইডি কার্ডের ফটোকপি পাবেন। 
ফোনের সবকিছু একশ একশ। আসবেন দেখবেন যদি ভালো লাগে নিবেন। বিস্তারিত অনলাইনে দেখে নিন।"
Xiaomi 14 256 GB White,42000,Used,"Dhaka, Khilgaon",05/09,https://bikroy.com/khilgaon/mobile-phones/xiaomi-14-256-gb-white-bOKtFPO2RHctR6s5tlzDG2S.html,3,2026-09-16T02:10:18.545162+00:00,individual,ফুল বক্স চার্জার সাথে পাবেন
Xiaomi Mix Flip 256 GB White,77000,Used,"Dhaka, Uttara",20 hours ago,https://bikroy.com/uttara/mobile-phones/xiaomi-mix-flip-256-gb-white-vs56lsJl9wlciERKtMBzVmV.html,4,2026-09-16T02:10:18.952103+00:00,individual,"Xiaomi MIX Flip 2 
 RAM: 12GB
 ROM: 256GB
 Full Box + Original Charger
 Excellent Condition
 Exchange Hub
 Shop No: 610, 611, 628 & 629, Level-6
Tropical Alauddin Tower, Sector 3, Road 2"
Xiaomi Mi 11 256 GB Blue,20000,Used,"Dhaka, Savar",31/08,https://bikroy.com/savar/mobile-phones/xiaomi-mi-11-256-gb-blue-laAzyEqblmpHaeIUTFIObqDF.html,4,2026-09-16T02:10:19.807756+00:00,individual,"আসসালামু আলাইকুম 
 ফোনের মধ্যে কোন প্রবলেম নেই এক বছর হয়েছে ইউস করছি টাকার প্রয়োজন তাই ফোনটা বিক্রি করব। ফোনে ১২ জিবি রেম এবং 256 রোম ফোনে ৩০x জুম ক্যামেরা, ফোনটা পুরো নতুনের মত কোনরকম কোন দাগ নেই, চার্জ মোটামুটি আলহামদুলিল্লাহ ভালো থাকে, ইনশাল্লাহ আপনি ফোনের ঠকবেন না"
Xiaomi 14 256 GB Black,20000,Used,"Dhaka, Khilgaon",08/09,https://bikroy.com/khilgaon/mobile-phones/xiaomi-14-256-gb-black-4XlowloXt0SPLg1Xdu8v3HSt.html,5,2026-09-16T02:10:20.319370+00:00,individual,"Used for only 4 months, absolutely fresh phone with no issues. Comes with the box, you can come and check it yourself, there are no kinds of issues, completely fresh. Everyone please call or WhatsApp message on this number 
Fixed price, there is an option for bargaining."
Xiaomi Mi 11 Ultra 256 GB Black,31990,Used,"Dhaka, Shyamoli",11 hours ago,https://bikroy.com/shyamoli/mobile-phones/xiaomi-mi-11-ultra-256-gb-black-fyCFesclc5hsYqaLfawTfQM2.html,5,2026-09-16T02:10:20.864757+00:00,individual,"Guarantee - Warranty 

 Every phone of ours has a 10-day guarantee and a 1-year service warranty.
  If you find any issues, you can change the model.

 Our Shop Address 
  Ma Enterprise 
Shyamoli Khan Plaza Mobile Market
 Shop Number: 22
Ring Road, Shyamoli, Mohammadpur Dhaka-1207 019XXXXXXXX"
Xiaomi Civi 1S 256 GB Pink,17999,Used,"Dhaka, Banglamotor",11 hours ago,https://bikroy.com/banglamotor/mobile-phones/xiaomi-civi-1s-256-gb-pink-APogLKoBmYOsmZEdeMst24fS.html,4,2026-09-16T02:10:21.648917+00:00,individual,"মোবাইলের বিস্তারিত:
Brand & Model:Xaomi Civi
RAM: 8GB
ROM: 256GB
Condition: Used 
Warranty: 7-দিনের রিপ্লেসমেন্ট গ্যারান্টি ও 1-বছরের সার্ভিস ওয়ারেন্টি পাবেন।
 ফোন দেখে ও চেক করে কেনার সুযোগ
 ফোনের কন্ডিশন সম্পর্কে পরিষ্কার তথ্য
 সাশ্রয়ী দামে ভালো ফোন
 R.S Telecom 
 Nahar Plaza, Shop No: 206,Sonargaon Road, Hatirpool, Dhaka"
Xiaomi Redmi Note 14 4G 256 GB Black,19000,Used,"Dhaka, Savar",25/08,https://bikroy.com/savar/mobile-phones/xiaomi-redmi-note-14-4g-256-gb-black-saeC89KyVEAibUCJpyy1vxZF.html,3,2026-09-16T02:10:22.259333+00:00,individual,"Redmi Note 14 (8GB+8GB RAM | 256GB) for sale.
Phone is in brand new, fresh condition. No marks, scratches, or dents. Used with care by a single owner, and never opened or repaired.
Phone specifications:
Comes with Original Box and Original Charger.
Perfect for those looking for a like-new phone at a lower price. Please do not bother unnecessarily."
New Xiaomi Redmi Turbo 4 256 GB Blue,33000,Brand New,"Dhaka, Jamuna Future Park",01/09,https://bikroy.com/jamuna-future-park/mobile-phones/new-xiaomi-redmi-turbo-4-256-gb-blue-yrkzdtV6HWOA1WnGcpSFlvRO.html,5,2026-09-16T02:10:22.974064+00:00,individual,Please visit our showroom or call us for further details.
Xiaomi 12S Pro 256 GB White,32900,Used,"Dhaka, Mirpur",20 hours ago,https://bikroy.com/mirpur/mobile-phones/xiaomi-12s-pro-256-gb-white-4XVJoMRn9F73pRNQIIfsg3Pp.html,5,2026-09-16T02:10:23.490886+00:00,individual,"Xiaomi 12s Pro 5G
8gen 1 Snapdragon 
Fully Super Fresh 
Only device charger & Cashe memo
7Days Replacement & 1Year Service warranty, location :Mirpur Pallabi Notun thana.Dhaka Cash on Delivery possible All Bangladesh."
Xiaomi Civi 2 256 GB Black,23500,Used,"Dhaka, Jatrabari",11 hours ago,https://bikroy.com/jatrabari/mobile-phones/xiaomi-civi-2-256-gb-black-yyF3KTZgLoIUIWk1ysONKaiN.html,3,2026-09-16T02:10:24.107340+00:00,individual,"As-salamu alaykum
Welcome to Gadget Exchange BD

📝 With cash memo

✅ 7 Day's Replacement

✅ 1 Year's service warranty without Parts

Gadget Exchange BD
Shop No. 67 (3rd Floor)
Vikrampur Plaza, Jurain Railgate, Dhaka-1204"
Xiaomi 13 Pro 256 GB Black,33999,Used,"Dhaka, Dhanmondi",2 hours ago,https://bikroy.com/dhanmondi/mobile-phones/xiaomi-13-pro-256-gb-black-oJh5lOTqF4wQ0lkyO8qj920s.html,3,2026-09-16T02:10:24.731488+00:00,individual,"Xiaomi 13 Pro 8+256GB Authentic CN box. Fresh condition with money receipt. No repair history. No scratches or dents. Camera and battery backup are very good. Warranty policy: We provide a 10-day replacement and 2 years of service (excluding parts). Address: 3rd floor, shop No-411, Orchard Point Shopping Complex, Dhanmondi 7."
Xiaomi Poco F6 256 GB Gold,30500,Used,"Dhaka, Rampura",28/08,https://bikroy.com/rampura/mobile-phones/xiaomi-poco-f6-256-gb-gold-mSF9lVBxdScENOxStTvDgWzh.html,5,2026-09-16T02:10:25.246325+00:00,individual,"Poco f6 12/256bg
 Indian global Full box  no issue 

ডিসপ্লে বডিতে কোন ধরনের ডেন বা দাগ  নাই 
ফোনের কন্ডিশন সরাসরি এসে যত ইচ্ছে চেক করে নিতে পারবেন 
প্রাইস ৩০৫০০ টাকা সামান্য কিছু কমানো যেতে পারে 

আগ্রহী কেতারা  সরাসরি ইনবক্স অথবা কল করুন ধন্যবাদ"
Xiaomi 14 Pro 256 GB White,25000,Used,"Dhaka, Savar",04/09,https://bikroy.com/savar/mobile-phones/xiaomi-14-pro-256-gb-white-3mqvZfZzevekr5fUlP4Fpito.html,4,2026-09-16T02:10:25.665341+00:00,individual,মোবাইলটা একদম নতুনের মতই আছে বেশিদিন ব্যবহার করা হয়নি আজ থেকে ৬ মাস টাকার দরকার তাই বিক্রি করে দিব আপনারা যত খুশি দেখে নিতে পারবেন ফোনে কোন সমস্যা থাকলে গাড়ি ভাড়া ফেরত দেওয়া হবে
Xiaomi Civi 4 Pro 512 GB Green,33900,Used,"Dhaka, Mirpur",20 hours ago,https://bikroy.com/mirpur/mobile-phones/xiaomi-civi-4-pro-512-gb-green-hr5p5f3HtXXoLl503wzidqnG.html,5,2026-09-16T02:10:26.056790+00:00,individual,"Xiaomi civi 4 Pro 5G
12+8gb ram, 512gb Storage
Super Fresh condition 
7days replacement & 1year Service warranty,camera super, & performance is too much better
Snapdragon 8s Gen 3.
Battery Health Excellent. 
Location : Dhaka Mirpur Pallabi Notun thanar pichone Taltola Bazar."
Xiaomi Redmi 15C 4G 256 GB Black,18500,Used,"Dhaka, Dhanmondi",11 hours ago,https://bikroy.com/dhanmondi/mobile-phones/xiaomi-redmi-15c-4g-256-gb-black-r8apdRbv3WGz8W6pKPmpRKEr.html,3,2026-09-16T02:10:26.909419+00:00,individual,"""Welcome to ""Al Aqsa Mobile"" 
 Reach us___________________ 
 *Al Aqsa Mobile*
 Shop No-449 ,Lift -3, Orchard Point, Dhanmondi 7, Dhaka-1209
 Model : 15c
 RAM : 8 
 ROM : 256
 Price Fixed"
Xiaomi Redmi 15C 256 GB Black,17499,Used,"Dhaka, Gulshan",2 hours ago,https://bikroy.com/gulshan/mobile-phones/xiaomi-redmi-15c-256-gb-black-boRxcdHqY3sSt0cjhyq74Uyg.html,4,2026-09-16T02:10:27.414922+00:00,individual,"Redmi 15 official full box 
Ram 8Gb Rom 256Gb 
Official warrenty ace 
Kono problem nai 
Processor dimensity 7050
Battery 5000 mah 
10 days replesment guaranty ace 
1 year service warranty ace 
Location Gulshan 2 land view shopping center shop number 24 ist floor 
Phone exchange kora hoy 
Friday market close 
Emi korta parben credit card dia"
Samsung Galaxy S24 Ultra 256 GB,75000,Used,"Rajshahi, Vodra",13 hours ago,https://bikroy.com/vodra/mobile-phones/samsung-galaxy-s24-ultra-256-gb-aJzE7dmwYfMPeiGUB1dUpHrY.html,3,2026-09-16T02:10:28.030501+00:00,individual,"Samsung Galaxy 24 Ultra
12/256
Phone : 
Price: (Negotiable)"
Samsung Galaxy S24 Ultra 256 GB Gray,77000,Used,"Rajshahi, Rajpara",02/09,https://bikroy.com/rajpara/mobile-phones/samsung-galaxy-s24-ultra-256-gb-gray-s9oUAIhUtjVoHuZnq6MMbJlK.html,3,2026-09-16T02:10:29.535000+00:00,individual,12/256 gb. Full fresh with full box.
Samsung Galaxy S24 Ultra 256 GB White,87000,Used,"Rajshahi, Shaheb Bazar",20 hours ago,https://bikroy.com/shaheb-bazar/mobile-phones/samsung-galaxy-s24-ultra-256-gb-white-p7bmoGm97s1ouC3sSJuomc5V.html,4,2026-09-16T02:10:29.861197+00:00,individual,"Samsung S25 Ultra 
12 / 256 
Super condition 
7 days replacement guarantee  
1 year service warranty  
#exchange possible 
Our Address :
Smart Choice , Shop No. 211 , 
City Center , Beside of Rajshahi College , Sonadigir Mor, Rajshahi
Call for any details:"
Samsung Galaxy S23 Ultra 256 GB Gray,52000,Used,"Rajshahi, Kazla",05/09,https://bikroy.com/kazla/mobile-phones/samsung-galaxy-s23-ultra-256-gb-gray-dDvoPueMFVcMhgJnE6FVep3b.html,3,2026-09-16T02:10:29.957537+00:00,individual,100% fress dakhe niben
Samsung Galaxy S23 Ultra 512 GB Green,54000,Used,"Rajshahi, Boalia",21/08,https://bikroy.com/boalia/mobile-phones/samsung-galaxy-s23-ultra-512-gb-green-427UEP95CDG5o2j1QYkQOdDF.html,4,2026-09-16T02:10:30.557068+00:00,individual,"Get a completely fresh phone in immaculate condition! All features work seamlessly. Comes with an official box, and camera condition photos are provided. There is a slight scratch on the back, but no functional issues at all. The phone is laminated, simply peel off the lamination to reveal a pristine, fresh device."
Samsung Galaxy S24 Plus 256 GB Black,56500,Used,"Rajshahi, Boalia",03/09,https://bikroy.com/boalia/mobile-phones/samsung-galaxy-s24-plus-256-gb-black-fy5vyFeFE6X5fU9IOSDsBHDe.html,5,2026-09-16T02:10:30.912739+00:00,individual,"Full fresh
12 /256 
With box
Fixed price"
Samsung Galaxy S25 256 GB Silver,56000,Used,"Rajshahi, Durgapur",28/08,https://bikroy.com/durgapur-1/mobile-phones/samsung-galaxy-s25-256-gb-silver-2RAxhkTP7D6zPiPgAw6gdOT0.html,3,2026-09-16T02:10:31.487904+00:00,individual,"100% fresh 2 months used , iPhone Nibo tai sell korsi"
New Samsung Galaxy S24 Ultra 512 GB Black,74500,Brand New,"Rajshahi, Shaheb Bazar",31/08,https://bikroy.com/shaheb-bazar/mobile-phones/new-samsung-galaxy-s24-ultra-512-gb-black-isGTmyKd1fsh8KIRagRJfsvm.html,5,2026-09-16T02:10:31.974093+00:00,individual,"📱 Samsung Galaxy S24 Ultra — 512GB 🔥

✅ Model: Samsung S24 Ultra
💾 Storage: 512GB
🏪 Shop Name: City Gadget
📍 Location: Rajshahi City Center, 215 Shop
💯 ফোন দেখতে ও ব্যবহার করতে সরাসরি দোকানে আসতে পারবেন।

💰 Price: ৭৪,০০০ টাকা

📩 আগ্রহী হলে Inbox করুন অথবা সরাসরি লোকেশনে এসে দেখে নিন।
📞 যোগাযোগ 018XXXXXXXX"
Samsung Galaxy S24 256 GB Purple,52990,Used,"Rajshahi, Boalia",26/08,https://bikroy.com/boalia/mobile-phones/samsung-galaxy-s24-256-gb-purple-wRML35PybDrFDxnxfeEbJYMF.html,3,2026-09-16T02:10:32.705534+00:00,individual,"ফোন নতুন কিনেছিলান, ফোন এর বক্স মেমো সব আছে, একটা চুল পরিমাণ দাগ নাই। কোন রিপিয়ার হিস্ট্রি নাই।

= কল রেকর্ড হয়।"
Samsung Galaxy Z Fold 5 512 GB Black,50000,Used,"Rajshahi, Hatemkha",03/09,https://bikroy.com/hatemkha/mobile-phones/samsung-galaxy-z-fold-5-512-gb-black-7QsCSHU9qxgDFgtSqDGaGbg9.html,4,2026-09-16T02:10:33.236130+00:00,individual,samsung z fold 5 12/512 all ok location rajshahi jekono sequrity dewa jabe   vlo phon pele exchange kora jbe
Samsung Galaxy S24 Ultra 256 GB Gray,70000,Used,"Rajshahi, Boalia",23/08,https://bikroy.com/boalia/mobile-phones/samsung-galaxy-s24-ultra-256-gb-gray-C1mD7NUXoZ8rS2u9pjP28OlW.html,5,2026-09-16T02:10:33.980337+00:00,individual,"Used for about 8 months. Everything in the phone is okay, you can check it as much as you want. You will get two covers with the phone. 
The back shell color of the phone has faded. Only phone. NID and bank details can be provided as security."
Samsung Galaxy S26 Ultra 5G 512 GB Blue,115000,Used,"Rajshahi, Shaheb Bazar",20 hours ago,https://bikroy.com/shaheb-bazar/mobile-phones/samsung-galaxy-s26-ultra-5g-512-gb-blue-3tUSQVNHO7P9apzxgC7PxJcd.html,3,2026-09-16T02:10:34.749382+00:00,individual,"Samsung S26 Ultra, 12GB RAM, 512GB storage. Super condition. 7 days replacement guarantee. 1 year service warranty. #exchange possible. Our Address: Smart Choice, Shop No. 211, City Center, Beside Rajshahi College, Sonadighi Mor, Rajshahi. Call for any details:"
Samsung Galaxy S24 Ultra 256 GB Black,74900,Used,"Rajshahi, Shaheb Bazar",01/09,https://bikroy.com/shaheb-bazar/mobile-phones/samsung-galaxy-s24-ultra-256-gb-black-6ccDxNtB0TzJifILDioNAjPK.html,5,2026-09-16T02:10:35.472408+00:00,individual,"Used for 8months,no single scratches or dent.full fresh condition like new. Used very carefully,with back poly, back cover & screen protector.Everything is ok.New phone kinbo tai sell korci."
Samsung Galaxy S24 Plus 256 GB Purple,55000,Used,"Rajshahi, Shaheb Bazar",29/08,https://bikroy.com/shaheb-bazar/mobile-phones/samsung-galaxy-s24-plus-256-gb-purple-cUhQT4LW4QP17UOEW64ygnnW.html,3,2026-09-16T02:10:35.981834+00:00,individual,"No issue 
Full fresh 🔥
12/256 
Lagle inbox...!"
Samsung Galaxy S23 Ultra 256 GB White,30000,Used,"Rajshahi, Mohanpur",10/09,https://bikroy.com/mohanpur/mobile-phones/samsung-galaxy-s23-ultra-256-gb-white-2AMT4Eldr0oG32e9jJV3Qjcg.html,5,2026-09-16T02:10:36.491806+00:00,individual,"Samsung s23
8-256 no problem only takar proyojo display orgnal"
Samsung Galaxy A34 5G 128 GB Green,19000,Used,"Rajshahi, Kazla",26/08,https://bikroy.com/kazla/mobile-phones/samsung-galaxy-a34-5g-128-gb-green-4WECbbC6zf8NVIwvKo6Y4xKE.html,3,2026-09-16T02:10:37.239945+00:00,individual,ফোনে কোনো ধরনের দাগ বা সমস্যা নাই আমার নিজের ব্যাবহার করা চাপাই থেকে নেওয়া হয়েছে সাথে কিছু নেই এনআইডি কার্ড দেওয়া জাবে দাম কিছু টা কমানো জাবে
Samsung Galaxy S21 FE 5G 128 GB Green,18000,Used,"Rajshahi, Shaheb Bazar",29/08,https://bikroy.com/shaheb-bazar/mobile-phones/samsung-galaxy-s21-fe-5g-128-gb-green-3pbJRRVPKwwC7J0pAFE2lygp.html,5,2026-09-16T02:10:37.843736+00:00,individual,All ok . No issue just Display change full fresh phone Brand new condition
Samsung Galaxy M12 128 GB Green,18000,Used,"Rajshahi, Rajpara",26/08,https://bikroy.com/rajpara/mobile-phones/samsung-galaxy-m12-128-gb-green-dRLlDkx8a0zGMSVHwSiApldN.html,5,2026-09-16T02:10:38.546663+00:00,individual,"এই দুইটা ফোনের কন্ডিশন একদম ফ্রেশ। দুইটা ফোনের বক্স আছে,ফোনের অর্জিনাল চার্জার নাই নস্ট হয়ে গেচিলো রার্নিং চার্জার দেওয়া হবে।ফোন দুইটা আমি নিজে চালাইতাম ফোনে কোন রকম সমস্যা নাই ফোন দুইটা চার্জ ব্রেকাপ ভালো ফোন সম্পূর্ণ ভালো আছে।লোকেশনে এসে সরাসরি দেখবেন যতক্ষন ইচ্ছা চেকবেক করে নিবেন। সিকিউরিটি হিসেবে যেইটা চাইবেন দেওয়া যাবে।দাম: ১০০০০+৮০০০৳"
Samsung Galaxy S21 FE 5G 128 GB Gray,18500,Used,Rajshahi,01/09,https://bikroy.com/rajshahi/mobile-phones/samsung-galaxy-s21-fe-5g-128-gb-gray-nsZdBr2QWShGcxKfKSr15kz4.html,5,2026-09-16T02:10:39.266091+00:00,individual,"Samsung Galaxy S21 FE
✅ Model: Samsung Galaxy S21 FE
✅ RAM: 8GB
✅ Storage: 128GB
✅ Display: 6.4”, 120Hz
✅ 5G Supported
✅ Wi-Fi 6 Supported
✅ Fingerprint Sensor
✅ Phone performance & overall condition ভালো
💰 Price: ৳18500
📍 Location: Rajshahi
📩 Interested হলে Inbox করুন।
⚠️ অযথা দামাদামি না করার অনুরোধ। Genuine buyer হলে দেখে-শুনে নিতে পারবেন।"
New Samsung Galaxy S21+ 5G 128 GB Black,23000,Brand New,"Rajshahi, Kazla",06/09,https://bikroy.com/kazla/mobile-phones/new-samsung-galaxy-s21-5g-128-gb-black-oWZc0m590Zzjg9DRCPxEI7BA.html,5,2026-09-16T02:10:39.667443+00:00,individual,"Flagship phone
Location rajshahi university
Kono somossa nai"
Samsung Galaxy S21 FE 128 GB Purple,25000,Used,"Rajshahi, Shaheb Bazar",22/08,https://bikroy.com/shaheb-bazar/mobile-phones/samsung-galaxy-s21-fe-128-gb-purple-xpMeSEXU9SbL751vQH1oyysy.html,5,2026-09-16T02:10:40.489537+00:00,individual,"I will sell my used Samsung Galaxy S21 FE 5G phone due to an urgent need. The phone was purchased from 'Sumash Tech' at Bashundhara City in Dhaka. It is completely fresh and in running condition.
Condition and Performance: There are no scratches or dents on the phone's body, back shell, and camera glass. The external outlook is as fresh as new."
Samsung Galaxy A34 5G 128 GB Black,21000,Used,"Rajshahi, Shaheb Bazar",06/09,https://bikroy.com/shaheb-bazar/mobile-phones/samsung-galaxy-a34-5g-128-gb-black-89LJgMUcIK9IL0obG8zrm3NU.html,5,2026-09-16T02:10:40.901064+00:00,individual,"ফোনের কনডিশন একদম নতুন।
ফোনের পিছনে ব্যাক পলি আছে,যার জন্য কোজ ক্র‍্যাচ পড়েনি।
ফোনের সাথে ওরিজিনাল স্যামসাং এর চার্জার আছে।
ফোন কিনার মেমো,বক্স সব আছে।"
New Samsung Galaxy S20+ 5G 256 GB Blue,22000,Brand New,"Rajshahi, Nawdapara",01/09,https://bikroy.com/nawdapara/mobile-phones/new-samsung-galaxy-s20-5g-256-gb-blue-tJfheCLFodkvT5znEt7M8wzo.html,4,2026-09-16T02:10:41.310812+00:00,individual,ফোন একেবারে ওকে।  কোনই সমস্যা নাই। ফোনের অরজিনাল ডিসপ্লে । মাদারবোর্ডে কোন কাজ করা নাই। কেউ নিতে চাইলে এই নাম্বারে ফোন দিবেন 017XXXXXXXX
Samsung Galaxy A36 256 GB Purple,30000,Used,"Rajshahi, Laksimipur",27/08,https://bikroy.com/laksimipur/mobile-phones/samsung-galaxy-a36-256-gb-purple-8It1fs9QAbmXnEnEEcf19PzG.html,3,2026-09-16T02:10:41.700782+00:00,individual,Olpo kichu din use kora hoyeche.. Fully fresh phone.. Phone ar sathe back cover r phone a privacy protector o piche poli lagano hoyeche..
Samsung Galaxy S10 Plus 128 GB White,20000,Used,"Rajshahi, Paba",30/08,https://bikroy.com/paba/mobile-phones/samsung-galaxy-s10-plus-128-gb-white-oHeK45Cc8v4p1cz6GjlANFaF.html,5,2026-09-16T02:10:42.283413+00:00,individual,emergency sel daw hab  full fresh condition
Samsung Galaxy S21 FE 128 GB Gray,28500,Used,"Rajshahi, Tanore",29/08,https://bikroy.com/tanore/mobile-phones/samsung-galaxy-s21-fe-128-gb-gray-puj3391DSpS1WAK2izLvGQE3.html,3,2026-09-16T02:10:42.938108+00:00,individual,Sorom theke kena akdom notun er moto
Samsung Galaxy S21+ 5G 128 GB Silver,23000,Used,"Rajshahi, Motihar",10 hours ago,https://bikroy.com/motihar/mobile-phones/samsung-galaxy-s21-5g-128-gb-silver-8qwq9xcX6cZOxQ2ADkeU72PN.html,5,2026-09-16T02:10:43.351933+00:00,individual,"মোবাইল 100% fresh আছে, কোন সমস্যা নাই।
সাথে original box এবং cable দেওয়া হবে।
Exchange also possible for iqoo model"
Samsung Galaxy S23 FE 128 GB,27500,Used,"Rajshahi, Shaheb Bazar",4 hours ago,https://bikroy.com/shaheb-bazar/mobile-phones/samsung-galaxy-s23-fe-128-gb-7DcwWhEawXDOpdQwnYWreXH6.html,5,2026-09-16T02:10:43.966240+00:00,individual,"Exchange with iPhone 12 Pro bypass 
Or 
iPhone 13 bypass 
Battery Health 85+"
Samsung Galaxy S24 Ultra 512 GB Gold,83000,Used,"Chattogram, Nasirabad",13/07,https://bikroy.com/nasirabad/mobile-phones/samsung-galaxy-s24-ultra-512-gb-gold-dxEOFOvZ25AlGnrzJxS32fYG.html,3,2026-09-16T02:10:44.481414+00:00,individual,"Full box given 
12/512 
Vietnam variant
A very little dot in the screen otherwise all ok no scratch"
Samsung Galaxy S24 Ultra 256 GB Silver,86000,Used,"Chattogram, Double Mooring",25/06,https://bikroy.com/double-mooring/mobile-phones/samsung-galaxy-s24-ultra-256-gb-silver-8PXh2Gu03AJT1bB0ruDMJrMv.html,5,2026-09-16T02:10:45.194704+00:00,individual,Comes with the original charging cable (unused) and 4 premium covers.
Samsung Galaxy S24 Ultra 256 GB Gray,80000,Used,"Chattogram, Kotwali, Chattogram",09/09,https://bikroy.com/kotwali/mobile-phones/samsung-galaxy-s24-ultra-256-gb-gray-gcyFfIPIhuTAarznCVVyoFMf.html,3,2026-09-16T02:10:45.699476+00:00,individual,"Contract - 
(Wp)
Used
Condition
No cracks
Physical Condition
256 GB
Internal Storage
12 GB
Ram
No
Card Slot
Triple 200 MP / 50 MP / 10 MP
Main Camera
12 MP
Selfie Camera
6.8 inches
Screen Size
1440 x 3120
Resolution
AMOLED
Display Type
Dual Nano-SIMs and eSIM
SIM
Android
Operating System
5000 mAh
Battery
Gray
Color"
New Samsung Galaxy s26 256 GB,114999,Brand New,"Chattogram, CDA Avenue",11 hours ago,https://bikroy.com/cda-avenue/mobile-phones/new-samsung-galaxy-s26-256-gb-mkbvfDnmZI7W37nvy1yxJadN.html,4,2026-09-16T02:10:46.431476+00:00,individual,"Display: 6.9"" QHD+ Dynamic LTPO AMOLED 2X, 120Hz, HDR10+, 2600 nits (peak)
Processor: Snapdragon 8 Elite Gen 5, 
Camera: 200MP Wide, 50MP Ultrawide, 10MP 3x, 50MP 5x Telephoto, 12MP Selfie, 8K video recording
Battery: Li-Ion 5000 mAh battery,
Enjoy EMI facilities up to 36 months through credit cards from over 20 banks. (*Conditions apply*)"
Samsung Galaxy S24 Ultra 256 GB Silver,83000,Used,"Chattogram, Agrabad",09/05,https://bikroy.com/agrabad/mobile-phones/samsung-galaxy-s24-ultra-256-gb-silver-kh0pyyOSp9vMh32h4kTV7h0k.html,3,2026-09-16T02:10:47.042139+00:00,individual,"• Full fresh - not a single scratch
• Full box available (IMEI & Serial. matched)
• 12GB RAM / 256GB Storage
• Official phone
• First owner (personal use)
• Price fixed
• With original 45W adapter + cable
Serious buyers only inbox me."
Samsung S26 ULTRA 12/256 NEW (Brand New),138000,Brand New,"Chattogram, Chawkbazar",20 hours ago,https://bikroy.com/chawkbazar/mobile-phones/samsung-s26-ultra-12-256-new-brand-new-2WxjmLrCfvcfsaNHyOY3dzvR.html,0,2026-09-16T02:10:47.553792+00:00,individual,"🔳 INTACT SEAL PACK 
🔳 Storage: 12/256GB
🔳 Colour: BLUE
◾ Box And Original Cable


🔰 Our Speciality......................................

◾Original & Non-Refurbished Product
◾Emi Facilities Available*
◾Accept Visa, Master Card
◾Delivery Facility inside & Outside ctg.
◾Phone Exchange Facilities*
◾Our All Product 7 Days replacement And 1 year Service Warranty



🔰 Our Showroom Address:


Rony Enterprise (Since 2007)
Bali Arcade Shopping Center
4th Floor, Shop no 03(infront of chawkbazar Post Office
Sirajuddula Road, Chawkbazar, Chattogram Show more"
Samsung Galaxy S24 Ultra 256 GB Silver,79000,Used,"Chattogram, Kotwali, Chattogram",20/07,https://bikroy.com/kotwali/mobile-phones/samsung-galaxy-s24-ultra-256-gb-silver-aQUrdG3t6ifUqQH27YqbQyQq.html,3,2026-09-16T02:10:48.291353+00:00,individual,No issues. Everything is original. The mobile has a screen protector and a lens protector applied. The memo will be provided with the mobile. You must come to the location to pick up the mobile.
Samsung Galaxy S25 Ultra 256 GB Blue,90000,Used,"Chattogram, Chandgaon",1 day ago,https://bikroy.com/chandgaon/mobile-phones/samsung-galaxy-s25-ultra-256-gb-blue-qgJonU3FYSnjfXkrPCF7kGmV.html,3,2026-09-16T02:10:48.987083+00:00,individual,"I live abroad, the mobile is with me, it has not been used, just turned it on, if anyone wants to take it, please send an SMS."
Samsung Galaxy S24 512 GB Black,84990,Used,"Chattogram, CDA Avenue",20 hours ago,https://bikroy.com/cda-avenue/mobile-phones/samsung-galaxy-s24-512-gb-black-dJz194axAQNfQVFkz3a2lh5l.html,2,2026-09-16T02:10:49.684911+00:00,individual,"Samsung Galaxy S24 Ultra (12GB / 512GB). Only used for a few months. Ready stock. Get 20% extra trade-in value for your old phone! Warranty benefits: 15-day replacement guarantee, lifetime service warranty. Call now: Finlay Square, Level-4, Shop-406, 2 No Gate, Nasirabad, Chattogram"
Samsung Galaxy S25 Ultra 256 GB Blue,103000,Used,Chattogram,11/05,https://bikroy.com/chattogram/mobile-phones/samsung-galaxy-s25-ultra-256-gb-blue-wBM6eUgeyaTvVHJYvkIn3vle.html,3,2026-09-16T02:10:50.374528+00:00,individual,Brand new condition. Not a single scratch. Used for three months. Box and cable included. You must come to my residence for the location. Price is almost fixed.
Samsung Galaxy S25+ 12/256GB FULL BOX (Used),85000,Used,"Chattogram, Chawkbazar",20 hours ago,https://bikroy.com/chawkbazar/mobile-phones/samsung-galaxy-s25-12-256gb-full-box-used-uRUdDTM73SzH6xroD0NgA4Pf.html,0,2026-09-16T02:10:51.076118+00:00,individual,"🔳 TWO MONTH USED ONLY AS LIKE AS NEW CONDITION
🔳 Storage: 12/256gb
🔳 Colour: SILVER
◾ Original Cable AND BOX

🔰 Our Speciality......................................

◾Original & Non-Refurbished Product
◾Emi Facilities Available*
◾Accept Visa, Master Card
◾Delivery Facility inside & Outside ctg.
◾Phone Exchange Facilities*
◾ All Products Original And Genuine.
◾Our All Product 7 Days replacement And 1 year Service Warranty



🔰 Our Showroom Address:


Rony Enterprise (Since 2007)
Bali Arcade Shopping Center
4th Floor, Shop no 03(infront of chawkbazar Post Office
Sirajuddula Road, Chawkbazar, Chattogram Show more"
Samsung Galaxy Z Flip6 512 GB White,130000,Used,"Chattogram, Mirsharai",08/08,https://bikroy.com/mirsharai/mobile-phones/samsung-galaxy-z-flip6-512-gb-white-4YS26EPVWOGhTN4W2Scx1hHv.html,3,2026-09-16T02:10:51.806893+00:00,individual,"Used for two months, still fully fresh, no problems with the mobile, like new"
Samsung Galaxy S24 Ultra 256 GB,79999,Used,"Chattogram, Muradpur",20 hours ago,https://bikroy.com/muradpur/mobile-phones/samsung-galaxy-s24-ultra-256-gb-ARLo6IJ0uVoJnUMQDwWnr42H.html,4,2026-09-16T02:10:52.336847+00:00,individual,"Samsung Galaxy S24 Ultra
12GB RAM / 256GB
Full Box
TDRA Dual SIM
Snapdragon 8 Gen 3
200MP Quad Camera with OIS & 100X Space Zoom
12MP Selfie Camera
Battery: 5000mAh
Benefits:
15-day replacement guarantee
Device – Shop No: 319, 3rd Floor
CPDL RB Midtown Market, Muradpur, Chattogram"
New Samsung Galaxy S25 Ultra 256 GB Black,99999,Brand New,"Chattogram, CDA Avenue",11 hours ago,https://bikroy.com/cda-avenue/mobile-phones/new-samsung-galaxy-s25-ultra-256-gb-black-dQ7YRE6nbI0M4sGPgYb5KYy9.html,3,2026-09-16T02:10:52.851477+00:00,individual,"Brand new Intech box! 
12GB/256GB
Black color

ক্রেডিট কার্ড এর মাধ্যমে ২০ টির অধিক ব্যাংকে ৩৬ মাস পর্যন্ত EMI এর সুবিধা রয়েছে। (*শর্ত প্রযোজ্য*)"
Samsung Galaxy S25 512 GB Blue,70000,Used,"Chattogram, Sitakunda",10/09,https://bikroy.com/sitakunda/mobile-phones/samsung-galaxy-s25-512-gb-blue-nB8QnLaUgmzxJ1YtfErK8Bbr.html,5,2026-09-16T02:10:53.597444+00:00,individual,"Samsung S25 12/512GB, only phone and cash memo.
Exchange only, no sale: Samsung S24 Ultra / iPhone 15 Pro / Vivo X200 Pro Global variant.
The mobile has not a single spot of issue, fully fresh with lamination, check as much as you like. The mobile was bought from abroad so the box couldn't be brought, but cash memo is available.
Don't bother with unnecessary lowball offers, inbox if you really want to buy."
Samsung Galaxy S23 256 GB Green,38999,Used,"Chattogram, Nasirabad",01/09,https://bikroy.com/nasirabad/mobile-phones/samsung-galaxy-s23-256-gb-green-dotL5522wkaJrbB4S7qgQ5Gz.html,4,2026-09-16T02:10:54.122169+00:00,individual,"🔥 Samsung Galaxy S23 | Premium Deal 🔥

💰 Best Deal Available!

📱 Samsung Galaxy S23 — Base Variant
💾 8GB RAM | 256GB Storage
📦 With Full Box
✨ As Like New 

📞 Contact 019XXXXXXXX"
Samsung Galaxy S23 Ultra 256 GB Purple,61500,Used,"Chattogram, Chandgaon",1 day ago,https://bikroy.com/chandgaon/mobile-phones/samsung-galaxy-s23-ultra-256-gb-purple-fwvnZJPgTMbeklDqx36eOrwB.html,3,2026-09-16T02:10:54.836154+00:00,individual,"ফ্রেস কন্ডিশনে মোবাইলটি রয়েছে, কোনরকমে কোন অসুবিধা মোবাইলে নেই। ফুল বক্স এবং চার্জার সহ রয়েছে। দুটো সুন্দর ব্যাক কভার রয়েছে।"
Samsung Galaxy S24 Ultra 256 GB Black,75990,Used,"Chattogram, Chawkbazar",20 hours ago,https://bikroy.com/chawkbazar/mobile-phones/samsung-galaxy-s24-ultra-256-gb-black-5ora4ajEP6XBgOPqfVpEWN19.html,5,2026-09-16T02:10:55.435735+00:00,individual,"Samsung Galaxy S24 Ultra. Only few days used | Full fresh condition. 12GB RAM | 256GB Storage. Flagship Pro Camera. Premium Titanium Design. Super smooth performance. Price: 75,990৳"
Samsung Galaxy S23 Ultra 256 GB Green,45000,Used,"Chattogram, Alankar",06/09,https://bikroy.com/alankar/mobile-phones/samsung-galaxy-s23-ultra-256-gb-green-zY548IGmvUimJc4Ax88x8Yx.html,5,2026-09-16T02:10:56.146769+00:00,individual,"Samsung Galaxy S23 Ultra
 RAM: 12GB
 Storage: 256GB
 Display: Changed to Top-Quality OLED Display 
 Fingerprint: Working 
 Box: Full Box
 Condition: Good
 Asking Price: 45,000৳
 Location: Halishahar, Bisso Road, Chattogram
 Interested হলে inbox করুন।
Serious buyers only."
Samsung Z 16 GB Blue,45000,Used,"Chattogram, Khulshi",31/08,https://bikroy.com/khulshi/mobile-phones/samsung-z-16-gb-blue-mttM7VbSHdRMrG4lwpmor7A5.html,3,2026-09-16T02:10:56.569175+00:00,individual,"SAMSUNG Z FLIP4 
8/128
PRICE NEGOTIABLE"
New Samsung Galaxy S21 5G 128 GB Black,70000,Brand New,"Chattogram, Nasirabad",05/09,https://bikroy.com/nasirabad/mobile-phones/new-samsung-galaxy-s21-5g-128-gb-black-5Qt5ue2Pt56HOlEqR5jpmJwj.html,5,2026-09-16T02:10:57.280535+00:00,individual,New use hoi ni.box shoho ase. Deke check kore nite parbn.just colour deker jonno kula hoica
Samsung Galaxy S24 FE 128 GB White,41599,Used,"Chattogram, Agrabad",20 hours ago,https://bikroy.com/agrabad/mobile-phones/samsung-galaxy-s24-fe-128-gb-white-leqdQcuBFXsG6JhGq5r3usE.html,3,2026-09-16T02:10:57.797073+00:00,individual,"Samsung S24 FE 5G
Set in fully fresh condition
200% ok set
RAM 8+128
With charger
100% genuine phone... Not a single security issue please..."
Samsung Galaxy S22 Ultra 256 GB Black,32000,Used,"Chattogram, Boalkhali",28/08,https://bikroy.com/boalkhali/mobile-phones/samsung-galaxy-s22-ultra-256-gb-black-e08hXP35zh8O7znnWycY5GaL.html,5,2026-09-16T02:10:58.531163+00:00,individual,"✨ RAM: 12GB
💾 Storage: 256GB
🟢 Display: ১টি Green Line আছে
✅ Fingerprint: কাজ করে
📦 Case + Memo: আছে
🪪 ID Card: দেওয়া হবে
📱 ফোন: ব্যবহৃত / পলি করা
💰 চাওয়া দাম: ৩৫,০০০ টাকা
🤝 আলোচনা সাপেক্ষে
📍 লোকেশন: চট্টগ্রাম কালুরঘাট 
📞 যোগাযোগ 018XXXXXXXX"
Samsung Galaxy S24 Ultra 256 GB Silver,72000,Used,"Chattogram, Hathazari",25/08,https://bikroy.com/hathazari/mobile-phones/samsung-galaxy-s24-ultra-256-gb-silver-1iBqKlZRBs6El5rUvG2p10xj.html,5,2026-09-16T02:10:58.795657+00:00,individual,"12gb 256gb without box
Dual physical sim
Call record build in
Cash memo and 2 back cover"
Samsung Galaxy A17 5G 128 GB Black,28500,Used,"Chattogram, Satkania",17/08,https://bikroy.com/satkania/mobile-phones/samsung-galaxy-a17-5g-128-gb-black-iHsW8J0DIoFclIOtwSR2TK7K.html,3,2026-09-16T02:10:59.469100+00:00,individual,"*For Sale - Samsung Galaxy A17 5G (8GB/128GB)*
*Usage:* Only *1 month 24 days* 
*Condition:* *100% Fresh + Official*. Not a single scratch. Exactly like new.
*RAM/ROM:* *8GB RAM + 128GB Storage* + Memory card support"
Samsung Galaxy S24 Ultra 256 GB Gray,75990,Used,"Chattogram, CDA Avenue",20 hours ago,https://bikroy.com/cda-avenue/mobile-phones/samsung-galaxy-s24-ultra-256-gb-gray-BhbPjfr2kdancDStmRasDquV.html,3,2026-09-16T02:11:00.150469+00:00,individual,"S24 ultra 12/256 
Duel sim
full fresh 
14 days replacement gurranty 1year service warranty 
Decent,finlay square ,4th ,floor,406
call us 018XXXXXXXX"
Samsung Galaxy S23+ 256 GB Black,26000,Used,"Chattogram, Halishahar",1 day ago,https://bikroy.com/halishahar/mobile-phones/samsung-galaxy-s23-256-gb-black-kv1x9rIFviucJN2IFUD938lU.html,5,2026-09-16T02:11:00.699448+00:00,individual,"Selling my Samsung Galaxy S23 Plus, used for 1.5 years.
Key Specifications:
* Storage/RAM: 8GB RAM / 256GB ROM
* Processor: Snapdragon 8 Gen 2 for Galaxy"
New Samsung Galaxy S24 Ultra 256 GB Blue,58000,Brand New,"Chattogram, Double Mooring",08/09,https://bikroy.com/double-mooring/mobile-phones/new-samsung-galaxy-s24-ultra-256-gb-blue-ddLGQcbGQUhQXQAEiSHXFOh2.html,4,2026-09-16T02:11:01.375343+00:00,individual,"Samsung s 24 ultra with box
256 gb
All okh
Note: Display change only.
Other okh
Location: East Madarbari, Chattogram 
Location must
Contact 015XXXXXXXX"
Samsung Galaxy S25 Ultra 256 GB Gray,97500,Used,"Dhaka, Mohammadpur",31/08,https://bikroy.com/mohammadpur/mobile-phones/samsung-galaxy-s25-ultra-256-gb-gray-6CMn5aJDA2cbjqnAEQOZeNNX.html,5,2026-09-16T02:11:01.988700+00:00,individual,"Experience a device in full fresh, like-new condition with 256GB storage."
Samsung Galaxy S24 Ultra 512 GB Gray,84000,Used,"Dhaka, Baridhara",2 hours ago,https://bikroy.com/baridhara/mobile-phones/samsung-galaxy-s24-ultra-512-gb-gray-r3lRnYjZxeBvwiOgwBFaTDLi.html,4,2026-09-16T02:11:02.810103+00:00,individual,Samsung s24 Ultra Jamuna future park
Samsung Galaxy S25 Ultra 256 GB Gray,92000,Used,"Dhaka, Baridhara",11 hours ago,https://bikroy.com/baridhara/mobile-phones/samsung-galaxy-s25-ultra-256-gb-gray-BhTJYKJNxR4Nmy56kgeLHHSZ.html,5,2026-09-16T02:11:03.293391+00:00,individual,Full box and in pristine condition.
New Samsung Galaxy S25 Ultra 256 GB Purple,84990,Brand New,"Dhaka, Mirpur",1 hour ago,https://bikroy.com/mirpur/mobile-phones/new-samsung-galaxy-s25-ultra-256-gb-purple-B5L8TrIpi7TOjES4geI5DDxx.html,5,2026-09-16T02:11:03.940695+00:00,individual,">আদিবা টেলিকম >
দোকান নং: ৩৪, ৩য় তলা, বাগদাদ শপিং কমপ্লেক্স , মিরপুর- ১, ঢাকা- ১২১৬...
ফোনটি ১০০% জেনুইন এবং আমরা ৭দিন রিপ্লেসমেন্ট গ্যারান্টি। ও ১ বছর ফ্রী সার্ভিস ওয়ারেন্টি । ( Without Parts)
সারা বাংলাদেশ  কুরিয়ার চার্জ ফ্রি 
এক্সচেঞ্জ অফার। ডিসকাউন্ট প্রাইস।
100% frish"
Samsung Galaxy S25 Ultra 512 GB White,91000,Used,"Dhaka, Demra",07/09,https://bikroy.com/demra/mobile-phones/samsung-galaxy-s25-ultra-512-gb-white-B3Ske9PKeyb3JO0xzBgy5Ohr.html,5,2026-09-16T02:11:04.390465+00:00,individual,This is Samsung galaxy s25 ultra korean variant. Full fresh condition. Was used just for 8 months
Samsung Galaxy S24 Ultra 512 GB Gray,82000,Used,"Dhaka, Khilgaon",2 days ago,https://bikroy.com/khilgaon/mobile-phones/samsung-galaxy-s24-ultra-512-gb-gray-CsqAqkBCdbnvjU8D11wXW8hR.html,5,2026-09-16T02:11:04.880313+00:00,individual,"Full Box
Cash Memo
12/512gb
Vietnam"
New Samsung Galaxy Z Flip7 256 GB,97999,Brand New,"Dhaka, Bashundhara City",11 hours ago,https://bikroy.com/bashundhara-city/mobile-phones/new-samsung-galaxy-z-flip7-256-gb-fZNeUOyNH5E3Xz1NMCEwittK.html,3,2026-09-16T02:11:05.518210+00:00,individual,"10 days replacement guarantee
2 years service warranty
Safe courier facility across the country
Attractive exchange offers
Basement-1, Shop-84, Bashundhara City Shopping Mall
Prices are subject to change. Please contact us on WhatsApp before visiting."
Samsung Galaxy S25 Ultra 256 GB White,91000,Used,"Dhaka, Baridhara",11 hours ago,https://bikroy.com/baridhara/mobile-phones/samsung-galaxy-s25-ultra-256-gb-white-foWlXuDs3rLYnMo1D46XSZ5n.html,5,2026-09-16T02:11:06.264963+00:00,individual,Samsung S25 ultra 12/256 without box fresh condition
Samsung Galaxy Z Fold7 512 GB Blue,139990,Used,"Dhaka, Mohammadpur",2 hours ago,https://bikroy.com/mohammadpur/mobile-phones/samsung-galaxy-z-fold7-512-gb-blue-cNJHUf3HgcCpWHmm1xf2BQzR.html,5,2026-09-16T02:11:07.006722+00:00,individual,"Shop Name :Ab international 
Level -06 Shop number-(657,658)
Tokyo Square,Japan garden city, Mohammadpur
Call us for any question
 USED ফোন কিনে নিয়ে আর কোন দুশ্চিন্তা নয় কারণ আমরা দিচ্ছি ১০০% অরিজিনাল এবং অথেন্টিক ফোন। 
৭ দিনের মধ্যে কোনরকম প্রবলেম হলে রিপ্লেস করে দেওয়া হবে( Expect display issues)
এক বছরের ফ্রি সার্ভিস ওয়ারেন্টি"
Samsung Galaxy S25 Ultra 256 GB Silver,90000,Used,"Dhaka, Basabo",20/08,https://bikroy.com/basabo/mobile-phones/samsung-galaxy-s25-ultra-256-gb-silver-kanMCRQdMn3L1qUGfmmiShtE.html,4,2026-09-16T02:11:07.862036+00:00,individual,"Phone purchased from KRY International, Bashundhara Branch.
Purchase date: December 1, 2025.
From the very beginning, I have been using an ERS screen protector, ERS camera protector, and ERS back cover, so there isn't a single scratch.
Price is almost fixed.
If you want to buy, call me directly."
Samsung Galaxy S25 Ultra 256 GB Blue,92500,Used,"Dhaka, Baridhara",11 hours ago,https://bikroy.com/baridhara/mobile-phones/samsung-galaxy-s25-ultra-256-gb-blue-k6uwPe9edJb3D7IhwVShcCTD.html,5,2026-09-16T02:11:08.322202+00:00,individual,"Samsung S25 Ultra 12/256GB. Full boxed, full fresh. 100% fresh like new condition."
Samsung Galaxy S25 Ultra 256 GB Blue,85990,Used,"Dhaka, Uttara",2 hours ago,https://bikroy.com/uttara/mobile-phones/samsung-galaxy-s25-ultra-256-gb-blue-CvFPzzZdV2i9mjOXGnm3K3Vc.html,3,2026-09-16T02:11:08.751979+00:00,individual,"Western Mobile Fair
 # Shop No. 614/622/623/625 (Level #6) Tropical Alauddin Tower Uttara 
 Dear Honourable Customer 
  100% original device
 Full Factory unlock 
 EMI Available On ...  31 Banks credit card. Thanks for being with us."
Samsung Galaxy S25 Ultra 256 GB White,88000,Used,"Dhaka, Savar",11 hours ago,https://bikroy.com/savar/mobile-phones/samsung-galaxy-s25-ultra-256-gb-white-1i0HcnNpprwDnaV89lvyrZ6u.html,4,2026-09-16T02:11:09.475768+00:00,individual,"Display:6.9′′ QHD+ Dynamic AMOLED 2X.
Resolution:3120 × 1440
Processor:Snapdragon 8 Elite for Galaxy.
RAM:12GB
Storage:256GB
Main Camera:200MP, OIS, f/1.7
Ultra-wide
50MP, f/1.9
Telephoto:50MP 5× Optical Zoom + 10MP 3× Optical Zoom
Front Camera:12MP
Video:সর্বোচ্চ 8K
Battery:5000mAh
Charging:
45W wired, wireless.
Android 15 + One UI 7
Network:5G"
New Samsung Galaxy S25 Ultra 256 GB Graphite,81999,Brand New,"Dhaka, Savar",2 hours ago,https://bikroy.com/savar/mobile-phones/new-samsung-galaxy-s25-ultra-256-gb-graphite-be4gTCg0MfOczWD7uRxirDFP.html,3,2026-09-16T02:11:09.982088+00:00,individual,"Samsung S25 Ultra 
✨ একদম ফ্রেশ কন্ডিশন! 💯
🔹 কোনো দাগ নেই, খোলা বা সার্ভিসিং হয়নি। পার্টস ১০০% অরিজিনাল।
🎁 সাথে চার্জার ও শপের ক্যাশ মেমো পাবেন।
🛡️ ৭ দিনের রিপ্লেসমেন্ট ও ১ বছরের সার্ভিস ওয়ারেন্টি!
🏪 Livewire Savar - NTECH BD, সেনা শপিং কমপ্লেক্স, নবীনগর, সাভার।
🚚 সারা দেশে ক্যাশ অন ডেলিভারি।
📞 বিস্তারিত জানতে কল করুন 096XXXXXXXX"
Samsung Galaxy S22 5G 256 GB Black,45000,Used,"Dhaka, Mirpur",02/09,https://bikroy.com/mirpur/mobile-phones/samsung-galaxy-s22-5g-256-gb-black-yLw98WA1xAgsskUrjHWdWhDH.html,3,2026-09-16T02:11:10.596142+00:00,individual,"Alhamdulillah, there are no cracks or scratches of any kind on the phone. The phone is in completely fresh condition. It comes with the phone's box and intact original cable. A 3M sticker is applied to the back of the phone. If the sticker is removed, the phone will look 100% like it was just taken out of a showroom. The battery backup is Alhamdulillah very good. The camera quality and sound quality are Alhamdulillah very good. Show more"
Samsung Galaxy S23 Ultra 256 GB Green,50000,Used,"Dhaka, Mirpur",09/09,https://bikroy.com/mirpur/mobile-phones/samsung-galaxy-s23-ultra-256-gb-green-8cj1Kwrcwyy8yL8OrP7SH7Nu.html,5,2026-09-16T02:11:11.153865+00:00,individual,Full authentic phone all original parts just main screen minor crack and no other issue camera s pen all perfect 256 gb exchange possible phone comes without box only device
Samsung Galaxy S23 Ultra 256 GB Pink,53000,Used,"Dhaka, Motalib Plaza",20 hours ago,https://bikroy.com/motalib-laza/mobile-phones/samsung-galaxy-s23-ultra-256-gb-pink-dKO6G140MWmoUvuTG8yYXorF.html,5,2026-09-16T02:11:11.929671+00:00,individual,"মোবাইলের বিস্তারিত:
Brand & Model: Samsung S23 Ultra
RAM: 12GB
ROM: 256GB
Condition:Used
Warranty: ৭দিনের গ্যারান্টি ও ২বছরের সার্ভিস ওয়ারেন্টি পাবেন।

✔️ ফোন দেখে ও চেক করে কেনার সুযোগ
✔️ ফোনের কন্ডিশন সম্পর্কে পরিষ্কার তথ্য
✔️ সাশ্রয়ী দামে ভালো ফোন

🏪 Gadget Store
📍 Motalib Plaza, Shop No: 600G, Sonargaon Road, Hatirpool, Dhaka"
Samsung Galaxy A34 5G 128 GB Black,24500,Used,"Dhaka, Uttara",11 hours ago,https://bikroy.com/uttara/mobile-phones/samsung-galaxy-a34-5g-128-gb-black-kW7GbPyd8nxzlgUU8AKgifvp.html,4,2026-09-16T02:11:12.543400+00:00,individual,"সম্পূর্ণ নতুন ফোন, এখনো ব্যবহার করা হয়নি,বক্স চার্জার না থাকার কারনে Used হিসেবে বিক্রি করছি। আমাদের দোকান আছে, সিকিউরিটি হিসেবে ক্যাশম্যামো পাবেন এবং ৭ দিনের গ্যারান্টি পাবেন।

দোকানের ঠিকানা : দোকান নং ৪৯,৪র্থ তলা, আমির কমপ্লেক্স, আজমপুর, উত্তরা, ঢাকা ১২৩০.

WhatsApp 016XXXXXXXX"
Samsung Galaxy S21 Ultra 5G 256 GB Black,22599,Used,"Dhaka, Savar",29/08,https://bikroy.com/savar/mobile-phones/samsung-galaxy-s21-ultra-5g-256-gb-black-Ivz8A2HPPF8lkn4kw8nbLAt.html,4,2026-09-16T02:11:13.164657+00:00,individual,SamSung Galaxy S21 Ultra 5G ফোন টা সবকিছু ওকে আছে শুধু ডিস্প্লেতে গ্রিন লাইন আর হাল্কা ফাটা আছে তাছাড়া বাকি সবকিছু ওকে
Samsung Galaxy S23 Ultra 512 GB Red,60000,Used,"Dhaka, Uttara",02/09,https://bikroy.com/uttara/mobile-phones/samsung-galaxy-s23-ultra-512-gb-red-mlt8L0lwcWKyQbgf1JrbMLtv.html,5,2026-09-16T02:11:13.970255+00:00,individual,"ফ্রেশ কন্ডিশন, কোনো ধরনের দাগ বা স্কেচ নেই। একদম নতুনের মতো যত্ন নিয়ে ব্যবহার করা হয়েছে।
​ব্যাটারি ব্যাকআপ: অসাধারণ ব্যাটারি ব্যাকআপ, চার্জ থাকে অনেকক্ষণ।
​অন্যান্য: ক্যামেরা, পারফরম্যান্স বা সবদিক থেকেই ফোনটি শতভাগ নিখুঁত ও ট্রাবল-ফ্রি।
​জরুরি প্রয়োজনে ফোনটি বিক্রি করা হচ্ছে। আগ্রহী ক্রেতারা ইনবক্সে যোগাযোগ করুন বা সরাসরি কল করুন।"
Samsung Galaxy A55 128 GB Bronze,32000,Used,"Dhaka, Paltan",1 day ago,https://bikroy.com/paltan/mobile-phones/samsung-galaxy-a55-128-gb-bronze-3iRLv3a6WlRCmv31KBLLCIre.html,3,2026-09-16T02:11:14.585442+00:00,individual,"Fully functional, used for 6 months. Box and charger available. Malaysian variant."
New Samsung Galaxy A56 128 GB Gray,44000,Brand New,"Dhaka, Uttara",20 hours ago,https://bikroy.com/uttara/mobile-phones/new-samsung-galaxy-a56-128-gb-gray-ilMiglVoQqrRbnTPCfAEAp9Q.html,3,2026-09-16T02:11:15.200580+00:00,individual,"Grab the brand new Galaxy A56 5G in Gray with 8/128GB capacity!
100% original and non-refurbished product.
Enjoy a 7-day replacement guarantee and a 1-year service warranty.
Easy EMI facilities are also available.
Contact us today!
Exchange Hub
Shop No: 610, 611, 628 & 629, Level-6, Tropical Alauddin Tower
Sector 3, Road 2, Rajlaxmi, Uttara.
Call for details 017XXXXXXXX"
Samsung Galaxy Quantum 2 128 GB White,22000,Used,"Dhaka, Uttara",11 hours ago,https://bikroy.com/uttara/mobile-phones/samsung-galaxy-quantum-2-128-gb-white-wBHWyQSKzUOPbWOiTNnnpny2.html,4,2026-09-16T02:11:15.819209+00:00,individual,"সম্পূর্ণ নতুন ফোন, এখনো ব্যবহার করা হয়নি,বক্স চার্জার না থাকার কারনে Used হিসেবে বিক্রি করছি। আমাদের দোকান আছে, সিকিউরিটি হিসেবে ক্যাশম্যামো পাবেন এবং ৭ দিনের গ্যারান্টি পাবেন।

দোকানের ঠিকানা : দোকান নং ৪৯,৪র্থ তলা, আমির কমপ্লেক্স, আজমপুর, উত্তরা, ঢাকা ১২৩০.

WhatsApp 016XXXXXXXX"
Samsung Galaxy S23 Plus 256 GB,36000,Used,"Dhaka, Mogbazar",02/09,https://bikroy.com/mogbazar/mobile-phones/samsung-galaxy-s23-plus-256-gb-xb7fi90sm8ji6KGGlsekf6lS.html,5,2026-09-16T02:11:16.527405+00:00,individual,Chikon akta green line porse...R display te dui side e dag ache ta chara all ok..
Samsung Galaxy S20+ 5G 128 GB Black,23500,Used,"Dhaka, Savar",05/09,https://bikroy.com/savar/mobile-phones/samsung-galaxy-s20-5g-128-gb-black-2NbJ9Q1relzT1z9ciqF1f8oV.html,5,2026-09-16T02:11:17.144735+00:00,individual,"Full Fresh & Intact Condition
Not opened yet condition

 With charger and cable.

Used with a single hand
Everything 100% Authentic
Check as much as you want before buying. Take
it only if you like it-no rush."
New Samsung Galaxy A57 128 GB Blue,46500,Brand New,"Dhaka, Uttara",20 hours ago,https://bikroy.com/uttara/mobile-phones/new-samsung-galaxy-a57-128-gb-blue-nkirJSyijdF8luPGnybehDF1.html,3,2026-09-16T02:11:17.759326+00:00,individual,"Brand New Galaxy A57 8/128GB Navy Blue
Physical Dual Sim 
Made by Vietnam 



🟡 100% Original & Non Refurbished Product

🟡 7 Days Replacement & 1 Year Service Warranty

🟡 EMI Facility is also AVAILABLE

Contact Us

Exchange Hub

Shop No: 610, 611, 628 & 629 Level-6, Tropical Alauddin Tower

Sector 3, Road 2, Rajlaxmi, Uttara."
Samsung Galaxy A73 5G 256 GB Green,22999,Used,"Dhaka, Mirpur",11 hours ago,https://bikroy.com/mirpur/mobile-phones/samsung-galaxy-a73-5g-256-gb-green-dQd5ZCFx0pWhrd6ALOmq6aqX.html,5,2026-09-16T02:11:18.237311+00:00,individual,"S A Gadget Mart. Shop No: 35, 3rd Floor, Baghdad Shopping Complex, Mirpur-1, Dhaka-1216.
Model:Samsung A73 5g
RAM: 8 GB
Storage: 256 GB
Battery: 5000 mAh
PRICE FIXED: 
Box.cash memo available
Replacement Guarantee: 7 Days. Service Warranty: 2 Years. Home delivery available all over Bangladesh."
S23 Ultra Original Display (Pulled from Phone),25000,Used,"Dhaka, Khilgaon",20 hours ago,https://bikroy.com/khilgaon/cell-phones-tablets-accessories/s23-ultra-original-display-phone-khola-mmsSx7DXreI10SHyOQb2XvOx.html,5,2026-09-16T02:11:18.852557+00:00,individual,"Original Dynamic AMOLED 2X display pulled from a Samsung Galaxy S23 Ultra. Comes with a one-month replacement warranty. This is the display without the frame; waterproof and dustproof stickers are included. Address: Roza Telecom, Shop 225, 2nd Floor, Khilgaon Taltala City Corporation Market, Dhaka. You can visit the shop for professional fitting. Customers outside Dhaka can order via courier with cash on delivery. For a video of the display, message the model number on WhatsApp. The video link is provided above. Show more"
Apple iPhone 16 Pro Max 256 GB White,128550,Used,"Rajshahi, Boalia",09/05,https://bikroy.com/boalia/mobile-phones/apple-iphone-16-pro-max-256-gb-white-5PLV8YML3K5B5UUDTl06edpI.html,2,2026-09-16T02:11:19.714849+00:00,individual,"As like New and fresh condition. 92% BH. Physical dual sim with full box. White titanium. Hong Kong variant. Selling reason: Purchase 17 Pro Max. No exchange, only cash."
Apple iPhone 17 Pro Singapore (Used),138000,Used,Rajshahi,20 hours ago,https://bikroy.com/rajshahi/mobile-phones/apple-iphone-17-pro-singapore-used-gjdXKaTsZXJhreicuen5bawd.html,0,2026-09-16T02:11:20.319731+00:00,individual,"iPhone 17 Pro 🔥 256 GB, 100% Battery Health. Singapore physical SIM version. Super condition. 7 days replacement guarantee. 1-year service warranty. #ExchangePossible. Our Address: Smart Choice, Shop No. 211, City Center, Beside Rajshahi College, Sonadighi Mor, Rajshahi. Call for details."
New Apple iPhone 16 Pro Max 256 GB White,120000,Brand New,"Rajshahi, Shaheb Bazar",20 hours ago,https://bikroy.com/shaheb-bazar/mobile-phones/new-apple-iphone-16-pro-max-256-gb-white-zi5XoCbFn23gTyfK7KKqstGV.html,3,2026-09-16T02:11:20.840453+00:00,individual,"iPhone 16 Pro Max

256 GB, 100% Battery Health

Physical SIM

Experience Super Condition 🔥🔥

Enjoy a 7-day replacement guarantee ✅ 
Get a 1-year service warranty ✅ 

#Exchange possible ✅

Our Address:
Smart Choice, Shop No. 211,
City Center, Beside Rajshahi College, Sonadighi Mor, Rajshahi"
Apple iPhone 16 Pro Max 256 GB Black,123000,Used,"Rajshahi, Shaheb Bazar",20 hours ago,https://bikroy.com/shaheb-bazar/mobile-phones/apple-iphone-16-pro-max-256-gb-black-5EdAlqubHMlvpkXPmYzjkxCr.html,2,2026-09-16T02:11:21.453024+00:00,individual,"iPhone 16 Pro Max
256 GB, 99% Battery Health
Australia variant
Super condition
7 days replacement guarantee
1 year service warranty
#exchange possible
Our Address:
Smart Choice, Shop No. 211,
City Center, Beside Rajshahi College, Sonadighi Mor, Rajshahi
Call for any details:"
Apple iPhone 16 Pro Max 512 GB Gray,120000,Used,Rajshahi,20 hours ago,https://bikroy.com/rajshahi/mobile-phones/apple-iphone-16-pro-max-512-gb-gray-ad8jHOosp6iFW36v5PGztkH3.html,3,2026-09-16T02:11:22.057120+00:00,individual,"iPhone 16 Pro Max 
512 GB 100% Battery Health 
Physical SIM 
Super condition 
7 days replacement guarantee  
1 year service warranty  
#exchange possible 
Our Address :
Smart Choice , Shop No. 211 , 
City center , Beside of Rajshahi College , Sonadigir mor Rajshahi
Call for any details"
Apple iPhone 16 Pro Max 512 GB Gold,122000,Used,Rajshahi,03/08,https://bikroy.com/rajshahi/mobile-phones/apple-iphone-16-pro-max-512-gb-gold-xB8vI3tSB2mrLjPvibePbVad.html,5,2026-09-16T02:11:22.884437+00:00,individual,"Full Fresh (fixed price)
Check as much as you want 
BTH 92%
Storage 512
3 covers will come with the phone 
Phone will come with box, NID will be given 
USA variant
iOS version 26.05.02"
Apple iPhone 17 Pro Max 256 GB Orange,140000,Used,"Rajshahi, Shaheb Bazar",21 hours ago,https://bikroy.com/shaheb-bazar/mobile-phones/apple-iphone-17-pro-max-256-gb-orange-6xyIFcf1PbAIJoUmIsUnFsJq.html,2,2026-09-16T02:11:23.392680+00:00,individual,"IPhone 17 Pro Max
256 GB 100% Battery Health
Japan
Super condition
Enjoy 7 days replacement guarantee
Enjoy 1 year service warranty
#exchange possible
Our Address:
Smart Choice, Shop No. 211,
City Center, Beside of Rajshahi College, Sonadigir Mor, Rajshahi
Call for any details"
New Apple iPhone 17 Pro Max 256 GB Orange,140000,Brand New,"Rajshahi, Shaheb Bazar",20 hours ago,https://bikroy.com/shaheb-bazar/mobile-phones/new-apple-iphone-17-pro-max-256-gb-orange-mSZEt9xQ9Fqah5375S8SIsmj.html,5,2026-09-16T02:11:24.003675+00:00,individual,"Iphone 17 pro max
256 100
Cc 110
Super condition 
7 days replacement guarantee  
1 year service waranty  
#exchange possible 
Our Address :
Smart Choice , Shop No. 211 , 
City center , Beside of Rajshahi College , Sonadigir mor Rajshahi
Call for any details:"
Apple iPhone 17 Pro Max 256 GB Blue,152000,Used,"Rajshahi, Shaheb Bazar",20 hours ago,https://bikroy.com/shaheb-bazar/mobile-phones/apple-iphone-17-pro-max-256-gb-blue-11qaF5s38zvfsBJt5Pcb14B3.html,4,2026-09-16T02:11:24.624024+00:00,individual,"iPhone 17 Pro Max, 256 GB, 100% Battery Health, Cycle Count 105, USA origin. Super condition. 7 days replacement guarantee, 1 year service warranty. Exchange possible. Our Address: Smart Choice, Shop No. 211, City Center, Beside Rajshahi College, Sonadighi Mor, Rajshahi. Call for any details"
New Apple iPhone 16 Pro Max 256 GB Gold,125000,Brand New,"Rajshahi, Kadirgonj",09/05,https://bikroy.com/kadirgonj/mobile-phones/new-apple-iphone-16-pro-max-256-gb-gold-66aAqTrqhBhcLiAWyPR5M47X.html,5,2026-09-16T02:11:25.445069+00:00,business,"iPhone 16 Pro Max. 95% Battery Health, 256GB. Buy your favorite iPhone from TECH LIFE because we offer the best price, premium quality, and hassle-free customer service! Shop Location: Shop number: 121, Sopnochura plaza, kadirgonje."
Apple iPhone 16 Pro Max 256 GB Gold,140000,Used,"Rajshahi, Vodra",11/08,https://bikroy.com/vodra/mobile-phones/apple-iphone-16-pro-max-256-gb-gold-uHlECjiTIiHFZLDRNjIZvy3w.html,3,2026-09-16T02:11:25.812762+00:00,individual,"iPhone 16 Pro Max — Singapore Variant
Storage: 256GB
Battery Health: 97%
Variant: Singapore
Condition: Completely good, no issues
Box & Accessories: Everything is included
Face ID / True Tone / Camera: Everything is working fine
Kept with great care
Only genuinely interested people should contact."
Apple iPhone 16 Pro Max 256 GB Gold,127000,Used,"Rajshahi, Shaheb Bazar",20/08,https://bikroy.com/shaheb-bazar/mobile-phones/apple-iphone-16-pro-max-256-gb-gold-jW7nEm7s3EnN3akTJ229KCvX.html,4,2026-09-16T02:11:26.566513+00:00,individual,"Iphone 16 pro max
box and cash memo available 
warrenty 2 month available
USA varient
256 gb
fully fresh
BH 100%
92 charging cycle"
Apple iPhone 17 Pro Max 256 GB Silver,145000,Used,"Rajshahi, Shaheb Bazar",20 hours ago,https://bikroy.com/shaheb-bazar/mobile-phones/apple-iphone-17-pro-max-256-gb-silver-hLhg4H3itM9ABXK04yoqmsQi.html,3,2026-09-16T02:11:27.287953+00:00,individual,"iPhone 17 Pro Max
256 GB, 100% Battery Health
Super condition
7 days replacement guarantee
1 year service warranty
#exchange possible
Our Address:
Smart Choice, Shop No. 211,
City Center, Beside Rajshahi College, Sonadighi Mor, Rajshahi
Call for any details:"
Apple iPhone 17 Pro Max 512 GB Blue,165000,Used,"Rajshahi, Shaheb Bazar",20 hours ago,https://bikroy.com/shaheb-bazar/mobile-phones/apple-iphone-17-pro-max-512-gb-blue-csV8slMWeD0XUh2vOu3pydkj.html,2,2026-09-16T02:11:27.833851+00:00,individual,"iPhone 17 Pro Max, 512 GB, 100% battery health, cycle count 105. Super condition. Comes with a 7-day replacement guarantee and 1-year service warranty. Exchange possible. Our Address: Smart Choice, Shop No. 211, City Center, Beside Rajshahi College, Sonadighi Mor, Rajshahi. Call for details."
Apple iPhone 14 Pro Max 256 GB White,85500,Used,"Rajshahi, Nawdapara",03/09,https://bikroy.com/nawdapara/mobile-phones/apple-iphone-14-pro-max-256-gb-white-5W2Xz2ilWbrQ1cT2vKcx5Xgr.html,5,2026-09-16T02:11:28.305347+00:00,individual,"আমি প্রথম ইউজার,,,, কোন প্রকার সমস্যা নাই,,,, একদম নতুন ফোন,,,, 15 pro max নিবো তাই সেল করে দিচ্ছি,,,, ব্যাটারি হেল্থ ৯২ 🔋USA varrient,, যত ইচ্ছা চেক করে নিবেন,,,, সাথে ওরিজিনাল চার্জার ও কেবল দেওয়া হবে ❤️ যোগাযোগ নাম্বার 019XXXXXXXX"
Apple iPhone 14 Pro Max 256 GB Black,66500,Used,Rajshahi,04/09,https://bikroy.com/rajshahi/mobile-phones/apple-iphone-14-pro-max-256-gb-black-iGpcdozoRE1E46WZp0kca0jh.html,5,2026-09-16T02:11:28.934518+00:00,individual,"Phone sob kichu original... 2 ta psychical dual sim...
Security hisebe ja chan dewa Jabe ... Memo ache
Dam kichu ta kom rakha Jabe newar moto dam bolben aje baje dam bolben na....

Number 017XXXXXXXX"
Apple iPhone 14 Pro Max 256 GB Purple,74000,Used,"Rajshahi, Shaheb Bazar",20 hours ago,https://bikroy.com/shaheb-bazar/mobile-phones/apple-iphone-14-pro-max-256-gb-purple-chrDhW9u7STAZkcpUOjNWLjF.html,3,2026-09-16T02:11:29.328631+00:00,individual,"iPhone 14 Pro Max, 256 GB, 81% battery health. Physical SIM. Super condition. 7 days replacement guarantee. 1 year service warranty. #exchange possible. Our Address: Smart Choice, Shop No. 211, City Center, Beside Rajshahi College, Sonadighi Mor, Rajshahi. Call for any details:"
Apple iPhone 14 Pro Max 256 GB Purple,80000,Used,Rajshahi,28/08,https://bikroy.com/rajshahi/mobile-phones/apple-iphone-14-pro-max-256-gb-purple-r8ScCt13jIenxRe0CZwnkjQZ.html,5,2026-09-16T02:11:30.045730+00:00,individual,"iphone 14 pro max..betrry 85, ফোনটা একদম press, নো চেন্জ সব জেনুয়িন বক্স নাই ,,সিঙ্গাপুর ভেরিয়ান্ড,,"
Apple iPhone 16 128 GB White,69000,Used,"Rajshahi, Shaheb Bazar",20 hours ago,https://bikroy.com/shaheb-bazar/mobile-phones/apple-iphone-16-128-gb-white-kf4Ow26G5OQJFaPzAD2zykdL.html,3,2026-09-16T02:11:30.665361+00:00,individual,"iPhone 16
128 GB, 100% Battery Health
Super condition
7 days replacement guarantee
1 year service warranty
#exchange possible
Our Address:
Smart Choice, Shop No. 211,
City Center, Beside Rajshahi College, Sonadighi Mor, Rajshahi
Call for any details:"
Apple iPhone 15 Pro Max 256 GB Blue,95000,Used,"Rajshahi, Kadirgonj",11 hours ago,https://bikroy.com/kadirgonj/mobile-phones/apple-iphone-15-pro-max-256-gb-blue-1Kw5xp9PLgIFGcmJ3VxgJj3U.html,5,2026-09-16T02:11:31.083250+00:00,individual,"আসসালামু আলাইকুম ওয়া রহমাতুল্লহি ওবারকাতুহ 
ফ্রেশ কন্ডিশন
📦 বক্স: Only Device
🧾 ক্যাশ মেমো: আছে
🔁 রিপ্লেসমেন্ট গ্যারান্টি: ৭ দিন পর্যন্ত পাবেন ( শর্তসাপেক্ষে ) 
লোকেশন: রাজশাহী কাদিরগঞ্জ চালপট্টি, লার্জ ফার্মার পাশে , স্বপ্নচূড়া প্লাজা নগর ভবনের পিছে।  
🏪 শপ নং: ১২৩ - নিচ তলা লিফটের পাশে 
🏬 শপ নাম: Rajshahi Mobile Bari 019XXXXXXXX"
Apple iPhone 15 Plus 128 GB Black,65000,Used,"Rajshahi, Shaheb Bazar",20 hours ago,https://bikroy.com/shaheb-bazar/mobile-phones/apple-iphone-15-plus-128-gb-black-39lMK4kbQi46v2oAe9V2gR8W.html,3,2026-09-16T02:11:31.696166+00:00,individual,"iPhone 15 Plus
128GB / 89% Battery Health
Physical SIM
Super condition
7 days replacement guarantee
1 year service warranty
#exchange possible
Our Address:
Smart Choice, Shop No. 211,
City Center, Beside Rajshahi College, Sonadighi Mor, Rajshahi
Call for any details:"
Apple iPhone 14 Pro Max 128 GB Blue,56999,Used,Rajshahi,25/08,https://bikroy.com/rajshahi/mobile-phones/apple-iphone-14-pro-max-128-gb-blue-1AeMIgzsQehaan9Gxj9CaecG.html,4,2026-09-16T02:11:32.405142+00:00,individual,"Please message first.
Condition: iPhone 14 Pro Max (128GB)
Battery: 80%
Physical + eSIM
iOS: 26.6.1
Included with it: Box and good quality charger.
Condition: Only back glass is cracked.
And there is a small dot near the front camera which is not noticeable. Pictures are provided."
Apple iPhone 16 Pro 128 GB Rose Gold,93000,Used,"Rajshahi, Shaheb Bazar",20 hours ago,https://bikroy.com/shaheb-bazar/mobile-phones/apple-iphone-16-pro-128-gb-rose-gold-axUnNwSc7ZwYZ7ffrUbtkoV1.html,3,2026-09-16T02:11:32.782878+00:00,individual,"iPhone 16 Pro
128GB, 91% Battery Health
Physical SIM
Super condition
Enjoy a 7-day replacement guarantee
1-year service warranty
#exchange possible
Our Address:
Smart Choice, Shop No. 211,
City Center, Beside Rajshahi College, Sonadighi Mor, Rajshahi
Call for any details:"
Apple iPhone 14 Pro 128 GB Gray,67000,Used,"Rajshahi, Kadirgonj",11 hours ago,https://bikroy.com/kadirgonj/mobile-phones/apple-iphone-14-pro-128-gb-gray-6vTFl9lFg3Q9G4CBlueCeFWN.html,5,2026-09-16T02:11:33.226367+00:00,individual,"আসসালামু আলাইকুম ওয়া রহমাতুল্লহি ওবারকাতুহ 
ফ্রেশ কন্ডিশন
 বক্স: Only Device
 ক্যাশ মেমো: আছে
 রিপ্লেসমেন্ট গ্যারান্টি: ৭ দিন পর্যন্ত পাবেন ( শর্তসাপেক্ষে ) 
লোকেশন: রাজশাহী কাদিরগঞ্জ চালপট্টি, লার্জ ফার্মার পাশে , স্বপ্নচূড়া প্লাজা নগর ভবনের পিছে। 
 শপ নং: ১২৩ - নিচ তলা লিফটের পাশে 
 শপ নাম: Rajshahi Mobile Bari 019XXXXXXXX"
Apple iPhone 15 Pro 256 GB Blue,90000,Used,"Rajshahi, Shaheb Bazar",20 hours ago,https://bikroy.com/shaheb-bazar/mobile-phones/apple-iphone-15-pro-256-gb-blue-wQ01JX61flblQEsEtp0vo4Wi.html,4,2026-09-16T02:11:33.743304+00:00,individual,"IPhone 15 pro 
256 gb 87 bh 
Warranty available until 2031 
Super condition 
7 days replacement guarantee  
1 year service warranty  
#exchange possible 
Our Address :
Smart Choice , Shop No. 211 , 
City center , Beside of Rajshahi College , Sonadigir mor Rajshahi
Call for any details:"
New Apple iPhone 15 128 GB Pink,60000,Brand New,"Rajshahi, Shaheb Bazar",20 hours ago,https://bikroy.com/shaheb-bazar/mobile-phones/new-apple-iphone-15-128-gb-pink-53q78tUVolUACOZSUSrcaQgu.html,2,2026-09-16T02:11:34.394156+00:00,individual,"iPhone 15
128 GB, 85-100% Battery Health
Physical SIM
Super condition
Enjoy a 7-day replacement guarantee
1-year service warranty
#Exchange possible
Our Address:
Smart Choice, Shop No. 211,
City Center, Beside Rajshahi College, Sonadighi Mor, Rajshahi
Call for any details:"
Apple iPhone 15 128 GB Black,58500,Used,Rajshahi,26/08,https://bikroy.com/rajshahi/mobile-phones/apple-iphone-15-128-gb-black-a4oEq8ZmlYGLGthLMUs67m2w.html,5,2026-09-16T02:11:34.774044+00:00,individual,"Full Fresh Phone ✅
No Scratches All Ok ✅"
Apple iPhone 14 Pro Max 256 GB Purple,65000,Used,Rajshahi,16 hours ago,https://bikroy.com/rajshahi/mobile-phones/apple-iphone-14-pro-max-256-gb-purple-itE9bKq6oV7qrdGIkPPZoQKf.html,3,2026-09-16T02:11:35.487301+00:00,individual,"Battery health 86%.
1 physical and 1 e-SIM. Full fresh condition but 1 green line issue. Original cable and box cash memo available."
Apple iPhone 11 128 GB White,27000,Used,"Rajshahi, Rajpara",04/09,https://bikroy.com/rajpara/mobile-phones/apple-iphone-11-128-gb-white-ef8ruZk9VOFR9BSxXypBQ9k.html,4,2026-09-16T02:11:36.211631+00:00,individual,"iphone-11
Battery health: 74%
Storage:128 GB(USA Variant)

Laptop-HP Elitebook CORE i7 vpro 8th gen 8 GB RAM, 239 GB SSD"
Apple iPhone 13 128 GB Blue,40000,Used,"Rajshahi, Paba",2 days ago,https://bikroy.com/paba/mobile-phones/apple-iphone-13-128-gb-blue-czS4i5M9Wq32qVfLM7q7wodI.html,4,2026-09-16T02:11:36.914263+00:00,individual,"All ok, authentic phone, water proof checked, Face ID ok, battery 80... check as much as you want... contact WhatsApp"
Apple iPhone 14 Plus 256 GB White,55000,Used,"Rajshahi, Nawdapara",10 hours ago,https://bikroy.com/nawdapara/mobile-phones/apple-iphone-14-plus-256-gb-white-wPWB4eBkSuzeCpVYuCqLlK7I.html,5,2026-09-16T02:11:37.426536+00:00,individual,Phone number 019XXXXXXXX
Apple iPhone 13 128 GB Pink,40000,Used,"Rajshahi, Boalia",09/09,https://bikroy.com/boalia/mobile-phones/apple-iphone-13-128-gb-pink-ypmY3JFbIJXKLlqBsEe0zJvb.html,5,2026-09-16T02:11:38.059661+00:00,individual,"Battery health 80%
Parts genuine 
China variant 
All okay (face id, true tone)"
Apple iPhone 12 Pro Max 256 GB White,50000,Used,Rajshahi,20 hours ago,https://bikroy.com/rajshahi/mobile-phones/apple-iphone-12-pro-max-256-gb-white-al4rUSCPA8H1lU2k4kLv3PpT.html,3,2026-09-16T02:11:38.754400+00:00,individual,"iPhone 12 Pro Max
256 GB, 91% Battery Health
Super condition
7 days replacement guarantee
1 year service warranty
#exchange possible
Our Address:
Smart Choice, Shop No. 211,
City Center, Beside Rajshahi College, Sonadighi Mor, Rajshahi
Call for any details:"
Apple iPhone 12 Pro 128 GB Blue,36009,Used,Rajshahi,07/09,https://bikroy.com/rajshahi/mobile-phones/apple-iphone-12-pro-128-gb-blue-vXVyD8dyn6mfHTSZTE0SogmU.html,5,2026-09-16T02:11:39.363580+00:00,individual,ফোনে কোন সমস্যা নেই। কখনো খোলা হয়নি। ব্যাটারি হেলথ ৭৩% 018XXXXXXXX
Apple iPhone 14 128 GB Blue,36500,Used,"Rajshahi, Kazla",1 day ago,https://bikroy.com/kazla/mobile-phones/apple-iphone-14-128-gb-blue-3atLbgKyqxAadCibbEG90tWw.html,5,2026-09-16T02:11:39.884518+00:00,individual,"Battery 82
Storage 128
Wifi bypass"
Apple iPhone 13 128 GB,38000,Used,Rajshahi,02/09,https://bikroy.com/rajshahi/mobile-phones/apple-iphone-13-128-gb-dfckkFeXGFzg648T5eIgcFY5.html,4,2026-09-16T02:11:40.491193+00:00,individual,ফোন ১০০% waterproof চেক করে দেখে নিতে পারবেন
Apple iPhone 12 64 GB,25000,Used,"Rajshahi, Kazla",26/08,https://bikroy.com/kazla/mobile-phones/apple-iphone-12-64-gb-iMtJxZeUQmaRizBHJXpzBx81.html,5,2026-09-16T02:11:41.217743+00:00,individual,বিক্রয় করা হবে ফোনের কোন প্রবলেম নেই ডিসপ্লে চেঞ্জ করা হয়েছে সাড়ে ছয় হাজার টাকা দিয়ে ফেস আইডি টুটনসব ওকে আছে ব্যাটারির চেঞ্জ করা হয়েছে প্রায় ছয় মাস আগে ৩২০০ টাকা দিয়ে যদি নিতে চান তাহলে যোগাযোগ করুন
Apple iPhone 14 Pro 256 GB Silver,50000,Used,"Rajshahi, Kadirgonj",27/08,https://bikroy.com/kadirgonj/mobile-phones/apple-iphone-14-pro-256-gb-silver-BceWAugklE1PgMpW2mB0wdxB.html,3,2026-09-16T02:11:41.639776+00:00,individual,phn desin thak ea pora glass fata gaca all ok funn orginal
Apple iPhone 12 Pro 128 GB Blue,35500,Used,"Rajshahi, Kazla",07/09,https://bikroy.com/kazla/mobile-phones/apple-iphone-12-pro-128-gb-blue-6cdgJjud2PxgcM3kR0dr47TR.html,5,2026-09-16T02:11:42.132942+00:00,individual,"কোন সমস্যা নেই, দেখে নিতে পারবেন। ব্যাটারি হেলথ ৭৩%। ফোন কখনো খোলা হয়নি। যমুনা ফিউচার পার্ক থেকে কেনা হয়েছে। মানি রিসিট আছে। EVERYTHING ORIGINAL AND OKAY 016XXXXXXXX"
Apple iPhone 12 Pro 256 GB Gold,35000,Used,Rajshahi,16 hours ago,https://bikroy.com/rajshahi/mobile-phones/apple-iphone-12-pro-256-gb-gold-yxhp8HJuGk19uGtAxpoaEjKU.html,5,2026-09-16T02:11:42.719423+00:00,individual,"Please read carefully before messaging
The mobile has never been opened. The issues are that the Face ID does not work after updating. The back shell is cracked. A cash memo will be provided with the mobile and an ID card will be given as security. Only those who are willing to buy should call or message, thank you."
Apple iPhone 14 128 GB Black,45000,Used,"Rajshahi, Boalia",02/09,https://bikroy.com/boalia/mobile-phones/apple-iphone-14-128-gb-black-fltkEFXWOajdKjMwgUtDdFJt.html,3,2026-09-16T02:11:43.365170+00:00,individual,"iPhone 14
Variant - Indian
All ok 
Battery Health - 79%"
Apple iPhone 11 Pro 256 GB Graphite,27000,Used,"Rajshahi, Vodra",11 hours ago,https://bikroy.com/vodra/mobile-phones/apple-iphone-11-pro-256-gb-graphite-1bhYokivuGh6o32KRVSixxmS.html,5,2026-09-16T02:11:44.083090+00:00,individual,"Fresh condition, hardly any scratches. 1 Physical SIM + 1 eSIM. Bought from Swap, Box & Memo available. Apple Original Refurbished; no Local Repair/Parts Change. All Stock Original, no issues. Fully updated.

🔋 Battery Health 77%, gives 4–5 hours backup on normal use.

Selling because I need a gaming phone."
Apple iPhone 17 Pro Max 256 GB Blue,145000,Used,"Chattogram, Agrabad",10/08,https://bikroy.com/agrabad/mobile-phones/apple-iphone-17-pro-max-256-gb-blue-snfLGfPzLndHMLxgbki9Y7DI.html,4,2026-09-16T02:11:44.495298+00:00,individual,"Fresh conditions with original box cable
Brought from Kuwait"
Apple iPhone 17 Pro Max 512 GB Orange,178000,Used,"Chattogram, Cornelhat",13/09,https://bikroy.com/cornelhat/mobile-phones/apple-iphone-17-pro-max-512-gb-orange-2AP8nVpWow23RTyIfIyjDYMc.html,5,2026-09-16T02:11:45.099999+00:00,individual,"iPhone 17 Pro Max 512
Stellar Condition. GCC Specs. 
Used as Secondary Phone.
Bought from Dubai
Like Brand New

Full Boxed
12 Gb / 512 Gb
*DUAL eSIM. No Physical Sim
Battery health 100 percent 32 Cycles.
Warranty Remaining till 14/03/2027"
New Apple iPhone 17 Pro Max 256 GB White,169999,Brand New,"Chattogram, Chandgaon",1 day ago,https://bikroy.com/chandgaon/mobile-phones/new-apple-iphone-17-pro-max-256-gb-white-sj305H3n4ssB0OChjyzbQajx.html,4,2026-09-16T02:11:45.613257+00:00,individual,"iPhone 17 Pro Max 256GB Dual Physical SIM. Available in Cosmic Orange, Silver, and Deep Blue."
New Apple iPhone 17 256 GB,126999,Brand New,"Chattogram, CDA Avenue",11 hours ago,https://bikroy.com/cda-avenue/mobile-phones/new-apple-iphone-17-256-gb-1CYQAs10kPWrKfvofWtmAhTY.html,3,2026-09-16T02:11:46.499494+00:00,individual,"Indian Variant
Display: 6.3-inch LTPO Super Retina XDR OLED, 120Hz, HDR10,
Chipset: Apple A19 (3 nm), Hexa-core CPU, Apple 5-core GPU
Main Camera: Dual 48 MP rear dual LED flash, HDR, 4K video
Selfie Camera: 18 MP front
Battery: Li-Ion 3692 mAh
ক্রেডিট কার্ড এর মাধ্যমে ২০ টির অধিক ব্যাংকে ৩৬ মাস পর্যন্ত EMI এর সুবিধা রয়েছে। (*শর্ত প্রযোজ্য*)"
Apple iPhone 17 Pro Max 256 GB Orange,143000,Used,"Chattogram, Chandgaon",11/06,https://bikroy.com/chandgaon/mobile-phones/apple-iphone-17-pro-max-256-gb-orange-gd0z6KX6kuDnoVtAnfAkJAbK.html,5,2026-09-16T02:11:46.709827+00:00,individual,"iPhone 17 Pro Max with 5 months Dazzle Care, Japan variant.
Dual eSIM.
7 months used.
Battery: 100%.
All okay.
Dazzle official care warranty available for 5 months.
Mobile, original cable, and box will be provided."
Apple iPhone 17 Pro Max 256 GB Orange,143499,Used,"Chattogram, CDA Avenue",20 hours ago,https://bikroy.com/cda-avenue/mobile-phones/apple-iphone-17-pro-max-256-gb-orange-q39DcrXGBK4ZXCVArv9XOrY5.html,3,2026-09-16T02:11:47.433806+00:00,individual,"17 pro max 256gb
Battery-100%
cycle -20
Offer price -143490
Warranty available 27 jun 27"
New Apple iPhone 17 Pro 256 GB,149999,Brand New,"Chattogram, CDA Avenue",11 hours ago,https://bikroy.com/cda-avenue/mobile-phones/new-apple-iphone-17-pro-256-gb-Bpo6vlfMkzfVEiQlgOyNmRyF.html,3,2026-09-16T02:11:48.173211+00:00,individual,"(JP varient)
Display: 6.3"" LTPO Super Retina XDR OLED, 120Hz, Dolby Vision, 3000 nits peak brightness
Camera: Triple 48MP Pro system with periscope zoom, ultrawide,
Processor: Apple A19 Pro (3nm) with 6-core GPU
Battery: 3998mAh/4252mAh
ক্রেডিট কার্ড এর মাধ্যমে ২০ টির অধিক ব্যাংকে ৩৬ মাস পর্যন্ত EMI এর সুবিধা রয়েছে। (*শর্ত প্রযোজ্য*)"
Apple iPhone 16 Pro Max 512 GB Gold,125000,Used,"Chattogram, Chawkbazar",20 hours ago,https://bikroy.com/chawkbazar/mobile-phones/apple-iphone-16-pro-max-512-gb-gold-NHbPtHOtCvmrJCJKIBhOztI.html,3,2026-09-16T02:11:48.864975+00:00,individual,"iPhone 16 Pro Max, 512GB, Desert Titanium color, comes with box, Global version."
Apple iPhone 17 Pro 256 GB Purple,131990,Used,"Chattogram, CDA Avenue",20 hours ago,https://bikroy.com/cda-avenue/mobile-phones/apple-iphone-17-pro-256-gb-purple-yKqronSLFaMGrOnHTFv3QpWe.html,3,2026-09-16T02:11:49.613190+00:00,individual,"iPhone 17 Pro 256GB 🇱🇷 USA Variant 📱✨

🔋 Battery Health: 100%

✅ Cycle Count: 152

📍 First Use in MAY 2026

✨ Condition: Full Fresh

🛡️ Apple Warranty Available till May 2027

💰 Offer Price: Only ৳1,31,990/-

আজই Decent থেকে"
New Apple iPhone 17 Pro Max 256 GB Silver,165000,Brand New,"Chattogram, Khulshi",12/08,https://bikroy.com/khulshi/mobile-phones/new-apple-iphone-17-pro-max-256-gb-silver-d7FJldVIS9rugoLqUzwYwfVR.html,4,2026-09-16T02:11:50.350670+00:00,individual,"Just opened, brought from outside. With bill, no charge, just open box"
Apple iPhone 16 Pro Max 512 GB Rose Gold,128000,Used,Chattogram,08/09,https://bikroy.com/chattogram/mobile-phones/apple-iphone-16-pro-max-512-gb-rose-gold-fRg22mOFYh4jqnyftdeFk3ut.html,5,2026-09-16T02:11:51.040799+00:00,individual,"Iphone 16 pro Max 512Gb dessert titanium
Phoneta dubai theke ana barely used phone... 100%spotless and fully fresh
Bh 90% but cycle count 351 only
With box
Real buyers only!!
Location must!!"
New Apple iPhone 17 Pro Max 256 GB Orange,159999,Brand New,"Chattogram, CDA Avenue",11 hours ago,https://bikroy.com/cda-avenue/mobile-phones/new-apple-iphone-17-pro-max-256-gb-orange-sc78jNGvXnXnCoefIQoTRX1R.html,3,2026-09-16T02:11:51.864488+00:00,individual,"JP variant
Display: 6.9"" LTPO Super Retina XDR OLED, 120Hz with 3000 nits peak brightness
Camera: 48MP triple camera with periscope zoom, LiDAR scanner, and 4K Dolby Vision video
Processor: Apple A19 Pro (3nm) with 6-core GPU
Battery: Up to 5088mAh
EMI facilities are available for up to 36 months through credit cards with more than 20 banks. (*Conditions apply*)"
Apple iPhone 17 Pro Max 256 GB Blue,142000,Used,"Chattogram, Rangunia",2 days ago,https://bikroy.com/rangunia/mobile-phones/apple-iphone-17-pro-max-256-gb-blue-coneaUkg6jtvIYOXiRTOiL7E.html,3,2026-09-16T02:11:52.271404+00:00,individual,"Sell post
 iPhone 17 Pro Max
 Excellent Condition
 Battery Health: 100%
 Charge Cycle: 55
 All Functions Working Perfectly
 Original Box & Accessories Available
 No Issues — Ready to Use"
Apple iPhone 17 Pro Max 256 GB,160000,Used,"Chattogram, Nasirabad",08/09,https://bikroy.com/nasirabad/mobile-phones/apple-iphone-17-pro-max-256-gb-djlB3kGwEua9LXyiIFUwAb6X.html,4,2026-09-16T02:11:52.778631+00:00,individual,Location a eshe dekhe nite parben. For more details WhatsApp on 018XXXXXXXX
Apple iPhone 16 Pro Max 256 GB Rose Gold,115000,Used,"Chattogram, New Market, Chattogram",12/09,https://bikroy.com/new-market/mobile-phones/apple-iphone-16-pro-max-256-gb-rose-gold-uJo9OsH8r61ll8LIDA7QG69D.html,5,2026-09-16T02:11:53.277057+00:00,individual,"The mobile was sent from Dubai, used by a single person, fully fresh body with no scratches
Battery health 90%
Original box is available, security can be provided if wanted
You can check it to your heart's content, no issues at all
Call directly at 019XXXXXXXX"
Apple iPhone 15 Pro Max 256 GB Blue,90999,Used,"Chattogram, Agrabad",09/09,https://bikroy.com/agrabad/mobile-phones/apple-iphone-15-pro-max-256-gb-blue-uaR5kf3pmj5kSXp8GYiJNhy1.html,3,2026-09-16T02:11:53.541645+00:00,individual,"IPhone 15 Pro Max
Storage: 256GB
Bh-89% (J/A varient )
Almost brand-new condition, not any single problem, not any scratch or dent.
FacelD, True-Tone everything working perfectly... 
Price almost fixed, don't say any insulting price and don't insult yourselt... 
Location: Agrabad, Chittagong"
Apple iPhone 15 128 GB Green,60000,Used,"Chattogram, New Market, Chattogram",12/09,https://bikroy.com/new-market/mobile-phones/apple-iphone-15-128-gb-green-CkAKX5ULsQ5PBzlcpm7GGey3.html,3,2026-09-16T02:11:54.334996+00:00,individual,"Must come to the location
Contact this number if you like the phone"
Apple iPhone 15 128 GB Green,60000,Used,"Chattogram, Hathazari",21/08,https://bikroy.com/hathazari/mobile-phones/apple-iphone-15-128-gb-green-hqruYq52r8ltNsTJbnijeMrr.html,5,2026-09-16T02:11:54.627197+00:00,individual,"Iphone 15 128GB
With original box, charging cable and Apple's 20w power adapter.
Varient- UK
Battery health- 83%
Charging cycle- 744
True tone works
No visible scratch or dent.
Location- 1 no. gate, University of Chittagong"
Apple iPhone 16 Pro 256 GB Gold,100000,Used,"Chattogram, Chandgaon",27/08,https://bikroy.com/chandgaon/mobile-phones/apple-iphone-16-pro-256-gb-gold-tutAnbEKeP00WFh0NuHjgWo3.html,5,2026-09-16T02:11:55.156893+00:00,individual,Experience completely fresh condition! Comes with box and browser.
Apple iPhone 14 Pro Max 128 GB Purple,59000,Used,"Chattogram, Pahartali",12/09,https://bikroy.com/pahartali/mobile-phones/apple-iphone-14-pro-max-128-gb-purple-ksU15q0TeForQHBgamDEZWM1.html,3,2026-09-16T02:11:55.653083+00:00,individual,"iPhone 14 Pro Max All okay full fresh
Battery and display changed original is installed...
Cash memo is present... only mobile will be given"
Apple iPhone 16 Pro 128 GB Rose Gold,110000,Used,"Chattogram, Oxygen",10/09,https://bikroy.com/oxygen/mobile-phones/apple-iphone-16-pro-128-gb-rose-gold-39Kpz2geyGBN5hC0oKU43H9b.html,5,2026-09-16T02:11:56.362591+00:00,individual,"IPhone 16 Pro
With Box all
128GB Storage
US Variant
Battery Health: 92%
Mobile condition--100% fresh
Contact 013XXXXXXXX"
Apple iPhone 16 128 GB Blue,70000,Used,"Chattogram, Kotwali, Chattogram",08/09,https://bikroy.com/kotwali/mobile-phones/apple-iphone-16-128-gb-blue-CsKJJ52KXROyVTjWc5UIzygh.html,3,2026-09-16T02:11:56.872920+00:00,individual,"Rom: 128Gb
Colour: Ultramarine
Health: 89
With box& cash memo"
Apple iPhone 14 Pro 1 TB Silver,72500,Used,"Chattogram, Hathazari",02/09,https://bikroy.com/hathazari/mobile-phones/apple-iphone-14-pro-1-tb-silver-43Dn4vsf7oNKHaxun7AYZwcN.html,5,2026-09-16T02:11:57.496163+00:00,individual,"Iphone 14 Pro 
1TB
Bettery 86
KH/A
Waterproof 
Only device with cash memo"
Apple iPhone 16 128 GB Blue,68000,Used,"Chattogram, New Market, Chattogram",08/09,https://bikroy.com/new-market/mobile-phones/apple-iphone-16-128-gb-blue-deHOwcm6Wf5WxyuH5wVx1wey.html,4,2026-09-16T02:11:58.108437+00:00,individual,"iPhone 16 with box
Full fresh
128 GB
Battery Health: 85% (original)
Face ID
True Tone
Waterproof
Physical SIM + eSIM
Everything is okay
Location: East Madarbari, Chattogram
Must visit location"
Apple iPhone 14 Pro Max 128 GB Black,67990,Used,"Chattogram, CDA Avenue",20 hours ago,https://bikroy.com/cda-avenue/mobile-phones/apple-iphone-14-pro-max-128-gb-black-moEX7VePCwU0zRId8UoBc1Fk.html,4,2026-09-16T02:11:58.743717+00:00,individual,"14 pro max usa 128gb
battray 86%
full fresh 
15 days replacement gurranty 
1 year service warranty 
DecDecent,Finlay"
New Apple iPhone 15 Plus 256 GB Pink,79990,Brand New,"Chattogram, Baizid",20 hours ago,https://bikroy.com/baizid/mobile-phones/new-apple-iphone-15-plus-256-gb-pink-zaIvEoNR5e3voQJzpXqd1LzB.html,3,2026-09-16T02:11:59.435691+00:00,individual,"Get the iPhone 15 Plus 256GB (USA Variant) now at an offer price at Decent! 

Decent brings you the iPhone 15 Plus USA Variant — right within your reach 

 iPhone 15 Plus (USA Variant) - 
Finlay Square, Level-4, Shop-406, 2 No Gate, Nasirabad, Chattogram
Finlay South City, Level-5, Shop-525, Bahaddarhat, Chattogram"
Apple iPhone 14 Pro Max 256 GB Purple,65000,Used,"Chattogram, Agrabad",12/09,https://bikroy.com/agrabad/mobile-phones/apple-iphone-14-pro-max-256-gb-purple-aoR0rCa42tuFwEthfUCOw8Ao.html,5,2026-09-16T02:12:00.151530+00:00,individual,"iPhone 14 Pro Max
3uTools score 98%
Storage 256GB
Battery health 80%
All parts original
Amazing camera
1 physical SIM, 1 eSIM
Face ID, True Tone, everything works great
No issues or problems at all
Check thoroughly before taking it
Cash memo and cover will be provided"
Apple iPhone 15 Plus 128 GB Black,70000,Used,"Chattogram, Kotwali, Chattogram",01/09,https://bikroy.com/kotwali/mobile-phones/apple-iphone-15-plus-128-gb-black-hKFitFgKBQLDFJAE9xNoherZ.html,3,2026-09-16T02:12:00.667176+00:00,individual,"Selling my iPhone 15 Plus.
✨ 99% fresh condition very well maintained.

📦 Original box 
✅ Everything is working perfectly
🔋 Battery health: 87%
🎨 Color: Black
💾 Storage: 128 GB
💰 Price: 70K
📍 Location: New market, Chittagong 
📩 Serious buyers, please inbox me.
No time-wasters, please. Thank you! 🙏"
Apple iPhone 12 Pro Max 128 GB Blue,42500,Used,"Chattogram, Pahartali",01/09,https://bikroy.com/pahartali/mobile-phones/apple-iphone-12-pro-max-128-gb-blue-mUxvKQpO47HF4CJeJ4a72mKm.html,3,2026-09-16T02:12:01.256453+00:00,individual,Chinese Variant fresh condition Iphone 12 Pro Max 128GB. Battery Health 99%. Only genuine buyers please inbox or call directly. Thanks in advance.
Apple iPhone 14 Plus 256 GB White,52500,Used,"Chattogram, Khulshi",10 hours ago,https://bikroy.com/khulshi/mobile-phones/apple-iphone-14-plus-256-gb-white-eV3Nb5w5bDTFPll6GXNFfLoc.html,5,2026-09-16T02:12:01.994984+00:00,individual,"iPhone 14 Plus 256GB
White
Physical dual SIM
No parts changed, never opened
Battery health 79"
Apple iPhone 12 Pro Max 128 GB Gray,42000,Used,"Chattogram, Chawkbazar",08/09,https://bikroy.com/chawkbazar/mobile-phones/apple-iphone-12-pro-max-128-gb-gray-eNAB777gAcM45kKzk4WMHYKl.html,3,2026-09-16T02:12:02.641277+00:00,individual,"Grey
128 gb
BT 82% authentic 
Cash memo ,cable Nid"
Apple iPhone 13 Pro Max 256 GB Green,52000,Used,"Chattogram, Halishahar",04/09,https://bikroy.com/halishahar/mobile-phones/apple-iphone-13-pro-max-256-gb-green-bp7o8ns6SSs5nOWIePtBEe8x.html,3,2026-09-16T02:12:03.325554+00:00,individual,Green iPhone 13 Pro Max. No box.
Apple iPhone 11 128 GB,23500,Used,"Chattogram, Chandgaon",18/08,https://bikroy.com/chandgaon/mobile-phones/apple-iphone-11-128-gb-oQyB4RjO6TrOSVx9SxRXDWfu.html,3,2026-09-16T02:12:03.944785+00:00,individual,"Iphone 11
128 gb storage
face id ok
true tone ok
everything is genuine
camera joss
battery health 74%
charger will be given
will run 6 hours plus on full charge
If you want to buy, you must come to the location,
Location: Kaptai Rastar Matha or Kalughat
Phone: (whatsapp available)"
Apple iPhone 11 128 GB Green,21000,Used,"Chattogram, Chawkbazar",11/09,https://bikroy.com/chawkbazar/mobile-phones/apple-iphone-11-128-gb-green-cJy2FRDCnFGkJFDCLO1tJXCO.html,3,2026-09-16T02:12:04.659806+00:00,individual,"Only 21,000 Taka! This is going to be the best deal for you!
iPhone 11 (With box) | 128GB | Mint Green
Original Box + Cover + Screen Protector + Apple 20W Cable!
Display Changed & Face ID Issue is there, but with 128GB Storage + Original Battery (72%), overall absolute value for money!
Chawkbazar, Chattogram
Interested? Inbox us!"
Apple iPhone 13 128 GB White,41000,Used,"Chattogram, Chawkbazar",02/09,https://bikroy.com/chawkbazar/mobile-phones/apple-iphone-13-128-gb-white-5KQRFl6JuDSkUHDpQe21PlHy.html,4,2026-09-16T02:12:05.377008+00:00,individual,"Battery health 86%
Conditions:Fresh 
Variants: japan
Used: 1 months"
Apple iPhone 14 128 GB White,44990,Used,"Chattogram, CDA Avenue",20 hours ago,https://bikroy.com/cda-avenue/mobile-phones/apple-iphone-14-128-gb-white-i9wkjm7v34rrOZyc7WVHe3gG.html,3,2026-09-16T02:12:05.787437+00:00,individual,"iPhone 14 — Hot Deal at Decent 

Apple iPhone 14 (Global)

128GB | 🔋 Enjoy 84% Battery Health



Capture stunning photos with a Powerful Camera for daily use

Delivery Available |

15-day replacement guarantee | Lifetime service warranty 018XXXXXXXX"
Apple iPhone 14 Pro Max 256 GB Black,52000,Used,"Chattogram, Agrabad",03/09,https://bikroy.com/agrabad/mobile-phones/apple-iphone-14-pro-max-256-gb-black-hMp1Uvau7xfjnWN8UUxqh7oJ.html,4,2026-09-16T02:12:06.516598+00:00,individual,"iPhone 14 Pro Max USA Variant - 256 GB

Dull E-Sim👉

Phone Fresh Aca
Change History
Display Change But GX Original
Camera Change But Original
Battery Change But High Capacity Lagano.

Valo Android Mobile thakla Exchange kortha parben📱"
Apple iPhone 13 Pro 256 GB Blue,42000,Used,"Chattogram, Karnaphuli",28/08,https://bikroy.com/karnaphuli/mobile-phones/apple-iphone-13-pro-256-gb-blue-dNSOzZB4LWv6sF5MylHzTWaw.html,5,2026-09-16T02:12:06.942480+00:00,individual,"IPhone 13 Pro
Set full Frash 
256 Gb 
Face ID✅
True tone ✅
Face ID✅
New Bettari lagano aca ❌
All ok aca 
Display change ❌
Just original glass fata aca kintu buja jai na 🚫"
Apple iPhone 13 Pro 128 GB Black,45500,Used,"Chattogram, Agrabad",11 hours ago,https://bikroy.com/agrabad/mobile-phones/apple-iphone-13-pro-128-gb-black-uDardxSCLy9rfaxn9XOhGjoL.html,4,2026-09-16T02:12:07.623800+00:00,individual,"All ok
Authentic set 
128gb
Battery Health 73%
Set + cover + cash memo 
Waterproof is intact
Must come to location to buy"
Apple iPhone XS Max 256 GB White,24000,Used,"Chattogram, Kotwali, Chattogram",03/09,https://bikroy.com/kotwali/mobile-phones/apple-iphone-xs-max-256-gb-white-asqkocoyRDm2XnYjd69wFUL.html,5,2026-09-16T02:12:08.342496+00:00,individual,Original UK version 256GB comes with box cable and charger. Never opened before it's a challenge. Best in condition regarding it's age. No cracks or damage but some marks due it's age on metal frame only. Cash on collection only
Apple iPhone 11 Pro Max 256 GB Silver,30000,Used,"Chattogram, Agrabad",04/09,https://bikroy.com/agrabad/mobile-phones/apple-iphone-11-pro-max-256-gb-silver-ax3QcNtt3WVkQyt72iHQBhYV.html,5,2026-09-16T02:12:09.172527+00:00,individual,"Kono issues nei phone chalay moja paben ar ha kono sommosa  nai phone a just old model 
79% bh"
New Apple iPhone 12 Pro 256 GB Blue,43000,Brand New,"Chattogram, Alankar",07/09,https://bikroy.com/alankar/mobile-phones/new-apple-iphone-12-pro-256-gb-blue-8cEleiZtrjzhjMyeM8TYh3D5.html,5,2026-09-16T02:12:09.579483+00:00,individual,"iPhone 12 Pro 
256GB
Everything is in perfect working order
Battery Health 82%
No issues at all
Includes Box, Cash Memo, Cable, and 3 covers"
Apple iPhone 16 Pro Max 256 GB White,110000,Used,"Dhaka, Bashundhara City",11 hours ago,https://bikroy.com/bashundhara-city/mobile-phones/apple-iphone-16-pro-max-256-gb-white-7ujAzHqIDkBuKAeQqxXAn1an.html,3,2026-09-16T02:12:09.884657+00:00,individual,"10-day replacement guarantee
2-year service warranty
Safe courier facility across the country
Attractive exchange offer
Basement-1, Shop-84, Bashundhara City Shopping Mall
Price is subject to change. Please contact via WhatsApp before visiting."
Apple iPhone 16 Pro 256 GB,110000,Used,"Dhaka, Mohammadpur",31/08,https://bikroy.com/mohammadpur/mobile-phones/apple-iphone-16-pro-256-gb-WIoXO5kOg1Ez1of1jaR3IpV.html,4,2026-09-16T02:12:10.398840+00:00,individual,"Single handed use and full authentic 
No repair history 
Still have 1 month warranty"
Apple iPhone 17 Pro 256 GB Orange,137990,Used,"Dhaka, Uttara",2 hours ago,https://bikroy.com/uttara/mobile-phones/apple-iphone-17-pro-256-gb-orange-neGR2oVekap4hupW6iXbG1Wa.html,3,2026-09-16T02:12:10.906215+00:00,individual,"Western Mobile Fair
Shop No. 614/622/623/625 (Level #6) Tropical Alauddin Tower, Uttara
Dear Honourable Customer,
100% original device
Full factory unlocked
EMI available on credit cards from 31 banks. Thanks for being with us."
Apple iPhone 16 Pro Max 256 GB Gold,117000,Used,"Dhaka, Mohammadpur",18 hours ago,https://bikroy.com/mohammadpur/mobile-phones/apple-iphone-16-pro-max-256-gb-gold-wXrxrndx1QFbmVJaW3Exq4Rj.html,3,2026-09-16T02:12:11.344071+00:00,individual,"iPhone 16 Pro Max — Full Fresh Condition 🔥
✨ Absolutely full fresh condition
✅ Looks and uses just like new
✅ No marks/scratches
✅ Original Money Receipt available
✅ You can check everything
💯 Contact if you are a serious buyer"
Apple iPhone 16 Pro Max 256 GB Rose Gold,115000,Used,"Dhaka, Uttara",08/09,https://bikroy.com/uttara/mobile-phones/apple-iphone-16-pro-max-256-gb-rose-gold-3eKOzn9gVPyqV983G2c65Zd1.html,4,2026-09-16T02:12:11.987515+00:00,individual,"Iphone 16 pro max 
256gb
90%
Cycle count 671 
Box available 
Fresh condition 
Prices negotiable 
Location Uttara ,sector 7 azampur ."
Apple iPhone 16 Pro Max 256 GB Rose Gold,130000,Used,"Dhaka, Savar",6 hours ago,https://bikroy.com/savar/mobile-phones/apple-iphone-16-pro-max-256-gb-rose-gold-uvXTWndqu2qvG9XWuGajwHog.html,5,2026-09-16T02:12:12.643223+00:00,individual,"I have 2 more iPhone 17 Pro Max at home. It is not used and still has 100% battery health. I will give away everything I have. You can check the phone yourself. Moreover, the place I got it from is a trusted shop, you can come and check everything."
Apple iPhone 16 Pro Max 256 GB Black,110000,Used,"Dhaka, Uttara",20 hours ago,https://bikroy.com/uttara/mobile-phones/apple-iphone-16-pro-max-256-gb-black-jLdlS7dgtMReFCElYtM7U5L3.html,4,2026-09-16T02:12:13.470153+00:00,individual,"iPhone 16 Pro Max | Pre-Owned
256GB Storage
USA Variant
Box Available
Battery Health: 91%
7 Days Replacement & 1 Year Service Warranty
EMI Facility Available
Exchange Hub
Shop No: 610, 611, 628 & 629, Level-6, Tropical Alauddin Tower, Sector 3, Road 2, Rajlaxmi, Uttara
Call for Details 017XXXXXXXX"
Apple iPhone 16 Pro Max 256 GB Black,115000,Used,"Dhaka, Badda",05/09,https://bikroy.com/badda/mobile-phones/apple-iphone-16-pro-max-256-gb-black-pwuGYdPCC3J1hw7x0QJw1QXO.html,5,2026-09-16T02:12:14.080791+00:00,individual,"Iphone 16 pro max 256gb usa variant 100 bh cycle count 75 .warranty available March,2027 ."
Apple iPhone 17 Pro 512 GB Orange,162000,Used,"Dhaka, Baridhara",2 hours ago,https://bikroy.com/baridhara/mobile-phones/apple-iphone-17-pro-512-gb-orange-ufyEPY8ExtudxSrHg7s3LGpG.html,3,2026-09-16T02:12:14.698553+00:00,individual,"IPhone 17 pro GB 512/Bh/100%cc145
Contact 018XXXXXXXX"
Apple iPhone 16 Pro Max 256 GB Silver,118000,Used,"Dhaka, Jatrabari",1 day ago,https://bikroy.com/jatrabari/mobile-phones/apple-iphone-16-pro-max-256-gb-silver-aCm8HF7uOcOSzKa1ITtnuUFp.html,5,2026-09-16T02:12:15.332658+00:00,individual,"📱 iPhone 16 Pro Max 256GB — Full Fresh Condition 🔥

একদম ফ্রেশ ও যত্নে ব্যবহার করা iPhone 16 Pro Max বিক্রি করা হবে।

✨ Model: iPhone 16 Pro Max
💾 Storage: 256GB
🎨 Color: Natural Titanium
🔋 Battery Health: 91%
💎 Condition: একদম ফ্রেশ 
phone er sathe ja jabe paben 
Box paben 
Cash memo paben
Phone er cover paben 
Price :118000"
Apple iPhone 16 Pro Max 512 GB Gold,123000,Used,"Dhaka, Mohammadpur",2 hours ago,https://bikroy.com/mohammadpur/mobile-phones/apple-iphone-16-pro-max-512-gb-gold-zqXlarwxO5FLmM6vMU2Xuo9t.html,3,2026-09-16T02:12:15.615172+00:00,individual,"Name: iPhone 16 Pro Max
Color: Desert Titanium Bh91%
Storage: 512GB
Used like new
With Full box
Used Mobile: 3 days replacement & 6 months service warranty or New mobile: 7 days replacement & 1 year service warranty included
Contact number 018XXXXXXXX"
Apple iPhone 17 Pro 256 GB Orange,130000,Used,"Dhaka, Uttara",20 hours ago,https://bikroy.com/uttara/mobile-phones/apple-iphone-17-pro-256-gb-orange-8P0i5IV54pBElcifYXcFI6sR.html,3,2026-09-16T02:12:16.319145+00:00,individual,"iPhone 17 Pro 
 Storage: 256GB
 Color: Cosmic Orange 
 Battery Health: 99%
 Variant: Global
 SIM: Physical SIM + eSIM
 Excellent Condition
 A19 Pro Chip
 6.3"" Super Retina XDR OLED | ProMotion 120Hz
 Exchange Hub
 Shop No: 610, 611, 628 & 629, Level-6
Tropical Alauddin Tower, Sector 3, Road 2
Rajlaxmi, Uttara, Dhaka"
New Apple iPhone 17 Pro Max 512 GB Orange,209000,Brand New,"Dhaka, Dhanmondi",10/09,https://bikroy.com/dhanmondi/mobile-phones/new-apple-iphone-17-pro-max-512-gb-orange-3XrrfzJc2V7wsAbrCFXNsq6O.html,3,2026-09-16T02:12:16.979208+00:00,individual,"Brand new sealed box. Purchased June 20, 2026. Never opened. Factory warranty from Apple 1 year."
Apple iPhone 16 Pro Max 256 GB Silver,119000,Used,"Dhaka, Dhanmondi",1 hour ago,https://bikroy.com/dhanmondi/mobile-phones/apple-iphone-16-pro-max-256-gb-silver-yZEFBaLTpC1d1CwLsoEF25ro.html,5,2026-09-16T02:12:17.358473+00:00,individual,"iPhone 16 Pro Max
256GB
Natural Titanium
With box
89% battery health
Water resistant
602 charging cycles
Singapore variant
1 physical SIM, 1 eSIM
Full fresh condition
Not a single scratch or dent
Location: Dhanmondi 15"
Apple iPhone 14 Pro Max 512 GB Purple,79999,Used,"Dhaka, Uttara",05/09,https://bikroy.com/uttara/mobile-phones/apple-iphone-14-pro-max-512-gb-purple-zWuX37R70lB14m4FrocPIMJM.html,5,2026-09-16T02:12:17.763640+00:00,individual,Phone full fresh no change no cracks price all most fixed
Apple iPhone 15 Pro Max 256 GB Blue,92000,Used,"Dhaka, Uttara",20 hours ago,https://bikroy.com/uttara/mobile-phones/apple-iphone-15-pro-max-256-gb-blue-3nC8LTRIkcMpV8TT1JJkkCln.html,3,2026-09-16T02:12:18.487711+00:00,individual,"iPhone 15 Pro Max 
 Storage: 256GB
 Color: Blue Titanium 
 Variant: Dubai
 SIM: Physical SIM + eSIM
 Battery Health: 84%
 Condition: Pre-Owned
 6.7"" Super Retina XDR OLED | 120Hz
 Exchange Hub
 Shop No: 610, 611, 628 & 629, Level-6
Tropical Alauddin Tower, Sector 3, Road 2
Rajlaxmi, Uttara"
Apple iPhone 15 Pro Max 256 GB Gray,94000,Used,"Dhaka, Malibag",9 hours ago,https://bikroy.com/malibag/mobile-phones/apple-iphone-15-pro-max-256-gb-gray-62lNOUp3wZx1uqYWze9b1AI4.html,4,2026-09-16T02:12:19.223515+00:00,individual,With box cable cash memo
Apple iPhone 16 Pro 128 GB,95000,Used,"Dhaka, Mohammadpur",2 hours ago,https://bikroy.com/mohammadpur/mobile-phones/apple-iphone-16-pro-128-gb-2X4UJWabugdbAdhVL6jb2Djr.html,3,2026-09-16T02:12:19.592043+00:00,individual,"Name:Iphone 16 Pro
 Color:Natural Titanium Bh 88%
 Storage:128GB
Limited warranty 10 September 2026
  Used like new
 WithFull box
Price:-Call for best price 
Used Mobile: 3Days replacement & 6months service warrenty or New mobile: 7days replacement & 1year service warrenty included  
Contact number 018XXXXXXXX"
Apple iPhone 14 Pro 128 GB Purple,53999,Used,"Dhaka, Shantinagar",29/08,https://bikroy.com/shantinagar/mobile-phones/apple-iphone-14-pro-128-gb-purple-a7lgAxXjP9ZXvm1I8w5iVe3T.html,3,2026-09-16T02:12:20.026119+00:00,individual,"Iphone 14pro 128gb
Singapore variant
bh 76%
display has a pink line
cash memo available 
price slightly negotiable.
location : shantinagar or bailyroad"
Apple iPhone 13 Pro 128 GB Blue,56000,Used,"Dhaka, Lalbag",06/09,https://bikroy.com/lalbag/mobile-phones/apple-iphone-13-pro-128-gb-blue-k7nNJAMPfsq9pWt7UkRFD2Yf.html,4,2026-09-16T02:12:20.735515+00:00,individual,"মোবাইল পুরো ফ্রেস 
বেটারি ৮৯% সব কিছু আছে বক্স কেবল পিন সব আছে 
ফিজিকাল দুইটা সিম চালাতে পারবেন
৮০% থেকে ১০%পরযন্ত চার ঘন্টা ৩০ মিনিট এক টানা চালিয়ে দেখছি খুব ভালো চার্জ থাকে 
সব কিছু অর্জিনাল আছে"
New Apple iPhone 13 Pro Max 128 GB Green,65500,Brand New,"Dhaka, Dhanmondi",20 hours ago,https://bikroy.com/dhanmondi/mobile-phones/new-apple-iphone-13-pro-max-128-gb-green-nBgS9XYEHc1xripgVIivK0Fw.html,5,2026-09-16T02:12:21.322810+00:00,individual,Phone Box cashmemo only
Apple iPhone 16 Pro Max 256 GB Black,105000,Used,"Dhaka, Jatrabari",11 hours ago,https://bikroy.com/jatrabari/mobile-phones/apple-iphone-16-pro-max-256-gb-black-7oLLlkhq7dGS7B2EZeq2nO9J.html,3,2026-09-16T02:12:22.064857+00:00,individual,"আসসালামু আলাইকুম
Wellcome to Gadget Exchange BD
 
♦️All perfect working

🔰 ক্রয়/বিক্রয় ও এক্সচেঞ্জ মানেই gadget Exchange BD

🔷100% জেনুইন প্রোডাক্ট পেতে চলে আসুন আমাদের দোকানে

📝With cash memo

✅ 7 Day's Replacement

✅ 1 Year's service warranty without Parts


Gadget Exchange BD 
দোকান নং,৬৭ (৩য় তলা)
বিক্রমপুর প্লাজা, জুরাইন রেলগেট ঢাকা-১২০৪"
Apple iPhone 16 Pro 128 GB Black,87990,Used,"Dhaka, Uttara",2 hours ago,https://bikroy.com/uttara/mobile-phones/apple-iphone-16-pro-128-gb-black-dvzGMbirPUgKRdRerF9xFBrt.html,3,2026-09-16T02:12:22.476749+00:00,individual,"Western Mobile Fair
 # Shop No. 614/622/623/625 (Level #6) Tropical Alauddin Tower Uttara 
 Dear Honourable Coustomer 
 100% original device
 Full Factory unlock 
 EMI Available On . 31 Banks credit card. Thanks for being with us."
Apple iPhone 15 128 GB White,70000,Used,"Dhaka, Uttara",30/08,https://bikroy.com/uttara/mobile-phones/apple-iphone-15-128-gb-white-5j4owwmmkuz8yUHyCq3VkAuU.html,3,2026-09-16T02:12:23.008651+00:00,individual,"Box nai 
Ami 13 din age dubai theke aaschi... So documents hisebe amar uae reaidential id or bd passport dite parbo. Phoner condition top class...back shell ta halka cracked.."
Apple iPhone 16 128 GB Black,77999,Used,"Dhaka, Bashundhara City",20 hours ago,https://bikroy.com/bashundhara-city/mobile-phones/apple-iphone-16-128-gb-black-q9H1d1Apot1uCNsDaiJOYa73.html,5,2026-09-16T02:12:23.508229+00:00,individual,"✨ iPhone 16 — 128GB ✨
🇸🇬 Singapore Variant
🔋 Battery Health: 100%

🔰7 Days Replacement without display, parts & condition 
🔰 12 months Service Warranty

🏢 Visit Our Shop
Basement-2, Shop No: 94 
Basundhara City Shopping Complex 
Panthapath Dhaka 1215 
👉 Escalator দিয়ে নিচে নামার পর হাতের বাম পাশেই সহজে আমাদের শপটি খুঁজে পাবেন।"
Apple iPhone 13 Pro 128 GB White,60000,Refurbished,"Dhaka, Tongi",6 hours ago,https://bikroy.com/tongi/mobile-phones/apple-iphone-13-pro-128-gb-white-b6U9ipJNovIAJGdwT4tj5OwM.html,5,2026-09-16T02:12:24.388224+00:00,individual,"iPhone 13 Pro Apple certified refurbished full fresh condition ￼
Original Charger + box"
Apple iPhone 14 128 GB Blue,49500,Used,"Dhaka, Mirpur",15 hours ago,https://bikroy.com/mirpur/mobile-phones/apple-iphone-14-128-gb-blue-5CBT3EmyEBFCyg45fMmfcuXx.html,5,2026-09-16T02:12:24.926815+00:00,individual,"Completely fresh condition, no issues at all."
Apple iPhone 15 Pro 256 GB Blue,80000,Used,"Dhaka, Jamuna Future Park",2 hours ago,https://bikroy.com/jamuna-future-park/mobile-phones/apple-iphone-15-pro-256-gb-blue-cjDSIMBgl4fqGs17r94RqcP0.html,5,2026-09-16T02:12:25.103317+00:00,individual,"iPhone 15 Pro -Best condition 
• 256 GB Storage • 
• Color: Deep Blue
• USA(Dual eSIM)
• Battery Health: [86%]
• Absolutely fresh, no issues
• Face ID, Camera, True Tone all 100% OK 
• Box/Charger: None
• Price: 80000

We provide you:
7 days replacement guarantee
(without display & software update issue)
3 years free service warranty"
Apple iPhone 11 256 GB Rose Gold,22999,Used,"Dhaka, Mirpur",09/09,https://bikroy.com/mirpur/mobile-phones/apple-iphone-11-256-gb-rose-gold-yIVjsW71vhevg14Neosl6z7W.html,5,2026-09-16T02:12:25.738714+00:00,individual,Face id update ar 1 din age chole gese abr update dile aysa porbe sate sate. battery 71 display orginal true tone ok iphone 11 to iphone 16 pro converter box indur kheye felse charger cable dewa jabe
Apple iPhone 11 128 GB Blue,24500,Used,"Dhaka, Khilkhet",1 day ago,https://bikroy.com/khilkhet/mobile-phones/apple-iphone-11-128-gb-blue-5EU51gPSUUdjo1RR5Eo1jDAr.html,4,2026-09-16T02:12:26.467937+00:00,individual,"An iPhone 11 used for personal purposes will be sold.
- Storage: 128GB
- Battery Health: 76% — Original, no type of boost has been done
- SIM: Dual SIM / (1 Physical SIM + 1 eSIM)
Body condition: There is a light visible scratch on the bottom left side, which is mentioned in the pictures
Price: 24,500 Taka
Location: Bepari Para, Khilkhet, Dhaka
Inbox if interested"
Apple iPhone 12 128 GB,34999,Used,"Dhaka, Basundhara",20 hours ago,https://bikroy.com/basundhara/mobile-phones/apple-iphone-12-128-gb-6jIq9lnIlNpdmjfjqlCrYmUA.html,5,2026-09-16T02:12:27.214057+00:00,individual,"iPhone 12 128GB
Battery Health 87%
Full Boxed
Clean condition, smooth performance & premium feel — still a beast for daily use!
Visit Our Shop
Basement-2, Shop No: 94
Bashundhara City Shopping Complex
Panthapath, Dhaka 1215
You can easily find our shop on the left side after going down the escalator."
Apple iPhone 13 128 GB Green,39000,Used,"Dhaka, Savar",11 hours ago,https://bikroy.com/savar/mobile-phones/apple-iphone-13-128-gb-green-noo15NEuEP7Wv26UEjGU4yiZ.html,5,2026-09-16T02:12:27.913225+00:00,individual,"Mobile details:
Model: iPhone 13
USA Variant
Storage: 128GB
Battery Health: 81%
Warranty: Get a 7-day guarantee and a 2-year service warranty.
 Opportunity to view and check the phone before buying
 Clear information about the phone's condition
 Great phone at an affordable price
 N.S Computer & Phone Gadget
 E #40 (Level-5), Sena Shopping Complex, Nabinagar, Savar, Dhaka"
Apple iPhone 13 128 GB Blue,36000,Used,"Dhaka, Savar",08/09,https://bikroy.com/savar/mobile-phones/apple-iphone-13-128-gb-blue-rnvF4US5doc1PEGQU1iwxHcU.html,5,2026-09-16T02:12:28.422508+00:00,individual,"IPhone 13 — 128GB | Blue 
 Condition: Very Fresh
 Storage: 128GB
 Color: Blue
 Battery Health: 77%
 Face ID: 100% Working 
 True Tone: Working 
 Everything: Fully OK 
 Parts: All Original — Nothing Changed/ Repaired 
 Authentic: 100% Genuine
কোনো সমস্যা নেই, সবকিছু চেক করে নিতে পারবেন।
সিরিয়াস ক্রেতারা ইনবক্স করুন।"
Apple iPhone 11 64 GB Black,22000,Used,"Dhaka, Rampura",2 days ago,https://bikroy.com/rampura/mobile-phones/apple-iphone-11-64-gb-black-q12jRsuOag9jRMxkfSrIDXSN.html,5,2026-09-16T02:12:29.241179+00:00,individual,"iPhone 11 | 64GB 

Pristine condition.
Battery has been replaced, but a High Capacity Battery was installed—backup is very good.

All security checks can be performed.
Anker 20W Original Charger will be provided.

Inbox us if you want to buy it."
Apple iPhone 12 128 GB Black,27000,Used,"Dhaka, Banasree",23 hours ago,https://bikroy.com/banasree/mobile-phones/apple-iphone-12-128-gb-black-lnGttIq9hFXcWG7MU9AZueka.html,5,2026-09-16T02:12:29.961854+00:00,individual,"Only Device with Security 
128gb
Came from China  
No issue fresh condition 
Location -Banasree Rampura
Inbox for any query 
 Contact on What’s app."
Apple iPhone 11 64 GB Black,22500,Used,"Dhaka, New Market, Dhaka",16 hours ago,https://bikroy.com/new-market-dhaka/mobile-phones/apple-iphone-11-64-gb-black-484MSFXXmCoWh3MfzeyIK6Q3.html,4,2026-09-16T02:12:30.455997+00:00,individual,"iphone 11 black colour 64 gb storage 
Battery health 68% if used continuously charge lasts for 5 hours and if not used much it lasts the whole day on a single charge. Original battery is installed nothing has been changed. Come face to face and check and take at your will no problem true tone face id all ok full fresh phn"
Apple iPhone 11 Pro 256 GB Black,34500,Used,"Dhaka, Mohammadpur",11 hours ago,https://bikroy.com/mohammadpur/mobile-phones/apple-iphone-11-pro-256-gb-black-dNZgpdst4x0e8W2unD1TSvfw.html,2,2026-09-16T02:12:31.163873+00:00,individual,"Iphone 11 Pro 256GB 92% Battery Health, Contact number -"
Apple iPhone 12 Pro Max 256 GB Gold,47000,Used,"Dhaka, Keraniganj",09/09,https://bikroy.com/keraniganj/mobile-phones/apple-iphone-12-pro-max-256-gb-gold-pgJ3tQXntTHkVPtA52K8t8vq.html,5,2026-09-16T02:12:31.729269+00:00,individual,"iPhone 12 Pro Max with cash memo

Storage 256gb

Golden color

Face ID True Tone okay

Battery health 100%

Everything original

Only battery change for ifix

3500 tk lagse battery backup onk bhalo

Adapter ankar

cable

any kind of security provide korbo

Price 47000

Location - keraniganj Kadamtoli"
Apple iPhone 11 64 GB Black,25500,Used,Dhaka,2 days ago,https://bikroy.com/dhaka/mobile-phones/apple-iphone-11-64-gb-black-kuOKd4Iq9iKf46dixJBHn3vw.html,5,2026-09-16T02:12:32.409472+00:00,individual,"✅ Model: iPhone 11
✅ Storage: 64GB
✅ Variant: USA
✅ Battery Health: 77%
✅ Face ID: 100% ঠিক আছে
✅ সবকিছু Original
✅ Charger দেওয়া হবে
❌ Box নেই

ফোনটি খুব যত্নসহকারে ব্যবহার করা হয়েছে। ফোন কখনো খোলা হয়নি, তাই যারা Original ও Unopened iPhone খুঁজছেন তাদের জন্য ভালো হবে।
💰 Price: 25,500 fixed"
Apple iPhone 12 Pro 128 GB Gray,38000,Used,"Dhaka, Ramna",20 hours ago,https://bikroy.com/ramna/mobile-phones/apple-iphone-12-pro-128-gb-gray-dXVK9o4tFxMRBuVqixz9SEEu.html,4,2026-09-16T02:12:32.771024+00:00,individual,"Model : iphone 12 pro 
Variant : USA
Storage: 128 GB 
Battery Health : 81% 
Face id ✅ 
True tone ✅
Condition : Fresh
Box : nai ❌
Memo : ase ✅
Sequrity : NID
Problem : The back shell is a bit cracked, everything else is all okay.
Location : In front of Dhaka Medical, Dhaka
phone 018XXXXXXXX"
Apple iPhone 13 128 GB,45000,Used,"Dhaka, Dhanmondi",11 hours ago,https://bikroy.com/dhanmondi/mobile-phones/apple-iphone-13-128-gb-ynl2e1ETlRucL2wejkuqCjYt.html,5,2026-09-16T02:12:33.147794+00:00,individual,"Description
Welcome to ""Mobile Store""
Find us here:-
Mobile Store
Shop number -408(level 4)
Dhanmondi 32 Sukrabad bus stand
Phone number 017XXXXXXXX"
Apple iPhone 12 Pro 128 GB Blue,36000,Used,"Dhaka, Uttara",8 hours ago,https://bikroy.com/uttara/mobile-phones/apple-iphone-12-pro-128-gb-blue-43aKsfJem0olN5UEfpuiQTQZ.html,5,2026-09-16T02:12:33.805693+00:00,individual,"Iphone 12 Pro-128GB

Battery: 78%

NO SCRATCHES 
No issues 
Used like new

Original Display 📱 
Original Battery 🔋 

--------------------------------
No Box
Only iPhone & Security."
Xiaomi Redmi Note 15 128 GB Purple,26000,Used,"Chattogram, Chandgaon",1 day ago,https://bikroy.com/chandgaon/mobile-phones/xiaomi-redmi-note-15-128-gb-purple-cBWOsAuaGSEsH5dcp0mFU4BO.html,5,2026-09-16T02:12:44.306449+00:00,individual,"Redmi note 15 4g ( official )
6/128gb
One month used
11 months warranty left"
Xiaomi Redmi Note 15 256 GB White,29000,Used,"Chattogram, Hathazari",17/08,https://bikroy.com/hathazari/mobile-phones/xiaomi-redmi-note-15-256-gb-white-de1HJMGbDHLQmgQx2SUsIH8H.html,3,2026-09-16T02:12:45.018231+00:00,individual,"I bought the mobile not too long ago, selling it due to a need for money. There are no problems with the mobile, box and charger are all included."
Xiaomi Redmi Note 13 Pro+ 256 GB Black,26000,Used,"Chattogram, Khulshi",31/08,https://bikroy.com/khulshi/mobile-phones/xiaomi-redmi-note-13-pro-256-gb-black-VKAmVpljP9od9lam5Y4eKxo.html,4,2026-09-16T02:12:54.537255+00:00,individual,"The mobile has no problems at all, completely fresh. Location: you have to come and see it. I need money urgently, so I am selling it. The mobile is completely fresh with no problems. Contact Number 013XXXXXXXX"
New Xiaomi Redmi 17 128 GB Green,24999,Brand New,"Chattogram, Agrabad",20 hours ago,https://bikroy.com/agrabad/mobile-phones/new-xiaomi-redmi-17-128-gb-green-oWRkTTLmGY0tYJ4QOUTKm8wD.html,3,2026-09-16T02:12:54.969643+00:00,individual,"Stay with us by liking & following our page to get updates on any product prices. Our page link –
** Call or message us on WhatsApp at the number provided on Bikroy to buy a phone on instalment.
_____________________________________
Address:
Shop-537, Level-5
Akhtaruzzaman Center,
Agrabad, Chittagong."
Xiaomi Redmi Note 14 Pro 256 GB Black,24900,Used,"Chattogram, Muradpur",20 hours ago,https://bikroy.com/muradpur/mobile-phones/xiaomi-redmi-note-14-pro-256-gb-black-rffYLKHM7KGnMh9sJgKtRjq3.html,4,2026-09-16T02:12:55.693161+00:00,individual,"Redmi Note 14 Pro 
Official 
8/256 
Full box with original charger... 
 Benefits:
 15-day replacement guarantee
 Device – Trusted Mobile Shop
 Shop No: 319, 3rd Floor (Lift 2 )
 CPDL RB Midtown Market, Muradpur, Chattogram (Beside Mecca Hotel)"
OnePlus 7T Pro McLaren Edition 256 GB Black,21999,Used,"Chattogram, Agrabad",31/07,https://bikroy.com/agrabad/mobile-phones/oneplus-7t-pro-mclaren-edition-256-gb-black-ajcuzTBgKIP7rHlVgqSukj6p.html,3,2026-09-16T02:12:59.162083+00:00,individual,"RAM/ROM - 12/256 
For sale"
OnePlus 11R 128 GB Black,22000,Refurbished,"Rajshahi, Court Station",21/05,https://bikroy.com/court-station/mobile-phones/oneplus-11r-128-gb-black-5d9sD3OSjaAYF2RBApuznNK4.html,2,2026-09-16T02:13:00.481306+00:00,individual,"Very good phone, inbox me if you want to buy."
Apple iPhone 15 128 GB White,55000,Used,"Dhaka, Uttara",17/08,https://bikroy.com/uttara/mobile-phones/apple-iphone-15-128-gb-white-hiQP7MKeFe5g5uycAuH03k9d.html,3,2026-09-16T02:13:02.545992+00:00,individual,"iPhone 15 / 128 GB storage
Nothing has been changed, all original -
Battery 84% (real)
Original display (full fresh)
No scratches, completely fresh
Must come to the location to buy - (Uttarkhan Mazar)"
Apple iPhone 14 Pro Max 256 GB Purple,76000,Used,"Dhaka, Mirpur",29/08,https://bikroy.com/mirpur/mobile-phones/apple-iphone-14-pro-max-256-gb-purple-wnHVgBNSJcjx5cEhQot95nVE.html,5,2026-09-16T02:13:03.078148+00:00,individual,"Personal use phone, selling because of upgrading. There are no issues with the phone. If interested, you can come, examine it thoroughly, check it, and then take it.
Dubai variant
_Details_
BH 75% (Original)
No scratch or dent
With Box & Receipt
Cable
Everything Original (nothing has ever been changed)
TrueTone FaceID 100% Work Ofc
Dubai variant (1 eSIM, 1 physical SIM)"
New Xiaomi Redmi Note 14 Pro 256 GB,22000,Brand New,"Chattogram, Alankar",04/09,https://bikroy.com/alankar/mobile-phones/new-xiaomi-redmi-note-14-pro-256-gb-zKIjIAsLDKMZ3FxQQlwc8JR6.html,3,2026-09-16T02:13:05.213284+00:00,individual,uses পাঁচ মাস কোন সমস্যা নেই বক্স চার্জার সবকিছু আছে
Xiaomi Redmi Note 14 4G 256 Gigabytes Black,21500,Used,"Chattogram, Baizid",12/09,https://bikroy.com/baizid/mobile-phones/xiaomi-redmi-note-14-4g-256-gb-black-qbSU0ng6T5p6KQXKhDYtRDYh.html,5,2026-09-16T02:13:05.949263+00:00,individual,"Interested to sell Redmi note 14 official device 
Device details 
1. The phone is completely fresh 
2. Camera performance is fantastic. 
3. Battery performance is fantastic. You can easily run it for a day and play games. 
4. To buy the phone you must come to the location. 
Location :Baluchra, Bayezid, Chittagong. Price can be reduced somewhat upon negotiation."
Xiaomi Redmi Note 13 256 GB Blue,18500,Used,"Chattogram, Muradpur",20 hours ago,https://bikroy.com/muradpur/mobile-phones/xiaomi-redmi-note-13-256-gb-blue-fDYIVgLiZJqmhI1LIzRvJ0LT.html,3,2026-09-16T02:13:06.429186+00:00,individual,"Redmi note 13 5G 
8/256 
Full box 
🛡️ সুবিধা:
✔️ ১৫ দিনের রিপ্লেসমেন্ট গ্যারান্টি

📍 Device – Trusted Mobile Shop
📌 Shop No: 319, 3rd Floor (Lift 2 🛗)
🗺️ CPDL RB Midtown Market, মুরাদপুর, চট্টগ্রাম (মক্কা হোটেলের পাশে)"
Xiaomi Redmi Note 15 256 GB Pink,26500,Used,"Rajshahi, Shaheb Bazar",01/09,https://bikroy.com/shaheb-bazar/mobile-phones/xiaomi-redmi-note-15-256-gb-pink-5INoIaNdEW2PXZro8lUZntzn.html,5,2026-09-16T02:13:07.837011+00:00,individual,"Phone bought 2 months ago, box and charger all available,, selling because I need money, 26,500 fixed price"
OnePlus 15 256 GB Gray,84500,Used,"Dhaka, Savar",2 days ago,https://bikroy.com/savar/mobile-phones/oneplus-15-256-gb-gray-upgsJd38OjbCoxMH3IqcoZAg.html,5,2026-09-16T02:13:09.191342+00:00,individual,"Full box available 
Battery Health 100%"
OnePlus 13 256 GB White,64000,Used,"Dhaka, Jamuna Future Park",2 hours ago,https://bikroy.com/jamuna-future-park/mobile-phones/oneplus-13-256-gb-white-BkTZCMuWOuKcH8aMUrlfJ8Pz.html,3,2026-09-16T02:13:09.701297+00:00,individual,"OnePlus 13 Global
12GB 256GB
Full Fresh condition

 Paramount Gadget
Jamuna Future Park Shopping Mall
Level 4, Shop No: 006C"
OnePlus 12 512 GB White,45000,Used,"Dhaka, Keraniganj",09/09,https://bikroy.com/keraniganj/mobile-phones/oneplus-12-512-gb-white-BRY6XM0UldDJkMxLTD2D0q5H.html,5,2026-09-16T02:13:10.545271+00:00,individual,"Full fresh 
No dent sketch
Only mobile and charger 
Any kind of security"
OnePlus 10R 128 GB Black,19490,Used,"Dhaka, Mirpur",2 hours ago,https://bikroy.com/mirpur/mobile-phones/oneplus-10r-128-gb-black-tQ8Ab3quw14wKuZgXFOzCffX.html,4,2026-09-16T02:13:10.911388+00:00,individual,">Adiba Telecom >
Shop No: 34, 3rd Floor, Baghdad Shopping Complex, Mirpur- 1, Dhaka- 1216... 
The phone is 100% genuine and we offer a 7-day replacement guarantee and a 1-year free service warranty. (Without Parts)
Free courier charge all over Bangladesh
Exchange offer. Discount price.
Best camera phone"
Nothing Phone 2a Plus 256 GB White,28999,Used,"Dhaka, Savar",11 hours ago,https://bikroy.com/savar/mobile-phones/nothing-phone-2a-plus-256-gb-white-pl9pv3kITZRLGsRH75VVFyWh.html,5,2026-09-16T02:13:12.274984+00:00,individual,"Nothing phone 2a plus
8/ 256 Storage Global 
 with box cashmemo 
Replacement Guaranty 7 days 
Warranty 1 year without parts
Conditions 99.9% Fresh
EMI Facility available 29 banks
Outside dhaka delivery possible 
Cash on delivery
Location 
Savar Nabinagar
Sena Shopping Complex 
5th floor shop no E54
Mobile Gallery"
New Nothing Phone 2a 128 GB White,28999,Brand New,"Dhaka, Khilkhet",2 hours ago,https://bikroy.com/khilkhet/mobile-phones/new-nothing-phone-2a-128-gb-white-avgHjsf5ODkx6LWlYp3Dw1Ww.html,3,2026-09-16T02:13:13.035661+00:00,individual,"Nothing 2a new without box 
 mobile door bd
 shop no: 49, 3rd floor (lift-3)
 rajuk trade center shopping mall
nikunja-2, khilkhet, dhaka-1229"
Nothing Phone 3a Pro 128 GB Gray,45000,Used,"Dhaka, Khilgaon",09/09,https://bikroy.com/khilgaon/mobile-phones/nothing-phone-3a-pro-128-gb-gray-dYv8Y71DADmyDkPeGB8mhTsg.html,5,2026-09-16T02:13:13.532607+00:00,individual,"Nothing 3a pro 8/128gb
full box
only exchange
please inbox
you have to come to my location
Khilgaon Chow rasta"
OnePlus Nord 4 128 GB Black,26999,Used,"Dhaka, Khilgaon",20 hours ago,https://bikroy.com/khilgaon/mobile-phones/oneplus-nord-4-128-gb-black-BrNYnloEslj8zRsdkxMECiBC.html,3,2026-09-16T02:13:13.808107+00:00,individual,"Assalamu alaikum.
Greetings from ""Mobo Live Bd"". 

Black
Full Factory unlock
100% original device 
Dear Honourable Customer,
Now you can purchase with EMI of 21 banks credit card. Thanks for being with us."
OnePlus 7T Pro 5G McLaren 256 GB Black,20000,Used,"Dhaka, Dhanmondi",11 hours ago,https://bikroy.com/dhanmondi/mobile-phones/oneplus-7t-pro-5g-mclaren-256-gb-black-5DjxnSMYzUi1l2PwiCSViEFB.html,3,2026-09-16T02:13:14.398833+00:00,individual,"The motherboard has been replaced, otherwise there are no problems. There is no box or charger, only the phone will be provided, NID card will be given as security. Only those who want to take it should knock. Thank you"
Xiaomi Redmi Note 13 Pro 5G 256 GB Black,22000,Used,"Rajshahi, Boalia",31/08,https://bikroy.com/boalia/mobile-phones/xiaomi-redmi-note-13-pro-5g-256-gb-black-42ue3ZBOZsWGh2IPbdSSW5JI.html,5,2026-09-16T02:13:14.902640+00:00,individual,ফোনে কোন প্রকার কোন ইস্যু নেই। সম্পন্ন ফুল ফ্রেশ ফোন। ফুল বক্স সহ নিতে পারবেন।
Xiaomi Redmi Note 15 128 GB Silver,21999,Used,"Rajshahi, Kazla",20 hours ago,https://bikroy.com/kazla/mobile-phones/xiaomi-redmi-note-15-128-gb-silver-p4LDuLv6ADrLMWC2isaGLgPE.html,5,2026-09-16T02:13:15.449408+00:00,individual,"Friday dhamaka offer 
Our location is Banesswre Shibpur Hut 
Full box 
Note 15 6+128 
Fixed"
Apple iPhone 12 Pro Max 256 GB Blue,32000,Used,Rajshahi,18/08,https://bikroy.com/rajshahi/mobile-phones/apple-iphone-12-pro-max-256-gb-blue-sncusjFJgITDJgNB1v0Ns0Ib.html,3,2026-09-16T02:13:16.174629+00:00,individual,"iPhone 12 Pro Max is fresh. 
Bypass device 
Everything is original, nothing has been changed."
Apple iPhone 12 Pro 256 GB Black,40000,Used,Rajshahi,06/06,https://bikroy.com/rajshahi/mobile-phones/apple-iphone-12-pro-256-gb-black-BRRJ8qHAqnozhKqwiBcscJpj.html,5,2026-09-16T02:13:16.961620+00:00,individual,"Phone 12 Pro (256GB). USA variant. Battery 78% original. Display original. Physical Sim 1, Esim 1. Face ID and True Tone are working. Price: 40,000 BDT. Call only if you are a real buyer; please don't message or call unnecessarily. The phone is fully authentic and nothing has been changed."
Vivo V30e 128 GB Black,26000,Used,"Rajshahi, Kazla",26/06,https://bikroy.com/kazla/mobile-phones/vivo-v30e-128-gb-black-mHxyMeJ5IHyP94Imxd6n1M1M.html,3,2026-09-16T02:13:17.695737+00:00,individual,"Sell Post
Vivo v30e
RAM: 8/128
Processor: Snapdragon 6gen1
Display: Curved 120hz refresh rate
★Only the back cover is provided with the phone, nothing else.
NID card will be provided.
Location: Binodpur/Rajshahi University"
Apple iPhone 13 Pro Max 256 GB Blue,60000,Used,"Dhaka, Jatrabari",14 hours ago,https://bikroy.com/jatrabari/mobile-phones/apple-iphone-13-pro-max-256-gb-blue-rsdiCVafNsuMRa9RvDuLPVhW.html,5,2026-09-16T02:13:18.226066+00:00,individual,"Assalamulaikum 
Iphone 13 pro max 
256gb Box available 
90% battery health  (original) 
Face id ok 
True tone ok 
Nothing changed all ok 
Phone looks just like new, you will love it at first sight, you must come to the location 
Location : Jatrabari Tony Tower , (Dhaka ,Jatrabari )"
Nothing Phone 1 256 GB Black,25500,Used,"Dhaka, Mirpur",03/09,https://bikroy.com/mirpur/mobile-phones/nothing-phone-1-256-gb-black-CwAhkgDv1VBe3EaoohR0VR3c.html,5,2026-09-16T02:13:18.816391+00:00,individual,১২/২৫৬ অফিসিয়াল ভেরিয়েন্ট। ফোনে কোনো সিঙ্গেল প্রবলেম নাই। ব্যাক পলি না থাকায় কভারের কারনে সাইডে সামান্য স্ক্র্যাচ আছে। সাথে অরিজিনাল IMEI বক্স পাবেন। আর্জেন্ট টাকার দরকার তাই সেল দিচ্ছি। প্রাইস ফিক্সড। আসলে সামান্য কিছু সম্মান করা হবে।
Nothing Phone 4a Pro 256 GB Black,47500,Used,"Dhaka, Basundhara",1 day ago,https://bikroy.com/basundhara/mobile-phones/nothing-phone-4a-pro-256-gb-black-oJVigjrjZYG8ejjwGxldekXn.html,5,2026-09-16T02:13:19.357296+00:00,individual,"Nothing Phone 4a Pro
Super condition
No problem at all with the phone
RAM -- 8GB
ROM -- 256GB
Box and cable included
Price almost fixed
Please do not bargain or message unnecessarily
There are no problems whatsoever with the phone"
New Nothing Phone 2 256 GB White,39990,Brand New,"Dhaka, Uttara",02/09,https://bikroy.com/uttara/mobile-phones/new-nothing-phone-2-256-gb-white-3cbSLfBhi67ikmBQqgB6qPm6.html,5,2026-09-16T02:13:19.821992+00:00,individual,"Nothing phone 2
 12/ 256 GB, white
Never used ( Shop Display product )"
OnePlus 11 R (Used),27000,Used,Rajshahi,30/04,https://bikroy.com/rajshahi/mobile-phones/oneplus-11-r-used-89RycEg7jLtitykMFWywQHL0.html,4,2026-09-16T02:13:20.757270+00:00,individual,"16+256 GB. Device only. Price: 27,500."
OnePlus 9RT 5G 128 GB Black,20001,Used,"Chattogram, Sitakunda",11/05,https://bikroy.com/sitakunda/mobile-phones/oneplus-9rt-5g-128-gb-black-v9NqpLY480vrOZOvenoQP1aP.html,2,2026-09-16T02:13:21.105097+00:00,individual,Includes box and charger. No green line issue. Fresh condition.
OnePlus 12 512 GB Black,46000,Used,"Chattogram, Chandgaon",26/03,https://bikroy.com/chandgaon/mobile-phones/oneplus-12-512-gb-black-2vwnlsKpBczfS2GadOQRvXDK.html,3,2026-09-16T02:13:21.667630+00:00,individual,"OnePlus 12, 16/512GB. Fresh Condition. No box, no charger. Set + Cash Memo only. Price Fixed. Those who do not have the budget, please stay away. Request not to quote absurd prices. Location: Riazuddin Bazar, Chittagong. Contact 016XXXXXXXX"
OnePlus 15 256 GB Black,74999,Used,"Dhaka, Bosila",05/09,https://bikroy.com/bosila/mobile-phones/oneplus-15-256-gb-black-Bv1pRLpgNHBN448vNi88rJMT.html,3,2026-09-16T02:13:22.178085+00:00,individual,"Most powerful phone 
Camera awesome 
Battery health 100%
Full box charge available 
China version 
To see the phone you have to come to Ghataccor 
Price fixed"
OnePlus 13 256 GB Blue,65000,Used,"Dhaka, Baridhara",11 hours ago,https://bikroy.com/baridhara/mobile-phones/oneplus-13-256-gb-blue-ilF1J1zaBR0OTUegsYfij9VN.html,5,2026-09-16T02:13:22.806098+00:00,individual,"One plus 13
only device
full fresh condition"
OnePlus 12 512 GB Green,60000,Used,"Dhaka, Farmgate",01/09,https://bikroy.com/farmgate/mobile-phones/oneplus-12-512-gb-green-vbNtM3shdLaq6WKuuGM6Oq93.html,3,2026-09-16T02:13:23.403124+00:00,individual,"Global Variant (CPH-2583)
Model: OnePlus 12
Condition: Very good / Fresh Condition
Provided with complete Full Box
Flagship Performance
Snapdragon 8 Gen 3 Processor
6.82"" 120Hz ProXDR Display
Hasselblad Camera System
5400mAh Battery
Fast Charging Support
The phone is completely original and has been used with care."
OnePlus 9RT 5G 256 GB Black,20000,Used,"Dhaka, Badda",29/08,https://bikroy.com/badda/mobile-phones/oneplus-9rt-5g-256-gb-black-mP6ypVXK0MRnsIFXuZCmklag.html,5,2026-09-16T02:13:24.023957+00:00,individual,Full box ase  kono problem nai
OnePlus 11R 128 GB Silver,20999,Used,"Dhaka, Mirpur",05/09,https://bikroy.com/mirpur/mobile-phones/oneplus-11r-128-gb-silver-umHIBWBbDmpm36gBf5SbMeZG.html,5,2026-09-16T02:13:24.529296+00:00,individual,"Market+original+display+lagn.price fixed fixed... ++FOR+SALE:+OnePlus+11R+5G+(Fresh+Condition)+
​Up+for+sale+is+a+super-fast,+flagship+killer+OnePlus+11R+5G+in+pristine,+like-new+condition.+Gently+used,+zero+issues,+and+performance+is+as+smooth.+(8+128)+gb+variant.+With+original+65watt+charger.+Location+ECB+Chattar+Dhaka+Cantonment 013XXXXXXXX"
OnePlus Nord 5 256 GB Blue,34999,Used,"Dhaka, Gulshan",2 hours ago,https://bikroy.com/gulshan/mobile-phones/oneplus-nord-5-256-gb-blue-pQvexR1OMtd501vc115p9yP1.html,5,2026-09-16T02:13:24.867170+00:00,individual,"One plus nord 5 5G full fresh 
Ram 8Gb Rom 256Gb 
Processor snapdragon 8s gen 3
Battery 6800 mah 
80wt charger support 
10 days replesment guaranty ace 
1 year service warranty ace 
Location Gulshan 2 land view shopping center shop number 24 ist floor 
Phone exchange kora hoy 
Friday market close 
Emi korta parben credit card dia"
Xiaomi Redmi Turbo 4 256 GB White,27000,Used,"Rajshahi, Boalia",30/07,https://bikroy.com/boalia/mobile-phones/xiaomi-redmi-turbo-4-256-gb-white-wRfaVFKWMUv8rDI2xs56H6N1.html,3,2026-09-16T02:13:25.249451+00:00,individual,Turbo 4 has box and charger
Xiaomi Redmi Note 13 Pro 256 GB Black,27000,Used,"Rajshahi, Court Station",04/06,https://bikroy.com/court-station/mobile-phones/xiaomi-redmi-note-13-pro-256-gb-black-4aXe4AhdhsgxM4Va4x6SxW1q.html,5,2026-09-16T02:13:25.703613+00:00,individual,Full fresh... box and charger all included... phone is like new...
Xiaomi Civi 1S 256 GB Purple,30000,Used,"Rajshahi, Court Station",10/07,https://bikroy.com/court-station/mobile-phones/xiaomi-civi-1s-256-gb-purple-f0oGnarwrhoVLtCSi1Z92mPD.html,4,2026-09-16T02:13:26.314780+00:00,individual,Used phone with no problem
Xiaomi Redmi Note 13 128 GB Black,15000,Used,"Rajshahi, Boalia",20 hours ago,https://bikroy.com/boalia/mobile-phones/xiaomi-redmi-note-13-128-gb-black-2R82nXY5yljK0w3zRT9m3GVS.html,4,2026-09-16T02:13:26.966304+00:00,individual,"Redmi Note 13 5G
RAM-6 GB
ROM-128 GB
In-display fingerprint
There is no problem with the phone, you can check it as much as you want.
If you take the phone, a copy of the NID card can be provided, no problem."
Xiaomi Redmi Note 13 256 GB Black,17000,Used,"Rajshahi, Kadirgonj",11 hours ago,https://bikroy.com/kadirgonj/mobile-phones/xiaomi-redmi-note-13-256-gb-black-6qDJ9xPEfJza9Ok3d6Aormz2.html,5,2026-09-16T02:13:27.494333+00:00,individual,"Assalamu Alaikum Warahmatullahi Wabarakatuh
Fresh condition
Box: Only Device
Cash Memo: Available
Replacement Guarantee: Up to 7 days (subject to conditions)
Location: Rajshahi Kadirganj Chalpotti, beside Large Farmer, behind Shopnochura Plaza, Nagar Bhaban.
Shop No: 123 - Ground Floor beside lift
Shop Name: Rajshahi Mobile Bari 019XXXXXXXX"
Xiaomi Redmi Note 13 256 GB Black,18999,Used,"Rajshahi, Kazla",11 hours ago,https://bikroy.com/kazla/mobile-phones/xiaomi-redmi-note-13-256-gb-black-wCZIz7KOcmx7MZxDbzSrq4PF.html,5,2026-09-16T02:13:28.114474+00:00,individual,"Redmi note 13 5G 
8/256GB Indan phone 
Call me"
Nothing Phone 3a 256 GB Black,30500,Used,"Rajshahi, Shah Makhdum",15/08,https://bikroy.com/shah-makhdum/mobile-phones/nothing-phone-3a-256-gb-black-3A7BBH5MD457gPA40bKJhLri.html,5,2026-09-16T02:13:28.856569+00:00,individual,"Full Fresh Condition just like new, used for a very few days, matte poly applied, selling because I will buy another phone. Price almost fixed ()"
Nothing Phone 1 256 GB White,25000,Used,"Rajshahi, Motihar",03/05,https://bikroy.com/motihar/mobile-phones/nothing-phone-1-256-gb-white-uKGI5jFyaWLFhlpXPK8uIc79.html,3,2026-09-16T02:13:29.241961+00:00,individual,"The phone is in fresh condition, just like new, with no problems. I don't have the box as the memo was lost, but I have the charger. I will provide whatever you need for security. If you want to buy it, please message or call me. If you are not interested, please do not message and cause confusion."
Vivo T3 Ultra 256 GB Black,25500,Used,"Rajshahi, Rajpara",09/09,https://bikroy.com/rajpara/mobile-phones/vivo-t3-ultra-256-gb-black-3hzaj1xQh1KB6Ftud4hd81Ae.html,4,2026-09-16T02:13:29.779056+00:00,individual,"Vivo T3 Ultra (12/256). There are scratches on the phone body and the back cover glue has come off, otherwise no issues. Everything is original, nothing has been changed. You can check it as much as you like, security will be provided. To see the phone, you need to come to the location. 25500"
Google Pixel 7 128 GB White,24800,Used,"Rajshahi, Hatemkha",12/09,https://bikroy.com/hatemkha/mobile-phones/google-pixel-7-128-gb-white-yLZWmCk62iYQgUDrWPKxAIrl.html,3,2026-09-16T02:13:30.474690+00:00,individual,"Google Pixel 7
No problems with the phone
Condition is very good
You can see and check it before buying.
Nothing comes with it"
Google Pixel 7 Pro 128 GB Black,34500,Used,"Rajshahi, Shaheb Bazar",14/07,https://bikroy.com/shaheb-bazar/mobile-phones/google-pixel-7-pro-128-gb-black-r7T4dlOZLvqxcwtr8EwCQj2c.html,5,2026-09-16T02:13:31.290285+00:00,individual,"Box, cash memo, OTG, everything is available.
Full authentic, nothing has been changed."
Nothing Phone 1 128 GB Black,22000,Used,"Rajshahi, Boalia",19/07,https://bikroy.com/boalia/mobile-phones/nothing-phone-1-128-gb-black-x48lq8d6pPsxusgm0p5cSE5T.html,3,2026-09-16T02:13:31.966295+00:00,individual,"Nothing Phone 1 mobile. Everything is okay, no problems, you can check it yourself. The phone gives very good and beautiful backup. It is a water-resistant phone. If you want to see it, come to the location. Only the phone will be given."
iQOO 256 GB Rose Gold,32000,Used,"Rajshahi, Vodra",21/08,https://bikroy.com/vodra/mobile-phones/iqoo-256-gb-rose-gold-dCaGHqAQVr1WlDUbfaXOkdJK.html,4,2026-09-16T02:13:32.315621+00:00,individual,Iqoo neo 10 8-256 has 3 month warranty. Indian border cross phone. The phone has no kind of problem. Nothing is changed.
Google Pixel 7 128 GB Green,30000,Used,"Rajshahi, Shaheb Bazar",04/09,https://bikroy.com/shaheb-bazar/mobile-phones/google-pixel-7-128-gb-green-d6hLAJdF9EAvohUgqi5NX1sG.html,5,2026-09-16T02:13:32.820415+00:00,individual,"Only Exchange with Samsung Galaxy S23 FE/ Nothing CMF 2 PRO/ Iphone 12/ Honor 200/ Redmi Turbo 4 Pro

Pixel 7 
8/128
Box+ Cash Memo Available 
Full Fresh Phone 
All Parts Original No Repair or Service History"
New Nothing Phone 3a Pro 256 GB Black,39000,Brand New,"Rajshahi, Kadirgonj",20/08,https://bikroy.com/kadirgonj/mobile-phones/new-nothing-phone-3a-pro-256-gb-black-64QA5WwklUlaWST2fRb6V1no.html,3,2026-09-16T02:13:33.547278+00:00,individual,"Nothing 3A pro... 12/256
All authentic waterproof
Showroom conditions"
Apple iPhone 13 128 GB Blue,40000,Used,Rajshahi,04/08,https://bikroy.com/rajshahi/mobile-phones/apple-iphone-13-128-gb-blue-38KaikAAWbDBGUKSTuahA2zs.html,5,2026-09-16T02:13:34.021771+00:00,individual,"Nothing has been changed, everything is original, no scratches."
Nothing Phone 2a 8/256 (Used),25000,Used,Rajshahi,30/04,https://bikroy.com/rajshahi/mobile-phones/nothing-phone-2a-8-256-used-8Qx9oov6snBaiX0MTWZAKAkL.html,5,2026-09-16T02:13:34.772080+00:00,individual,"It is 95% fresh with a minor dent on the body. Only the phone and NID copy will be provided. Serious buyers only, please message."
Samsung Galaxy S23 Ultra 256 GB Black,30000,Used,"Rajshahi, Shaheb Bazar",09/09,https://bikroy.com/shaheb-bazar/mobile-phones/samsung-galaxy-s23-ultra-256-gb-black-83XtZqtjG2nvhDSV5L51YBLB.html,5,2026-09-16T02:13:35.494118+00:00,individual,"The phone has no issues except for two green lines. It is waterproof, and waterproof testing will be shown. There are no problems, you can check it as much as you want. Super fresh condition. You must come to the location to take the phone. Nothing comes with the phone. Vietnam variant."
Apple 64 GB Black,26000,Used,"Rajshahi, Uposahar",1 day ago,https://bikroy.com/uposahar/mobile-phones/apple-64-gb-black-mh5DqN9HPOC2tAE1sPofMrRz.html,3,2026-09-16T02:13:36.151725+00:00,individual,"Brand new...
Brought from abroad..
It was used by my mom..
Except for making calls and watching videos, nothing else was done on the phone...
Phone + box will be given only..
1.5 year used only.."
Nothing Phone 2 256 GB Black,28500,Used,"Rajshahi, Chhota Banagram",10/09,https://bikroy.com/chhota-banagram/mobile-phones/nothing-phone-2-256-gb-black-rnMsSvOTcSyj8GT6Dqfc0F1u.html,3,2026-09-16T02:13:36.919761+00:00,individual,"The phone is in completely fresh condition. I have been using it for a few months. Everything is OK, no problems at all. It has never been opened or repaired.
Only the phone, whatever is needed for security will be provided."
Samsung Galaxy S24 Ultra 256 GB Gray,75000,Used,"Cox's Bazar, Chakaria",20 hours ago,https://bikroy.com/chakaria/mobile-phones/samsung-galaxy-s24-ultra-256-gb-gray-6olER8mGvJrjTIBuldtA9qiU.html,3,2026-09-16T02:13:37.640299+00:00,individual,"Fresh condition, nothing scratches. Never fall down.
With original box."
Apple iPhone 14 Pro Max 256 GB Gray,75000,Used,"Tangail, Tangail Sadar",12/09,https://bikroy.com/tangail-sadar/mobile-phones/apple-iphone-14-pro-max-256-gb-gray-5jkCGHvq0SwnPXrKQ0ulKqMm.html,5,2026-09-16T02:13:38.146941+00:00,individual,"I phone 14 pro max no problem at all, brand new condition, whole set is poly-laminated, brought from Saudi Arabia, nothing changed, everything original, battery health 82, box available, charger available, cover available, everything is okay, not even a single scratch, protector attached on top of camera, price fixed"
Apple iPhone 14 Pro 128 GB White,65000,Used,"Shariatpur, Naria",18/08,https://bikroy.com/naria/mobile-phones/apple-iphone-14-pro-128-gb-white-dN4xvnGCb0PLhisggwZkOdhe.html,4,2026-09-16T02:13:38.863442+00:00,individual,"There are no problems with the phone, it comes with a cash memo and nothing else. There is no box, charger, or cable. There are no issues with the mobile, please check and test it before taking. Battery health is 82%."
Apple iPhone 14 Pro 256 GB Purple,66000,Used,"Khulna, Khalishpur",12/09,https://bikroy.com/khalishpur/mobile-phones/apple-iphone-14-pro-256-gb-purple-gpML1jzkM6UXMHMGa3iZFjx8.html,5,2026-09-16T02:13:39.582592+00:00,individual,"Full fresh condition nothing has been changed 100% authentic.
Variant: Saudi.
Battery: 72%.
Memo from Saudi is available,
Check it thoroughly before taking"
New Apple iPhone 16 128 GB Pink,86000,Brand New,"Pabna, Pabna Sadar",03/09,https://bikroy.com/pabna-sadar/mobile-phones/new-apple-iphone-16-128-gb-pink-nVrHH2k8TBxAIIQVsCbB8Zg.html,5,2026-09-16T02:13:40.261483+00:00,individual,"iPhone 16 pink Color🩷 No issues, Not a single dent ❌ 
Battery 100 💯 
Cycle count 78
Nothing change 
New phone 
Camera wow❤️‍🔥
Box cable available 
Warranty ache ekhono

Family problem tai emergency sell dibo🙏🏻"
Apple iPhone 14 Pro Max 128 GB Purple,65000,Used,"Gazipur, Gazipur Sadar",12/09,https://bikroy.com/gazipur-sadar/mobile-phones/apple-iphone-14-pro-max-128-gb-purple-yMHlLwMnTbkyAX69XXJngYvX.html,4,2026-09-16T02:13:41.016637+00:00,individual,"Variant: Singapore Variant (Dual SIM can be used) 
 Color: Deep Purple 
 Storage: 128GB
 Battery Health: 71 (no boost genuine)
 Condition: Absolutely Fresh Condition
 Face ID: 
 True Tone: 
 Camera: Front & Back all okay 
 Display: Original 
 Parts Changed: Nothing Changed 
 Box included
Whats"
Apple iPhone 12 Pro Max 128 GB White,65000,Used,"Jashore, Jashore Sadar",02/09,https://bikroy.com/jessore-sadar/mobile-phones/apple-iphone-12-pro-max-128-gb-white-B0tWLB1hXk7foXcjNQ77AU5N.html,5,2026-09-16T02:13:41.527646+00:00,individual,"This is my personal phone sent from America. The battery has been replaced. There is no box as it got ruined. There are no police issues whatsoever. The price can be reduced a little bit, but nothing unreasonable. You can call me to know the rest. 
Special Note: Please no media personnel call me."
Apple iPhone 14 Pro Max Dual SIM (Used),74500,Used,"Chattogram, Chandgaon",29/04,https://bikroy.com/chandgaon/mobile-phones/apple-iphone-14-pro-max-dual-sim-used-hpJFXYCEfyNKudv2jICvFbH6.html,4,2026-09-16T02:13:42.039322+00:00,individual,"iPhone 14 Pro Max
Full box without cable
100% Waterproof, please check it yourself
100% Authentic
Deep Purple color
(Z/A) Hong Kong Variant (physical SIM use)
Battery Health 85% (original) 🔎
Storage 256GB
No scratches, looks like new🆕
Laminated
Price: 77k, Price Fixed
Face lock ✅🆗
True Tone ✅🆗
More details ⤵️

#The mobile is completely fresh, not a single scratch, nothing has been opened, everything is 100% original, you can check it yourself. I have used the mobile with great care, there is no problem at all. The mobile has the latest update installed.
The mobile is Deep Purple color, looks brand new, no issues, you will understand once you see it.
Whoever buys it will definitely be a winner.
Price Fixed

#Those who want to buy must come to the location.

#Interested buyers please inbox, others please do not disturb. Show more"
Apple iPhone 14 Pro Max 128 GB Purple,74999,Used,"Chattogram, Agrabad",29/06,https://bikroy.com/agrabad/mobile-phones/apple-iphone-14-pro-max-128-gb-purple-3NlBsx7zwrPcwxACxbXYyvJ4.html,5,2026-09-16T02:13:42.447833+00:00,individual,"Everything is fine.
Battery Health: 95%.
Nothing has been changed.
True Tone is OK.
It has been used with a lot of care, that's why the battery health is still 95%."
Apple iPhone 14 Pro Max Good (Used),90000,Used,"Chattogram, Kotwali, Chattogram",29/04,https://bikroy.com/kotwali/mobile-phones/apple-iphone-14-pro-max-good-used-6wztxBd96PpBsphryUOoF6K6.html,3,2026-09-16T02:13:42.962945+00:00,individual,"In excellent condition. Imported from Dubai Apple Store. Get 3 free covers. Nothing has been changed or repaired. Fixed price 90,000 BDT."
Nothing Phone 2a Plus 256 GB Gray,27000,Used,"Chattogram, Chandgaon",25/07,https://bikroy.com/chandgaon/mobile-phones/nothing-phone-2a-plus-256-gb-gray-kM0vxehtJVRLoUYfQOKCx7Mf.html,5,2026-09-16T02:13:43.442640+00:00,individual,"No problems at all, you can check and take it after seeing."
Nothing Phone 3a 128 (Used),25990,Used,"Chattogram, Nasirabad",20 hours ago,https://bikroy.com/nasirabad/mobile-phones/nothing-phone-3a-128-used-5SEQXK1X9fVCYj2066b202pY.html,4,2026-09-16T02:13:44.217389+00:00,individual,"Nothing phone 3a 8/128

🔥 Budget King — Everyday Smooth Performer! 🔥



⚡ Enjoy 8GB RAM | 128GB Storage | 5000mAh Battery | Super Clear Camera



👉Only one dot (beside front camera)



💰offer price -25,990💥💥



🚚 Delivery Available | 🔄 Exchange Available | 💳 EMI Available



🛡️ 15-Day Replacement Guarantee | Lifetime Service Warranty



📞 



🌐 www.decentbd.com



📍𝐅𝐢𝐧𝐥𝐚𝐲 𝐒𝐪𝐮𝐚𝐫𝐞, Level-4, Shop-406, 2 No Gate, Nasirabad, Chattogram



📍𝐅𝐢𝐧𝐥𝐚𝐲 𝐒𝐨𝐮𝐭𝐡 𝐂𝐢𝐭𝐲, Level-5, Shop-525, Bahaddarhat, Chattogram



#decentbd Show more"
New Nothing Phone 3a 256 GB Black,29500,Brand New,"Chattogram, Agrabad",23/05,https://bikroy.com/agrabad/mobile-phones/new-nothing-phone-3a-256-gb-black-dN0XrLxrlkCV7yarf0vCYCUt.html,5,2026-09-16T02:13:44.905268+00:00,individual,"Nothing Phone 3a (Black) 
8+8GB RAM 256GB ROM
Condition: Like brand new
Black
Enjoy a smooth and premium experience
Asking Price: 29,500৳ (negotiable)
Only phone available
I can provide a photocopy of my NID for security purposes; the bill and box were lost during a house move.
Exchange possible. Serious buyers only."
Nothing Phone 4a 128 GB White,42500,Used,"Chattogram, Chawkbazar",20 hours ago,https://bikroy.com/chawkbazar/mobile-phones/nothing-phone-4a-128-gb-white-7RSpRTRiw9T4Bc78usoxjTmW.html,3,2026-09-16T02:13:45.519175+00:00,individual,"Nothing phone 4a
8/128
with Box
few days used"
Realme GT Neo5 SE 256 GB White,25999,Used,"Chattogram, Agrabad",13/05,https://bikroy.com/agrabad/mobile-phones/realme-gt-neo5-se-256-gb-white-jGo1BjYA97Xu9KoxhxWpvlg6.html,3,2026-09-16T02:13:46.137200+00:00,individual,"Gt neo 6se 
Fixed price
There are some scratches on the body and some light scratches on the back, nothing major. The volume button requires a slightly firmer press, which has been the case since the beginning, but it works fine. Everything else is perfect.
Box, charger, cash memo, and security documents are all available, and a high-quality protective cover will be provided."
Nothing Phone 3a Pro 256 GB Black,48000,Used,"Chattogram, Baizid",08/07,https://bikroy.com/baizid/mobile-phones/nothing-phone-3a-pro-256-gb-black-hyjk1eftm2JW3HdAtpB5kCD3.html,3,2026-09-16T02:13:46.856606+00:00,individual,"14 day used only new mobile 
Location: polytechnical, East Delta University Pashe.
Real buyer knock 016XXXXXXXX"
Nothing Phone 3a 256 GB White,35500,Used,"Chattogram, Satkania",15/08,https://bikroy.com/satkania/mobile-phones/nothing-phone-3a-256-gb-white-iF0wsGqNf6RimxNJfobATtz9.html,3,2026-09-16T02:13:47.567806+00:00,individual,"Brand new, comes with everything."
Nothing Phone 3a 256 GB White,33500,Used,"Chattogram, Satkania",21/05,https://bikroy.com/satkania/mobile-phones/nothing-phone-3a-256-gb-white-keDfTMKurYHi3VCnSmKgcAFK.html,3,2026-09-16T02:13:48.098109+00:00,individual,"Nothing Phone 3a (Global)
 4GB RAM / 256GB ROM
 Absolutely clean and fresh condition
 Global version
 Battery and performance are very good
 Camera, display, sound all perfect
 No issues, you can use it worry-free
 Perfect for those looking for a stylish and unique phone
 Inbox if interested."
Nothing Phone 3a Pro 256 GB Gray,35999,Used,"Chattogram, Bandar, Chattogram",06/09,https://bikroy.com/bandar/mobile-phones/nothing-phone-3a-pro-256-gb-gray-84A4j57BZo790jxIUCnfwY2G.html,3,2026-09-16T02:13:48.489037+00:00,individual,"100% fresh
★Cash memo will be given
★Used as secondary phone
★Location must (Bondor, Ctg)
Price 100% fixed"
Nothing Phone CMF Phone 2 Pro 128 GB Green,27500,Used,"Chattogram, Patenga",24/07,https://bikroy.com/patenga/mobile-phones/nothing-phone-cmf-phone-2-pro-128-gb-green-BPOnnkYfDRtgMgFOGrCldofW.html,3,2026-09-16T02:13:48.898628+00:00,individual,"Fresh condition, box and charger are all included. Used for a very short time, inbox if you want to buy."
Nothing Phone 3a 256 GB White,37000,Used,"Chattogram, Alankar",04/08,https://bikroy.com/alankar/mobile-phones/nothing-phone-3a-256-gb-white-fLWm2T6CH8W96feo8hhkdd2z.html,3,2026-09-16T02:13:49.307931+00:00,individual,"There is not much to say if someone wants a good phone then this is the perfect place you have come the rest will be understood when you meet face to face 
 
- 100% Original
- No type of problems
- Display, Touch, Camera, Speaker, Microphone, Fingerprint 
Location: Chattogram Sagarika Road Bitak Bazar 
 Only serious buyers please contact
WhatsApp:"
Nothing Phone 3 512 GB Black,65000,Used,"Chattogram, Hathazari",12/07,https://bikroy.com/hathazari/mobile-phones/nothing-phone-3-512-gb-black-yxV5AfHeEPwHoU4xsbAO5f8Y.html,5,2026-09-16T02:13:49.818927+00:00,individual,"Only 16 days used, full fresh, I'll provide a new xundd case"
Nothing Phone 4a Pro 256 GB Graphite,60000,Used,"Chattogram, Chawkbazar",20 hours ago,https://bikroy.com/chawkbazar/mobile-phones/nothing-phone-4a-pro-256-gb-graphite-6ggKcyFENqXk13R43sWcpm84.html,3,2026-09-16T02:13:50.542079+00:00,individual,"Nothing 4a Pro
12/256
Few days used
Full boxed."
Nothing Phone 3a 128 GB Black,31000,Used,"Chattogram, Alankar",05/09,https://bikroy.com/alankar/mobile-phones/nothing-phone-3a-128-gb-black-wuVyp0c2XbnCxQS21NT9Gwqs.html,4,2026-09-16T02:13:51.190593+00:00,individual,ফুল বক্স ক্যাশ মেমো সহ। কোনবিন্দু পরিমাণ দাগ বা ফাটল নাই পুরো নতুনের মত। প্রাইজ প্রায় ফিক্সড
Apple iPhone 14 Pro Max 256 GB Purple,67000,Used,"Dhaka, Uttara",18/08,https://bikroy.com/uttara/mobile-phones/apple-iphone-14-pro-max-256-gb-purple-9YlfSQtiazmGp7tZJ6UkGjzY.html,3,2026-09-16T02:13:51.972419+00:00,individual,"The phone is completely fresh. Everything is original, nothing has been changed. Phone number 018XXXXXXXX"
Apple iPhone 14 Pro Max 128 GB Gray,72000,Used,"Dhaka, Basabo",11/09,https://bikroy.com/basabo/mobile-phones/apple-iphone-14-pro-max-128-gb-gray-eTaO61PpHLiVmwqh4SDVobpR.html,5,2026-09-16T02:13:52.605134+00:00,individual,"Brand- Apple 
Model- 14 pro max
What you will get with the mobile
Box, charger, 2 good quality covers
The mobile has been used with great care.
BH- 75 Original Battery 
128 GB
HKG, MAC
Nothing of the mobile has been changed
Everything is original.
The mobile must be seen by coming in person.
Dakshin Gaon Road No. 2, Basabo"
Nothing Phone 4a Pro 256 GB Silver,56000,Used,"Dhaka, Savar",08/09,https://bikroy.com/savar/mobile-phones/nothing-phone-4a-pro-256-gb-silver-mxNL7Rulwpj1sy3wgpW9Ep8A.html,5,2026-09-16T02:13:53.103019+00:00,individual,"Purchased from Dazzle on July 30, 2026. Used for a short time, absolutely fresh condition.
8/256GB | Silver
 Phone price: ৳58,800
 Dazzle Care+: ৳4,110
 365 days Replacement Guarantee
 Original Memo, Box & Cable are available. Selling because I urgently need money.
 Asking price: ৳56,000 — slightly negotiable.
 Savar Cantonment
Only serious buyers please inbox 016XXXXXXXX"
New Apple iPhone 17 Pro Max 256 GB Silver,149999,Brand New,"Dhaka, Tejgaon",31/08,https://bikroy.com/tejgaon/mobile-phones/new-apple-iphone-17-pro-max-256-gb-silver-dy5uCDfSuwBQ1fycjIlthQlt.html,5,2026-09-16T02:13:53.916366+00:00,individual,"The phone has been used for a very short time and with great care. Battery health is 100%, charged 44 times. Includes one physical SIM and one eSIM, along with the full box and cash memo. The phone is like new, nothing to inspect. Do not bargain. iPhone 17 Pro Max 256 GB"
Apple iPhone 15 Pro 128 GB,80000,Used,"Dhaka, Savar",21/08,https://bikroy.com/savar/mobile-phones/apple-iphone-15-pro-128-gb-93SMOFpYXk2n0fMpoqUs9ff8.html,3,2026-09-16T02:13:54.245485+00:00,individual,"The phone was brought from the UK.
 1st user
 Original Apple store cash memo and NID can be provided as documents.
 Box not available
 BH: 80%
 European variant
 1 e-SIM / 1 physical
 Everything is original on the phone, nothing has been changed or opened, it is 100% waterproof."
Apple iPhone 15 Pro 256 GB,90000,Used,Dhaka,17/08,https://bikroy.com/dhaka/mobile-phones/apple-iphone-15-pro-256-gb-kEHCYM1J5q9Z2wKsbIzZTALD.html,5,2026-09-16T02:13:54.950847+00:00,individual,"Box available.
256GB
Nothing has been changed.
Face ID, True Tone display all original
BH-85%
Cycle count-826
Can be checked however many times and however you want, brought from Japan. Selling because I will upgrade the phone, no issues.
Price will be fixed"
Apple iPhone 15 Pro 128 GB Blue,78000,Used,"Dhaka, Mirpur",2 days ago,https://bikroy.com/mirpur/mobile-phones/apple-iphone-15-pro-128-gb-blue-rnhgE48T8MKBQFwZpni1KlN7.html,5,2026-09-16T02:13:55.661511+00:00,individual,"iPhone 15 Pro (UAE Variant)
Condition: Fresh & Original
Battery Health: 82%
Waterproof (Never opened / nothing changed)
No parts changed – 100% original
Storage: 128GB
Imported from abroad, still waterproof. Selling because I will upgrade to iPhone 16. Serious buyers only, please send a message."
Nothing Phone 3 512 GB White,58000,Used,"Dhaka, Baridhara",11 hours ago,https://bikroy.com/baridhara/mobile-phones/nothing-phone-3-512-gb-white-sO7lGwfpb7nF2hjcQGoOXcL.html,4,2026-09-16T02:13:56.222389+00:00,individual,"Nothing 3
Full fresh condition 
only device"
Apple iPhone 13 Pro Max 512 GB Gold,65000,Used,"Dhaka, Jatrabari",11/09,https://bikroy.com/jatrabari/mobile-phones/apple-iphone-13-pro-max-512-gb-gold-BjoaJF5XMlVWpnr6oOWxcvi4.html,3,2026-09-16T02:13:56.995775+00:00,individual,"Phone has never been opened, completely waterproof, nothing has been changed, full fresh condition.
No display issue, latest update given, using for 2 years, using for 2 years.
Still looks like an absolutely brand new phone.
Box will be found with it. Brought from USA."
Apple iPhone 14 Pro 128 GB White,62500,Used,"Dhaka, Uttara",24/08,https://bikroy.com/uttara/mobile-phones/apple-iphone-14-pro-128-gb-white-q2fBbIjftjUTlqxmlUCslbWt.html,5,2026-09-16T02:13:57.712165+00:00,individual,"128gb 
USA variant 
Battery Health 80%
All original parts 
Nothing has been changed"
Apple iPhone 13 Pro 256 GB Gold,55000,Used,"Dhaka, Jatrabari",11/09,https://bikroy.com/jatrabari/mobile-phones/apple-iphone-13-pro-256-gb-gold-iN55ewCIkfSL4aA7MXoahoZh.html,5,2026-09-16T02:13:58.120152+00:00,individual,"Price Fixed
IPhone 13 Pro 256Gb Full Box
Color : Golden 
1 physical sim , 1 E sim 
Battery health : 91% (Original )
IOS version : Latest (26.5.2)
True Tone : ok 
Face ID : ok
Model number : MLQP3LL/A
Waterproof device 
Used with case 
IMel Matched Box available 
Charging cable and 20 adapter Available 
 everything original
Nothing repaired /Replace"
Apple iPhone 17 Pro Max 256 GB Black,150000,Used,"Dhaka, Badda",28/08,https://bikroy.com/badda/mobile-phones/apple-iphone-17-pro-max-256-gb-black-as6wG8a1pMKfuB2eZe7fYtUK.html,4,2026-09-16T02:13:58.938674+00:00,individual,"iPhone 17 pro Max 
USA variant
Battery health 98%
Storage 256GB 
Negotiable just Kichu scratches and ekta Dent ache nothing else With Box"
Nothing Phone 4a Pro 256 GB Silver,58000,Used,"Dhaka, Savar",11 hours ago,https://bikroy.com/savar/mobile-phones/nothing-phone-4a-pro-256-gb-silver-rmUhiwYH5LofThyui6RIgSsR.html,5,2026-09-16T02:13:59.660667+00:00,individual,"Nothing 4A Pro | 8GB RAM + 256GB 
Premium Used Phone now at an attractive Offer Price! Smooth performance, stylish design, fresh condition 
 Muthophone Accessories. 2 E-195A, Level-5 (Lift-4), Sena Shopping Complex, Nabinagar, Savar, Dhaka
 Limited Stock | Order Now!
 
Facebook: MUTHOPHONE ACCESSORIES 2"
Nothing Phone 2a 128 GB White,25999,Used,"Dhaka, Jatrabari",11 hours ago,https://bikroy.com/jatrabari/mobile-phones/nothing-phone-2a-128-gb-white-aM2KLdGLDp9EDb3bQ4GY13L8.html,3,2026-09-16T02:14:00.267938+00:00,individual,"Jatrabari, Idris super market 
shop no 63"
Nothing Phone 1 128 GB Black,29000,Used,"Dhaka, Uttara",1 day ago,https://bikroy.com/uttara/mobile-phones/nothing-phone-1-128-gb-black-yFAng88VBi16L4d8PJtz9i8t.html,4,2026-09-16T02:14:00.779255+00:00,individual,"There are no problems. If anyone wants to exchange with an iPhone, please send a message."
Nothing Phone CMF Phone 2 Pro 256 GB White,27000,Used,"Dhaka, Lalbag",26/08,https://bikroy.com/lalbag/mobile-phones/nothing-phone-cmf-phone-2-pro-256-gb-white-cM0FvxbzpToN4SwLlGdfHAII.html,4,2026-09-16T02:14:01.101830+00:00,individual,"মোবাইল কেনার সময় অবশ্যই রশিদে স্বাক্ষর করতে হবে ও NID কার্ডের ফটোকপি দিতে হবে(আমিও দেবো)
দাম:২৭০০০ ফিক্সড (কমানো সম্ভব নয়)
রশিদের ছবি দেয়া আছে। 
লোকেশন: আজিমপুর, রসূলবাগ পার্ক।"
Nothing Phone 3a Pro 256 GB Black,38500,Used,"Dhaka, Jatrabari",11 hours ago,https://bikroy.com/jatrabari/mobile-phones/nothing-phone-3a-pro-256-gb-black-tVwi3Yk0uYUSyZrUS1SZXcaA.html,4,2026-09-16T02:14:01.718929+00:00,individual,"আসসালামু আলাইকুম
Wellcome to Gadget Exchange BD
 
With cash memo
 7 Day's Replacement
 1 Year's service warranty without Parts
 Gadget Exchange BD 
দোকান নং,৬৭ (৩য় তলা)
বিক্রমপুর প্লাজা, জুরাইন রেলগেট ঢাকা-১২০৪"
Nothing Phone 3a 128 GB Black,30000,Used,"Dhaka, Kamrangirchar",08/09,https://bikroy.com/kamrangirchar/mobile-phones/nothing-phone-3a-128-gb-black-wSgKIUL4rHNem2mFmvbBLPVH.html,5,2026-09-16T02:14:02.194860+00:00,individual,Only the top is slightly broken. It fell from a child's hand. No other problems. Box is included.
Nothing Phone 4a Pro 128 GB Gray,50000,Used,"Dhaka, Savar",20/08,https://bikroy.com/savar/mobile-phones/nothing-phone-4a-pro-128-gb-gray-nvGl50ubrX0B0L7XGttjb39p.html,4,2026-09-16T02:14:02.953454+00:00,individual,"There are no issues with the phone, it's completely like new, used for two months, papers and box are all included along with just the cable that came with the phone. Check it as much as you like, there are no scratches or problems."
Nothing Phone 3a 128 GB White,33500,Used,"Dhaka, Savar",06/09,https://bikroy.com/savar/mobile-phones/nothing-phone-3a-128-gb-white-96CLFdj6MhmRxwVoZUrvg10P.html,5,2026-09-16T02:14:03.673382+00:00,individual,"একদম অথেন্টিক Nothing 3a খুঁজছেন?
Nothing 3a 8/128 
•Battery-5000 mh
Available
Book Now  ￼ 
Shop No- E/137 Level-5
Sena sopping complex."
Nothing Phone 4a 256 GB Black,49999,Used,"Dhaka, Jatrabari",2 hours ago,https://bikroy.com/jatrabari/mobile-phones/nothing-phone-4a-256-gb-black-4W6smJUi60e8v3GdezaspbQj.html,3,2026-09-16T02:14:04.298851+00:00,individual,"Nothing 4a.
Ram - 12 gb.
Rom - 256 gb.
Full box."
New Nothing Phone 3a Pro 256 GB Black,40000,Brand New,"Dhaka, Mirpur",08/09,https://bikroy.com/mirpur/mobile-phones/new-nothing-phone-3a-pro-256-gb-black-GACIqZPVi5YNjgFhyVnTo8c.html,3,2026-09-16T02:14:04.777523+00:00,individual,নিতে চাইলে যোগাযোগ 017XXXXXXXX
Nothing Phone 4a 256 GB Blue,40990,Used,"Dhaka, Rampura",2 hours ago,https://bikroy.com/rampura/mobile-phones/nothing-phone-4a-256-gb-blue-8bQe5s49akNvSfWPOzrjyoE1.html,3,2026-09-16T02:14:05.305909+00:00,individual,"Nothing 4a 5G 8+256GB As Like New condition 
No internal or external problem 
Only device and cash memo 
More information call 
Address: Molla Tower Shopping complex, Rampura, Dhaka. 
Opposite BTV centar 
3rd floor, shop no-406."
Nothing Phone 2a 256 GB Black,27500,Used,"Dhaka, Jamuna Future Park",11 hours ago,https://bikroy.com/jamuna-future-park/mobile-phones/nothing-phone-2a-256-gb-black-a6Jqyq5jQNix6XNM645jgbfc.html,5,2026-09-16T02:14:05.803723+00:00,individual,"notging 2a 8/256gb all ok
super fresh condition available

🏃 আমাদের দোকান এ ভিজিট করুন 

 📍 Address :

     "" Appelink ""
     Shop No: 4C-021C1
       Block- C, Level- 4 
     Jamuna Future Park
(Samung customer care er pase
⏰Business Hour: 11:00AM-8:00PM
Whatsup number 016XXXXXXXX"
Nothing Phone 2a 128 GB White,27000,Used,"Dhaka, Demra",26/08,https://bikroy.com/demra/mobile-phones/nothing-phone-2a-128-gb-white-hUld7tOoRcRfeqcnW0Q747fn.html,4,2026-09-16T02:14:06.503916+00:00,individual,"Nothing 2A 
8/128gb
Full fresh condition 
All okh.kono problem nai."
Nothing Phone 3a Lite 256 GB Blue,29990,Used,"Dhaka, Rampura",2 hours ago,https://bikroy.com/rampura/mobile-phones/nothing-phone-3a-lite-256-gb-blue-2WqjIYecNl7sLTNNx62mrbHn.html,3,2026-09-16T02:14:06.807363+00:00,individual,"Nothing 3a Lite  8+256GB As Like New
Only device and cash memo 
More information call 
Address: Molla Tower Shopping complex, Rampura, Dhaka. 
Opposite BTV centar 
3rd floor, shop no-406"
Nothing Phone 3a Pro 256 GB Silver,44000,Used,"Dhaka, Savar",11 hours ago,https://bikroy.com/savar/mobile-phones/nothing-phone-3a-pro-256-gb-silver-rb4esxx9tuUmVrUSHfD6xNG6.html,5,2026-09-16T02:14:07.539295+00:00,individual,"📱 Nothing 3a pro | 8GB RAM | 256GB Storage

An extraordinary smartphone with flagship performance and premium design. Buy with complete confidence after thoroughly checking.

✅ 7 Days Replacement Guarantee ✅ 1 Year Service Warranty ✅ Opportunity to check the phone before purchase

📍 E-195A, Level-5 (Lift-4), Sena Shopping Complex, Nabinagar, Savar, Dhaka. 🗓️ Weekly Closed: Sunday"
OnePlus 11R 256 GB Black,30000,Used,"Rajshahi, Uposahar",16/08,https://bikroy.com/uposahar/mobile-phones/oneplus-11r-256-gb-black-vBjseaIKkyYu61UCJoOOuNs.html,4,2026-09-16T02:14:08.361693+00:00,individual,"Main Camera: 50+8+2MP
Front Camera: 16 MP
Battery: 5000mAh
Chipset: Qualcomm Snapdragon 8 Gen1 plus
Refresh Rate :120 Hz"
New OnePlus Ace 2 256 GB Silver,30000,Brand New,"Rajshahi, Rajpara",03/07,https://bikroy.com/rajpara/mobile-phones/new-oneplus-ace-2-256-gb-silver-fkj6kLkcSrmn5FAeEpnjh37i.html,5,2026-09-16T02:14:08.977219+00:00,individual,"OnePlus
Model: Ace 2
RAM: 12/256
Full fresh new condition"
OnePlus 13R 256 GB Black,43500,Used,"Rajshahi, Boalia",2 days ago,https://bikroy.com/boalia/mobile-phones/oneplus-13r-256-gb-black-6fUE0bHoVSgOpO7AQRW83Lji.html,5,2026-09-16T02:14:09.563232+00:00,individual,"You will get only the phone, no charger. There is not the slightest problem or scratch on the phone, you will get it completely fresh. Battery health 99%. Enjoy smooth performance along with a great camera and Snapdragon 8 Gen 3 processor. If anyone wants to buy, contact quickly. Price is almost fixed."
OnePlus 12 /256 (Used),42999,Used,Rajshahi,20 hours ago,https://bikroy.com/rajshahi/mobile-phones/oneplus-12-256-used-bxePyFSvvMHrpbhRdjPDqfnq.html,3,2026-09-16T02:14:09.814757+00:00,individual,"Oneplus 12

16/ 256

Enjoy super condition 🔥🔥

7 days replacement guarantee ✅
1 year service warranty ✅

#exchange possible ✅

Our Address:
Smart Choice, Shop No. 211,
City center, Beside of Rajshahi College, Sonadigir mor Rajshahi

Call for any details:"
OnePlus 13s 256 GB Black,55000,Used,Rajshahi,21 hours ago,https://bikroy.com/rajshahi/mobile-phones/oneplus-13s-256-gb-black-Cbyscqr0tybDLDa2KA9rdghr.html,2,2026-09-16T02:14:10.208709+00:00,individual,"OnePlus 13s
12 256
Super condition
7 days replacement guarantee
1 year service warranty
#exchange possible
Our Address:
Smart Choice, Shop No. 211,
City Center, Beside Rajshahi College, Sonadigir Mor, Rajshahi
Call for any details"
OnePlus 13R 256 GB Black,44000,Used,"Rajshahi, Paba",12/09,https://bikroy.com/paba/mobile-phones/oneplus-13r-256-gb-black-BN1F0ojZujVJOr3INkZMR7NM.html,5,2026-09-16T02:14:10.827596+00:00,individual,"OnePlus 13R 12/256
Full fresh condition
Battery health 100%
(Only phone)
(Price fixed)"
OnePlus 11 512 GB Black,35000,Refurbished,"Rajshahi, Boalia",13/08,https://bikroy.com/boalia/mobile-phones/oneplus-11-512-gb-black-8Fk5EfkhQkYXnUDV0VrhMtHc.html,5,2026-09-16T02:14:11.463386+00:00,individual,"Call only Wp & number aptX HD, Bluetooth 5.3, A2DP, LE, Corning Gorilla Glass Victus, Fingerprint, IP64 dust/water resistant, Stereo Speakers, USB Type-C 2.0, OTG"
OnePlus 12R 256 GB Black,33000,Used,"Rajshahi, Paba",01/08,https://bikroy.com/paba/mobile-phones/oneplus-12r-256-gb-black-wZ0bdwC5lJBly9TlpR5JBylJ.html,3,2026-09-16T02:14:11.941147+00:00,individual,"There is not even a slight problem, lamination is applied on the front and back. Price negotiation is not allowed at all."
OnePlus 12R 256 GB Black,34500,Used,"Rajshahi, Shaheb Bazar",09/09,https://bikroy.com/shaheb-bazar/mobile-phones/oneplus-12r-256-gb-black-BE8PUoVVWBuSZW21wjeMA2zz.html,3,2026-09-16T02:14:12.556278+00:00,individual,"Oneplus 12R 
Ram 16 
Room 256
Battery health 92%
Locetion Rajshahi
Indean phone"
OnePlus 12R 256 GB Black,32000,Used,"Rajshahi, Paba",01/09,https://bikroy.com/paba/mobile-phones/oneplus-12r-256-gb-black-zec7w3QVQd5epd0EvRRbKhic.html,4,2026-09-16T02:14:12.835974+00:00,individual,ফুল ফ্রেশ। কোন ধরনের সমস্যা নাই। যতক্ষণ ইচ্ছা চালিয়ে দেখে নিবেন। ফুল বডি পলি করা আছে। শুধু ফোন আর সিকিউরিটি হিসেবে nid দেওয়া হবে।
New OnePlus 11R 128 GB Black,28000,Brand New,"Rajshahi, Paba",30/04,https://bikroy.com/paba/mobile-phones/new-oneplus-11r-128-gb-black-mVNayol40JQRQQQAYiTbVtnv.html,4,2026-09-16T02:14:13.586144+00:00,individual,"Check it thoroughly before buying, it is fresh."
New OnePlus 11R 128 GB Silver,25000,Brand New,"Rajshahi, Motihar",19/08,https://bikroy.com/motihar/mobile-phones/new-oneplus-11r-128-gb-silver-yJypAY2OnfDOAc7FyIwCnWP5.html,4,2026-09-16T02:14:14.307317+00:00,individual,"Phone is completely fresh, there are no problems with the phone"
OnePlus 11R 256 GB Black,28000,Used,"Rajshahi, Shaheb Bazar",20 hours ago,https://bikroy.com/shaheb-bazar/mobile-phones/oneplus-11r-256-gb-black-uqi8zxOGRdcfOQPsexSgHj7N.html,3,2026-09-16T02:14:14.813702+00:00,individual,"Oneplus 11r, 16 / 256 GB. Super condition. Enjoy a 7-day replacement guarantee and 1-year service warranty. #exchange possible. Our Address: Smart Choice, Shop No. 211, City Center, Beside Rajshahi College, Sonadighi Mor, Rajshahi. Call for any details:"
OnePlus Nord CE4 128 GB Gray,25000,Used,"Rajshahi, Godagari",31/08,https://bikroy.com/godagari/mobile-phones/oneplus-nord-ce4-128-gb-gray-tOPOHsdjpU1HWvdE2K4fWrJx.html,5,2026-09-16T02:14:15.424560+00:00,individual,Sell post. Enjoy a pristine condition phone with no scratches or issues. Model: OnePlus Nord CE 4. RAM/ROM: 8/128. Battery: 5500mAh.
OnePlus Nord CE5 256 GB White,28000,Refurbished,"Rajshahi, Boalia",10/07,https://bikroy.com/boalia/mobile-phones/oneplus-nord-ce5-256-gb-white-wj0WPw73PjMKDKS3F6oGNvwL.html,5,2026-09-16T02:14:16.039638+00:00,individual,"The phone name is OnePlus Nord CE5. It is in full fresh condition, comes with the full box and charger."
OnePlus 10 Pro 128 GB,25000,Used,"Rajshahi, Shaheb Bazar",28/06,https://bikroy.com/shaheb-bazar/mobile-phones/oneplus-10-pro-128-gb-7ENu4q5WPenmtHH1AJYDJ5N6.html,3,2026-09-16T02:14:16.739887+00:00,individual,"100% authentic phone
5000 mAh battery
Qualcomm Snapdragon 8 Gen 1 processor
Display original, fingerprint okay
8 GB RAM, 128 GB ROM
Price: 25,000
Please do not message unnecessarily
Only phone and charger
NID card will be provided as documentation
Location: Rajshahi Talaimari"
OnePlus 11R 256 GB Green,28500,Used,"Rajshahi, Bagmara",08/09,https://bikroy.com/bagmara/mobile-phones/oneplus-11r-256-gb-green-fyZtwbzXkaIifyi5ojbrN67Z.html,5,2026-09-16T02:14:17.483553+00:00,individual,"Assalamu Alaikum,
There is not much to say about the phone, the phone is in completely fresh condition. It has been used very carefully as a secondary phone. No gaming has been done on the phone, no repair issues, no problems. Whoever takes it, check and test it properly before taking.
And if you want to buy the phone, you must come to the location to collect it.
If you want to know anything else, please call or SMS.
Price = 28,500/ Show more"
OnePlus 11R 128 GB Gray,22000,Used,"Rajshahi, Paba",05/09,https://bikroy.com/paba/mobile-phones/oneplus-11r-128-gb-gray-2PwhiRkVjvz1AWBAaZkrYvbT.html,3,2026-09-16T02:14:18.109840+00:00,individual,"আপনি যদি OnePlus 11R 5G-এর কথা বলেন, তাহলে সংক্ষেপে বর্ণনা:
 OnePlus 11R 5G
ডিসপ্লে: 6.74 ইঞ্চি AMOLED, 120Hz রিফ্রেশ রেট
প্রসেসর: Qualcomm Snapdragon 8+ Gen 1
RAM: 8GB / 16GB
স্টোরেজ: 128GB / 256GB
রিয়ার ক্যামেরা: 50MP + 8MP + 2MP
সেলফি ক্যামেরা: 16MP
ব্যাটারি: 5000mAh
চার্জিং: 100W SUPERVOOC
নেটওয়ার্ক: 5G
সিস্টেম: Android OxygenOS"
OnePlus 11R 256 GB Black,27000,Used,"Rajshahi, Kazla",26/08,https://bikroy.com/kazla/mobile-phones/oneplus-11r-256-gb-black-5YoUDRq3Pi6EbohPNJVZMfHv.html,3,2026-09-16T02:14:18.620844+00:00,individual,"Fully fresh phone with no problems 16/256 price fixed, please ignore if you don't like the price"
OnePlus 11 R 8/128 (Used),25000,Used,"Rajshahi, Godagari",30/04,https://bikroy.com/godagari/mobile-phones/oneplus-11-r-8-128-used-6xKaf52KOGvsHGmrpLL7Ped5.html,4,2026-09-16T02:14:19.187233+00:00,individual,"Model: OnePlus 11r 8/128 variant. Bought on the first day of Ramadan, the phone is completely fresh. Feel free to check it as much as you want, there are no issues. Selling because I am shifting to iPhone. The back looks a bit worn due to the back poly, you can remove the poly to check. Exchange not available. You will get the memo with the phone (charger available for an extra cost). If you want to buy, please message or call directly. Show more"
OnePlus Nord 3 256 GB Black,23000,Used,"Rajshahi, Shaheb Bazar",09/09,https://bikroy.com/shaheb-bazar/mobile-phones/oneplus-nord-3-256-gb-black-6iPoSaVFYHU6SZqvdExvIhKM.html,3,2026-09-16T02:14:19.832835+00:00,individual,"Emergency sell. Phone is completely fresh. No problems at all. Everything is authentic. The phone's volume up button does not work. Check as much as you like. Do not negotiate unnecessarily, ignore if you don't like the price. Thank you."
OnePlus Nord CE5 256 GB White,28000,Used,"Rajshahi, Shiroil",05/09,https://bikroy.com/shiroil/mobile-phones/oneplus-nord-ce5-256-gb-white-eT6J7oHbekmkmmt2PEcCaouj.html,5,2026-09-16T02:14:20.340014+00:00,individual,"OnePlus nord ce5 
Official 
8/256
Super fresh, looks like new"
OnePlus 11R 256 GB Blue,24500,Used,"Rajshahi, Godagari",08/09,https://bikroy.com/godagari/mobile-phones/oneplus-11r-256-gb-blue-u3gjNTPKjtBe0fd2HhS6Bup1.html,5,2026-09-16T02:14:21.078236+00:00,individual,"16GB ram 
256 GB ROM 
50 MP, f/1.8, 24mm (wide), 1/1.56"", 1.0μm, multi-directional PDAF, OIS
8 MP, f/2.2, 120 ̊ (ultrawide), 1/4.0"", 1.12μm
2 MP (macro)
Features	Color spectrum sensor, LED flash, HDR, panorama
Video	4K/60fps, 1080p/60/240fps, gyro-EIS
120Hz, HDR10+, 1450 nits (peak)
Size	6.74 inches,
Resolution	1240 x 2772 (~451"
OnePlus 12R 128 GB Blue,29000,Used,"Rajshahi, Chhota Banagram",31/08,https://bikroy.com/chhota-banagram/mobile-phones/oneplus-12r-128-gb-blue-Yf7Fi8akXM8Fbq7bBdYBWmd.html,3,2026-09-16T02:14:21.574165+00:00,individual,"ফোনের ব্যাকশেল ফাটা।
এছাড়া ফোনে কোন সমস্যা নেই।
লোকেশন শালবাগান পাওয়ার হাউজ মোড়। সাথে অরজিনাল একটি ফাস্ট সুপারবক চার্জার দেয়া হবে। ক্যাশ মেমো আছে। কিনা দাম ছিল ৩৫ হাজার ৫০০।
বিক্রি দাম ২৯০০০"
OnePlus 13 256 GB Blue,68000,Used,"Chattogram, Oxygen",07/08,https://bikroy.com/oxygen/mobile-phones/oneplus-13-256-gb-blue-uhu1Fn06okWg0bVnRFCoGvLd.html,5,2026-09-16T02:14:22.143782+00:00,individual,"OnePlus 13 (Global Version)
Used: 8 Months
Condition: Excellent (One-Hand Use)
Battery Health: 97%
No Damage / No Issues
Overall Condition: 10/10 – Everything perfectly
What's Included:
Full Box
Original Charger
2 Mobile Covers (Free)"
New OnePlus Nord 6 512 GB Black,70000,Brand New,"Chattogram, Chawkbazar",20 hours ago,https://bikroy.com/chawkbazar/mobile-phones/new-oneplus-nord-6-512-gb-black-rOv3lyxvBHhlLyKlP6ooyNAt.html,3,2026-09-16T02:14:22.864141+00:00,individual,"OnePlus Nord 6
12/512GB
It's new and sealed pack."
OnePlus 13s 256 GB Green,65000,Used,"Chattogram, Halishahar",27/07,https://bikroy.com/halishahar/mobile-phones/oneplus-13s-256-gb-green-6i0VeIAFvsdsvUsIkzYw1mFA.html,3,2026-09-16T02:14:23.514716+00:00,individual,"12/256, brand new condition. 100% Battery Health."
New OnePlus 15 256 GB Black,80000,Brand New,"Chattogram, Chandanaish",02/09,https://bikroy.com/chandanaish/mobile-phones/new-oneplus-15-256-gb-black-rn0AHzpB07ct2YjotNlp0OzO.html,3,2026-09-16T02:14:24.207923+00:00,individual,Get a brand new device complete with its full box and charger! Experience like-new longevity with a battery cycle count of only 22 times.
OnePlus 15 256 GB White,88000,Used,"Chattogram, Chawkbazar",20 hours ago,https://bikroy.com/chawkbazar/mobile-phones/oneplus-15-256-gb-white-pl1reY905NpdBohOQb1qvLIh.html,3,2026-09-16T02:14:24.848166+00:00,individual,"Oneplus 15
12/256
Full Boxed
with Charger"
OnePlus 15 512 GB Black,97000,Used,"Chattogram, Kotwali, Chattogram",30/08,https://bikroy.com/kotwali/mobile-phones/oneplus-15-512-gb-black-s3XwSdMjMJfYUDxWtmkLm89d.html,5,2026-09-16T02:14:25.363218+00:00,individual,"Ekdom fresh, 6month used, official warranty,  24-02-2027 porjonto official warranty active thakbe with charging adaptor include in same official warranty 🙂
Kohinoor city One pluser official outlet theke buy kora hoyechilo

Brand	:OnePlus
Model	15 (16GB/512GB)"
OnePlus 9RT 5G 128 GB Black,30000,Used,"Chattogram, Halishahar",20 hours ago,https://bikroy.com/halishahar/mobile-phones/oneplus-9rt-5g-128-gb-black-bidzSdoaoEeGim1ZvTYBGdaK.html,5,2026-09-16T02:14:26.075170+00:00,individual,"I am selling it because I need emergency money, otherwise I wouldn't have sold it because I have never used such an amazing phone before. There are only 2 issues with the mobile: its power button and volume button do not work very well.
The phone has been used for about 1 year.
Mobile box + charger are all included.
Please check it thoroughly when you buy."
New OnePlus 12R 128 GB Black,29999,Brand New,"Chattogram, Patenga",23/08,https://bikroy.com/patenga/mobile-phones/new-oneplus-12r-128-gb-black-l2DSstJjoicy5u4OBa8JdV2z.html,5,2026-09-16T02:14:26.796253+00:00,individual,"The phone is practically brand new in a word. Not a single hair-sized scratch anywhere. And it will 10,000% never get a green line guarantee. You can check it for as long as you want. A killer phone for camera and gaming. Selling because I will buy an iPhone. Only phone, you can check and take it for as long as you want. I will give everything needed for security, no problem."
OnePlus 256 GB Gray,36000,Used,"Chattogram, Oxygen",12/09,https://bikroy.com/oxygen/mobile-phones/oneplus-256-gb-gray-eAAzpFBYbqdn6kTx1LQzeR4.html,5,2026-09-16T02:14:27.509657+00:00,individual,"OnePlus Nord 5 (8/256)... full fresh... No dents, spots & problems... full body laminated... you can check and take... brought from India... used for about 6 months..."
OnePlus 13R 512 GB Silver,48500,Used,"Chattogram, Rangunia",06/09,https://bikroy.com/rangunia/mobile-phones/oneplus-13r-512-gb-silver-BimuH69fH5QsfdfOPj4P3Fbh.html,4,2026-09-16T02:14:28.129423+00:00,individual,"*Device , Cover & Charger will be given.
 16GB RAM + 512GB Storage — Power & Storage-এর দিক থেকে একদম beast!
 Location: Rangunia thanar pashe,Rowajarhat rangunia upazilla."
OnePlus 12 R Indian version (Used),31500,Used,"Chattogram, Chawkbazar",22/04,https://bikroy.com/chawkbazar/mobile-phones/oneplus-12-r-indian-version-used-f0lUDg20BYWtIc9Ot6HPDNGj.html,5,2026-09-16T02:14:28.741157+00:00,individual,"ONEPLUS 12R 16/256 GB BH 94%
CONDITION 98% FRESH 
EXCHANGE POSSIBLE BUT GAMING PHONE 8GEN 3 CHIPSET MUST BE ,, 
ADD ONLY 100W CHARGER 
Price almost fixed, 
There is no problem with the mobile. I want to buy a gaming phone like - iqoo 12 or 13
-"
New OnePlus 15R 256 GB Black,58500,Brand New,"Chattogram, Sholashahar",15 hours ago,https://bikroy.com/sholashahar/mobile-phones/new-oneplus-15r-256-gb-black-42cDvSO4HjfgrS5ImfVKqjK3.html,5,2026-09-16T02:14:29.352418+00:00,individual,"📌 Brief Description of the Phone:
• Model: OnePlus 15R (International Variant)
• Purchased Date: July 3, 2026 (Used for only 2+ months)
• Condition: Like Brand New
• Charging Cycle Count: 13
• Accessories: Original box, charging cable, documents, and original cash memo for security will be provided. A Nillkin back cover will be given for free."
New OnePlus 128 GB Black,41000,Brand New,"Chattogram, Chawkbazar",20 hours ago,https://bikroy.com/chawkbazar/mobile-phones/new-oneplus-128-gb-black-e0B33vLLj5Ngrys7ozNScU7f.html,3,2026-09-16T02:14:29.970622+00:00,individual,"OnePlus Nord CE6
8/128
Brand New"
OnePlus 12R 256 GB Blue,35000,Used,"Chattogram, Raozan",19/08,https://bikroy.com/raozan/mobile-phones/oneplus-12r-256-gb-blue-BhvIPAHvpvL0PVIqOD5c9xmm.html,5,2026-09-16T02:14:30.586696+00:00,individual,There is no issue. I need emergency Money. No box
OnePlus Nord CE4 Lite 256 GB Black,20800,Used,"Chattogram, Muradpur",20 hours ago,https://bikroy.com/muradpur/mobile-phones/oneplus-nord-ce4-lite-256-gb-black-8JEQMCf3D6SQOIuXjJfuGYEX.html,4,2026-09-16T02:14:30.853406+00:00,individual,"OnePlus Nord CE 4 lite 5G 
Official 
8/256 
Full box... 
Super Amoled display 
Display fingerprint... 
 সুবিধা:
 ১৫ দিনের রিপ্লেসমেন্ট গ্যারান্টি
 Device – 
 Shop No: 319, 3rd Floor (Lift 2 )
 CPDL RB Midtown Market, মুরাদপুর, চট্টগ্রাম (মক্কা হোটেলের পাশে)"
OnePlus 10R 256 GB Black,23000,Used,"Chattogram, Agrabad",20 hours ago,https://bikroy.com/agrabad/mobile-phones/oneplus-10r-256-gb-black-cRZo5qkmIwAko2xqvwKRdb6n.html,3,2026-09-16T02:14:31.504820+00:00,individual,"Set fully fresh conditions
200% ok
All parts 100% original
RAM 12+256
With cash memo
Set's performance is very good"
OnePlus 11 256 GB,34000,Used,"Chattogram, Lohagara",1 day ago,https://bikroy.com/lohagara/mobile-phones/oneplus-11-256-gb-1114NcoHB5MSnn03ZRt52YN9.html,3,2026-09-16T02:14:32.019070+00:00,individual,Oneplus 11
OnePlus 10 Pro 256 GB Blue,20000,Used,"Chattogram, Agrabad",19/08,https://bikroy.com/agrabad/mobile-phones/oneplus-10-pro-256-gb-blue-wQwGbIAkk9oa9sNLRpXQa8Ac.html,5,2026-09-16T02:14:32.425940+00:00,individual,Only display changed that too original set opened fitted and all ok  details
OnePlus 13 256 GB White,59000,Used,"Chattogram, Kajir Dewry",31/08,https://bikroy.com/kajir-dewry/mobile-phones/oneplus-13-256-gb-white-5aySVHHSIYeptabWxUjBQ74h.html,3,2026-09-16T02:14:32.832185+00:00,individual,"Phone is in totally fresh condition with no scratches.
Only the device, a few covers, and the cash memo are included.
The device is the Global Variant."
New OnePlus 15R 512 GB Green,54000,Brand New,"Chattogram, Pahartali",02/09,https://bikroy.com/pahartali/mobile-phones/new-oneplus-15r-512-gb-green-b3r06mrmEh2y1D8GveAPyMJa.html,4,2026-09-16T02:14:33.511059+00:00,individual,"Only set
Set all ok 
Must be location aste hobe"
OnePlus 12 256 GB Green,46000,Used,"Dhaka, Uttara",23/08,https://bikroy.com/uttara/mobile-phones/oneplus-12-256-gb-green-cpmPiiAd8HjCtfrdFEvwYi3T.html,5,2026-09-16T02:14:34.273781+00:00,individual,"OnePlus 12 12-256 full fresh phone 
Battery health 87%
No problems at all
You can check it as much as you want. Comes with the box, 80W original charger, and a cover.
Price almost fixed
Please do not act petty by offering ridiculous prices
If you want to know anything, feel free to call directly"
OnePlus 15R 512 GB Black,55000,Used,"Dhaka, Mirpur",30/08,https://bikroy.com/mirpur/mobile-phones/oneplus-15r-512-gb-black-xtZXPjtbdfjG3i1i5atQoGLq.html,5,2026-09-16T02:14:34.778762+00:00,individual,"• হালকা কিছু rash/ব্যবহারের দাগ আছে
• সবসময় cover ব্যবহার করা হয়েছে
• Overall very good condition
📦 Original 65W OnePlus Genuine Adapter Included ⚡
🧾 Purchase: Jamuna Future Park
✅ Original Purchase Invoice Available
📍 Location: Mirpur, Kazipara
💎 Premium Device • Genuine Invoice • Genuine Adapter"
OnePlus 256 GB Silver,52500,Used,"Dhaka, Jatrabari",2 hours ago,https://bikroy.com/jatrabari/mobile-phones/oneplus-256-gb-silver-tQ9iYhO9NGmifpIZsP91c99M.html,5,2026-09-16T02:14:35.498510+00:00,individual,"Oneplus Ace 6.
Ram - 12 gb.
Rom - 256 gb.
Bh - 100%.
Full box."
OnePlus 11 256 GB Black,45000,Used,"Dhaka, Uttara",05/09,https://bikroy.com/uttara/mobile-phones/oneplus-11-256-gb-black-b7W0VkQiRlbkIJSjDi9FydEV.html,3,2026-09-16T02:14:36.212255+00:00,individual,ফোনটি আমি কিছুদিন আগে কিনেছিলাম। এখন জরুরি টাকার প্রয়োজন তাই মোবাইলটি বিক্রি করতে চাচ্ছি।
OnePlus Nord 6 256 GB Black,52490,Used,"Dhaka, Shyamoli",20 hours ago,https://bikroy.com/shyamoli/mobile-phones/oneplus-nord-6-256-gb-black-glOLKjl7mRJM4jfhOiQ07eDf.html,5,2026-09-16T02:14:37.035413+00:00,business,"#OnePlus_Nord_6 8/256

100% | Charging Cycle: 08
Condition: Full Box | Intact conditions
Indian Official Warranty Available

⸻
EXCHANGE AVAILABLE
100% Authentic Product
⸻
EMI Facility (Available on cards from 36 banks)
⸻
Cash On Delivery Nationwide
⸻
Shop Location:
Phone-e
Shop No: 573, Level-5
Shyamoli Square Shopping Mall, Dhaka"
OnePlus 13R 256 GB Black,46500,Used,"Dhaka, Khilgaon",16 hours ago,https://bikroy.com/khilgaon/mobile-phones/oneplus-13r-256-gb-black-7EFdFBSkPBHIea4HTXaaH4VA.html,5,2026-09-16T02:14:37.344936+00:00,individual,"#OnePlus 13r 5G (12/256)- Black🖤

✅ Fully fresh condition
✅ 12GB RAM + 256GB ROM
✅ LTPO 4.1 AMOLED 120Hz Display
✅ Snapdragon 8 Gen 3 Processor
✅ 6000mAh Battery
✅ Excellent Backup
✅ Super fast In-display Fingerprint

📦 Cash memo, cover and charger will be provided with it.

📍 Location: Dhaka (Khilgaon / Tejgaon)
💰 Price: 46500 Taka

💱 Exchange possible ✅"
OnePlus 12 512 GB Green,56000,Used,"Dhaka, Ramna",07/09,https://bikroy.com/ramna/mobile-phones/oneplus-12-512-gb-green-cCFJeTYRCxqff0CYA1bV6C4S.html,3,2026-09-16T02:14:37.956025+00:00,individual,"Body Full Fresh. No Scratch Dent. Never Opened.
Only bottom speaker does not work. No other issue.
Box + Cash Memo + Original 100 watt VOOC charger + Cable + 4 Unique Cover Cases
Battery Health - 94%
Price Slightly Negotiable
বডি একদম ফ্রেশ । কেনার দিন থেকেই প্রটেক্টর দিয়ে ইউস করেছি। প্রাইমারি ফোন হিসেবে আইফোন ব্যবহার করি তাই বিক্রি করছি।"
OnePlus 15 256 GB White,87000,Used,"Dhaka, Baridhara",11 hours ago,https://bikroy.com/baridhara/mobile-phones/oneplus-15-256-gb-white-d7b2JnypLwzOjR4xaqnuSgoM.html,4,2026-09-16T02:14:38.727394+00:00,individual,"one plus 15
Custom Global 
full box 
full fresh condition"
New OnePlus 256 GB,62999,Brand New,"Dhaka, Bashundhara City",11 hours ago,https://bikroy.com/bashundhara-city/mobile-phones/new-oneplus-256-gb-ppsVFtWgCSk3YKQt0BV1LjAo.html,2,2026-09-16T02:14:39.121247+00:00,individual,"10-day replacement guarantee
 2-year service warranty
 Fast and secure courier service across the country
 Attractive exchange offers available
 Emon Gadget Point
Basement-1, Shop-84
Bashundhara City Shopping Mall"
OnePlus 12 256 GB Black,48500,Used,"Dhaka, Jamuna Future Park",2 hours ago,https://bikroy.com/jamuna-future-park/mobile-phones/oneplus-12-256-gb-black-z3Wq34Es9R50poqghIX90mnm.html,3,2026-09-16T02:14:39.823699+00:00,individual,"Oneplus 12
12GB 256GB
Few Month used
Price: Tk
 Paramount Gadget
Jamuna Future Park Shopping Mall
Level 4, Shop No: 006C
Near Lift 7 (Nokia   

#oneplus
#oneplus12"
OnePlus 13R 256 GB Black,45000,Used,"Dhaka, Mirpur",27/08,https://bikroy.com/mirpur/mobile-phones/oneplus-13r-256-gb-black-4Ye9TCchHKpwL3yEAmTFgx4b.html,4,2026-09-16T02:14:40.273448+00:00,individual,Phone full fresh condition Chek kore nite parben .Ekhono phone a kono service korano hoy nee .emarjency Taka dorkar taii phone ta sell kora .Location. Dhaka Mirpur 6 016XXXXXXXX 017XXXXXXXX
OnePlus 13 256 GB Black,55990,Used,"Dhaka, Shyamoli",11 hours ago,https://bikroy.com/shyamoli/mobile-phones/oneplus-13-256-gb-black-Be4a4ZYwBZJ2PFZcffLd2e5a.html,5,2026-09-16T02:14:40.617321+00:00,individual,"New Arrival best Price 
Get #NEW_ One Plus 13 5G 12/256GB Chinese BATTERY HEALTH 99 %
#_USED_NEW_CONDITION_FULL_BOX
Exchange Possible 
We sell 100% Original Product
You can check it however you like. 
Warranty Policy  
7 Days Parts Replacement Warranty 
2 Year Service Warranty Without LCD, Software & Physical Damage"
OnePlus 15 256 GB Graphite,78000,Used,"Dhaka, Jamuna Future Park",07/09,https://bikroy.com/jamuna-future-park/mobile-phones/oneplus-15-256-gb-graphite-cZaPDl6bwiYnbaAWmZYuNUGS.html,4,2026-09-16T02:14:41.317155+00:00,individual,Onepluss 15 12/256 gb fresh condition with box charger
New OnePlus 15R 256 GB,67499,Brand New,"Dhaka, Bashundhara City",11 hours ago,https://bikroy.com/bashundhara-city/mobile-phones/new-oneplus-15r-256-gb-jH8JFKtmwzXfcpNFHIOC4fb3.html,3,2026-09-16T02:14:42.063924+00:00,individual,"10-day replacement guarantee
 2-year service warranty
 Safe courier facility across the country
 Attractive exchange offers
 Basement-1, Shop-84, Bashundhara City Shopping Mall
 Prices are subject to change. Please contact us on WhatsApp before visiting."
OnePlus Ace 2V 256 GB Gray,25000,Used,"Dhaka, Motijheel",01/09,https://bikroy.com/motijheel/mobile-phones/oneplus-ace-2v-256-gb-gray-18BJKBqQX7HzG2IVeOA7N6cr.html,4,2026-09-16T02:14:42.669976+00:00,individual,"ফোন এখনো পর্যন্ত খোলা হয় নাই। একদম নতুন আছে সামনে পিছনে full fresh আছে শুধু কভার ব্যবহার করার জন্য সাইটে হালকা দাগ আছে। gaming এর জন্য বেষ্ট একটা ফোন . সাথে ৬৫ charger আছে শুধু . বিপদে পড়ে বেচতাছি ফোন এ কোন সমস্যা নাই।
Prosesor.. Diamondcity 9000
Ram..12+12
Rom... 256"
OnePlus Nord CE4 256 GB Green,22000,Used,"Dhaka, Keraniganj",17/08,https://bikroy.com/keraniganj/mobile-phones/oneplus-nord-ce4-256-gb-green-6wQOSIE0X7ub0WDUFd6lGeKt.html,3,2026-09-16T02:14:43.178186+00:00,individual,"Fully fresh. (No issues) Delivery location _ Notun Sonakanda Oil Pump, Rohitpur, Keraniganj, Dhaka 019XXXXXXXX"
OnePlus 9R 256 GB Blue,20000,Used,"Dhaka, Uttara",28/08,https://bikroy.com/uttara/mobile-phones/oneplus-9r-256-gb-blue-yJUPZanD3nr7t1cUInAL8YVi.html,5,2026-09-16T02:14:43.892522+00:00,individual,"OnePlus 9R 5G 
8+8gb ram
256gb rom
Camera 🔥
ফোনের কোন সমস্যা নাই 016XXXXXXXX"
OnePlus 9RT 5G 256 GB Green,25000,Used,"Dhaka, Dhanmondi",08/09,https://bikroy.com/dhanmondi/mobile-phones/oneplus-9rt-5g-256-gb-green-uYznLe88USc9GRmmUCBcQvNF.html,5,2026-09-16T02:14:44.515571+00:00,individual,"Original charger 
Box 
Kono problem nai
Fresh condition"
OnePlus 11R 256 GB Black,25000,Used,"Dhaka, Jatrabari",11 hours ago,https://bikroy.com/jatrabari/mobile-phones/oneplus-11r-256-gb-black-pMGlc8xGVXczgUOaKOHx0GIp.html,4,2026-09-16T02:14:45.048986+00:00,individual,"Assalamu Alaikum
Welcome to Gadget Exchange BD
 
All perfect working
Buying/Selling and Exchange means Gadget Exchange BD
Come to our shop to get 100% genuine products
With cash memo
 7 Days Replacement
 1 Year service warranty without parts
 Gadget Exchange BD 
Shop No. 67 (3rd Floor)
Vikrampur Plaza, Jurain Railgate, Dhaka-1204"
OnePlus 10R 128 GB Black,19500,Used,"Dhaka, Khilgaon",20 hours ago,https://bikroy.com/khilgaon/mobile-phones/oneplus-10r-128-gb-black-ffOg6rYi6XoYovqBjGtia4hP.html,3,2026-09-16T02:14:45.865466+00:00,individual,"Assalamu Alaikum. Greetings from ""Mobo Live Bd"". Oneplus 10r 8/128GB Black Full Factory unlock 100% original device Dear Honourable Customer. Now you can purchase with Emi of 21 Banks credit card. Thanks for being with us."
OnePlus 12R 256 GB Blue,36990,Used,"Dhaka, Jatrabari",11 hours ago,https://bikroy.com/jatrabari/mobile-phones/oneplus-12r-256-gb-blue-1zDgTFMVuTd6P6avfPINs43Y.html,3,2026-09-16T02:14:46.295753+00:00,individual,"Condition:Fully Fresh Like New
Ram:16GB Rom:256GB
Snapdragon 8 Gen 2
Battery:97%
Cash Memo
Price:Fixed
(যাত্রাবাড়ী আমাদের সাপ্তাহিক বন্ধ সোমবার) 
ঠিকানা:ঢাকা যাত্রাবাড়ী, শহীদ ফারুক রোড, তাজ-তানভীর সুপার মার্কেট, ২য় তলা, দোকান নাম্বার:১০ (MobileHub)
#কিছু টাকা বাচানোর জন্য সস্তায় পন্য কিনেt প্রতারিত না হয়ে সঠিক দামে সঠিক পন্য ক্রয় করুন"
OnePlus Nord CE4 128 GB,22500,Used,"Dhaka, Jatrabari",11 hours ago,https://bikroy.com/jatrabari/mobile-phones/oneplus-nord-ce4-128-gb-xgINrUQsdZhQqlyi9Fzz0ZhF.html,4,2026-09-16T02:14:46.660887+00:00,individual,"Assalamu Alaikum
Welcome to Gadget Exchange BD
 
 All perfect working
 Buying/selling and exchange means Gadget Exchange BD
 Come to our shop to get 100% genuine products
 With cash memo
 7 Days Replacement
 1 Year service warranty without Parts
 Gadget Exchange BD 
Shop No. 67 (3rd Floor)
Vikrampur Plaza, Jurain Railgate, Dhaka-1204"
OnePlus 10 Pro 256 GB Black,26990,Used,"Dhaka, Rampura",2 hours ago,https://bikroy.com/rampura/mobile-phones/oneplus-10-pro-256-gb-black-nrS8n1jNJj6ty5QXv8DYrTOd.html,3,2026-09-16T02:14:47.231864+00:00,individual,"Oneplus 10 Pro 12+256GB Like new condition 
No internal or external problem 
Only device and cash memo 
More information call 
Address: Molla Tower Shopping complex, Rampura, Dhaka. 
Opposite BTV centar 
3rd floor, shop no-406."
OnePlus 9 Pro 256 GB Green,23000,Used,"Dhaka, Khilgaon",03/09,https://bikroy.com/khilgaon/mobile-phones/oneplus-9-pro-256-gb-green-18E27AEJL6mVPL0pmshZbHUC.html,5,2026-09-16T02:14:47.830176+00:00,individual,"Phone a Kono issues nei! Shob thik ache kono kichu change nei.. phone er performance and camera onek Bhalo 4k 60/120 fps video supported.. performance ow onek smooth with gaming 
Storage:12/256gb
Ultapalta daam bola Manush post ignore koren ❗❗
Price olpo kichu kom rakhaa jabe"
OnePlus 11 256 GB Green,24000,Used,"Dhaka, Mirpur",05/09,https://bikroy.com/mirpur/mobile-phones/oneplus-11-256-gb-green-mu90F1UfufmCwlyvnvwdX0jT.html,5,2026-09-16T02:14:48.526341+00:00,individual,"Oneplus 11 5g for sell
16gb lpddr5x ram (expendable upto 12gb) and 256gb storage .
Display has greenline.
Other than that the phone is top notch. No major scratches.
No repair history. Never opened.
Original 100w charger will be given with the phone.
Location is mirpur 12 dhaka.
Can courier at any location in bd with cash on delivery."
OnePlus 11R 512 GB Red,26500,Used,"Dhaka, Jatrabari",11 hours ago,https://bikroy.com/jatrabari/mobile-phones/oneplus-11r-512-gb-red-oQHtKU60odRxxGjrjkG3Yz2V.html,4,2026-09-16T02:14:49.044650+00:00,individual,"Condition:Full Fresh Body Unfresh Slightly
Ram:18GB Special Edition
Rom:512GB
Amoled Display 
Snapdragon 8+ Gen 1
Price:Fixed
(যাত্রাবাড়ী আমাদের সাপ্তাহিক বন্ধ সোমবার) 
ঠিকানা:ঢাকা যাত্রাবাড়ী, শহীদ ফারুক রোড, তাজ-তানভীর সুপার মার্কেট, ২য় তলা, দোকান নাম্বার:১০ (MobileHub)"
OnePlus 9 Pro 256 GB Green,28900,Used,"Dhaka, Mirpur",20 hours ago,https://bikroy.com/mirpur/mobile-phones/oneplus-9-pro-256-gb-green-9TrbSL9P0DebXCGa2itsv8KD.html,5,2026-09-16T02:14:49.853357+00:00,individual,"OnePlus 9pro 12/256GB International Global Variant.
All Authentic Original Parts.
Kono Problem nai, All Okay.
Super Fast Mobile, Super Camera
Dhaka Mirpur Pallabi Notun thana"
OnePlus 11R 128 GB Black,25000,Used,"Dhaka, Savar",11 hours ago,https://bikroy.com/savar/mobile-phones/oneplus-11r-128-gb-black-zWYWLhO9fwRivZ159G65436T.html,5,2026-09-16T02:14:50.554524+00:00,individual,"Display: 6.74"" amoled, 120hz
processor: snapdragon 8+ gen 1
camera: 50mp + 8mp + 2mp, front 16mp
battery: 5000mah
charging: 100w supervooc
ram/storage: 8gb ram, 128gb storage
5g: available
os: android"
Xiaomi 15 256 GB Black,31000,Used,"Rajshahi, Shaheb Bazar",16/06,https://bikroy.com/shaheb-bazar/mobile-phones/xiaomi-15-256-gb-black-9RfHlgWBchvRXMT7i1ku8fb7.html,2,2026-09-16T02:14:51.166877+00:00,individual,"It has been 1 month since I bought the mobile, it is brand new and fresh, I have the memo, I have the box, everything will be given, it is not an issue, I need money so I will sell it."
Xiaomi Redmi Note 15 Pro+ 512 GB Black,42000,Used,"Rajshahi, Shaheb Bazar",1 day ago,https://bikroy.com/shaheb-bazar/mobile-phones/xiaomi-redmi-note-15-pro-512-gb-black-1g84IXGfBbz12jwf83hj48Cl.html,4,2026-09-16T02:14:51.990055+00:00,individual,"Model : Redmi Note 15 pro plus 5g 
Ram : 16 Gb / Rom : 512 Gb 
Battery Health : 99% 
Used : 6 months 
Condition : Full fresh 100% 
Box and Charger are available -/ China Variant"
New Xiaomi Redmi Note 15 256 GB Green,29000,Brand New,"Rajshahi, Shaheb Bazar",23 hours ago,https://bikroy.com/shaheb-bazar/mobile-phones/new-xiaomi-redmi-note-15-256-gb-green-pvAMRuB0B7U8NJ7KjauHzvM6.html,3,2026-09-16T02:14:52.618617+00:00,individual,"Redmi Note 15 5G 
8/256
Global Variant
Brand New 3 days ago bought from China, didn't like it so selling it
Only Phone will be sold"
Xiaomi Redmi Pro 256 GB White,27000,Used,"Rajshahi, Rajpara",18/06,https://bikroy.com/rajpara/mobile-phones/xiaomi-redmi-pro-256-gb-white-Bw1sSRFHoy0O4w2jQtjiuNpz.html,2,2026-09-16T02:14:53.444732+00:00,individual,"Redmi K40 Gaming (White/12-256GB)
 Dimensity 1200 | 120Hz OLED | 5065mAh
• Condition: Fresh (no scratches/dents or internal issues).
• Gaming: Pop-up triggers are 100% working. PUBG, Free Fire, COD run smoothly.
• Included: Back cover."
Xiaomi 13 512 GB Blue,40190,Used,"Rajshahi, Boalia",06/09,https://bikroy.com/boalia/mobile-phones/xiaomi-13-512-gb-blue-3aalpNe4ZqDczdZSMmZKXX3u.html,5,2026-09-16T02:14:54.049857+00:00,individual,Xiaomi 13 12/512 chinese varient. Full fresh. Full box. If you want original charger then you have to pay extra. Security NID copy will be provided.
Xiaomi Redmi Turbo 4 256 GB Blue,35000,Used,"Rajshahi, Nawdapara",08/09,https://bikroy.com/nawdapara/mobile-phones/xiaomi-redmi-turbo-4-256-gb-blue-d4vpq2VJxd6iiszVJ9Yp6Fcv.html,4,2026-09-16T02:14:54.549571+00:00,individual,"Redmi Turbo 4 
16/256
 BH Health 94%
Super fresh condition 
No scratches or dents
No repair history 
Full box available"
New Xiaomi Redmi Note 15 256 GB Purple,27500,Brand New,"Rajshahi, Boalia",08/09,https://bikroy.com/boalia/mobile-phones/new-xiaomi-redmi-note-15-256-gb-purple-yMNy5fPeKKNWRv9t6J02StVR.html,5,2026-09-16T02:14:55.290313+00:00,individual,ফোনটি ছয় মাস ব্যবহৃত হয়নি একবারেই নতুন ফোনটি বিক্রি করব টাকার প্রয়োজনে যদি কোন ব্যক্তি ফোনটি কিনতে চায় তাহলে আমার নাম্বারে যোগাযোগ করুন ফুল ফ্রেশ কন্ডিশন
Xiaomi 13 Lite 256 GB Gray,41000,Used,"Rajshahi, Kazla",11/09,https://bikroy.com/kazla/mobile-phones/xiaomi-13-lite-256-gb-gray-BkyZxjzmpg9fNKo69tic8eCs.html,5,2026-09-16T02:14:55.848665+00:00,individual,"Absolute best phone.
Selling it because I bought a new phone.
Used for 4 months.
67W charger + box will be given with it."
Xiaomi Redmi Note 13 Pro+ 256 GB Blue,29000,Used,"Rajshahi, Boalia",04/06,https://bikroy.com/boalia/mobile-phones/xiaomi-redmi-note-13-pro-256-gb-blue-yPAnY5EqmjA3SPeI4iOvzo6N.html,3,2026-09-16T02:14:56.485956+00:00,individual,Used with one hand. Comes with the original box and charger. It is in fresh condition; you can check it as much as you want before buying.
New Xiaomi Redmi Note 17 256 GB Purple,31000,Brand New,"Rajshahi, Shaheb Bazar",14 hours ago,https://bikroy.com/shaheb-bazar/mobile-phones/new-xiaomi-redmi-note-17-256-gb-purple-i2RBc1NlvBTGovEjAl9rIsgM.html,5,2026-09-16T02:14:57.170211+00:00,individual,"Emergency Sale!
Purchased yesterday for BDT, this brand new Redmi Note 17 (8/256GB) is being sold at a loss due to an urgent need for money. Used for just 1 day, absolutely scratch-free.
Includes: Full box, charger, memo + premium headphones and a 20% discount card.
Price:  BDT (negotiable)
Location: Shaheb Bazar / Zero Point."
Xiaomi Redmi Note 15 Pro+ 256 GB Silver,35000,Used,"Rajshahi, Boalia",04/09,https://bikroy.com/boalia/mobile-phones/xiaomi-redmi-note-15-pro-256-gb-silver-dwzp36PX9NTRHVEpowKH5Kbs.html,4,2026-09-16T02:14:57.902476+00:00,individual,"একদম নতুন কন্ডিশন । 
মেমো দেওয়া হবে ।
 যোগাযোগ 016XXXXXXXX 015XXXXXXXX"
Xiaomi Redmi Note 13 Pro+ 256 GB White,28000,Used,"Rajshahi, Court Station",06/09,https://bikroy.com/court-station/mobile-phones/xiaomi-redmi-note-13-pro-256-gb-white-w6nkvfxESFjDdNLEvJ2toQR8.html,5,2026-09-16T02:14:58.399304+00:00,individual,টাকার দরকার তাই ফোন বিক্রি করছি
Xiaomi Redmi Note 15 256 GB Pink,27000,Used,"Rajshahi, Court Station",02/09,https://bikroy.com/court-station/mobile-phones/xiaomi-redmi-note-15-256-gb-pink-e1J8Oru7Kj8gfPT1A3ikoJM4.html,3,2026-09-16T02:14:59.153629+00:00,individual,"২মাস হয়েছে ফোন কিনা বক্স চার্জ সব আছে,, 
এক বছরের ওয়ারেন্টি আছে,, 
জরুরী টাকার প্রয়োজন এজন্য বিক্রি করতেছি"
Xiaomi Redmi 13C 128 GB Blue,17500,Used,"Rajshahi, Paba",06/09,https://bikroy.com/paba/mobile-phones/xiaomi-redmi-13c-128-gb-blue-dDfe8RAMUzaEVrgqOTpW3fZg.html,5,2026-09-16T02:14:59.873595+00:00,individual,"নাম মাত্র ২ মাস ব্যবহৃত,  ফোন প্রায় ব্রান্ড নিউ এবং অফিসিয়াল,  কোন প্রকার সমস্যা নাই।"
Xiaomi Redmi Note 13 Pro 5G 256 GB Red,20000,Used,"Rajshahi, Boalia",08/09,https://bikroy.com/boalia/mobile-phones/xiaomi-redmi-note-13-pro-5g-256-gb-red-1HphW0qfhpderxA3XvQmhk2X.html,5,2026-09-16T02:15:00.596638+00:00,individual,Urgent Money Needed-
Xiaomi Redmi Note 13 256 GB White,18500,Used,"Rajshahi, Uposahar",04/09,https://bikroy.com/uposahar/mobile-phones/xiaomi-redmi-note-13-256-gb-white-xignw3rj0NfqneZ99WjxiKqE.html,4,2026-09-16T02:15:00.935919+00:00,individual,"12/256 
Xiaomi note 13 pro 
Location uposhohor rajshahi
Backsell halka fata 
Tachra all ok"
Xiaomi Redmi Note 11 Pro 5G 128 GB Blue,15000,Used,"Rajshahi, Court Station",06/09,https://bikroy.com/court-station/mobile-phones/xiaomi-redmi-note-11-pro-5g-128-gb-blue-kklOPR3sCm80ZZ4mt4bx1jW5.html,5,2026-09-16T02:15:01.615096+00:00,individual,"Model:Redmi Note 11 Pro 5g
Ram:6+6 Gb
Storage:128 Gb
Phone full fresh nijer use kora phone!
Phone full authentic kono din khula hoi nai!
No repair history!
Cameraa 100 te 100 raw mal!"
Xiaomi Redmi Note 14 Pro 256 GB Red,23000,Used,"Rajshahi, Court Station",1 day ago,https://bikroy.com/court-station/mobile-phones/xiaomi-redmi-note-14-pro-256-gb-red-dUKnZyC6PjKJI56me4QeL3Ul.html,3,2026-09-16T02:15:02.023090+00:00,individual,Nite chaile sms diben... Valo phn... Nid card dibo plm nai
New Xiaomi Redmi Note 15 128 GB Black,23500,Brand New,"Rajshahi, Uposahar",06/09,https://bikroy.com/uposahar/mobile-phones/new-xiaomi-redmi-note-15-128-gb-black-sE5eBuoe2YvTVkriTQ28Q5Go.html,4,2026-09-16T02:15:02.630736+00:00,individual,"The phone is in full fresh condition. Used for 3 months. Selling because a new phone will be bought. Official phone, mobile box, mobile charger all available."
Xiaomi Redmi Note 13 Pro 5G 256 GB Red,27000,Used,"Rajshahi, Boalia",25/08,https://bikroy.com/boalia/mobile-phones/xiaomi-redmi-note-13-pro-5g-256-gb-red-bsftR31rsF0RxgRoJi9E4EEx.html,3,2026-09-16T02:15:03.281596+00:00,individual,"*Redmi Note 13 Pro 5G *
 *Main Camera Sensor-এ হালকা দাগ আছে**, তাই ছবি তুললে পাতলা দাগ দেখা যায়। Wide-angle ও অন্যান্য সবকিছু ঠিক আছে।*
 *Box + ২টি Cover দেওয়া হবে*

 যতক্ষণ ইচ্ছা দেখে ও চেক করে নিতে পারবেন।

*Price Negotiable*
 *Location: Alokar More, Rajshahi*
*গেমিং এর জন্য খুব ভালো ফোন । আমি গেম খেলার জন্য কিনেছিলাম কিন্তু গেম খেলিনা*"
Xiaomi 12S Pro 256 GB Graphite,16000,Used,"Rajshahi, Shaheb Bazar",06/09,https://bikroy.com/shaheb-bazar/mobile-phones/xiaomi-12s-pro-256-gb-graphite-oAbbX5OYj16ExOGXwc0OfQjI.html,4,2026-09-16T02:15:03.867918+00:00,individual,"Problem: 3 green line 
Location: sahib Bazar / Ruppur ishwardi"
Xiaomi Redmi Note 13 128 GB Blue,15000,Used,"Rajshahi, Laksimipur",29/08,https://bikroy.com/laksimipur/mobile-phones/xiaomi-redmi-note-13-128-gb-blue-i7gozoPWc8cMGj7KqsHXeMc5.html,5,2026-09-16T02:15:04.269591+00:00,individual,Full fresh with box and cash memo
Xiaomi 12T Pro 256 GB Black,17000,Used,"Rajshahi, Puthia",25/08,https://bikroy.com/puthia/mobile-phones/xiaomi-12t-pro-256-gb-black-f552F1LDeUG36aE1UiNYBjBL.html,3,2026-09-16T02:15:04.779878+00:00,individual,ফোনে ডিসপ্লে গ্রিন লাইন। মাইক্রফোনে একটু সমস্যা।
Xiaomi Poco C85 4G 128 GB Blue,19999,Used,"Rajshahi, Motihar",01/09,https://bikroy.com/motihar/mobile-phones/xiaomi-poco-c85-4g-128-gb-blue-kBo1lZVwFINQgxbJ6lBNCT1V.html,5,2026-09-16T02:15:05.411674+00:00,individual,ফোনে কোন সমস্যা নাই ফুল ফ্রেশ ফোনের সাথে বক্স নাই চার্জার আছে
Xiaomi Redmi Note 13 Pro 5G 256 GB Black,24000,Used,"Rajshahi, Paba",28/08,https://bikroy.com/paba/mobile-phones/xiaomi-redmi-note-13-pro-5g-256-gb-black-p7OufExggkLdLARneERnkoKd.html,5,2026-09-16T02:15:06.078927+00:00,individual,Phone kono problem nai full fresh new phone nibo sei jonne sell korbo excange possible
Xiaomi 11 Lite 5G NE 128 GB Pink,15000,Used,"Rajshahi, Court Station",07/09,https://bikroy.com/court-station/mobile-phones/xiaomi-11-lite-5g-ne-128-gb-pink-eLLuil2RmYOEb2BYf2CFmtw5.html,3,2026-09-16T02:15:06.648350+00:00,individual,"Redmi 10 Power 8/128, no problems, phone is all ok, full box, fixed price 15k"
Xiaomi Redmi Note 15 Pro+ 256 GB Silver,45000,Used,"Chattogram, Oxygen",14/07,https://bikroy.com/oxygen/mobile-phones/xiaomi-redmi-note-15-pro-256-gb-silver-63fhz54wSywIc0XpJyJfzslt.html,5,2026-09-16T02:15:07.355486+00:00,individual,I need money urgently. That's why I'm gonna sell my handset. Everything is okay. Device is fresh. For more details Please contact me 019XXXXXXXX
Xiaomi Redmi 512 GB Black,49000,Used,"Chattogram, Pahartali",08/06,https://bikroy.com/pahartali/mobile-phones/xiaomi-redmi-512-gb-black-feRPJ6Q42ZlXAoPXFjKjfH4P.html,5,2026-09-16T02:15:07.929489+00:00,individual,"Assalamu Alaikum.
Only those who are interested in taking the mobile should call or message. Please quote the price considering the market. This is not 256 GB storage, it is 512 GB storage, so please check the price accordingly. I have given the price I can offer. If you are interested at 49 thousand, please inbox me. If you want to know anything else, that can also be discussed."
Xiaomi Redmi Turbo 4 Pro 256 GB White,39000,Used,"Chattogram, Fatikchari",20 hours ago,https://bikroy.com/fatikchari/mobile-phones/xiaomi-redmi-turbo-4-pro-256-gb-white-iOfIzFckfG6fZygTjzjc6qFn.html,5,2026-09-16T02:15:08.678016+00:00,individual,"(Price fixed, please do not call for bargaining) Redmi Turbo 4 Pro (16GB/256GB) – Like New
Used for only 1 month
10/10 condition, no scratches or any issues
Everything works perfectly
Comes with original box, original charger, and all accessories
Personal use phone"
Xiaomi 13 512 GB White,34500,Used,"Chattogram, Khulshi",2 days ago,https://bikroy.com/khulshi/mobile-phones/xiaomi-13-512-gb-white-rCpSxY3pazD6T4mhLEmER1Pp.html,5,2026-09-16T02:15:09.293108+00:00,individual,"Xiaomi 13 — 12GB RAM / 512GB Storage
Water-resistant
100% Genuine Device
Condition: very good
Location: Khulshi Town Center, Chattogram
Interested? Feel free to message for details.
Phone 018XXXXXXXX"
Xiaomi 15 Ultra 16/512 GB (Used),84999,Used,"Chattogram, Nasirabad",20 hours ago,https://bikroy.com/nasirabad/mobile-phones/xiaomi-15-ultra-16-512-gb-used-2Vd8pN0uvGHT1C1J5CHTxKai.html,4,2026-09-16T02:15:09.797918+00:00,individual,"🔥 Like New Deal — Flagship Beast Ready! 🔥

📱 Xiaomi 15Ultra
✨ Only 1Month Used | Full Fresh Condition

⚡ 16GB RAM | 512GB Storage | 📸 Flagship Leica Camera | ✨ Premium Design

💰 Price: 84,990/- 💥💥

🚚 Delivery Available | 🔄 Exchange Available | 💳 EMI Available

🛡️ 15-Day Replacement Guarantee | Lifetime Service Warranty

📞 
🌐 www.decentbd.com

📍𝐅𝐢𝐧𝐥𝐚𝐲 𝐒𝐪𝐮𝐚𝐫𝐞, Level-4, Shop-406, 2No Gate, Nasirabad, Chattogram
📍𝐅𝐢𝐧𝐥𝐚𝐲 𝐒𝐨𝐮𝐭𝐡 𝐂𝐢𝐭𝐲, Level-5, Shop-525, Bahaddarhat, Chattogram

#Xiaomi15Ultra #FlagshipPhone #UsedPhoneBD #ChattogramDeals #decentbd Show more"
New Xiaomi Redmi Note 15 Pro+ 256 GB Blue,38999,Brand New,"Chattogram, Agrabad",20 hours ago,https://bikroy.com/agrabad/mobile-phones/new-xiaomi-redmi-note-15-pro-256-gb-blue-8jgKGdvR61B79ooFhPmRAJjZ.html,3,2026-09-16T02:15:10.442030+00:00,individual,"Stay with us by liking our page to get the price of any updated product. Our page link: 
Address:
Shop- 537, Level-5 (4th from capsule lift,
Go straight after exiting the lift, JojoBD)
Akhtaruzzaman Center,
Agrabad, Chittagong."
Xiaomi 13 Pro China Global (Used),38000,Used,"Chattogram, Kotwali, Chattogram",23/05,https://bikroy.com/kotwali/mobile-phones/xiaomi-13-pro-chin-global-used-8w7vo1pyRcusVMX7GyTTXVec.html,4,2026-09-16T02:15:10.820519+00:00,individual,The phone is in pristine condition; feel free to inspect it thoroughly before purchasing. It comes with a 67W charger and features a DSLR-like camera. WhatsApp for more details. The phone is completely scratch-free.
Xiaomi 17 256 GB Green,85000,Used,"Chattogram, Chawkbazar",20 hours ago,https://bikroy.com/chawkbazar/mobile-phones/xiaomi-17-256-gb-green-8Xup8fLAEpIqYC1vPEFxOsxq.html,3,2026-09-16T02:15:11.569732+00:00,individual,"Xiaomi 17
Just open Box,
like new condition
with Box and everything"
Xiaomi 15T Pro 512 GB Bronze,75000,Used,"Chattogram, Chawkbazar",20 hours ago,https://bikroy.com/chawkbazar/mobile-phones/xiaomi-15t-pro-512-gb-bronze-fdYks0bIJEFupMHqg6rDoqTK.html,3,2026-09-16T02:15:12.259675+00:00,individual,"Xiaomi 15T pro with Box
12/512
12/256 available 
Global Edition 
Few days Used."
Xiaomi 15T 256 GB Black,62000,Used,"Chattogram, Kotwali, Chattogram",01/06,https://bikroy.com/kotwali/mobile-phones/xiaomi-15t-256-gb-black-3QIHe2Hf3IMHCTw8Kq5CUmU.html,5,2026-09-16T02:15:12.796810+00:00,individual,Full fresh phone without any scratch. Bought 3 months ago but barely used. Right now switching to iPhone that's the only reason I'm selling this phone. Brand new condition. For more information contact with me.
New Xiaomi 256 GB White,39999,Brand New,"Chattogram, Agrabad",20 hours ago,https://bikroy.com/agrabad/mobile-phones/new-xiaomi-256-gb-white-yL7T2JE6hFTyCSEeveH4a9di.html,2,2026-09-16T02:15:13.385009+00:00,individual,"To know the price of any updated product, like and follow our page to stay with us. Our page link - 
** Call or Whatsapp. 
** Redmi Turbo 5 (12/256) 5G.
 
- Address :
Shop- 537, Level -5 (4th floor of capsule lift, go straight after exiting the lift, JojoBD)
Akhtaruzzaman Center, Agrabad, Chittagong."
Xiaomi 14 Ultra 512 GB Black,70000,Used,"Chattogram, Cornelhat",02/05,https://bikroy.com/cornelhat/mobile-phones/xiaomi-14-ultra-512-gb-black-BzHrSBx0gTVVk20uDrWvsikO.html,4,2026-09-16T02:15:14.126507+00:00,individual,"Set is in full fresh condition. Used for 1 year, imported from abroad. Comes with full box. Has a minor scratch on the bumper, otherwise everything is okay and in full fresh condition."
Xiaomi Redmi Turbo 4 Pro 256 GB Green,35500,Used,"Chattogram, Muradpur",1 day ago,https://bikroy.com/muradpur/mobile-phones/xiaomi-redmi-turbo-4-pro-256-gb-green-8ZXf08MmYOgMQnEtht3QbwR4.html,4,2026-09-16T02:15:14.721733+00:00,individual,"Redmi Turbo 4 Pro — Absolutely Fresh Condition
Used: Only 3 months
Full Fresh Condition
No Dents / Scratches
Used with utmost care
Original Box available
Original Charger + Cable available
Memo/Invoice available
No problems with the phone
Opportunity to see and check will be available
Condition: 10/10
Price: ৳36,000 (Negotiable)
Location: Chattogram"
New Xiaomi Redmi Note 15 Pro+ 256 GB Black,42999,Brand New,"Chattogram, Agrabad",20 hours ago,https://bikroy.com/agrabad/mobile-phones/new-xiaomi-redmi-note-15-pro-256-gb-black-d3Ujl6ZAXp2p3YEHED5lbycC.html,3,2026-09-16T02:15:15.228415+00:00,individual,"Stay with us by liking and following our page to get updates on product prices. Our page link - 
** Call or message us on WhatsApp at the number provided on Bikroy to buy a phone on installment.
---------------
Address:
Shop- 537, Level-5 (4th floor of capsule lift, 
Go straight after exiting the lift, JojoBD)
Akhtaruzzaman Center, 
Agrabad, Chittagong."
Xiaomi Redmi Note 14 Pro 128 GB Black,25000,Used,"Chattogram, Mirsharai",02/09,https://bikroy.com/mirsharai/mobile-phones/xiaomi-redmi-note-14-pro-128-gb-black-rXmH2KA22P2ezM6qdQfkdidH.html,4,2026-09-16T02:15:15.799548+00:00,individual,"Purchased from Dazzel, still under replacement warranty. It is still like new. You will get everything just like a brand new mobile."
Xiaomi Redmi Note 15 128 GB Blue,22000,Used,"Chattogram, Agrabad",03/09,https://bikroy.com/agrabad/mobile-phones/xiaomi-redmi-note-15-128-gb-blue-92YZtQ12zDYmG06uBiAth7gb.html,3,2026-09-16T02:15:16.456902+00:00,individual,"REDMI NOTE 15
6/128
2 MONTH USED"
Xiaomi Redmi Note 14 Pro+ 5G 512 GB Blue,32000,Used,"Chattogram, Anwara",13 hours ago,https://bikroy.com/anwara/mobile-phones/xiaomi-redmi-note-14-pro-5g-512-gb-blue-zFIYz1SmCh8vRkC6D9Az0i3K.html,5,2026-09-16T02:15:17.074500+00:00,individual,"Redmi Note 14 Pro+ 5G
RAM: 12GB
Storage: 512GB
Battery: 5110 mAh
Battery Health: 99%
Battery Cycle Count: 238
Phone first opened: August 2025
Phone is in full fresh condition
Comes with Cash Memo & Charger"
Xiaomi Redmi Note 15 128 GB Black,26000,Used,"Chattogram, Chandgaon",31/08,https://bikroy.com/chandgaon/mobile-phones/xiaomi-redmi-note-15-128-gb-black-ywJDNiFSBV6L1oh1vHpUCpI5.html,3,2026-09-16T02:15:17.476619+00:00,individual,"Full box
Location : bahadarhat 018XXXXXXXX"
Xiaomi Redmi Note 15 128 GB Black,20000,Used,"Chattogram, Halishahar",10/09,https://bikroy.com/halishahar/mobile-phones/xiaomi-redmi-note-15-128-gb-black-jOGCAV3aZgsYGKZYrzQkoFy9.html,5,2026-09-16T02:15:18.200460+00:00,individual,"Peace, mercy, and blessings of Allah be upon you. Redmi Note 15 will be sold. This is my favorite set, but I am selling it now due to the need for money. Used for only three months, completely boxed mobile. Along with it, you will get the box, original charger, charger cord, and all documents. Whoever takes it will be given everything."
New Xiaomi Redmi Note 13 Pro 512 GB White,28999,Brand New,"Chattogram, Agrabad",20 hours ago,https://bikroy.com/agrabad/mobile-phones/new-xiaomi-redmi-note-13-pro-512-gb-white-tPHhvfyNmz6MkrkovpiNd1HA.html,2,2026-09-16T02:15:18.620587+00:00,individual,"Call or message us on WhatsApp at our number provided on Bikroy to buy a phone on EMI. 
 REDMI NOTE 13 PRO GLOBAL 12/512
Address: Shop- 537, Level -5 (4th floor of capsule lift, go straight after exiting the lift (JojoBD)), Akhtaruzzaman Center, Agrabad, Chittagong."
New Xiaomi 15 Pro 256 GB Black,32000,Brand New,"Chattogram, Mirsharai",10 hours ago,https://bikroy.com/mirsharai/mobile-phones/new-xiaomi-15-pro-256-gb-black-wBSW18Q0WHJYfcCfV1gnC3D4.html,4,2026-09-16T02:15:19.324497+00:00,individual,Brought from Dubai. Never used.
New Xiaomi 12S 128 GB Purple,25555,Brand New,"Chattogram, Agrabad",12 hours ago,https://bikroy.com/agrabad/mobile-phones/new-xiaomi-12s-128-gb-purple-xcUJjktiR1LrKEzKCyRHTkbX.html,5,2026-09-16T02:15:19.838546+00:00,individual,"only set+cashmemo
Security jnne nid dewa jabe
Location Must
Location Agrabad 
Full fresh mobile 
Cheek kore nite parben all ok
Taka lagbe ty sell kore dicci"
Xiaomi Redmi Note 13 Pro+ 256 GB,26000,Used,"Chattogram, Hathazari",20/08,https://bikroy.com/hathazari/mobile-phones/xiaomi-redmi-note-13-pro-256-gb-pJCTei16p7w2brwBTlzT8GIR.html,5,2026-09-16T02:15:20.674713+00:00,individual,"The phone is in completely fresh condition.
Looks completely like new.
Works 100% properly.
RAM: 8GB
ROM: 256GB
Display: 1.5K AMOLED 120Hz
Camera: 200MP OIS
Battery: 5000mAh
Charging: 120W
Network: 5G
No scratches
No problems
Phone has never been opened/repaired
Asking price: 29,000 Taka
Price is negotiable. Do not offer unreasonably low prices."
Xiaomi Redmi Note 14 Pro 256 GB Black,25500,Used,"Chattogram, Muradpur",20 hours ago,https://bikroy.com/muradpur/mobile-phones/xiaomi-redmi-note-14-pro-256-gb-black-fsM6uOMUuL9Y9k0AFqYKnpFv.html,3,2026-09-16T02:15:20.987323+00:00,individual,"Redmi note 14 pro 
Official full box... 
8/256 
 Benefits:
 15 days replacement guarantee
 Device – Trusted Mobile Shop
 Shop No: 319, 3rd Floor (Lift 2 )
 CPDL RB Midtown Market, Muradpur, Chittagong (Next to Makkah Hotel)"
Xiaomi Poco X3 128 GB Blue,18000,Used,"Chattogram, Bakoliya",23/08,https://bikroy.com/bakoliya/mobile-phones/xiaomi-poco-x3-128-gb-blue-f4Boi5BRTnP3B8mCt7kZxcwd.html,3,2026-09-16T02:15:21.806144+00:00,individual,"The phone has been running for 2 years, there are some minor issues, but you need to talk directly and take it"
Mobile Phone 128 GB White,24000,Used,"Chattogram, Alankar",06/09,https://bikroy.com/alankar/mobile-phones/mobile-phone-128-gb-white-ac3HQgFWiHxyLepKpQqrvV9L.html,5,2026-09-16T02:15:22.379309+00:00,individual,"For Sale: Xiaomi Redmi Note 14 5G 
জরুরি প্রয়োজনে একদম ফ্রেশ Xiaomi Redmi Note 14 5G বিক্রি হবে। ফোনে কোনো সমস্যা নেই, ১০০% ওকে।
RAM/ROM: 8GB / 128GB
Display: 6.67"" FHD+ AMOLED (120Hz)
Camera: 50MP (OIS) + 8MP + 20MP Selfie
Processor: Dimensity 7025 Ultra (5G)
Battery: 5110 mAh (45W Fast Charger)
Condition: 
 Call/WhatsApp 019XXXXXXXX"
