raw_title,price,condition_raw,location,posted_date,url,photo_count,scraped_at,seller_type,description
Apple iPhone 14 128 GB Black,60000,Used,"Chattogram, Agrabad",25/09,https://bikroy.com/agrabad/mobile-phones/apple-iphone-14-128-gb-black-m8ZacFWUywvwx8UEEDTEBnqX.html,4,2026-09-29T10:44:06.205770+00:00,individual,"iPhone 14 128GB — Midnight | Like New

Purchased from Canada on 14 Jan 2026. Battery Health: 100%. Used only ~15 days. Absolutely like new. Model: MPUD3VC/A. No issue, repair, or damage. Everything works perfectly.

Reason: Upgrading to iPhone 17.
Price: 60,000 BDT (Fixed)
Inbox if interested."
Apple iPhone 17 256 GB Purple,85000,Used,"Rajshahi, Shaheb Bazar",4 hours ago,https://bikroy.com/shaheb-bazar/mobile-phones/apple-iphone-17-256-gb-purple-frczBnkxheo8kTxebesAwREj.html,3,2026-09-29T10:44:08.093175+00:00,individual,"iPhone 17
256 GB, 100% Battery Health
Physical SIM
Super condition
7 days replacement guarantee
1 year service warranty
#exchange possible
Our Address:
Smart Choice, Shop No. 211,
City Center, Beside Rajshahi College, Sonadighi Mor, Rajshahi
Call for any details:"
Samsung Z 16 GB Blue,45000,Used,"Chattogram, Khulshi",31/08,https://bikroy.com/khulshi/mobile-phones/samsung-z-16-gb-blue-mttM7VbSHdRMrG4lwpmor7A5.html,3,2026-09-29T10:44:10.879444+00:00,individual,"SAMSUNG Z FLIP4 
8/128
PRICE NEGOTIABLE"
Samsung Galaxy S10 Plus 128 GB White,20000,Used,"Rajshahi, Paba",30/08,https://bikroy.com/paba/mobile-phones/samsung-galaxy-s10-plus-128-gb-white-oHeK45Cc8v4p1cz6GjlANFaF.html,5,2026-09-29T10:44:12.289694+00:00,individual,emergency sel daw hab  full fresh condition
Xiaomi 13 Ultra 256 GB Green,47000,Used,"Dhaka, Savar",8 hours ago,https://bikroy.com/savar/mobile-phones/xiaomi-13-ultra-256-gb-green-keNDhC2BIB9AlUbpLBITDYr6.html,5,2026-09-29T10:44:13.486258+00:00,individual,"Mobile information:
 Model: Xiaomi
 RAM: 12GB
 Storage: 256GB
 7 days replacement guarantee
 1 year service warranty
 Opportunity to check before buying phone
 Our main goal is to provide reliability and good service.
 Address:
E-195A, Level-5 (Lift-4),
Sena Shopping Complex,
Nabinaagar, Sayer, Dhaka.
 Weekly off: Sunday"
Xiaomi 13 Pro 256 GB,39000,Used,"Dhaka, Mirpur",22/09,https://bikroy.com/mirpur/mobile-phones/xiaomi-13-pro-256-gb-n8QmeSj2Fe8bLBDhOMpb1wZy.html,5,2026-09-29T10:44:14.073442+00:00,individual,Fully fresh Condition
Xiaomi Redmi Turbo 4 256 GB Red,36000,Used,"Dhaka, Keraniganj",17 hours ago,https://bikroy.com/keraniganj/mobile-phones/xiaomi-redmi-turbo-4-256-gb-red-8Ppdg2IFmIAtbSTbPsl5h0qf.html,4,2026-09-29T10:44:14.890383+00:00,individual,"Good condition.
(3 months used)
Full box + charger"
Xiaomi Mi 11i 128 GB Green,17000,Used,"Dhaka, Mirpur",21/09,https://bikroy.com/mirpur/mobile-phones/xiaomi-mi-11i-128-gb-green-mMjxeV5vkEmGZEtPn7ETbRN4.html,5,2026-09-29T10:44:15.524241+00:00,individual,"The mobile is completely fresh, there are no problems, please check it thoroughly before buying."
Xiaomi Mi 11 Ultra 256 GB White,32999,Used,"Dhaka, Motalib Plaza",1 hour ago,https://bikroy.com/motalib-laza/mobile-phones/xiaomi-mi-11-ultra-256-gb-white-8y0zecvFOyFPA6u47Y78nGYw.html,5,2026-09-29T10:44:15.963714+00:00,individual,"Buy your favorite smartphone with complete peace of mind today!
Details:
• Model: MI 11 Ultra
• RAM: 12 GB
• Storage: 256 GB
 10-day Replacement Guarantee
 3-year Service Warranty
 Inspect before you buy, use with confidence!
 Quality phones at the best price—buy your dream phone today.
 Address:
Shop No: 510/A, Motalib Plaza, Hatirpool, Dhaka"
Xiaomi Redmi Note 14 Pro 256 GB Black,25000,Used,"Dhaka, Vashantek",02/09,https://bikroy.com/vashantek/mobile-phones/xiaomi-redmi-note-14-pro-256-gb-black-8n2yXL3rFVrIwsoe6W6QI0yF.html,4,2026-09-29T10:44:16.443737+00:00,individual,"ফোন এখনো নতুনের মধ্যে আছে, যত্ন করে ইউজ করা হয়েছে কোন রকমের ডেন্ট বা দাগ নেই সার্ভিসিং করানো হয়নি ফোনের সাথে বক্স চার্জার সবকিছুই আছে সেমিস্টার ফি জমা দিতে হবে যার কারণে ফোনটা বিক্রি করে দিব যদি কেউ নিতে আগ্রহী শুধুমাত্র তারাই মেসেজ এবং কল করবেন , সরাসরি দেখে নিতে পারবেন"
Samsung Galaxy Note 10 Plus 5G 256 GB Blue,19500,Used,"Rajshahi, Shaheb Bazar",26/09,https://bikroy.com/shaheb-bazar/mobile-phones/samsung-galaxy-note-10-plus-5g-256-gb-blue-wKS1yGRb8cquvF3I779dGMPf.html,5,2026-09-29T10:44:16.969084+00:00,individual,"Exchange possible if you give a lower version and add money. 
Selling because I need money now. 
If you are interested then inbox... 
We will talk about the phone.
Original price - 30000
Discounted price on this."
New Samsung Galaxy S21+ 5G 128 GB Black,23000,Brand New,"Rajshahi, Kazla",06/09,https://bikroy.com/kazla/mobile-phones/new-samsung-galaxy-s21-5g-128-gb-black-oWZc0m590Zzjg9DRCPxEI7BA.html,5,2026-09-29T10:44:17.493721+00:00,individual,"Flagship phone
Location rajshahi university
Kono somossa nai"
Samsung Galaxy S25 Ultra 256 GB Gold,73000,Used,"Chattogram, Halishahar",06/09,https://bikroy.com/halishahar/mobile-phones/samsung-galaxy-s25-ultra-256-gb-gold-dmdIAbPCa2ccQxMLZMfaXbNs.html,4,2026-09-29T10:44:18.246932+00:00,individual,Samsung s25 12/256.Batry 5000mah.2psy+1E sim vietnam varient.soto akta issu baki 100% OK.Dekta kubi gorgius & elegent nila nita paren.Exchinge posible with flagship phon.
Samsung Galaxy A52 5G 128 GB Blue,25000,Used,"Chattogram, Chawkbazar",1 day ago,https://bikroy.com/chawkbazar/mobile-phones/samsung-galaxy-a52-5g-128-gb-blue-3jucFhvo2qh1ePYcFH1AvThP.html,5,2026-09-29T10:44:18.935862+00:00,individual,"No box... only device... There are minor scratches, check and take... possible only inctg... Rahattarpul, ctg... Bought it for 45k when I bought it new"
Samsung Galaxy S24 Ultra 512 GB Gray,82000,Used,"Dhaka, Khilgaon",13/09,https://bikroy.com/khilgaon/mobile-phones/samsung-galaxy-s24-ultra-512-gb-gray-CsqAqkBCdbnvjU8D11wXW8hR.html,5,2026-09-29T10:44:19.770540+00:00,individual,"Full Box
Cash Memo
12/512gb
Vietnam"
Samsung Galaxy S25 Ultra 256 GB,85000,Used,"Dhaka, Savar",22/09,https://bikroy.com/savar/mobile-phones/samsung-galaxy-s25-ultra-256-gb-1KjixvZR6mDbSoAVDHP745pO.html,4,2026-09-29T10:44:20.134383+00:00,individual,"The phone is completely okay but there is no box, you can check and take it
Akhran, Birulia, Daffodil University"
Samsung Galaxy S25 Ultra 512 GB White,91000,Used,"Dhaka, Demra",07/09,https://bikroy.com/demra/mobile-phones/samsung-galaxy-s25-ultra-512-gb-white-B3Ske9PKeyb3JO0xzBgy5Ohr.html,5,2026-09-29T10:44:20.861675+00:00,individual,This is Samsung galaxy s25 ultra korean variant. Full fresh condition. Was used just for 8 months
Samsung Galaxy S23 Plus 256 GB,36000,Used,"Dhaka, Mogbazar",02/09,https://bikroy.com/mogbazar/mobile-phones/samsung-galaxy-s23-plus-256-gb-xb7fi90sm8ji6KGGlsekf6lS.html,5,2026-09-29T10:44:21.573396+00:00,individual,Chikon akta green line porse...R display te dui side e dag ache ta chara all ok..
Samsung Galaxy A55 128 GB Bronze,32000,Used,"Dhaka, Paltan",26/09,https://bikroy.com/paltan/mobile-phones/samsung-galaxy-a55-128-gb-bronze-3iRLv3a6WlRCmv31KBLLCIre.html,3,2026-09-29T10:44:22.251016+00:00,individual,"Fully functional, used for 6 months. Box and charger available. Malaysian variant."
Samsung Galaxy S23 Ultra 256 GB Gray,39000,Used,"Dhaka, Farmgate",19/09,https://bikroy.com/farmgate/mobile-phones/samsung-galaxy-s23-ultra-256-gb-gray-q8cqMzvbExIBSYHGp0jhFYTA.html,4,2026-09-29T10:44:22.578660+00:00,individual,Samsung Galaxy S23 Ultra has a high-quality OLED display attached
Apple iPhone 14 Pro 128 GB Gray,67000,Used,"Rajshahi, Kadirgonj",7 hours ago,https://bikroy.com/kadirgonj/mobile-phones/apple-iphone-14-pro-128-gb-gray-6vTFl9lFg3Q9G4CBlueCeFWN.html,5,2026-09-29T10:44:23.096604+00:00,individual,"আসসালামু আলাইকুম ওয়া রহমাতুল্লহি ওবারকাতুহ 
ফ্রেশ কন্ডিশন
 বক্স: Only Device
 ক্যাশ মেমো: আছে
 রিপ্লেসমেন্ট গ্যারান্টি: ৭ দিন পর্যন্ত পাবেন ( শর্তসাপেক্ষে ) 
লোকেশন: রাজশাহী কাদিরগঞ্জ চালপট্টি, লার্জ ফার্মার পাশে , স্বপ্নচূড়া প্লাজা নগর ভবনের পিছে। 
 শপ নং: ১২৩ - নিচ তলা লিফটের পাশে 
 শপ নাম: Rajshahi Mobile Bari 019XXXXXXXX"
Apple iPhone 15 Pro Max 256 GB Blue,95000,Used,"Rajshahi, Kadirgonj",7 hours ago,https://bikroy.com/kadirgonj/mobile-phones/apple-iphone-15-pro-max-256-gb-blue-1Kw5xp9PLgIFGcmJ3VxgJj3U.html,5,2026-09-29T10:44:23.844017+00:00,individual,"আসসালামু আলাইকুম ওয়া রহমাতুল্লহি ওবারকাতুহ 
ফ্রেশ কন্ডিশন
📦 বক্স: Only Device
🧾 ক্যাশ মেমো: আছে
🔁 রিপ্লেসমেন্ট গ্যারান্টি: ৭ দিন পর্যন্ত পাবেন ( শর্তসাপেক্ষে ) 
লোকেশন: রাজশাহী কাদিরগঞ্জ চালপট্টি, লার্জ ফার্মার পাশে , স্বপ্নচূড়া প্লাজা নগর ভবনের পিছে।  
🏪 শপ নং: ১২৩ - নিচ তলা লিফটের পাশে 
🏬 শপ নাম: Rajshahi Mobile Bari 019XXXXXXXX"
Apple iPhone 13 128 GB Blue,40000,Used,"Rajshahi, Paba",13/09,https://bikroy.com/paba/mobile-phones/apple-iphone-13-128-gb-blue-czS4i5M9Wq32qVfLM7q7wodI.html,4,2026-09-29T10:44:24.396422+00:00,individual,"All ok, authentic phone, water proof checked, Face ID ok, battery 80... check as much as you want... contact WhatsApp"
Apple iPhone 12 64 GB Blue,27000,Used,"Rajshahi, Paba",23/09,https://bikroy.com/paba/mobile-phones/apple-iphone-12-64-gb-blue-uNX4q9GebMPw2tUeHDoCVGGq.html,3,2026-09-29T10:44:25.085156+00:00,individual,"There are no problems with the phone, you can check and take it."
Apple iPhone 11 128 GB Yellow,25500,Used,"Rajshahi, Bagmara",23 hours ago,https://bikroy.com/bagmara/mobile-phones/apple-iphone-11-128-gb-yellow-9X7Tx0sDYqo6n7VKmk5aw0LL.html,5,2026-09-29T10:44:25.782499+00:00,individual,"The phone is in very good condition, not even a single fly-sized scratch, the phone has been used with great care. You will understand when you see it. No repair history. Never opened. Everything it comes with is original. Comes with original box and charger. You can sit and check it as much as you want
128gb✅
77% bh✅"
Apple iPhone 17 256 GB Purple,91990,Used,"Chattogram, Chawkbazar",4 hours ago,https://bikroy.com/chawkbazar/mobile-phones/apple-iphone-17-256-gb-purple-tYfj4qGzNVum3C9R8Ya2ijiC.html,3,2026-09-29T10:44:26.157400+00:00,individual,"Apple iPhone 17
256GB | LL/A Variant
Battery Health 100%
Cycle Count: 6
Apple Warranty Available
First Use: January 2026
Enjoy 15-day replacement guarantee | Lifetime service -
Finlay Square, Level-4, Shop-406, 2 No Gate, Nasirabad, Chattogram"
Apple iPhone 16 Pro Max 256 GB Rose Gold,115000,Used,"Chattogram, New Market, Chattogram",12/09,https://bikroy.com/new-market/mobile-phones/apple-iphone-16-pro-max-256-gb-rose-gold-uJo9OsH8r61ll8LIDA7QG69D.html,5,2026-09-29T10:44:27.060919+00:00,individual,"The mobile was sent from Dubai, used by a single person, fully fresh body with no scratches
Battery health 90%
Original box is available, security can be provided if wanted
You can check it to your heart's content, no issues at all
Call directly at 019XXXXXXXX"
Apple iPhone 13 128 GB Blue,37990,Used,"Chattogram, Sitakunda",08/09,https://bikroy.com/sitakunda/mobile-phones/apple-iphone-13-128-gb-blue-BwbyUX7kmj0ccXGGlbF6VRjI.html,5,2026-09-29T10:44:27.563973+00:00,individual,"📱 iPhone 13 | 128GB | Blue

🔋 Battery Health: 93% (Original)
✅ 100% Authentic & Fresh
✅ কোনো পার্টস/কিছুই চেঞ্জ করা হয়নি
✅ No Scratch
❌ Box নেই

ফোন সরাসরি দেখে ও  ইচ্ছামত চেক করে নিতে পারবেন।
📍 নিতে হলে লোকেশনে আসতে হবে।
💰 অযথা দরদাম করবেন না, সিরিয়াস বায়ারকে সামান্য সম্মান করা হবে।

📲

WP 018XXXXXXXX"
Apple iPhone XS Max 256 GB Gold,20500,Used,"Chattogram, Lalkhan Bazar",01/09,https://bikroy.com/lalkhan-bazar/mobile-phones/apple-iphone-xs-max-256-gb-gold-wDiYR4Rswu7WARW8DcGWj3Q9.html,3,2026-09-29T10:44:28.399357+00:00,individual,"All ok 
Display change original 
Battery change original 
iOS:18.9.7"
Apple iPhone 13 Pro Max 256 GB Silver,40000,Used,"Chattogram, Halishahar",08/09,https://bikroy.com/halishahar/mobile-phones/apple-iphone-13-pro-max-256-gb-silver-pgkLj5PhiaKGlv8LiqPJbl2l.html,5,2026-09-29T10:44:29.118560+00:00,individual,"আসসালামু আলাইকুম... 
এটা আজকে আমি প্রায় ১০/১১ মাস হয়েছে ইউজ করতেছি... ডিসপ্লে চেঞ্জড,ব্যাটারি হেলথ ৭৩%... শুধু মাত্র গেমিং এর জন্য ইউজ করছি... এখন ৩/৪ মাস যাবত ইউজ করা কমিয়ে দিছি... 
 কল... লোকেশন মাস্ট বি আসতে হবে... সিকিউরিটি পারপাসে যা লাগবে দেওয়া যাবে"
Apple iPhone 17 Pro Max 512 GB Orange,173000,Used,"Dhaka, Baridhara",8 hours ago,https://bikroy.com/baridhara/mobile-phones/apple-iphone-17-pro-max-512-gb-orange-clVA1kzCgUkCwCSrGREymfN5.html,5,2026-09-29T10:44:29.394698+00:00,individual,iPhone 17 Pro Max 512gb 100% health full boxed global physical + esim UK variant as like new condition
New Apple iPhone 16 Pro Max 256 GB Black,115000,Brand New,"Dhaka, Savar",17/09,https://bikroy.com/savar/mobile-phones/new-apple-iphone-16-pro-max-256-gb-black-gcZA7uzCLb1rU94pgHFFAjLg.html,5,2026-09-29T10:44:29.932228+00:00,individual,"IPhone 16 pro max full box 
Japan 
88% BH 
10000% Fresh condition. Will feel like it was just unboxed... I am the first user... No scratches or dents at all"
Apple iPhone 16 Pro Max 256 GB,115000,Used,"Dhaka, Mohammadpur",2 days ago,https://bikroy.com/mohammadpur/mobile-phones/apple-iphone-16-pro-max-256-gb-fyXuBWJxkMASBHKXkaXbBh9d.html,3,2026-09-29T10:44:30.726840+00:00,individual,Selling because I urgently need money. Price 120000
Apple iPhone 13 Pro Max 128 GB Blue,52500,Used,"Dhaka, Dhanmondi",5 hours ago,https://bikroy.com/dhanmondi/mobile-phones/apple-iphone-13-pro-max-128-gb-blue-zrRtLuAhElAeiEnmPQqw3vwb.html,4,2026-09-29T10:44:31.445866+00:00,individual,"IPhone 13 PM 128gb BH77 Authentic
Fresh condition with money receipt 
No any repair history
No any scratch or dent 
Camera & battery backup so Good
Warranty policy:-
We will provide 10 day's replacement & 2 years service(without parts)
Address:- 3rd floor, shop No-411, Orchard point shopping complex, dhanmandi 7"
Apple iPhone 17 256 GB Black,90000,Used,"Dhaka, Savar",16/09,https://bikroy.com/savar/mobile-phones/apple-iphone-17-256-gb-black-l2XRoOc4zwuw3JZFAbIQXVaj.html,3,2026-09-29T10:44:32.096640+00:00,individual,"* Apple iPhone 17 
  Savar Dhaka
* Color: Black
* Storage: 256GB
* Battery Health: 99%
* Battery Cycle Count: 219
* Battery Status: Normal
* First Activated: January 2026
* iOS Version: 26.5.2
* Face ID, Camera, Display, Speakers & All Functions Working Perfectly
* No Repairs | No issues"
Apple iPhone 13 Pro 128 GB White,55000,Used,"Dhaka, Rampura",1 day ago,https://bikroy.com/rampura/mobile-phones/apple-iphone-13-pro-128-gb-white-nCSX69qtToqlOXaYutgW1ymz.html,5,2026-09-29T10:44:32.584512+00:00,individual,"The phone is fully fresh, you can check it out thoroughly as you like
The phone comes with a full box"
Apple iPhone 13 128 GB White,40000,Used,"Dhaka, Uttara",30/08,https://bikroy.com/uttara/mobile-phones/apple-iphone-13-128-gb-white-b4WM13taJwT7q4ZtOA0ZVeIi.html,5,2026-09-29T10:44:33.244493+00:00,individual,"📱 iPhone 13 বিক্রি করা হব

একদম ভালো কন্ডিশনের iPhone 13 বিক্রি করবো।

✅ ফোনের সবকিছু একদম ঠিকঠাক আছে

✅ কোনো কিছুই পরিবর্তন করা হয়নি


✅ Original display & parts

🔋 Battery Health: 89%
       Storage 128 
       Variant chaina

✨ ব্যবহার খুবই যত্ন সহকারে করা হয়

📦 চাইলে সরাসরি দেখে, চেক করে নিতে পারবেন
Location uttara housebuilding 013XXXXXXXX"
Apple iPhone 12 128 GB Black,27000,Used,"Dhaka, Mirpur",06/09,https://bikroy.com/mirpur/mobile-phones/apple-iphone-12-128-gb-black-g7iPFlGYH60CymnrRqkbzCAQ.html,5,2026-09-29T10:44:33.926533+00:00,individual,"Iphone 12 with box
128gb
Bh 89% original 
Only display change gx original install facw true tone everything working as original 
No issue phone
Price 27k
0
Location mirpur 10 metro station
{} whatsapp"
Apple iPhone XS Max 256 GB Black,24899,Used,"Dhaka, Banasree",5 hours ago,https://bikroy.com/banasree/mobile-phones/apple-iphone-xs-max-256-gb-black-oI94WmIPqyDUkXSWpBlz8mlS.html,4,2026-09-29T10:44:34.524790+00:00,individual,"iPhone XS Max
With Box
256 GB
Full authentic device
All parts original, no changes
Full fresh condition
Location: Khilgaon Taltola Paka Masjid Market
Price: Fixed Fixed"
Xiaomi 17 Ultra 1 TB Black,170000,Used,"Dhaka, Uttara",4 hours ago,https://bikroy.com/uttara/mobile-phones/xiaomi-17-ultra-1-tb-black-GWEcoKQbmxnLCLLhjBK1X2x.html,3,2026-09-29T10:44:34.975916+00:00,individual,"✨ Xiaomi 17 Ultra | Pre-Owned ✨

🔥 16GB RAM | 1TB ROM 🔥
🔋 Battery Health: 100%
🔄 Cycle Count: 26
📦 Box Available
🔌 Charger Included
🖥️ Premium High-Resolution Display
🔋 Long-Lasting Battery
💾 Massive 1TB Storage

🏪 Exchange Hub
📍 Shop No: 610, 611, 628 & 629, Level-6, Tropical Alauddin Tower, Sector 3, Road 2, Rajlaxmi, Uttara"
Xiaomi Civi 4 Pro 512 GB Green,35000,Used,"Dhaka, Mirpur",5 hours ago,https://bikroy.com/mirpur/mobile-phones/xiaomi-civi-4-pro-512-gb-green-fqS5Vdwi2LrOKtwLEY2PrpYH.html,5,2026-09-29T10:44:35.686641+00:00,individual,"খুবই ভালো একটা ফোন,কোন রকমের সমস্যা নেই,যতক্ষন ইচ্ছা চালিয়ে দেখে নিবেন,১২/৫১২ জিবি,সুপার ক্যামেরা ফোন,সুপার ব্যাকাপ অনেক ফাস্ট একটা ফোন,চাইলে ইউটিউবে রিভিউটা দেখে নেবেন,ফুল ফ্রেশ ফোন,যেকোনো সিকিউরিটি দেয়া হবে,ক্যাশ মেমো,সাথে ১বছরের সার্ভিস ওয়ারেন্টী থাকবে।
ঢাকা মিরপুর পল্লবী নতুন থানা।
কুরিয়ার পসিবল।"
Xiaomi 14 256 GB,33000,Used,"Dhaka, Kamrangirchar",3 hours ago,https://bikroy.com/kamrangirchar/mobile-phones/xiaomi-14-256-gb-B3qJFCqLvMBCMiZEU74V0VF5.html,5,2026-09-29T10:44:36.194682+00:00,individual,"Full fresh phone with not a single scratch
Charger will be provided with it
Selling due to financial problems"
Xiaomi Mi 11 Ultra 256 GB White,30000,Used,"Dhaka, Paltan",2 hours ago,https://bikroy.com/paltan/mobile-phones/xiaomi-mi-11-ultra-256-gb-white-wjwu4307CrjjunlDa5TTXqgt.html,5,2026-09-29T10:44:36.823313+00:00,individual,"Xiaomi 11 Ultra (12/256GB) – White 
China Imported
Fully Fresh Condition
No issues
Never opened/Repaired
No parts changed
You can check thoroughly if you want
No security issues
Can be done with Stamp/Deed if you want
Price: Almost Fixed
Inbox if interested."
Xiaomi Mi Mix 256 GB Black,32500,Used,"Dhaka, Keraniganj",02/09,https://bikroy.com/keraniganj/mobile-phones/xiaomi-mi-mix-256-gb-black-aBv1DEWgd3HODsdi1aJncs2e.html,5,2026-09-29T10:44:37.492601+00:00,individual,"xiaomi mix 4 pro
8GB +4GB RAM+256 GB 
120w fast charger
দুর্দান্ত ক্যামেরা ১০৮ মেগাপিক্সেল 
ফরেন ক্যামেরা হিডেন আন্ডার ডিসপ্লে দিনের বেলায় দেখা যায় না lফোনে কোনো রকম কাজ করা নেই. একদম ফ্রেশ. 

যদি কারো প্রয়োজন হয় যোগাযোগ করুন"
Xiaomi Redmi Note 15 128 GB Black,24500,Used,"Dhaka, Savar",08/09,https://bikroy.com/savar/mobile-phones/xiaomi-redmi-note-15-128-gb-black-aq9F9H9Fi0lkQq8ob2RCcbrt.html,3,2026-09-29T10:44:38.295014+00:00,individual,"I need money urgently so I am selling it. There are no problems with the phone, everything is OK. Box and charger are all included, bought about 3 months ago. I do not have a second mobile so I could not provide the original pictures. To take the mobile, you have to come to my location, location Ashulia Bazar."
Samsung Galaxy S23 Ultra 256 GB Gray,50000,Used,"Rajshahi, Vodra",26/09,https://bikroy.com/vodra/mobile-phones/samsung-galaxy-s23-ultra-256-gb-gray-dbSQ373Fd56rDStqUn0HZ3ka.html,4,2026-09-29T10:44:38.595175+00:00,individual,"Everything is okay, showroom condition 100% fresh. Check and test it out before taking. 100% security assured."
New Samsung Galaxy S26 Ultra 5G 256 GB Blue,115000,Brand New,"Rajshahi, Boalia",17/09,https://bikroy.com/boalia/mobile-phones/new-samsung-galaxy-s26-ultra-5g-256-gb-blue-qbY4u6z9tvD4tAf2sYkJyrMH.html,5,2026-09-29T10:44:39.426199+00:00,individual,"Samsung s26 ultra
Very good condition, like brand new with box and a cover, charger, not a single issue or scratch, just used arround 3/4 months"
Samsung Galaxy S24 Ultra 256 GB,75000,Used,"Rajshahi, Vodra",15/09,https://bikroy.com/vodra/mobile-phones/samsung-galaxy-s24-ultra-256-gb-aJzE7dmwYfMPeiGUB1dUpHrY.html,3,2026-09-29T10:44:39.595446+00:00,individual,"Samsung Galaxy 24 Ultra
12/256
Phone : 
Price: (Negotiable)"
Samsung Galaxy S20+ 5G 128 GB Blue,30000,Used,"Rajshahi, Uposahar",2 days ago,https://bikroy.com/uposahar/mobile-phones/samsung-galaxy-s20-5g-128-gb-blue-iHJjgyvSnKyvj8eVSZ39WTiq.html,3,2026-09-29T10:44:40.083555+00:00,individual,"Everything in the phone is all OK. Only the back panel is cracked due to dropping from the hand. The phone was bought officially. However, the box and charger are lost."
Samsung Galaxy S21+ 5G 128 GB Silver,21000,Used,"Rajshahi, Motihar",23/09,https://bikroy.com/motihar/mobile-phones/samsung-galaxy-s21-5g-128-gb-silver-8qwq9xcX6cZOxQ2ADkeU72PN.html,5,2026-09-29T10:44:40.625976+00:00,individual,"The mobile is 100% fresh, nothing has been changed, and there are no problems.
Original box and cable will be provided with it."
Samsung Galaxy S20 FE 128 GB Black,25000,Used,"Rajshahi, Chhota Banagram",24/09,https://bikroy.com/chhota-banagram/mobile-phones/samsung-galaxy-s20-fe-128-gb-black-sgyURJvzLIEmKnmnzaYpcxHf.html,5,2026-09-29T10:44:41.223119+00:00,individual,"This phone is very good, this phone is in very fresh condition."
Samsung Galaxy S24 Ultra 512 GB Gold,83000,Used,"Chattogram, Nasirabad",13/07,https://bikroy.com/nasirabad/mobile-phones/samsung-galaxy-s24-ultra-512-gb-gold-dxEOFOvZ25AlGnrzJxS32fYG.html,3,2026-09-29T10:44:41.772267+00:00,individual,"Full box given 
12/512 
Vietnam variant
A very little dot in the screen otherwise all ok no scratch"
Samsung Galaxy Z Fold 6 (12/256) DUAL SIM BOX (Used),120000,Used,"Chattogram, Chawkbazar",5 hours ago,https://bikroy.com/chawkbazar/mobile-phones/samsung-galaxy-z-fold-6-12-256-dual-sim-box-used-zcU1KIkG3VDPt1bIhFEOOgY4.html,2,2026-09-29T10:44:42.485690+00:00,individual,"🔳 Used abroad for 2/3 months. As good as new condition.
🔳 Storage: 12/256GB
🔳 Colour: Silver
◾ Box and original cable included

🔰 Our Speciality......................................

◾ Original & Non-Refurbished Product
◾ EMI Facilities Available*
◾ Accept Visa, Master Card
◾ Delivery facility inside & outside Chattogram
◾ Phone exchange facilities*
◾ All products are original and genuine.
◾ 7-day replacement and 1-year service warranty on all products

🔰 Our Showroom Address:

Rony Enterprise (Since 2007)
Bali Arcade Shopping Center
4th Floor, Shop no 03 (in front of Chawkbazar Post Office)
Sirajuddula Road, Chawkbazar, Chattogram Show more"
Samsung Galaxy Z Fold 6 (12/256) SILVER INTACT (Brand New),150000,Brand New,"Chattogram, Chawkbazar",4 hours ago,https://bikroy.com/chawkbazar/mobile-phones/samsung-galaxy-z-fold-6-12-256-silver-ntact-brand-new-xrm71kM0G8kG1ttk54QkJyb2.html,0,2026-09-29T10:44:42.832563+00:00,individual,"🔳 INTACT SEAL PACK. DUAL SIM 🔳 Storage: 12/256GB 🔳 Colour: SILVER ◾ Box And Original Cable 🔰 Our Speciality: ◾Original & Non-Refurbished Product ◾Emi Facilities Available* ◾Accept Visa, Master Card ◾Delivery Facility inside & Outside ctg. ◾Phone Exchange Facilities* ◾ All Products Original And Genuine. ◾Our All Product 7 Days replacement And 1 year Service Warranty 🔰 Our Showroom Address: Rony Enterprise (Since 2007), Bali Arcade Shopping Center, 4th Floor, Shop no 03 (infront of chawkbazar Post Office), Sirajuddula Road, Chawkbazar, Chattogram Show more"
Samsung Galaxy S23 Ultra 256 GB Green,45000,Used,"Chattogram, Alankar",06/09,https://bikroy.com/alankar/mobile-phones/samsung-galaxy-s23-ultra-256-gb-green-zY548IGmvUimJc4Ax88x8Yx.html,5,2026-09-29T10:44:43.722980+00:00,individual,"Samsung Galaxy S23 Ultra
 RAM: 12GB
 Storage: 256GB
 Display: Changed to Top-Quality OLED Display 
 Fingerprint: Working 
 Box: Full Box
 Condition: Good
 Asking Price: 45,000৳
 Location: Halishahar, Bisso Road, Chattogram
 Interested হলে inbox করুন।
Serious buyers only."
Samsung Galaxy S25 Ultra 512 GB Blue,62000,Used,"Chattogram, New Market, Chattogram",1 day ago,https://bikroy.com/new-market/mobile-phones/samsung-galaxy-s25-ultra-512-gb-blue-igksfQm023Bw4WBlAsMZiiv3.html,5,2026-09-29T10:44:44.345742+00:00,individual,Camera problem is there. And rest of all is ok.
Samsung Galaxy A35 128 GB Pink,23990,Used,"Chattogram, Agrabad",5 hours ago,https://bikroy.com/agrabad/mobile-phones/samsung-galaxy-a35-128-gb-pink-uoH420XnoQFDCFqm5XQP5yAC.html,2,2026-09-29T10:44:45.081668+00:00,individual,"Set in fully fresh condition 
100% ok
Ram 8+128
With charger and cash memo"
Samsung Galaxy S25 Ultra 256 GB Black,82000,Used,"Dhaka, Savar",1 hour ago,https://bikroy.com/savar/mobile-phones/samsung-galaxy-s25-ultra-256-gb-black-zYitJligILOetb8OSB2ReDx.html,3,2026-09-29T10:44:45.724639+00:00,individual,"Samsung S25 Ultra 
Without box
 Brand new condition! 
 No scratches, never opened or serviced. 100% original parts.
 Comes with charger and shop cash memo.
 7 days replacement and 1 year service warranty!
 Livewire Savar - NTECH BD, Sena Shopping Complex, Nabinagar, Savar.
 Cash on delivery all over the country.
 Call for details:"
Samsung Galaxy S25 Ultra 256 GB Blue,92500,Used,"Dhaka, Baridhara",8 hours ago,https://bikroy.com/baridhara/mobile-phones/samsung-galaxy-s25-ultra-256-gb-blue-k6uwPe9edJb3D7IhwVShcCTD.html,5,2026-09-29T10:44:46.295023+00:00,individual,"Samsung S25 Ultra 12/256GB. Full boxed, full fresh. 100% fresh like new condition."
Samsung Galaxy S25 Ultra 256 GB Black,91999,Used,"Dhaka, Bashundhara City",5 hours ago,https://bikroy.com/bashundhara-city/mobile-phones/samsung-galaxy-s25-ultra-256-gb-black-jOwoXcwWHDhkB1SYXwEjjsIV.html,5,2026-09-29T10:44:46.793445+00:00,individual,"Samsung Galaxy S25 Ultra
 Titanium Black
 12GB RAM | 256GB Storage
 Full Boxed
 Inbox now for the latest price.
 Visit Our Shop
Basement-2, Shop No: 94 
Basundhara City Shopping Complex 
Panthapath Dhaka 1215 
 You can easily find our shop on the left side after going down the escalator."
Samsung Galaxy A17 5G 128 GB Black,24999,Used,"Dhaka, Gulshan",1 hour ago,https://bikroy.com/gulshan/mobile-phones/samsung-galaxy-a17-5g-128-gb-black-rIP3POAWDzZ0WcWgwa0mnEln.html,5,2026-09-29T10:44:47.420093+00:00,individual,"Samsung A17 5G official device
Official warranty is 6 months
RAM 8GB, ROM 128GB
Processor Exynos 1380
Battery 5000 mAh
Super AMOLED
10 days replacement guarantee is available
1 year service warranty is available
Location: Gulshan 2, Land View Shopping Center, shop number 24, 1st floor
Phone exchange is available
Friday market is closed
You can do EMI with a credit card"
Samsung Galaxy S23 Ultra 512 GB Red,60000,Used,"Dhaka, Uttara",02/09,https://bikroy.com/uttara/mobile-phones/samsung-galaxy-s23-ultra-512-gb-red-mlt8L0lwcWKyQbgf1JrbMLtv.html,5,2026-09-29T10:44:48.231247+00:00,individual,"ফ্রেশ কন্ডিশন, কোনো ধরনের দাগ বা স্কেচ নেই। একদম নতুনের মতো যত্ন নিয়ে ব্যবহার করা হয়েছে।
​ব্যাটারি ব্যাকআপ: অসাধারণ ব্যাটারি ব্যাকআপ, চার্জ থাকে অনেকক্ষণ।
​অন্যান্য: ক্যামেরা, পারফরম্যান্স বা সবদিক থেকেই ফোনটি শতভাগ নিখুঁত ও ট্রাবল-ফ্রি।
​জরুরি প্রয়োজনে ফোনটি বিক্রি করা হচ্ছে। আগ্রহী ক্রেতারা ইনবক্সে যোগাযোগ করুন বা সরাসরি কল করুন।"
Samsung Galaxy S24 Ultra 256 GB Bronze,67000,Used,"Dhaka, Keraniganj",31/08,https://bikroy.com/keraniganj/mobile-phones/samsung-galaxy-s24-ultra-256-gb-bronze-s1sZ1Ed5y0y2rEqzxLPkm5VU.html,3,2026-09-29T10:44:48.794463+00:00,individual,"Samsung s24 ultra 
১২/২৫৬/ 
ভিয়েতনাম ভেরিয়েন্ট 
ফোন এর   সাথে অরজিনাল  বক্স আছে 
আমি নতুন কিনছিলাম আমি বাইক কিনবো দেইখা এইটা সেল করতাছি অনেক সখের একটা ফোন ছিলো ফোন ফুল ফ্রেশ জাস্ট হাতের থেকে পরে পিছের বেক সেল ফেটে গেছে এটাই সমস্যা তা সারা কনো সমস্যা নাই জত খুশি চেক করে নিতে পারবেন ইমারজেন্সি দরকার তাই সেল দিয়ে দিতাছি অনেক কমে দিয়ে দিতাছি"
New Apple iPhone 16 Pro Max 256 GB Gold,125000,Brand New,"Rajshahi, Kadirgonj",09/05,https://bikroy.com/kadirgonj/mobile-phones/new-apple-iphone-16-pro-max-256-gb-gold-66aAqTrqhBhcLiAWyPR5M47X.html,5,2026-09-29T10:44:49.418384+00:00,business,"iPhone 16 Pro Max. 95% Battery Health, 256GB. Buy your favorite iPhone from TECH LIFE because we offer the best price, premium quality, and hassle-free customer service! Shop Location: Shop number: 121, Sopnochura plaza, kadirgonje."
Apple iPhone 16 Pro Max 256 GB Silver,127000,Used,"Rajshahi, Durgapur",15/05,https://bikroy.com/durgapur-1/mobile-phones/apple-iphone-16-pro-max-256-gb-silver-jFftCS6EkAw8hprEjHjSvhbM.html,5,2026-09-29T10:44:50.187613+00:00,individual,"iPhone 16 Pro Max (Singapore)
256GB | Natural Titanium | Like New
In fresh condition, brand new look
 256GB | Singapore Variant
 Cycle ~160 | Battery 100%
 No scratch / dent
 Never repaired
 Original charger + 8 covers
 Camera & Screen Protector included
 Price is almost fixed
 Serious buyers only
 Inbox / Call if interested"
Apple iPhone 17 Pro Max in Super Condition (Used),150000,Used,Rajshahi,4 hours ago,https://bikroy.com/rajshahi/mobile-phones/apple-iphone-17-pro-max-super-conditione-used-oUK24zs9ZHt8SMvtdlPraeFO.html,3,2026-09-29T10:44:50.870494+00:00,individual,"iPhone 17 Pro Max 

256 GB, 100% Battery Health

CC 17, CC 81

Super condition 🔥🔥

Enjoy a 7-day replacement guarantee ✅ 
Get a 1-year service warranty ✅ 

#Exchange possible ✅

Our Address :
Smart Choice, Shop No. 211, 
City Center, Beside Rajshahi College, Sonadigir Mor, Rajshahi

Call for any details"
Apple iPhone 15 Pro Max 256 GB,90000,Used,"Rajshahi, Kazla",25/09,https://bikroy.com/kazla/mobile-phones/apple-iphone-15-pro-max-256-gb-i26FYaq336FtQCZNztsZcfxK.html,3,2026-09-29T10:44:51.475754+00:00,individual,"100% full fresh phone. Box and cover are included with the phone. USA variant, battery health 84%, cycle count 950. Not even a tiny spot of trouble."
Apple iPhone 14 Pro 256 GB White,74999,Used,Rajshahi,23/09,https://bikroy.com/rajshahi/mobile-phones/apple-iphone-14-pro-256-gb-white-rB3Sw76SgiKGdXbQMr1qG6Rg.html,4,2026-09-29T10:44:52.096577+00:00,individual,"Iphone 14 pro
 storage 256GB
 No issues
 94% Battary Health (original)
 No Scratch/Dents
 USA V - Dual E-Sim"
Apple iPhone 15 Plus 128 GB Black,65000,Used,"Rajshahi, Shaheb Bazar",4 hours ago,https://bikroy.com/shaheb-bazar/mobile-phones/apple-iphone-15-plus-128-gb-black-39lMK4kbQi46v2oAe9V2gR8W.html,3,2026-09-29T10:44:52.679516+00:00,individual,"iPhone 15 Plus
128GB / 89% Battery Health
Physical SIM
Super condition
7 days replacement guarantee
1 year service warranty
#exchange possible
Our Address:
Smart Choice, Shop No. 211,
City Center, Beside Rajshahi College, Sonadighi Mor, Rajshahi
Call for any details:"
Apple iPhone 11 128 GB White,25000,Used,"Rajshahi, Ramchandrapur",18/09,https://bikroy.com/ramchandrapur/mobile-phones/apple-iphone-11-128-gb-white-3Cnpx5FNExvU9kzYBDMq65SG.html,5,2026-09-29T10:44:53.445219+00:00,individual,Fully fresh condition... Only interested buyers are requested to knock please in this number ()... Phone location SADHURMOR (Opposite road of Orchid Mess)...
Apple iPhone 14 128 GB Blue,36500,Used,"Rajshahi, Kazla",14/09,https://bikroy.com/kazla/mobile-phones/apple-iphone-14-128-gb-blue-3atLbgKyqxAadCibbEG90tWw.html,5,2026-09-29T10:44:54.115408+00:00,individual,"Battery 82
Storage 128
Wifi bypass"
Apple iPhone 12 Pro 128 GB Blue,35500,Used,"Rajshahi, Kazla",07/09,https://bikroy.com/kazla/mobile-phones/apple-iphone-12-pro-128-gb-blue-6cdgJjud2PxgcM3kR0dr47TR.html,5,2026-09-29T10:44:54.680896+00:00,individual,"কোন সমস্যা নেই, দেখে নিতে পারবেন। ব্যাটারি হেলথ ৭৩%। ফোন কখনো খোলা হয়নি। যমুনা ফিউচার পার্ক থেকে কেনা হয়েছে। মানি রিসিট আছে। EVERYTHING ORIGINAL AND OKAY 016XXXXXXXX"
New Apple iPhone 17 Pro Max 256 GB Silver,165000,Brand New,"Chattogram, Khulshi",12/08,https://bikroy.com/khulshi/mobile-phones/new-apple-iphone-17-pro-max-256-gb-silver-d7FJldVIS9rugoLqUzwYwfVR.html,4,2026-09-29T10:44:55.071508+00:00,individual,"Just opened, brought from outside. With bill, no charge, just open box"
Apple iPhone 17 Pro Max P-SIM+E-SIM Brand New,172999,Brand New,"Chattogram, Agrabad",5 hours ago,https://bikroy.com/agrabad/mobile-phones/apple-iphone-17-pro-max-p-sim-e-sim-ntun-brand-new-1c1M4oyTA6EwXO5vWGDhrGjL.html,0,2026-09-29T10:44:55.764980+00:00,individual,"Stay updated with our latest product prices by liking 👍 & FOLLOWING our page. Page link - https://www.facebook.com/jojobdctg.

** iPhone 17 Pro Max, 256GB, Australian variant, 100% authentic.
Other Apple models in our store – 17 Pro Max 512GB - Australia, 17 256GB Australia, 16 128GB, 15 128GB Singapore, 14 128GB, MacBooks Singapore Air M4 16/256.

🌍 Variant: global

📦 Condition: New Intact |

✅ 100% Authentic

✅ 7-day replacement, 1-year service warranty.

----------------------------------------------------------------------

Address:

Shop- 537, Level-5 (Capsule lift 4,

Straight after exiting the lift, JoJoBD)

Akhtaruzzaman Center,

Agrabad, Chittagong. Show more"
Apple iPhone 17 Pro Max 256 GB Orange,143000,Used,"Chattogram, Chandgaon",11/06,https://bikroy.com/chandgaon/mobile-phones/apple-iphone-17-pro-max-256-gb-orange-gd0z6KX6kuDnoVtAnfAkJAbK.html,5,2026-09-29T10:44:56.418735+00:00,individual,"iPhone 17 Pro Max with 5 months Dazzle Care, Japan variant.
Dual eSIM.
7 months used.
Battery: 100%.
All okay.
Dazzle official care warranty available for 5 months.
Mobile, original cable, and box will be provided."
Apple iPhone 15 Pro Max 256 GB Black,95000,Used,"Chattogram, Pahartali",22/09,https://bikroy.com/pahartali/mobile-phones/apple-iphone-15-pro-max-256-gb-black-6ADTIrP3Ht3Wny2acOVh5Sei.html,5,2026-09-29T10:44:57.131157+00:00,individual,"I am selling this because I will buy another phone. There are no problems with the phone.
It comes with the original twenty-watt charger.
Please contact if you are interested in buying."
Apple iPhone 13 Pro 256 GB Green,57500,Used,"Chattogram, Agrabad",25/09,https://bikroy.com/agrabad/mobile-phones/apple-iphone-13-pro-256-gb-green-yL97vNmcPNz0yB6Xht1t4jl.html,4,2026-09-29T10:44:57.576274+00:00,individual,iPhone 13 Pro Max 256 GB Everything original
Apple iPhone 16 128 GB,72000,Used,"Chattogram, Chawkbazar",5 hours ago,https://bikroy.com/chawkbazar/mobile-phones/apple-iphone-16-128-gb-ft4utNR4mq9RhVBNcZbudBEE.html,3,2026-09-29T10:44:58.356416+00:00,individual,"iPhone 16
128GB
I have more pictures available
Teal, Ultramarine,
Battery health 90%, 95%, 100%."
Apple iPhone 13 Pro 128 GB Black,45500,Used,"Chattogram, Agrabad",16/09,https://bikroy.com/agrabad/mobile-phones/apple-iphone-13-pro-128-gb-black-uDardxSCLy9rfaxn9XOhGjoL.html,5,2026-09-29T10:44:59.037856+00:00,individual,"All ok
Authentic set 
128gb
Battery Health 73%
Set + cover + cash memo 
Waterproof is intact
Must come to location to buy"
New Apple iPhone 12 Pro 128 GB Blue,39000,Brand New,"Chattogram, Chawkbazar",11/09,https://bikroy.com/chawkbazar/mobile-phones/new-apple-iphone-12-pro-128-gb-blue-2Ai2JChbjeeJA0k7z5GpiyA8.html,3,2026-09-29T10:44:59.724836+00:00,individual,"Battery Health 82%. Box, charger, and 3 covers will be provided along with it."
Apple iPhone 13 128 GB Blue,45000,Used,"Chattogram, Patenga",18/09,https://bikroy.com/patenga/mobile-phones/apple-iphone-13-128-gb-blue-7Zc4sHN7fB8EDGTvawP4OOsw.html,5,2026-09-29T10:45:00.227835+00:00,individual,"Phone is fully fresh, no repair work has been done, battery health is 87%, I am the 1st owner, whoever takes it will be the 2nd, lamination done, Face ID, True Tone, all ok"
Apple iPhone 16 Pro Max 256 GB Silver,120000,Used,"Dhaka, Bashundhara City",8 hours ago,https://bikroy.com/bashundhara-city/mobile-phones/apple-iphone-16-pro-max-256-gb-silver-fvUTILQUGAT4iGzU8xTgnDyu.html,3,2026-09-29T10:45:01.136421+00:00,individual,"10 days replacement guarantee
2 years service warranty
Safe courier service all over the country
Attractive exchange offer
Basement-1, Shop-84, Bashundhara City Shopping Mall
Prices are subject to change. Please contact via WhatsApp before coming."
Apple iPhone 17 Pro 256 GB Silver,128000,Used,"Dhaka, Baridhara",3 hours ago,https://bikroy.com/baridhara/mobile-phones/apple-iphone-17-pro-256-gb-silver-xuTMlkFcC5R7Bmgn5AtVWtSd.html,4,2026-09-29T10:45:01.321971+00:00,individual,"iPhone 17 Pro 256GB, Battery Health 98%"
Apple iPhone 17 Pro 256 GB Orange,133990,Used,"Dhaka, Uttara",1 hour ago,https://bikroy.com/uttara/mobile-phones/apple-iphone-17-pro-256-gb-orange-r3HeU2kmTz1evKtGrMReT04R.html,3,2026-09-29T10:45:01.783237+00:00,individual,"Western Mobile Fair
 # Shop No. 614/622/623/625 (Level #6) Tropical Alauddin Tower Uttara 
 Dear Honourable Customer 
 100% original device
 Full Factory unlock 
 EMI Available On . 31 Banks credit card. Thanks for being with us."
Apple iPhone 13 Pro 256 GB Black,52000,Used,"Dhaka, Mogbazar",4 hours ago,https://bikroy.com/mogbazar/mobile-phones/apple-iphone-13-pro-256-gb-black-94z79tZVuJEpdtdKFF2qwGS8.html,5,2026-09-29T10:45:02.237733+00:00,individual,"USA variant, 256GB, Graphite Black, Battery Health 74% (original), Display, True Tone, Body all OK (never opened), Box available. Charger, cable, headphones not included."
Apple iPhone 13 Pro 128 GB White,60000,Refurbished,"Dhaka, Tongi",16/09,https://bikroy.com/tongi/mobile-phones/apple-iphone-13-pro-128-gb-white-b6U9ipJNovIAJGdwT4tj5OwM.html,5,2026-09-29T10:45:02.788366+00:00,individual,"iPhone 13 Pro Apple certified refurbished full fresh condition ￼
Original Charger + box"
New Apple iPhone 15 Pro Max 256 GB Blue,89000,Brand New,"Dhaka, Bashundhara City",04/09,https://bikroy.com/bashundhara-city/mobile-phones/new-apple-iphone-15-pro-max-256-gb-blue-cyt7eG21DrgRZcWHnlIsE0AM.html,3,2026-09-29T10:45:03.489597+00:00,individual,"In fresh conditions, no spots, dents, or scratches ✅ 
Battery health 91%
Cycle Count 473
Indian variant
Without box
Only geniune buyers, please inbox"
Apple iPhone 12 64 GB Blue,25000,Used,"Dhaka, Uttara",02/09,https://bikroy.com/uttara/mobile-phones/apple-iphone-12-64-gb-blue-yLTdx5R8j6eDxudrQBwpWdJC.html,5,2026-09-29T10:45:04.044874+00:00,individual,"i Phone 12 
সেল পোস্ট 
বেটারি চেঞ্জ  
আর ফেস id নাই 
আর সবকিছু ফুল ওকে  
25k fixed  
শুধুমাত্র যাদের লাগবে তারা ইনবক্স  করুন"
Apple iPhone 13 128 GB Pink,40000,Used,"Dhaka, Mirpur",31/08,https://bikroy.com/mirpur/mobile-phones/apple-iphone-13-128-gb-pink-fcES2Js68PpSgxVX4cSUy1pX.html,3,2026-09-29T10:45:04.995225+00:00,individual,Full fresh kono dent nai . Phone ar sathe box ase
Apple iPhone 11 128 GB White,25000,Used,"Dhaka, Wari",31/08,https://bikroy.com/wari/mobile-phones/apple-iphone-11-128-gb-white-2Wikgvv11c3OISXhQKmR82Qd.html,3,2026-09-29T10:45:05.289887+00:00,individual,"Full fresh condition....
Battery health-85% 
Kono scratch nei... 
Contact 013XXXXXXXX"
Xiaomi Civi 4 Pro 512 GB Blue,36000,Used,"Dhaka, Dhanmondi",8 hours ago,https://bikroy.com/dhanmondi/mobile-phones/xiaomi-civi-4-pro-512-gb-blue-daZQhMw4sDL7xcEm3hxZXPAl.html,5,2026-09-29T10:45:05.791934+00:00,individual,"🌷🌷Welcome to""Mobile Store ""🌷🌷

আামাদের ঠিকানাঃ-

Mobile Store

Shop number -408(level 4)

Dhanmondi 32 Sukrabad bus stand
Phone number 017XXXXXXXX 018XXXXXXXX"
Xiaomi Civi 4 Pro 256 GB Blue,35000,Used,"Dhaka, Badda",16/09,https://bikroy.com/badda/mobile-phones/xiaomi-civi-4-pro-256-gb-blue-hTbseruTIHqEYva81shvey9o.html,4,2026-09-29T10:45:06.389062+00:00,individual,"Want to exchange with high configured device.
- 12/256 GB
- 8s Gen 3 processor
- 50MP 2x telephoto lens (Awesome portrait)
Super handy premium phone
Location: Badda"
Xiaomi Civi 5 Pro 256 GB,39000,Used,"Dhaka, Mirpur",14 hours ago,https://bikroy.com/mirpur/mobile-phones/xiaomi-civi-5-pro-256-gb-yCBuVAb1jlcbYouqbNxt7VQv.html,5,2026-09-29T10:45:06.893665+00:00,individual,"12/256
Battery 99
Cycle count 107
Box charger cashmemo
Full fresh condition"
Xiaomi Redmi K90 256 GB Black,55000,Used,"Dhaka, Banani",31/08,https://bikroy.com/banani/mobile-phones/xiaomi-redmi-k90-256-gb-black-cqpYQs644dWylNajUJMwOnXa.html,5,2026-09-29T10:45:07.641107+00:00,individual,"📱 Redmi K90 5G — 12/256GB

মাত্র ১৭ দিন ব্যবহার করা হয়েছে। একদম ফ্রেশ কন্ডিশন, কোনো সমস্যা নেই। বক্স, অরিজিনাল চার্জারসহ সবকিছু আছে। কোনো পার্টস পরিবর্তন করা হয়নি।

💰 দাম: ৳৫৫,০০০ (আলোচনা সাপেক্ষে)
📍 লোকেশন: বনানী, ঢাক 019XXXXXXXX"
New Xiaomi Redmi Turbo 4 Pro 256 GB White,40250,Brand New,"Dhaka, Jatrabari",01/09,https://bikroy.com/jatrabari/mobile-phones/new-xiaomi-redmi-turbo-4-pro-256-gb-white-is2cxc6OkTEQ9ousfMJuypDk.html,3,2026-09-29T10:45:08.284938+00:00,individual,"ফোন সম্পূর্ণ ফ্রেশ,, তো যত ইচ্ছা দেখে নিবেন কোন সমস্যা নেই,, ব্যাটারি হেল্থ ৯৯% ,, ফোনে কোন দাগ নাই।।  ফ্রেশ।"
Xiaomi Redmi K90 256 GB Red,49999,Used,"Dhaka, Motalib Plaza",4 hours ago,https://bikroy.com/motalib-laza/mobile-phones/xiaomi-redmi-k90-256-gb-red-3nXbCwNU7U9BbXQufIP8PHEC.html,5,2026-09-29T10:45:08.818886+00:00,individual,"Wholesale & Retail 
Redmi K90 12/256GB (Active)
BH-100%

Mobile, Box & Charger (বক্স, চার্জার পেতে সময় লাগতে পারে ৫/৭ দিন) 

Address: Hridoy Communication, 2nd Floor, Shop no: 338"
Xiaomi 14 Pro 256 GB Green,45500,Used,"Dhaka, Jatrabari",22/09,https://bikroy.com/jatrabari/mobile-phones/xiaomi-14-pro-256-gb-green-8acw9B6lMWyhoeLXZixxp482.html,5,2026-09-29T10:45:09.489372+00:00,individual,"Xiaomi 14 pro 12/256
only phone (global)"
Xiaomi Redmi Turbo 5 Max 256 GB Silver,49500,Used,"Dhaka, Savar",25/09,https://bikroy.com/savar/mobile-phones/xiaomi-redmi-turbo-5-max-256-gb-silver-zK9h7ZEll1EvYNzt95Wc5wZj.html,5,2026-09-29T10:45:10.582938+00:00,individual,Used for 2 months completely new phone
Xiaomi 13 Ultra 256 GB Green,45000,Used,"Dhaka, Mohammadpur",01/09,https://bikroy.com/mohammadpur/mobile-phones/xiaomi-13-ultra-256-gb-green-ieKf314ZpqgPQrdkSl8oI3i8.html,5,2026-09-29T10:45:10.721115+00:00,individual,"📱🔥 Xiaomi 13 Ultra (6/128GB) used 
no box
📸 অসাধারণ Leica Camera Experience
China varriant 
💾 RAM/ROM: 6/128GB
মূল্য: ৪৫,০০০ টাকা
🏷️ New Price: ৯৪,০০০ টাকা

✅ Only Device
✅ Back Cover
✅ Premium Super Strong Glass
📍 লোকেশন: সাভার সেনা শপিং কমপ্লেক্স
SMS Gadget
🚨 মাত্র ১ পিস Available!
⚠️ আসার আগে অবশ্যই কল করে Booking করে আসতে হবে।"
Xiaomi Redmi Turbo 4 Pro 256 GB Black,40000,Used,"Dhaka, Khilkhet",24/09,https://bikroy.com/khilkhet/mobile-phones/xiaomi-redmi-turbo-4-pro-256-gb-black-s4iGV3uqK42iCbQFmRy9e05F.html,5,2026-09-29T10:45:11.430907+00:00,individual,"Comes with box, charger, and cash memo.
Hand-used phone.
Absolutely fresh, used for about four to five months. If anyone wants to buy, please contact."
Xiaomi Mi 11 Ultra 256 GB Black,35000,Used,"Dhaka, Badda",16/09,https://bikroy.com/badda/mobile-phones/xiaomi-mi-11-ultra-256-gb-black-aqINzstD0IVzolpeFIptyjov.html,5,2026-09-29T10:45:12.226014+00:00,individual,"একটা স্কাচ ও নাই ফোনে, নতুন অবস্থা থেকেই পলি করা দুই পাশেই।  ফোনের সাথে শুধু দোকানের ক্যাশ মেমো পাবেন  এবং  সিকিউরিটি হিসাবে ভোটার আইডি কার্ডের ফটোকপি পাবেন। 
ফোনের সবকিছু একশ একশ। আসবেন দেখবেন যদি ভালো লাগে নিবেন। বিস্তারিত অনলাইনে দেখে নিন।"
Xiaomi Mix Flip 256 GB White,77000,Used,"Dhaka, Uttara",4 hours ago,https://bikroy.com/uttara/mobile-phones/xiaomi-mix-flip-256-gb-white-vs56lsJl9wlciERKtMBzVmV.html,4,2026-09-29T10:45:13.155671+00:00,individual,"Xiaomi MIX Flip 2 
 RAM: 12GB
 ROM: 256GB
 Full Box + Original Charger
 Excellent Condition
 Exchange Hub
 Shop No: 610, 611, 628 & 629, Level-6
Tropical Alauddin Tower, Sector 3, Road 2"
New Xiaomi 17T 256 GB,67000,Brand New,"Dhaka, Jamuna Future Park",4 hours ago,https://bikroy.com/jamuna-future-park/mobile-phones/new-xiaomi-17t-256-gb-fMbn7o9peT9ED4GfNgDXY0V7.html,5,2026-09-29T10:45:13.425089+00:00,individual,"Xiaomi 17T
BD official 
Cycle count : 8
12GB 256GB
Full Fresh condition 
Price: 67000 Tk
 Paramount Gadget
Jamuna Future Park Shopping Mall
Level 4, Shop No: 006C
Near Lift 7 (নোকিয়া গলি)
 
."
New Xiaomi Civi 5 Pro 256 GB White,65000,Brand New,"Dhaka, Jamuna Future Park",2 hours ago,https://bikroy.com/jamuna-future-park/mobile-phones/new-xiaomi-civi-5-pro-256-gb-white-lgg9I3LoJ0qnCgLHurpr0Rof.html,4,2026-09-29T10:45:14.008495+00:00,individual,"Xiaomi Civi 5 pro– Best condition 
• 128 GB Storage• 
• Color: Nebula Purple
• China Variant
• Battery Health: 100%
• Absolutely fresh, no issues at all 
• Face ID, Camera, True Tone all 100% OK
• Box/Charger: Included 
• Location: Jamuna Future Park, Level 4, 4B-007D"
Xiaomi Redmi Note 13 512 GB Black,26999,Used,"Dhaka, Mohammadpur",2 days ago,https://bikroy.com/mohammadpur/mobile-phones/xiaomi-redmi-note-13-512-gb-black-zsjQuHl1L68AEdh8RYjCWSz6.html,4,2026-09-29T10:45:14.692141+00:00,individual,"There is not the slightest problem with the phone. My elder brother sent me an iPhone from abroad, which is why I am selling this. Very good condition and fresh looking."
New Xiaomi Redmi Note 15 128 GB,26990,Brand New,"Dhaka, Shyamoli",7 hours ago,https://bikroy.com/shyamoli/mobile-phones/new-xiaomi-redmi-note-15-128-gb-alax14FxUaNSJL7ScpmcRDkq.html,4,2026-09-29T10:45:15.304828+00:00,individual,"New Arrival best Price 
Get #NEW_ Xiaomi Redmi Note 15 6/128GB OFFICIAL 
#_NEW_INTACKE_BOX
Exchange Possible 
We sell 100% Original Product
You can check it however you like. 
Warranty Policy  
7 Days Parts Replacement Warranty 
2 Year Service Warranty Without LCD, Software & Physical Damage"
Xiaomi Redmi Note 15 Pro 256 GB Black,28999,Used,"Dhaka, Mirpur",8 hours ago,https://bikroy.com/mirpur/mobile-phones/xiaomi-redmi-note-15-pro-256-gb-black-ml8J5ZzdRGOtlCQWhJbJQLnz.html,5,2026-09-29T10:45:15.887244+00:00,individual,"Redmi note 15pro cn With Full Box 8/256 GB

Buy, Sell & Exchange

Original Picture Uploaded 

8/256 Gb - ৳ 

100% Original & Non Refurbished Product 

10 Day's Replacement Guaranty 

1 Year Service warranty 

Mirpur shopping Center 
5th floor
Shop number 639
Mirpur 2 Dhaka 1216"
Xiaomi 13 256 GB Blue,32999,Used,"Dhaka, Mirpur DOHS",1 hour ago,https://bikroy.com/mirpur-dohs/mobile-phones/xiaomi-13-256-gb-blue-7YitwFwbP4J0vc5Bn2s6NcdB.html,4,2026-09-29T10:45:16.334899+00:00,individual,"AR Gallery BD 
Shop-76, Lift-4, Shah Ali Plaza, Mirpur-10,Dhaka-1216,
Xiaomi 13 - Only Phone + Cash Memo.
★Ram:- 12GB ★Rom:-256GB 
★Back Camera:-50+10+12 MP 
★Front Camera:- 32MP
★Battery:-4500mAh
★ Charging: 67W wired,
★ Sim: dual sim
■ 5 দিনর রিপ্লেসমেন্ট গ্যারান্টি । 
■ 1 বছরের সার্ভিস ওয়ারেন্টি ( Without parts)"
Xiaomi Redmi Note 14 Pro 5G 256 GB Black,28000,Used,"Dhaka, Jatrabari",18/09,https://bikroy.com/jatrabari/mobile-phones/xiaomi-redmi-note-14-pro-5g-256-gb-black-APHcO7WjOCLaIyrGKCsftXbt.html,5,2026-09-29T10:45:17.028036+00:00,individual,"The mobile is completely fine with no marks anywhere. Used for a short time. You will get the phone box, charger, and original phone cover, everything. Global set, official phone in Bangladesh"
Xiaomi Redmi Note 15 128 GB,24500,Used,"Dhaka, Savar",1 day ago,https://bikroy.com/savar/mobile-phones/xiaomi-redmi-note-15-128-gb-mBPdYmaBHVS4NK6OCsEMQkB4.html,3,2026-09-29T10:45:17.395484+00:00,individual,"Assalamu Alaikum.
Redmi Note 15 4G – 6GB RAM / 128GB ROM for sale
 Phone in absolute Fresh Condition
 No issues
 Original Box + Charger + Accessories will be included
 Official Bangladesh Unit
 You can inspect and purchase in person
 Price: ৳24,500 (Negotiable)
 Location: Dhamrai, Dhaka
Serious buyers only, please contact."
Xiaomi Civi 1S 256 GB,16999,Used,"Dhaka, Banglamotor",7 hours ago,https://bikroy.com/banglamotor/mobile-phones/xiaomi-civi-1s-256-gb-2X4eqaJIzEWJ1uin3jIuR2pe.html,5,2026-09-29T10:45:17.913272+00:00,individual,"ফারাজ টেলিকম 
শপ  নং ২০৫, নাহার প্লাজা, 
হাতিরপুল, বাংলামোটর,ঢাকা

প্রতিটা ফোনের সাথে পাবেন ১০ দিনের রিপ্লেসমেন্ট গ্যারান্টি ২ বছরের সার্ভিস ওয়ারেন্টি।"
Xiaomi Redmi 13 128 GB Black,16000,Used,"Dhaka, Baridhara",8 hours ago,https://bikroy.com/baridhara/mobile-phones/xiaomi-redmi-13-128-gb-black-pzAAjD0ZfrpYbTgIIC8vnySC.html,4,2026-09-29T10:45:18.641950+00:00,individual,"Redmi 13, without box, full fresh condition."
Xiaomi Redmi Note 14 Pro 5G 256 GB White,26500,Used,"Dhaka, Jatrabari",1 hour ago,https://bikroy.com/jatrabari/mobile-phones/xiaomi-redmi-note-14-pro-5g-256-gb-white-q7jzgdiMlisGRuTWdnAJFTSD.html,3,2026-09-29T10:45:19.322155+00:00,individual,"Redmi note 14 pro 5g.
Ram - 12 gb.
Rom - 256 gb.
Full box."
New Xiaomi Redmi 15C 256 GB Gray,16000,Brand New,"Dhaka, Savar",25/09,https://bikroy.com/savar/mobile-phones/new-xiaomi-redmi-15c-256-gb-gray-fjV0FZLzTG7u239zHBybjxgj.html,3,2026-09-29T10:45:20.352630+00:00,individual,"Completely brand new phone, there are no problems with the phone, you will get everything with the phone"
Xiaomi Poco F3 128 GB Blue,17500,Used,"Dhaka, Jatrabari",1 day ago,https://bikroy.com/jatrabari/mobile-phones/xiaomi-poco-f3-128-gb-blue-pFEWYzp2Zw7tvU4qizvIECHw.html,5,2026-09-29T10:45:20.684799+00:00,individual,"Poco F3
6-128
Full Fresh Condition 
Full Box
Specs
Snapdragon 870
Battery 4520
33watt Charger
Price Fixed
Location Saydabad, Dhaka"
Xiaomi Civi 2 256 GB Black,20990,Used,"Dhaka, Shyamoli",8 hours ago,https://bikroy.com/shyamoli/mobile-phones/xiaomi-civi-2-256-gb-black-eYCxOR1PzoMbieAsiLXITIZc.html,5,2026-09-29T10:45:21.408344+00:00,individual,"Maa Enterprise - Smart Zone.
Shyamoli Khan Plaza Mobile Market.
Shop No (22) Ring Road - Shyamoli
Mohammadpur - Dhaka - 1207. 019XXXXXXXX"
Xiaomi Civi 2 256 GB,21990,Used,"Dhaka, Savar",5 hours ago,https://bikroy.com/savar/mobile-phones/xiaomi-civi-2-256-gb-aU5853DRlZ7tuJ0rOeX052U4.html,5,2026-09-29T10:45:21.806774+00:00,individual,"The Xiaomi CIVI 2 is a perfect combination of attractive design and great performance. The phone has been used with extreme care; there are no scratches or dents on the body. It is in fresh, like-new condition.
 Location: Savar Nabinagar Sena Shopping Complex, Shop No. D43
Genuine buyers please inbox or call directly. Please do not bargain unnecessarily. Thank you!"
New Xiaomi Civi 1S 256 GB,16990,Brand New,"Dhaka, Mohammadpur",1 hour ago,https://bikroy.com/mohammadpur/mobile-phones/new-xiaomi-civi-1s-256-gb-oMVixP3iFAj77nKGsTiEeFX6.html,5,2026-09-29T10:45:22.322791+00:00,individual,"8+128 GB=16990/=
12+256 GB=18990/=
Xiaomi Civi-1
7 Days Replacement Guarantee 2 Years Free Service Warranty 
No scratches or dirt 
Looks like new
Used abroad 
Our Address 

Mobile Plaza 
Shyamoli Tower Complex Market 
2nd Floor, Shop No. 13, 14
Market right beside Shyamoli Bus Stand and Foot Overbridge 
Shyamoli Mohammadpur Dhaka"
Samsung Galaxy S24 Ultra 256 GB Silver,78000,Used,"Rajshahi, Shaheb Bazar",21/09,https://bikroy.com/shaheb-bazar/mobile-phones/samsung-galaxy-s24-ultra-256-gb-silver-1JoojejbPNNMuQ3Y7dXGUOEk.html,5,2026-09-29T10:45:23.519181+00:00,individual,Fresh phone.. No problem.... All parts original... Will provide NID card for security
Samsung Galaxy S26 Ultra 5G 512 GB Blue,115000,Used,"Rajshahi, Shaheb Bazar",4 hours ago,https://bikroy.com/shaheb-bazar/mobile-phones/samsung-galaxy-s26-ultra-5g-512-gb-blue-3tUSQVNHO7P9apzxgC7PxJcd.html,3,2026-09-29T10:45:23.690977+00:00,individual,"Samsung S26 Ultra, 12GB RAM, 512GB storage. Super condition. 7 days replacement guarantee. 1 year service warranty. #exchange possible. Our Address: Smart Choice, Shop No. 211, City Center, Beside Rajshahi College, Sonadighi Mor, Rajshahi. Call for any details:"
Samsung Galaxy S24 Ultra 256 GB Gray,77000,Used,"Rajshahi, Rajpara",02/09,https://bikroy.com/rajpara/mobile-phones/samsung-galaxy-s24-ultra-256-gb-gray-s9oUAIhUtjVoHuZnq6MMbJlK.html,3,2026-09-29T10:45:24.087995+00:00,individual,12/256 gb. Full fresh with full box.
Samsung Galaxy S24 Ultra 512 GB Blue,80000,Used,"Rajshahi, Boalia",22/09,https://bikroy.com/boalia/mobile-phones/samsung-galaxy-s24-ultra-512-gb-blue-cwqLJ10NcRmSkDbrECgHTAAH.html,4,2026-09-29T10:45:24.921320+00:00,individual,"There is no problem with the phone, you can take it after checking. I will shift to iPhone so I will sell the phone. The phone is seven-eight months old. The phone has a full box. The phone is poly-coated, the poly has not been removed yet"
Samsung Galaxy S24 Ultra 256 GB Gold,72000,Used,"Rajshahi, Kadirgonj",8 hours ago,https://bikroy.com/kadirgonj/mobile-phones/samsung-galaxy-s24-ultra-256-gb-gold-8KEL3eEgbxifCQjsARsF0JDD.html,5,2026-09-29T10:45:25.440546+00:00,individual,"Assalamu Alaikum Warahmatullahi Wabarakatuh
Fresh condition
Box: Only Device
Cash Memo: Available
Replacement Guarantee: Get up to 7 days (conditions apply)
Location: Rajshahi Kadirganj Chalpotti, beside Large Farmer, behind Swapnochura Plaza Nagar Bhaban.
Shop No: 123 - Ground floor beside lift
Shop Name: Rajshahi Mobile Bari 019XXXXXXXX"
Samsung Galaxy S25 Ultra 256 GB Black,90000,Used,"Rajshahi, Nawdapara",23/09,https://bikroy.com/nawdapara/mobile-phones/samsung-galaxy-s25-ultra-256-gb-black-lgQLczXQosCJ2EqXJ47flr7Y.html,3,2026-09-29T10:45:26.422423+00:00,individual,"1000% Fresh. Showroom condition. Not a single hair-line scratch. Laminated with poly since the time of purchase. Comes with the original charger.
Check and test it for as long as you want.
Whatever you ask for security purposes will be provided.
Call directly if you want to"
New Samsung Galaxy S24 Ultra 256 GB Black,70000,Brand New,"Rajshahi, Rajpara",23/09,https://bikroy.com/rajpara/mobile-phones/new-samsung-galaxy-s24-ultra-256-gb-black-C5nNwcTigbQ8QaUIYwE6ymyQ.html,5,2026-09-29T10:45:26.923360+00:00,individual,"Very good condition
Performance is completely top-notch"
Samsung Galaxy S24 Ultra 256 GB Silver,71000,Used,"Rajshahi, Kadirgonj",8 hours ago,https://bikroy.com/kadirgonj/mobile-phones/samsung-galaxy-s24-ultra-256-gb-silver-sJppHyTsbzJ0Ks7VIoYFGSaD.html,5,2026-09-29T10:45:27.437864+00:00,individual,"Assalamu Alaikum wa Rahmatullahi wa Barakatuh
Fresh Condition
Box: Only Device
Cash Memo: Available
Replacement Guarantee: Get up to 7 days (conditions apply)
Location: Rajshahi Kadirganj Chalpotti, beside Large Farmer, behind Swapnochura Plaza Nagar Bhaban.
Shop No: 123 - Ground Floor beside the lift
Shop Name: Rajshahi Mobile Bari 019XXXXXXXX"
Samsung Galaxy S23 Ultra 256 GB Gray,52000,Used,"Rajshahi, Kazla",05/09,https://bikroy.com/kazla/mobile-phones/samsung-galaxy-s23-ultra-256-gb-gray-dDvoPueMFVcMhgJnE6FVep3b.html,3,2026-09-29T10:45:27.802091+00:00,individual,100% fress dakhe niben
Samsung Galaxy Z Fold 5 512 GB Black,50000,Used,"Rajshahi, Hatemkha",03/09,https://bikroy.com/hatemkha/mobile-phones/samsung-galaxy-z-fold-5-512-gb-black-7QsCSHU9qxgDFgtSqDGaGbg9.html,4,2026-09-29T10:45:28.519233+00:00,individual,samsung z fold 5 12/512 all ok location rajshahi jekono sequrity dewa jabe   vlo phon pele exchange kora jbe
Samsung Galaxy S24 Ultra 256 GB White,87000,Used,"Rajshahi, Shaheb Bazar",5 hours ago,https://bikroy.com/shaheb-bazar/mobile-phones/samsung-galaxy-s24-ultra-256-gb-white-p7bmoGm97s1ouC3sSJuomc5V.html,4,2026-09-29T10:45:28.845141+00:00,individual,"Samsung S25 Ultra 
12 / 256 
Super condition 
7 days replacement guarantee  
1 year service warranty  
#exchange possible 
Our Address :
Smart Choice , Shop No. 211 , 
City Center , Beside of Rajshahi College , Sonadigir Mor, Rajshahi
Call for any details:"
Samsung Galaxy S24 Ultra 256 GB Black,74900,Used,"Rajshahi, Shaheb Bazar",01/09,https://bikroy.com/shaheb-bazar/mobile-phones/samsung-galaxy-s24-ultra-256-gb-black-6ccDxNtB0TzJifILDioNAjPK.html,5,2026-09-29T10:45:29.424514+00:00,individual,"Used for 8months,no single scratches or dent.full fresh condition like new. Used very carefully,with back poly, back cover & screen protector.Everything is ok.New phone kinbo tai sell korci."
New Samsung Galaxy S24 Ultra 512 GB Black,74500,Brand New,"Rajshahi, Shaheb Bazar",31/08,https://bikroy.com/shaheb-bazar/mobile-phones/new-samsung-galaxy-s24-ultra-512-gb-black-isGTmyKd1fsh8KIRagRJfsvm.html,5,2026-09-29T10:45:30.105761+00:00,individual,"📱 Samsung Galaxy S24 Ultra — 512GB 🔥

✅ Model: Samsung S24 Ultra
💾 Storage: 512GB
🏪 Shop Name: City Gadget
📍 Location: Rajshahi City Center, 215 Shop
💯 ফোন দেখতে ও ব্যবহার করতে সরাসরি দোকানে আসতে পারবেন।

💰 Price: ৭৪,০০০ টাকা

📩 আগ্রহী হলে Inbox করুন অথবা সরাসরি লোকেশনে এসে দেখে নিন।
📞 যোগাযোগ 018XXXXXXXX"
Samsung Galaxy S24 256 GB Yellow,49500,Used,"Rajshahi, Paba",23/09,https://bikroy.com/paba/mobile-phones/samsung-galaxy-s24-256-gb-yellow-9TEz3URCrakCCKO3t3ED7bgg.html,5,2026-09-29T10:45:30.773047+00:00,individual,"Full fresh condition, no problems at all. Everything is original. Bought six months ago for 53,000, cash memo is available. Selling because I need money. The phone performance is totally top-notch.
Asking price-49,500/-(only phone)
Charger and power bank are available. If you take the phone, I will let those go at a 50% discount."
New Samsung Galaxy S23 FE 256 GB Black,35000,Brand New,"Rajshahi, Nawdapara",1 day ago,https://bikroy.com/nawdapara/mobile-phones/new-samsung-galaxy-s23-fe-256-gb-black-n3ceqKdAhlUSUslWmzM35gBH.html,5,2026-09-29T10:45:31.320883+00:00,individual,Used for 4 months
Samsung Galaxy S21 FE 5G 128 GB Gray,18500,Used,Rajshahi,01/09,https://bikroy.com/rajshahi/mobile-phones/samsung-galaxy-s21-fe-5g-128-gb-gray-nsZdBr2QWShGcxKfKSr15kz4.html,5,2026-09-29T10:45:32.256554+00:00,individual,"Samsung Galaxy S21 FE
✅ Model: Samsung Galaxy S21 FE
✅ RAM: 8GB
✅ Storage: 128GB
✅ Display: 6.4”, 120Hz
✅ 5G Supported
✅ Wi-Fi 6 Supported
✅ Fingerprint Sensor
✅ Phone performance & overall condition ভালো
💰 Price: ৳18500
📍 Location: Rajshahi
📩 Interested হলে Inbox করুন।
⚠️ অযথা দামাদামি না করার অনুরোধ। Genuine buyer হলে দেখে-শুনে নিতে পারবেন।"
Samsung Galaxy S21 5G 256 GB Purple,22000,Used,"Rajshahi, Motihar",25/09,https://bikroy.com/motihar/mobile-phones/samsung-galaxy-s21-5g-256-gb-purple-5Db29E34KKOPkChXveRN45ba.html,5,2026-09-29T10:45:32.688160+00:00,individual,টাকার দরকার এজন্য সেল দিচ্ছি ফোন দেখতে হলে অবশ্যই লোকেশনে এসে দেখেশুনে চেক করে নিয়ে যাবেন ধন্যবাদ
Samsung Galaxy S21 FE 5G 128 GB Purple,18000,Used,"Rajshahi, Tanore",1 day ago,https://bikroy.com/tanore/mobile-phones/samsung-galaxy-s21-fe-5g-128-gb-purple-xjRNa6B7hU1wYRRXp4n4rHcb.html,5,2026-09-29T10:45:33.408433+00:00,individual,"Model: Samsung S21 FE
RAM & ROM: 8/128
Completely fresh phone, all parts original. Only has cover usage marks on the body. Apart from that, there are no issues. You can check thoroughly before buying. NID can be provided as security.
Location: Tanore, Rajshahi"
Samsung Galaxy Note 10 Plus 256 GB Black,30500,Used,"Rajshahi, Puthia",23/09,https://bikroy.com/puthia/mobile-phones/samsung-galaxy-note-10-plus-256-gb-black-5gl1n5cymTNDQe2qbQ3CND1t.html,5,2026-09-29T10:45:34.906680+00:00,individual,"Samsung Galaxy Note 10+... 
Only phone no box. 
All ok no repair history 95% full fresh condition... all parts original... full details inbox & Whatsapp and contact number 019XXXXXXXX"
Samsung Galaxy S22 Ultra 256 GB Pink,25000,Used,"Rajshahi, Mohanpur",19 hours ago,https://bikroy.com/mohanpur/mobile-phones/samsung-galaxy-s22-ultra-256-gb-pink-7ZzlPupDZFm4RvwsQBU333tp.html,4,2026-09-29T10:45:34.918143+00:00,individual,"The phone's motherboard has a dead issue, everything else is okay."
Samsung Galaxy F55 128 GB Black,25000,Used,"Rajshahi, Godagari",4 hours ago,https://bikroy.com/godagari/mobile-phones/samsung-galaxy-f55-128-gb-black-is4YTzq0mASmgOcoURiu5Lt8.html,3,2026-09-29T10:45:35.335210+00:00,individual,"Full address, Kakanhat, Godagari, Rajshahi"
Samsung Galaxy S20 Ultra 5G 128 GB Black,23990,Used,"Rajshahi, Shaheb Bazar",11/09,https://bikroy.com/shaheb-bazar/mobile-phones/samsung-galaxy-s20-ultra-5g-128-gb-black-nyYF4vcbRnEqThfGqCCq8bNv.html,4,2026-09-29T10:45:36.087518+00:00,individual,"No issues with this phone.

WhatsApp only at 014XXXXXXXX"
Samsung Galaxy S23 FE 128 GB,27500,Used,"Rajshahi, Shaheb Bazar",16/09,https://bikroy.com/shaheb-bazar/mobile-phones/samsung-galaxy-s23-fe-128-gb-7DcwWhEawXDOpdQwnYWreXH6.html,5,2026-09-29T10:45:36.330325+00:00,individual,"Exchange with iPhone 12 Pro bypass 
Or 
iPhone 13 bypass 
Battery Health 85+"
Samsung Galaxy A35 128 GB Pink,18500,Used,"Rajshahi, Boalia",26/09,https://bikroy.com/boalia/mobile-phones/samsung-galaxy-a35-128-gb-pink-paYQDgZdZBWibHQ9C1rI288r.html,5,2026-09-29T10:45:36.973561+00:00,individual,"Samsung Galaxy A35 5G everything is original. Only settings won't Reset. Indian installment locked phone. There is no box or charger with the phone. It is in completely fresh condition. I need money, so I will sell it urgently."
Samsung Galaxy F17 5G 128 GB Black,18500,Used,"Rajshahi, Kadirgonj",4 hours ago,https://bikroy.com/kadirgonj/mobile-phones/samsung-galaxy-f17-5g-128-gb-black-pQgQGmGX4eHS7QgdUhiztrRp.html,3,2026-09-29T10:45:37.672081+00:00,individual,"Welcome to Phone Deal Point! 📱✨

Visit our new location today to buy smartphones and gadgets at the best prices!

📍 Address:

Phone Deal Point

Kadirganj, Shopna Chura Plaza (2nd Floor, Shop No.- 259), Rajshahi."
New Samsung Galaxy A15 5G 256 GB White,18999,Brand New,"Rajshahi, Vodra",5 hours ago,https://bikroy.com/vodra/mobile-phones/new-samsung-galaxy-a15-5g-256-gb-white-khjzStvu9IVYXPSkuoRxP6hS.html,5,2026-09-29T10:45:38.474364+00:00,individual,"Experience smart design and incredible performance with the Samsung A15, your perfect choice.

Limited stock – first come, first served!
Our Address: Baneswar Shibpur Hat, Puthia, Rajshahi
100% Trustworthiness
Right price, right product
FAHIM mobile zone, your trusted mobile shop"
Samsung Galaxy S23 Ultra 256 GB White,46000,Used,"Rajshahi, Kazla",17/09,https://bikroy.com/kazla/mobile-phones/samsung-galaxy-s23-ultra-256-gb-white-fMZ8reZ7xZbSVa18OiBdY65W.html,5,2026-09-29T10:45:39.170552+00:00,individual,"Device Description
Model: Samsung Galaxy S23 Ultra 5G (Indian Variant)
RAM & Storage: 12GB RAM / 256GB Storage
Color: Cream
Condition: Absolutely fresh, no major scratches or dents (used with cover and glass protector).
Performance: Camera, display, S-Pen, speaker and battery 100% OK.
Price: 46,000 Taka
Location: Rajshahi,
Contact 017XXXXXXXX"
New Samsung Galaxy S20+ 5G 256 GB Blue,22000,Brand New,"Rajshahi, Nawdapara",01/09,https://bikroy.com/nawdapara/mobile-phones/new-samsung-galaxy-s20-5g-256-gb-blue-tJfheCLFodkvT5znEt7M8wzo.html,4,2026-09-29T10:45:39.675134+00:00,individual,ফোন একেবারে ওকে।  কোনই সমস্যা নাই। ফোনের অরজিনাল ডিসপ্লে । মাদারবোর্ডে কোন কাজ করা নাই। কেউ নিতে চাইলে এই নাম্বারে ফোন দিবেন 017XXXXXXXX
Samsung S26 ULTRA 12/256 NEW (Brand New),138000,Brand New,"Chattogram, Chawkbazar",5 hours ago,https://bikroy.com/chawkbazar/mobile-phones/samsung-s26-ultra-12-256-new-brand-new-2WxjmLrCfvcfsaNHyOY3dzvR.html,0,2026-09-29T10:45:40.460561+00:00,individual,"🔳 INTACT SEAL PACK 
🔳 Storage: 12/256GB
🔳 Colour: BLUE
◾ Box And Original Cable


🔰 Our Speciality......................................

◾Original & Non-Refurbished Product
◾Emi Facilities Available*
◾Accept Visa, Master Card
◾Delivery Facility inside & Outside ctg.
◾Phone Exchange Facilities*
◾Our All Product 7 Days replacement And 1 year Service Warranty



🔰 Our Showroom Address:


Rony Enterprise (Since 2007)
Bali Arcade Shopping Center
4th Floor, Shop no 03(infront of chawkbazar Post Office
Sirajuddula Road, Chawkbazar, Chattogram Show more"
Samsung Galaxy S24 Ultra 256 GB Black,85000,Used,"Chattogram, Agrabad",19/07,https://bikroy.com/agrabad/mobile-phones/samsung-galaxy-s24-ultra-256-gb-black-6tG5zsRVYCqTAF5F626HmuwZ.html,5,2026-09-29T10:45:41.076608+00:00,individual,Phone like new. No repair history. Box nai but any kind of security dewa Jabe. Everything works perfectly.Location must.
Samsung Galaxy Z Flip6 512 GB White,130000,Used,"Chattogram, Mirsharai",08/08,https://bikroy.com/mirsharai/mobile-phones/samsung-galaxy-z-flip6-512-gb-white-4YS26EPVWOGhTN4W2Scx1hHv.html,3,2026-09-29T10:45:41.654409+00:00,individual,"Used for two months, still fully fresh, no problems with the mobile, like new"
Samsung Galaxy S24 512 GB Black,84990,Used,"Chattogram, CDA Avenue",4 hours ago,https://bikroy.com/cda-avenue/mobile-phones/samsung-galaxy-s24-512-gb-black-dJz194axAQNfQVFkz3a2lh5l.html,2,2026-09-29T10:45:42.168258+00:00,individual,"Samsung Galaxy S24 Ultra (12GB / 512GB). Only used for a few months. Ready stock. Get 20% extra trade-in value for your old phone! Warranty benefits: 15-day replacement guarantee, lifetime service warranty. Call now: Finlay Square, Level-4, Shop-406, 2 No Gate, Nasirabad, Chattogram"
Samsung Galaxy S24 Ultra 256 GB Silver,83000,Used,"Chattogram, Agrabad",09/05,https://bikroy.com/agrabad/mobile-phones/samsung-galaxy-s24-ultra-256-gb-silver-kh0pyyOSp9vMh32h4kTV7h0k.html,3,2026-09-29T10:45:42.534755+00:00,individual,"• Full fresh - not a single scratch
• Full box available (IMEI & Serial. matched)
• 12GB RAM / 256GB Storage
• Official phone
• First owner (personal use)
• Price fixed
• With original 45W adapter + cable
Serious buyers only inbox me."
Samsung Galaxy S25+ 12/256GB FULL BOX (Used),85000,Used,"Chattogram, Chawkbazar",4 hours ago,https://bikroy.com/chawkbazar/mobile-phones/samsung-galaxy-s25-12-256gb-full-box-used-uRUdDTM73SzH6xroD0NgA4Pf.html,0,2026-09-29T10:45:43.037213+00:00,individual,"🔳 TWO MONTH USED ONLY AS LIKE AS NEW CONDITION
🔳 Storage: 12/256gb
🔳 Colour: SILVER
◾ Original Cable AND BOX

🔰 Our Speciality......................................

◾Original & Non-Refurbished Product
◾Emi Facilities Available*
◾Accept Visa, Master Card
◾Delivery Facility inside & Outside ctg.
◾Phone Exchange Facilities*
◾ All Products Original And Genuine.
◾Our All Product 7 Days replacement And 1 year Service Warranty



🔰 Our Showroom Address:


Rony Enterprise (Since 2007)
Bali Arcade Shopping Center
4th Floor, Shop no 03(infront of chawkbazar Post Office
Sirajuddula Road, Chawkbazar, Chattogram Show more"
Samsung Galaxy S24 Ultra 256 GB Silver,86000,Used,"Chattogram, Double Mooring",25/06,https://bikroy.com/double-mooring/mobile-phones/samsung-galaxy-s24-ultra-256-gb-silver-8PXh2Gu03AJT1bB0ruDMJrMv.html,5,2026-09-29T10:45:44.171072+00:00,individual,Comes with the original charging cable (unused) and 4 premium covers.
Samsung Galaxy S24 Ultra 256 GB Gray,80000,Used,"Chattogram, Kotwali, Chattogram",09/09,https://bikroy.com/kotwali/mobile-phones/samsung-galaxy-s24-ultra-256-gb-gray-gcyFfIPIhuTAarznCVVyoFMf.html,3,2026-09-29T10:45:44.591398+00:00,individual,"Contract - 
(Wp)
Used
Condition
No cracks
Physical Condition
256 GB
Internal Storage
12 GB
Ram
No
Card Slot
Triple 200 MP / 50 MP / 10 MP
Main Camera
12 MP
Selfie Camera
6.8 inches
Screen Size
1440 x 3120
Resolution
AMOLED
Display Type
Dual Nano-SIMs and eSIM
SIM
Android
Operating System
5000 mAh
Battery
Gray
Color"
New Samsung Galaxy S25 Ultra 256 GB Black,99999,Brand New,"Chattogram, CDA Avenue",7 hours ago,https://bikroy.com/cda-avenue/mobile-phones/new-samsung-galaxy-s25-ultra-256-gb-black-dQ7YRE6nbI0M4sGPgYb5KYy9.html,3,2026-09-29T10:45:45.707402+00:00,individual,"Brand new Intech box! 
12GB/256GB
Black color

ক্রেডিট কার্ড এর মাধ্যমে ২০ টির অধিক ব্যাংকে ৩৬ মাস পর্যন্ত EMI এর সুবিধা রয়েছে। (*শর্ত প্রযোজ্য*)"
Samsung Galaxy S25 Ultra 256 GB Blue,103000,Used,Chattogram,11/05,https://bikroy.com/chattogram/mobile-phones/samsung-galaxy-s25-ultra-256-gb-blue-wBM6eUgeyaTvVHJYvkIn3vle.html,3,2026-09-29T10:45:45.963518+00:00,individual,Brand new condition. Not a single scratch. Used for three months. Box and cable included. You must come to my residence for the location. Price is almost fixed.
Samsung Galaxy S24 Ultra (Used),90000,Used,"Chattogram, Khulshi",23/04,https://bikroy.com/khulshi/mobile-phones/samsung-galaxy-s24-ultra-used-7CO4BEAXvKuCTvUK7J1NNbx6.html,3,2026-09-29T10:45:46.653040+00:00,individual,"100% fresh.
Full boxed. Not a single spot. Original cable.
With premium phone case."
Samsung Galaxy S24 Ultra 256 GB Silver,79000,Used,"Chattogram, Kotwali, Chattogram",20/07,https://bikroy.com/kotwali/mobile-phones/samsung-galaxy-s24-ultra-256-gb-silver-aQUrdG3t6ifUqQH27YqbQyQq.html,3,2026-09-29T10:45:47.272292+00:00,individual,No issues. Everything is original. The mobile has a screen protector and a lens protector applied. The memo will be provided with the mobile. You must come to the location to pick up the mobile.
Samsung Galaxy S24 Ultra 256 GB,79999,Used,"Chattogram, Muradpur",8 hours ago,https://bikroy.com/muradpur/mobile-phones/samsung-galaxy-s24-ultra-256-gb-ARLo6IJ0uVoJnUMQDwWnr42H.html,4,2026-09-29T10:45:47.734319+00:00,individual,"Samsung Galaxy S24 Ultra
12GB RAM / 256GB
Full Box
TDRA Dual SIM
Snapdragon 8 Gen 3
200MP Quad Camera with OIS & 100X Space Zoom
12MP Selfie Camera
Battery: 5000mAh
Benefits:
15-day replacement guarantee
Device – Shop No: 319, 3rd Floor
CPDL RB Midtown Market, Muradpur, Chattogram"
New Samsung Galaxy s26 256 GB,114999,Brand New,"Chattogram, CDA Avenue",7 hours ago,https://bikroy.com/cda-avenue/mobile-phones/new-samsung-galaxy-s26-256-gb-mkbvfDnmZI7W37nvy1yxJadN.html,4,2026-09-29T10:45:48.123576+00:00,individual,"Display: 6.9"" QHD+ Dynamic LTPO AMOLED 2X, 120Hz, HDR10+, 2600 nits (peak)
Processor: Snapdragon 8 Elite Gen 5, 
Camera: 200MP Wide, 50MP Ultrawide, 10MP 3x, 50MP 5x Telephoto, 12MP Selfie, 8K video recording
Battery: Li-Ion 5000 mAh battery,
Enjoy EMI facilities up to 36 months through credit cards from over 20 banks. (*Conditions apply*)"
Samsung Galaxy S23 Ultra 256 GB Rose Gold,42000,Used,"Chattogram, Pahartali",15/09,https://bikroy.com/pahartali/mobile-phones/samsung-galaxy-s23-ultra-256-gb-rose-gold-sDO2ZUM3WXE7Qp0kooIHd5HU.html,5,2026-09-29T10:45:48.829922+00:00,individual,"Samsung S23 Ultra 
Storage 256 GB 
Phone is in absolute fresh condition, used like new.
Just a small mark on the display caused by a key hit in the pocket... S Pen occasionally disturbs a bit, otherwise everything is okay...
Memo will be provided with the phone...
Must come to the location if you want to buy the phone."
Samsung Galaxy S24 Ultra 256 GB Gray,75990,Used,"Chattogram, CDA Avenue",5 hours ago,https://bikroy.com/cda-avenue/mobile-phones/samsung-galaxy-s24-ultra-256-gb-gray-BhbPjfr2kdancDStmRasDquV.html,3,2026-09-29T10:45:49.439983+00:00,individual,"S24 ultra 12/256 
Duel sim
full fresh 
14 days replacement gurranty 1year service warranty 
Decent,finlay square ,4th ,floor,406
call us 018XXXXXXXX"
Samsung Galaxy Z Fold4 256 GB,28500,Used,"Chattogram, Alankar",23/09,https://bikroy.com/alankar/mobile-phones/samsung-galaxy-z-fold4-256-gb-3GQeEPGfsD84SO082gPEbW3U.html,4,2026-09-29T10:45:49.915364+00:00,individual,সামনের ডিসপ্লে তে ২টা লাইন আছে
New Samsung Galaxy S24 Ultra 256 GB Blue,58000,Brand New,"Chattogram, Double Mooring",25/09,https://bikroy.com/double-mooring/mobile-phones/new-samsung-galaxy-s24-ultra-256-gb-blue-ddLGQcbGQUhQXQAEiSHXFOh2.html,4,2026-09-29T10:45:50.618319+00:00,individual,"Samsung s 24 ultra with box
256 gb
All okh
Note: Display change only.
Other okh
Location: East Madarbari, Chattogram 
Location must
Contact 015XXXXXXXX"
Samsung Galaxy A56 256 GB Green,35500,Used,"Chattogram, Muradpur",8 hours ago,https://bikroy.com/muradpur/mobile-phones/samsung-galaxy-a56-256-gb-green-IO3H8Zlmn3Mr2TAtBrcmSSB.html,3,2026-09-29T10:45:51.426856+00:00,individual,"Samsung Galaxy A56 5G
 8GB RAM / 256GB Storage
 Full Box
 6.7"" FHD+ Super AMOLED Display
 120Hz Refresh Rate
 Exynos 1580 Processor
 50MP OIS Main Camera
 Benefits:
 15-day replacement guarantee
 Shop No: 319, 3rd Floor
 CPDL RB Midtown Market, Muradpur, Chittagong (Next to Makkah Hotel)"
Samsung Galaxy S24 256 GB Black,42000,Used,"Chattogram, New Market, Chattogram",01/09,https://bikroy.com/new-market/mobile-phones/samsung-galaxy-s24-256-gb-black-C0sS7vNgpXQgNpwhtOEL5Xtw.html,3,2026-09-29T10:45:51.575428+00:00,individual,একটি Samsung S24 মোবাইল ফোন আর্জেন্ট বিক্রয় করা হবে
Samsung Galaxy A35 128 GB Rose Gold,23500,Used,"Chattogram, Muradpur",7 hours ago,https://bikroy.com/muradpur/mobile-phones/samsung-galaxy-a35-128-gb-rose-gold-zWazxEKXz7vMJJvMer6BmmzD.html,3,2026-09-29T10:45:52.321284+00:00,individual,"Samsung galaxy A35 5G 
8/128
Full box... 
 সুবিধা:
 ১৫ দিনের রিপ্লেসমেন্ট গ্যারান্টি
 Device – 
 Shop No: 319, 3rd Floor (Lift 2 )
 CPDL RB Midtown Market, মুরাদপুর, চট্টগ্রাম (মক্কা হোটেলের পাশে)"
Samsung Galaxy A73 5G 128 GB Gray,25000,Used,"Chattogram, Halishahar",12/09,https://bikroy.com/halishahar/mobile-phones/samsung-galaxy-a73-5g-128-gb-gray-iLcH9OvMaqzu0icrPiQiUOZZ.html,5,2026-09-29T10:45:52.962349+00:00,individual,"Display finger print 100% ok
Super amoled display. Network-5g
RAM 8GB. 128GB. . Android version -16 ... Front camera -32
Back camera =108+12+5+5
Those who want to make Facebook videos can get it. Best camera, charge will last at least 1 day.
Dual speaker. Sound quality is very good."
Samsung Galaxy S24 Ultra 256 GB Black,75990,Used,"Chattogram, Chawkbazar",4 hours ago,https://bikroy.com/chawkbazar/mobile-phones/samsung-galaxy-s24-ultra-256-gb-black-5ora4ajEP6XBgOPqfVpEWN19.html,5,2026-09-29T10:45:53.691615+00:00,individual,"Samsung Galaxy S24 Ultra. Only few days used | Full fresh condition. 12GB RAM | 256GB Storage. Flagship Pro Camera. Premium Titanium Design. Super smooth performance. Price: 75,990৳"
Samsung Galaxy S25 512 GB Blue,70000,Used,"Chattogram, Sitakunda",10/09,https://bikroy.com/sitakunda/mobile-phones/samsung-galaxy-s25-512-gb-blue-nB8QnLaUgmzxJ1YtfErK8Bbr.html,5,2026-09-29T10:45:54.417382+00:00,individual,"Samsung S25 12/512GB, only phone and cash memo.
Exchange only, no sale: Samsung S24 Ultra / iPhone 15 Pro / Vivo X200 Pro Global variant.
The mobile has not a single spot of issue, fully fresh with lamination, check as much as you like. The mobile was bought from abroad so the box couldn't be brought, but cash memo is available.
Don't bother with unnecessary lowball offers, inbox if you really want to buy."
New Samsung Galaxy S21 5G 128 GB Black,70000,Brand New,"Chattogram, Nasirabad",05/09,https://bikroy.com/nasirabad/mobile-phones/new-samsung-galaxy-s21-5g-128-gb-black-5Qt5ue2Pt56HOlEqR5jpmJwj.html,5,2026-09-29T10:45:54.869830+00:00,individual,New use hoi ni.box shoho ase. Deke check kore nite parbn.just colour deker jonno kula hoica
Samsung Galaxy S21 FE 5G 128 GB Blue,24000,Used,"Chattogram, Agrabad",4 hours ago,https://bikroy.com/agrabad/mobile-phones/samsung-galaxy-s21-fe-5g-128-gb-blue-k3bguO7oc0z9ll06t9JkuMyj.html,3,2026-09-29T10:45:55.257316+00:00,individual,"Set is in fully fresh condition. RAM 8GB, Storage 128GB. Comes with charger."
Samsung Galaxy S23+ 256 GB Black,26000,Used,"Chattogram, Halishahar",22/09,https://bikroy.com/halishahar/mobile-phones/samsung-galaxy-s23-256-gb-black-kv1x9rIFviucJN2IFUD938lU.html,5,2026-09-29T10:45:55.684508+00:00,individual,"Selling my Samsung Galaxy S23 Plus, used for 1.5 years.
Key Specifications:
* Storage/RAM: 8GB RAM / 256GB ROM
* Processor: Snapdragon 8 Gen 2 for Galaxy"
Samsung Galaxy S24 FE 256 GB Blue,41000,Used,"Chattogram, Agrabad",5 hours ago,https://bikroy.com/agrabad/mobile-phones/samsung-galaxy-s24-fe-256-gb-blue-b3KeII4Apy4JHQ68F0JlEU0U.html,3,2026-09-29T10:45:56.118408+00:00,individual,"Samsung S24 FE 5g
Set fully fresh conditions 
200% ok set 
Ram 8+128
With charger 
100% genuine phone... Not a single Security issue pls..."
Samsung Galaxy S25 Ultra 512 GB White,102000,Used,"Dhaka, Baridhara",5 hours ago,https://bikroy.com/baridhara/mobile-phones/samsung-galaxy-s25-ultra-512-gb-white-zErySP9Rx83e90DWpP1HJZa0.html,3,2026-09-29T10:45:56.754083+00:00,individual,Samsung S25 Ultra available at Jamuna Future Park.
Samsung Galaxy Z Fold7 512 GB Blue,139990,Used,"Dhaka, Mohammadpur",1 hour ago,https://bikroy.com/mohammadpur/mobile-phones/samsung-galaxy-z-fold7-512-gb-blue-cNJHUf3HgcCpWHmm1xf2BQzR.html,5,2026-09-29T10:45:57.469674+00:00,individual,"Shop Name :Ab international 
Level -06 Shop number-(657,658)
Tokyo Square,Japan garden city, Mohammadpur
Call us for any question
 USED ফোন কিনে নিয়ে আর কোন দুশ্চিন্তা নয় কারণ আমরা দিচ্ছি ১০০% অরিজিনাল এবং অথেন্টিক ফোন। 
৭ দিনের মধ্যে কোনরকম প্রবলেম হলে রিপ্লেস করে দেওয়া হবে( Expect display issues)
এক বছরের ফ্রি সার্ভিস ওয়ারেন্টি"
New Samsung Galaxy S25 Ultra 256 GB Silver,90000,Brand New,"Dhaka, Tongi",2 days ago,https://bikroy.com/tongi/mobile-phones/new-samsung-galaxy-s25-ultra-256-gb-silver-hn1QfWO10SzECwaS008PJopn.html,4,2026-09-29T10:45:58.175731+00:00,individual,"Assalamualaikum. I've only used it for 2 months. I bought it from Saudi Arabia. I came here for two months, but now my company is giving me an exit. Under these circumstances, I can't return to Saudi Arabia and need money immediately, which is why I want to sell my mobile phone. The phone's condition and everything else is good, but I don't have the box, okay? Only the charger."
Samsung Galaxy S25 Ultra 256 GB White,91000,Used,"Dhaka, Baridhara",8 hours ago,https://bikroy.com/baridhara/mobile-phones/samsung-galaxy-s25-ultra-256-gb-white-foWlXuDs3rLYnMo1D46XSZ5n.html,5,2026-09-29T10:45:58.524530+00:00,individual,Samsung S25 ultra 12/256 without box fresh condition
New Samsung Galaxy S26 256 GB,125999,Brand New,"Dhaka, Dhanmondi",8 hours ago,https://bikroy.com/dhanmondi/mobile-phones/new-samsung-galaxy-s26-256-gb-54WuA5W1vi7OFFYUFbSIGobS.html,4,2026-09-29T10:45:59.178394+00:00,individual,"Model: Samsung Galaxy S26 Ultra (SM-S948B/DS) - Dual SIM
Storage / RAM: 256GB ROM / 12GB RAM
Color: Cobalt Violet (Stunning, premium finish)
Origin: Made in Vietnam
Condition: 100% Brand New
Shop name: Tech Emporium
**Find us at:**
Shop 3104, Level 3, Shimanto Shambhar, Dhanmondi.
Call/WhatsApp: ** (Antor)**"
Samsung Galaxy S24 Ultra 256 GB Bronze,80000,Used,"Dhaka, Baridhara",5 hours ago,https://bikroy.com/baridhara/mobile-phones/samsung-galaxy-s24-ultra-256-gb-bronze-3WRG6Ye7jJ13UWZ7rjIZVVVw.html,3,2026-09-29T10:45:59.955607+00:00,individual,Samsung s24 Ultra Jamuna future park
Samsung Galaxy S25 Ultra 256 GB White,88000,Used,"Dhaka, Savar",7 hours ago,https://bikroy.com/savar/mobile-phones/samsung-galaxy-s25-ultra-256-gb-white-1i0HcnNpprwDnaV89lvyrZ6u.html,4,2026-09-29T10:46:00.508202+00:00,individual,"Display:6.9′′ QHD+ Dynamic AMOLED 2X.
Resolution:3120 × 1440
Processor:Snapdragon 8 Elite for Galaxy.
RAM:12GB
Storage:256GB
Main Camera:200MP, OIS, f/1.7
Ultra-wide
50MP, f/1.9
Telephoto:50MP 5× Optical Zoom + 10MP 3× Optical Zoom
Front Camera:12MP
Video:সর্বোচ্চ 8K
Battery:5000mAh
Charging:
45W wired, wireless.
Android 15 + One UI 7
Network:5G"
New Samsung Galaxy Z Flip7 256 GB,97999,Brand New,"Dhaka, Bashundhara City",8 hours ago,https://bikroy.com/bashundhara-city/mobile-phones/new-samsung-galaxy-z-flip7-256-gb-fZNeUOyNH5E3Xz1NMCEwittK.html,3,2026-09-29T10:46:00.990170+00:00,individual,"10 days replacement guarantee
2 years service warranty
Safe courier facility across the country
Attractive exchange offers
Basement-1, Shop-84, Bashundhara City Shopping Mall
Prices are subject to change. Please contact us on WhatsApp before visiting."
Samsung Galaxy S24 Ultra 256 GB Gray,77999,Used,"Dhaka, Bashundhara City",4 hours ago,https://bikroy.com/bashundhara-city/mobile-phones/samsung-galaxy-s24-ultra-256-gb-gray-u4gULggw4GCNAhuR2W74fX0B.html,5,2026-09-29T10:46:01.654596+00:00,individual,"Samsung Galaxy S24 Ultra — Authentic Titanium Gray
12GB RAM / 256GB Storage
Full Boxed
7 Days Replacement without display, parts & condition
Visit Our Shop
Basement-2, Shop No: 94
Basundhara City Shopping Complex
Panthapath Dhaka 1215
You will easily find our shop on your left hand side after getting down the escalator."
Samsung Galaxy S25 Ultra 256 GB Silver,82990,Used,"Dhaka, Mirpur",5 hours ago,https://bikroy.com/mirpur/mobile-phones/samsung-galaxy-s25-ultra-256-gb-silver-BFMaaRPq4Ahd1vWA41j9S2EN.html,5,2026-09-29T10:46:02.228517+00:00,individual,">Adiva Telecom >
Shop No: 34, 3rd Floor, Baghdad Shopping Complex, Mirpur- 1, Dhaka- 1216...
The phone is 100% genuine and we offer a 7-day replacement guarantee and 1-year free service warranty. (Without Parts)
Free courier charge all over Bangladesh
Exchange offer. Discounted price.
100% fresh"
Samsung Galaxy Z Fold7 512 GB Gray,131990,Used,"Dhaka, Mohammadpur",2 hours ago,https://bikroy.com/mohammadpur/mobile-phones/samsung-galaxy-z-fold7-512-gb-gray-aYXYoFAJH3Q1iiNyjHuIhKXW.html,5,2026-09-29T10:46:02.940761+00:00,individual,"Shop Name :Ab international 
Level -06 Shop number-(657,658)
Tokyo Square,Japan garden city, Mohammadpur
Call us for any question

👉 USED ফোন কিনে নিয়ে আর কোন দুশ্চিন্তা নয় কারণ আমরা দিচ্ছি ১০০% অরিজিনাল এবং অথেন্টিক ফোন। 
👉৭ দিনের মধ্যে কোনরকম প্রবলেম হলে রিপ্লেস করে দেওয়া হবে( Expect display issues)
👉এক বছরের ফ্রি সার্ভিস ওয়ারেন্টি"
Samsung Galaxy S24 Ultra 256 GB Gray,76000,Used,"Dhaka, Mirpur",26/09,https://bikroy.com/mirpur/mobile-phones/samsung-galaxy-s24-ultra-256-gb-gray-fDNy7UOH407yIlkbazUXbNnz.html,5,2026-09-29T10:46:03.735901+00:00,individual,"স্যামসাং এস২৪ আল্ট্রা একদম ফ্রেশ কন্ডিশন। একটি আঁচড়ও নেই
 র‍্যাম/রোম: ১২জিবি / ২৫৬
বক্স: অ্যাভেইলেবল
 ব্যাটারি: চমৎকার
 ডিসপ্লে ও ক্যামেরা: পারফেক্ট
 কোনো সমস্যা নেই — সবকিছু ১০০%
 মূল্য: ৳[৭৬০০০]
লোকেশন মিরপুর ২। লোকেশন থেকে নিতে হব{phone=০১৭১৭০৯২৫৩৫}"
Samsung Galaxy S25 Ultra 256 GB Gray,92000,Used,"Dhaka, Baridhara",8 hours ago,https://bikroy.com/baridhara/mobile-phones/samsung-galaxy-s25-ultra-256-gb-gray-BhTJYKJNxR4Nmy56kgeLHHSZ.html,5,2026-09-29T10:46:04.141805+00:00,individual,Full box and in pristine condition.
New Samsung Galaxy S25 Ultra 256 GB Graphite,81999,Brand New,"Dhaka, Savar",2 hours ago,https://bikroy.com/savar/mobile-phones/new-samsung-galaxy-s25-ultra-256-gb-graphite-be4gTCg0MfOczWD7uRxirDFP.html,3,2026-09-29T10:46:05.187942+00:00,individual,"Samsung S25 Ultra 
✨ একদম ফ্রেশ কন্ডিশন! 💯
🔹 কোনো দাগ নেই, খোলা বা সার্ভিসিং হয়নি। পার্টস ১০০% অরিজিনাল।
🎁 সাথে চার্জার ও শপের ক্যাশ মেমো পাবেন।
🛡️ ৭ দিনের রিপ্লেসমেন্ট ও ১ বছরের সার্ভিস ওয়ারেন্টি!
🏪 Livewire Savar - NTECH BD, সেনা শপিং কমপ্লেক্স, নবীনগর, সাভার।
🚚 সারা দেশে ক্যাশ অন ডেলিভারি।
📞 বিস্তারিত জানতে কল করুন 096XXXXXXXX"
Samsung Galaxy S23 128 GB Black,29999,Used,"Dhaka, Khilgaon",4 hours ago,https://bikroy.com/khilgaon/mobile-phones/samsung-galaxy-s23-128-gb-black-r339kLi8UVPKd5yHuDxBMVwD.html,3,2026-09-29T10:46:05.419732+00:00,individual,"Assalamu Alaikum.
Greetings from ""Mobo Live Bd"".
Samsung S23 8/128GB
Black
Full Factory Unlock
100% original device
Dear Honourable Customer.
Now you can purchase with EMI of 21 banks credit cards. Thanks for being with us."
Samsung Galaxy S21+ 5G 128 GB Purple,23999,Used,"Dhaka, Savar",4 hours ago,https://bikroy.com/savar/mobile-phones/samsung-galaxy-s21-5g-128-gb-purple-BQovCcEKSoGZ2UmGNfIZ4Ghd.html,5,2026-09-29T10:46:06.119409+00:00,individual,"S21+ 5G (128GB) in super fresh condition

Location: Savar, Nobinogor, Sena Shopping Complex
Shop name: Apple Gadgets & Care
Shop no: D/43, Lift 3"
Samsung Galaxy S22 5G 256 GB Black,23000,Used,"Dhaka, Badda",23/09,https://bikroy.com/badda/mobile-phones/samsung-galaxy-s22-5g-256-gb-black-vZxm9LCsVsKpHQSqHPVTIkrJ.html,5,2026-09-29T10:46:07.168798+00:00,individual,No major problem. All parts original. Only Greenline issue but does not cause any problem. Mobile:
Samsung Galaxy A35 128 GB Black,28000,Used,"Dhaka, Savar",8 hours ago,https://bikroy.com/savar/mobile-phones/samsung-galaxy-a35-128-gb-black-rD3Pvm6Lz0BRHjXqVsDAFU2P.html,4,2026-09-29T10:46:07.725566+00:00,individual,"📌 স্পেসিফিকেশন:

Model:Galaxy A35
RAM:8 GB
ROM:128 GB
Battery:5000

Guarantee/Warranty: 7days replacement guarantee And 1year service warranty.


🔄 **Used Phone Buy | Sell | Exchange**
পুরাতন মোবাইল বিক্রি বা এক্সচেঞ্জ করার সুবিধা রয়েছে।

🏪 MODINA MOBILE ZONE

📍 Shop # E-180 (Level-5), Sena Shopping Complex, Nabinagar, Savar, Dhaka."
Samsung Galaxy A34 5G 256 GB Black,22000,Used,"Dhaka, Mirpur",22 hours ago,https://bikroy.com/mirpur/mobile-phones/samsung-galaxy-a34-5g-256-gb-black-wbtiOfx5UCn36FZnAecOTqtz.html,4,2026-09-29T10:46:08.303915+00:00,individual,"No problems at all, selling because I need money."
Samsung Galaxy S23 Ultra 256 GB Green,50000,Used,"Dhaka, Mirpur",2 days ago,https://bikroy.com/mirpur/mobile-phones/samsung-galaxy-s23-ultra-256-gb-green-8cj1Kwrcwyy8yL8OrP7SH7Nu.html,5,2026-09-29T10:46:08.972853+00:00,individual,Full authentic phone all original parts just main screen minor crack and no other issue camera s pen all perfect 256 gb exchange possible phone comes without box only device
Samsung Galaxy A54 128 GB Silver,32000,Used,"Dhaka, Savar",17/09,https://bikroy.com/savar/mobile-phones/samsung-galaxy-a54-128-gb-silver-wVi7EFsrjdnZZ6mgypnEmYwf.html,5,2026-09-29T10:46:09.667819+00:00,individual,"Samsung Galaxy A54 5G — Korean Variant 
 Condition: Like New — Completely fresh
 Korean Variant
 Phone's condition is absolutely wonderful
 No problem
 Display & Camera are completely good
 Smooth performance
 
 Price: 32000 Taka
 Location: Savar, Dhaka
 Inbox if interested to buy.
 Serious Buyer Only."
Samsung Galaxy S22 5G 128 GB White,30000,Used,"Dhaka, Dhanmondi",25/09,https://bikroy.com/dhanmondi/mobile-phones/samsung-galaxy-s22-5g-128-gb-white-2PxR1faEYjUKeAUe0C380N9A.html,4,2026-09-29T10:46:10.033671+00:00,individual,"Samsung S22
8GB 128GB"
New Samsung Galaxy A57 128 GB Blue,46500,Brand New,"Dhaka, Uttara",5 hours ago,https://bikroy.com/uttara/mobile-phones/new-samsung-galaxy-a57-128-gb-blue-nkirJSyijdF8luPGnybehDF1.html,3,2026-09-29T10:46:10.715227+00:00,individual,"Brand New Galaxy A57 8/128GB Navy Blue
Physical Dual Sim 
Made by Vietnam 



🟡 100% Original & Non Refurbished Product

🟡 7 Days Replacement & 1 Year Service Warranty

🟡 EMI Facility is also AVAILABLE

Contact Us

Exchange Hub

Shop No: 610, 611, 628 & 629 Level-6, Tropical Alauddin Tower

Sector 3, Road 2, Rajlaxmi, Uttara."
Samsung Galaxy J6+ 32 GB Blue,50000,Used,"Dhaka, Khilgaon",20/09,https://bikroy.com/khilgaon/mobile-phones/samsung-galaxy-j6-32-gb-blue-oJL6iTzMR0vDtXpCTgK7s5Wo.html,5,2026-09-29T10:46:11.507321+00:00,individual,Samsung Galaxy J6+ This has no type of problems | Only light display broken | Which will not cause you any problem | Because display does not create any problem | Display is smooth
New Samsung Galaxy A56 128 GB Gray,44000,Brand New,"Dhaka, Uttara",4 hours ago,https://bikroy.com/uttara/mobile-phones/new-samsung-galaxy-a56-128-gb-gray-ilMiglVoQqrRbnTPCfAEAp9Q.html,3,2026-09-29T10:46:12.178981+00:00,individual,"Grab the brand new Galaxy A56 5G in Gray with 8/128GB capacity!
100% original and non-refurbished product.
Enjoy a 7-day replacement guarantee and a 1-year service warranty.
Easy EMI facilities are also available.
Contact us today!
Exchange Hub
Shop No: 610, 611, 628 & 629, Level-6, Tropical Alauddin Tower
Sector 3, Road 2, Rajlaxmi, Uttara.
Call for details 017XXXXXXXX"
Samsung Galaxy S21 Ultra 5G 128 GB Silver,25000,Used,"Dhaka, Savar",21/09,https://bikroy.com/savar/mobile-phones/samsung-galaxy-s21-ultra-5g-128-gb-silver-uj1tyUXNHnlLuBAlW64FW6TH.html,5,2026-09-29T10:46:13.167027+00:00,individual,"Samsung Galaxy S21 Ultra 12/128
Glass Cracked, Camera condition not good front or rear, Otherwise fully fresh.
Only phone or cash memo.
Exchange Possible.
Location: Zirani Bazar, Bksp"
Samsung Galaxy S23 Ultra 256 GB White,55000,Used,"Dhaka, Basundhara",17 hours ago,https://bikroy.com/basundhara/mobile-phones/samsung-galaxy-s23-ultra-256-gb-white-n0IwOJHof3pjQ4QixeDOGi7Z.html,3,2026-09-29T10:46:13.268484+00:00,individual,"This mobile is completely fresh, there is no problem of any kind, whoever uses the mobile will definitely understand it, I need money so I will sell it, box memo everything is there"
S23 Ultra Original Display Phone Unlocked,25000,Used,"Dhaka, Khilgaon",5 hours ago,https://bikroy.com/khilgaon/cell-phones-tablets-accessories/s23-ultra-original-display-phone-khola-mmsSx7DXreI10SHyOQb2XvOx.html,5,2026-09-29T10:46:13.960013+00:00,individual,"Original Dynamic AMOLED 2X display taken off from a Samsung Galaxy S23 Ultra phone. You will get a one-month replacement guarantee on the display. Display without frame, waterproof and dustproof stickers will be provided with the display, you can come to the shop and get the display fitted. And those who are outside Dhaka and are interested to buy can get it through courier on cash on delivery. Send an SMS with the model number on WhatsApp to watch the display video. The display video link is given above. Show more"
Apple iPhone 16 Pro Max International (Used),124000,Used,Rajshahi,5 hours ago,https://bikroy.com/rajshahi/mobile-phones/apple-iphone-16-pro-max-international-used-l8ZYqC5lOYSqnQWAs5WFKEEN.html,0,2026-09-29T10:46:14.530125+00:00,individual,"iPhone 16 Pro Max 🔥

256 GB, 97% Battery Health

International Global Version 🔥

Super condition 🔥🔥

7 days replacement guarantee ✅
1 year service warranty ✅

#exchange possible ✅

Our Address:
Smart Choice, Shop No. 211,
City Center, Beside Rajshahi College, Sonadighi Mor, Rajshahi

Call for any details"
Apple iPhone 16 Pro Max 256 GB,120000,Used,"Rajshahi, Vodra",21/09,https://bikroy.com/vodra/mobile-phones/apple-iphone-16-pro-max-256-gb-fpGPKBDXORDcX17deMaPpZsW.html,5,2026-09-29T10:46:15.466735+00:00,individual,"iPhone 16 Pro Max Singapore variant
Purchased from Singapore Apple Store
Box, original cable, cash memo everything available
100% fresh unit. One-hand used
Battery health 88%
Storage: 256GB
Selling Reason: Upgrading to the iPhone 17 Pro Max
You're welcome to check the device thoroughly before purchasing. Serious buyers are welcome to contact me."
Apple iPhone 17 Pro 256 GB Orange,129999,Used,"Rajshahi, Rajpara",16/09,https://bikroy.com/rajpara/mobile-phones/apple-iphone-17-pro-256-gb-orange-B4wngvpSbvVctqCB3TrqiKXU.html,4,2026-09-29T10:46:16.763427+00:00,individual,"iPhone 17 Pro
  256GB
  1 Physical SIM + 1 eSIM

Absolutely fresh, completely like new.

Do not message or call unnecessarily.
If you are willing to buy, please call directly.

Thank you."
Apple iPhone 16 Pro Max 256 GB Black,123000,Used,"Rajshahi, Shaheb Bazar",4 hours ago,https://bikroy.com/shaheb-bazar/mobile-phones/apple-iphone-16-pro-max-256-gb-black-5EdAlqubHMlvpkXPmYzjkxCr.html,2,2026-09-29T10:46:17.223407+00:00,individual,"iPhone 16 Pro Max
256 GB, 99% Battery Health
Australia variant
Super condition
7 days replacement guarantee
1 year service warranty
#exchange possible
Our Address:
Smart Choice, Shop No. 211,
City Center, Beside Rajshahi College, Sonadighi Mor, Rajshahi
Call for any details:"
Apple iPhone 16 Pro Max 512 GB Gray,120000,Used,Rajshahi,4 hours ago,https://bikroy.com/rajshahi/mobile-phones/apple-iphone-16-pro-max-512-gb-gray-ad8jHOosp6iFW36v5PGztkH3.html,3,2026-09-29T10:46:17.275148+00:00,individual,"iPhone 16 Pro Max 
512 GB 100% Battery Health 
Physical SIM 
Super condition 
7 days replacement guarantee  
1 year service warranty  
#exchange possible 
Our Address :
Smart Choice , Shop No. 211 , 
City center , Beside of Rajshahi College , Sonadigir mor Rajshahi
Call for any details"
Apple iPhone 16 Pro Max 256 GB White,128550,Used,"Rajshahi, Boalia",09/05,https://bikroy.com/boalia/mobile-phones/apple-iphone-16-pro-max-256-gb-white-5PLV8YML3K5B5UUDTl06edpI.html,2,2026-09-29T10:46:17.686915+00:00,individual,"As like New and fresh condition. 92% BH. Physical dual sim with full box. White titanium. Hong Kong variant. Selling reason: Purchase 17 Pro Max. No exchange, only cash."
Apple iPhone 17 Pro Max 256 GB Orange,140000,Used,"Rajshahi, Shaheb Bazar",5 hours ago,https://bikroy.com/shaheb-bazar/mobile-phones/apple-iphone-17-pro-max-256-gb-orange-6xyIFcf1PbAIJoUmIsUnFsJq.html,2,2026-09-29T10:46:18.771691+00:00,individual,"IPhone 17 Pro Max
256 GB 100% Battery Health
Japan
Super condition
Enjoy 7 days replacement guarantee
Enjoy 1 year service warranty
#exchange possible
Our Address:
Smart Choice, Shop No. 211,
City Center, Beside of Rajshahi College, Sonadigir Mor, Rajshahi
Call for any details"
New Apple iPhone 17 Pro Max 256 GB Orange,140000,Brand New,"Rajshahi, Shaheb Bazar",5 hours ago,https://bikroy.com/shaheb-bazar/mobile-phones/new-apple-iphone-17-pro-max-256-gb-orange-mSZEt9xQ9Fqah5375S8SIsmj.html,5,2026-09-29T10:46:19.331465+00:00,individual,"Iphone 17 pro max
256 100
Cc 110
Super condition 
7 days replacement guarantee  
1 year service waranty  
#exchange possible 
Our Address :
Smart Choice , Shop No. 211 , 
City center , Beside of Rajshahi College , Sonadigir mor Rajshahi
Call for any details:"
Apple iPhone 17 Pro Max 256 GB Blue,152000,Used,"Rajshahi, Shaheb Bazar",5 hours ago,https://bikroy.com/shaheb-bazar/mobile-phones/apple-iphone-17-pro-max-256-gb-blue-11qaF5s38zvfsBJt5Pcb14B3.html,4,2026-09-29T10:46:20.031052+00:00,individual,"iPhone 17 Pro Max, 256 GB, 100% Battery Health, Cycle Count 105, USA origin. Super condition. 7 days replacement guarantee, 1 year service warranty. Exchange possible. Our Address: Smart Choice, Shop No. 211, City Center, Beside Rajshahi College, Sonadighi Mor, Rajshahi. Call for any details"
Apple iPhone 16 Pro Max 256 GB,129999,Used,"Rajshahi, Baharampur",21/06,https://bikroy.com/baharampur/mobile-phones/apple-iphone-16-pro-max-256-gb-fShnzR2EYw90F51LeoKqXDjw.html,5,2026-09-29T10:46:20.828949+00:00,individual,"Apple Limited Warranty till 29 August 2026
Australian Variant
Physical SIM + eSIM
Battery Health: 100%
Cycle Count: 234
No Scratch
No Dent
No Repair History
Never Opened
Box + Original Type-C Cable Available
Reason for Selling:
Upgrade to iPhone 17 Pro Max
Face to Face Deal Preferred
Location: Rajshahi"
Apple iPhone 17 Pro Singapore (Used),138000,Used,Rajshahi,4 hours ago,https://bikroy.com/rajshahi/mobile-phones/apple-iphone-17-pro-singapore-used-gjdXKaTsZXJhreicuen5bawd.html,0,2026-09-29T10:46:21.321062+00:00,individual,"iPhone 17 Pro 🔥 256 GB, 100% Battery Health. Singapore physical SIM version. Super condition. 7 days replacement guarantee. 1-year service warranty. #ExchangePossible. Our Address: Smart Choice, Shop No. 211, City Center, Beside Rajshahi College, Sonadighi Mor, Rajshahi. Call for details."
New Apple iPhone 16 Pro Max 256 GB White,120000,Brand New,"Rajshahi, Shaheb Bazar",5 hours ago,https://bikroy.com/shaheb-bazar/mobile-phones/new-apple-iphone-16-pro-max-256-gb-white-zi5XoCbFn23gTyfK7KKqstGV.html,3,2026-09-29T10:46:21.675458+00:00,individual,"iPhone 16 Pro Max

256 GB, 100% Battery Health

Physical SIM

Experience Super Condition 🔥🔥

Enjoy a 7-day replacement guarantee ✅ 
Get a 1-year service warranty ✅ 

#Exchange possible ✅

Our Address:
Smart Choice, Shop No. 211,
City Center, Beside Rajshahi College, Sonadighi Mor, Rajshahi"
Apple iPhone 17 Pro Max 512 GB Blue,165000,Used,"Rajshahi, Shaheb Bazar",5 hours ago,https://bikroy.com/shaheb-bazar/mobile-phones/apple-iphone-17-pro-max-512-gb-blue-csV8slMWeD0XUh2vOu3pydkj.html,2,2026-09-29T10:46:22.132981+00:00,individual,"iPhone 17 Pro Max, 512 GB, 100% battery health, cycle count 105. Super condition. Comes with a 7-day replacement guarantee and 1-year service warranty. Exchange possible. Our Address: Smart Choice, Shop No. 211, City Center, Beside Rajshahi College, Sonadighi Mor, Rajshahi. Call for details."
Apple iPhone 17 Pro Max 256 GB Silver,145000,Used,"Rajshahi, Shaheb Bazar",5 hours ago,https://bikroy.com/shaheb-bazar/mobile-phones/apple-iphone-17-pro-max-256-gb-silver-hLhg4H3itM9ABXK04yoqmsQi.html,3,2026-09-29T10:46:22.877185+00:00,individual,"iPhone 17 Pro Max
256 GB, 100% Battery Health
Super condition
7 days replacement guarantee
1 year service warranty
#exchange possible
Our Address:
Smart Choice, Shop No. 211,
City Center, Beside Rajshahi College, Sonadighi Mor, Rajshahi
Call for any details:"
Apple iPhone 16 Pro 128 GB Black,96000,Used,"Rajshahi, Vodra",03/09,https://bikroy.com/vodra/mobile-phones/apple-iphone-16-pro-128-gb-black-3b3NuosHypPbXj9wBR5qruZK.html,4,2026-09-29T10:46:23.328208+00:00,individual,"Bh-90
Cycle -355
Full fresh condition 
Number 013XXXXXXXX"
Apple iPhone 16 Pro Max 256 GB Bronze,115000,Used,"Rajshahi, Shaheb Bazar",5 hours ago,https://bikroy.com/shaheb-bazar/mobile-phones/apple-iphone-16-pro-max-256-gb-bronze-dkozXQRyhyMTwlV9REij7Sfr.html,3,2026-09-29T10:46:23.884208+00:00,individual,"iPhone 16 Pro Max, 256 GB, 91% battery health, USA version, super condition, 7 days replacement guarantee, 1 year service warranty. Exchange possible. Our Address: Smart Choice, Shop No. 211, City Center, Beside Rajshahi College, Sonadighi Mor, Rajshahi. Call for details."
Apple iPhone 14 Pro Max 256 GB White,85500,Used,"Rajshahi, Nawdapara",03/09,https://bikroy.com/nawdapara/mobile-phones/apple-iphone-14-pro-max-256-gb-white-5W2Xz2ilWbrQ1cT2vKcx5Xgr.html,5,2026-09-29T10:46:25.280000+00:00,individual,"আমি প্রথম ইউজার,,,, কোন প্রকার সমস্যা নাই,,,, একদম নতুন ফোন,,,, 15 pro max নিবো তাই সেল করে দিচ্ছি,,,, ব্যাটারি হেল্থ ৯২ 🔋USA varrient,, যত ইচ্ছা চেক করে নিবেন,,,, সাথে ওরিজিনাল চার্জার ও কেবল দেওয়া হবে ❤️ যোগাযোগ নাম্বার 019XXXXXXXX"
Apple iPhone 15 Pro 256 GB White,78000,Used,"Rajshahi, Court Station",31/08,https://bikroy.com/court-station/mobile-phones/apple-iphone-15-pro-256-gb-white-cono9XcFX3RrX29miCFTwHwD.html,3,2026-09-29T10:46:25.288093+00:00,individual,￼ battery health 96% sob orjinal no bust oll ok
Apple iPhone 14 Pro Max 128 GB Purple,59000,Used,"Rajshahi, Nawdapara",30/08,https://bikroy.com/nawdapara/mobile-phones/apple-iphone-14-pro-max-128-gb-purple-84zpHG9PTVYhlxMpTrfEa5JB.html,4,2026-09-29T10:46:25.824574+00:00,individual,"Face id 
Display change ( True tone )
Box + cash memo available 
Bh 76% (charge onk valo thake original Battery)
Price akdom fixed"
Apple iPhone 14 Pro Max 256 GB Purple,66000,Used,"Rajshahi, Boalia",22/09,https://bikroy.com/boalia/mobile-phones/apple-iphone-14-pro-max-256-gb-purple-qib9K0NQbFn5pvNUs4aUU8zR.html,5,2026-09-29T10:46:26.133362+00:00,individual,"IPhone 14 Pro Max — 256GB
 Variant: USA
 Storage: 256GB
 Color: Deep Purple
 Battery Health: 75%
 Display: Original display installed
 Condition: No scratches, very clean
 Lens protector: Installed
 Location: Rajshahi
 If interested, contact in inbox.
 Detailed discussion can be done if you are a serious buyer."
Apple iPhone 16 Pro Max 512 GB Gold,119000,Used,Rajshahi,24/09,https://bikroy.com/rajshahi/mobile-phones/apple-iphone-16-pro-max-512-gb-gold-xB8vI3tSB2mrLjPvibePbVad.html,3,2026-09-29T10:46:26.977498+00:00,individual,"Full Fresh (fixed price)
Check as much as you want 
BTH 92%
Storage 512
3 covers will come with the phone 
Phone will come with box, NID will be given 
USA variant
iOS version 26.05.02"
Apple iPhone 14 Pro Max 256 GB Black,66500,Used,Rajshahi,04/09,https://bikroy.com/rajshahi/mobile-phones/apple-iphone-14-pro-max-256-gb-black-iGpcdozoRE1E46WZp0kca0jh.html,5,2026-09-29T10:46:27.431828+00:00,individual,"Phone sob kichu original... 2 ta psychical dual sim...
Security hisebe ja chan dewa Jabe ... Memo ache
Dam kichu ta kom rakha Jabe newar moto dam bolben aje baje dam bolben na....

Number 017XXXXXXXX"
Apple iPhone 14 Pro Max 256 GB Purple,74000,Used,"Rajshahi, Shaheb Bazar",5 hours ago,https://bikroy.com/shaheb-bazar/mobile-phones/apple-iphone-14-pro-max-256-gb-purple-chrDhW9u7STAZkcpUOjNWLjF.html,3,2026-09-29T10:46:28.137158+00:00,individual,"iPhone 14 Pro Max, 256 GB, 81% battery health. Physical SIM. Super condition. 7 days replacement guarantee. 1 year service warranty. #exchange possible. Our Address: Smart Choice, Shop No. 211, City Center, Beside Rajshahi College, Sonadighi Mor, Rajshahi. Call for any details:"
Apple iPhone 14 Pro Max 256 GB Purple,78500,Used,Rajshahi,01/09,https://bikroy.com/rajshahi/mobile-phones/apple-iphone-14-pro-max-256-gb-purple-pIWYbP0PC04AqPi9SEG7fnnH.html,3,2026-09-29T10:46:28.587601+00:00,individual,সিঙ্গাপুর ভেরিয়েন্ট ফোনে কোন ধরনের কোন সমস্যা নাই যত ইচ্ছা দেখে নিবেন নিজের পার্সোনাল কিছু ব্যক্তিগত কারণে ফোনটা আমাকে সেল করা লাগছে তাছাড়া কোন কারণ নেই ফোন বিক্রি করার । ব্যক্তিগত কিছু কারণে টাকা দরকার তাই ফোনটা সেল করব । লোকেশনে এসে ইচ্ছামত ফোন দেখে নিয়ে যাবেন প্রয়োজনে ওয়াটারপ্রুফ চেক করে নেবেন । ফোন দেখতে আসলে অবশ্যই ফোন পছন্দ হবে।
Apple iPhone 16 Pro Max 256 GB Rose Gold,115000,Used,"Rajshahi, Vodra",2 days ago,https://bikroy.com/vodra/mobile-phones/apple-iphone-16-pro-max-256-gb-rose-gold-xBxPAPrPhxXrXnrxjr1j4F3L.html,3,2026-09-29T10:46:29.481533+00:00,individual,"115000 fixed, 1 thousand can be negotiated // battery 89 variant Singapore"
New Apple iPhone 15 128 GB Pink,60000,Brand New,"Rajshahi, Shaheb Bazar",5 hours ago,https://bikroy.com/shaheb-bazar/mobile-phones/new-apple-iphone-15-128-gb-pink-53q78tUVolUACOZSUSrcaQgu.html,2,2026-09-29T10:46:29.990556+00:00,individual,"iPhone 15
128 GB, 85-100% Battery Health
Physical SIM
Super condition
Enjoy a 7-day replacement guarantee
1-year service warranty
#Exchange possible
Our Address:
Smart Choice, Shop No. 211,
City Center, Beside Rajshahi College, Sonadighi Mor, Rajshahi
Call for any details:"
Apple iPhone 15 Pro 256 GB Blue,90000,Used,"Rajshahi, Shaheb Bazar",5 hours ago,https://bikroy.com/shaheb-bazar/mobile-phones/apple-iphone-15-pro-256-gb-blue-wQ01JX61flblQEsEtp0vo4Wi.html,4,2026-09-29T10:46:30.742762+00:00,individual,"IPhone 15 pro 
256 gb 87 bh 
Warranty available until 2031 
Super condition 
7 days replacement guarantee  
1 year service warranty  
#exchange possible 
Our Address :
Smart Choice , Shop No. 211 , 
City center , Beside of Rajshahi College , Sonadigir mor Rajshahi
Call for any details:"
Apple iPhone 16 Pro 128 GB Rose Gold,93000,Used,"Rajshahi, Shaheb Bazar",5 hours ago,https://bikroy.com/shaheb-bazar/mobile-phones/apple-iphone-16-pro-128-gb-rose-gold-axUnNwSc7ZwYZ7ffrUbtkoV1.html,3,2026-09-29T10:46:31.333067+00:00,individual,"iPhone 16 Pro
128GB, 91% Battery Health
Physical SIM
Super condition
Enjoy a 7-day replacement guarantee
1-year service warranty
#exchange possible
Our Address:
Smart Choice, Shop No. 211,
City Center, Beside Rajshahi College, Sonadighi Mor, Rajshahi
Call for any details:"
Apple iPhone 16e 128 GB White,37500,Used,"Rajshahi, Shiroil",03/09,https://bikroy.com/shiroil/mobile-phones/apple-iphone-16e-128-gb-white-bqN4yNmywhrrz62F5G8eXnHj.html,3,2026-09-29T10:46:31.838174+00:00,individual,"iPhone 16e 128 ￼(Wi-Fi)
Full fresh like new 
Face ID & True Tone ☑️ 
Battery health 💯 
Waterproof 💦
Call mee for more details￼."
Apple iPhone XS Max 64 GB Pink,25000,Used,"Rajshahi, Bagha",1 day ago,https://bikroy.com/bagha/mobile-phones/apple-iphone-xs-max-64-gb-pink-rPzqkmXmRCHLJoDFPuDil9W2.html,5,2026-09-29T10:46:32.577374+00:00,individual,"No Single Problem, Full fresh."
Apple iPhone 13 128 GB Black,35000,Used,Rajshahi,01/09,https://bikroy.com/rajshahi/mobile-phones/apple-iphone-13-128-gb-black-r2G9uzxuKq0DKbsgR4TrdOGQ.html,5,2026-09-29T10:46:32.890828+00:00,individual,"iPhone 13  128gb 
True ton 
Face ID ok
Sate cash memo ace
Only display change bh:77
Phone full fresh 
Nunber 019XXXXXXXX"
Apple iPhone 13 128 GB Pink,40000,Used,"Rajshahi, Boalia",09/09,https://bikroy.com/boalia/mobile-phones/apple-iphone-13-128-gb-pink-ypmY3JFbIJXKLlqBsEe0zJvb.html,5,2026-09-29T10:46:33.520227+00:00,individual,"Battery health 80%
Parts genuine 
China variant 
All okay (face id, true tone)"
New Apple iPhone 13 128 GB White,45000,Brand New,"Rajshahi, Rajpara",18/09,https://bikroy.com/rajpara/mobile-phones/new-apple-iphone-13-128-gb-white-uDmse2C2USsvbRAKfzbb4Jux.html,3,2026-09-29T10:46:34.172931+00:00,individual,"iPhone 13 genuine
Hong Kong variant 
128GB 
Physical dual SIM 
Battery health 91% 
Full fresh, 3uTools 100%, check as much as you want 
National ID photocopy required for device security only"
Apple iPhone 12 64 GB Blue,28000,Used,"Rajshahi, Kadirgonj",02/09,https://bikroy.com/kadirgonj/mobile-phones/apple-iphone-12-64-gb-blue-yRbRwpfXWSbHUcmpMbzMic1l.html,5,2026-09-29T10:46:34.918973+00:00,individual,Phone full fresh . original parts . model change korbo tai
Apple iPhone 13 128 GB White,46000,Used,"Rajshahi, Shaheb Bazar",5 hours ago,https://bikroy.com/shaheb-bazar/mobile-phones/apple-iphone-13-128-gb-white-BZp4A9O4jdwlZv9xmHsHDKUo.html,3,2026-09-29T10:46:35.439868+00:00,individual,"iPhone 13 
128GB, 99% Battery Health 
Warranty available, used for only 4 months 
Super condition 
Enjoy a 7-day replacement guarantee 
Get a 1-year service warranty 
#Exchange possible 
Our Address: 
Smart Choice, Shop No. 211, 
City Center, Beside Rajshahi College, Sonadigir Mor, Rajshahi 
Call for details:"
Apple iPhone 13 128 GB,38000,Used,Rajshahi,02/09,https://bikroy.com/rajshahi/mobile-phones/apple-iphone-13-128-gb-dfckkFeXGFzg648T5eIgcFY5.html,4,2026-09-29T10:46:36.189432+00:00,individual,ফোন ১০০% waterproof চেক করে দেখে নিতে পারবেন
Apple iPhone 15 128 GB Black,55000,Used,Rajshahi,19/09,https://bikroy.com/rajshahi/mobile-phones/apple-iphone-15-128-gb-black-a4oEq8ZmlYGLGthLMUs67m2w.html,5,2026-09-29T10:46:36.821499+00:00,individual,"Full Fresh Phone ✅
No Scratches All Ok ✅"
Apple iPhone 12 Pro 128 GB Blue,33000,Used,Rajshahi,18/09,https://bikroy.com/rajshahi/mobile-phones/apple-iphone-12-pro-128-gb-blue-41VrRg3E2MbOjN2ZifMvUUOI.html,5,2026-09-29T10:46:37.189551+00:00,individual,"Phone is very nice, please check and take it. All battery changed but doesn't show because older chip was installed."
Apple iPhone 11 Pro Max 64 GB Blue,30500,Used,"Rajshahi, Godagari",16/09,https://bikroy.com/godagari/mobile-phones/apple-iphone-11-pro-max-64-gb-blue-khbW3Ss8TmQCp588wjCzCumj.html,3,2026-09-29T10:46:38.037486+00:00,individual,"USA Variant. Used iPhone
No box. Only cash memo and charger included.
Phone Cover Also Available
Full fresh phone. No any issues.
Battery just replaced (for better backup). everything works perfectly.
Interested persons please inbox me or call me.
Thanks"
Apple iPhone 12 Pro Max 128 GB Blue,33000,Used,"Rajshahi, Godagari",26/09,https://bikroy.com/godagari/mobile-phones/apple-iphone-12-pro-max-128-gb-blue-uaceIghmUfTtjn82bZ5ijQDz.html,5,2026-09-29T10:46:38.668920+00:00,individual,"iPhone 12 Pro Max
Display changed, original GX display installed, you won't even notice the display change
128gb
66% battery health
True Tone Face ID okay
Front camera has a little dust inside
Price 33000 tk
Exchange possible with a phone under 15000 tk value, remaining amount to be added
Location Chapainawabganj Sadar"
Apple iPhone 11 128 GB Purple,28000,Used,"Rajshahi, Shaheb Bazar",5 hours ago,https://bikroy.com/shaheb-bazar/mobile-phones/apple-iphone-11-128-gb-purple-v5LqCD6lqgnInI19TJCJFWNE.html,3,2026-09-29T10:46:39.173290+00:00,individual,"iPhone 11
128 GB, 88% Battery Health
Super condition
7 days replacement guarantee
1 year service warranty
#exchange possible
Our Address:
Smart Choice, Shop No. 211,
City Center, Beside Rajshahi College, Sonadighi Mor, Rajshahi
Call for any details:"
Apple iPhone 14 128 GB White,46000,Used,"Rajshahi, Shaheb Bazar",5 hours ago,https://bikroy.com/shaheb-bazar/mobile-phones/apple-iphone-14-128-gb-white-3XnQatDC4PfHfWZbV0tHoBAo.html,3,2026-09-29T10:46:39.787663+00:00,individual,"iPhone 14
128 GB, 90% Battery Health
Physical SIM
Super condition
7 days replacement guarantee
1 year service warranty
#exchange possible
Our Address:
Smart Choice, Shop No. 211,
City Center, Beside Rajshahi College, Sonadighi Mor, Rajshahi
Call for any details:"
Apple iPhone 16 Pro Max 256 GB Gold,125000,Used,"Chattogram, Bakoliya",26/09,https://bikroy.com/bakoliya/mobile-phones/apple-iphone-16-pro-max-256-gb-gold-rR2SX9vYPtkK6CBXKt7uTZbr.html,5,2026-09-29T10:46:40.539415+00:00,individual,"IPhone 16 Pro Max — 256GB | Desert Titanium
Variant: Singapore Variant
Storage: 256GB
Color: Desert Titanium
Battery Health: 89%
Cycle Count: 770
Condition: Not a minor scratch- Top Notch condition, One Handed Used, well maintained
Purchase History: Purchased From Dazzle"
Apple iPhone 17 Pro Max 512 GB Orange,178000,Used,"Chattogram, Cornelhat",13/09,https://bikroy.com/cornelhat/mobile-phones/apple-iphone-17-pro-max-512-gb-orange-2AP8nVpWow23RTyIfIyjDYMc.html,5,2026-09-29T10:46:41.226207+00:00,individual,"iPhone 17 Pro Max 512
Stellar Condition. GCC Specs. 
Used as Secondary Phone.
Bought from Dubai
Like Brand New

Full Boxed
12 Gb / 512 Gb
*DUAL eSIM. No Physical Sim
Battery health 100 percent 32 Cycles.
Warranty Remaining till 14/03/2027"
New Apple iPhone 17 Pro Max 256 GB White,169999,Brand New,"Chattogram, Chandgaon",15 hours ago,https://bikroy.com/chandgaon/mobile-phones/new-apple-iphone-17-pro-max-256-gb-white-sj305H3n4ssB0OChjyzbQajx.html,4,2026-09-29T10:46:41.683443+00:00,individual,"iPhone 17 Pro Max 256GB Dual Physical SIM. Available in Cosmic Orange, Silver, and Deep Blue."
Apple iPhone 17 Pro 256 GB Purple,131990,Used,"Chattogram, CDA Avenue",4 hours ago,https://bikroy.com/cda-avenue/mobile-phones/apple-iphone-17-pro-256-gb-purple-yKqronSLFaMGrOnHTFv3QpWe.html,3,2026-09-29T10:46:42.281906+00:00,individual,"iPhone 17 Pro 256GB 🇱🇷 USA Variant 📱✨

🔋 Battery Health: 100%

✅ Cycle Count: 152

📍 First Use in MAY 2026

✨ Condition: Full Fresh

🛡️ Apple Warranty Available till May 2027

💰 Offer Price: Only ৳1,31,990/-

আজই Decent থেকে"
Apple iPhone 17 Pro Max 256 GB Blue,145000,Used,"Chattogram, Agrabad",10/08,https://bikroy.com/agrabad/mobile-phones/apple-iphone-17-pro-max-256-gb-blue-snfLGfPzLndHMLxgbki9Y7DI.html,4,2026-09-29T10:46:42.927317+00:00,individual,"Fresh conditions with original box cable
Brought from Kuwait"
Apple iPhone 17 Pro Max 256 GB Orange,143499,Used,"Chattogram, CDA Avenue",4 hours ago,https://bikroy.com/cda-avenue/mobile-phones/apple-iphone-17-pro-max-256-gb-orange-q39DcrXGBK4ZXCVArv9XOrY5.html,3,2026-09-29T10:46:43.671464+00:00,individual,"17 pro max 256gb
Battery-100%
cycle -20
Offer price -143490
Warranty available 27 jun 27"
New Apple iPhone 17 Pro Max 256 GB Orange,159999,Brand New,"Chattogram, CDA Avenue",7 hours ago,https://bikroy.com/cda-avenue/mobile-phones/new-apple-iphone-17-pro-max-256-gb-orange-sc78jNGvXnXnCoefIQoTRX1R.html,3,2026-09-29T10:46:44.129453+00:00,individual,"JP variant
Display: 6.9"" LTPO Super Retina XDR OLED, 120Hz with 3000 nits peak brightness
Camera: 48MP triple camera with periscope zoom, LiDAR scanner, and 4K Dolby Vision video
Processor: Apple A19 Pro (3nm) with 6-core GPU
Battery: Up to 5088mAh
EMI facilities are available for up to 36 months through credit cards with more than 20 banks. (*Conditions apply*)"
New Apple iPhone 17 256 GB,126999,Brand New,"Chattogram, CDA Avenue",7 hours ago,https://bikroy.com/cda-avenue/mobile-phones/new-apple-iphone-17-256-gb-1CYQAs10kPWrKfvofWtmAhTY.html,3,2026-09-29T10:46:44.873318+00:00,individual,"Indian Variant
Display: 6.3-inch LTPO Super Retina XDR OLED, 120Hz, HDR10,
Chipset: Apple A19 (3 nm), Hexa-core CPU, Apple 5-core GPU
Main Camera: Dual 48 MP rear dual LED flash, HDR, 4K video
Selfie Camera: 18 MP front
Battery: Li-Ion 3692 mAh
ক্রেডিট কার্ড এর মাধ্যমে ২০ টির অধিক ব্যাংকে ৩৬ মাস পর্যন্ত EMI এর সুবিধা রয়েছে। (*শর্ত প্রযোজ্য*)"
Apple iPhone 17 Pro Max 256 GB,160000,Used,"Chattogram, Nasirabad",08/09,https://bikroy.com/nasirabad/mobile-phones/apple-iphone-17-pro-max-256-gb-djlB3kGwEua9LXyiIFUwAb6X.html,4,2026-09-29T10:46:45.681257+00:00,individual,Location a eshe dekhe nite parben. For more details WhatsApp on 018XXXXXXXX
New Apple iPhone 18 Pro Max 256 GB,214999,Brand New,"Chattogram, CDA Avenue",7 hours ago,https://bikroy.com/cda-avenue/mobile-phones/new-apple-iphone-18-pro-max-256-gb-q2adXq6pZ92EEiBJArQUfTw1.html,4,2026-09-29T10:46:45.879752+00:00,individual,"Display: 6.9"" LTPO Super Retina XDR OLED, 120Hz, 1320×2868,
Performance: Apple A20 Pro Hexa-core, Apple 7-core GPU, iOS 27
Camera: Rear 48MP + 48MP + 48MP, LiDAR, 4K video, OIS | Front 18MP, 4K video
Battery: 5391/5567 mAh, 50W Wired,
Enjoy EMI facilities up to 36 months through credit cards from more than 20 banks. (*Conditions apply*)"
New Apple iPhone 18 Pro 256 GB,184999,Brand New,"Chattogram, CDA Avenue",7 hours ago,https://bikroy.com/cda-avenue/mobile-phones/new-apple-iphone-18-pro-256-gb-rVOJcIYHs7JjsZeKgEN31Gjm.html,3,2026-09-29T10:46:46.577493+00:00,individual,"iPhone 18 Pro
256GB/512GB/1TB available!

EMI facilities up to 36 months are available through credit cards from over 20 banks. (*Conditions apply*)"
New Apple iPhone 17 Pro 256 GB,149999,Brand New,"Chattogram, CDA Avenue",8 hours ago,https://bikroy.com/cda-avenue/mobile-phones/new-apple-iphone-17-pro-256-gb-Bpo6vlfMkzfVEiQlgOyNmRyF.html,3,2026-09-29T10:46:47.309155+00:00,individual,"(JP varient)
Display: 6.3"" LTPO Super Retina XDR OLED, 120Hz, Dolby Vision, 3000 nits peak brightness
Camera: Triple 48MP Pro system with periscope zoom, ultrawide,
Processor: Apple A19 Pro (3nm) with 6-core GPU
Battery: 3998mAh/4252mAh
ক্রেডিট কার্ড এর মাধ্যমে ২০ টির অধিক ব্যাংকে ৩৬ মাস পর্যন্ত EMI এর সুবিধা রয়েছে। (*শর্ত প্রযোজ্য*)"
Apple iPhone 16 Pro Max 512 GB Gold,125000,Used,"Chattogram, Chawkbazar",5 hours ago,https://bikroy.com/chawkbazar/mobile-phones/apple-iphone-16-pro-max-512-gb-gold-NHbPtHOtCvmrJCJKIBhOztI.html,3,2026-09-29T10:46:47.775713+00:00,individual,"iPhone 16 Pro Max, 512GB, Desert Titanium color, comes with box, Global version."
New Apple iPhone 17 Pro Max 256 GB Silver,158000,Brand New,"Chattogram, Chandgaon",1 day ago,https://bikroy.com/chandgaon/mobile-phones/new-apple-iphone-17-pro-max-256-gb-silver-8oTsQ6Mt1s5ew3aiszsCRzLg.html,5,2026-09-29T10:46:48.383463+00:00,individual,IPhone 17 Pro Max. Singapore Varrient. 256 GB. Battery Health 97
Apple iPhone 16 Pro Max 256 GB Gold,99500,Used,"Chattogram, Khulshi",20/09,https://bikroy.com/khulshi/mobile-phones/apple-iphone-16-pro-max-256-gb-gold-C0srz1H0Yv9lERtupwuhraye.html,3,2026-09-29T10:46:48.877949+00:00,individual,"iPhone 16 Pro Max 256GB — SELL & EXCHANGE 
 Battery Health: 89%
 Fresh & well-maintained
 Camera & Face ID: Perfect
 No repair / No issue
 Cash Price: ৳99,500
 Exchange:
Will exchange with iPhone 17 Pro
 Will add cash if needed.
 Inbox if interested.
 Serious buyers only."
Apple iPhone 15 Pro Max 256 GB Blue,90999,Used,"Chattogram, Agrabad",09/09,https://bikroy.com/agrabad/mobile-phones/apple-iphone-15-pro-max-256-gb-blue-uaR5kf3pmj5kSXp8GYiJNhy1.html,3,2026-09-29T10:46:49.377152+00:00,individual,"IPhone 15 Pro Max
Storage: 256GB
Bh-89% (J/A varient )
Almost brand-new condition, not any single problem, not any scratch or dent.
FacelD, True-Tone everything working perfectly... 
Price almost fixed, don't say any insulting price and don't insult yourselt... 
Location: Agrabad, Chittagong"
New Apple iPhone 15 Plus 256 GB Pink,79990,Brand New,"Chattogram, Baizid",5 hours ago,https://bikroy.com/baizid/mobile-phones/new-apple-iphone-15-plus-256-gb-pink-zaIvEoNR5e3voQJzpXqd1LzB.html,3,2026-09-29T10:46:50.061394+00:00,individual,"Get the iPhone 15 Plus 256GB (USA Variant) now at an offer price at Decent! 

Decent brings you the iPhone 15 Plus USA Variant — right within your reach 

 iPhone 15 Plus (USA Variant) - 
Finlay Square, Level-4, Shop-406, 2 No Gate, Nasirabad, Chattogram
Finlay South City, Level-5, Shop-525, Bahaddarhat, Chattogram"
Apple iPhone 14 Pro 1 TB Silver,72500,Used,"Chattogram, Hathazari",02/09,https://bikroy.com/hathazari/mobile-phones/apple-iphone-14-pro-1-tb-silver-43Dn4vsf7oNKHaxun7AYZwcN.html,5,2026-09-29T10:46:50.625891+00:00,individual,"Iphone 14 Pro 
1TB
Bettery 86
KH/A
Waterproof 
Only device with cash memo"
Apple iPhone 14 Pro Max 256 GB Purple,73000,Used,"Chattogram, Hathazari",26/09,https://bikroy.com/hathazari/mobile-phones/apple-iphone-14-pro-max-256-gb-purple-6knUlTR0hwcRkaH3ISuywZ2I.html,3,2026-09-29T10:46:51.309229+00:00,individual,"iPhone 14 Pro Max — 256GB
 LLA Variant | Physical Dual SIM
 Latest iOS Updated
 Smooth & Fast Performance
 Physical Dual SIM
 Battery Health: 95%
 Absolutely Fresh Condition
 No issues at all
 Only Cash Memo Available
 Price: ৳
 Will be sold at the best price!
 Inbox if interested"
Apple iPhone 14 Pro 128 GB White,65000,Used,"Chattogram, Raozan",23/09,https://bikroy.com/raozan/mobile-phones/apple-iphone-14-pro-128-gb-white-uHTp9JXVOvqjXyk5cujoW5F0.html,5,2026-09-29T10:46:52.508629+00:00,individual,"Everything is authentic. You can check before buying, no issues. I am selling it because I urgently need money."
Apple iPhone 16 Pro 128 GB Rose Gold,110000,Used,"Chattogram, Oxygen",10/09,https://bikroy.com/oxygen/mobile-phones/apple-iphone-16-pro-128-gb-rose-gold-39Kpz2geyGBN5hC0oKU43H9b.html,5,2026-09-29T10:46:52.809462+00:00,individual,"IPhone 16 Pro
With Box all
128GB Storage
US Variant
Battery Health: 92%
Mobile condition--100% fresh
Contact 013XXXXXXXX"
Apple iPhone 14 Pro Max 128 GB Black,72000,Used,"Chattogram, Baizid",22 hours ago,https://bikroy.com/baizid/mobile-phones/apple-iphone-14-pro-max-128-gb-black-dYQOt9lHPkfuy4VzeUA4QN5a.html,5,2026-09-29T10:46:53.248712+00:00,individual,"1 physical, 1 e-SIM... Very good phone, full fresh and 100% waterproof... Battery health 90% ... 1 physical 1 e-SIM
Will come with a charger cable, a cover... Phone condition is mashallah very good, phone has no issues whatsoever, no repair history... all parts are genuine and waterproof, Bayzid, Chittagong, Baluchora MP Gate, Army Cantonment,
Price--"
Apple iPhone 16 128 GB Blue,70000,Used,"Chattogram, Kotwali, Chattogram",08/09,https://bikroy.com/kotwali/mobile-phones/apple-iphone-16-128-gb-blue-CsKJJ52KXROyVTjWc5UIzygh.html,3,2026-09-29T10:46:53.958660+00:00,individual,"Rom: 128Gb
Colour: Ultramarine
Health: 89
With box& cash memo"
Apple iPhone 16 Plus 128 GB Blue,80000,Used,"Chattogram, Baizid",19/09,https://bikroy.com/baizid/mobile-phones/apple-iphone-16-plus-128-gb-blue-wLToTUDmwibGcFFtHHMbESUq.html,5,2026-09-29T10:46:54.631446+00:00,individual,"iPhone 16 Plus will be sold. The phone is brand new and in good condition. Interested buyers please contact in inbox. Necessary detailed information, pictures and other things will be given in message.
Price: Taka
Location: Chattogram"
Apple iPhone 14 Pro Max 256 GB Blue,75000,Used,"Chattogram, Chawkbazar",19/09,https://bikroy.com/chawkbazar/mobile-phones/apple-iphone-14-pro-max-256-gb-blue-ypPp9Ei3UshSeCmnlQ36Bh7t.html,3,2026-09-29T10:46:55.316463+00:00,individual,"IPhone 14 Pro 256GB USA Variant — For Sale
iPhone 14 Pro 256GB USA variant will be sold. The phone is in very good condition and has no hardware or software issues.
 256GB Storage
 6GB RAM
 Battery Health: 78%
 Dual eSIM — No Physical SIM
 Face ID 100% OK
 True Tone 100% OK
 Camera & Display all okay
 No scratch"
Apple iPhone 14 Pro Max 128 GB Black,67990,Used,"Chattogram, CDA Avenue",4 hours ago,https://bikroy.com/cda-avenue/mobile-phones/apple-iphone-14-pro-max-128-gb-black-moEX7VePCwU0zRId8UoBc1Fk.html,4,2026-09-29T10:46:56.018950+00:00,individual,"14 pro max usa 128gb
battray 86%
full fresh 
15 days replacement gurranty 
1 year service warranty 
DecDecent,Finlay"
Apple iPhone 14 Pro Max 256 GB Purple,65000,Used,"Chattogram, Agrabad",12/09,https://bikroy.com/agrabad/mobile-phones/apple-iphone-14-pro-max-256-gb-purple-aoR0rCa42tuFwEthfUCOw8Ao.html,5,2026-09-29T10:46:56.375918+00:00,individual,"iPhone 14 Pro Max
3uTools score 98%
Storage 256GB
Battery health 80%
All parts original
Amazing camera
1 physical SIM, 1 eSIM
Face ID, True Tone, everything works great
No issues or problems at all
Check thoroughly before taking it
Cash memo and cover will be provided"
Apple iPhone 15 Plus 128 GB Black,70000,Used,"Chattogram, Kotwali, Chattogram",01/09,https://bikroy.com/kotwali/mobile-phones/apple-iphone-15-plus-128-gb-black-hKFitFgKBQLDFJAE9xNoherZ.html,3,2026-09-29T10:46:56.978804+00:00,individual,"Selling my iPhone 15 Plus.
✨ 99% fresh condition very well maintained.

📦 Original box 
✅ Everything is working perfectly
🔋 Battery health: 87%
🎨 Color: Black
💾 Storage: 128 GB
💰 Price: 70K
📍 Location: New market, Chittagong 
📩 Serious buyers, please inbox me.
No time-wasters, please. Thank you! 🙏"
Apple iPhone 11 128 GB Red,25000,Used,"Chattogram, Nasirabad",30/08,https://bikroy.com/nasirabad/mobile-phones/apple-iphone-11-128-gb-red-prMJ7ngVIzaTE6fVvo65j0qn.html,5,2026-09-29T10:46:57.610681+00:00,individual,কোনো সমস্যা নাই দেখে নিবেন যত খন ইচ্ছা চেক করে নিতে পারেন
Apple iPhone 13 128 GB White,39000,Used,"Chattogram, Nasirabad",18 hours ago,https://bikroy.com/nasirabad/mobile-phones/apple-iphone-13-128-gb-white-xmW8PUiKzCEoa5hHbiUdrRg9.html,5,2026-09-29T10:46:58.316061+00:00,individual,"iPhone 13 
Color: White
128GB 
Battery Health: 78% 
Japanese variant
Cash memo 
1 cover 🫶"
Apple iPhone 13 128 GB White,41000,Used,"Chattogram, Chawkbazar",02/09,https://bikroy.com/chawkbazar/mobile-phones/apple-iphone-13-128-gb-white-5KQRFl6JuDSkUHDpQe21PlHy.html,4,2026-09-29T10:46:58.821614+00:00,individual,"Battery health 86%
Conditions:Fresh 
Variants: japan
Used: 1 months"
New Apple iPhone 11 128 GB Green,24999,Brand New,"Chattogram, Fatikchari",22/09,https://bikroy.com/fatikchari/mobile-phones/new-apple-iphone-11-128-gb-green-w4gxNlG00v9Y5S5kKcgGpOrC.html,5,2026-09-29T10:46:59.313595+00:00,individual,"Bought from Kuwait brand new in 2022.
First user - single hand use kora as main device.
Full body poly kora.
Like brand new condition.
128GB Variant,
Battery health 74 still nice usable backup.
No repair history, All parts genuine.
Not a single problem except display te halka crack ache but using e akto poriman prblm hoi na.
Location Chittagong."
Apple iPhone 13 Mini 256 GB Red,36000,Used,"Chattogram, Sholashahar",18/09,https://bikroy.com/sholashahar/mobile-phones/apple-iphone-13-mini-256-gb-red-uIPL31w2hSgrJ8mT7mv58rQm.html,5,2026-09-29T10:46:59.904509+00:00,individual,"iPhone 13 mini
Rom: 256GB
Battery Health: 81% Genuine
Face ID
True Tone
AA/A Variant...
No repair history
All everything genuine
Camera boom
Check and take as much as you like
Must come to location if buying
Location... 2nd gate
Only phone + security whatever is needed"
Apple iPhone 11 128 GB White,30000,Used,"Chattogram, Bandar, Chattogram",01/09,https://bikroy.com/bandar/mobile-phones/apple-iphone-11-128-gb-white-hyqj3QzlP9Zy8XEBS7myhEUA.html,5,2026-09-29T10:47:00.439365+00:00,individual,"Urgent sell. One hand use, secure, battery health 91%"
Apple iPhone 14 128 GB White,44990,Used,"Chattogram, CDA Avenue",4 hours ago,https://bikroy.com/cda-avenue/mobile-phones/apple-iphone-14-128-gb-white-i9wkjm7v34rrOZyc7WVHe3gG.html,3,2026-09-29T10:47:01.084493+00:00,individual,"iPhone 14 — Hot Deal at Decent 

Apple iPhone 14 (Global)

128GB | 🔋 Enjoy 84% Battery Health



Capture stunning photos with a Powerful Camera for daily use

Delivery Available |

15-day replacement guarantee | Lifetime service warranty 018XXXXXXXX"
Apple iPhone 12 Pro Max 128 GB Gray,42000,Used,"Chattogram, Chawkbazar",08/09,https://bikroy.com/chawkbazar/mobile-phones/apple-iphone-12-pro-max-128-gb-gray-eNAB777gAcM45kKzk4WMHYKl.html,3,2026-09-29T10:47:01.674484+00:00,individual,"Grey
128 gb
BT 82% authentic 
Cash memo ,cable Nid"
Apple iPhone 13 Pro Max 256 GB Green,52000,Used,"Chattogram, Halishahar",04/09,https://bikroy.com/halishahar/mobile-phones/apple-iphone-13-pro-max-256-gb-green-bp7o8ns6SSs5nOWIePtBEe8x.html,3,2026-09-29T10:47:02.310221+00:00,individual,Green iPhone 13 Pro Max. No box.
Apple iPhone 11 256 GB White,33000,Used,"Chattogram, Mirsharai",06/09,https://bikroy.com/mirsharai/mobile-phones/apple-iphone-11-256-gb-white-dR2RICTSDjwduSY51eCceNPT.html,3,2026-09-29T10:47:03.036633+00:00,individual,"Ipon 11
ব্যটারি:৮৮
পেস আইডি :ok
ওয়াটারপ্রুর্ব:ok
বক্স আচে 
চার্জার ওরজনাল
দাম।:৩৩০০০"
Apple iPhone 12 mini 64 GB Purple,27000,Used,"Chattogram, Mirsharai",18/09,https://bikroy.com/mirsharai/mobile-phones/apple-iphone-12-mini-64-gb-purple-A6CA32nYqKv7ui3Qi2hImmxR.html,3,2026-09-29T10:47:03.723003+00:00,individual,"Battery 83%
Face ID and True Tone are ok
Charger is available"
Apple iPhone 13 Pro 256 GB Gold,52000,Used,"Chattogram, Baizid",30/08,https://bikroy.com/baizid/mobile-phones/apple-iphone-13-pro-256-gb-gold-eTglSrjdPywk3MyKv3a6DKLy.html,5,2026-09-29T10:47:04.252274+00:00,individual,"📱 iPhone 13 Pro Gold | 256GB | USA 🇺🇸

✨ BH 89% | 99% Fresh
✨ No Dent/Scratch
✨ Water Resistance
✨ Excellent Battery Backup, MashaAllah ❤️
✨ Single Physical SIM + eSIM
✨ প্রায় ২ মাস ব্যবহার
✨ Unique Point থেকে নেওয়া + Cash Memo
✨ Security দেওয়া যাবে

💰 Asking: 52,000৳
📍 Aturar Dipu, Nur Tower 018XXXXXXXX"
Apple iPhone 14 Pro Max 256 GB Black,52000,Used,"Chattogram, Agrabad",03/09,https://bikroy.com/agrabad/mobile-phones/apple-iphone-14-pro-max-256-gb-black-hMp1Uvau7xfjnWN8UUxqh7oJ.html,4,2026-09-29T10:47:05.130301+00:00,individual,"iPhone 14 Pro Max USA Variant - 256 GB

Dull E-Sim👉

Phone Fresh Aca
Change History
Display Change But GX Original
Camera Change But Original
Battery Change But High Capacity Lagano.

Valo Android Mobile thakla Exchange kortha parben📱"
Apple iPhone 11 Pro Max 256 GB Silver,30000,Used,"Chattogram, Agrabad",04/09,https://bikroy.com/agrabad/mobile-phones/apple-iphone-11-pro-max-256-gb-silver-ax3QcNtt3WVkQyt72iHQBhYV.html,5,2026-09-29T10:47:05.611826+00:00,individual,"Kono issues nei phone chalay moja paben ar ha kono sommosa  nai phone a just old model 
79% bh"
Apple iPhone 16 Pro 256 GB,110000,Used,"Dhaka, Mohammadpur",31/08,https://bikroy.com/mohammadpur/mobile-phones/apple-iphone-16-pro-256-gb-WIoXO5kOg1Ez1of1jaR3IpV.html,4,2026-09-29T10:47:06.416320+00:00,individual,"Single handed use and full authentic 
No repair history 
Still have 1 month warranty"
Apple iPhone 17 Pro Max 1 TB Blue,186000,Used,"Dhaka, Shyamoli",1 hour ago,https://bikroy.com/shyamoli/mobile-phones/apple-iphone-17-pro-max-1-tb-blue-mxRsJSSu7GpUvJQWhihoKaud.html,3,2026-09-29T10:47:06.854175+00:00,individual,"Apple iPhone 17 Pro Max 1TB Blue
 1TB Storage
 100% Battery Health
Australia Version (Physical SIM + eSIM)
 Like New Condition
 Stunning Blue Color
 Best Price"
Apple iPhone 16 Pro Max 256 GB Black,123000,Used,"Dhaka, Basundhara",19/09,https://bikroy.com/basundhara/mobile-phones/apple-iphone-16-pro-max-256-gb-black-cZX6DU4UtyEqxztfpV1S512i.html,5,2026-09-29T10:47:07.512877+00:00,individual,"Iphone 16 pro max 
Battery Health 90%
256GB
USA Variant 
Fresh Condition no issues
With Box and Cable"
Apple iPhone 17 Pro 256 GB Orange,134000,Used,"Dhaka, Jamuna Future Park",7 hours ago,https://bikroy.com/jamuna-future-park/mobile-phones/apple-iphone-17-pro-256-gb-orange-6irIEhD0fGhPk1kfhpRO8orZ.html,5,2026-09-29T10:47:08.080974+00:00,individual,"Specifications:
Model: iPhone 17Pro 
Storage: 256
Battery Health: 100%
Japan Variant
 Special Benefits:
 Smooth performance
 Attractive and premium design
 Facility to check and buy
Warranty : 10days Replacement Guarantee and 1year service Warranty. 
 Shop Name: GIB
 Address:
Jamuna Future Park, West Court, Level-4, Block-A, Shop No: 28A1, Dhaka."
Apple iPhone 16 Pro Max 256 GB,119000,Used,"Dhaka, Savar",19/09,https://bikroy.com/savar/mobile-phones/apple-iphone-16-pro-max-256-gb-ilMPnEdO2vguf69F9x2w66QJ.html,5,2026-09-29T10:47:08.777660+00:00,individual,"Phone is in full fresh condition, just selling it because I will get an 18 Pro Max."
Apple iPhone 17 Pro 256 GB Orange,122000,Used,"Dhaka, Mirpur",16/09,https://bikroy.com/mirpur/mobile-phones/apple-iphone-17-pro-256-gb-orange-7J9zMOAw7codPQE34n05hSRA.html,5,2026-09-29T10:47:09.463976+00:00,individual,"iPhone 17 Pro orange color with customized dual physical SIM and e-SIM. No cracks or scratches.
For more details-"
Apple iPhone 17 Pro 256 GB Orange,130000,Used,"Dhaka, Uttara",4 hours ago,https://bikroy.com/uttara/mobile-phones/apple-iphone-17-pro-256-gb-orange-8P0i5IV54pBElcifYXcFI6sR.html,3,2026-09-29T10:47:10.018857+00:00,individual,"iPhone 17 Pro 
 Storage: 256GB
 Color: Cosmic Orange 
 Battery Health: 99%
 Variant: Global
 SIM: Physical SIM + eSIM
 Excellent Condition
 A19 Pro Chip
 6.3"" Super Retina XDR OLED | ProMotion 120Hz
 Exchange Hub
 Shop No: 610, 611, 628 & 629, Level-6
Tropical Alauddin Tower, Sector 3, Road 2
Rajlaxmi, Uttara, Dhaka"
Apple iPhone 16 Pro Max 256 GB Black,115000,Used,"Dhaka, Badda",05/09,https://bikroy.com/badda/mobile-phones/apple-iphone-16-pro-max-256-gb-black-pwuGYdPCC3J1hw7x0QJw1QXO.html,5,2026-09-29T10:47:10.712407+00:00,individual,"Iphone 16 pro max 256gb usa variant 100 bh cycle count 75 .warranty available March,2027 ."
Apple iPhone 17 Pro 512 GB Orange,162000,Used,"Dhaka, Baridhara",5 hours ago,https://bikroy.com/baridhara/mobile-phones/apple-iphone-17-pro-512-gb-orange-ufyEPY8ExtudxSrHg7s3LGpG.html,3,2026-09-29T10:47:11.290045+00:00,individual,"IPhone 17 pro GB 512/Bh/100%cc145
Contact 018XXXXXXXX"
Apple iPhone 17 Pro Max 256 GB Silver,136490,Used,"Dhaka, Savar",7 hours ago,https://bikroy.com/savar/mobile-phones/apple-iphone-17-pro-max-256-gb-silver-BJfpvB7b9Cl75Q9hnro6FvPJ.html,5,2026-09-29T10:47:11.817010+00:00,individual,"Apple iPhone 17 Pro Max
256 Storage Global
Japan variant with box
BH-98% Authentic
Replacement Guarantee: 7 days
Warranty: 1 year without parts
Condition: 99.9% fresh
EMI facility available across 29 banks
Outside Dhaka delivery possible
Cash on delivery
Location:
Savar Nobinagar
Sena Shopping Complex
5th Floor, Shop No. E54
Mobile Gallery"
Apple iPhone 17 Pro 256 GB Orange,135000,Used,Dhaka,01/09,https://bikroy.com/dhaka/mobile-phones/apple-iphone-17-pro-256-gb-orange-7WSkLsjwq1EG7DkKwYFkMqXw.html,5,2026-09-29T10:47:12.478700+00:00,individual,"📱 iPhone 17 Pro (256GB) – Singapore Variant | Thailand Purchased 🇹🇭
Thailand Apple Store থেকে কেনা। Battery Health 94%, Cycle Count 298। Face ID, True Tone, Cameraসহ সবকিছু 100% ঠিকভাবে কাজ করে। কোনো hidden issue বা repair history নেই। Purchase documents available।
Purchased new from thiland on December 28
Call 016XXXXXXXX"
Apple iPhone 16 Pro Max 256 GB Black,120000,Used,"Dhaka, Mirpur",21/09,https://bikroy.com/mirpur/mobile-phones/apple-iphone-16-pro-max-256-gb-black-aETzyW1dOs74PMhdQGSCrSU6.html,3,2026-09-29T10:47:13.201998+00:00,individual,100 percent battery health no cracks
New Apple iPhone 17 Pro Max 512 GB Orange,200000,Brand New,"Dhaka, Dhanmondi",25/09,https://bikroy.com/dhanmondi/mobile-phones/new-apple-iphone-17-pro-max-512-gb-orange-3XrrfzJc2V7wsAbrCFXNsq6O.html,3,2026-09-29T10:47:13.716152+00:00,individual,"Brand new sealed box. Purchased June 20, 2026. Never opened. Factory warranty from Apple 1 year."
Apple iPhone 16 Pro Max 256 GB Silver,119000,Used,"Dhaka, Dhanmondi",1 hour ago,https://bikroy.com/dhanmondi/mobile-phones/apple-iphone-16-pro-max-256-gb-silver-yZEFBaLTpC1d1CwLsoEF25ro.html,5,2026-09-29T10:47:14.525321+00:00,individual,"iPhone 16 Pro Max
256GB
Natural Titanium
With box
89% battery health
Water resistant
602 charging cycles
Singapore variant
1 physical SIM, 1 eSIM
Full fresh condition
Not a single scratch or dent
Location: Dhanmondi 15"
Apple iPhone 14 Pro 128 GB Gold,65000,Used,"Dhaka, Savar",03/09,https://bikroy.com/savar/mobile-phones/apple-iphone-14-pro-128-gb-gold-n9ALReZMbwWe7pQovgea5faj.html,4,2026-09-29T10:47:15.113298+00:00,individual,"📱 iPhone 128GB — Singapore Variant 🇸🇬



✅ Storage: 128GB
🔋 Battery Health: 72%
📦 Original Box আছে
🇸🇬 Singapore Variant
👤 আমি প্রথম মালিক
🔧 কোনো Repair/Replacement করা হয়নি
✨ ফোনের কন্ডিশন ভালো, দেখে-শুনে নিতে পারবেন

💯 Genuine Buyer হলে যোগাযোগ করুন।
🤝 সামনাসামনি দেখে, চেক করে তারপর নেবেন।

📩 Interested হলে Inbox করুন।"
Apple iPhone 15 Pro 512 GB Black,82000,Used,"Dhaka, Dhanmondi",20/09,https://bikroy.com/dhanmondi/mobile-phones/apple-iphone-15-pro-512-gb-black-dKMjBpNccKo1uZImD2Dqorov.html,5,2026-09-29T10:47:15.832886+00:00,individual,"Used with great care, fresh condition. Face ID, all cameras, display, touch, speaker, button, and port are fully functional. No repair or modification has been done. Battery Health 77% - Original Apple Battery, never replaced or boosted. Comes with box and 2 cases | Dhanmondi 7A, Dhaka | | The phone can be inspected and verified, and reasonable negotiation is possible."
Apple iPhone 16 128 GB Black,77999,Used,"Dhaka, Bashundhara City",5 hours ago,https://bikroy.com/bashundhara-city/mobile-phones/apple-iphone-16-128-gb-black-q9H1d1Apot1uCNsDaiJOYa73.html,5,2026-09-29T10:47:16.537934+00:00,individual,"✨ iPhone 16 — 128GB ✨
🇸🇬 Singapore Variant
🔋 Battery Health: 100%

🔰7 Days Replacement without display, parts & condition 
🔰 12 months Service Warranty

🏢 Visit Our Shop
Basement-2, Shop No: 94 
Basundhara City Shopping Complex 
Panthapath Dhaka 1215 
👉 Escalator দিয়ে নিচে নামার পর হাতের বাম পাশেই সহজে আমাদের শপটি খুঁজে পাবেন।"
Apple iPhone 15 Pro Max 256 GB Blue,92000,Used,"Dhaka, Uttara",5 hours ago,https://bikroy.com/uttara/mobile-phones/apple-iphone-15-pro-max-256-gb-blue-3nC8LTRIkcMpV8TT1JJkkCln.html,3,2026-09-29T10:47:17.070726+00:00,individual,"iPhone 15 Pro Max 
 Storage: 256GB
 Color: Blue Titanium 
 Variant: Dubai
 SIM: Physical SIM + eSIM
 Battery Health: 84%
 Condition: Pre-Owned
 6.7"" Super Retina XDR OLED | 120Hz
 Exchange Hub
 Shop No: 610, 611, 628 & 629, Level-6
Tropical Alauddin Tower, Sector 3, Road 2
Rajlaxmi, Uttara"
Apple iPhone 14 128 GB Blue,49500,Used,"Dhaka, Mirpur",15/09,https://bikroy.com/mirpur/mobile-phones/apple-iphone-14-128-gb-blue-5CBT3EmyEBFCyg45fMmfcuXx.html,5,2026-09-29T10:47:17.778335+00:00,individual,"Completely fresh condition, no issues at all."
Apple iPhone 14 Pro Max 512 GB Purple,79999,Used,"Dhaka, Uttara",05/09,https://bikroy.com/uttara/mobile-phones/apple-iphone-14-pro-max-512-gb-purple-zWuX37R70lB14m4FrocPIMJM.html,5,2026-09-29T10:47:18.515921+00:00,individual,Phone full fresh no change no cracks price all most fixed
Apple iPhone 16 Pro Max 256 GB Black,105000,Used,"Dhaka, Jatrabari",7 hours ago,https://bikroy.com/jatrabari/mobile-phones/apple-iphone-16-pro-max-256-gb-black-7oLLlkhq7dGS7B2EZeq2nO9J.html,3,2026-09-29T10:47:19.157134+00:00,individual,"আসসালামু আলাইকুম
Wellcome to Gadget Exchange BD
 
♦️All perfect working

🔰 ক্রয়/বিক্রয় ও এক্সচেঞ্জ মানেই gadget Exchange BD

🔷100% জেনুইন প্রোডাক্ট পেতে চলে আসুন আমাদের দোকানে

📝With cash memo

✅ 7 Day's Replacement

✅ 1 Year's service warranty without Parts


Gadget Exchange BD 
দোকান নং,৬৭ (৩য় তলা)
বিক্রমপুর প্লাজা, জুরাইন রেলগেট ঢাকা-১২০৪"
Apple iPhone 14 128 GB Blue,53500,Used,"Dhaka, Dhanmondi",5 hours ago,https://bikroy.com/dhanmondi/mobile-phones/apple-iphone-14-128-gb-blue-w3OlY4Xr1JNSGD90kifdGFTa.html,5,2026-09-29T10:47:19.919483+00:00,individual,"iPhone 14 
128 GB
84% BH
Without box
Price :"
Apple iPhone 16 Pro 128 GB,95000,Used,"Dhaka, Mohammadpur",5 hours ago,https://bikroy.com/mohammadpur/mobile-phones/apple-iphone-16-pro-128-gb-2X4UJWabugdbAdhVL6jb2Djr.html,3,2026-09-29T10:47:20.572213+00:00,individual,"Name:Iphone 16 Pro
 Color:Natural Titanium Bh 88%
 Storage:128GB
Limited warranty 10 September 2026
  Used like new
 WithFull box
Price:-Call for best price 
Used Mobile: 3Days replacement & 6months service warrenty or New mobile: 7days replacement & 1year service warrenty included  
Contact number 018XXXXXXXX"
Apple iPhone 16 Pro 128 GB Black,87990,Used,"Dhaka, Uttara",1 hour ago,https://bikroy.com/uttara/mobile-phones/apple-iphone-16-pro-128-gb-black-dvzGMbirPUgKRdRerF9xFBrt.html,3,2026-09-29T10:47:21.069853+00:00,individual,"Western Mobile Fair
 # Shop No. 614/622/623/625 (Level #6) Tropical Alauddin Tower Uttara 
 Dear Honourable Coustomer 
 100% original device
 Full Factory unlock 
 EMI Available On . 31 Banks credit card. Thanks for being with us."
Apple iPhone 16 128 GB Blue,69000,Used,"Dhaka, Jamuna Future Park",15/09,https://bikroy.com/jamuna-future-park/mobile-phones/apple-iphone-16-128-gb-blue-xqOyQT0bgQAfnOOoBDm1iMS3.html,3,2026-09-29T10:47:21.772225+00:00,individual,"iPhone 16 128GB, 85% Battery Health, Australia Variant with box! Ultramarine color, full fresh condition with no dents or scratches."
Apple iPhone 12 Pro Max 256 GB Blue,53000,Used,"Dhaka, Farmgate",7 hours ago,https://bikroy.com/farmgate/mobile-phones/apple-iphone-12-pro-max-256-gb-blue-aRsLH1NamiWlxD0frAU1gy2G.html,2,2026-09-29T10:47:22.510637+00:00,individual,"Singapore Variant
256GB
10-day replacement guarantee
2-year service warranty
Fast and secure courier service across the country
Attractive exchange offers
Emon Gadget Point
Basement-1, Shop-84
Bashundhara City Shopping Mall"
New Apple iPhone 13 Pro Max 128 GB Green,65500,Brand New,"Dhaka, Dhanmondi",4 hours ago,https://bikroy.com/dhanmondi/mobile-phones/new-apple-iphone-13-pro-max-128-gb-green-nBgS9XYEHc1xripgVIivK0Fw.html,5,2026-09-29T10:47:23.170318+00:00,individual,Phone Box cashmemo only
Apple iPhone 15 Pro 256 GB Blue,80000,Used,"Dhaka, Jamuna Future Park",2 hours ago,https://bikroy.com/jamuna-future-park/mobile-phones/apple-iphone-15-pro-256-gb-blue-cjDSIMBgl4fqGs17r94RqcP0.html,5,2026-09-29T10:47:23.669208+00:00,individual,"iPhone 15 Pro -Best condition 
• 256 GB Storage • 
• Color: Deep Blue
• USA(Dual eSIM)
• Battery Health: [86%]
• Absolutely fresh, no issues
• Face ID, Camera, True Tone all 100% OK 
• Box/Charger: None
• Price: 80000

We provide you:
7 days replacement guarantee
(without display & software update issue)
3 years free service warranty"
Apple iPhone 11 128 GB Black,25000,Used,"Dhaka, Sutrapur",08/09,https://bikroy.com/sutrapur/mobile-phones/apple-iphone-11-128-gb-black-rCHO687vRd1yUfeetqiYn4ZL.html,4,2026-09-29T10:47:24.425781+00:00,individual,I phone 11 128GB fresh condition nijer hate use kora phone kono dag ba scratch nai phone ekhono khola hoynai sob authentic ar bettary health 71% original bettary keu nite chaiale inbox
Apple iPhone 12 Pro 128 GB Blue,34000,Used,"Dhaka, Savar",10/09,https://bikroy.com/savar/mobile-phones/apple-iphone-12-pro-128-gb-blue-8JtslnvW50fvv5cPBzM9wWHE.html,3,2026-09-29T10:47:25.067573+00:00,individual,"My iPhone 12 Pro phone is for sale, it has been personally used and all functions work properly. The phone is in good condition.
Details:
* Model: iPhone 12 Pro
* Storage: 128GB
* Color: Pacific Blue
* Variant: US Variant
* Battery Health: 72%
* Box: None
* Charger: Available
Only interested buyers should contact. Reasonable offers will be considered."
Apple iPhone 12 Pro 128 GB Blue,40000,Used,"Dhaka, Agargaon",25/09,https://bikroy.com/agargaon/mobile-phones/apple-iphone-12-pro-128-gb-blue-oOC39oE8HrzxcOwLHxmW7OH9.html,3,2026-09-29T10:47:25.437808+00:00,individual,"Brand new condition fresh
77% Battery
Get 1 day full charge backup
No parts changed
100% authentic phone
Box and accessories will be provided."
Apple iPhone 13 256 GB Blue,32500,Used,"Dhaka, Mirpur",2 days ago,https://bikroy.com/mirpur/mobile-phones/apple-iphone-13-256-gb-blue-oPKYSZPo2vSpG0ItWWSQ5YaS.html,5,2026-09-29T10:47:26.165731+00:00,individual,"iPhone 13 (256GB) will be sold
 Storage: 256GB
 I Cloud phone er display lagano 
 Battery Health: 7%
 No box
 Face ID, issue camera, speaker, mic all are okay
 No problems, very good condition.
 Price: ______ taka (negotiable)
 Inbox if interested.4"
Apple iPhone 13 Pro 128 GB White,48000,Used,"Dhaka, Mirpur",02/09,https://bikroy.com/mirpur/mobile-phones/apple-iphone-13-pro-128-gb-white-58HJCcaLwtojTNZDDzbHEebJ.html,5,2026-09-29T10:47:27.024377+00:00,individual,Akdom new condition a ache kno scratch kicchu nei phn ata kena hoyechilo 2025 a kenar 6months a choto akta dot pore display teh tokhn er por r kno problem hoy ni ￼takar emergencyr karone sell korchi Bettery health88% bh 92% kinechilam
Apple iPhone 12 Pro Max 256 GB Gold,47000,Used,"Dhaka, Keraniganj",09/09,https://bikroy.com/keraniganj/mobile-phones/apple-iphone-12-pro-max-256-gb-gold-pgJ3tQXntTHkVPtA52K8t8vq.html,5,2026-09-29T10:47:27.417898+00:00,individual,"iPhone 12 Pro Max with cash memo

Storage 256gb

Golden color

Face ID True Tone okay

Battery health 100%

Everything original

Only battery change for ifix

3500 tk lagse battery backup onk bhalo

Adapter ankar

cable

any kind of security provide korbo

Price 47000

Location - keraniganj Kadamtoli"
Apple iPhone 11 64 GB Black,25500,Used,Dhaka,14/09,https://bikroy.com/dhaka/mobile-phones/apple-iphone-11-64-gb-black-kuOKd4Iq9iKf46dixJBHn3vw.html,5,2026-09-29T10:47:27.920111+00:00,individual,"✅ Model: iPhone 11
✅ Storage: 64GB
✅ Variant: USA
✅ Battery Health: 77%
✅ Face ID: 100% ঠিক আছে
✅ সবকিছু Original
✅ Charger দেওয়া হবে
❌ Box নেই

ফোনটি খুব যত্নসহকারে ব্যবহার করা হয়েছে। ফোন কখনো খোলা হয়নি, তাই যারা Original ও Unopened iPhone খুঁজছেন তাদের জন্য ভালো হবে।
💰 Price: 25,500 fixed"
Apple iPhone XS Max 64 GB Black,25000,Used,"Dhaka, Uttara",25/09,https://bikroy.com/uttara/mobile-phones/apple-iphone-xs-max-64-gb-black-cQI3mvMMAusASzSugoZZ2NqE.html,3,2026-09-29T10:47:28.601759+00:00,individual,"A completely good phone, only the battery has been replaced with a brand new Apple certified battery added. Due to setting the new battery, Face ID has stopped working. True Tone and display are all okay. Camera is super fresh, vibrant and ultra. Contact quickly if you want to purchase."
Apple iPhone 12 Pro Max 128 GB Blue,45000,Used,"Dhaka, Badda",2 days ago,https://bikroy.com/badda/mobile-phones/apple-iphone-12-pro-max-128-gb-blue-8RX1bNJBDYH0eNwEhEj2nLJW.html,4,2026-09-29T10:47:29.265665+00:00,individual,Condition ok Without box Battery 79 All ok
Apple iPhone XR 128 GB Blue,19000,Used,"Dhaka, Motijheel",02/09,https://bikroy.com/motijheel/mobile-phones/apple-iphone-xr-128-gb-blue-3SbeVvo3TYq62h237pS6WhW1.html,5,2026-09-29T10:47:29.851431+00:00,individual,"ফোন একদম নতুনের মতোই তবে একবার ফোন পানিতে পরে যাওয়ার পরে ফোন খুলতে হয়েছিলো হিট দেওয়ার জন্য , 
কোন কিছুই চেঞ্জ হয় নি।"
Apple iPhone 11 64 GB,29000,Used,"Dhaka, Mohammadpur",10/09,https://bikroy.com/mohammadpur/mobile-phones/apple-iphone-11-64-gb-mgzcWI2qBRDJMp5qzGU7BDRo.html,3,2026-09-29T10:47:30.672512+00:00,individual,"Battery Health 77%
with box
phone never opened"
Apple iPhone XS 256 GB Gold,20000,Used,"Dhaka, Gulshan",19/09,https://bikroy.com/gulshan/mobile-phones/apple-iphone-xs-256-gb-gold-mEGyF0QirEPyAzSaTrivQMsG.html,5,2026-09-29T10:47:31.203345+00:00,individual,"The phone is in very good condition, I will take iphone14pro so I am selling it, the phone only has battery changed, battery health 81. Whoever wants to take the phone please contact"
Apple iPhone 13 128 GB White,40000,Used,"Dhaka, Farmgate",2 days ago,https://bikroy.com/farmgate/mobile-phones/apple-iphone-13-128-gb-white-3o78PKpF8dU61xlUkDdZ1kJc.html,4,2026-09-29T10:47:31.754590+00:00,individual,"iPhone 13 White
Storage 128
USA Variant: 1 physical + 1 e-sim 
Face id, True tone all ok.
Battery health 78
No Dent, No scratch.

You will get
Phone & Cash memo

Location: Farmgate"
Apple iPhone 12 128 GB,34999,Used,"Dhaka, Basundhara",5 hours ago,https://bikroy.com/basundhara/mobile-phones/apple-iphone-12-128-gb-6jIq9lnIlNpdmjfjqlCrYmUA.html,5,2026-09-29T10:47:32.162560+00:00,individual,"iPhone 12 128GB
Battery Health 87%
Full Boxed
Clean condition, smooth performance & premium feel — still a beast for daily use!
Visit Our Shop
Basement-2, Shop No: 94
Bashundhara City Shopping Complex
Panthapath, Dhaka 1215
You can easily find our shop on the left side after going down the escalator."
Xiaomi 12S 256 GB Black,25000,Used,"Chattogram, Pahartali",25/09,https://bikroy.com/pahartali/mobile-phones/xiaomi-12s-256-gb-black-v5F0cMpsGBFpUOpSbh4r0OeV.html,3,2026-09-29T10:47:43.070838+00:00,individual,"Box, charger available.
Some liquid got into the volume up button due to using a UV protector glass. The up button does not work. Otherwise, the rest of the performance is ok. It is my secondary device."
Xiaomi Redmi Note 15 128 GB Black,26000,Used,"Chattogram, Chandgaon",31/08,https://bikroy.com/chandgaon/mobile-phones/xiaomi-redmi-note-15-128-gb-black-ywJDNiFSBV6L1oh1vHpUCpI5.html,3,2026-09-29T10:47:43.663524+00:00,individual,"Full box
Location : bahadarhat 018XXXXXXXX"
Xiaomi Redmi Note 14 4G 256 Gigabytes Black,21500,Used,"Chattogram, Baizid",12/09,https://bikroy.com/baizid/mobile-phones/xiaomi-redmi-note-14-4g-256-gb-black-qbSU0ng6T5p6KQXKhDYtRDYh.html,5,2026-09-29T10:47:53.127004+00:00,individual,"Interested to sell Redmi note 14 official device 
Device details 
1. The phone is completely fresh 
2. Camera performance is fantastic. 
3. Battery performance is fantastic. You can easily run it for a day and play games. 
4. To buy the phone you must come to the location. 
Location :Baluchra, Bayezid, Chittagong. Price can be reduced somewhat upon negotiation."
Xiaomi Redmi Note 13 Pro+ 256 GB Black,26000,Used,"Chattogram, Khulshi",31/08,https://bikroy.com/khulshi/mobile-phones/xiaomi-redmi-note-13-pro-256-gb-black-VKAmVpljP9od9lam5Y4eKxo.html,4,2026-09-29T10:47:53.828742+00:00,individual,"The mobile has no problems at all, completely fresh. Location: you have to come and see it. I need money urgently, so I am selling it. The mobile is completely fresh with no problems. Contact Number 013XXXXXXXX"
OnePlus 7T Pro McLaren Edition 256 GB Black,21999,Used,"Chattogram, Agrabad",31/07,https://bikroy.com/agrabad/mobile-phones/oneplus-7t-pro-mclaren-edition-256-gb-black-ajcuzTBgKIP7rHlVgqSukj6p.html,3,2026-09-29T10:47:57.985939+00:00,individual,"RAM/ROM - 12/256 
For sale"
OnePlus Nord 4 256 GB,24000,Used,"Rajshahi, Paba",16/09,https://bikroy.com/paba/mobile-phones/oneplus-nord-4-256-gb-tYcf2VLscVcevb4GKASWCr3O.html,4,2026-09-29T10:47:59.173899+00:00,individual,"Emergency Sell Post
OnePlus Nord 4
8/256 UFS 4.0 
Snapdragon 7 Plus Gen 3 (Gaming Phone) 
5500 mAh Battery
Full fresh condition
Price: 23500 Tk (Almost Fixed) 
Those whose budget is below 20 please skip! 
Location: Rajshahi, Katakhali (Must come to the location)"
Apple iPhone 13 Pro Max 256 GB Blue,60000,Used,"Dhaka, Jatrabari",15/09,https://bikroy.com/jatrabari/mobile-phones/apple-iphone-13-pro-max-256-gb-blue-rsdiCVafNsuMRa9RvDuLPVhW.html,5,2026-09-29T10:48:00.782636+00:00,individual,"Assalamulaikum 
Iphone 13 pro max 
256gb Box available 
90% battery health  (original) 
Face id ok 
True tone ok 
Nothing changed all ok 
Phone looks just like new, you will love it at first sight, you must come to the location 
Location : Jatrabari Tony Tower , (Dhaka ,Jatrabari )"
New Nothing Phone 4a Pro 256 GB Black,64990,Brand New,Dhaka,8 hours ago,https://bikroy.com/dhaka/mobile-phones/new-nothing-phone-4a-pro-256-gb-black-drOqjtvNcbTwy6aIRWrsrui7.html,2,2026-09-29T10:48:01.437401+00:00,individual,"Nothing 4A PRO (12/256) Brand new inactive
Price: 64,990/- (Best Price ever)

Every smartphone includes:
10-day replacement guarantee
2-year service warranty
Our Shop Address
For Smartphone
Basement- 1, Shop- 84
Bashundhara City Shopping Mall"
Xiaomi Redmi Note 13 Pro+ 256 GB White,25000,Used,"Chattogram, Patenga",16/09,https://bikroy.com/patenga/mobile-phones/xiaomi-redmi-note-13-pro-256-gb-white-dxD9TJNoFh6PrkHouahVwCYU.html,5,2026-09-29T10:48:02.528768+00:00,individual,"You can check it out, it looks brand new. Price is slightly negotiable. My asking price is twenty-five thousand. The phone comes with its full box and charger."
New Xiaomi Redmi Note 14 Pro 256 GB Blue,28000,Brand New,"Chattogram, Halishahar",19/09,https://bikroy.com/halishahar/mobile-phones/new-xiaomi-redmi-note-14-pro-256-gb-blue-dki5UzgSaKYiCmGQxOueOcWO.html,5,2026-09-29T10:48:03.279227+00:00,individual,"I need money, it has been used for only 7 months"
New Xiaomi 256 GB Red,32999,Brand New,"Chattogram, Agrabad",4 hours ago,https://bikroy.com/agrabad/mobile-phones/new-xiaomi-256-gb-red-u9kWlwWHHVy4DLdThSEyAHVs.html,3,2026-09-29T10:48:03.985979+00:00,individual,"To know the price of any updated product, stay with us by giving a like & follow to our page. Our page link -
** To buy a phone on installment, call or message on WhatsApp to our given number on Bikroy.
 ____________
Address:
Shop- 537, Level - 5 (Capsule Lift's 4,
Straight out of the lift is Zojobd)
Akhtaruzzaman Center,
Agrabad, Chattogram."
Xiaomi 11T Pro 256 GB Blue,15000,Used,"Rajshahi, Uposahar",17 hours ago,https://bikroy.com/uposahar/mobile-phones/xiaomi-11t-pro-256-gb-blue-sL6gkNavLVOCPww6Qb1bluuS.html,3,2026-09-29T10:48:05.216330+00:00,individual,Wonderful OK wonderful OK wonderful OK
OnePlus 13s 256 GB Black,54000,Used,"Dhaka, Jatrabari",4 hours ago,https://bikroy.com/jatrabari/mobile-phones/oneplus-13s-256-gb-black-7CLo9mFzgZPlI2kPKJ6h2RV8.html,4,2026-09-29T10:48:07.120880+00:00,individual,"Oneplus 13s (12-256) full fresh condition 
Memo available 
Location: Dhaka Jurain Bikrampur Plaza. Level-3. Shop-42
Call. WhatsApp 019XXXXXXXX"
OnePlus 12 512 GB Green,53500,Used,"Dhaka, Ramna",23/09,https://bikroy.com/ramna/mobile-phones/oneplus-12-512-gb-green-cCFJeTYRCxqff0CYA1bV6C4S.html,3,2026-09-29T10:48:07.614402+00:00,individual,"Battery Health - 94%

Body Full Fresh. No Scratch Dent. Never Opened.

Box + Cash Memo + Cable + 4 Unique Cover Cases

Only bottom speaker does not work.. No other issue.

Price Slightly Negotiable

Body is completely fresh. Used with a protector since the day of purchase. Selling because I use an iPhone as my primary phone."
OnePlus 11R 256 GB Black,27000,Used,"Rajshahi, Kazla",26/08,https://bikroy.com/kazla/mobile-phones/oneplus-11r-256-gb-black-5YoUDRq3Pi6EbohPNJVZMfHv.html,3,2026-09-29T10:48:08.980739+00:00,individual,"Fully fresh phone with no problems 16/256 price fixed, please ignore if you don't like the price"
Apple iPhone 17 Pro Max 256 GB Black,150000,Used,"Dhaka, Badda",28/08,https://bikroy.com/badda/mobile-phones/apple-iphone-17-pro-max-256-gb-black-as6wG8a1pMKfuB2eZe7fYtUK.html,4,2026-09-29T10:48:11.074278+00:00,individual,"iPhone 17 pro Max 
USA variant
Battery health 98%
Storage 256GB 
Negotiable just Kichu scratches and ekta Dent ache nothing else With Box"
Apple iPhone 14 Pro Max 512 GB Purple,75000,Used,"Dhaka, Savar",14/07,https://bikroy.com/savar/mobile-phones/apple-iphone-14-pro-max-512-gb-purple-rqawkjCrVbYD7AkXgxZ0MwTF.html,5,2026-09-29T10:48:11.514967+00:00,individual,"Phone is all okay.
Nothing has been changed.
Waterproof is available.
You can check it as much as you want.
Battery Health: 76%"
Apple iPhone 14 Pro Max 256 GB Purple,67899,Used,"Dhaka, Savar",10/08,https://bikroy.com/savar/mobile-phones/apple-iphone-14-pro-max-256-gb-purple-r8c67Df9IADKHwJ6AfH7ouCO.html,5,2026-09-29T10:48:12.127086+00:00,individual,"Iphone 14 pro max 256gb with box
77% battery’s health, physical and esim. nothing changes just Backshall broken. R kono somossa nai, jodi keo kinte chan tobe call ba msg koren, jara real byar na tara plz ignore this post. price almost fixed."
Nothing Phone 4a 256 GB Blue,40990,Used,"Dhaka, Rampura",1 hour ago,https://bikroy.com/rampura/mobile-phones/nothing-phone-4a-256-gb-blue-8bQe5s49akNvSfWPOzrjyoE1.html,3,2026-09-29T10:48:12.683597+00:00,individual,"Nothing 4a 5G 8+256GB As Like New condition 
No internal or external problem 
Only device and cash memo 
More information call 
Address: Molla Tower Shopping complex, Rampura, Dhaka. 
Opposite BTV centar 
3rd floor, shop no-406."
Nothing Phone 3a Pro 256 GB Silver,43500,Used,"Dhaka, Savar",7 hours ago,https://bikroy.com/savar/mobile-phones/nothing-phone-3a-pro-256-gb-silver-rb4esxx9tuUmVrUSHfD6xNG6.html,5,2026-09-29T10:48:13.534606+00:00,individual,"Nothing 3a pro | 8GB RAM | 256GB Storage
An extraordinary smartphone with flagship performance and premium design. Buy with confidence after thorough inspection.
 7-day replacement guarantee, 1-year service warranty, opportunity to test the phone before purchase
 E-195A, Level-5 (Lift-4), Sena Shopping Complex, Nabinaagar, Sayer, Dhaka. Weekly holiday: Sunday"
Nothing Phone 3 256 GB Black,54990,Used,"Dhaka, Mohammadpur",4 hours ago,https://bikroy.com/mohammadpur/mobile-phones/nothing-phone-3-256-gb-black-vXry2XSWEr1r0HKxdKUBVZXL.html,3,2026-09-29T10:48:14.075636+00:00,individual,"Nothing Phone 3
India Global Version 
Pre-Owned Devices 
12Gb Ram 256Gb Storage 
Fresh Conditions 
Black Color 
7-day replacement and 1-year service warranty
Reach Us
Phonomania
Shop No: 623, Level-6
Tokyo Square
Japan Garden City, Ring Road
Mohammadpur, 1207"
OnePlus Nord CE4 128 GB Gray,25000,Used,"Rajshahi, Godagari",31/08,https://bikroy.com/godagari/mobile-phones/oneplus-nord-ce4-128-gb-gray-tOPOHsdjpU1HWvdE2K4fWrJx.html,5,2026-09-29T10:48:14.728353+00:00,individual,Sell post. Enjoy a pristine condition phone with no scratches or issues. Model: OnePlus Nord CE 4. RAM/ROM: 8/128. Battery: 5500mAh.
OnePlus Nord CE5 256 GB White,28000,Refurbished,"Rajshahi, Boalia",10/07,https://bikroy.com/boalia/mobile-phones/oneplus-nord-ce5-256-gb-white-wj0WPw73PjMKDKS3F6oGNvwL.html,5,2026-09-29T10:48:15.484562+00:00,individual,"The phone name is OnePlus Nord CE5. It is in full fresh condition, comes with the full box and charger."
New OnePlus 15 512 GB White,92000,Brand New,"Dhaka, Motijheel",18/09,https://bikroy.com/motijheel/mobile-phones/new-oneplus-15-512-gb-white-3HMBMUkvwNMC7T7grnu6DLyU.html,5,2026-09-29T10:48:16.036760+00:00,individual,"One Plus 15
One Of The Best Flagship
Phone 2026
Indian Global 
Battery Health 100%
99% fresh And Clean 
Warranty Available 7/8 Month 
Ram Rom 16/512 GB,
7300 Big Battery life Almost
12 Hours Plus,
68/69/69k Highest Waterproof,
50/50/50 Flagship Camera
120× Optical Zoom,
More Details About Phone Please Check Google"
OnePlus Nord CE 2 5G 128 GB Black,24000,Used,"Dhaka, Mogbazar",05/09,https://bikroy.com/mogbazar/mobile-phones/oneplus-nord-ce-2-5g-128-gb-black-UZd0YUTedMfTYYXUr96Qzuq.html,5,2026-09-29T10:48:16.825324+00:00,individual,"All ok mobile, not any Single problem all good. 2 year used ami brand new kinecilam Bashundhara market theka, sell reason - iPhone kinbo ty. Mobile er box soho everything sob kichu ace
Location : Moghbazar, chairmaingoli masjid"
OnePlus Nord CE 3 Lite 5G 128 GB Purple,19000,Used,"Dhaka, Dhanmondi",21/09,https://bikroy.com/dhanmondi/mobile-phones/oneplus-nord-ce-3-lite-5g-128-gb-purple-dCeE0nkbQ880hqnhzUuJkcZ7.html,3,2026-09-29T10:48:17.525008+00:00,individual,"Absolute fresh condition, bought in 2023, no problems with the mobile."
OnePlus 9 256 GB Black,25000,Used,"Dhaka, Jatrabari",31/08,https://bikroy.com/jatrabari/mobile-phones/oneplus-9-256-gb-black-d6MbaNu1hWgnHF98tc92Eu0x.html,5,2026-09-29T10:48:18.234043+00:00,individual,"Name : Oneplus 9 5G
Model : LE2115
OxygenOS 14.0
Ram : 12GB+ extra 12GB
Rom : 256GB
Processor : Qualcomm Snapdragon 888 Octa-core
Battery: 4500 mAh
Camera: Front 16MP
                Rear 48MP+50MP+2MP
Android Version: 14
Price : 25k

Display Change But Oreginal .
Backshell change.
Charging stability is good .
Best gaming performance."
Xiaomi Redmi 10X Pro 128 GB Red,15000,Used,"Rajshahi, Paba",15/09,https://bikroy.com/paba/mobile-phones/xiaomi-redmi-10x-pro-128-gb-red-wLsUfteCnbPCSUnWIS6t2nJ5.html,5,2026-09-29T10:48:18.780499+00:00,individual,"Redmi Note 10 Pro 6/128GB will be sold
 RAM/ROM: 6GB / 128GB
 Display: Good
 Camera: Good
 Performance: Good
 Box + Original Charger: Available
 Fingerprint: Does not work
 Touch: ok
 Cover: Will be provided with it
 Location 1: Damkura, Rajshahi
 Location 2: Amchottor, Amorpur, Sopura, Rajshahi
 
 Inbox if interested."
Xiaomi Redmi Note 14 4G 128 GB Silver,19500,Used,"Rajshahi, Charghat",26/09,https://bikroy.com/charghat/mobile-phones/xiaomi-redmi-note-14-4g-128-gb-silver-2HQqTeaBolySpeVjc19e2gmH.html,5,2026-09-29T10:48:19.632918+00:00,individual,"The phone is completely fresh and used with one hand. There are no scratches, almost like new. There are no problems, no scratches anywhere, no cracks, and some price can be reduced for this phone, its price is"
Apple iPhone 12 Pro 256 GB Black,40000,Used,Rajshahi,06/06,https://bikroy.com/rajshahi/mobile-phones/apple-iphone-12-pro-256-gb-black-BRRJ8qHAqnozhKqwiBcscJpj.html,5,2026-09-29T10:48:19.982045+00:00,individual,"Phone 12 Pro (256GB). USA variant. Battery 78% original. Display original. Physical Sim 1, Esim 1. Face ID and True Tone are working. Price: 40,000 BDT. Call only if you are a real buyer; please don't message or call unnecessarily. The phone is fully authentic and nothing has been changed."
Apple iPhone 13 128 GB Blue,37000,Used,"Rajshahi, Shaheb Bazar",11/06,https://bikroy.com/shaheb-bazar/mobile-phones/apple-iphone-13-128-gb-blue-44knIDJqZjh32YoArBHDOb3C.html,5,2026-09-29T10:48:20.526308+00:00,individual,"128GB Blue variant. Only phone, nothing else. Used for around 2 years. For security, I can provide my information. Battery health 76%, True Tone, Face ID, genuine waterproof, never opened. Message me for more information."
Apple iPhone 12 Pro Max 256 GB Blue,32000,Used,Rajshahi,18/08,https://bikroy.com/rajshahi/mobile-phones/apple-iphone-12-pro-max-256-gb-blue-sncusjFJgITDJgNB1v0Ns0Ib.html,3,2026-09-29T10:48:21.228139+00:00,individual,"iPhone 12 Pro Max is fresh. 
Bypass device 
Everything is original, nothing has been changed."
Apple iPhone 15 Plus 128 GB Green,68000,Used,"Dhaka, Gulshan",6 hours ago,https://bikroy.com/gulshan/mobile-phones/apple-iphone-15-plus-128-gb-green-aLVVWLgcdlWIBkGSRo5XMg5z.html,5,2026-09-29T10:48:21.725333+00:00,individual,"iPhone 15 Plus, Super Condition.
No problem, No Damage, No nothing.
Battery health 88% only.
Cycle counts: 577.
Everything is ok and perfectly working.
Enjoy all-day battery life, stunning photos, and high-speed internet. 
Original box available, cable and charger will also be given."
New Nothing Phone 2 256 GB White,38990,Brand New,"Dhaka, Uttara",26/09,https://bikroy.com/uttara/mobile-phones/new-nothing-phone-2-256-gb-white-3cbSLfBhi67ikmBQqgB6qPm6.html,5,2026-09-29T10:48:22.384946+00:00,individual,"Nothing phone 2
 12/ 256 GB, white
Never used ( Shop Display product )"
Nothing Phone 2 128 GB Black,30500,Used,"Dhaka, Dhanmondi",1 hour ago,https://bikroy.com/dhanmondi/mobile-phones/nothing-phone-2-128-gb-black-n8D1atT6ngddlZzNDHFWJbNd.html,3,2026-09-29T10:48:23.128542+00:00,individual,"Nothing Phone 2 for sale
8/128GB
Bought used from MBK, Bangkok, Thailand
Used very lightly
Only phone and NID
Location: Kalabagan Labaid Iconic Building (Google Maps)
Come down to the ground floor, sit, and check it before buying"
Nothing Phone 1 256 GB Black,25500,Used,"Dhaka, Mirpur",03/09,https://bikroy.com/mirpur/mobile-phones/nothing-phone-1-256-gb-black-CwAhkgDv1VBe3EaoohR0VR3c.html,5,2026-09-29T10:48:23.667622+00:00,individual,১২/২৫৬ অফিসিয়াল ভেরিয়েন্ট। ফোনে কোনো সিঙ্গেল প্রবলেম নাই। ব্যাক পলি না থাকায় কভারের কারনে সাইডে সামান্য স্ক্র্যাচ আছে। সাথে অরিজিনাল IMEI বক্স পাবেন। আর্জেন্ট টাকার দরকার তাই সেল দিচ্ছি। প্রাইস ফিক্সড। আসলে সামান্য কিছু সম্মান করা হবে।
OnePlus 11R 256 GB Black,26500,Used,"Rajshahi, Court Station",24/09,https://bikroy.com/court-station/mobile-phones/oneplus-11r-256-gb-black-xx0dzSPDc43g5ebJQP8K8360.html,4,2026-09-29T10:48:24.373583+00:00,individual,"Oneplus 11R
Main Ram 16GB
Rom 256 GB
Original 100W Oppo Brand Charger
Phone+100W Charger Cover"
OnePlus 11R 256 GB Black,26500,Used,"Rajshahi, Nawdapara",25/09,https://bikroy.com/nawdapara/mobile-phones/oneplus-11r-256-gb-black-5ICpR7J6AEA34XHsFlI0HN2q.html,4,2026-09-29T10:48:25.232178+00:00,individual,"I'm selling it to buy an iPhone.
There is no problem with the phone. 
Full fresh condition"
OnePlus 9RT 5G 128 GB Black,20001,Used,"Chattogram, Sitakunda",11/05,https://bikroy.com/sitakunda/mobile-phones/oneplus-9rt-5g-128-gb-black-v9NqpLY480vrOZOvenoQP1aP.html,2,2026-09-29T10:48:25.623626+00:00,individual,Includes box and charger. No green line issue. Fresh condition.
OnePlus 12 512 GB Black,46000,Used,"Chattogram, Chandgaon",26/03,https://bikroy.com/chandgaon/mobile-phones/oneplus-12-512-gb-black-2vwnlsKpBczfS2GadOQRvXDK.html,3,2026-09-29T10:48:26.273951+00:00,individual,"OnePlus 12, 16/512GB. Fresh Condition. No box, no charger. Set + Cash Memo only. Price Fixed. Those who do not have the budget, please stay away. Request not to quote absurd prices. Location: Riazuddin Bazar, Chittagong. Contact 016XXXXXXXX"
OnePlus 13 256 GB Blue,65000,Used,"Dhaka, Baridhara",8 hours ago,https://bikroy.com/baridhara/mobile-phones/oneplus-13-256-gb-blue-ilF1J1zaBR0OTUegsYfij9VN.html,5,2026-09-29T10:48:27.032293+00:00,individual,"One plus 13
only device
full fresh condition"
OnePlus 13T 256 GB Black,50999,Used,"Dhaka, Jatrabari",2 hours ago,https://bikroy.com/jatrabari/mobile-phones/oneplus-13t-256-gb-black-z5BWsIReHII0ky9o0CmxU1NL.html,3,2026-09-29T10:48:27.716776+00:00,individual,"Oneplus 13t.
Ram - 12 gb.
Rom - 256 gb.
Full box."
OnePlus 15 256 GB Gray,84500,Used,"Dhaka, Savar",13/09,https://bikroy.com/savar/mobile-phones/oneplus-15-256-gb-gray-upgsJd38OjbCoxMH3IqcoZAg.html,5,2026-09-29T10:48:28.382404+00:00,individual,"Full box available 
Battery Health 100%"
OnePlus 8 Pro 256 GB Green,26500,Used,"Dhaka, Shewrapara",25/09,https://bikroy.com/shewrapara/mobile-phones/oneplus-8-pro-256-gb-green-nCTUW0R2RFa4YQ0WJvhI2MNo.html,5,2026-09-29T10:48:29.127680+00:00,individual,"Box and charger are all included. I bought the phone from India three years ago, and everything is still completely authentic and fresh. There is only a slight scratch on the display from dropping it. The price is almost fixed, so only those who are interested in buying should message."
OnePlus 8 5G (T-Mobile) 128 GB Gold,28000,Used,"Dhaka, Savar",07/09,https://bikroy.com/savar/mobile-phones/oneplus-8-5g-t-mobile-128-gb-gold-aZmUzStEWxtC5Tp0BAnKWFEW.html,3,2026-09-29T10:48:29.427986+00:00,individual,"পিছনে বেকসেল্ট ফাটা তা সাড়া কোনো সমস্যা নাই। এখন ছবি তোলা নাই তাই আগে ছবি দেওয়া লাগলো
আরজেন্ট টাকা লাগবে তাই সেল দিবো রেম-১২+৪ জিবি
রোম-২৫৬ জিবি"
OnePlus 13R 512 GB White,41999,Used,"Dhaka, Uttara",07/09,https://bikroy.com/uttara/mobile-phones/oneplus-13r-512-gb-white-BrTHnBX6q427V2iRFosYQDSK.html,5,2026-09-29T10:48:30.282096+00:00,individual,"One plus 13r
 One of the best phone
Chipset: snapdragon 8 gen 3 flagship processor 
Ram: 16/ rom 512
Jara niben only tarai knock diben
Box nai tobe charger dewa jabe."
Xiaomi Redmi Note 14 Pro+ 5G 512 GB White,28000,Used,"Rajshahi, Godagari",24/09,https://bikroy.com/godagari/mobile-phones/xiaomi-redmi-note-14-pro-5g-512-gb-white-xhUjJOTaeZnDdP3Oiq3lGaYI.html,5,2026-09-29T10:48:30.623387+00:00,individual,"99% fresh, must come to the location to pick it up"
Xiaomi Redmi Pro 256 GB White,27000,Used,"Rajshahi, Rajpara",18/06,https://bikroy.com/rajpara/mobile-phones/xiaomi-redmi-pro-256-gb-white-Bw1sSRFHoy0O4w2jQtjiuNpz.html,2,2026-09-29T10:48:31.367904+00:00,individual,"Redmi K40 Gaming (White/12-256GB)
 Dimensity 1200 | 120Hz OLED | 5065mAh
• Condition: Fresh (no scratches/dents or internal issues).
• Gaming: Pop-up triggers are 100% working. PUBG, Free Fire, COD run smoothly.
• Included: Back cover."
Xiaomi Redmi Turbo 4 Pro 256 GB White,35800,Used,"Rajshahi, Uposahar",17/09,https://bikroy.com/uposahar/mobile-phones/xiaomi-redmi-turbo-4-pro-256-gb-white-iOWgCE7iyCzrfrM45mjMp9HV.html,3,2026-09-29T10:48:31.883607+00:00,individual,"Redmi Turbo 4 Pro 12/256GB - Sell Post
Redmi Turbo 4 Pro will be sold in absolutely fresh condition.
RAM: 12GB
ROM: 256GB
Variant: Chinese
Used: A few months
Condition: Fresh / No major scratches
Performance: Completely smooth
Battery: Good backup
Box + Charger: Available
No problem, you can check everything if you want."
Xiaomi Mi 11X 128 GB Black,15000,Used,"Rajshahi, Godagari",5 hours ago,https://bikroy.com/godagari/mobile-phones/xiaomi-mi-11x-128-gb-black-tIsio7GhduEn14cfIkfFFv8l.html,3,2026-09-29T10:48:32.387168+00:00,individual,Condition is very good.............................
Xiaomi 256 GB Black,16500,Used,"Rajshahi, Boalia",22/09,https://bikroy.com/boalia/mobile-phones/xiaomi-256-gb-black-mg9aItJMSwtEyQA3mDTC54i9.html,4,2026-09-29T10:48:32.878824+00:00,individual,"Poco x6 neo
12/256
Phone has no problems, completely fresh
Only the phone will be provided, no box. Voter ID card will be given as security."
Xiaomi 15 256 GB Purple,20500,Used,"Rajshahi, Mohanpur",5 hours ago,https://bikroy.com/mohanpur/mobile-phones/xiaomi-15-256-gb-purple-rAo9yG20CCrR0jrsWJI6pBtp.html,4,2026-09-29T10:48:33.723922+00:00,individual,Full fresh condition ❗
Xiaomi 13 Pro China Global (Used),38000,Used,"Chattogram, Kotwali, Chattogram",23/05,https://bikroy.com/kotwali/mobile-phones/xiaomi-13-pro-chin-global-used-8w7vo1pyRcusVMX7GyTTXVec.html,4,2026-09-29T10:48:34.131308+00:00,individual,The phone is in pristine condition; feel free to inspect it thoroughly before purchasing. It comes with a 67W charger and features a DSLR-like camera. WhatsApp for more details. The phone is completely scratch-free.
New Xiaomi Redmi Note 15 Pro+ 256 GB Blue,37999,Brand New,"Chattogram, Agrabad",5 hours ago,https://bikroy.com/agrabad/mobile-phones/new-xiaomi-redmi-note-15-pro-256-gb-blue-8jgKGdvR61B79ooFhPmRAJjZ.html,3,2026-09-29T10:48:34.684424+00:00,individual,"Stay with us by liking our page to get the price of any updated product. Our page link: 
Address:
Shop- 537, Level-5 (4th from capsule lift,
Go straight after exiting the lift, JojoBD)
Akhtaruzzaman Center,
Agrabad, Chittagong."
Xiaomi Redmi 512 GB Black,49000,Used,"Chattogram, Pahartali",08/06,https://bikroy.com/pahartali/mobile-phones/xiaomi-redmi-512-gb-black-feRPJ6Q42ZlXAoPXFjKjfH4P.html,5,2026-09-29T10:48:35.370373+00:00,individual,"Assalamu Alaikum.
Only those who are interested in taking the mobile should call or message. Please quote the price considering the market. This is not 256 GB storage, it is 512 GB storage, so please check the price accordingly. I have given the price I can offer. If you are interested at 49 thousand, please inbox me. If you want to know anything else, that can also be discussed."
New Xiaomi Redmi 17 128 GB Green,24999,Brand New,"Chattogram, Agrabad",5 hours ago,https://bikroy.com/agrabad/mobile-phones/new-xiaomi-redmi-17-128-gb-green-oWRkTTLmGY0tYJ4QOUTKm8wD.html,3,2026-09-29T10:48:36.036987+00:00,individual,"Stay with us by liking & following our page to get updates on any product prices. Our page link –
** Call or message us on WhatsApp at the number provided on Bikroy to buy a phone on instalment.
_____________________________________
Address:
Shop-537, Level-5
Akhtaruzzaman Center,
Agrabad, Chittagong."
Google Pixel 7 Pro 128 GB Black,34500,Used,"Rajshahi, Shaheb Bazar",14/07,https://bikroy.com/shaheb-bazar/mobile-phones/google-pixel-7-pro-128-gb-black-r7T4dlOZLvqxcwtr8EwCQj2c.html,5,2026-09-29T10:48:36.614291+00:00,individual,"Box, cash memo, OTG, everything is available.
Full authentic, nothing has been changed."
Nothing Phone 3a 256 GB Black,30500,Used,"Rajshahi, Shah Makhdum",15/08,https://bikroy.com/shah-makhdum/mobile-phones/nothing-phone-3a-256-gb-black-3A7BBH5MD457gPA40bKJhLri.html,5,2026-09-29T10:48:37.314210+00:00,individual,"Full Fresh Condition just like new, used for a very few days, matte poly applied, selling because I will buy another phone. Price almost fixed ()"
Vivo T3 Ultra 256 GB Black,25500,Used,"Rajshahi, Rajpara",09/09,https://bikroy.com/rajpara/mobile-phones/vivo-t3-ultra-256-gb-black-3hzaj1xQh1KB6Ftud4hd81Ae.html,4,2026-09-29T10:48:38.264684+00:00,individual,"Vivo T3 Ultra (12/256). There are scratches on the phone body and the back cover glue has come off, otherwise no issues. Everything is original, nothing has been changed. You can check it as much as you like, security will be provided. To see the phone, you need to come to the location. 25500"
Nothing Phone 2a 256 GB Black,24999,Used,"Rajshahi, Boalia",23 hours ago,https://bikroy.com/boalia/mobile-phones/nothing-phone-2a-256-gb-black-17PgItkvmwkBm8rBm5dOM5Kr.html,5,2026-09-29T10:48:38.682466+00:00,individual,"📱 Nothing Phone (2a) — 8/256GB For Sale


Model: Nothing Phone (2a)

RAM: 8GB + 2GB Virtual RAM

Storage: 256GB

Processor: MediaTek Dimensity 7200 Pro

Rear Camera: 50MP OIS + 50MP

Front Camera: 32MP

Battery: 5000mAh

OS: Nothing OS 4.1

5G Supported


✅ Phone only — No box/charger
✅ Fully functional
⚠️ Minor signs of use, as shown in pictures"
Vivo V30e 128 GB Black,26000,Used,"Rajshahi, Kazla",26/06,https://bikroy.com/kazla/mobile-phones/vivo-v30e-128-gb-black-mHxyMeJ5IHyP94Imxd6n1M1M.html,3,2026-09-29T10:48:39.381936+00:00,individual,"Sell Post
Vivo v30e
RAM: 8/128
Processor: Snapdragon 6gen1
Display: Curved 120hz refresh rate
★Only the back cover is provided with the phone, nothing else.
NID card will be provided.
Location: Binodpur/Rajshahi University"
New Nothing Phone 3a Pro 256 GB Black,39000,Brand New,"Rajshahi, Kadirgonj",20/08,https://bikroy.com/kadirgonj/mobile-phones/new-nothing-phone-3a-pro-256-gb-black-64QA5WwklUlaWST2fRb6V1no.html,3,2026-09-29T10:48:39.974713+00:00,individual,"Nothing 3A pro... 12/256
All authentic waterproof
Showroom conditions"
Nothing Phone 2a 8/256 (Used),25000,Used,Rajshahi,30/04,https://bikroy.com/rajshahi/mobile-phones/nothing-phone-2a-8-256-used-8Qx9oov6snBaiX0MTWZAKAkL.html,5,2026-09-29T10:48:41.019509+00:00,individual,"It is 95% fresh with a minor dent on the body. Only the phone and NID copy will be provided. Serious buyers only, please message."
Apple 64 GB Black,26000,Used,"Rajshahi, Uposahar",15/09,https://bikroy.com/uposahar/mobile-phones/apple-64-gb-black-mh5DqN9HPOC2tAE1sPofMrRz.html,3,2026-09-29T10:48:41.481814+00:00,individual,"Absolutely new... 
Brought from abroad... 
This was used by my mother... 
Nothing was done on the phone except talking on calls and watching videos... 
Phone + box will be given only... 
1.5 years used only..."
Nothing Phone 2a 128 GB Black,21500,Used,"Rajshahi, Shah Makhdum",25/09,https://bikroy.com/shah-makhdum/mobile-phones/nothing-phone-2a-128-gb-black-zj9spSmZlgCqHR5EI4txKzs6.html,5,2026-09-29T10:48:42.030850+00:00,individual,"**Nothing Phone (2a) 5G – 8/128GB**
Only phone
Display & Touch working
Front glass broken
Camera, Fingerprint, Charging OK
Rajshahi
**Price: ৳21,500 (Negotiable)**
You can check it by taking it in hand."
Apple iPhone 13 128 GB Blue,40000,Used,Rajshahi,04/08,https://bikroy.com/rajshahi/mobile-phones/apple-iphone-13-128-gb-blue-38KaikAAWbDBGUKSTuahA2zs.html,5,2026-09-29T10:48:42.582159+00:00,individual,"Nothing has been changed, everything is original, no scratches."
Nothing Phone 1 128 GB Black,22000,Used,"Rajshahi, Boalia",19/07,https://bikroy.com/boalia/mobile-phones/nothing-phone-1-128-gb-black-x48lq8d6pPsxusgm0p5cSE5T.html,3,2026-09-29T10:48:43.421277+00:00,individual,"Nothing Phone 1 mobile. Everything is okay, no problems, you can check it yourself. The phone gives very good and beautiful backup. It is a water-resistant phone. If you want to see it, come to the location. Only the phone will be given."
Nothing Phone 1 256 GB White,25000,Used,"Rajshahi, Motihar",03/05,https://bikroy.com/motihar/mobile-phones/nothing-phone-1-256-gb-white-uKGI5jFyaWLFhlpXPK8uIc79.html,3,2026-09-29T10:48:44.082815+00:00,individual,"The phone is in fresh condition, just like new, with no problems. I don't have the box as the memo was lost, but I have the charger. I will provide whatever you need for security. If you want to buy it, please message or call me. If you are not interested, please do not message and cause confusion."
Nothing Phone 3a 128 GB Black,31500,Used,"Rajshahi, Court Station",17/09,https://bikroy.com/court-station/mobile-phones/nothing-phone-3a-128-gb-black-w37wdioS2gFzgL2j5wtZn78J.html,5,2026-09-29T10:48:44.631692+00:00,individual,"Nothing 3a phone all okay, there are no problems with the phone, you can come and check it as much as you want"
Apple iPhone 14 Pro Max 256 GB Blue,80000,Used,"Gazipur, Gazipur Sadar",25/09,https://bikroy.com/gazipur-sadar/mobile-phones/apple-iphone-14-pro-max-256-gb-blue-B3gRdcEEVgSHCF3qwN1SKLGB.html,4,2026-09-29T10:48:45.186835+00:00,individual,"Singapore variant, no scratches, phone is in brand new condition, box and cash memo available, phone is 100% authentic, nothing changed, waterproof is also intact"
Samsung Galaxy S24 Ultra 256 GB Gray,75000,Used,"Cox's Bazar, Chakaria",5 hours ago,https://bikroy.com/chakaria/mobile-phones/samsung-galaxy-s24-ultra-256-gb-gray-6olER8mGvJrjTIBuldtA9qiU.html,3,2026-09-29T10:48:45.871216+00:00,individual,"Fresh condition, nothing scratches. Never fall down.
With original box."
OnePlus 13 512 GB Blue,65000,Used,"Feni, Feni Sadar",17/09,https://bikroy.com/feni-sadar/mobile-phones/oneplus-13-512-gb-blue-yqkyujz9Ob2Ozum1jsvgwqMP.html,5,2026-09-29T10:48:46.534474+00:00,individual,"Model: OnePlus 13
Processor: 8 Elite
Camera: 120X ZOOM
Ram & Rom: 16/512 GB
Number:
The phone is brand new with no problems at all. It has never been opened or repaired. Everything is original, nothing has been changed. There are no scratches or dents. It has been used very carefully with a cover. The phone is exceptionally good. You can come in person and check it for as long as you want!"
Apple iPhone 14 Pro Max 256 GB Gray,75000,Used,"Tangail, Tangail Sadar",12/09,https://bikroy.com/tangail-sadar/mobile-phones/apple-iphone-14-pro-max-256-gb-gray-5jkCGHvq0SwnPXrKQ0ulKqMm.html,5,2026-09-29T10:48:47.078921+00:00,individual,"I phone 14 pro max no problem at all, brand new condition, whole set is poly-laminated, brought from Saudi Arabia, nothing changed, everything original, battery health 82, box available, charger available, cover available, everything is okay, not even a single scratch, protector attached on top of camera, price fixed"
Apple iPhone 16 128 GB Pink,86000,Used,"Pabna, Pabna Sadar",03/09,https://bikroy.com/pabna-sadar/mobile-phones/apple-iphone-16-128-gb-pink-nVrHH2k8TBxAIIQVsCbB8Zg.html,5,2026-09-29T10:48:47.430849+00:00,individual,"iPhone 16 pink color🩷 No issues, Not a single dent
Battery 100
Cycle count 78
Nothing changed
New phone
Camera wow
Box cable available
Warranty still remaining

Family problem so need to sell urgently"
Apple iPhone 14 Pro 128 GB Purple,65000,Used,"Sirajganj, Sirajganj Sadar",24/09,https://bikroy.com/sirajganj-sadar/mobile-phones/apple-iphone-14-pro-128-gb-purple-8pbc8V5fQZE70Xj8AQoG6OCW.html,5,2026-09-29T10:48:47.978497+00:00,individual,"Need money, so I am selling this phone
No issues at all
Nothing has been changed
Battery health 79%"
Apple iPhone 14 Pro 256 GB Rose Gold,68000,Used,"Cumilla, Daudkandi",12/09,https://bikroy.com/daudkandi/mobile-phones/apple-iphone-14-pro-256-gb-rose-gold-mVIUxFgQI0ss6kSia7X2IGwZ.html,3,2026-09-29T10:48:48.725742+00:00,individual,"All ok nothing changed
256gb
Battery health 89
Contact number"
Apple iPhone 14 Pro Max 128 GB Purple,65000,Used,"Gazipur, Gazipur Sadar",12/09,https://bikroy.com/gazipur-sadar/mobile-phones/apple-iphone-14-pro-max-128-gb-purple-yMHlLwMnTbkyAX69XXJngYvX.html,4,2026-09-29T10:48:49.334447+00:00,individual,"Variant: Singapore Variant (Dual SIM can be used) 
 Color: Deep Purple 
 Storage: 128GB
 Battery Health: 71 (no boost genuine)
 Condition: Absolutely Fresh Condition
 Face ID: 
 True Tone: 
 Camera: Front & Back all okay 
 Display: Original 
 Parts Changed: Nothing Changed 
 Box included
Whats"
Apple iPhone 14 Pro Max Dual SIM (Used),74500,Used,"Chattogram, Chandgaon",29/04,https://bikroy.com/chandgaon/mobile-phones/apple-iphone-14-pro-max-dual-sim-used-hpJFXYCEfyNKudv2jICvFbH6.html,4,2026-09-29T10:48:50.029500+00:00,individual,"iPhone 14 Pro Max
Full box without cable
100% Waterproof, please check it yourself
100% Authentic
Deep Purple color
(Z/A) Hong Kong Variant (physical SIM use)
Battery Health 85% (original) 🔎
Storage 256GB
No scratches, looks like new🆕
Laminated
Price: 77k, Price Fixed
Face lock ✅🆗
True Tone ✅🆗
More details ⤵️

#The mobile is completely fresh, not a single scratch, nothing has been opened, everything is 100% original, you can check it yourself. I have used the mobile with great care, there is no problem at all. The mobile has the latest update installed.
The mobile is Deep Purple color, looks brand new, no issues, you will understand once you see it.
Whoever buys it will definitely be a winner.
Price Fixed

#Those who want to buy must come to the location.

#Interested buyers please inbox, others please do not disturb. Show more"
Apple iPhone 14 Pro Max 128 GB Purple,74999,Used,"Chattogram, Agrabad",29/06,https://bikroy.com/agrabad/mobile-phones/apple-iphone-14-pro-max-128-gb-purple-3NlBsx7zwrPcwxACxbXYyvJ4.html,5,2026-09-29T10:48:50.718942+00:00,individual,"Everything is fine.
Battery Health: 95%.
Nothing has been changed.
True Tone is OK.
It has been used with a lot of care, that's why the battery health is still 95%."
Apple iPhone 14 Pro Max Good (Used),90000,Used,"Chattogram, Kotwali, Chattogram",29/04,https://bikroy.com/kotwali/mobile-phones/apple-iphone-14-pro-max-good-used-6wztxBd96PpBsphryUOoF6K6.html,3,2026-09-29T10:48:51.313737+00:00,individual,"In excellent condition. Imported from Dubai Apple Store. Get 3 free covers. Nothing has been changed or repaired. Fixed price 90,000 BDT."
Nothing Phone 3a Pro 256 GB Black,48000,Used,"Chattogram, Baizid",08/07,https://bikroy.com/baizid/mobile-phones/nothing-phone-3a-pro-256-gb-black-hyjk1eftm2JW3HdAtpB5kCD3.html,3,2026-09-29T10:48:51.779168+00:00,individual,"14 day used only new mobile 
Location: polytechnical, East Delta University Pashe.
Real buyer knock 016XXXXXXXX"
Nothing Phone 3 512 GB Black,65000,Used,"Chattogram, Hathazari",12/07,https://bikroy.com/hathazari/mobile-phones/nothing-phone-3-512-gb-black-yxV5AfHeEPwHoU4xsbAO5f8Y.html,5,2026-09-29T10:48:52.276665+00:00,individual,"Only 16 days used, full fresh, I'll provide a new xundd case"
Nothing Phone 3a 256 GB White,33500,Used,"Chattogram, Satkania",21/05,https://bikroy.com/satkania/mobile-phones/nothing-phone-3a-256-gb-white-keDfTMKurYHi3VCnSmKgcAFK.html,3,2026-09-29T10:48:52.674438+00:00,individual,"Nothing Phone 3a (Global)
 4GB RAM / 256GB ROM
 Absolutely clean and fresh condition
 Global version
 Battery and performance are very good
 Camera, display, sound all perfect
 No issues, you can use it worry-free
 Perfect for those looking for a stylish and unique phone
 Inbox if interested."
Nothing Phone 4a 128 GB White,42500,Used,"Chattogram, Chawkbazar",5 hours ago,https://bikroy.com/chawkbazar/mobile-phones/nothing-phone-4a-128-gb-white-7RSpRTRiw9T4Bc78usoxjTmW.html,3,2026-09-29T10:48:54.576527+00:00,individual,"Nothing phone 4a
8/128
with Box
few days used"
Nothing Phone CMF Phone 2 Pro 128 GB Green,27500,Used,"Chattogram, Patenga",24/07,https://bikroy.com/patenga/mobile-phones/nothing-phone-cmf-phone-2-pro-128-gb-green-BPOnnkYfDRtgMgFOGrCldofW.html,3,2026-09-29T10:48:55.577860+00:00,individual,"Fresh condition, box and charger are all included. Used for a very short time, inbox if you want to buy."
Nothing Phone 3a 256 GB White,37000,Used,"Chattogram, Alankar",04/08,https://bikroy.com/alankar/mobile-phones/nothing-phone-3a-256-gb-white-fLWm2T6CH8W96feo8hhkdd2z.html,3,2026-09-29T10:48:56.082867+00:00,individual,"There is not much to say if someone wants a good phone then this is the perfect place you have come the rest will be understood when you meet face to face 
 
- 100% Original
- No type of problems
- Display, Touch, Camera, Speaker, Microphone, Fingerprint 
Location: Chattogram Sagarika Road Bitak Bazar 
 Only serious buyers please contact
WhatsApp:"
Nothing Phone 3a 256 GB White,35500,Used,"Chattogram, Satkania",15/08,https://bikroy.com/satkania/mobile-phones/nothing-phone-3a-256-gb-white-iF0wsGqNf6RimxNJfobATtz9.html,3,2026-09-29T10:48:56.863907+00:00,individual,"Brand new, comes with everything."
Apple iPhone 13 Pro 512 GB Blue,52000,Used,"Chattogram, Agrabad",24/09,https://bikroy.com/agrabad/mobile-phones/apple-iphone-13-pro-512-gb-blue-rWvIIT7ckLSZRZ5Ohddsjc4y.html,4,2026-09-29T10:48:57.331907+00:00,individual,"iPhone 13 Pro 512GB — FOR SALE
Model: iPhone 13 Pro
Storage: 512GB
iOS: 26.5.2
Battery Health: 86%
Not waterproof, but nothing has been changed
Cash Memo: Available
Mobile All OK 100%
You can come and check the phone thoroughly as you like
You can inspect everything before taking it
You must come to the location to pick up the phone
No courier/delivery
PRICE: Taka"
New Nothing Phone 4a Pro 128 GB Black,57999,Brand New,"Chattogram, Agrabad",4 hours ago,https://bikroy.com/agrabad/mobile-phones/new-nothing-phone-4a-pro-128-gb-black-uQKrU0mAv85lWdk9mAwsXcha.html,3,2026-09-29T10:48:58.164785+00:00,individual,"** NOTHING 4A PRO (8/128) New
Address:
Shop-537, Level-5 (4th floor of capsule lift), 
Go straight after exiting the lift to JOJOBD, 
Akhtaruzzaman Center, 
Agrabad, Chittagong."
Nothing Phone 2a Plus 256 GB Gray,27000,Used,"Chattogram, Chandgaon",25/07,https://bikroy.com/chandgaon/mobile-phones/nothing-phone-2a-plus-256-gb-gray-kM0vxehtJVRLoUYfQOKCx7Mf.html,5,2026-09-29T10:48:58.876789+00:00,individual,"No problems at all, you can check and take it after seeing."
Nothing Phone 3a 128 (Used),25990,Used,"Chattogram, Nasirabad",5 hours ago,https://bikroy.com/nasirabad/mobile-phones/nothing-phone-3a-128-used-5SEQXK1X9fVCYj2066b202pY.html,4,2026-09-29T10:48:59.376471+00:00,individual,"Nothing phone 3a 8/128

🔥 Budget King — Everyday Smooth Performer! 🔥



⚡ Enjoy 8GB RAM | 128GB Storage | 5000mAh Battery | Super Clear Camera



👉Only one dot (beside front camera)



💰offer price -25,990💥💥



🚚 Delivery Available | 🔄 Exchange Available | 💳 EMI Available



🛡️ 15-Day Replacement Guarantee | Lifetime Service Warranty



📞 



🌐 www.decentbd.com



📍𝐅𝐢𝐧𝐥𝐚𝐲 𝐒𝐪𝐮𝐚𝐫𝐞, Level-4, Shop-406, 2 No Gate, Nasirabad, Chattogram



📍𝐅𝐢𝐧𝐥𝐚𝐲 𝐒𝐨𝐮𝐭𝐡 𝐂𝐢𝐭𝐲, Level-5, Shop-525, Bahaddarhat, Chattogram



#decentbd Show more"
New Nothing Phone 3a 256 GB Black,29500,Brand New,"Chattogram, Agrabad",23/05,https://bikroy.com/agrabad/mobile-phones/new-nothing-phone-3a-256-gb-black-dN0XrLxrlkCV7yarf0vCYCUt.html,5,2026-09-29T10:48:59.975597+00:00,individual,"Nothing Phone 3a (Black) 
8+8GB RAM 256GB ROM
Condition: Like brand new
Black
Enjoy a smooth and premium experience
Asking Price: 29,500৳ (negotiable)
Only phone available
I can provide a photocopy of my NID for security purposes; the bill and box were lost during a house move.
Exchange possible. Serious buyers only."
Nothing Phone 4a Pro 256 GB Graphite,60000,Used,"Chattogram, Chawkbazar",5 hours ago,https://bikroy.com/chawkbazar/mobile-phones/nothing-phone-4a-pro-256-gb-graphite-6ggKcyFENqXk13R43sWcpm84.html,3,2026-09-29T10:49:01.076289+00:00,individual,"Nothing 4a Pro
12/256
Few days used
Full boxed."
Nothing Phone 3a 128 GB Black,31000,Used,"Chattogram, Alankar",05/09,https://bikroy.com/alankar/mobile-phones/nothing-phone-3a-128-gb-black-wuVyp0c2XbnCxQS21NT9Gwqs.html,4,2026-09-29T10:49:01.413987+00:00,individual,ফুল বক্স ক্যাশ মেমো সহ। কোনবিন্দু পরিমাণ দাগ বা ফাটল নাই পুরো নতুনের মত। প্রাইজ প্রায় ফিক্সড
Apple iPhone 13 Pro 256 GB Gold,55000,Used,"Dhaka, Jatrabari",11/09,https://bikroy.com/jatrabari/mobile-phones/apple-iphone-13-pro-256-gb-gold-iN55ewCIkfSL4aA7MXoahoZh.html,5,2026-09-29T10:49:01.536162+00:00,individual,"Price Fixed
IPhone 13 Pro 256Gb Full Box
Color : Golden 
1 physical sim , 1 E sim 
Battery health : 91% (Original )
IOS version : Latest (26.5.2)
True Tone : ok 
Face ID : ok
Model number : MLQP3LL/A
Waterproof device 
Used with case 
IMel Matched Box available 
Charging cable and 20 adapter Available 
 everything original
Nothing repaired /Replace"
Apple iPhone 14 Pro Max 256 GB Purple,77999,Refurbished,"Dhaka, Kamrangirchar",2 days ago,https://bikroy.com/kamrangirchar/mobile-phones/apple-iphone-14-pro-max-256-gb-purple-B7PR7v29030YWlwH3HlHeUXW.html,5,2026-09-29T10:49:02.121336+00:00,individual,"iPhone 14 Pro Max 256GB, battery health is 78, completely full fresh, no problems, nothing has been opened, box is available, charger is available, memo is available. If anyone wants to buy, you can contact this number 018XXXXXXXX"
Apple iPhone 15 Pro 128 GB Blue,78000,Used,"Dhaka, Mirpur",14/09,https://bikroy.com/mirpur/mobile-phones/apple-iphone-15-pro-128-gb-blue-rnhgE48T8MKBQFwZpni1KlN7.html,5,2026-09-29T10:49:02.814667+00:00,individual,"iPhone 15 Pro (UAE Variant)
Condition: Fresh & Original
Battery Health: 82%
Waterproof (Never opened / nothing changed)
No parts changed – 100% original
Storage: 128GB
Imported from abroad, still waterproof. Selling because I will upgrade to iPhone 16. Serious buyers only, please send a message."
Nothing Phone 3 512 GB White,58000,Used,"Dhaka, Baridhara",8 hours ago,https://bikroy.com/baridhara/mobile-phones/nothing-phone-3-512-gb-white-sO7lGwfpb7nF2hjcQGoOXcL.html,4,2026-09-29T10:49:03.570600+00:00,individual,"Nothing 3
Full fresh condition 
only device"
Apple iPhone 13 Pro Max 512 GB Gold,65000,Used,"Dhaka, Jatrabari",11/09,https://bikroy.com/jatrabari/mobile-phones/apple-iphone-13-pro-max-512-gb-gold-BjoaJF5XMlVWpnr6oOWxcvi4.html,3,2026-09-29T10:49:04.084219+00:00,individual,"Phone has never been opened, completely waterproof, nothing has been changed, full fresh condition.
No display issue, latest update given, using for 2 years, using for 2 years.
Still looks like an absolutely brand new phone.
Box will be found with it. Brought from USA."
Apple iPhone 14 Pro Max 256 GB Purple,79500,Used,"Dhaka, Mirpur",23/09,https://bikroy.com/mirpur/mobile-phones/apple-iphone-14-pro-max-256-gb-purple-zlke4VwJJtyAoqILaPSoMYAV.html,5,2026-09-29T10:49:04.369046+00:00,individual,"Model: iPhone 14 Pro Max
Color: Purple
Storage: 256 GB
Battery Health: 85%
Variant: ZP
Face ID: OK
True Tone: OK
SIM: 1 eSIM & 1 Physical
Full box will be provided along with the cash memo.
Note: Opened due to a speaker problem, but it became okay after updating. Nothing has been changed."
Apple iPhone 16 Pro 256 GB Gray,105000,Used,"Dhaka, Lalbag",19/09,https://bikroy.com/lalbag/mobile-phones/apple-iphone-16-pro-256-gb-gray-kLEXl1oWK0M4uO0o8zO9Eg8R.html,3,2026-09-29T10:49:04.936560+00:00,individual,"Original Full Box Phone, never opened, nothing changed. I will provide all documents required. No dent, no single scratch, Battery health is 89%. Full fresh phone. Premium case and Screen protector will be provided"
Nothing Phone 4a Pro 256 GB Silver,56000,Used,"Dhaka, Savar",08/09,https://bikroy.com/savar/mobile-phones/nothing-phone-4a-pro-256-gb-silver-mxNL7Rulwpj1sy3wgpW9Ep8A.html,5,2026-09-29T10:49:05.631482+00:00,individual,"Purchased from Dazzle on July 30, 2026. Used for a short time, absolutely fresh condition.
8/256GB | Silver
 Phone price: ৳58,800
 Dazzle Care+: ৳4,110
 365 days Replacement Guarantee
 Original Memo, Box & Cable are available. Selling because I urgently need money.
 Asking price: ৳56,000 — slightly negotiable.
 Savar Cantonment
Only serious buyers please inbox 016XXXXXXXX"
Nothing Phone 4a Pro 256 GB Silver,58000,Used,"Dhaka, Savar",8 hours ago,https://bikroy.com/savar/mobile-phones/nothing-phone-4a-pro-256-gb-silver-rmUhiwYH5LofThyui6RIgSsR.html,5,2026-09-29T10:49:06.328663+00:00,individual,"Nothing 4A Pro | 8GB RAM + 256GB 
Premium Used Phone now at an attractive Offer Price! Smooth performance, stylish design, fresh condition 
 Muthophone Accessories. 2 E-195A, Level-5 (Lift-4), Sena Shopping Complex, Nabinagar, Savar, Dhaka
 Limited Stock | Order Now!
 
Facebook: MUTHOPHONE ACCESSORIES 2"
Apple iPhone 14 Pro Max 128 GB Gray,72000,Used,"Dhaka, Basabo",11/09,https://bikroy.com/basabo/mobile-phones/apple-iphone-14-pro-max-128-gb-gray-eTaO61PpHLiVmwqh4SDVobpR.html,5,2026-09-29T10:49:06.872611+00:00,individual,"Brand- Apple 
Model- 14 pro max
What you will get with the mobile
Box, charger, 2 good quality covers
The mobile has been used with great care.
BH- 75 Original Battery 
128 GB
HKG, MAC
Nothing of the mobile has been changed
Everything is original.
The mobile must be seen by coming in person.
Dakshin Gaon Road No. 2, Basabo"
Apple iPhone 14 Pro Max 256 GB Black,63500,Used,"Dhaka, Mirpur",26/09,https://bikroy.com/mirpur/mobile-phones/apple-iphone-14-pro-max-256-gb-black-494f5l6KBfzBX8zqwsffFtMu.html,4,2026-09-29T10:49:07.564074+00:00,individual,"Assalamu Alaikum, I am selling this phone due to my needs. 
Bought from Malaysia
Singapore version 
Nothing inside has been changed
Even if the backshell was changed, an original one was installed
You will get a lifetime warranty for the display green screen issue
For details you can call us on our WhatsApp
Thanks
+(whatsapp)"
Apple iPhone 13 Pro Max 256 GB Bronze,57000,Used,"Dhaka, Mirpur",2 days ago,https://bikroy.com/mirpur/mobile-phones/apple-iphone-13-pro-max-256-gb-bronze-kmSnhaBgDK2eBXmkh2PxUKd8.html,4,2026-09-29T10:49:08.231666+00:00,individual,"256
Battery Health 75%
Everything in the phone is original, nothing has been changed, comes with box and charger 
Location Mirpur 13"
Nothing Phone 4a Pro 256 GB White,58000,Used,"Dhaka, Tongi",16/09,https://bikroy.com/tongi/mobile-phones/nothing-phone-4a-pro-256-gb-white-5nxfL5dqdcNV84vmCXOcF3bo.html,5,2026-09-29T10:49:09.080043+00:00,individual,"Nothing phone 4a Pro 
With full box 
8/256 GB 
Only 25 days used 
No problem at all 
The phone size is becoming too big for me 
That's why I am selling it 
Location Uttara Dhaka"
Nothing Phone 3 256 GB White,59990,Used,"Dhaka, Jatrabari",8 hours ago,https://bikroy.com/jatrabari/mobile-phones/nothing-phone-3-256-gb-white-C0mmvXYHqOHqUq59V6eWvGDm.html,5,2026-09-29T10:49:09.471662+00:00,individual,"Condition: Full Fresh
RAM: 12GB, ROM: 256GB
Snapdragon 8s Gen 4
Battery: 5500mAh
Cash Memo available
Price: Fixed
(Jatrabari branch is closed every Monday)
Address: Dhaka, Jatrabari, Shahid Faruk Road, Taj-Tanvir Super Market, 2nd Floor, Shop Number: 10 (MobileHub)
#Instead of falling for scams by buying cheap products to save a few bucks, purchase the right product at the right price."
Nothing Phone 3a 256 GB Black,32000,Used,"Dhaka, Bosila",21/09,https://bikroy.com/bosila/mobile-phones/nothing-phone-3a-256-gb-black-7DtrW3OT2m71DTE64Lw1PSfb.html,4,2026-09-29T10:49:10.285626+00:00,individual,"RAM: 8GB
 Storage: 256GB
 Snapdragon 7s Gen 3
 50MP OIS Camera 
 120Hz AMOLED Display
 5000mAh Battery 
 Premium Nothing Design
You will get a charger with it. And all the documents you need will be provided."
Nothing Phone 3a Lite 256 GB Blue,29990,Used,"Dhaka, Rampura",1 hour ago,https://bikroy.com/rampura/mobile-phones/nothing-phone-3a-lite-256-gb-blue-2WqjIYecNl7sLTNNx62mrbHn.html,4,2026-09-29T10:49:11.034714+00:00,individual,"Nothing 3a Lite  8+256GB As Like New
Only device and cash memo 
More information call 
Address: Molla Tower Shopping complex, Rampura, Dhaka. 
Opposite BTV centar 
3rd floor, shop no-406"
Nothing Phone 1 128 GB Black,29000,Used,"Dhaka, Uttara",15/09,https://bikroy.com/uttara/mobile-phones/nothing-phone-1-128-gb-black-yFAng88VBi16L4d8PJtz9i8t.html,4,2026-09-29T10:49:11.816836+00:00,individual,"There are no problems. If anyone wants to exchange with an iPhone, please send a message."
New Nothing Phone 3a 256 GB White,30500,Brand New,"Dhaka, Jatrabari",26/09,https://bikroy.com/jatrabari/mobile-phones/new-nothing-phone-3a-256-gb-white-eJwuDpesSE2GEDWBrwK9ZEWO.html,5,2026-09-29T10:49:12.225044+00:00,individual,"Only phone, no box and charger with the phone. I can provide NID as security."
Nothing Phone 4a Pro 256 GB White,40000,Used,"Dhaka, Mohammadpur",19/09,https://bikroy.com/mohammadpur/mobile-phones/nothing-phone-4a-pro-256-gb-white-C5dL0D82G1XAwCsH5vHDMVpg.html,3,2026-09-29T10:49:12.616959+00:00,individual,"Only phone and ib need to be changed, everything else is okay, amazing camera."
Nothing Phone 3a 128 GB White,33500,Used,"Dhaka, Savar",06/09,https://bikroy.com/savar/mobile-phones/nothing-phone-3a-128-gb-white-96CLFdj6MhmRxwVoZUrvg10P.html,5,2026-09-29T10:49:13.472581+00:00,individual,"একদম অথেন্টিক Nothing 3a খুঁজছেন?
Nothing 3a 8/128 
•Battery-5000 mh
Available
Book Now  ￼ 
Shop No- E/137 Level-5
Sena sopping complex."
Nothing Phone 2a 128 GB White,25999,Used,"Dhaka, Jatrabari",8 hours ago,https://bikroy.com/jatrabari/mobile-phones/nothing-phone-2a-128-gb-white-aM2KLdGLDp9EDb3bQ4GY13L8.html,3,2026-09-29T10:49:14.583219+00:00,individual,"Jatrabari, Idris super market 
shop no 63"
Nothing Phone 2a 128 GB White,25000,Used,"Dhaka, Uttara",17/09,https://bikroy.com/uttara/mobile-phones/nothing-phone-2a-128-gb-white-8CQ00q4tUnds4ZrbnEZ2NVQe.html,5,2026-09-29T10:49:14.721360+00:00,individual,"There are no problems with the phone, you can check everything before buying. I am selling it because of low storage, otherwise I wouldn't have sold it. Those who want to buy the phone must come and collect it."
New Nothing Phone 3a Pro 256 GB Black,40000,Brand New,"Dhaka, Mirpur",08/09,https://bikroy.com/mirpur/mobile-phones/new-nothing-phone-3a-pro-256-gb-black-GACIqZPVi5YNjgFhyVnTo8c.html,3,2026-09-29T10:49:16.533275+00:00,individual,নিতে চাইলে যোগাযোগ 017XXXXXXXX
Nothing Phone 3a 128 GB Black,30000,Used,"Dhaka, Kamrangirchar",23/09,https://bikroy.com/kamrangirchar/mobile-phones/nothing-phone-3a-128-gb-black-wSgKIUL4rHNem2mFmvbBLPVH.html,5,2026-09-29T10:49:16.982986+00:00,individual,Only the top is slightly broken. It fell from a child's hand. No other problems. Box is included.
Nothing Phone 4a 256 GB Black,49999,Used,"Dhaka, Jatrabari",1 hour ago,https://bikroy.com/jatrabari/mobile-phones/nothing-phone-4a-256-gb-black-4W6smJUi60e8v3GdezaspbQj.html,3,2026-09-29T10:49:17.769372+00:00,individual,"Nothing 4a.
Ram - 12 gb.
Rom - 256 gb.
Full box."
Nothing Phone 3a Pro 256 GB Black,38500,Used,"Dhaka, Jatrabari",8 hours ago,https://bikroy.com/jatrabari/mobile-phones/nothing-phone-3a-pro-256-gb-black-tVwi3Yk0uYUSyZrUS1SZXcaA.html,4,2026-09-29T10:49:18.729298+00:00,individual,"আসসালামু আলাইকুম
Wellcome to Gadget Exchange BD
 
With cash memo
 7 Day's Replacement
 1 Year's service warranty without Parts
 Gadget Exchange BD 
দোকান নং,৬৭ (৩য় তলা)
বিক্রমপুর প্লাজা, জুরাইন রেলগেট ঢাকা-১২০৪"
Nothing Phone 2a 256 GB Black,27500,Used,"Dhaka, Jamuna Future Park",8 hours ago,https://bikroy.com/jamuna-future-park/mobile-phones/nothing-phone-2a-256-gb-black-a6Jqyq5jQNix6XNM645jgbfc.html,5,2026-09-29T10:49:19.028462+00:00,individual,"notging 2a 8/256gb all ok
super fresh condition available

🏃 আমাদের দোকান এ ভিজিট করুন 

 📍 Address :

     "" Appelink ""
     Shop No: 4C-021C1
       Block- C, Level- 4 
     Jamuna Future Park
(Samung customer care er pase
⏰Business Hour: 11:00AM-8:00PM
Whatsup number 016XXXXXXXX"
Nothing Phone 3a 128 GB Blue,32000,Used,"Dhaka, Badda",1 day ago,https://bikroy.com/badda/mobile-phones/nothing-phone-3a-128-gb-blue-5bEfKBlKWZyiccHYdxkIV03T.html,5,2026-09-29T10:49:19.783607+00:00,individual,"Nothing 3a
8/128
Completely fresh
Comes with original box
and will provide charger adapter
Cash memo available
Not even 1 year old
Price almost fixed
You can check and take it
No problems"
OnePlus 11 512 GB Black,35000,Refurbished,"Rajshahi, Boalia",13/08,https://bikroy.com/boalia/mobile-phones/oneplus-11-512-gb-black-8Fk5EfkhQkYXnUDV0VrhMtHc.html,5,2026-09-29T10:49:20.222830+00:00,individual,"Call only Wp & number aptX HD, Bluetooth 5.3, A2DP, LE, Corning Gorilla Glass Victus, Fingerprint, IP64 dust/water resistant, Stereo Speakers, USB Type-C 2.0, OTG"
New OnePlus Ace 2 256 GB Silver,30000,Brand New,"Rajshahi, Rajpara",03/07,https://bikroy.com/rajpara/mobile-phones/new-oneplus-ace-2-256-gb-silver-fkj6kLkcSrmn5FAeEpnjh37i.html,5,2026-09-29T10:49:20.676759+00:00,individual,"OnePlus
Model: Ace 2
RAM: 12/256
Full fresh new condition"
OnePlus Nord 5 256 GB Purple,35000,Used,"Rajshahi, Kazla",20/09,https://bikroy.com/kazla/mobile-phones/oneplus-nord-5-256-gb-purple-a2K8j7lyIWvwID16ioRTlTmQ.html,4,2026-09-29T10:49:21.384672+00:00,individual,"OnePlus Nord 5\nIndian global (8/256)\nAll original all ok\nAmazing camera, you can check out my profile\nAwesome UI\nGreat battery backup, lasts 2 days with normal use. Heavy multitasking and gaming easily cover 8/9 hours.\nCondition looks like new"
OnePlus 12 /256 (Used),42999,Used,Rajshahi,5 hours ago,https://bikroy.com/rajshahi/mobile-phones/oneplus-12-256-used-bxePyFSvvMHrpbhRdjPDqfnq.html,3,2026-09-29T10:49:22.062876+00:00,individual,"Oneplus 12

16/ 256

Enjoy super condition 🔥🔥

7 days replacement guarantee ✅
1 year service warranty ✅

#exchange possible ✅

Our Address:
Smart Choice, Shop No. 211,
City center, Beside of Rajshahi College, Sonadigir mor Rajshahi

Call for any details:"
OnePlus 13s 256 GB Black,55000,Used,Rajshahi,5 hours ago,https://bikroy.com/rajshahi/mobile-phones/oneplus-13s-256-gb-black-Cbyscqr0tybDLDa2KA9rdghr.html,2,2026-09-29T10:49:23.024083+00:00,individual,"OnePlus 13s
12 256
Super condition
7 days replacement guarantee
1 year service warranty
#exchange possible
Our Address:
Smart Choice, Shop No. 211,
City Center, Beside Rajshahi College, Sonadigir Mor, Rajshahi
Call for any details"
OnePlus 13R 256 GB Black,44000,Used,"Rajshahi, Paba",12/09,https://bikroy.com/paba/mobile-phones/oneplus-13r-256-gb-black-BN1F0ojZujVJOr3INkZMR7NM.html,5,2026-09-29T10:49:23.622980+00:00,individual,"OnePlus 13R 12/256
Full fresh condition
Battery health 100%
(Only phone)
(Price fixed)"
OnePlus 12R 256 GB Black,33000,Used,"Rajshahi, Paba",01/08,https://bikroy.com/paba/mobile-phones/oneplus-12r-256-gb-black-wZ0bdwC5lJBly9TlpR5JBylJ.html,3,2026-09-29T10:49:24.273022+00:00,individual,"There is not even a slight problem, lamination is applied on the front and back. Price negotiation is not allowed at all."
OnePlus 12R 256 GB Black,34500,Used,"Rajshahi, Shaheb Bazar",09/09,https://bikroy.com/shaheb-bazar/mobile-phones/oneplus-12r-256-gb-black-BE8PUoVVWBuSZW21wjeMA2zz.html,3,2026-09-29T10:49:24.827135+00:00,individual,"Oneplus 12R 
Ram 16 
Room 256
Battery health 92%
Locetion Rajshahi
Indean phone"
OnePlus 12R 256 GB Black,32000,Used,"Rajshahi, Paba",01/09,https://bikroy.com/paba/mobile-phones/oneplus-12r-256-gb-black-zec7w3QVQd5epd0EvRRbKhic.html,4,2026-09-29T10:49:25.631031+00:00,individual,ফুল ফ্রেশ। কোন ধরনের সমস্যা নাই। যতক্ষণ ইচ্ছা চালিয়ে দেখে নিবেন। ফুল বডি পলি করা আছে। শুধু ফোন আর সিকিউরিটি হিসেবে nid দেওয়া হবে।
OnePlus 7T Pro 256 GB Blue,25000,Used,"Rajshahi, Nawdapara",5 hours ago,https://bikroy.com/nawdapara/mobile-phones/oneplus-7t-pro-256-gb-blue-pO8nWB66aM7YLwSLCHnMXz42.html,4,2026-09-29T10:49:26.217190+00:00,individual,"Purchase: 2020.
Status: Official. (Lost the papers.)
Issues: Pop-up front camera and back ultra-wide camera do not work. Main shooter and telephoto are fine.
* Original price: 65,000 Taka.*
Condition: No major spots. Zero cracks. Case always used.
Box & Charger: Original box and charger available."
OnePlus 12R 128 GB Black,28000,Used,"Rajshahi, Boalia",2 days ago,https://bikroy.com/boalia/mobile-phones/oneplus-12r-128-gb-black-oAfMAc5XGKQupykyqck8csLO.html,5,2026-09-29T10:49:26.616959+00:00,individual,There is no kind of problem at all. It didn't even need to be repaired once. Self-used phone. There is no kind of problem.
OnePlus 8T 256 GB Blue,24000,Used,"Rajshahi, Mohanpur",1 day ago,https://bikroy.com/mohanpur/mobile-phones/oneplus-8t-256-gb-blue-fzLx2hJK89fTQhaJyo6df7Hq.html,5,2026-09-29T10:49:27.025287+00:00,individual,"There is one issue with the phone, the power button does not work, everything else is okay 
You can check it if you want, I need money so I am selling the phone, there is no box charger with the phone, you will only get the phone and a copy of the NID card will be given as security"
OnePlus 12R 128 GB Black,26000,Used,"Rajshahi, Shaheb Bazar",2 days ago,https://bikroy.com/shaheb-bazar/mobile-phones/oneplus-12r-128-gb-black-kypUmbjN6Ldgkaml8DaADtai.html,4,2026-09-29T10:49:27.979796+00:00,individual,Selling because money is needed
OnePlus 11R 256 GB Blue,22000,Used,"Rajshahi, Court Station",26/09,https://bikroy.com/court-station/mobile-phones/oneplus-11r-256-gb-blue-x6kQiuJH1fe2oz8zQMD7R8S0.html,5,2026-09-29T10:49:28.468085+00:00,individual,"OnePlus 11R. The phone is in absolute new condition, you can check and take it, there are no problems with the phone"
OnePlus 11R 256 GB Silver,24000,Used,"Rajshahi, Vodra",23/09,https://bikroy.com/vodra/mobile-phones/oneplus-11r-256-gb-silver-zQ8B5qdbkAu8tMRm5uKKZchi.html,5,2026-09-29T10:49:28.927900+00:00,individual,No repair history... 100-watt charger included. Battery health 86%.
OnePlus 12R 128 GB Gray,27000,Used,"Rajshahi, Rajpara",23/09,https://bikroy.com/rajpara/mobile-phones/oneplus-12r-128-gb-gray-eO8ksh2fNfb2VU61ZQU0Ctb0.html,3,2026-09-29T10:49:29.212102+00:00,individual,"OnePlus 12 r
 RAM/ROM: 8GB + 128 GB (battery health 90)
 Variant: Indian, bought from Chapai
Condition: Full Fresh 100%
Only Phone (no box/charger)
Price . Asking price 

 Location: Rajshahi

Security ID card will be provided."
OnePlus 11R 128 GB Silver,27000,Used,"Rajshahi, Shaheb Bazar",1 day ago,https://bikroy.com/shaheb-bazar/mobile-phones/oneplus-11r-128-gb-silver-rpHZbDUtvc2sHXpAjgAxnNGl.html,5,2026-09-29T10:49:29.772080+00:00,individual,"OnePlus 11R 
RAM 8 GB, ROM 128 GB
Fully fresh body just like new... 
No scratches 
Urgent money needed
There are no issues with the phone"
OnePlus 11R 256 GB Blue,24500,Used,"Rajshahi, Godagari",08/09,https://bikroy.com/godagari/mobile-phones/oneplus-11r-256-gb-blue-u3gjNTPKjtBe0fd2HhS6Bup1.html,5,2026-09-29T10:49:30.423480+00:00,individual,"16GB ram 
256 GB ROM 
50 MP, f/1.8, 24mm (wide), 1/1.56"", 1.0μm, multi-directional PDAF, OIS
8 MP, f/2.2, 120 ̊ (ultrawide), 1/4.0"", 1.12μm
2 MP (macro)
Features	Color spectrum sensor, LED flash, HDR, panorama
Video	4K/60fps, 1080p/60/240fps, gyro-EIS
120Hz, HDR10+, 1450 nits (peak)
Size	6.74 inches,
Resolution	1240 x 2772 (~451"
OnePlus 11R 256 GB Silver,26500,Used,"Rajshahi, Shaheb Bazar",25/09,https://bikroy.com/shaheb-bazar/mobile-phones/oneplus-11r-256-gb-silver-l1K1Rj2ncA8GGnKOQd3igmNQ.html,4,2026-09-29T10:49:31.082505+00:00,individual,"No problems at all, completely full fresh, no scratches, silver color, will sell due to urgent need"
OnePlus 12R 128 GB Blue,25000,Used,Rajshahi,26/09,https://bikroy.com/rajshahi/mobile-phones/oneplus-12r-128-gb-blue-l0rniwPhO0uh6LlsXsu4DH2V.html,3,2026-09-29T10:49:31.633365+00:00,individual,"8/128 device
Oled Display changed 
Ekdom superrr display 90hz Original bazel  
5500mah battery"
OnePlus 11R 256 GB Black,28000,Used,"Rajshahi, Shaheb Bazar",5 hours ago,https://bikroy.com/shaheb-bazar/mobile-phones/oneplus-11r-256-gb-black-uqi8zxOGRdcfOQPsexSgHj7N.html,3,2026-09-29T10:49:32.024203+00:00,individual,"Oneplus 11r, 16 / 256 GB. Super condition. Enjoy a 7-day replacement guarantee and 1-year service warranty. #exchange possible. Our Address: Smart Choice, Shop No. 211, City Center, Beside Rajshahi College, Sonadighi Mor, Rajshahi. Call for any details:"
OnePlus 11R 128 GB Gray,22000,Used,"Rajshahi, Paba",05/09,https://bikroy.com/paba/mobile-phones/oneplus-11r-128-gb-gray-2PwhiRkVjvz1AWBAaZkrYvbT.html,3,2026-09-29T10:49:32.524202+00:00,individual,"আপনি যদি OnePlus 11R 5G-এর কথা বলেন, তাহলে সংক্ষেপে বর্ণনা:
 OnePlus 11R 5G
ডিসপ্লে: 6.74 ইঞ্চি AMOLED, 120Hz রিফ্রেশ রেট
প্রসেসর: Qualcomm Snapdragon 8+ Gen 1
RAM: 8GB / 16GB
স্টোরেজ: 128GB / 256GB
রিয়ার ক্যামেরা: 50MP + 8MP + 2MP
সেলফি ক্যামেরা: 16MP
ব্যাটারি: 5000mAh
চার্জিং: 100W SUPERVOOC
নেটওয়ার্ক: 5G
সিস্টেম: Android OxygenOS"
OnePlus 12R 128 GB Blue,29000,Used,"Rajshahi, Chhota Banagram",31/08,https://bikroy.com/chhota-banagram/mobile-phones/oneplus-12r-128-gb-blue-Yf7Fi8akXM8Fbq7bBdYBWmd.html,3,2026-09-29T10:49:33.219523+00:00,individual,"ফোনের ব্যাকশেল ফাটা।
এছাড়া ফোনে কোন সমস্যা নেই।
লোকেশন শালবাগান পাওয়ার হাউজ মোড়। সাথে অরজিনাল একটি ফাস্ট সুপারবক চার্জার দেয়া হবে। ক্যাশ মেমো আছে। কিনা দাম ছিল ৩৫ হাজার ৫০০।
বিক্রি দাম ২৯০০০"
OnePlus 13 256 GB Blue,68000,Used,"Chattogram, Oxygen",07/08,https://bikroy.com/oxygen/mobile-phones/oneplus-13-256-gb-blue-uhu1Fn06okWg0bVnRFCoGvLd.html,5,2026-09-29T10:49:33.766560+00:00,individual,"OnePlus 13 (Global Version)
Used: 8 Months
Condition: Excellent (One-Hand Use)
Battery Health: 97%
No Damage / No Issues
Overall Condition: 10/10 – Everything perfectly
What's Included:
Full Box
Original Charger
2 Mobile Covers (Free)"
OnePlus 15 256 GB White,88000,Used,"Chattogram, Chawkbazar",4 hours ago,https://bikroy.com/chawkbazar/mobile-phones/oneplus-15-256-gb-white-pl1reY905NpdBohOQb1qvLIh.html,3,2026-09-29T10:49:34.384703+00:00,individual,"Oneplus 15
12/256
Full Boxed
with Charger"
OnePlus 13s 256 GB Green,65000,Used,"Chattogram, Halishahar",27/07,https://bikroy.com/halishahar/mobile-phones/oneplus-13s-256-gb-green-6i0VeIAFvsdsvUsIkzYw1mFA.html,3,2026-09-29T10:49:34.784439+00:00,individual,"12/256, brand new condition. 100% Battery Health."
New OnePlus Nord 6 512 GB Black,70000,Brand New,"Chattogram, Chawkbazar",5 hours ago,https://bikroy.com/chawkbazar/mobile-phones/new-oneplus-nord-6-512-gb-black-rOv3lyxvBHhlLyKlP6ooyNAt.html,3,2026-09-29T10:49:35.483429+00:00,individual,"OnePlus Nord 6
12/512GB
It's new and sealed pack."
New OnePlus 15 256 GB Black,80000,Brand New,"Chattogram, Chandanaish",02/09,https://bikroy.com/chandanaish/mobile-phones/new-oneplus-15-256-gb-black-rn0AHzpB07ct2YjotNlp0OzO.html,3,2026-09-29T10:49:36.119479+00:00,individual,Get a brand new device complete with its full box and charger! Experience like-new longevity with a battery cycle count of only 22 times.
OnePlus 15 512 GB Black,97000,Used,"Chattogram, Kotwali, Chattogram",30/08,https://bikroy.com/kotwali/mobile-phones/oneplus-15-512-gb-black-s3XwSdMjMJfYUDxWtmkLm89d.html,5,2026-09-29T10:49:37.177500+00:00,individual,"Ekdom fresh, 6month used, official warranty,  24-02-2027 porjonto official warranty active thakbe with charging adaptor include in same official warranty 🙂
Kohinoor city One pluser official outlet theke buy kora hoyechilo

Brand	:OnePlus
Model	15 (16GB/512GB)"
OnePlus 11 256 GB,34000,Used,"Chattogram, Lohagara",14/09,https://bikroy.com/lohagara/mobile-phones/oneplus-11-256-gb-1114NcoHB5MSnn03ZRt52YN9.html,3,2026-09-29T10:49:38.062619+00:00,individual,Oneplus 11
New OnePlus 128 GB Black,41000,Brand New,"Chattogram, Chawkbazar",4 hours ago,https://bikroy.com/chawkbazar/mobile-phones/new-oneplus-128-gb-black-e0B33vLLj5Ngrys7ozNScU7f.html,3,2026-09-29T10:49:38.573154+00:00,individual,"OnePlus Nord CE6
8/128
Brand New"
OnePlus 10R 128 GB Black,21000,Used,"Chattogram, Agrabad",5 hours ago,https://bikroy.com/agrabad/mobile-phones/oneplus-10r-128-gb-black-hly0Kltnth5XkyXPdxEvwGrX.html,3,2026-09-29T10:49:38.776344+00:00,individual,"Set in fully fresh condition
200% OK
All parts 100% original
RAM 8+128
With original charger
The performance of the set is very good"
OnePlus 13R 512 GB Silver,48500,Used,"Chattogram, Rangunia",06/09,https://bikroy.com/rangunia/mobile-phones/oneplus-13r-512-gb-silver-BimuH69fH5QsfdfOPj4P3Fbh.html,4,2026-09-29T10:49:39.070951+00:00,individual,"*Device , Cover & Charger will be given.
 16GB RAM + 512GB Storage — Power & Storage-এর দিক থেকে একদম beast!
 Location: Rangunia thanar pashe,Rowajarhat rangunia upazilla."
OnePlus 12 R Indian version (Used),31500,Used,"Chattogram, Chawkbazar",22/04,https://bikroy.com/chawkbazar/mobile-phones/oneplus-12-r-indian-version-used-f0lUDg20BYWtIc9Ot6HPDNGj.html,5,2026-09-29T10:49:39.872763+00:00,individual,"ONEPLUS 12R 16/256 GB BH 94%
CONDITION 98% FRESH 
EXCHANGE POSSIBLE BUT GAMING PHONE 8GEN 3 CHIPSET MUST BE ,, 
ADD ONLY 100W CHARGER 
Price almost fixed, 
There is no problem with the mobile. I want to buy a gaming phone like - iqoo 12 or 13
-"
OnePlus 10R 128 GB Green,25000,Used,"Chattogram, Lalkhan Bazar",26/09,https://bikroy.com/lalkhan-bazar/mobile-phones/oneplus-10r-128-gb-green-z34ovewH4jlnFItkABWhQDyg.html,4,2026-09-29T10:49:40.485535+00:00,individual,Box and charger will be provided
OnePlus 256 GB Gray,36000,Used,"Chattogram, Oxygen",12/09,https://bikroy.com/oxygen/mobile-phones/oneplus-256-gb-gray-eAAzpFBYbqdn6kTx1LQzeR4.html,5,2026-09-29T10:49:41.226145+00:00,individual,"OnePlus Nord 5 (8/256)... full fresh... No dents, spots & problems... full body laminated... you can check and take... brought from India... used for about 6 months..."
OnePlus 12 512 GB,55000,Used,"Chattogram, Patenga",23/09,https://bikroy.com/patenga/mobile-phones/oneplus-12-512-gb-nhKNdGGQbBfWCnAxOFugpk0L.html,3,2026-09-29T10:49:41.671838+00:00,individual,"Battery Health 97%,,
Case Mamo + Life time Display Service Warranty,
With Charger,,"
OnePlus 9RT 5G 128 GB Black,29000,Used,"Chattogram, Halishahar",19/09,https://bikroy.com/halishahar/mobile-phones/oneplus-9rt-5g-128-gb-black-fcM7T66Ck59S9ikJ8AtfeMTf.html,4,2026-09-29T10:49:42.176141+00:00,individual,"1. You can check the mobile thoroughly before purchasing.
2. The power button and volume buttons of the mobile work a bit less.
3. Both the box and charger of the mobile are available.
4. It has been used for 1.5 years.
5. You must come to the location.
Location - Eidgah kancha rasta, Rupsa bakery."
OnePlus 13R 256 GB Silver,45000,Used,"Chattogram, Agrabad",16/09,https://bikroy.com/agrabad/mobile-phones/oneplus-13r-256-gb-silver-7Yf0PMWKt54pimRPDmkXpjI.html,5,2026-09-29T10:49:43.223999+00:00,individual,"Oneplus 13r 12gb 256gb set 100% fresh 99% battery health all over fresh set, lamination and tempered glass applied, cash memo and cover will be provided"
OnePlus 9R 256 GB,25000,Used,"Chattogram, Satkania",24/09,https://bikroy.com/satkania/mobile-phones/oneplus-9r-256-gb-iziuG3ZwPIU5dupKy0mm9uJp.html,4,2026-09-29T10:49:43.570338+00:00,individual,"Only the display needs to be changed, everything else is fine.
You can check everything as you wish, original charger is available, fresh condition box cash memo all are available."
OnePlus 11R 256 GB Black,28500,Used,"Chattogram, Hathazari",2 days ago,https://bikroy.com/hathazari/mobile-phones/oneplus-11r-256-gb-black-B42dlC7yKfuyBtPGcsBRLkTX.html,5,2026-09-29T10:49:44.621668+00:00,individual,Oneplus 11R 5G set full fresh and all ok ram16gb rom256gb camera50+8+2+16 Battery 5000mah good backup and fast display fingerprint powerful processor Snapdragon 8+ Gen 1 (4 nm Refresh Rate 120Hz full gameing phone সেটের সাথে কিছু নেই কিন্তু ১০০০% সিকিউরিটি দেওয়া যাবে আর চাইলে আমার বাসা থেকে নিয়ে যেতে পারবেন আর সেট এখনো কোলাপিটিন হয়নি inbox me
OnePlus 13 256 GB White,59000,Used,"Chattogram, Kajir Dewry",31/08,https://bikroy.com/kajir-dewry/mobile-phones/oneplus-13-256-gb-white-5aySVHHSIYeptabWxUjBQ74h.html,3,2026-09-29T10:49:45.174199+00:00,individual,"Phone is in totally fresh condition with no scratches.
Only the device, a few covers, and the cash memo are included.
The device is the Global Variant."
New OnePlus 15R 512 GB Green,54000,Brand New,"Chattogram, Pahartali",19/09,https://bikroy.com/pahartali/mobile-phones/new-oneplus-15r-512-gb-green-b3r06mrmEh2y1D8GveAPyMJa.html,4,2026-09-29T10:49:45.674630+00:00,individual,"Only set
Set all ok 
Must be location aste hobe"
OnePlus 12 256 GB Black,48500,Used,"Dhaka, Jamuna Future Park",5 hours ago,https://bikroy.com/jamuna-future-park/mobile-phones/oneplus-12-256-gb-black-z3Wq34Es9R50poqghIX90mnm.html,3,2026-09-29T10:49:46.623214+00:00,individual,"Oneplus 12
12GB 256GB
Few Month used
Price: Tk
 Paramount Gadget
Jamuna Future Park Shopping Mall
Level 4, Shop No: 006C
Near Lift 7 (Nokia   

#oneplus
#oneplus12"
OnePlus 15 256 GB Black,82990,Used,"Dhaka, Shyamoli",5 hours ago,https://bikroy.com/shyamoli/mobile-phones/oneplus-15-256-gb-black-gbk2XF8YvCtEyqOhu6u4ShMY.html,3,2026-09-29T10:49:47.225522+00:00,business,"OnePlus 15 12/256 
 99% Customised Global 
 Condition: Full Box | Intact Conditions
  EXCHANGE POSSIBLE
 100% Authentic Product
 EMI Facility (on cards of 36 banks)
 Cash On Delivery Nationwide
⸻
 Shop Location:
Phone-e
Shop No: 573, Level-5
Shyamoli Square Shopping Mall, Dhaka"
OnePlus 15R 512 GB Black,55000,Used,"Dhaka, Mirpur",30/08,https://bikroy.com/mirpur/mobile-phones/oneplus-15r-512-gb-black-xtZXPjtbdfjG3i1i5atQoGLq.html,5,2026-09-29T10:49:48.222086+00:00,individual,"• হালকা কিছু rash/ব্যবহারের দাগ আছে
• সবসময় cover ব্যবহার করা হয়েছে
• Overall very good condition
📦 Original 65W OnePlus Genuine Adapter Included ⚡
🧾 Purchase: Jamuna Future Park
✅ Original Purchase Invoice Available
📍 Location: Mirpur, Kazipara
💎 Premium Device • Genuine Invoice • Genuine Adapter"
OnePlus 15 256 GB Graphite,78000,Used,"Dhaka, Jamuna Future Park",07/09,https://bikroy.com/jamuna-future-park/mobile-phones/oneplus-15-256-gb-graphite-cZaPDl6bwiYnbaAWmZYuNUGS.html,4,2026-09-29T10:49:48.267624+00:00,individual,Onepluss 15 12/256 gb fresh condition with box charger
OnePlus 13s 256 GB Green,58000,Used,"Dhaka, Dhanmondi",5 hours ago,https://bikroy.com/dhanmondi/mobile-phones/oneplus-13s-256-gb-green-fXBFMIuV0Ho6XUuWnUKhjMz9.html,5,2026-09-29T10:49:48.625017+00:00,individual,"Used conditions 
Phone all ok"
OnePlus Nord 6 256 GB Black,52490,Used,"Dhaka, Shyamoli",5 hours ago,https://bikroy.com/shyamoli/mobile-phones/oneplus-nord-6-256-gb-black-glOLKjl7mRJM4jfhOiQ07eDf.html,5,2026-09-29T10:49:49.120010+00:00,business,"#OnePlus_Nord_6 8/256

100% | Charging Cycle: 08
Condition: Full Box | Intact conditions
Indian Official Warranty Available

⸻
EXCHANGE AVAILABLE
100% Authentic Product
⸻
EMI Facility (Available on cards from 36 banks)
⸻
Cash On Delivery Nationwide
⸻
Shop Location:
Phone-e
Shop No: 573, Level-5
Shyamoli Square Shopping Mall, Dhaka"
OnePlus Nord 6 256 GB Silver,49999,Used,"Dhaka, Mirpur",18/09,https://bikroy.com/mirpur/mobile-phones/oneplus-nord-6-256-gb-silver-WvbRRmFdkJ7k75zMs4ty6na.html,5,2026-09-29T10:49:50.283210+00:00,individual,"OnePlus Nord purchased from Jamuna Future Park on this date. The phone has no issues, scratches, or dents. Charging cycle is only 45 times and battery health is 100%.
Original charger, cable, memo, and lifetime security papers can be provided. Exchange is not possible.
**(Price Fixed)**
Location: Army Camp, Puraton Banijya Mela Math, Zia Uddan, Sher-e-Bangla Nagar, Dhaka"
New OnePlus 256 GB,62999,Brand New,"Dhaka, Bashundhara City",8 hours ago,https://bikroy.com/bashundhara-city/mobile-phones/new-oneplus-256-gb-ppsVFtWgCSk3YKQt0BV1LjAo.html,2,2026-09-29T10:49:50.718650+00:00,individual,"10-day replacement guarantee
 2-year service warranty
 Fast and secure courier service across the country
 Attractive exchange offers available
 Emon Gadget Point
Basement-1, Shop-84
Bashundhara City Shopping Mall"
OnePlus 11 256 GB Black,45000,Used,"Dhaka, Uttara",05/09,https://bikroy.com/uttara/mobile-phones/oneplus-11-256-gb-black-b7W0VkQiRlbkIJSjDi9FydEV.html,3,2026-09-29T10:49:51.073634+00:00,individual,ফোনটি আমি কিছুদিন আগে কিনেছিলাম। এখন জরুরি টাকার প্রয়োজন তাই মোবাইলটি বিক্রি করতে চাচ্ছি।
OnePlus 15R 256 GB Green,54990,Used,"Dhaka, Badda",7 hours ago,https://bikroy.com/badda/mobile-phones/oneplus-15r-256-gb-green-1sgx7wOWB0T5e76326x1y3Il.html,3,2026-09-29T10:49:52.169939+00:00,individual,"Price fixed
Processor : Snapdragon 8 gen 5 5g
Ram: 12 GB
Display: 6.8"" AMOLED 165hz
Camera: Back-50+8\Front-32 MP
Device with Cash Memo.
You will get a 7-day replacement and 1 year of free service. You can exchange your old mobile with us.
Weekly holiday: Wednesday."
OnePlus 10T 256 GB Green,45000,Used,"Dhaka, Mohakhali",23/09,https://bikroy.com/mohakhali/mobile-phones/oneplus-10t-256-gb-green-3JyDYwjTILuTDL4lF8pThAV2.html,5,2026-09-29T10:49:52.617086+00:00,individual,"Full OK new condition 
No problems with the phone 
Comes with original 100W charger"
OnePlus 15 256 GB White,87000,Used,"Dhaka, Baridhara",8 hours ago,https://bikroy.com/baridhara/mobile-phones/oneplus-15-256-gb-white-d7b2JnypLwzOjR4xaqnuSgoM.html,4,2026-09-29T10:49:52.916652+00:00,individual,"one plus 15
Custom Global 
full box 
full fresh condition"
OnePlus 15R 256 GB Green,61999,Used,"Dhaka, Savar",23/09,https://bikroy.com/savar/mobile-phones/oneplus-15r-256-gb-green-5AoDuKRh6hnRvdbu1LSPgIsv.html,4,2026-09-29T10:49:53.324589+00:00,individual,"I bought this mobile phone last month, brand new, seal-packed, and unactivated. The charging cycle is just 18. Battery health is 100%. Those who are looking to buy a new one can check this out; buying this is the same as buying a new one. It comes with an original Nillkin back cover, which has a market value of around 1000 BDT. I have also applied a SmartDevil screen protector, which has a market value of 700 BDT."
New OnePlus 15R 256 GB,67499,Brand New,"Dhaka, Bashundhara City",8 hours ago,https://bikroy.com/bashundhara-city/mobile-phones/new-oneplus-15r-256-gb-jH8JFKtmwzXfcpNFHIOC4fb3.html,3,2026-09-29T10:49:53.832223+00:00,individual,"10-day replacement guarantee
 2-year service warranty
 Safe courier facility across the country
 Attractive exchange offers
 Basement-1, Shop-84, Bashundhara City Shopping Mall
 Prices are subject to change. Please contact us on WhatsApp before visiting."
OnePlus 9 Pro 256 GB Green,23000,Used,"Dhaka, Khilgaon",03/09,https://bikroy.com/khilgaon/mobile-phones/oneplus-9-pro-256-gb-green-18E27AEJL6mVPL0pmshZbHUC.html,5,2026-09-29T10:49:54.334803+00:00,individual,"Phone a Kono issues nei! Shob thik ache kono kichu change nei.. phone er performance and camera onek Bhalo 4k 60/120 fps video supported.. performance ow onek smooth with gaming 
Storage:12/256gb
Ultapalta daam bola Manush post ignore koren ❗❗
Price olpo kichu kom rakhaa jabe"
OnePlus Nord 2 5G 256 GB Blue,21500,Used,"Dhaka, Jatrabari",8 hours ago,https://bikroy.com/jatrabari/mobile-phones/oneplus-nord-2-5g-256-gb-blue-8wTnLazbCXuVwp7OsL2YOkrd.html,3,2026-09-29T10:49:54.879958+00:00,individual,"Condition: OnePlus Nord 2 5G
RAM: 12GB ROM: 256GB
Cash memo + Box + Adapter
Address: Dhaka Jatrabari, Shahid Faruk Road, Taz-Tanvir Super Market, 2nd Floor, Shop Number: 10 (MobileHub)
*Instead of getting cheated by buying cheap products to save some money, buy the right product at the right price,
Please do not call for bargaining."
OnePlus Nord CE4 Lite 256 GB Blue,21500,Used,"Dhaka, Savar",1 hour ago,https://bikroy.com/savar/mobile-phones/oneplus-nord-ce4-lite-256-gb-blue-ifHbo7uVW1Enf0Hfc5v2U1Il.html,5,2026-09-29T10:49:55.532877+00:00,individual,"[Exchange Bazar Showroom]
1+ nord ce 4 lite 8/256gb
2 years service warranty 15 days replacement guarantee.
 
Nabinagar Sena Shopping Complex,
5th Floor, Shop No-E-142,143
Nabinagar Savar Dhaka.
Only device+Cash memo+warranty.
Contact 016XXXXXXXX"
OnePlus Nord CE4 128 GB,22500,Used,"Dhaka, Jatrabari",8 hours ago,https://bikroy.com/jatrabari/mobile-phones/oneplus-nord-ce4-128-gb-xgINrUQsdZhQqlyi9Fzz0ZhF.html,4,2026-09-29T10:49:56.131321+00:00,individual,"Assalamu Alaikum
Welcome to Gadget Exchange BD
 
 All perfect working
 Buying/selling and exchange means Gadget Exchange BD
 Come to our shop to get 100% genuine products
 With cash memo
 7 Days Replacement
 1 Year service warranty without Parts
 Gadget Exchange BD 
Shop No. 67 (3rd Floor)
Vikrampur Plaza, Jurain Railgate, Dhaka-1204"
OnePlus 11R 128 GB Black,23000,Used,"Dhaka, Mirpur",1 day ago,https://bikroy.com/mirpur/mobile-phones/oneplus-11r-128-gb-black-cZRCcX81hiYoCwZzZRUFQl8S.html,5,2026-09-29T10:49:57.074157+00:00,individual,"The camera is exceptionally good, making it a fantastic choice for photography and videography enthusiasts. You can shoot videos with stunning background blur. Powered by the Snapdragon 8+ Gen 1 processor, it delivers ultra-smooth gaming performance. You can fully charge the battery in just 25 minutes using the 100W fast charging feature. If you want to experience a premium-level smartphone, this device is built for you. Show more"
OnePlus Nord 5 256 GB Blue,39500,Used,"Dhaka, Khilgaon",4 hours ago,https://bikroy.com/khilgaon/mobile-phones/oneplus-nord-5-256-gb-blue-kPrObLryowVvG6qNqRedQKj8.html,3,2026-09-29T10:49:57.565941+00:00,individual,"Assalamu Alaikum.
Greetings from ""Mobo Live Bd"".
Oneplus Nord 5 8/256GB
Sky Blue
Full Factory unlock
100% original device
Dear Honourable Customer,
Now you can purchase with EMI on 21 banks' credit cards. Thanks for being with us."
OnePlus Ace 2V 256 GB Gray,25000,Used,"Dhaka, Motijheel",01/09,https://bikroy.com/motijheel/mobile-phones/oneplus-ace-2v-256-gb-gray-18BJKBqQX7HzG2IVeOA7N6cr.html,4,2026-09-29T10:49:58.177005+00:00,individual,"ফোন এখনো পর্যন্ত খোলা হয় নাই। একদম নতুন আছে সামনে পিছনে full fresh আছে শুধু কভার ব্যবহার করার জন্য সাইটে হালকা দাগ আছে। gaming এর জন্য বেষ্ট একটা ফোন . সাথে ৬৫ charger আছে শুধু . বিপদে পড়ে বেচতাছি ফোন এ কোন সমস্যা নাই।
Prosesor.. Diamondcity 9000
Ram..12+12
Rom... 256"
OnePlus 9 Pro 256 GB Green,28900,Used,"Dhaka, Mirpur",5 hours ago,https://bikroy.com/mirpur/mobile-phones/oneplus-9-pro-256-gb-green-9TrbSL9P0DebXCGa2itsv8KD.html,5,2026-09-29T10:49:58.881219+00:00,individual,"OnePlus 9pro 12/256GB International Global Variant.
All Authentic Original Parts.
Kono Problem nai, All Okay.
Super Fast Mobile, Super Camera
Dhaka Mirpur Pallabi Notun thana"
OnePlus 11R 512 GB Red,26500,Used,"Dhaka, Jatrabari",8 hours ago,https://bikroy.com/jatrabari/mobile-phones/oneplus-11r-512-gb-red-oQHtKU60odRxxGjrjkG3Yz2V.html,4,2026-09-29T10:49:59.766197+00:00,individual,"Condition:Full Fresh Body Unfresh Slightly
Ram:18GB Special Edition
Rom:512GB
Amoled Display 
Snapdragon 8+ Gen 1
Price:Fixed
(যাত্রাবাড়ী আমাদের সাপ্তাহিক বন্ধ সোমবার) 
ঠিকানা:ঢাকা যাত্রাবাড়ী, শহীদ ফারুক রোড, তাজ-তানভীর সুপার মার্কেট, ২য় তলা, দোকান নাম্বার:১০ (MobileHub)"
OnePlus Nord 4 128 GB Black,26999,Used,"Dhaka, Khilgaon",4 hours ago,https://bikroy.com/khilgaon/mobile-phones/oneplus-nord-4-128-gb-black-BrNYnloEslj8zRsdkxMECiBC.html,3,2026-09-29T10:49:59.979750+00:00,individual,"Assalamu alaikum.
Greetings from ""Mobo Live Bd"". 

Black
Full Factory unlock
100% original device 
Dear Honourable Customer,
Now you can purchase with EMI of 21 banks credit card. Thanks for being with us."
OnePlus 10R 128 GB Black,19500,Used,"Dhaka, Khilgaon",5 hours ago,https://bikroy.com/khilgaon/mobile-phones/oneplus-10r-128-gb-black-ffOg6rYi6XoYovqBjGtia4hP.html,3,2026-09-29T10:50:00.628056+00:00,individual,"Assalamu Alaikum. Greetings from ""Mobo Live Bd"". Oneplus 10r 8/128GB Black Full Factory unlock 100% original device Dear Honourable Customer. Now you can purchase with Emi of 21 Banks credit card. Thanks for being with us."
OnePlus 11R 256 GB Black,23990,Used,"Dhaka, Shyamoli",6 hours ago,https://bikroy.com/shyamoli/mobile-phones/oneplus-11r-256-gb-black-raGq3Nm5qUt2MUTEolG8l136.html,5,2026-09-29T10:50:01.615570+00:00,individual,"Guarantee - Warranty
Every phone of ours comes with a 10-day guarantee and a 1-year service warranty.
If you find any issue, you can exchange the model.
Our shop address:
Maa Enterprise
Shyamoli Khan Plaza Mobile Market
Shop Number: 22
Ring Road, Shyamoli, Mohammadpur, Dhaka-1207
Please do not bargain."
OnePlus 9RT 5G 256 GB Green,25000,Used,"Dhaka, Dhanmondi",08/09,https://bikroy.com/dhanmondi/mobile-phones/oneplus-9rt-5g-256-gb-green-uYznLe88USc9GRmmUCBcQvNF.html,5,2026-09-29T10:50:01.826723+00:00,individual,"Original charger 
Box 
Kono problem nai
Fresh condition"
OnePlus 11R 128 GB Black,25000,Used,"Dhaka, Savar",8 hours ago,https://bikroy.com/savar/mobile-phones/oneplus-11r-128-gb-black-zWYWLhO9fwRivZ159G65436T.html,5,2026-09-29T10:50:02.421851+00:00,individual,"Display: 6.74"" amoled, 120hz
processor: snapdragon 8+ gen 1
camera: 50mp + 8mp + 2mp, front 16mp
battery: 5000mah
charging: 100w supervooc
ram/storage: 8gb ram, 128gb storage
5g: available
os: android"
Xiaomi 12 128 GB Purple,35500,Used,"Rajshahi, Bagmara",22/09,https://bikroy.com/bagmara/mobile-phones/xiaomi-12-128-gb-purple-a6UgQ2PYvNLhnfSlld9Ufbx7.html,3,2026-09-29T10:50:02.873303+00:00,individual,"Full fresh, no issues."
New Xiaomi Redmi Turbo 5 Max 256 GB White,52000,Brand New,"Rajshahi, Kazihata",17/09,https://bikroy.com/kazihata/mobile-phones/new-xiaomi-redmi-turbo-5-max-256-gb-white-ilYJdOW4H3a3gxDJ2NnetvyC.html,4,2026-09-29T10:50:03.461876+00:00,individual,"Purchased on September 2, 2026, full fresh, battery health 100%, battery count was given around 26 times. The reason for selling the phone is I will shift from a Chinese ROM to another flagship ROM."
New Xiaomi Redmi Note 15 256 GB Purple,27500,Brand New,"Rajshahi, Boalia",08/09,https://bikroy.com/boalia/mobile-phones/new-xiaomi-redmi-note-15-256-gb-purple-yMNy5fPeKKNWRv9t6J02StVR.html,5,2026-09-29T10:50:04.319471+00:00,individual,ফোনটি ছয় মাস ব্যবহৃত হয়নি একবারেই নতুন ফোনটি বিক্রি করব টাকার প্রয়োজনে যদি কোন ব্যক্তি ফোনটি কিনতে চায় তাহলে আমার নাম্বারে যোগাযোগ করুন ফুল ফ্রেশ কন্ডিশন
Xiaomi 13 Lite 256 GB Gray,41000,Used,"Rajshahi, Kazla",11/09,https://bikroy.com/kazla/mobile-phones/xiaomi-13-lite-256-gb-gray-BkyZxjzmpg9fNKo69tic8eCs.html,5,2026-09-29T10:50:05.028556+00:00,individual,"Absolute best phone.
Selling it because I bought a new phone.
Used for 4 months.
67W charger + box will be given with it."
Xiaomi Redmi Turbo 4 Pro 256 GB Black,34999,Used,"Rajshahi, Hatemkha",19/09,https://bikroy.com/hatemkha/mobile-phones/xiaomi-redmi-turbo-4-pro-256-gb-black-scv8R2P7tZxe57Ubzcz19btn.html,3,2026-09-29T10:50:05.220319+00:00,individual,Battery health 98% brand new condition no scratch with box and original charger
Xiaomi Redmi Turbo 4 256 GB Blue,35000,Used,"Rajshahi, Nawdapara",08/09,https://bikroy.com/nawdapara/mobile-phones/xiaomi-redmi-turbo-4-256-gb-blue-d4vpq2VJxd6iiszVJ9Yp6Fcv.html,4,2026-09-29T10:50:05.979869+00:00,individual,"Redmi Turbo 4 
16/256
 BH Health 94%
Super fresh condition 
No scratches or dents
No repair history 
Full box available"
Xiaomi Redmi Note 14 Pro+ 256 GB Black,28500,Used,"Rajshahi, Court Station",20/09,https://bikroy.com/court-station/mobile-phones/xiaomi-redmi-note-14-pro-256-gb-black-s4Ggj7xyStkVRs3JSFrFYhBo.html,5,2026-09-29T10:50:06.325992+00:00,individual,"My older brother brought the phone from India. I am selling the phone due to my financial problems. If anyone wants to buy it, please contact. There are no problems with the phone, it is completely fresh."
Xiaomi Redmi Note 15 Pro+ 256 GB Silver,35000,Used,"Rajshahi, Boalia",04/09,https://bikroy.com/boalia/mobile-phones/xiaomi-redmi-note-15-pro-256-gb-silver-dwzp36PX9NTRHVEpowKH5Kbs.html,4,2026-09-29T10:50:07.571978+00:00,individual,"একদম নতুন কন্ডিশন । 
মেমো দেওয়া হবে ।
 যোগাযোগ 016XXXXXXXX 015XXXXXXXX"
Xiaomi Redmi Turbo 4 Pro 256 GB White,38000,Refurbished,"Rajshahi, Uposahar",22/09,https://bikroy.com/uposahar/mobile-phones/xiaomi-redmi-turbo-4-pro-256-gb-white-uYvMrZPpuxkwjhrqlxssjWe4.html,5,2026-09-29T10:50:07.978205+00:00,individual,ফোনে কোনো সমস্যা নাই কন্ডিশন খুব ভালো  আছে ফোন জতো খুশি চেক করে নিতে পারবেন জুদি কারোর পছন্দ হয়  যোগাযোগ করেন.....
Xiaomi Redmi Note 15 Pro+ 512 GB Black,42000,Used,"Rajshahi, Shaheb Bazar",14/09,https://bikroy.com/shaheb-bazar/mobile-phones/xiaomi-redmi-note-15-pro-512-gb-black-1g84IXGfBbz12jwf83hj48Cl.html,4,2026-09-29T10:50:08.330328+00:00,individual,"Model : Redmi Note 15 pro plus 5g 
Ram : 16 Gb / Rom : 512 Gb 
Battery Health : 99% 
Used : 6 months 
Condition : Full fresh 100% 
Box and Charger are available -/ China Variant"
Xiaomi Poco F7 256 GB White,37000,Used,"Rajshahi, Kadirgonj",8 hours ago,https://bikroy.com/kadirgonj/mobile-phones/xiaomi-poco-f7-256-gb-white-hfw0oIt1KU2pcsIBmoY4NLTZ.html,5,2026-09-29T10:50:09.117112+00:00,individual,"Assalamu Alaikum Warahmatullahi Wabarakatuh 
Fresh condition
 Box: Only Device
 Cash Memo: Available
 Replacement Guarantee: Up to 7 days (subject to conditions) 
Location: Rajshahi Kadirganj Chalpotti, beside Large Farmer, behind ShopnoChura Plaza Nagar Bhaban. 
 Shop No: 123 - Ground Floor beside the lift 
 Shop Name: Rajshahi Mobile Bari 019XXXXXXXX"
Xiaomi Redmi Note 13 Pro+ 256 GB White,28000,Used,"Rajshahi, Court Station",06/09,https://bikroy.com/court-station/mobile-phones/xiaomi-redmi-note-13-pro-256-gb-white-w6nkvfxESFjDdNLEvJ2toQR8.html,5,2026-09-29T10:50:10.124316+00:00,individual,টাকার দরকার তাই ফোন বিক্রি করছি
Xiaomi Redmi Turbo 4 Pro 256 GB Black,39000,Used,"Rajshahi, Kadirgonj",23/09,https://bikroy.com/kadirgonj/mobile-phones/xiaomi-redmi-turbo-4-pro-256-gb-black-dxSRDWgy53SzcfPV8iw4l7Ud.html,4,2026-09-29T10:50:10.665431+00:00,individual,"Redmi turbo 4 pro
All fresh condition
256GB/12GB Ram"
Xiaomi Redmi Note 15 128 GB Silver,21999,Used,"Rajshahi, Kazla",4 hours ago,https://bikroy.com/kazla/mobile-phones/xiaomi-redmi-note-15-128-gb-silver-p4LDuLv6ADrLMWC2isaGLgPE.html,5,2026-09-29T10:50:11.677550+00:00,individual,"Friday dhamaka offer 
Our location is Banesswre Shibpur Hut 
Full box 
Note 15 6+128 
Fixed"
Xiaomi Redmi Note 13 Pro 5G 256 GB Red,20000,Used,"Rajshahi, Boalia",08/09,https://bikroy.com/boalia/mobile-phones/xiaomi-redmi-note-13-pro-5g-256-gb-red-1HphW0qfhpderxA3XvQmhk2X.html,5,2026-09-29T10:50:11.862960+00:00,individual,Urgent Money Needed-
Xiaomi 12S Pro 256 GB Graphite,16000,Used,"Rajshahi, Shaheb Bazar",06/09,https://bikroy.com/shaheb-bazar/mobile-phones/xiaomi-12s-pro-256-gb-graphite-oAbbX5OYj16ExOGXwc0OfQjI.html,4,2026-09-29T10:50:12.013877+00:00,individual,"Problem: 3 green line 
Location: sahib Bazar / Ruppur ishwardi"
Xiaomi Redmi Note 11 Pro 5G 128 GB Blue,15000,Used,"Rajshahi, Court Station",06/09,https://bikroy.com/court-station/mobile-phones/xiaomi-redmi-note-11-pro-5g-128-gb-blue-kklOPR3sCm80ZZ4mt4bx1jW5.html,5,2026-09-29T10:50:12.361232+00:00,individual,"Model:Redmi Note 11 Pro 5g
Ram:6+6 Gb
Storage:128 Gb
Phone full fresh nijer use kora phone!
Phone full authentic kono din khula hoi nai!
No repair history!
Cameraa 100 te 100 raw mal!"
Xiaomi Poco M6 Pro 128 GB Silver,15499,Used,"Rajshahi, Vodra",5 hours ago,https://bikroy.com/vodra/mobile-phones/xiaomi-poco-m6-pro-128-gb-silver-Cpvn7wzDNDaOVQ4amJgl2F15.html,4,2026-09-29T10:50:13.217245+00:00,individual,"Limited stock – First come, first served!

Our Address: Baneshwar Shibpur Hat, Puthia, Rajshahi 
100% Trust
Right price, right product
FAHIM mobile zone, your trusted mobile shop"
Xiaomi Redmi Note 13 256 GB Black,18999,Used,"Rajshahi, Kazla",7 hours ago,https://bikroy.com/kazla/mobile-phones/xiaomi-redmi-note-13-256-gb-black-wCZIz7KOcmx7MZxDbzSrq4PF.html,5,2026-09-29T10:50:13.623921+00:00,individual,"Redmi note 13 5G 
8/256GB Indan phone 
Call me"
Xiaomi Redmi Note 13 Pro 5G 256 GB Blue,21000,Used,"Rajshahi, Shaheb Bazar",2 hours ago,https://bikroy.com/shaheb-bazar/mobile-phones/xiaomi-redmi-note-13-pro-5g-256-gb-blue-VVH7ZCabm2EvLeYK1DkftKT.html,5,2026-09-29T10:50:14.367009+00:00,individual,Just phone. Without box and charger.
Xiaomi 11T 128 GB,21000,Used,"Rajshahi, Kadirgonj",15/09,https://bikroy.com/kadirgonj/mobile-phones/xiaomi-11t-128-gb-nnm2Rm9bkXYuBYkCffGvjUqj.html,5,2026-09-29T10:50:15.173376+00:00,individual,"If you want to take it, you can inbox or make a phone call
No:"
Xiaomi Redmi Note 15 256 GB Pink,26500,Used,"Rajshahi, Shaheb Bazar",01/09,https://bikroy.com/shaheb-bazar/mobile-phones/xiaomi-redmi-note-15-256-gb-pink-5INoIaNdEW2PXZro8lUZntzn.html,5,2026-09-29T10:50:15.829676+00:00,individual,"Phone bought 2 months ago, box and charger all available,, selling because I need money, 26,500 fixed price"
Xiaomi Redmi Note 14 Pro 256 GB Red,23000,Used,"Rajshahi, Court Station",15/09,https://bikroy.com/court-station/mobile-phones/xiaomi-redmi-note-14-pro-256-gb-red-dUKnZyC6PjKJI56me4QeL3Ul.html,3,2026-09-29T10:50:16.713566+00:00,individual,Nite chaile sms diben... Valo phn... Nid card dibo plm nai
Xiaomi Poco C85 4G 128 GB Blue,19999,Used,"Rajshahi, Motihar",01/09,https://bikroy.com/motihar/mobile-phones/xiaomi-poco-c85-4g-128-gb-blue-kBo1lZVwFINQgxbJ6lBNCT1V.html,5,2026-09-29T10:50:17.070842+00:00,individual,ফোনে কোন সমস্যা নাই ফুল ফ্রেশ ফোনের সাথে বক্স নাই চার্জার আছে
Xiaomi Redmi 15 128 GB Black,22000,Used,"Rajshahi, Vodra",23/09,https://bikroy.com/vodra/mobile-phones/xiaomi-redmi-15-128-gb-black-4utNeGJVkGoo1mKUA31ukK7.html,3,2026-09-29T10:50:17.568147+00:00,individual,"Full fresh condition 
purchase date 13/8/26
Price negotiable 
No kind of defects, used with great care.
Location: Rajshahi University
Whatsapp 015XXXXXXXX"
Xiaomi Redmi Note 13 Pro+ 256 GB Black,26000,Used,"Rajshahi, Vodra",24/09,https://bikroy.com/vodra/mobile-phones/xiaomi-redmi-note-13-pro-256-gb-black-zrHUw6BkWlKV1N6KfwQ8Jtty.html,3,2026-09-29T10:50:18.278007+00:00,individual,"Redmi Note 13 Pro+ 5G 
Never opened, completely full fresh condition.
12GB RAM + 256GB Storage
CN Variant + Black Colour 
Full Fresh + 1.5 Years Used
Full Box + 67 Watt Charger
6.67"" 1.5K AMOLED Curved Display
 200MP OIS Main Camera + 8MP Ultra-wide + 2MP Macro
MediaTek Dimensity 7200-Ultra 4nm processor
5000mAh Battery"
Xiaomi Redmi Note 15 256 GB Pink,27000,Used,"Rajshahi, Court Station",02/09,https://bikroy.com/court-station/mobile-phones/xiaomi-redmi-note-15-256-gb-pink-e1J8Oru7Kj8gfPT1A3ikoJM4.html,3,2026-09-29T10:50:18.664437+00:00,individual,"২মাস হয়েছে ফোন কিনা বক্স চার্জ সব আছে,, 
এক বছরের ওয়ারেন্টি আছে,, 
জরুরী টাকার প্রয়োজন এজন্য বিক্রি করতেছি"
Xiaomi Redmi Turbo 4 256 GB Graphite,35500,Used,"Chattogram, Muradpur",26/09,https://bikroy.com/muradpur/mobile-phones/xiaomi-redmi-turbo-4-256-gb-graphite-58iRXnV9LWxThh16DVuj7DOm.html,5,2026-09-29T10:50:19.379657+00:00,individual,"Redmi Turbo 4
16+16/256
All ok
Full box with 90Watt Super fast charger
Works super smoothly, best for all gaming
Mobile has not been repaired for even 1 taka, can be checked thoroughly before buying
Note: Slight crack on the upper glass at the corner of the back shell, can be replaced for 200-250 taka
(Do not send useless messages) Price can be slightly negotiable
Location: 2 no gate, Chittagong"
New Xiaomi Redmi Note 17 Pro 256 GB Black,40500,Brand New,"Chattogram, Agrabad",4 hours ago,https://bikroy.com/agrabad/mobile-phones/new-xiaomi-redmi-note-17-pro-256-gb-black-feZnPZJKTKFat7lytkLptJ6r.html,3,2026-09-29T10:50:19.969601+00:00,individual,"** REDMI NOTE 17 PRO 5G (8/256) New, 
9000 MAH BATTERY. 
Address:
Shop-537, Level-5 (4th floor of capsule lift), 
Go straight after exiting the lift to JojoBD.
Akhtaruzzaman Center, 
Agrabad, Chittagong."
Xiaomi Redmi Turbo 4 Pro 256 GB White,40000,Used,"Chattogram, Agrabad",25/09,https://bikroy.com/agrabad/mobile-phones/xiaomi-redmi-turbo-4-pro-256-gb-white-2vNRwiAa1R6ErFhCdqGvkDlA.html,3,2026-09-29T10:50:20.578512+00:00,individual,"Redmi turbo 4 pro 
Full fresh condition 
99 battery health 
Full box included"
Xiaomi 15T Pro 512 GB Bronze,75000,Used,"Chattogram, Chawkbazar",5 hours ago,https://bikroy.com/chawkbazar/mobile-phones/xiaomi-15t-pro-512-gb-bronze-fdYks0bIJEFupMHqg6rDoqTK.html,3,2026-09-29T10:50:21.278800+00:00,individual,"Xiaomi 15T pro with Box
12/512
12/256 available 
Global Edition 
Few days Used."
Xiaomi 14 Ultra 512 GB Black,70000,Used,"Chattogram, Cornelhat",02/05,https://bikroy.com/cornelhat/mobile-phones/xiaomi-14-ultra-512-gb-black-BzHrSBx0gTVVk20uDrWvsikO.html,4,2026-09-29T10:50:21.769968+00:00,individual,"Set is in full fresh condition. Used for 1 year, imported from abroad. Comes with full box. Has a minor scratch on the bumper, otherwise everything is okay and in full fresh condition."
Xiaomi Redmi Note 14 Pro+ 5G 256 GB Black,37000,Used,"Chattogram, Agrabad",21/09,https://bikroy.com/agrabad/mobile-phones/xiaomi-redmi-note-14-pro-5g-256-gb-black-oGOG8TniRjtpnRJVnpRGhLwk.html,4,2026-09-29T10:50:22.509071+00:00,individual,"The mobile is fresh, if you remove the back poly the mobile is completely fresh. Personal use mobile, there are no problems with the mobile. Cash memo and box can be provided"
Xiaomi 17 256 GB Green,85000,Used,"Chattogram, Chawkbazar",5 hours ago,https://bikroy.com/chawkbazar/mobile-phones/xiaomi-17-256-gb-green-8Xup8fLAEpIqYC1vPEFxOsxq.html,3,2026-09-29T10:50:23.072468+00:00,individual,"Xiaomi 17
Just open Box,
like new condition
with Box and everything"
Xiaomi 13 512 GB White,34500,Used,"Chattogram, Khulshi",13/09,https://bikroy.com/khulshi/mobile-phones/xiaomi-13-512-gb-white-rCpSxY3pazD6T4mhLEmER1Pp.html,5,2026-09-29T10:50:23.729078+00:00,individual,"Xiaomi 13 — 12GB RAM / 512GB Storage
Water-resistant
100% Genuine Device
Condition: very good
Location: Khulshi Town Center, Chattogram
Interested? Feel free to message for details.
Phone 018XXXXXXXX"
Xiaomi 13T Pro 1 TB Blue,50000,Used,"Chattogram, Bandar, Chattogram",18/09,https://bikroy.com/bandar/mobile-phones/xiaomi-13t-pro-1-tb-blue-aaL4VdtYELgflhLlYeJFO5M1.html,5,2026-09-29T10:50:24.221943+00:00,individual,"Xiaomi 13T Pro 1TB
Full fresh, no scratches or cracks, completely fresh like new, 120W fast charger, full charge in 20 minutes, supports two nano SIMs and one e-SIM, you can check before buying, only the mobile will be given
Security can be provided
Mobile was gifted from abroad and used by a single person"
Xiaomi Redmi Turbo 4 Pro 256 GB Gold,36000,Used,"Chattogram, Agrabad",18/09,https://bikroy.com/agrabad/mobile-phones/xiaomi-redmi-turbo-4-pro-256-gb-gold-wI7z3fAZMoQKHWf36itmnUHX.html,3,2026-09-29T10:50:24.824118+00:00,individual,"Full box, there are no problems."
Xiaomi Redmi Turbo 4 Pro 256 GB White,39000,Used,"Chattogram, Fatikchari",15/09,https://bikroy.com/fatikchari/mobile-phones/xiaomi-redmi-turbo-4-pro-256-gb-white-iOfIzFckfG6fZygTjzjc6qFn.html,5,2026-09-29T10:50:25.617592+00:00,individual,"(Price fixed, please do not call for bargaining) Redmi Turbo 4 Pro (16GB/256GB) – Like New
Used for only 1 month
10/10 condition, no scratches or any issues
Everything works perfectly
Comes with original box, original charger, and all accessories
Personal use phone"
New Xiaomi Redmi Turbo 4 Pro 256 GB White,37500,Brand New,"Chattogram, Kotwali, Chattogram",2 days ago,https://bikroy.com/kotwali/mobile-phones/new-xiaomi-redmi-turbo-4-pro-256-gb-white-k7R3n6JVdw4iZtJYrQ8Xu5tz.html,3,2026-09-29T10:50:26.326694+00:00,individual,"Full Fresh 
Box, charger, case, memo everything will be given with the mobile.
9 Months Used
If you find any problem, I will give the mobile for free."
New Xiaomi Redmi Note 14 Pro+ 256 GB Red,36999,Brand New,"Chattogram, Agrabad",5 hours ago,https://bikroy.com/agrabad/mobile-phones/new-xiaomi-redmi-note-14-pro-256-gb-red-gl5pUl918BoCGRN4eNxCO70M.html,3,2026-09-29T10:50:26.830271+00:00,individual,"Stay with us by liking and following our page to get the latest product prices. Our page link – 
** Call or WhatsApp. 
** REDMI NOTE 14 PRO PLUS (12/256) GLOBAL
 
----------------------------- Address :
Shop- 537, Level -5 (Capsule lift 4, go straight after exiting the lift, JojoBD)
Akhtaruzzaman Center, Agrabad, CTG."
New Xiaomi Redmi Note 15 Pro+ 256 GB Black,42999,Brand New,"Chattogram, Agrabad",4 hours ago,https://bikroy.com/agrabad/mobile-phones/new-xiaomi-redmi-note-15-pro-256-gb-black-d3Ujl6ZAXp2p3YEHED5lbycC.html,3,2026-09-29T10:50:27.425142+00:00,individual,"Stay with us by liking and following our page to get updates on product prices. Our page link - 
** Call or message us on WhatsApp at the number provided on Bikroy to buy a phone on installment.
---------------
Address:
Shop- 537, Level-5 (4th floor of capsule lift, 
Go straight after exiting the lift, JojoBD)
Akhtaruzzaman Center, 
Agrabad, Chittagong."
Xiaomi Redmi Note 11 128 GB Blue,19000,Used,"Chattogram, Nasirabad",26/09,https://bikroy.com/nasirabad/mobile-phones/xiaomi-redmi-note-11-128-gb-blue-uQKVyFFT4Z0jYMMO9KZZQjQk.html,5,2026-09-29T10:50:28.231132+00:00,individual,"Redmi note 11 
8/128 GB 
There is no any single issue. 
With full box"
New Xiaomi Redmi Note 17 128 GB Black,32999,Brand New,"Chattogram, Agrabad",5 hours ago,https://bikroy.com/agrabad/mobile-phones/new-xiaomi-redmi-note-17-128-gb-black-wh7Xtijlj3o83aNHfzGYvM8H.html,3,2026-09-29T10:50:28.863838+00:00,individual,"Offer: 2000 Taka discount if taken on installments.
One thousand Taka Bata gift voucher if taken in cash.
Address:
Shop-537, Level-5
Akhtaruzzaman Center,
Agrabad, Chittagong."
Xiaomi Redmi Note 13 256 GB Blue,18500,Used,"Chattogram, Muradpur",8 hours ago,https://bikroy.com/muradpur/mobile-phones/xiaomi-redmi-note-13-256-gb-blue-fDYIVgLiZJqmhI1LIzRvJ0LT.html,3,2026-09-29T10:50:29.567206+00:00,individual,"Redmi note 13 5G 
8/256 
Full box 
🛡️ সুবিধা:
✔️ ১৫ দিনের রিপ্লেসমেন্ট গ্যারান্টি

📍 Device – Trusted Mobile Shop
📌 Shop No: 319, 3rd Floor (Lift 2 🛗)
🗺️ CPDL RB Midtown Market, মুরাদপুর, চট্টগ্রাম (মক্কা হোটেলের পাশে)"
Xiaomi Redmi Note 14 Pro+ 5G 512 GB Blue,32000,Used,"Chattogram, Anwara",1 day ago,https://bikroy.com/anwara/mobile-phones/xiaomi-redmi-note-14-pro-5g-512-gb-blue-zFIYz1SmCh8vRkC6D9Az0i3K.html,5,2026-09-29T10:50:30.019287+00:00,individual,"Redmi Note 14 Pro+ 5G
RAM: 12GB
Storage: 512GB
Battery: 5110 mAh
Battery Health: 99%
Battery Cycle Count: 238
Phone first opened: August 2025
Phone is in full fresh condition
Comes with Cash Memo & Charger"
Xiaomi Redmi Note 15 128 GB Blue,22000,Used,"Chattogram, Agrabad",03/09,https://bikroy.com/agrabad/mobile-phones/xiaomi-redmi-note-15-128-gb-blue-92YZtQ12zDYmG06uBiAth7gb.html,3,2026-09-29T10:50:30.559473+00:00,individual,"REDMI NOTE 15
6/128
2 MONTH USED"
Xiaomi Redmi Note 14 Pro 128 GB Black,25000,Used,"Chattogram, Mirsharai",18/09,https://bikroy.com/mirsharai/mobile-phones/xiaomi-redmi-note-14-pro-128-gb-black-rXmH2KA22P2ezM6qdQfkdidH.html,4,2026-09-29T10:50:31.179716+00:00,individual,"Bought from Dazzel, still has replacement warranty. 
Still like new. 
You will get everything just like a new mobile. 
Location must be mirersorai or abutora bazar"
New Xiaomi 128 GB Black,29500,Brand New,"Chattogram, Agrabad",5 hours ago,https://bikroy.com/agrabad/mobile-phones/new-xiaomi-128-gb-black-wuicv6XYyPPUKy5z0nXV4a57.html,3,2026-09-29T10:50:31.720781+00:00,individual,"NOTE 17 5G (6/128).
Address:
Shop-537, Level-5
Akhtaruzzaman Center,
Agrabad, Chittagong."
New Xiaomi Redmi Note 14 Pro 256 GB,22000,Brand New,"Chattogram, Alankar",04/09,https://bikroy.com/alankar/mobile-phones/new-xiaomi-redmi-note-14-pro-256-gb-zKIjIAsLDKMZ3FxQQlwc8JR6.html,3,2026-09-29T10:50:32.423930+00:00,individual,uses পাঁচ মাস কোন সমস্যা নেই বক্স চার্জার সবকিছু আছে
Xiaomi Redmi Note 15 128 GB Black,20000,Used,"Chattogram, Halishahar",10/09,https://bikroy.com/halishahar/mobile-phones/xiaomi-redmi-note-15-128-gb-black-jOGCAV3aZgsYGKZYrzQkoFy9.html,5,2026-09-29T10:50:33.018600+00:00,individual,"Peace, mercy, and blessings of Allah be upon you. Redmi Note 15 will be sold. This is my favorite set, but I am selling it now due to the need for money. Used for only three months, completely boxed mobile. Along with it, you will get the box, original charger, charger cord, and all documents. Whoever takes it will be given everything."
Xiaomi 13T 256 GB Black,32000,Used,"Chattogram, Halishahar",22/09,https://bikroy.com/halishahar/mobile-phones/xiaomi-13t-256-gb-black-hdeDVz3DqvGxILaoWUTq6lVY.html,3,2026-09-29T10:50:34.015284+00:00,individual,"Xiaomi Mi 13T
12/256
International Global version
Sell or exchange possible
Full box with all accessories
No scratches or dents, mint condition."
Xiaomi Redmi K40 256 GB White,20000,Used,"Chattogram, Muradpur",14 hours ago,https://bikroy.com/muradpur/mobile-phones/xiaomi-redmi-k40-256-gb-white-3A5OkJTSrtHLXGHhP7I29EHK.html,5,2026-09-29T10:50:34.560623+00:00,individual,"Yes, you can post it like this:

📱 Redmi K40 Gaming Edition — 8/256GB 🔥

🔹 RAM: 8GB
🔹 ROM: 256GB
🔹 Original Box: Available 📦
🔹 Phone looks good and in good condition
🔹 Great performance for gaming 🎮
📍 Location: Chattogram
📩 Inbox if interested."
Mobile Phone 128 GB White,24000,Used,"Chattogram, Alankar",06/09,https://bikroy.com/alankar/mobile-phones/mobile-phone-128-gb-white-ac3HQgFWiHxyLepKpQqrvV9L.html,5,2026-09-29T10:50:35.259956+00:00,individual,"For Sale: Xiaomi Redmi Note 14 5G 
জরুরি প্রয়োজনে একদম ফ্রেশ Xiaomi Redmi Note 14 5G বিক্রি হবে। ফোনে কোনো সমস্যা নেই, ১০০% ওকে।
RAM/ROM: 8GB / 128GB
Display: 6.67"" FHD+ AMOLED (120Hz)
Camera: 50MP (OIS) + 8MP + 20MP Selfie
Processor: Dimensity 7025 Ultra (5G)
Battery: 5110 mAh (45W Fast Charger)
Condition: 
 Call/WhatsApp 019XXXXXXXX"
