raw_title,price,condition_raw,location,posted_date,url,photo_count,scraped_at,seller_type,description
Samsung Galaxy S21 Ultra 5G 256 GB Black,24599,Used,"Dhaka, Savar",29/08,https://bikroy.com/savar/mobile-phones/samsung-galaxy-s21-ultra-5g-256-gb-black-Ivz8A2HPPF8lkn4kw8nbLAt.html,4,2026-09-03T07:34:23.538152+00:00,individual,SamSung Galaxy S21 Ultra 5G ফোন টা সবকিছু ওকে আছে শুধু ডিস্প্লেতে গ্রিন লাইন আর হাল্কা ফাটা আছে তাছাড়া বাকি সবকিছু ওকে
Samsung Galaxy A35 128 GB White,24000,Used,"Dhaka, Savar",17/08,https://bikroy.com/savar/mobile-phones/samsung-galaxy-a35-128-gb-white-6gC9ftYN30pLyRAeIuUUnJAJ.html,3,2026-09-03T07:34:24.148018+00:00,individual,"Savar Thana Stand Katlapur Mosque alongside shop
Bismillah Telecom
RAM... 8gb
ROM... 128
Cash Memo
1 year Warranty
Full ok... New Condition.
Price Fixed"
Samsung Galaxy S10 Plus 128 GB Green,25000,Used,"Dhaka, Uttara",29/08,https://bikroy.com/uttara/mobile-phones/samsung-galaxy-s10-plus-128-gb-green-wcGu1bukCwlqakORfEk9qgcg.html,5,2026-09-03T07:34:24.933642+00:00,individual,"Brought with me from abroad, no fault in the phone. Never worked on, fully intact. 
Need upgrade so selling this unit. 
No box available, just a complete phone and charger will be given. 
Location: Uttara , sector 5."
Apple iPhone 15 Pro Max 256 GB,95000,Used,"Chattogram, Alankar",29/08,https://bikroy.com/alankar/mobile-phones/apple-iphone-15-pro-max-256-gb-pO5ZYMnZUKynFj9ZuTS2oiBg.html,3,2026-09-03T07:34:26.604323+00:00,individual,"All must new because i'm not to much users, i never played video games.
Battery health 86% backup normal, i bought this phone from saudi Arabia, i came back from Saudi now i need some money that's why i want to sell this phone with box cable Orginal magsafe i phone case & 2 other case
If you are interested pls call me 018XXXXXXXX"
New Samsung Galaxy A15 5G 256 GB White,18999,Brand New,"Rajshahi, Vodra",2 hours ago,https://bikroy.com/vodra/mobile-phones/new-samsung-galaxy-a15-5g-256-gb-white-khjzStvu9IVYXPSkuoRxP6hS.html,5,2026-09-03T07:34:27.737281+00:00,individual,"Experience smart design and incredible performance with the Samsung A15, your perfect choice.

Limited stock – first come, first served!
Our Address: Baneswar Shibpur Hat, Puthia, Rajshahi
100% Trustworthiness
Right price, right product
FAHIM mobile zone, your trusted mobile shop"
Xiaomi Redmi K90 256 GB Black,55000,Used,"Dhaka, Banani",2 days ago,https://bikroy.com/banani/mobile-phones/xiaomi-redmi-k90-256-gb-black-cqpYQs644dWylNajUJMwOnXa.html,5,2026-09-03T07:34:29.133744+00:00,individual,"📱 Redmi K90 5G — 12/256GB

মাত্র ১৭ দিন ব্যবহার করা হয়েছে। একদম ফ্রেশ কন্ডিশন, কোনো সমস্যা নেই। বক্স, অরিজিনাল চার্জারসহ সবকিছু আছে। কোনো পার্টস পরিবর্তন করা হয়নি।

💰 দাম: ৳৫৫,০০০ (আলোচনা সাপেক্ষে)
📍 লোকেশন: বনানী, ঢাক 019XXXXXXXX"
Apple iPhone 16 Pro 256 GB Silver,100000,Used,"Dhaka, Mirpur",30/08,https://bikroy.com/mirpur/mobile-phones/apple-iphone-16-pro-256-gb-silver-brY0e5630Zi3iCgmFl53uYL2.html,4,2026-09-03T07:34:29.506409+00:00,individual,"IPhone 16 pro 256gb bh:89 with original charger
Fully authentic joto iccha dekhe niben water proof available never repair history
Phone bahire Theke ana hoise always 80/20 maintain kora hoise onk khon Charge thake joto iccha dekhe niben
Price fixed"
Apple iPhone 12 Pro Max 128 GB Black,26999,Used,"Chattogram, Panchlaish",30/08,https://bikroy.com/panchlaish/mobile-phones/apple-iphone-12-pro-max-128-gb-black-8cpQbiEBOdfJhUhgVQXN28nB.html,4,2026-09-03T07:34:29.996583+00:00,individual,"Baypass iphone 12promax
128GB
face id no
troton ok
battery health 73 original
Waterproof available 
Display apple genuine 100%
24k ar oupore hole Message Deban 
Real buyer ra nahole gale kaben
No exchange
what's app 018XXXXXXXX"
Xiaomi Redmi Note 13 Pro+ 512 GB Black,25000,Used,"Dhaka, Tejgaon",1 day ago,https://bikroy.com/tejgaon/mobile-phones/xiaomi-redmi-note-13-pro-512-gb-black-62UnJXok1nB1sIOR67uHuHKH.html,3,2026-09-03T07:34:31.120823+00:00,individual,Fixed Price Original Box & Charger Available
Xiaomi Redmi 15 128 GB Silver,19500,Used,"Dhaka, Motijheel",29/08,https://bikroy.com/motijheel/mobile-phones/xiaomi-redmi-15-128-gb-silver-sIgG1kpYZ38io65sJ8opT6zM.html,5,2026-09-03T07:34:31.915833+00:00,individual,"Redmi 15
6/128GB
Battery 7000mah
Use only 4/5 month
Phone Totally Fresh
T&T Colony, Motijheel"
New Xiaomi Redmi Note 15 128 GB Black,25000,Brand New,"Dhaka, New Market, Dhaka",21 hours ago,https://bikroy.com/new-market-dhaka/mobile-phones/new-xiaomi-redmi-note-15-128-gb-black-i13O8i6VrDr7HfFgjFPe7R0F.html,3,2026-09-03T07:34:32.594443+00:00,individual,"Purchased only 1 month ago, box and charger included. No single problem. I am selling it because I want to buy an updated phone."
Xiaomi 17 Ultra 512 GB Black,140000,Used,"Dhaka, Mohammadpur",1 hour ago,https://bikroy.com/mohammadpur/mobile-phones/xiaomi-17-ultra-512-gb-black-xD2WsnJJFVjyjwhkf6m5SGJd.html,3,2026-09-03T07:34:33.053524+00:00,individual,"Name:Xiaomi 17 Ultra by Leica (Global Rom kora)
 Color: black 
 Storage:16-512GB
  Used like new
 WithFull box
Price:-Call for best price 
Used Mobile: 3Days replacement & 6months service warrenty or New mobile: 7days replacement & 1year service warrenty included  
Contact number 018XXXXXXXX"
New Xiaomi Redmi Turbo 4 Pro 256 GB White,40250,Brand New,"Dhaka, Jatrabari",1 day ago,https://bikroy.com/jatrabari/mobile-phones/new-xiaomi-redmi-turbo-4-pro-256-gb-white-is2cxc6OkTEQ9ousfMJuypDk.html,3,2026-09-03T07:34:33.719088+00:00,individual,"ফোন সম্পূর্ণ ফ্রেশ,, তো যত ইচ্ছা দেখে নিবেন কোন সমস্যা নেই,, ব্যাটারি হেল্থ ৯৯% ,, ফোনে কোন দাগ নাই।।  ফ্রেশ।"
New Samsung Galaxy A26 256 GB Black,20000,Brand New,"Rajshahi, Shaheb Bazar",10/08,https://bikroy.com/shaheb-bazar/mobile-phones/new-samsung-galaxy-a26-256-gb-black-9PYtxOMsoaMdsgGvqIZf8720.html,3,2026-09-03T07:34:34.467688+00:00,individual,Samsung A 26 5g 8/256: New Indian phone 013XXXXXXXX
Samsung Galaxy S21 5G 256 GB Purple,24000,Used,"Rajshahi, Motihar",2 days ago,https://bikroy.com/motihar/mobile-phones/samsung-galaxy-s21-5g-256-gb-purple-5Db29E34KKOPkChXveRN45ba.html,5,2026-09-03T07:34:34.793174+00:00,individual,টাকার দরকার এজন্য সেল দিচ্ছি ফোন দেখতে হলে অবশ্যই লোকেশনে এসে দেখেশুনে চেক করে নিয়ে যাবেন ধন্যবাদ
Apple iPhone 15 Plus 128 GB,72000,Used,"Chattogram, Pahartali",22/08,https://bikroy.com/pahartali/mobile-phones/apple-iphone-15-plus-128-gb-7WAp5Mw29zIvlDbF6JnHyxN3.html,3,2026-09-03T07:34:35.373200+00:00,individual,"Model Number: MU163HN/A with box
• Colour: Ocean Blue
• Battery Health: 92%
• Cycle Count: 320
• Condition: Neat & clean, no scratches
• Performance: Smooth like new
• Camera: Crystal clear photos & video
• Face ID: Fully working
• Display: Original, no spot or line
• Body: Scratch-free"
Apple iPhone 16 Pro 256 GB Gold,100000,Used,"Chattogram, Chandgaon",27/08,https://bikroy.com/chandgaon/mobile-phones/apple-iphone-16-pro-256-gb-gold-tutAnbEKeP00WFh0NuHjgWo3.html,5,2026-09-03T07:34:36.017523+00:00,individual,Experience completely fresh condition! Comes with box and browser.
Samsung Galaxy S25 Ultra 256 GB Gray,92000,Used,"Dhaka, Uttara",06/08,https://bikroy.com/uttara/mobile-phones/samsung-galaxy-s25-ultra-256-gb-gray-oItrrq8MJg1s8rTJupIcBiHF.html,5,2026-09-03T07:34:36.581571+00:00,individual,"Samsung Galaxy S25 Ultra (Unofficial) 
There are no issues with the phone at all.
Completely fresh and smooth condition.
Display, camera, battery, and all features work 100% properly.
No history of repair.
Personal use phone.
You can check and test it before buying.
Reason for Sale: Selling for personal needs.
Price: Reasonable offers are acceptable."
Samsung Galaxy S25 Ultra 256 GB Silver,81999,Used,"Dhaka, Savar",2 hours ago,https://bikroy.com/savar/mobile-phones/samsung-galaxy-s25-ultra-256-gb-silver-hB8FhYYfXIlnxONWSMZtFUh2.html,3,2026-09-03T07:34:37.149244+00:00,individual,"Samsung S25 Ultra 12/256GB
✨ একদম ফ্রেশ কন্ডিশন! 💯
🔹 কোনো দাগ নেই, খোলা বা সার্ভিসিং হয়নি। পার্টস ১০০% অরিজিনাল।
🎁 সাথে চার্জার ও শপের ক্যাশ মেমো পাবেন।
🛡️ ৭ দিনের রিপ্লেসমেন্ট ও ১ বছরের সার্ভিস ওয়ারেন্টি!
🏪 Livewire Savar - NTECH BD, সেনা শপিং কমপ্লেক্স, নবীনগর, সাভার।
🚚 সারা দেশে ক্যাশ অন ডেলিভারি।
📞 বিস্তারিত জানতে কল করুন 096XXXXXXXX"
New Samsung Galaxy S25 Ultra 512 GB Gray,92000,Brand New,"Dhaka, Badda",26/08,https://bikroy.com/badda/mobile-phones/new-samsung-galaxy-s25-ultra-512-gb-gray-BohZdMHISuI2RRD02cL4sv4Q.html,5,2026-09-03T07:34:37.454269+00:00,individual,This device is an Indian variant. Brought directly from India. You can come and check it thoroughly as much as you like and however you want. Thank you.
Samsung Galaxy Z Fold4 256 GB,28500,Used,"Chattogram, Alankar",30/08,https://bikroy.com/alankar/mobile-phones/samsung-galaxy-z-fold4-256-gb-3GQeEPGfsD84SO082gPEbW3U.html,4,2026-09-03T07:34:38.790294+00:00,individual,সামনের ডিসপ্লে তে ২টা লাইন আছে
Samsung Galaxy S22 Ultra 256 GB Bronze,24000,Used,"Chattogram, Kotwali, Chattogram",28/08,https://bikroy.com/kotwali/mobile-phones/samsung-galaxy-s22-ultra-256-gb-bronze-yvmldRCYmYr7UKvT1VEsPOx9.html,3,2026-09-03T07:34:39.378473+00:00,individual,"Samsung  s22 ultra bergundi colour, 3ta green line asce,konorokom dag,spot kiccu nai,like showroom condition,box,cashnemo ase,female calaise"
Samsung Galaxy S21 5G 256 GB Black,25000,Used,"Chattogram, Hathazari",19/08,https://bikroy.com/hathazari/mobile-phones/samsung-galaxy-s21-5g-256-gb-black-1fGNyeFGas0EEyo5sQim6jTF.html,3,2026-09-03T07:34:40.109084+00:00,individual,"The mobile has its original charger, but since it was brought from abroad, there is no box. The mobile has been used with great care."
Apple iPhone 14 Pro Max 128 GB Purple,59000,Used,"Rajshahi, Nawdapara",30/08,https://bikroy.com/nawdapara/mobile-phones/apple-iphone-14-pro-max-128-gb-purple-84zpHG9PTVYhlxMpTrfEa5JB.html,4,2026-09-03T07:34:41.263157+00:00,individual,"Face id 
Display change ( True tone )
Box + cash memo available 
Bh 76% (charge onk valo thake original Battery)
Price akdom fixed"
Apple iPhone 16 Pro Max 256 GB Gold,108000,Used,"Rajshahi, Kadirgonj",5 hours ago,https://bikroy.com/kadirgonj/mobile-phones/apple-iphone-16-pro-max-256-gb-gold-inb0l53dfWKZe5pGtRV0NnL1.html,3,2026-09-03T07:34:41.445354+00:00,individual,"আসসালামু আলাইকুম ওয়া রহমাতুল্লহি ওবারকাতুহ 
ফ্রেশ কন্ডিশন
📦 বক্স: Only Device
🧾 ক্যাশ মেমো: আছে
🔁 রিপ্লেসমেন্ট গ্যারান্টি: ৭ দিন পর্যন্ত পাবেন ( শর্তসাপেক্ষে ) 
লোকেশন: রাজশাহী কাদিরগঞ্জ চালপট্টি, লার্জ ফার্মার পাশে , স্বপ্নচূড়া প্লাজা নগর ভবনের পিছে।  
🏪 শপ নং: ১২৩ - নিচ তলা লিফটের পাশে 
🏬 শপ নাম: Rajshahi Mobile Bari 019XXXXXXXX"
Apple iPhone 14 Pro 256 GB Gold,66000,Used,Rajshahi,26/08,https://bikroy.com/rajshahi/mobile-phones/apple-iphone-14-pro-256-gb-gold-r2tPhtgWHAfy1ZB81bICrIKf.html,4,2026-09-03T07:34:42.792743+00:00,individual,"iPhone14 Pro — 256GB | Golden Colour
একদম Super Fresh Condition হাতে নিলেই পছন্দ হবে।
Model: iPhone 14 Pro, Storage: 256GB, Colour: Golden,Battery Health: 89%, Variant: USA

ফোনের কন্ডিশন একদম ফ্রেশ ও সুন্দর। যারা ভালো কন্ডিশনের iPhone 14 Pro খুঁজছেন, তাদের জন্য দারুণ একটি ডিল 

Address: Shaheb Bazar, Rajshahi
Call: [hidden information]"
Apple iPhone 16 Pro Max 256 GB Gold,121000,Used,"Dhaka, Uttara",2 days ago,https://bikroy.com/uttara/mobile-phones/apple-iphone-16-pro-max-256-gb-gold-1pCCFPxu67jHyL7XJ34EkYXI.html,4,2026-09-03T07:34:42.815791+00:00,individual,"ফোন একদম নতুনের মতন! একদম ফুল ফ্রেশ, ব্যাটারি হেলথ ৯৭%,  সাইকেল কাউন্ট ২৬০+
বক্স ক্যাবল সহ! যত খুশি তত চেক করে নিবেন।লোকেশন উত্তরা সেক্টর ১০।  
দাম সামান্য কিছু সম্মান করা যাবে।"
New Apple iPhone 17 Pro Max 256 GB Orange,153000,Brand New,"Dhaka, Jamuna Future Park",5 hours ago,https://bikroy.com/jamuna-future-park/mobile-phones/new-apple-iphone-17-pro-max-256-gb-orange-Bcb1f6rviEC3LVdNLkXZZe5I.html,5,2026-09-03T07:34:43.383409+00:00,individual,"iPhone 17 Pro Max Australia variant Cosmic Orange 
📱 256GB | Brand New / Inactive
📦 Full Box | Untouched Original Cable
✨ Never Used — or active with 1 year replacement garunty
⚠️ One-side sticker opened + tiny corner dent
💯 Everything else is fresh & perfectly working!"
Apple iPhone 16 Pro Max 256 GB,124000,Used,"Dhaka, Mirpur",26/08,https://bikroy.com/mirpur/mobile-phones/apple-iphone-16-pro-max-256-gb-czs75pHy8PuWZ2P8lLI7nARU.html,3,2026-09-03T07:34:44.242957+00:00,individual,"iphone 16pro max-256gb
arab variant
colure: desert
BH:97%
cycle count:205
cash mamo + box included
no one single scratch on phone
3month warranty still have"
Apple iPhone 11 128 GB Purple,28000,Used,"Rajshahi, Shaheb Bazar",2 hours ago,https://bikroy.com/shaheb-bazar/mobile-phones/apple-iphone-11-128-gb-purple-v5LqCD6lqgnInI19TJCJFWNE.html,3,2026-09-03T07:34:44.658606+00:00,individual,"iPhone 11
128 GB, 88% Battery Health
Super condition
7 days replacement guarantee
1 year service warranty
#exchange possible
Our Address:
Smart Choice, Shop No. 211,
City Center, Beside Rajshahi College, Sonadighi Mor, Rajshahi
Call for any details:"
Apple iPhone 12 64 GB Blue,31000,Used,"Rajshahi, Rajpara",24/08,https://bikroy.com/rajpara/mobile-phones/apple-iphone-12-64-gb-blue-xr6eXaAJkOftGQEMTyE7LPXA.html,4,2026-09-03T07:34:45.486888+00:00,individual,"Iphone 12
Battery 88%
Check waterproof before taking"
Apple iPhone 12 64 GB Blue,28000,Used,"Rajshahi, Kadirgonj",18 hours ago,https://bikroy.com/kadirgonj/mobile-phones/apple-iphone-12-64-gb-blue-yRbRwpfXWSbHUcmpMbzMic1l.html,5,2026-09-03T07:34:45.761837+00:00,individual,Phone full fresh . original parts . model change korbo tai
New Xiaomi Redmi 15C 4G 256 GB,16990,Brand New,"Dhaka, Shyamoli",1 hour ago,https://bikroy.com/shyamoli/mobile-phones/new-xiaomi-redmi-15c-4g-256-gb-xjwywOTL7TzNEOLZp3GOsRYl.html,2,2026-09-03T07:34:46.265578+00:00,individual,"Redmi 15c
6+128 GB=16990/= Fixed Price
8+256 GB=19990/= Fixed Price
Our Address
Mobile Plaza
Shyamoli Tower Complex Market
2nd Floor, Shop No 13, 14
Shyamoli, Mohammadpur, Dhaka
Online Link
You can view and order
Download from Play Store
Mobile Plaza
Our Website
Facebook Page
Facebook/Mobil Plaza"
New Xiaomi Redmi Note 15 256 GB,32000,Brand New,"Dhaka, Banglamotor",1 hour ago,https://bikroy.com/banglamotor/mobile-phones/new-xiaomi-redmi-note-15-256-gb-ena1gCa6jdm86pXQ1lOisGo.html,4,2026-09-03T07:34:46.787035+00:00,individual,"Dhaka Hatirpool Motaleb Plaza, shop number 592. Buy a mobile on installment using your NID card. Redmi Note 15 8/256 official mobile."
Xiaomi Redmi Note 14 4G 256 GB Black,20000,Used,"Dhaka, Mirpur",16/08,https://bikroy.com/mirpur/mobile-phones/xiaomi-redmi-note-14-4g-256-gb-black-2Pkn1nunP6HOxKE6spOvJ8j7.html,5,2026-09-03T07:34:47.598640+00:00,individual,"Redmi Note 14 (Global Version) | 8GB RAM + 256GB ROM 
Location: Mirpur-12, Dhaka
Came from Abroad
Used for around 6 Months
No Repair History
Excellent Condition – No Scratch, No Dent
Battery Health Excellent.
Full Phone Protected with Poly
Device & Original 33W Charger
No Box & Cash Memo
Any securities will be given"
Apple iPhone 11 Pro Max 256 GB Gold,36000,Used,"Chattogram, Bakoliya",19/08,https://bikroy.com/bakoliya/mobile-phones/apple-iphone-11-pro-max-256-gb-gold-CqYT24FjQp7dkZGskpB0Hsja.html,4,2026-09-03T07:34:48.210651+00:00,individual,"Only set security and cover and cash memo er pic ace all ok kono problem nai 
BH 87 original 
LL/A variant
All original still"
Apple iPhone 13 Pro 256 GB Blue,51000,Used,"Chattogram, Chandgaon",12/08,https://bikroy.com/chandgaon/mobile-phones/apple-iphone-13-pro-256-gb-blue-q3Oib5jab3cYZzWZfaRxh6XE.html,5,2026-09-03T07:34:48.872829+00:00,individual,"Storage 256gb
Battery 92%
Set + cash memo"
Apple iPhone 12 Pro 256 GB Blue,32000,Used,"Chattogram, Halishahar",22/08,https://bikroy.com/halishahar/mobile-phones/apple-iphone-12-pro-256-gb-blue-crk6bzZJcCtUcnfSyp4pCrWf.html,3,2026-09-03T07:34:49.641687+00:00,individual,"Problem: Back shell is cracked,
Battery Health 78% Original.
Water damaged 6-7 days ago, ear speaker is damaged, have to talk on speaker.
To fix all these, it will cost 6-7k. I don't have money, so I am selling it. Otherwise, it can be sold for 38k after fixing it.
Only mobile and cash memo will be given.
Everything else is okay, you can check before buying."
Apple iPhone 14 Plus 256 GB Blue,55000,Used,"Dhaka, Dhamrai",17/08,https://bikroy.com/dhamrai/mobile-phones/apple-iphone-14-plus-256-gb-blue-rf48c3tJ8BeRMDYFEetkD34p.html,5,2026-09-03T07:34:50.247760+00:00,individual,"iPhone 14 Plus Blue
Mint condition
256 GB
ZP/A
Single SIM
Battery Health-76 original
No issues
Nothing changed, box and everything available"
Apple iPhone 16 128 GB Blue,82500,Used,"Dhaka, Mirpur",28/08,https://bikroy.com/mirpur/mobile-phones/apple-iphone-16-128-gb-blue-wcztadToW6YyLDZjVLJTMQLh.html,5,2026-09-03T07:34:50.914018+00:00,individual,"Used: 1 Year
Battery Health: 96%
Charging Cycle: 253 (as of 28.08.2026)
Box & Original Memo: Available
Condition
Entire phone was poly-covered from day one
Single-handedly used by a female user
No gaming history
No scratches or dents
Very carefully and lightly 
Note: Charger/adapter will not be provided."
Apple iPhone 15 Pro Max 256 GB Gray,100000,Used,"Dhaka, Demra",16/08,https://bikroy.com/demra/mobile-phones/apple-iphone-15-pro-max-256-gb-gray-iO4QAEgzG5KhKtIcyUfp7ITw.html,4,2026-09-03T07:34:51.376274+00:00,individual,"No issues
Completely fresh
Battery health 90%
Everything ok
Box is also available"
Apple iPhone XS Max 256 GB Black,23000,Used,"Dhaka, Uttara",1 day ago,https://bikroy.com/uttara/mobile-phones/apple-iphone-xs-max-256-gb-black-d6IU0TJ1wIdNbZs53uddGXI6.html,5,2026-09-03T07:34:51.726280+00:00,individual,"Fresh condition
Rom:256
Bettery change❌
Camera sundor
Location :uttarai
Number 013XXXXXXXX"
New Apple iPhone X 256 GB Black,20500,Brand New,"Dhaka, Jatrabari",2 days ago,https://bikroy.com/jatrabari/mobile-phones/new-apple-iphone-x-256-gb-black-Ckj0OKGrV0hiwcLtzDIAGKV3.html,4,2026-09-03T07:34:52.461344+00:00,individual,"All okay no issue
Imported from Dubai
Storage 256 GB
Face id ✅
Display✅
True tone✅
Front Camera✅
Back Camera ✅
Battery ✅
Only real buyer inbox"
Apple iPhone 12 128 GB White,29500,Used,"Dhaka, Uttara",2 days ago,https://bikroy.com/uttara/mobile-phones/apple-iphone-12-128-gb-white-5QQ75FumogCEb4tNb5jcHhVf.html,4,2026-09-03T07:34:53.036216+00:00,individual,iPhone 12 All okay just silent button has a little problem that is fixed all okay silent button has been newly installed no problem
Xiaomi 13 Ultra 256 GB Green,45000,Used,"Dhaka, Mohammadpur",1 day ago,https://bikroy.com/mohammadpur/mobile-phones/xiaomi-13-ultra-256-gb-green-ieKf314ZpqgPQrdkSl8oI3i8.html,5,2026-09-03T07:34:53.786276+00:00,individual,"📱🔥 Xiaomi 13 Ultra (6/128GB) used 
no box
📸 অসাধারণ Leica Camera Experience
China varriant 
💾 RAM/ROM: 6/128GB
মূল্য: ৪৫,০০০ টাকা
🏷️ New Price: ৯৪,০০০ টাকা

✅ Only Device
✅ Back Cover
✅ Premium Super Strong Glass
📍 লোকেশন: সাভার সেনা শপিং কমপ্লেক্স
SMS Gadget
🚨 মাত্র ১ পিস Available!
⚠️ আসার আগে অবশ্যই কল করে Booking করে আসতে হবে।"
New Xiaomi Civi 5 Pro 256 GB White,65000,Brand New,"Dhaka, Jamuna Future Park",1 hour ago,https://bikroy.com/jamuna-future-park/mobile-phones/new-xiaomi-civi-5-pro-256-gb-white-lgg9I3LoJ0qnCgLHurpr0Rof.html,4,2026-09-03T07:34:54.551695+00:00,individual,"Xiaomi Civi 5 pro– Best condition 
• 128 GB Storage• 
• Color: Nebula Purple
• China Variant
• Battery Health: 100%
• Absolutely fresh, no issues at all 
• Face ID, Camera, True Tone all 100% OK
• Box/Charger: Included 
• Location: Jamuna Future Park, Level 4, 4B-007D"
Xiaomi 17T 256 GB Purple,53999,Used,"Dhaka, Motalib Plaza",1 hour ago,https://bikroy.com/motalib-laza/mobile-phones/xiaomi-17t-256-gb-purple-dSXmLndKJCSOZjJijJlRKADC.html,3,2026-09-03T07:34:55.377891+00:00,individual,"Wholesale & Retail 
Xiaomi 17T 12/256GB (Active)
BH-100%

Mobile, Box & Charger (বক্স, চার্জার পেতে সময় লাগতে পারে ৫/৭ দিন) 

Address: Hridoy Communication, 2nd Floor, Shop no: 338"
Samsung Galaxy S25 Ultra 512 GB Black,90000,Used,"Rajshahi, Uposahar",14/08,https://bikroy.com/uposahar/mobile-phones/samsung-galaxy-s25-ultra-512-gb-black-ppwzCJIRmhtzGgToFaBSG65f.html,3,2026-09-03T07:34:55.957301+00:00,individual,"Galaxy S25 ultra!
12/512 GB!
98% fresh condition!
You can come to the location and check it as much as you want!"
Samsung Galaxy S25 12/256 (Used),57000,Used,Rajshahi,2 hours ago,https://bikroy.com/rajshahi/mobile-phones/samsung-galaxy-s25-12-256-used-jPd75CcbEqEAYsMLV3VbBT0e.html,4,2026-09-03T07:34:56.192185+00:00,individual,"Samsung S25 

12 GB RAM, 256 GB ROM 

Super condition 🔥🔥

Enjoy 7 days replacement guarantee ✅ 
Enjoy 1 year service warranty ✅ 

#exchange possible ✅

Our Address :
Smart Choice, Shop No. 211, 
City center, Beside of Rajshahi College, Sonadigir mor, Rajshahi

Call for any details:"
Laptop HP EliteBook 840 G6 16GB Intel Core i7 SSD 512GB,52000,Used,"Rajshahi, Motihar",19/08,https://bikroy.com/motihar/computers-and-laptops/laptop-hp-elitebook-840-g6-16gb-intel-core-i7-ssd-512gb-ievvxsb2TowlMr4ufqncJ7Y7.html,4,2026-09-03T07:34:56.906867+00:00,individual,"Model: HP EliteBook 840 G6
Laptop configuration:
Processor: Intel Core i7 8th Gen (8565U)
Storage memory: 512 GB SSD (Samsung)
RAM: 16 GB
Display: 14"" Full HD (Touchscreen)
Graphics 1: Intel UHD 620 8 GB Shared
Graphics 2: AMD Radeon 550X (2GB Dedicated)
Webcam, Wi-Fi, Bluetooth, HDMI, all everything ok (AEO).
(Check as much as you want until you are satisfied)
Phone:
Phone:"
Samsung Galaxy A34 5G 128 GB Green,19000,Used,"Rajshahi, Kazla",26/08,https://bikroy.com/kazla/mobile-phones/samsung-galaxy-a34-5g-128-gb-green-4WECbbC6zf8NVIwvKo6Y4xKE.html,3,2026-09-03T07:34:57.499522+00:00,individual,ফোনে কোনো ধরনের দাগ বা সমস্যা নাই আমার নিজের ব্যাবহার করা চাপাই থেকে নেওয়া হয়েছে সাথে কিছু নেই এনআইডি কার্ড দেওয়া জাবে দাম কিছু টা কমানো জাবে
Samsung Galaxy S20 FE 5G 128 GB Graphite,18000,Used,"Rajshahi, Kazla",27/08,https://bikroy.com/kazla/mobile-phones/samsung-galaxy-s20-fe-5g-128-gb-graphite-3wHMBSICF93jegaFBGjMYNoY.html,3,2026-09-03T07:34:58.031605+00:00,individual,ফোন পুরো নতুন আছে।কোনো ডেন্ট বা দাগ নাই।টাকার প্রয়োজন তাই বিক্রি করছি।
Samsung Galaxy S21 FE 5G 128 GB Gray,18000,Used,"Rajshahi, Shaheb Bazar",16/08,https://bikroy.com/shaheb-bazar/mobile-phones/samsung-galaxy-s21-fe-5g-128-gb-gray-U8R84gN8sECS5n7Z6giiGkn.html,5,2026-09-03T07:34:58.865700+00:00,individual,"Selling urgently due to needing money.
1. Display replaced due to green line issue. Market original display installed, fingerprint works with very good quality.
2. Everything else is original.
3. Phone has 1% problem. No scratches.
4. Price is slightly negotiable upon discussion.
5. Don't waste time quoting ridiculous prices. Contact quickly if you want to buy."
Samsung Galaxy S24 Ultra 256 GB Black,85000,Used,"Chattogram, Agrabad",19/07,https://bikroy.com/agrabad/mobile-phones/samsung-galaxy-s24-ultra-256-gb-black-6tG5zsRVYCqTAF5F626HmuwZ.html,5,2026-09-03T07:34:59.353813+00:00,individual,Phone like new. No repair history. Box nai but any kind of security dewa Jabe. Everything works perfectly.Location must.
Samsung Galaxy Z Fold 6 (12/256) SILVER INTACT (Brand New),150000,Brand New,"Chattogram, Chawkbazar",1 hour ago,https://bikroy.com/chawkbazar/mobile-phones/samsung-galaxy-z-fold-6-12-256-silver-ntact-brand-new-xrm71kM0G8kG1ttk54QkJyb2.html,0,2026-09-03T07:34:59.807062+00:00,individual,"🔳 INTACT SEAL PACK. DUAL SIM 🔳 Storage: 12/256GB 🔳 Colour: SILVER ◾ Box And Original Cable 🔰 Our Speciality: ◾Original & Non-Refurbished Product ◾Emi Facilities Available* ◾Accept Visa, Master Card ◾Delivery Facility inside & Outside ctg. ◾Phone Exchange Facilities* ◾ All Products Original And Genuine. ◾Our All Product 7 Days replacement And 1 year Service Warranty 🔰 Our Showroom Address: Rony Enterprise (Since 2007), Bali Arcade Shopping Center, 4th Floor, Shop no 03 (infront of chawkbazar Post Office), Sirajuddula Road, Chawkbazar, Chattogram Show more"
Samsung Galaxy S24 Ultra (Used),90000,Used,"Chattogram, Khulshi",23/04,https://bikroy.com/khulshi/mobile-phones/samsung-galaxy-s24-ultra-used-7CO4BEAXvKuCTvUK7J1NNbx6.html,3,2026-09-03T07:35:00.595863+00:00,individual,"100% fresh.
Full boxed. Not a single spot. Original cable.
With premium phone case."
Apple iPhone 16 Pro 128 GB Graphite,87000,Used,"Chattogram, Khulshi",15/08,https://bikroy.com/khulshi/mobile-phones/apple-iphone-16-pro-128-gb-graphite-swz6deeAEPVzUGhfTsbKlbec.html,3,2026-09-03T07:35:01.173134+00:00,individual,"Purchased in brand new condition from US apple store in January 2025
Used one and half year
Recently charging IC got damaged. Repaired, which did cost me taka
Now it's fully ok
Otherwise no dent, no scratch,no water issue
Will box and original charging cable"
Apple iPhone 15 Pro Max 256 GB Silver,98000,Used,"Chattogram, Raozan",21/08,https://bikroy.com/raozan/mobile-phones/apple-iphone-15-pro-max-256-gb-silver-eUwu8HOIx3JbCYcETjkDsBfc.html,5,2026-09-03T07:35:01.711762+00:00,individual,"Alhamdulillah, no issues at all 
WhatsApp 018XXXXXXXX"
Apple iPhone 15 Pro Max 256 GB Black,84500,Used,"Chattogram, Chandgaon",19/08,https://bikroy.com/chandgaon/mobile-phones/apple-iphone-15-pro-max-256-gb-black-jPAAdAZ96iNhBNyU7R2L76uM.html,4,2026-09-03T07:35:02.546417+00:00,individual,"IPhone 15 Pro Max for Sale
Condition: Like New / Gently Used
Color: Black Titanium 
Storage: 256GB
 Battery Health: 86%
 Only phone.
 Origin : LLA (USA) 
 Dual eSIM
 No scratches
 No issues – fully functional
 Used with care
 Price: 84,500/-
Location: Chandgaon 
Call for more"
Samsung Galaxy A56 256 GB Green,35500,Used,"Chattogram, Muradpur",2 hours ago,https://bikroy.com/muradpur/mobile-phones/samsung-galaxy-a56-256-gb-green-IO3H8Zlmn3Mr2TAtBrcmSSB.html,3,2026-09-03T07:35:02.849586+00:00,individual,"Samsung Galaxy A56 5G
 8GB RAM / 256GB Storage
 Full Box
 6.7"" FHD+ Super AMOLED Display
 120Hz Refresh Rate
 Exynos 1580 Processor
 50MP OIS Main Camera
 Benefits:
 15-day replacement guarantee
 Shop No: 319, 3rd Floor
 CPDL RB Midtown Market, Muradpur, Chittagong (Next to Makkah Hotel)"
Samsung Galaxy A36 128 GB White,26500,Used,"Chattogram, Agrabad",2 hours ago,https://bikroy.com/agrabad/mobile-phones/samsung-galaxy-a36-128-gb-white-8nWx3PqRQUuXOHtN2QrNaCEM.html,3,2026-09-03T07:35:03.454314+00:00,individual,"Samsung A36
Super Flagship Device 
Snepdragon 6Gen3
Ram 8+128
With chgr cash mamo"
Samsung Galaxy S21 FE 5G 128 GB Blue,24000,Used,"Chattogram, Agrabad",1 hour ago,https://bikroy.com/agrabad/mobile-phones/samsung-galaxy-s21-fe-5g-128-gb-blue-k3bguO7oc0z9ll06t9JkuMyj.html,3,2026-09-03T07:35:03.899674+00:00,individual,"Set is in fully fresh condition. RAM 8GB, Storage 128GB. Comes with charger."
Apple iPhone 16 Pro Max 256 GB White,122000,Used,"Chattogram, Oxygen",17/06,https://bikroy.com/oxygen/mobile-phones/apple-iphone-16-pro-max-256-gb-white-tHBhfiK0vPHMY8aHh5TgQSbd.html,5,2026-09-03T07:35:04.527842+00:00,individual,"Iphone 16pro max white titanium 256gb tdra (dubai)
""""brand new condition """" 
bh:- 100%
charging cycle :- 66
5-6month warrant left
full box ache cash memo ache
call 016XXXXXXXX"
Apple iPhone 17 AIR 256GB INTACT (Brand New),120000,Brand New,"Chattogram, Chawkbazar",1 hour ago,https://bikroy.com/chawkbazar/mobile-phones/apple-iphone-17-air-256gb-intact-brand-new-8bPAcmG1pmjkGNibZcyoAMMq.html,0,2026-09-03T07:35:05.198015+00:00,individual,"🔳 INTACT SEAL PACK
🔳 Storage: 12/256GB
🔳 Colour: BLUE
◾ Box And Original Cable


🔰 Our Speciality......................................


◾Original & Non-Refurbished Product
◾Emi Facilities Available*
◾Accept Visa, Master Card
◾Delivery Facility inside & Outside ctg.
◾Phone Exchange Facilities*
◾Our All Products Original And Genuine. 
◾Our All Product 7 Days replacement And 1 year Service Warranty

🔰 Our Showroom Address:

Rony Enterprise (Since 2007)
Bali Arcade Shopping Center
4th Floor, Shop no 03(infront of chawkbazar Post Office
Sirajuddula Road, Chawkbazar, Chattogram Show more"
New Apple iPhone 17 Pro Max 256 GB Silver,169000,Brand New,"Chattogram, Chawkbazar",17/05,https://bikroy.com/chawkbazar/mobile-phones/new-apple-iphone-17-pro-max-256-gb-silver-k5Phgq5VyvQCmheUbui1p6It.html,2,2026-09-03T07:35:05.836548+00:00,individual,"If you want the best price, please visit our shop."
Samsung Galaxy S25 Ultra 256 GB,87999,Used,"Dhaka, Baridhara",18/08,https://bikroy.com/baridhara/mobile-phones/samsung-galaxy-s25-ultra-256-gb-hNrObzMxECVwIYSKpoy6axmZ.html,5,2026-09-03T07:35:06.440250+00:00,individual,"Very good phone, I am selling it because I need money. I bought it new and used it for 4 months."
Samsung Galaxy Z Fold7 256 GB Blue,127000,Used,"Dhaka, Dhanmondi",14/08,https://bikroy.com/dhanmondi/mobile-phones/samsung-galaxy-z-fold7-256-gb-blue-suQE9URrzaPZ6Cxr20vcGyEH.html,5,2026-09-03T07:35:06.840628+00:00,individual,"Peace be upon you all, welcome to Anika Telecom. We have for you
Samsung Z Fold 7... 12/256 GB 
Without Box ... Colour: Blue... Condition Fresh
Contact us to get all kinds of authentic flagship mobile phones - Call +880 1945-302167
Address - Orchard Point, 3rd Floor, Shop #427
Road - 7, Dhanmondi, Dhaka-1205"
Samsung Galaxy S25 Ultra 256 GB Gray,115000,Used,"Dhaka, Kafrul",17/08,https://bikroy.com/kafrul/mobile-phones/samsung-galaxy-s25-ultra-256-gb-gray-u5UbPSUpoBwbetBTylh8UaPy.html,3,2026-09-03T07:35:07.464167+00:00,individual,"Fully ok phone in new condition, used for 8 months... fully fresh mobile... Everything from the box to the charger is available... you can check and take it..."
Apple iPhone 16 Pro Max International (Used),124000,Used,Rajshahi,2 hours ago,https://bikroy.com/rajshahi/mobile-phones/apple-iphone-16-pro-max-international-used-l8ZYqC5lOYSqnQWAs5WFKEEN.html,0,2026-09-03T07:35:07.748610+00:00,individual,"iPhone 16 Pro Max 🔥

256 GB, 97% Battery Health

International Global Version 🔥

Super condition 🔥🔥

7 days replacement guarantee ✅
1 year service warranty ✅

#exchange possible ✅

Our Address:
Smart Choice, Shop No. 211,
City Center, Beside Rajshahi College, Sonadighi Mor, Rajshahi

Call for any details"
Apple iPhone 17 Pro Max super condition (Used),159000,Used,Rajshahi,1 hour ago,https://bikroy.com/rajshahi/mobile-phones/apple-iphone-17-pro-max-super-condition-used-hTk4IKkvO4s3bsD26ueDovzb.html,0,2026-09-03T07:35:08.486418+00:00,individual,"Iphone 17 pro max 256 gb 100 bh. Physical sim 🔥🔥🔥. Super condition 🔥🔥. Enjoy a 7-day replacement guarantee ✅ and 1-year service warranty ✅. #exchange possible ✅. Our Address: Smart Choice, Shop No. 211, City center, Beside of Rajshahi College, Sonadigir mor Rajshahi. Call for any details."
Apple iPhone 16 Pro Max 256 GB,129999,Used,"Rajshahi, Baharampur",21/06,https://bikroy.com/baharampur/mobile-phones/apple-iphone-16-pro-max-256-gb-fShnzR2EYw90F51LeoKqXDjw.html,5,2026-09-03T07:35:09.309814+00:00,individual,"Apple Limited Warranty till 29 August 2026
Australian Variant
Physical SIM + eSIM
Battery Health: 100%
Cycle Count: 234
No Scratch
No Dent
No Repair History
Never Opened
Box + Original Type-C Cable Available
Reason for Selling:
Upgrade to iPhone 17 Pro Max
Face to Face Deal Preferred
Location: Rajshahi"
Samsung Galaxy A55 256 GB,32900,Used,"Dhaka, Savar",1 day ago,https://bikroy.com/savar/mobile-phones/samsung-galaxy-a55-256-gb-7ZNOtBuAh4SHjSUuaPFO7Q6P.html,4,2026-09-03T07:35:10.065148+00:00,individual,"Absolutely fresh condition, no scratches of any kind, used with great care. You will get the original box, cable, and a 2700 taka original Samsung adapter with it. You can check it as much as you want before taking it. Must come to the location to pick it up. Location: Baliarpur, Hemayetpur, Savar."
Samsung Z 16 GB Silver,56000,Used,"Dhaka, Hazaribagh",29/08,https://bikroy.com/hazaribagh/mobile-phones/samsung-z-16-gb-silver-yB9zdSWQIngwfAn2rb4SZDv9.html,5,2026-09-03T07:35:10.679273+00:00,individual,Full fresh only device 12/512gb authentic
Samsung Galaxy S24 Ultra 256 GB Bronze,67000,Used,"Dhaka, Keraniganj",31/08,https://bikroy.com/keraniganj/mobile-phones/samsung-galaxy-s24-ultra-256-gb-bronze-s1sZ1Ed5y0y2rEqzxLPkm5VU.html,3,2026-09-03T07:35:11.258204+00:00,individual,"Samsung s24 ultra 
১২/২৫৬/ 
ভিয়েতনাম ভেরিয়েন্ট 
ফোন এর   সাথে অরজিনাল  বক্স আছে 
আমি নতুন কিনছিলাম আমি বাইক কিনবো দেইখা এইটা সেল করতাছি অনেক সখের একটা ফোন ছিলো ফোন ফুল ফ্রেশ জাস্ট হাতের থেকে পরে পিছের বেক সেল ফেটে গেছে এটাই সমস্যা তা সারা কনো সমস্যা নাই জত খুশি চেক করে নিতে পারবেন ইমারজেন্সি দরকার তাই সেল দিয়ে দিতাছি অনেক কমে দিয়ে দিতাছি"
Apple iPhone 16 Pro Max 256 GB Bronze,115000,Used,"Rajshahi, Shaheb Bazar",2 hours ago,https://bikroy.com/shaheb-bazar/mobile-phones/apple-iphone-16-pro-max-256-gb-bronze-dkozXQRyhyMTwlV9REij7Sfr.html,3,2026-09-03T07:35:11.958848+00:00,individual,"iPhone 16 Pro Max, 256 GB, 91% battery health, USA version, super condition, 7 days replacement guarantee, 1 year service warranty. Exchange possible. Our Address: Smart Choice, Shop No. 211, City Center, Beside Rajshahi College, Sonadighi Mor, Rajshahi. Call for details."
Apple iPhone 14 Pro Max 256 GB Purple,78500,Used,Rajshahi,1 day ago,https://bikroy.com/rajshahi/mobile-phones/apple-iphone-14-pro-max-256-gb-purple-pIWYbP0PC04AqPi9SEG7fnnH.html,3,2026-09-03T07:35:12.613445+00:00,individual,সিঙ্গাপুর ভেরিয়েন্ট ফোনে কোন ধরনের কোন সমস্যা নাই যত ইচ্ছা দেখে নিবেন নিজের পার্সোনাল কিছু ব্যক্তিগত কারণে ফোনটা আমাকে সেল করা লাগছে তাছাড়া কোন কারণ নেই ফোন বিক্রি করার । ব্যক্তিগত কিছু কারণে টাকা দরকার তাই ফোনটা সেল করব । লোকেশনে এসে ইচ্ছামত ফোন দেখে নিয়ে যাবেন প্রয়োজনে ওয়াটারপ্রুফ চেক করে নেবেন । ফোন দেখতে আসলে অবশ্যই ফোন পছন্দ হবে।
Apple iPhone 16 128 GB Black,67999,Used,"Rajshahi, Motihar",4 hours ago,https://bikroy.com/motihar/mobile-phones/apple-iphone-16-128-gb-black-G1eLaCEXbsYPI3FI1B84yxM.html,5,2026-09-03T07:35:13.296687+00:00,individual,"I phone 16 
128GB 
100% battery 116 bar charger 
Waterproof 
Call me"
Apple iPhone 13 Pro 128 GB White,53000,Used,"Rajshahi, Shaheb Bazar",1 hour ago,https://bikroy.com/shaheb-bazar/mobile-phones/apple-iphone-13-pro-128-gb-white-6wGvvIJEvgb9NqTBCIEbblP7.html,3,2026-09-03T07:35:13.998318+00:00,individual,"iPhone 13 Pro

128 GB, 90% Battery Health

USA Version

Experience Super Condition 🔥🔥

Enjoy 7 days replacement guarantee ✅ 
Enjoy 1 year service warranty ✅ 

#exchange possible ✅

Our Address :
Smart Choice, Shop No. 211, 
City Center, Beside Rajshahi College, Sonadigir Mor, Rajshahi"
New Apple iPhone 12 Pro 256 GB Blue,36500,Brand New,Rajshahi,2 days ago,https://bikroy.com/rajshahi/mobile-phones/new-apple-iphone-12-pro-256-gb-blue-rb4eGtAQkxvzUwYRkoWHzndt.html,5,2026-09-03T07:35:14.627188+00:00,individual,"I phone 12 Pro 
verient : UAE
BH:86% / GB: 256
case memo available ✅
only face id issu for update 
full waterproof original fresh condition"
Apple iPhone 12 128 GB White,29500,Used,"Rajshahi, Shaheb Bazar",2 days ago,https://bikroy.com/shaheb-bazar/mobile-phones/apple-iphone-12-128-gb-white-hdB9ATugcOIdIHJRhUFosRoc.html,5,2026-09-03T07:35:15.239788+00:00,individual,"Iphone 12 used 
All okeyy 
Face id ✅
Battery othentic 
All othenthik 
No issuh 
Wp 017XXXXXXXX"
Apple iPhone 16 Pro Max 256 GB Black,110000,Used,"Dhaka, Uttara",1 hour ago,https://bikroy.com/uttara/mobile-phones/apple-iphone-16-pro-max-256-gb-black-jLdlS7dgtMReFCElYtM7U5L3.html,4,2026-09-03T07:35:15.758143+00:00,individual,"iPhone 16 Pro Max | Pre-Owned
256GB Storage
USA Variant
Box Available
Battery Health: 91%
7 Days Replacement & 1 Year Service Warranty
EMI Facility Available
Exchange Hub
Shop No: 610, 611, 628 & 629, Level-6, Tropical Alauddin Tower, Sector 3, Road 2, Rajlaxmi, Uttara
Call for Details 017XXXXXXXX"
Apple iPhone 17 Pro 256 GB Orange,135000,Used,Dhaka,1 day ago,https://bikroy.com/dhaka/mobile-phones/apple-iphone-17-pro-256-gb-orange-7WSkLsjwq1EG7DkKwYFkMqXw.html,5,2026-09-03T07:35:16.770550+00:00,individual,"📱 iPhone 17 Pro (256GB) – Singapore Variant | Thailand Purchased 🇹🇭
Thailand Apple Store থেকে কেনা। Battery Health 94%, Cycle Count 298। Face ID, True Tone, Cameraসহ সবকিছু 100% ঠিকভাবে কাজ করে। কোনো hidden issue বা repair history নেই। Purchase documents available।
Purchased new from thiland on December 28
Call 016XXXXXXXX"
Apple iPhone 17 Pro Max 256 GB Orange,138000,Used,"Dhaka, Baridhara",5 hours ago,https://bikroy.com/baridhara/mobile-phones/apple-iphone-17-pro-max-256-gb-orange-iRSBTOgelbKq5KaC3wSOUozq.html,3,2026-09-03T07:35:17.074084+00:00,individual,"iPhone 17 Pro Max, available at Jamuna Future Park."
Apple iPhone 13 128 GB Blue,40999,Used,"Chattogram, Sitakunda",1 day ago,https://bikroy.com/sitakunda/mobile-phones/apple-iphone-13-128-gb-blue-BwbyUX7kmj0ccXGGlbF6VRjI.html,5,2026-09-03T07:35:17.813233+00:00,individual,"📱 iPhone 13 | 128GB | Blue

🔋 Battery Health: 93% (Original)
✅ 100% Authentic & Fresh
✅ কোনো পার্টস/কিছুই চেঞ্জ করা হয়নি
✅ No Scratch
❌ Box নেই

ফোন সরাসরি দেখে ও  ইচ্ছামত চেক করে নিতে পারবেন।
📍 নিতে হলে লোকেশনে আসতে হবে।
💰 অযথা দরদাম করবেন না, সিরিয়াস বায়ারকে সামান্য সম্মান করা হবে।

📲

WP 018XXXXXXXX"
Apple iPhone 14 128 GB White,49999,Used,"Chattogram, Chawkbazar",29/08,https://bikroy.com/chawkbazar/mobile-phones/apple-iphone-14-128-gb-white-ufX9gmWgc44Tjv21LZmuPgn7.html,5,2026-09-03T07:35:18.690342+00:00,individual,"iPhone 14 - Fresh Condition ☑️

✅128gb Storage 

✅88% genuine battery (593times Charging cycle)

☑️ Dual Sim Slot

✅No dents, no scratches 

✅With original box 

✅CH/A Variant 

✅ Starlight color🤍

Phone niben ar Chalaben ekdom fresh. Use kora hoyeche kom ar eitar shob parts original guarantee shathe✅ .

Security and box deya hobe shathe."
Apple iPhone XS Max 256 GB Black,28000,Used,"Chattogram, Chandgaon",2 days ago,https://bikroy.com/chandgaon/mobile-phones/apple-iphone-xs-max-256-gb-black-8DZUjC0FuuRIIRB5stiooKaK.html,4,2026-09-03T07:35:19.245520+00:00,individual,"এই ফোনটি আমার খুব পছন্দের,আমি এটা কাতারের দোহায় একটা মোবাইল মার্কেট থেকে নিয়েছি,কোনো ধরনের সমস্যা নাই, বডিতে কোনো দাগ নাই,দেখতে একদম নতুনের মত।যেই নিবেন জিতবেন।"
Apple iPhone 14 Pro Max 256 GB Purple,80000,Used,"Dhaka, Jamuna Future Park",2 hours ago,https://bikroy.com/jamuna-future-park/mobile-phones/apple-iphone-14-pro-max-256-gb-purple-dNEXy2edmMe18w3Yw9aL9vEt.html,5,2026-09-03T07:35:19.736905+00:00,individual,"iPhone 14 Pro Max– Best condition 
• 256 GB Storage • 
• Color: Deep Purple
• Singapure(1 eSIM+1 physical sim)
• Battery Health: [86%]
• Absolutely fresh, no issues
• Face ID, Camera, True Tone all 100% OK 
• Box/Charger: None
• Price: ৳80000

7 days replacement guarantee
(without display & software update issue)
3 years free service warranty"
Apple iPhone 13 Pro Max 128 GB Blue,52500,Used,"Dhaka, Dhanmondi",2 hours ago,https://bikroy.com/dhanmondi/mobile-phones/apple-iphone-13-pro-max-128-gb-blue-zrRtLuAhElAeiEnmPQqw3vwb.html,4,2026-09-03T07:35:20.437906+00:00,individual,"IPhone 13 PM 128gb BH77 Authentic
Fresh condition with money receipt 
No any repair history
No any scratch or dent 
Camera & battery backup so Good
Warranty policy:-
We will provide 10 day's replacement & 2 years service(without parts)
Address:- 3rd floor, shop No-411, Orchard point shopping complex, dhanmandi 7"
Apple iPhone 13 Pro 256 GB Black,52000,Used,"Dhaka, Mogbazar",15/08,https://bikroy.com/mogbazar/mobile-phones/apple-iphone-13-pro-256-gb-black-94z79tZVuJEpdtdKFF2qwGS8.html,5,2026-09-03T07:35:21.128755+00:00,individual,"USA variant, 256GB, Graphite Black, Battery Health 74% (original), Display, True Tone, Body all OK (never opened), Box available. Charger, cable, headphones not included."
Apple iPhone 12 64 GB Blue,25000,Used,"Dhaka, Uttara",1 day ago,https://bikroy.com/uttara/mobile-phones/apple-iphone-12-64-gb-blue-yLTdx5R8j6eDxudrQBwpWdJC.html,5,2026-09-03T07:35:21.380018+00:00,individual,"i Phone 12 
সেল পোস্ট 
বেটারি চেঞ্জ  
আর ফেস id নাই 
আর সবকিছু ফুল ওকে  
25k fixed  
শুধুমাত্র যাদের লাগবে তারা ইনবক্স  করুন"
Apple iPhone 13 128 GB Blue,35000,Used,"Dhaka, Demra",1 day ago,https://bikroy.com/demra/mobile-phones/apple-iphone-13-128-gb-blue-7FpZaDL5tQx0OPHpS0UQgRxu.html,5,2026-09-03T07:35:22.152871+00:00,individual,"All authentic 
iPhone 13 (blue)
128 gb 
bh-74% authentic 
no repair history 
water resistance available"
Apple iPhone 14 128 GB Blue,46000,Used,"Dhaka, 60 Feet Road",1 day ago,https://bikroy.com/60-feet-road/mobile-phones/apple-iphone-14-128-gb-blue-gbPDOUz5CgBZ61D5WLl2gQXK.html,3,2026-09-03T07:35:22.746302+00:00,individual,"iPhone 14 For Sale

Battery Health: 86%

Phone সম্পূর্ণ Fresh Condition এ আছে। সবকিছু ঠিকঠাক আছে।

ফোনটি হাতে নিয়ে ভালোভাবে Check করে নিতে পারবেন।

আগ্রহী হলে Inbox করুন 018XXXXXXXX"
Xiaomi Civi 4 Pro 512 GB Blue,36000,Used,"Dhaka, Dhanmondi",4 hours ago,https://bikroy.com/dhanmondi/mobile-phones/xiaomi-civi-4-pro-512-gb-blue-daZQhMw4sDL7xcEm3hxZXPAl.html,5,2026-09-03T07:35:23.336815+00:00,individual,"🌷🌷Welcome to""Mobile Store ""🌷🌷

আামাদের ঠিকানাঃ-

Mobile Store

Shop number -408(level 4)

Dhanmondi 32 Sukrabad bus stand
Phone number 017XXXXXXXX 018XXXXXXXX"
Xiaomi Mi 11 Ultra 256 GB Black,35000,Used,"Dhaka, Badda",25/08,https://bikroy.com/badda/mobile-phones/xiaomi-mi-11-ultra-256-gb-black-aqINzstD0IVzolpeFIptyjov.html,5,2026-09-03T07:35:24.010764+00:00,individual,"একটা স্কাচ ও নাই ফোনে, নতুন অবস্থা থেকেই পলি করা দুই পাশেই।  ফোনের সাথে শুধু দোকানের ক্যাশ মেমো পাবেন  এবং  সিকিউরিটি হিসাবে ভোটার আইডি কার্ডের ফটোকপি পাবেন। 
ফোনের সবকিছু একশ একশ। আসবেন দেখবেন যদি ভালো লাগে নিবেন। বিস্তারিত অনলাইনে দেখে নিন।"
Xiaomi Redmi Turbo 5 Max 256 GB Red,44500,Used,"Dhaka, Panthapath",31/08,https://bikroy.com/panthapath/mobile-phones/xiaomi-redmi-turbo-5-max-256-gb-red-hYaZe4MB3EbEUjTwhwhdVmBY.html,5,2026-09-03T07:35:24.677583+00:00,individual,"Name redmi turbo 5 max
Version china 12.256
Battery 100 65 cycle
Prossesor mediatek dimansity 9500s
Location dhanmondi panthapath"
Xiaomi Redmi K80 Ultra 256 GB Green,48999,Used,"Dhaka, Savar",28/08,https://bikroy.com/savar/mobile-phones/xiaomi-redmi-k80-ultra-256-gb-green-8TbYBcflB5Sh5vrbQwtv3nEB.html,5,2026-09-03T07:35:25.287438+00:00,individual,Shob ekdm 100% perfect 013XXXXXXXX
Xiaomi 13 Ultra 256 GB Green,47000,Used,"Dhaka, Savar",1 hour ago,https://bikroy.com/savar/mobile-phones/xiaomi-13-ultra-256-gb-green-keNDhC2BIB9AlUbpLBITDYr6.html,5,2026-09-03T07:35:25.951561+00:00,individual,"📌 মোবাইলের তথ্য:
🔹 মডেল: Xiaomi
🔹 RAM: 12GB
🔹 Storage: 256GB

✅ ৭ দিনের রিপ্লেসমেন্ট গ্যারান্টি
✅ ১ বছরের সার্ভিস ওয়ারেন্টি
✅ ফোন কেনার আগে যাচাই করার সুযোগ
✅ বিশ্বস্ততা ও ভালো সার্ভিস দেওয়াই আমাদের প্রধান লক্ষ্য।

📍 ঠিকানা:
E-162, Level-5 (Lift-4),
Sena Shopping Complex,
Nabinaagar, Sayer, Dhaka.

🗓️ সাপ্তাহিক বন্ধ: রবিবার"
Xiaomi Redmi K90 256 GB Red,49999,Used,"Dhaka, Motalib Plaza",1 hour ago,https://bikroy.com/motalib-laza/mobile-phones/xiaomi-redmi-k90-256-gb-red-3nXbCwNU7U9BbXQufIP8PHEC.html,5,2026-09-03T07:35:26.541635+00:00,individual,"Wholesale & Retail 
Redmi K90 12/256GB (Active)
BH-100%

Mobile, Box & Charger (বক্স, চার্জার পেতে সময় লাগতে পারে ৫/৭ দিন) 

Address: Hridoy Communication, 2nd Floor, Shop no: 338"
New Xiaomi Redmi Note 15 Pro+ 256 GB Blue,38990,Brand New,"Dhaka, Jatrabari",5 hours ago,https://bikroy.com/jatrabari/mobile-phones/new-xiaomi-redmi-note-15-pro-256-gb-blue-4XCKxPZRXHmIk9C1Hw4V9UW9.html,5,2026-09-03T07:35:27.148556+00:00,individual,"Condition: Like New 3 Month Used
Ram: 8GB Rom: 256GB
Snapdragon 7s Gen 4
Camera: 200MP
FullBox
Price: Fixed
Address: Dhaka, Jatrabari, Shahid Faruk Road, Taj-Tanvir Super Market, 2nd Floor, Shop Number: 10 (MobileHub)
#Buy the right product at the right price instead of getting cheated by buying cheap products to save some money."
New Xiaomi Redmi Turbo 4 Pro 256 GB White,40499,Brand New,"Dhaka, Jatrabari",2 days ago,https://bikroy.com/jatrabari/mobile-phones/new-xiaomi-redmi-turbo-4-pro-256-gb-white-aXpsvlgItYS8fy0DJyvxhUmY.html,4,2026-09-03T07:35:27.841683+00:00,individual,"Fully fresh phone ,,You can check properly"
Xiaomi 17 256 GB White,72000,Used,"Dhaka, Jamuna Future Park",2 hours ago,https://bikroy.com/jamuna-future-park/mobile-phones/xiaomi-17-256-gb-white-u8dUORkV27oAWxH2jSLaBeg2.html,3,2026-09-03T07:35:28.356012+00:00,individual,"Xiaomi Mi 17

12GB 256 GB
Cycle = 37
Battery Health: 100%


 Exchange Available
 100% Original Device
 With Original Box
 EMI Available (3–36 Months) (T&C Apply)
 Delivery Available Outside Dhaka

Jamuna Future Park Shopping mall
Level 4, shop No: 006C"
Xiaomi 17 Ultra 512 GB White,139990,Used,"Dhaka, Mohammadpur",1 hour ago,https://bikroy.com/mohammadpur/mobile-phones/xiaomi-17-ultra-512-gb-white-w9yiusJLx3bHvd4rZVs6zs5b.html,3,2026-09-03T07:35:28.987189+00:00,individual,"Xiaomi 17 Ultra Leica Edition (Dual Satellite Communication) (Global Rom)
Color: Silver Black, Black Silver, Beige
Storage: 16GB 512GB

Used Like New
With FullBox
EMI Available
SK mobile gator
Shop No: 670, Level-6
Tokyo Square Market
Japan Garden City, Ring Road
Mohammadpur, 1207"
Xiaomi 15 256 GB Black,35000,Used,"Dhaka, Savar",19/08,https://bikroy.com/savar/mobile-phones/xiaomi-15-256-gb-black-f272SEiE1hMsTONRT5jJ6zou.html,2,2026-09-03T07:35:29.529747+00:00,individual,"There are no dents, scratches, or any issues. It was bought new and used for only one to two months. I am selling it because I want to get another phone. This is an official phone."
Xiaomi 17 Ultra 1 TB Black,170000,Used,"Dhaka, Uttara",1 hour ago,https://bikroy.com/uttara/mobile-phones/xiaomi-17-ultra-1-tb-black-GWEcoKQbmxnLCLLhjBK1X2x.html,3,2026-09-03T07:35:30.099123+00:00,individual,"✨ Xiaomi 17 Ultra | Pre-Owned ✨

🔥 16GB RAM | 1TB ROM 🔥
🔋 Battery Health: 100%
🔄 Cycle Count: 26
📦 Box Available
🔌 Charger Included
🖥️ Premium High-Resolution Display
🔋 Long-Lasting Battery
💾 Massive 1TB Storage

🏪 Exchange Hub
📍 Shop No: 610, 611, 628 & 629, Level-6, Tropical Alauddin Tower, Sector 3, Road 2, Rajlaxmi, Uttara"
Xiaomi Civi 5 Pro 256 GB Graphite,41000,Used,"Dhaka, Savar",1 hour ago,https://bikroy.com/savar/mobile-phones/xiaomi-civi-5-pro-256-gb-graphite-NRXTw823trQKQKA1x5FBL2N.html,5,2026-09-03T07:35:30.725325+00:00,individual,"Xiaomi Civi 5 pro
99% health
Chinese variant
12/256gb"
New Xiaomi 12 Pro 256 GB Blue,55000,Brand New,"Dhaka, Mohammadpur",1 day ago,https://bikroy.com/mohammadpur/mobile-phones/new-xiaomi-12-pro-256-gb-blue-A0A6jyiEgN8ylZJqxGW001rT.html,3,2026-09-03T07:35:31.376251+00:00,individual,Xiaomi 12 pro. Full fresh.
Xiaomi 15 Ultra 512 GB Gray,125000,Used,"Dhaka, Basundhara",1 hour ago,https://bikroy.com/basundhara/mobile-phones/xiaomi-15-ultra-512-gb-gray-xyfsEW1wyG4c7q16dk6l4oJo.html,3,2026-09-03T07:35:32.130836+00:00,individual,"Using for last 6 months.
Price is not negotiable. Please do not message, no one will read.
Complete Camera Kit also available.
Exchange possible with Galaxy S26 Ultra in mint condition and boxed, I will add cash
Or Pixel 10 Pro/Pro XL boxed, you have to add cash."
Xiaomi Poco X6 Pro 512 GB Gray,30000,Used,"Dhaka, Wari",15/08,https://bikroy.com/wari/mobile-phones/xiaomi-poco-x6-pro-512-gb-gray-kOBnNLj9cw5jpv2NX2DIBFF7.html,5,2026-09-03T07:35:32.713962+00:00,individual,"I have used the mobile for a very few days, it is in completely fresh condition, you have the opportunity to check and take it. Protection film was applied right after buying it which is still there. I am getting a new mobile so I am letting this go. Only the original 67W charger will be given with it, no box, NID can be given as a document."
Xiaomi 12 Pro 256 GB Gray,25000,Used,"Dhaka, Dhanmondi",30/08,https://bikroy.com/dhanmondi/mobile-phones/xiaomi-12-pro-256-gb-gray-kv4lY7aGbWrng1CRmM4T2W0v.html,5,2026-09-03T07:35:33.341784+00:00,individual,"Only display changed (Oled display installed)
Inbox us for more details."
New Xiaomi Civi 1S 128 GB Gray,22000,Brand New,"Dhaka, Badda",16 hours ago,https://bikroy.com/badda/mobile-phones/new-xiaomi-civi-1s-128-gb-gray-iDU21MohzKjtO12SPEkYkzwR.html,3,2026-09-03T07:35:34.077612+00:00,individual,সম্পূর্ণ নতুন মোবাইল মাত্র ২২ হাজার টাকায় । শাওমি মোবাইল।
Xiaomi 256 GB Blue,28500,Used,"Dhaka, Mirpur",4 hours ago,https://bikroy.com/mirpur/mobile-phones/xiaomi-256-gb-blue-zcW2zL1ZMnxECgz2HexVkH0r.html,3,2026-09-03T07:35:34.615665+00:00,individual,"Redmi Note 15 5G with full box 8GB RAM/256GB storage
Buy, Sell & Exchange
Original picture uploaded

8GB/256GB - ৳28,500
100% original and non-refurbished product
10-day replacement guarantee
1-year service warranty
Mirpur Shopping Center
5th floor
Shop number 639
Mirpur 2, Dhaka 1216"
Xiaomi Mi 11 Ultra 256 GB Black,18000,Used,"Dhaka, Jatrabari",26/08,https://bikroy.com/jatrabari/mobile-phones/xiaomi-mi-11-ultra-256-gb-black-ktTUzdoxx5141ptHyMvj0C7I.html,5,2026-09-03T07:35:35.301526+00:00,individual,"Xiaomi mi 11 ultra
Ram:12gb
Rom:256gb
Processor: snapdragon 888
Phone a just 7ta gree line ache echara full fressh condition phone er ekdom notuner moto....green line chara kono problem nai.
Security hishebe cash memo dewa jabe. 
Location:jatrabari dholairpar
(Must be location a ashte hobe)"
Xiaomi Redmi Note 11 Pro 5G 128 GB Black,17999,Used,"Dhaka, Badda",25/08,https://bikroy.com/badda/mobile-phones/xiaomi-redmi-note-11-pro-5g-128-gb-black-1DKMRmFre5Qhr8y5kxbWEnfQ.html,5,2026-09-03T07:35:36.016327+00:00,individual,"একদম ফ্রেশ কন্ডিশন, যত ইচ্ছে সময় নিয়ে দেখবেন।  বক্স সহ পাবেন।"
Xiaomi 12 Pro 256 GB Blue,22500,Used,"Dhaka, 60 Feet Road",2 days ago,https://bikroy.com/60-feet-road/mobile-phones/xiaomi-12-pro-256-gb-blue-dA19s276aLjL5XH7X0ILR17O.html,3,2026-09-03T07:35:36.434423+00:00,individual,"100% Ok
Only phone, charger NID"
Xiaomi 128 GB White,16000,Used,"Dhaka, Demra",12 hours ago,https://bikroy.com/demra/mobile-phones/xiaomi-128-gb-white-tE1us27S9XBmU1tEEhOIC9jJ.html,5,2026-09-03T07:35:37.143094+00:00,individual,"6/128 
Processor: Snapdragon 865 5g (flagship performance & super smooth) 
Pop-up selfie camera 
Back camera photo 8k supported
Phoner sather original box, charger & cash memo  deoa hobe
Display te halka problem ar backshell broken
Touch fully kaj kore check kore nite parben 
Jekono information jante 019XXXXXXXX"
New Xiaomi 256 GB Rose Gold,19000,Brand New,"Dhaka, Savar",1 hour ago,https://bikroy.com/savar/mobile-phones/new-xiaomi-256-gb-rose-gold-7VkIj9yZ6pQFOoU1IO8gmYfn.html,2,2026-09-03T07:35:37.876359+00:00,business,"Mi Civi 1
Ram 8GB
Rom 256GB
Enjoy 100% secure home delivery across Bangladesh within 24 hours via RedX, SA Paribahan, and Sundarban Courier Service.
Shop Location
✯ Apple Gadgets & Care (Savar)
✯ Shop 1:- D43 4Th Floor (Lift-3)
✯ Sena Shopping Complex, Savar, Dhaka✯"
Xiaomi Redmi K40 256 GB Black,19000,Used,"Dhaka, Savar",13/08,https://bikroy.com/savar/mobile-phones/xiaomi-redmi-k40-256-gb-black-uGXmVP1Z0lNJBP6DRROpcgaD.html,3,2026-09-03T07:35:38.582959+00:00,individual,"Only phone
No display problems
Display changed 018XXXXXXXX"
Xiaomi 13 256 GB Black,30000,Used,"Dhaka, Uttara",29/08,https://bikroy.com/uttara/mobile-phones/xiaomi-13-256-gb-black-p2RI9CT9BwttTP5vOTI0tJLa.html,5,2026-09-03T07:35:39.210987+00:00,individual,"Xiaomi 13 (8/128GB) বিক্রি হবে

🔹 Model: Xiaomi 13 🔹 RAM/ROM: 8GB / 128GB 🔹 Performance: একদম স্মুথ ও ফাস্ট 🔹 Camera: Excellent flagship camera 🔹 Display: সুন্দর ও smooth 🔹 Condition: Used 🔹 Problem: Back shell/back glass ফাটা আছে (ছবিতে দেখা যাবে)"
Xiaomi Redmi Note 13 Pro 256 GB Purple,22000,Used,"Dhaka, Savar",1 day ago,https://bikroy.com/savar/mobile-phones/xiaomi-redmi-note-13-pro-256-gb-purple-kIc90ntLS0SIPIWFi9wHas1c.html,5,2026-09-03T07:35:39.915211+00:00,individual,ফোনটি একদম ফ্রেশ এক চুল পরিমাণ কোন সমস্যা নেই। ফোনটি যত খুশি এসে দেখে চালিয়ে নিবেন। ৮/২৫৬ ক্যামেরা ২০০ মেগাপিক্সেল। ফোনটির সাথে কিছু নেই বক্স চার্জার কিছুই নেই শুধু ফোন পাবেন আর সাথে সিকিউরিটি। ফোন নিতে হলে অবশ্য লোকেশন আসতে হবে লোকেশন সাভার বাজার বাস স্ট্যান্ড বাজার রোড
Xiaomi Civi 1S 128 GB,18999,Used,"Dhaka, Mirpur",5 hours ago,https://bikroy.com/mirpur/mobile-phones/xiaomi-civi-1s-128-gb-uNO9T6bVwndpBnL98rSTv5YD.html,5,2026-09-03T07:35:40.656189+00:00,individual,"S A Gadget Mart
Shop No: 35, 3rd Floor, Baghdad Shopping Complex, Mirpur-1, Dhaka-1216
Model: Xiaomi Civi 1s 5g 
RAM: 8 GB
Storage: 128 GB
Battery: 4500 mAh
Device and cash memo available.
Replacement Guarantee: 7 Days
Service Warranty: 2 Years
Home delivery available all over Bangladesh."
Xiaomi 12 Pro 256 GB Blue,32000,Used,"Dhaka, Mohammadpur",2 hours ago,https://bikroy.com/mohammadpur/mobile-phones/xiaomi-12-pro-256-gb-blue-a71Z079FyX3LQg22j1x9jl6U.html,2,2026-09-03T07:35:41.238419+00:00,individual,"Name: Xiaomi 12 Pro 
Color: Blue 
Storage: 12GB 256GB 
Used like New With Full Box 
Price: Call for best price 
Home Delivery inside Dhaka, Courier Order all over Bangladesh 
We Accept Visa, American Express, Master & JCB Card. 
Used Mobile: 3 Days replacement & 6 months service warranty"
Samsung Galaxy S24 Plus 256 GB Black,56500,Used,"Rajshahi, Boalia",2 hours ago,https://bikroy.com/boalia/mobile-phones/samsung-galaxy-s24-plus-256-gb-black-fy5vyFeFE6X5fU9IOSDsBHDe.html,5,2026-09-03T07:35:41.687127+00:00,individual,"Full fresh
12 /256 
With box
Fixed price"
Samsung Galaxy S24 Ultra 256 GB White,87000,Used,"Rajshahi, Shaheb Bazar",1 hour ago,https://bikroy.com/shaheb-bazar/mobile-phones/samsung-galaxy-s24-ultra-256-gb-white-p7bmoGm97s1ouC3sSJuomc5V.html,4,2026-09-03T07:35:42.363382+00:00,individual,"Samsung S25 Ultra 
12 / 256 
Super condition 
7 days replacement guarantee  
1 year service warranty  
#exchange possible 
Our Address :
Smart Choice , Shop No. 211 , 
City Center , Beside of Rajshahi College , Sonadigir Mor, Rajshahi
Call for any details:"
Samsung Galaxy S25 256 GB Silver,56000,Used,"Rajshahi, Durgapur",28/08,https://bikroy.com/durgapur-1/mobile-phones/samsung-galaxy-s25-256-gb-silver-2RAxhkTP7D6zPiPgAw6gdOT0.html,3,2026-09-03T07:35:43.057140+00:00,individual,"100% fresh 2 months used , iPhone Nibo tai sell korsi"
New Samsung Galaxy S24 Ultra 512 GB Black,74500,Brand New,"Rajshahi, Shaheb Bazar",31/08,https://bikroy.com/shaheb-bazar/mobile-phones/new-samsung-galaxy-s24-ultra-512-gb-black-isGTmyKd1fsh8KIRagRJfsvm.html,5,2026-09-03T07:35:43.665380+00:00,individual,"📱 Samsung Galaxy S24 Ultra — 512GB 🔥

✅ Model: Samsung S24 Ultra
💾 Storage: 512GB
🏪 Shop Name: City Gadget
📍 Location: Rajshahi City Center, 215 Shop
💯 ফোন দেখতে ও ব্যবহার করতে সরাসরি দোকানে আসতে পারবেন।

💰 Price: ৭৪,০০০ টাকা

📩 আগ্রহী হলে Inbox করুন অথবা সরাসরি লোকেশনে এসে দেখে নিন।
📞 যোগাযোগ 018XXXXXXXX"
Samsung Galaxy S23 Ultra 512 GB Green,54000,Used,"Rajshahi, Boalia",21/08,https://bikroy.com/boalia/mobile-phones/samsung-galaxy-s23-ultra-512-gb-green-427UEP95CDG5o2j1QYkQOdDF.html,4,2026-09-03T07:35:44.595804+00:00,individual,"Get a completely fresh phone in immaculate condition! All features work seamlessly. Comes with an official box, and camera condition photos are provided. There is a slight scratch on the back, but no functional issues at all. The phone is laminated, simply peel off the lamination to reveal a pristine, fresh device."
Samsung Galaxy S25 Ultra 256 GB,95000,Used,"Rajshahi, Laksimipur",14/08,https://bikroy.com/laksimipur/mobile-phones/samsung-galaxy-s25-ultra-256-gb-dqj8aXAe1StaVzkijUvtsnwG.html,3,2026-09-03T07:35:45.219181+00:00,individual,"Asking. Completely fresh, inspect and check as much as you want."
Samsung Galaxy S23 Ultra 512 GB Green,50000,Used,"Rajshahi, Vodra",22/08,https://bikroy.com/vodra/mobile-phones/samsung-galaxy-s23-ultra-512-gb-green-zW5dg3nTxSqPy29qvovH4Lyi.html,5,2026-09-03T07:35:45.908650+00:00,individual,"This is a running phone. I am selling it because I urgently need some money. Only the charging port of the phone has been replaced once, otherwise there are no problems. And the charging port was also fixed from Samsung's customer care. If anyone needs it, please contact WHATSAPP 018XXXXXXXX"
Samsung Galaxy S24 Ultra 256 GB Gray,77000,Used,"Rajshahi, Rajpara",20 hours ago,https://bikroy.com/rajpara/mobile-phones/samsung-galaxy-s24-ultra-256-gb-gray-s9oUAIhUtjVoHuZnq6MMbJlK.html,3,2026-09-03T07:35:46.575782+00:00,individual,12/256 gb. Full fresh with full box.
Samsung Galaxy S24 Ultra 256 GB Black,74900,Used,"Rajshahi, Shaheb Bazar",1 day ago,https://bikroy.com/shaheb-bazar/mobile-phones/samsung-galaxy-s24-ultra-256-gb-black-6ccDxNtB0TzJifILDioNAjPK.html,5,2026-09-03T07:35:47.190664+00:00,individual,"Used for 8months,no single scratches or dent.full fresh condition like new. Used very carefully,with back poly, back cover & screen protector.Everything is ok.New phone kinbo tai sell korci."
Samsung Galaxy S24 Ultra 256 GB Gold,72000,Used,"Rajshahi, Kadirgonj",5 hours ago,https://bikroy.com/kadirgonj/mobile-phones/samsung-galaxy-s24-ultra-256-gb-gold-8KEL3eEgbxifCQjsARsF0JDD.html,5,2026-09-03T07:35:47.805758+00:00,individual,"Assalamu Alaikum Warahmatullahi Wabarakatuh
Fresh condition
Box: Only Device
Cash Memo: Available
Replacement Guarantee: Get up to 7 days (conditions apply)
Location: Rajshahi Kadirganj Chalpotti, beside Large Farmer, behind Swapnochura Plaza Nagar Bhaban.
Shop No: 123 - Ground floor beside lift
Shop Name: Rajshahi Mobile Bari 019XXXXXXXX"
Samsung Galaxy S24 Ultra 256 GB Gray,70000,Used,"Rajshahi, Boalia",23/08,https://bikroy.com/boalia/mobile-phones/samsung-galaxy-s24-ultra-256-gb-gray-C1mD7NUXoZ8rS2u9pjP28OlW.html,5,2026-09-03T07:35:48.331591+00:00,individual,"Used for about 8 months. Everything in the phone is okay, you can check it as much as you want. You will get two covers with the phone. 
The back shell color of the phone has faded. Only phone. NID and bank details can be provided as security."
Samsung Galaxy S26 Ultra 5G 512 GB Blue,115000,Used,"Rajshahi, Shaheb Bazar",1 hour ago,https://bikroy.com/shaheb-bazar/mobile-phones/samsung-galaxy-s26-ultra-5g-512-gb-blue-3tUSQVNHO7P9apzxgC7PxJcd.html,3,2026-09-03T07:35:48.833610+00:00,individual,"Samsung S26 Ultra, 12GB RAM, 512GB storage. Super condition. 7 days replacement guarantee. 1 year service warranty. #exchange possible. Our Address: Smart Choice, Shop No. 211, City Center, Beside Rajshahi College, Sonadighi Mor, Rajshahi. Call for any details:"
Samsung Galaxy S24 Plus 256 GB Purple,55000,Used,"Rajshahi, Shaheb Bazar",29/08,https://bikroy.com/shaheb-bazar/mobile-phones/samsung-galaxy-s24-plus-256-gb-purple-cUhQT4LW4QP17UOEW64ygnnW.html,3,2026-09-03T07:35:49.447358+00:00,individual,"No issue 
Full fresh 🔥
12/256 
Lagle inbox...!"
Samsung Galaxy S24 256 GB Purple,52990,Used,"Rajshahi, Boalia",26/08,https://bikroy.com/boalia/mobile-phones/samsung-galaxy-s24-256-gb-purple-wRML35PybDrFDxnxfeEbJYMF.html,3,2026-09-03T07:35:49.873265+00:00,individual,"ফোন নতুন কিনেছিলান, ফোন এর বক্স মেমো সব আছে, একটা চুল পরিমাণ দাগ নাই। কোন রিপিয়ার হিস্ট্রি নাই।

= কল রেকর্ড হয়।"
Samsung Galaxy S23 256 GB Purple,29500,Used,"Rajshahi, Shaheb Bazar",2 days ago,https://bikroy.com/shaheb-bazar/mobile-phones/samsung-galaxy-s23-256-gb-purple-z0vMn9k4kvnPJvXvVSF1GmO8.html,3,2026-09-03T07:35:50.627458+00:00,individual,"ফোন ফুল ফ্রেশ আছে আউটলুক ফ্রেশ আছে। সবমিলে অলমোস্ট ৯০% ফ্রেশ ফোন। Docomo veriant এর ফোন এইটা Storage: 256 জিবি। 

Note: প্রব্লেম জাস্ট ডিস্প্লে এক সাইডে গোল্ডেন কিছু দাগ আছে যেটা খালি চখে বা ডিস্প্লে ওন হলে বুঝা জাইনা। এইটা অনেকদিন থেকে আছে আর বড়বে না এটা গারেন্টি।  

👉 Exchange করা যাবে।"
Samsung Galaxy S10 Plus 128 GB White,20000,Used,"Rajshahi, Paba",30/08,https://bikroy.com/paba/mobile-phones/samsung-galaxy-s10-plus-128-gb-white-oHeK45Cc8v4p1cz6GjlANFaF.html,5,2026-09-03T07:35:51.106887+00:00,individual,emergency sel daw hab  full fresh condition
Samsung Galaxy S20 FE 5G 128 GB Black,25000,Used,"Rajshahi, Uposahar",26/08,https://bikroy.com/uposahar/mobile-phones/samsung-galaxy-s20-fe-5g-128-gb-black-A5up7M3sXurQNam3HEclKCiU.html,4,2026-09-03T07:35:51.768280+00:00,individual,ফোনটা একদম ফ্রেশ কন্ডিশন ফোনে কোনো খুতবা কোনো ইস্যু   নাই ।
Samsung Galaxy M12 128 GB Green,18000,Used,"Rajshahi, Rajpara",26/08,https://bikroy.com/rajpara/mobile-phones/samsung-galaxy-m12-128-gb-green-dRLlDkx8a0zGMSVHwSiApldN.html,5,2026-09-03T07:35:52.188489+00:00,individual,"এই দুইটা ফোনের কন্ডিশন একদম ফ্রেশ। দুইটা ফোনের বক্স আছে,ফোনের অর্জিনাল চার্জার নাই নস্ট হয়ে গেচিলো রার্নিং চার্জার দেওয়া হবে।ফোন দুইটা আমি নিজে চালাইতাম ফোনে কোন রকম সমস্যা নাই ফোন দুইটা চার্জ ব্রেকাপ ভালো ফোন সম্পূর্ণ ভালো আছে।লোকেশনে এসে সরাসরি দেখবেন যতক্ষন ইচ্ছা চেকবেক করে নিবেন। সিকিউরিটি হিসেবে যেইটা চাইবেন দেওয়া যাবে।দাম: ১০০০০+৮০০০৳"
Samsung Galaxy S21 FE 5G 128 GB Green,18000,Used,"Rajshahi, Shaheb Bazar",29/08,https://bikroy.com/shaheb-bazar/mobile-phones/samsung-galaxy-s21-fe-5g-128-gb-green-3pbJRRVPKwwC7J0pAFE2lygp.html,5,2026-09-03T07:35:52.892689+00:00,individual,All ok . No issue just Display change full fresh phone Brand new condition
Samsung Galaxy A36 128 GB Purple,25500,Used,"Rajshahi, Bagmara",1 day ago,https://bikroy.com/bagmara/mobile-phones/samsung-galaxy-a36-128-gb-purple-zwScRvQGqWjz9dpbsoS1MN4B.html,3,2026-09-03T07:35:53.216068+00:00,individual,New condition phone. Lagle contact me 017XXXXXXXX
Samsung Galaxy S21 FE 128 GB Purple,25000,Used,"Rajshahi, Shaheb Bazar",22/08,https://bikroy.com/shaheb-bazar/mobile-phones/samsung-galaxy-s21-fe-128-gb-purple-xpMeSEXU9SbL751vQH1oyysy.html,5,2026-09-03T07:35:53.799800+00:00,individual,"I will sell my used Samsung Galaxy S21 FE 5G phone due to an urgent need. The phone was purchased from 'Sumash Tech' at Bashundhara City in Dhaka. It is completely fresh and in running condition.
Condition and Performance: There are no scratches or dents on the phone's body, back shell, and camera glass. The external outlook is as fresh as new."
Samsung Galaxy S21 FE 128 GB Gray,28500,Used,"Rajshahi, Tanore",29/08,https://bikroy.com/tanore/mobile-phones/samsung-galaxy-s21-fe-128-gb-gray-puj3391DSpS1WAK2izLvGQE3.html,3,2026-09-03T07:35:54.352724+00:00,individual,Sorom theke kena akdom notun er moto
Samsung Galaxy Note 20 5G 256 GB Gold,18000,Used,"Rajshahi, Vodra",18/08,https://bikroy.com/vodra/mobile-phones/samsung-galaxy-note-20-5g-256-gb-gold-uPnsA3QpzDyKSKrrX2TYKoF7.html,5,2026-09-03T07:35:54.912695+00:00,individual,"Everything in the phone is fine except for a scratch in the spot marked in the picture. That is why I want to sell it at a low price. Alhamdulillah, the phone's camera and performance are very good, you will not find any flaws.
And yes, please do not embarrass yourself by offering unreasonable prices. The price will not drop much, at most 500/1000 will be reduced, not more than that. Therefore, only genuine buyers should contact. However, you have the opportunity to check it as much as you want. Show more"
Samsung Galaxy A34 5G 128 GB Black,21500,Used,"Rajshahi, Kazla",12/08,https://bikroy.com/kazla/mobile-phones/samsung-galaxy-a34-5g-128-gb-black-5PH3CflY2bD35VRthKCU8vI2.html,3,2026-09-03T07:35:55.665827+00:00,individual,"Samsung Galaxy A34 5G (8/128) comes with the original charger. I have been using it for 1.5 years. I bought this from Chapai. It is an Indian variant phone. There are no problems with the phone.
Contact:"
Samsung Galaxy S23 256 GB Pink,23500,Used,"Rajshahi, Uposahar",1 day ago,https://bikroy.com/uposahar/mobile-phones/samsung-galaxy-s23-256-gb-pink-BYx0RZlpeMiBBwMtq0l2bbFe.html,5,2026-09-03T07:35:56.376764+00:00,individual,"Samsung s23 flagship device full offer 23.5k
Just display change
6.5k diye display lagano High quality IPS
Camera agun 

8k video kora jai
Snapdragon 8 gen 2 
8/256GB
Location: Rajshahi"
Samsung Galaxy S21 FE 5G 128 GB Gray,18500,Used,Rajshahi,1 day ago,https://bikroy.com/rajshahi/mobile-phones/samsung-galaxy-s21-fe-5g-128-gb-gray-nsZdBr2QWShGcxKfKSr15kz4.html,5,2026-09-03T07:35:56.965527+00:00,individual,"Samsung Galaxy S21 FE
✅ Model: Samsung Galaxy S21 FE
✅ RAM: 8GB
✅ Storage: 128GB
✅ Display: 6.4”, 120Hz
✅ 5G Supported
✅ Wi-Fi 6 Supported
✅ Fingerprint Sensor
✅ Phone performance & overall condition ভালো
💰 Price: ৳18500
📍 Location: Rajshahi
📩 Interested হলে Inbox করুন।
⚠️ অযথা দামাদামি না করার অনুরোধ। Genuine buyer হলে দেখে-শুনে নিতে পারবেন।"
Samsung Galaxy A35 256 GB White,25000,Used,"Rajshahi, Court Station",2 days ago,https://bikroy.com/court-station/mobile-phones/samsung-galaxy-a35-256-gb-white-v208dryl8YUMK1Heezxozo5g.html,5,2026-09-03T07:35:57.591643+00:00,individual,একদম ফ্রেশ কন্ডিশন নতুনের মতো। যত খুশি চেক করে নিতে পারবেন৷  ইন্ডিয়ান ফোন।  তাই শুধু ফোন পাবেন।  বডিতে সামান্য কিছু দাগ আছে । ব্যাটারি ব্যাকাপ + গামিং + ফোটোর জন্য বেস্ট৷ শুধু মাত্র প্রকৃত ক্রেতারাই ফোন দিবেন{phone=০১৫২১৭৯৯১৭৫}
New Samsung Galaxy S20+ 5G 256 GB Blue,22000,Brand New,"Rajshahi, Nawdapara",1 day ago,https://bikroy.com/nawdapara/mobile-phones/new-samsung-galaxy-s20-5g-256-gb-blue-tJfheCLFodkvT5znEt7M8wzo.html,4,2026-09-03T07:35:58.195904+00:00,individual,ফোন একেবারে ওকে।  কোনই সমস্যা নাই। ফোনের অরজিনাল ডিসপ্লে । মাদারবোর্ডে কোন কাজ করা নাই। কেউ নিতে চাইলে এই নাম্বারে ফোন দিবেন 017XXXXXXXX
Samsung Galaxy S24 Ultra 512 GB Gold,83000,Used,"Chattogram, Nasirabad",13/07,https://bikroy.com/nasirabad/mobile-phones/samsung-galaxy-s24-ultra-512-gb-gold-dxEOFOvZ25AlGnrzJxS32fYG.html,3,2026-09-03T07:35:58.920467+00:00,individual,"Full box given 
12/512 
Vietnam variant
A very little dot in the screen otherwise all ok no scratch"
Samsung Galaxy S24 Ultra 256 GB Silver,86000,Used,"Chattogram, Double Mooring",25/06,https://bikroy.com/double-mooring/mobile-phones/samsung-galaxy-s24-ultra-256-gb-silver-8PXh2Gu03AJT1bB0ruDMJrMv.html,5,2026-09-03T07:35:59.536723+00:00,individual,Comes with the original charging cable (unused) and 4 premium covers.
Samsung Galaxy S25 Ultra 256 GB Blue,85000,Used,"Chattogram, Chandgaon",29/08,https://bikroy.com/chandgaon/mobile-phones/samsung-galaxy-s25-ultra-256-gb-blue-qgJonU3FYSnjfXkrPCF7kGmV.html,3,2026-09-03T07:36:00.281178+00:00,individual,"I live abroad, the mobile is with me, it has not been used, just turned it on, if anyone wants to take it, please send an SMS."
New Samsung Galaxy s26 256 GB,114999,Brand New,"Chattogram, CDA Avenue",4 hours ago,https://bikroy.com/cda-avenue/mobile-phones/new-samsung-galaxy-s26-256-gb-mkbvfDnmZI7W37nvy1yxJadN.html,4,2026-09-03T07:36:00.638134+00:00,individual,"Display: 6.9"" QHD+ Dynamic LTPO AMOLED 2X, 120Hz, HDR10+, 2600 nits (peak)
Processor: Snapdragon 8 Elite Gen 5, 
Camera: 200MP Wide, 50MP Ultrawide, 10MP 3x, 50MP 5x Telephoto, 12MP Selfie, 8K video recording
Battery: Li-Ion 5000 mAh battery,
Enjoy EMI facilities up to 36 months through credit cards from over 20 banks. (*Conditions apply*)"
Samsung Galaxy S24 Ultra 256 GB Silver,83000,Used,"Chattogram, Agrabad",09/05,https://bikroy.com/agrabad/mobile-phones/samsung-galaxy-s24-ultra-256-gb-silver-kh0pyyOSp9vMh32h4kTV7h0k.html,3,2026-09-03T07:36:01.232766+00:00,individual,"• Full fresh - not a single scratch
• Full box available (IMEI & Serial. matched)
• 12GB RAM / 256GB Storage
• Official phone
• First owner (personal use)
• Price fixed
• With original 45W adapter + cable
Serious buyers only inbox me."
Samsung S26 ULTRA 12/256 NEW (Brand New),138000,Brand New,"Chattogram, Chawkbazar",2 hours ago,https://bikroy.com/chawkbazar/mobile-phones/samsung-s26-ultra-12-256-new-brand-new-2WxjmLrCfvcfsaNHyOY3dzvR.html,0,2026-09-03T07:36:01.741548+00:00,individual,"🔳 INTACT SEAL PACK 
🔳 Storage: 12/256GB
🔳 Colour: BLUE
◾ Box And Original Cable


🔰 Our Speciality......................................

◾Original & Non-Refurbished Product
◾Emi Facilities Available*
◾Accept Visa, Master Card
◾Delivery Facility inside & Outside ctg.
◾Phone Exchange Facilities*
◾Our All Product 7 Days replacement And 1 year Service Warranty



🔰 Our Showroom Address:


Rony Enterprise (Since 2007)
Bali Arcade Shopping Center
4th Floor, Shop no 03(infront of chawkbazar Post Office
Sirajuddula Road, Chawkbazar, Chattogram Show more"
Samsung Galaxy S24 Ultra 256 GB Silver,79000,Used,"Chattogram, Kotwali, Chattogram",20/07,https://bikroy.com/kotwali/mobile-phones/samsung-galaxy-s24-ultra-256-gb-silver-aQUrdG3t6ifUqQH27YqbQyQq.html,3,2026-09-03T07:36:02.166355+00:00,individual,No issues. Everything is original. The mobile has a screen protector and a lens protector applied. The memo will be provided with the mobile. You must come to the location to pick up the mobile.
New Samsung Galaxy Z Fold 5 256 GB White,95000,Brand New,"Chattogram, Pahartali",17/08,https://bikroy.com/pahartali/mobile-phones/new-samsung-galaxy-z-fold-5-256-gb-white-v8EDWq1XpUIkn6zAWYReuDh1.html,3,2026-09-03T07:36:02.883044+00:00,individual,Samsung z fold 5 Brand new condition 256 GB
Samsung Galaxy S24 512 GB Black,84990,Used,"Chattogram, CDA Avenue",1 hour ago,https://bikroy.com/cda-avenue/mobile-phones/samsung-galaxy-s24-512-gb-black-dJz194axAQNfQVFkz3a2lh5l.html,2,2026-09-03T07:36:03.769623+00:00,individual,"Samsung Galaxy S24 Ultra (12GB / 512GB). Only used for a few months. Ready stock. Get 20% extra trade-in value for your old phone! Warranty benefits: 15-day replacement guarantee, lifetime service warranty. Call now: Finlay Square, Level-4, Shop-406, 2 No Gate, Nasirabad, Chattogram"
Samsung Galaxy S25 Ultra 256 GB Blue,103000,Used,Chattogram,11/05,https://bikroy.com/chattogram/mobile-phones/samsung-galaxy-s25-ultra-256-gb-blue-wBM6eUgeyaTvVHJYvkIn3vle.html,3,2026-09-03T07:36:04.446048+00:00,individual,Brand new condition. Not a single scratch. Used for three months. Box and cable included. You must come to my residence for the location. Price is almost fixed.
Samsung Galaxy S25+ 12/256GB FULL BOX (Used),85000,Used,"Chattogram, Chawkbazar",1 hour ago,https://bikroy.com/chawkbazar/mobile-phones/samsung-galaxy-s25-12-256gb-full-box-used-uRUdDTM73SzH6xroD0NgA4Pf.html,0,2026-09-03T07:36:04.989910+00:00,individual,"🔳 TWO MONTH USED ONLY AS LIKE AS NEW CONDITION
🔳 Storage: 12/256gb
🔳 Colour: SILVER
◾ Original Cable AND BOX

🔰 Our Speciality......................................

◾Original & Non-Refurbished Product
◾Emi Facilities Available*
◾Accept Visa, Master Card
◾Delivery Facility inside & Outside ctg.
◾Phone Exchange Facilities*
◾ All Products Original And Genuine.
◾Our All Product 7 Days replacement And 1 year Service Warranty



🔰 Our Showroom Address:


Rony Enterprise (Since 2007)
Bali Arcade Shopping Center
4th Floor, Shop no 03(infront of chawkbazar Post Office
Sirajuddula Road, Chawkbazar, Chattogram Show more"
Samsung Galaxy A13 5G 64 GB Black,90000,Refurbished,"Chattogram, Pahartali",08/08,https://bikroy.com/pahartali/mobile-phones/samsung-galaxy-a13-5g-64-gb-black-p3ISjmwX6LuCUJMdQvHGXYYH.html,5,2026-09-03T07:36:05.433314+00:00,individual,"90.000 cash memo is available, contact if you want to"
Samsung Galaxy S24 Ultra 256 GB,79999,Used,"Chattogram, Muradpur",2 hours ago,https://bikroy.com/muradpur/mobile-phones/samsung-galaxy-s24-ultra-256-gb-ARLo6IJ0uVoJnUMQDwWnr42H.html,4,2026-09-03T07:36:06.092742+00:00,individual,"Samsung Galaxy S24 Ultra
12GB RAM / 256GB
Full Box
TDRA Dual SIM
Snapdragon 8 Gen 3
200MP Quad Camera with OIS & 100X Space Zoom
12MP Selfie Camera
Battery: 5000mAh
Benefits:
15-day replacement guarantee
Device – Shop No: 319, 3rd Floor
CPDL RB Midtown Market, Muradpur, Chattogram"
Samsung Galaxy Z Flip6 512 GB White,130000,Used,"Chattogram, Mirsharai",08/08,https://bikroy.com/mirsharai/mobile-phones/samsung-galaxy-z-flip6-512-gb-white-4YS26EPVWOGhTN4W2Scx1hHv.html,3,2026-09-03T07:36:06.696731+00:00,individual,"Used for two months, still fully fresh, no problems with the mobile, like new"
Samsung Galaxy S22 Ultra 256 GB Black,50000,Used,"Chattogram, Kotwali, Chattogram",29/08,https://bikroy.com/kotwali/mobile-phones/samsung-galaxy-s22-ultra-256-gb-black-BxygghxCWWavye0Vqu1NwpQ2.html,4,2026-09-03T07:36:07.302054+00:00,individual,Full fresh 12/256 Vietnam variant
Samsung Galaxy S23 256 GB,24500,Used,"Chattogram, Jamalkhan",2 days ago,https://bikroy.com/jamalkhan/mobile-phones/samsung-galaxy-s23-256-gb-6pIeRUKTcuhCKfP9Nd9OCnMo.html,4,2026-09-03T07:36:07.954221+00:00,individual,"Phone কখনো খোলা হয়নি / কোনো fitting বা repair করা হয়নি
 Box নেই
 যা যা দেওয়া হ
 Adapter+Charging Cable
 Display Issue
Display-এর green-line issue আগেই পরিষ্কারভাবে উল্লেখ করা হচ্ছে। কোনো কিছু লুকানো হচ্ছে না। Buyer চাইলে সামনাসামনি এসে ফোনের সবকিছু check/test করে নিতে পারবেন।
 Asking Price: ৳23,500
 Reasonable offer হলে আলোচনা করা যাবে।"
Samsung Galaxy S24 Ultra 256 GB Gray,75990,Used,"Chattogram, CDA Avenue",2 hours ago,https://bikroy.com/cda-avenue/mobile-phones/samsung-galaxy-s24-ultra-256-gb-gray-BhbPjfr2kdancDStmRasDquV.html,3,2026-09-03T07:36:08.415957+00:00,individual,"S24 ultra 12/256 
Duel sim
full fresh 
14 days replacement gurranty 1year service warranty 
Decent,finlay square ,4th ,floor,406
call us 018XXXXXXXX"
Samsung Galaxy S22 Ultra 256 GB Black,32000,Used,"Chattogram, Boalkhali",28/08,https://bikroy.com/boalkhali/mobile-phones/samsung-galaxy-s22-ultra-256-gb-black-e08hXP35zh8O7znnWycY5GaL.html,5,2026-09-03T07:36:09.171440+00:00,individual,"✨ RAM: 12GB
💾 Storage: 256GB
🟢 Display: ১টি Green Line আছে
✅ Fingerprint: কাজ করে
📦 Case + Memo: আছে
🪪 ID Card: দেওয়া হবে
📱 ফোন: ব্যবহৃত / পলি করা
💰 চাওয়া দাম: ৩৫,০০০ টাকা
🤝 আলোচনা সাপেক্ষে
📍 লোকেশন: চট্টগ্রাম কালুরঘাট 
📞 যোগাযোগ 018XXXXXXXX"
Samsung Galaxy S24 Ultra 256 GB Silver,72000,Used,"Chattogram, Hathazari",25/08,https://bikroy.com/hathazari/mobile-phones/samsung-galaxy-s24-ultra-256-gb-silver-1iBqKlZRBs6El5rUvG2p10xj.html,5,2026-09-03T07:36:09.576741+00:00,individual,"12gb 256gb without box
Dual physical sim
Call record build in
Cash memo and 2 back cover"
Samsung Galaxy A35 128 GB Pink,23990,Used,"Chattogram, Agrabad",2 hours ago,https://bikroy.com/agrabad/mobile-phones/samsung-galaxy-a35-128-gb-pink-uoH420XnoQFDCFqm5XQP5yAC.html,2,2026-09-03T07:36:10.121983+00:00,individual,"Set in fully fresh condition 
100% ok
Ram 8+128
With charger and cash memo"
Samsung Galaxy A17 5G 128 GB Black,28500,Used,"Chattogram, Satkania",17/08,https://bikroy.com/satkania/mobile-phones/samsung-galaxy-a17-5g-128-gb-black-iHsW8J0DIoFclIOtwSR2TK7K.html,3,2026-09-03T07:36:10.864249+00:00,individual,"*For Sale - Samsung Galaxy A17 5G (8GB/128GB)*
*Usage:* Only *1 month 24 days* 
*Condition:* *100% Fresh + Official*. Not a single scratch. Exactly like new.
*RAM/ROM:* *8GB RAM + 128GB Storage* + Memory card support"
New Samsung Galaxy S24 Ultra 256 GB Blue,58000,Brand New,"Chattogram, Double Mooring",29/08,https://bikroy.com/double-mooring/mobile-phones/new-samsung-galaxy-s24-ultra-256-gb-blue-ddLGQcbGQUhQXQAEiSHXFOh2.html,4,2026-09-03T07:36:11.298421+00:00,individual,"Samsung s 24 ultra with box
256 gb
All okh
Note: Display change only.
Other okh
Location: East Madarbari, Chattogram 
Location must
Contact 015XXXXXXXX"
Samsung Galaxy A17 128 GB Blue,23000,Used,"Chattogram, Patenga",3 hours ago,https://bikroy.com/patenga/mobile-phones/samsung-galaxy-a17-128-gb-blue-wKwsFGgar7msE1FHuoW5XVsR.html,5,2026-09-03T07:36:11.892029+00:00,individual,মাত্র এক মাস দশ দিনের মতো ইউজ করা হয়েছে টাকার প্রয়োজন তাই ফেল করে দেব ফুল বক্স ক্যাশ মেমো সব কিছু আছে
Samsung Galaxy S23 256 GB Green,38999,Used,"Chattogram, Nasirabad",2 days ago,https://bikroy.com/nasirabad/mobile-phones/samsung-galaxy-s23-256-gb-green-dotL5522wkaJrbB4S7qgQ5Gz.html,4,2026-09-03T07:36:12.500623+00:00,individual,"🔥 Samsung Galaxy S23 | Premium Deal 🔥

💰 Best Deal Available!

📱 Samsung Galaxy S23 — Base Variant
💾 8GB RAM | 256GB Storage
📦 With Full Box
✨ As Like New 

📞 Contact 019XXXXXXXX"
Samsung Z 16 GB Blue,45000,Used,"Chattogram, Khulshi",31/08,https://bikroy.com/khulshi/mobile-phones/samsung-z-16-gb-blue-mttM7VbSHdRMrG4lwpmor7A5.html,3,2026-09-03T07:36:13.108505+00:00,individual,"SAMSUNG Z FLIP4 
8/128
PRICE NEGOTIABLE"
Samsung Galaxy S24 256 GB Black,42000,Used,"Chattogram, New Market, Chattogram",1 day ago,https://bikroy.com/new-market/mobile-phones/samsung-galaxy-s24-256-gb-black-C0sS7vNgpXQgNpwhtOEL5Xtw.html,3,2026-09-03T07:36:13.778889+00:00,individual,একটি Samsung S24 মোবাইল ফোন আর্জেন্ট বিক্রয় করা হবে
Samsung Galaxy S24 Ultra 256 GB Black,75990,Used,"Chattogram, Chawkbazar",1 hour ago,https://bikroy.com/chawkbazar/mobile-phones/samsung-galaxy-s24-ultra-256-gb-black-5ora4ajEP6XBgOPqfVpEWN19.html,5,2026-09-03T07:36:14.467768+00:00,individual,"Samsung Galaxy S24 Ultra. Only few days used | Full fresh condition. 12GB RAM | 256GB Storage. Flagship Pro Camera. Premium Titanium Design. Super smooth performance. Price: 75,990৳"
Samsung Galaxy S24 FE 128 GB White,41599,Used,"Chattogram, Agrabad",2 hours ago,https://bikroy.com/agrabad/mobile-phones/samsung-galaxy-s24-fe-128-gb-white-leqdQcuBFXsG6JhGq5r3usE.html,3,2026-09-03T07:36:15.068706+00:00,individual,"Samsung S24 FE 5G
Set in fully fresh condition
200% ok set
RAM 8+128
With charger
100% genuine phone... Not a single security issue please..."
Samsung Galaxy S25 Ultra 256 GB Silver,90000,Used,"Dhaka, Basabo",20/08,https://bikroy.com/basabo/mobile-phones/samsung-galaxy-s25-ultra-256-gb-silver-kanMCRQdMn3L1qUGfmmiShtE.html,4,2026-09-03T07:36:15.894018+00:00,individual,"Phone purchased from KRY International, Bashundhara Branch.
Purchase date: December 1, 2025.
From the very beginning, I have been using an ERS screen protector, ERS camera protector, and ERS back cover, so there isn't a single scratch.
Price is almost fixed.
If you want to buy, call me directly."
Samsung Galaxy S25 Ultra 256 GB Blue,92500,Used,"Dhaka, Baridhara",5 hours ago,https://bikroy.com/baridhara/mobile-phones/samsung-galaxy-s25-ultra-256-gb-blue-k6uwPe9edJb3D7IhwVShcCTD.html,5,2026-09-03T07:36:16.649996+00:00,individual,"Samsung S25 Ultra 12/256GB. Full boxed, full fresh. 100% fresh like new condition."
Samsung Galaxy S25 Ultra 256 GB Black,90000,Used,"Dhaka, Badda",22 hours ago,https://bikroy.com/badda/mobile-phones/samsung-galaxy-s25-ultra-256-gb-black-zq8kDGkwnJIXBWgJr3UJxJ25.html,5,2026-09-03T07:36:17.094699+00:00,individual,"অরিজিনাল চার্জার,  বক্স,  হ্যারি পর্টারের ডিজাইনের ব্যাক কাভার প্রোভাইড করা হবে। মোবাইলে কোন ক্র‍্যাক বা কোন ধরণের সমস্যা নাই। মোবাইল খুব যত্ন সহকারে ব্যবহার করা হয়েছে।"
Samsung Galaxy S25 Ultra 256 GB Gray,92000,Used,"Dhaka, Baridhara",5 hours ago,https://bikroy.com/baridhara/mobile-phones/samsung-galaxy-s25-ultra-256-gb-gray-BhTJYKJNxR4Nmy56kgeLHHSZ.html,5,2026-09-03T07:36:18.077226+00:00,individual,Full box and in pristine condition.
Samsung Galaxy S25 Ultra 256 GB Gray,98000,Used,"Dhaka, Baridhara",4 hours ago,https://bikroy.com/baridhara/mobile-phones/samsung-galaxy-s25-ultra-256-gb-gray-xCq1E1hxvSsg988vNNWArBCq.html,5,2026-09-03T07:36:18.529724+00:00,individual,Get this Samsung S25 Ultra 12/256 GB in full fresh condition. Comes with the full box.
Samsung Galaxy S25 Ultra 256 GB Gray,97500,Used,"Dhaka, Mohammadpur",2 days ago,https://bikroy.com/mohammadpur/mobile-phones/samsung-galaxy-s25-ultra-256-gb-gray-6CMn5aJDA2cbjqnAEQOZeNNX.html,5,2026-09-03T07:36:19.094364+00:00,individual,"Experience a device in full fresh, like-new condition with 256GB storage."
Samsung Galaxy S25 Ultra 256 GB Black,91999,Used,"Dhaka, Bashundhara City",2 hours ago,https://bikroy.com/bashundhara-city/mobile-phones/samsung-galaxy-s25-ultra-256-gb-black-jOwoXcwWHDhkB1SYXwEjjsIV.html,5,2026-09-03T07:36:19.725985+00:00,individual,"Samsung Galaxy S25 Ultra
 Titanium Black
 12GB RAM | 256GB Storage
 Full Boxed
 Inbox now for the latest price.
 Visit Our Shop
Basement-2, Shop No: 94 
Basundhara City Shopping Complex 
Panthapath Dhaka 1215 
 You can easily find our shop on the left side after going down the escalator."
New Samsung Galaxy S26 512 GB White,195000,Brand New,"Dhaka, Uttara",16/08,https://bikroy.com/uttara/mobile-phones/new-samsung-galaxy-s26-512-gb-white-wIpYEidBB0YWYpDc9kzEfLt5.html,5,2026-09-03T07:36:20.451689+00:00,individual,"Brand New Samsung Galaxy S26 Ultra 12/512 With box, Chinese variant S Pen also included"
Samsung Galaxy S25 Ultra 256 GB White,91000,Used,"Dhaka, Baridhara",4 hours ago,https://bikroy.com/baridhara/mobile-phones/samsung-galaxy-s25-ultra-256-gb-white-foWlXuDs3rLYnMo1D46XSZ5n.html,5,2026-09-03T07:36:21.173456+00:00,individual,Samsung S25 ultra 12/256 without box fresh condition
Samsung Galaxy Z Fold7 512 GB Black,109990,Used,"Dhaka, Shyamoli",1 hour ago,https://bikroy.com/shyamoli/mobile-phones/samsung-galaxy-z-fold7-512-gb-black-5u59pn6g94GWtlPYW9HBW8vF.html,4,2026-09-03T07:36:21.859469+00:00,individual,"• Samsung Galaxy Z Fold 7 🔥
• Physical Dual SIM & Physical Sim + E-sim
• Full Box
JetBlack color 🔥

📍Price:
• Fold 7 12/256gb Dual physical SIM—109,990Tk
• Fold 7 12/512gb Physical Sim + E-sim—119,990Tk

💡 Extra সুবিধা:
✅ Exchange Available 🔄
✅ EMI Facility (T&C Apply) 💳
✅ ঢাকার বাইরে ডেলিভারি 🚚
✅ 100% Original Product Guarantee ✔️"
Samsung Galaxy S24 Ultra 512 GB Gray,84000,Used,"Dhaka, Baridhara",4 hours ago,https://bikroy.com/baridhara/mobile-phones/samsung-galaxy-s24-ultra-512-gb-gray-r3lRnYjZxeBvwiOgwBFaTDLi.html,4,2026-09-03T07:36:22.572050+00:00,individual,Samsung s24 Ultra Jamuna future park
Samsung Galaxy S25 Ultra 256 GB Silver,86000,Used,"Dhaka, Savar",1 hour ago,https://bikroy.com/savar/mobile-phones/samsung-galaxy-s25-ultra-256-gb-silver-kldav1W9oHfCYbk0qUQQMjSc.html,2,2026-09-03T07:36:23.147489+00:00,individual,"Absolutely fresh condition! No scratches, never opened or serviced. Parts are 100% original. Comes with charger and shop cash memo. 7 days replacement and 1 year service warranty! Livewire Savar - NTECH BD, Sena Shopping Complex, Nabinagar, Savar. Cash on delivery available nationwide. Call for details:"
New Samsung Galaxy Z Flip7 256 GB,97999,Brand New,"Dhaka, Bashundhara City",5 hours ago,https://bikroy.com/bashundhara-city/mobile-phones/new-samsung-galaxy-z-flip7-256-gb-fZNeUOyNH5E3Xz1NMCEwittK.html,3,2026-09-03T07:36:23.634217+00:00,individual,"10 days replacement guarantee
2 years service warranty
Safe courier facility across the country
Attractive exchange offers
Basement-1, Shop-84, Bashundhara City Shopping Mall
Prices are subject to change. Please contact us on WhatsApp before visiting."
Samsung Galaxy S25 Ultra 256 GB,87500,Used,"Dhaka, Dhanmondi",2 hours ago,https://bikroy.com/dhanmondi/mobile-phones/samsung-galaxy-s25-ultra-256-gb-5afAgN2283EelIyyyx6yiDgD.html,5,2026-09-03T07:36:24.237930+00:00,business,"We provide a 15-day replacement guarantee excluding display issues and a lifetime service warranty excluding parts. Our shop location: Dhanmondi-7, Orchard Point Market, Dhaka, Floor-3, Shop: Taher Technology, No-425, Mob 019XXXXXXXX"
Samsung Galaxy S23 Plus 256 GB,36000,Used,"Dhaka, Mogbazar",1 day ago,https://bikroy.com/mogbazar/mobile-phones/samsung-galaxy-s23-plus-256-gb-xb7fi90sm8ji6KGGlsekf6lS.html,5,2026-09-03T07:36:25.417099+00:00,individual,Chikon akta green line porse...R display te dui side e dag ache ta chara all ok..
Samsung Galaxy A34 5G 128 GB Black,24500,Used,"Dhaka, Uttara",5 hours ago,https://bikroy.com/uttara/mobile-phones/samsung-galaxy-a34-5g-128-gb-black-kW7GbPyd8nxzlgUU8AKgifvp.html,4,2026-09-03T07:36:25.551602+00:00,individual,"সম্পূর্ণ নতুন ফোন, এখনো ব্যবহার করা হয়নি,বক্স চার্জার না থাকার কারনে Used হিসেবে বিক্রি করছি। আমাদের দোকান আছে, সিকিউরিটি হিসেবে ক্যাশম্যামো পাবেন এবং ৭ দিনের গ্যারান্টি পাবেন।

দোকানের ঠিকানা : দোকান নং ৪৯,৪র্থ তলা, আমির কমপ্লেক্স, আজমপুর, উত্তরা, ঢাকা ১২৩০.

WhatsApp 016XXXXXXXX"
Samsung Galaxy S21+ 5G 128 GB Purple,23999,Used,"Dhaka, Savar",1 hour ago,https://bikroy.com/savar/mobile-phones/samsung-galaxy-s21-5g-128-gb-purple-BQovCcEKSoGZ2UmGNfIZ4Ghd.html,5,2026-09-03T07:36:26.544189+00:00,individual,"S21+ 5G (128GB) in super fresh condition

Location: Savar, Nobinogor, Sena Shopping Complex
Shop name: Apple Gadgets & Care
Shop no: D/43, Lift 3"
Samsung Galaxy A26 128 GB White,23499,Used,"Dhaka, Mirpur",1 hour ago,https://bikroy.com/mirpur/mobile-phones/samsung-galaxy-a26-128-gb-white-rzAtrdjtsSmmSzxvpPUnHkjP.html,5,2026-09-03T07:36:26.998575+00:00,individual,"এস আর টেলিকম
Shop 29
Level 3
Bagdad shopping complex, mirpur1 
​RAM:8GB
Room:128GB
With: ক্যাশমেমো বক্স
​আমাদেরবিশেষসুবিধাসমূহ:
​১০০%জেনুইন মোবাইল 
​৭ দিনের রিপ্লেসমেন্টগ্যারান্টি।
​১ বছরের ফ্রি সার্ভিসওয়ারেন্টি,পার্টসব্যতীত 
​৩৭টি ব্যাংকের EMIসুবিধা।
​হোম ডেলিভারি ও কুরিয়ারসুবিধা।
মাত্র৫০০টাকা পেমেন্ট করে নিশ্চিতকরুন।
Call018659620"
Samsung Galaxy A17 5G 128 GB Purple,25000,Used,"Dhaka, Mirpur",1 day ago,https://bikroy.com/mirpur/mobile-phones/samsung-galaxy-a17-5g-128-gb-purple-rJzbLaLjv5uzTL4qqcVmxllH.html,4,2026-09-03T07:36:27.634100+00:00,individual,Full fredh. All okkke. Box changer sob ase
Samsung Galaxy S23 Plus 256 GB Black,40000,Used,"Dhaka, Khilgaon",1 day ago,https://bikroy.com/khilgaon/mobile-phones/samsung-galaxy-s23-plus-256-gb-black-v1FM7YSMxGc8cKKs1KAmYYiA.html,3,2026-09-03T07:36:28.300657+00:00,individual,"Phone er sthe box paben and charger paben.20din use kora hoise.
Must be location e aste hobe."
Samsung Galaxy A35 128 GB Black,28000,Used,"Dhaka, Savar",4 hours ago,https://bikroy.com/savar/mobile-phones/samsung-galaxy-a35-128-gb-black-rD3Pvm6Lz0BRHjXqVsDAFU2P.html,4,2026-09-03T07:36:28.748929+00:00,individual,"📌 স্পেসিফিকেশন:

Model:Galaxy A35
RAM:8 GB
ROM:128 GB
Battery:5000

Guarantee/Warranty: 7days replacement guarantee And 1year service warranty.


🔄 **Used Phone Buy | Sell | Exchange**
পুরাতন মোবাইল বিক্রি বা এক্সচেঞ্জ করার সুবিধা রয়েছে।

🏪 MODINA MOBILE ZONE

📍 Shop # E-180 (Level-5), Sena Shopping Complex, Nabinagar, Savar, Dhaka."
Samsung Galaxy S23 Ultra 256 GB Pink,53000,Used,"Dhaka, Motalib Plaza",1 hour ago,https://bikroy.com/motalib-laza/mobile-phones/samsung-galaxy-s23-ultra-256-gb-pink-dKO6G140MWmoUvuTG8yYXorF.html,5,2026-09-03T07:36:29.194124+00:00,individual,"মোবাইলের বিস্তারিত:
Brand & Model: Samsung S23 Ultra
RAM: 12GB
ROM: 256GB
Condition:Used
Warranty: ৭দিনের গ্যারান্টি ও ২বছরের সার্ভিস ওয়ারেন্টি পাবেন।

✔️ ফোন দেখে ও চেক করে কেনার সুযোগ
✔️ ফোনের কন্ডিশন সম্পর্কে পরিষ্কার তথ্য
✔️ সাশ্রয়ী দামে ভালো ফোন

🏪 Gadget Store
📍 Motalib Plaza, Shop No: 600G, Sonargaon Road, Hatirpool, Dhaka"
Samsung Galaxy Z Flip 5 256 GB Green,36990,Used,"Dhaka, Mohammadpur",2 hours ago,https://bikroy.com/mohammadpur/mobile-phones/samsung-galaxy-z-flip-5-256-gb-green-gifJzKKlHXJwZJPBgu1pQJfh.html,5,2026-09-03T07:36:29.811117+00:00,individual,"Shop Name :Ab international 
Level -06 Shop number-(657,658)
Tokyo Square,Japan garden city, Mohammadpur
Call us for any question

Buy a used phone with complete peace of mind because we offer 100% original and authentic phones.
If any problem occurs within 7 days, it will be replaced (Except display issues).
One year of free service warranty."
Samsung Galaxy S24 Ultra 256 GB Gray,72500,Used,"Dhaka, Dhanmondi",1 day ago,https://bikroy.com/dhanmondi/mobile-phones/samsung-galaxy-s24-ultra-256-gb-gray-yHsB57zEhc1wZFe1ISHryd3.html,5,2026-09-03T07:36:30.250721+00:00,individual,"Samsung Galaxy S24 Ultra 5G
12/256GB Storage | Natural Titanium Gray 
Come from abroad(Without Box)
Mobile with Back cover,Charger & Any kind of security paper will be given 
Brand new and in excellent condition. The device is fresh and well-maintained Everything is exactly as shown in the pictures

Location: Shankar,Dhanmondi,Dhaka"
Samsung Galaxy S23 Ultra 512 GB Red,60000,Used,"Dhaka, Uttara",13 hours ago,https://bikroy.com/uttara/mobile-phones/samsung-galaxy-s23-ultra-512-gb-red-mlt8L0lwcWKyQbgf1JrbMLtv.html,5,2026-09-03T07:36:30.972971+00:00,individual,"ফ্রেশ কন্ডিশন, কোনো ধরনের দাগ বা স্কেচ নেই। একদম নতুনের মতো যত্ন নিয়ে ব্যবহার করা হয়েছে।
​ব্যাটারি ব্যাকআপ: অসাধারণ ব্যাটারি ব্যাকআপ, চার্জ থাকে অনেকক্ষণ।
​অন্যান্য: ক্যামেরা, পারফরম্যান্স বা সবদিক থেকেই ফোনটি শতভাগ নিখুঁত ও ট্রাবল-ফ্রি।
​জরুরি প্রয়োজনে ফোনটি বিক্রি করা হচ্ছে। আগ্রহী ক্রেতারা ইনবক্সে যোগাযোগ করুন বা সরাসরি কল করুন।"
New Samsung Galaxy A55 256 GB,40999,Brand New,"Dhaka, Motijheel",1 hour ago,https://bikroy.com/motijheel/mobile-phones/new-samsung-galaxy-a55-256-gb-iNrj3fQSDUQlLMVzJgufGk7W.html,3,2026-09-03T07:36:31.589609+00:00,individual,Please Call For Details 016XXXXXXXX
New Samsung Galaxy A56 128 GB Gray,44000,Brand New,"Dhaka, Uttara",1 hour ago,https://bikroy.com/uttara/mobile-phones/new-samsung-galaxy-a56-128-gb-gray-ilMiglVoQqrRbnTPCfAEAp9Q.html,3,2026-09-03T07:36:32.503323+00:00,individual,"Grab the brand new Galaxy A56 5G in Gray with 8/128GB capacity!
100% original and non-refurbished product.
Enjoy a 7-day replacement guarantee and a 1-year service warranty.
Easy EMI facilities are also available.
Contact us today!
Exchange Hub
Shop No: 610, 611, 628 & 629, Level-6, Tropical Alauddin Tower
Sector 3, Road 2, Rajlaxmi, Uttara.
Call for details 017XXXXXXXX"
S23 Ultra Original Display (Pulled from Phone),25000,Used,"Dhaka, Khilgaon",2 hours ago,https://bikroy.com/khilgaon/cell-phones-tablets-accessories/s23-ultra-original-display-phone-khola-mmsSx7DXreI10SHyOQb2XvOx.html,5,2026-09-03T07:36:32.722915+00:00,individual,"Original Dynamic AMOLED 2X display pulled from a Samsung Galaxy S23 Ultra. Comes with a one-month replacement warranty. This is the display without the frame; waterproof and dustproof stickers are included. Address: Roza Telecom, Shop 225, 2nd Floor, Khilgaon Taltala City Corporation Market, Dhaka. You can visit the shop for professional fitting. Customers outside Dhaka can order via courier with cash on delivery. For a video of the display, message the model number on WhatsApp. The video link is provided above. Show more"
Apple iPhone 16 Pro Max 256 GB White,128550,Used,"Rajshahi, Boalia",09/05,https://bikroy.com/boalia/mobile-phones/apple-iphone-16-pro-max-256-gb-white-5PLV8YML3K5B5UUDTl06edpI.html,2,2026-09-03T07:36:33.208369+00:00,individual,"As like New and fresh condition. 92% BH. Physical dual sim with full box. White titanium. Hong Kong variant. Selling reason: Purchase 17 Pro Max. No exchange, only cash."
Apple iPhone 17 Pro Max 256 GB Orange,140000,Used,"Rajshahi, Shaheb Bazar",2 hours ago,https://bikroy.com/shaheb-bazar/mobile-phones/apple-iphone-17-pro-max-256-gb-orange-6xyIFcf1PbAIJoUmIsUnFsJq.html,2,2026-09-03T07:36:33.902046+00:00,individual,"IPhone 17 Pro Max
256 GB 100% Battery Health
Japan
Super condition
Enjoy 7 days replacement guarantee
Enjoy 1 year service warranty
#exchange possible
Our Address:
Smart Choice, Shop No. 211,
City Center, Beside of Rajshahi College, Sonadigir Mor, Rajshahi
Call for any details"
New Apple iPhone 17 Pro Max 256 GB Orange,140000,Brand New,"Rajshahi, Shaheb Bazar",2 hours ago,https://bikroy.com/shaheb-bazar/mobile-phones/new-apple-iphone-17-pro-max-256-gb-orange-mSZEt9xQ9Fqah5375S8SIsmj.html,5,2026-09-03T07:36:34.469606+00:00,individual,"Iphone 17 pro max
256 100
Cc 110
Super condition 
7 days replacement guarantee  
1 year service waranty  
#exchange possible 
Our Address :
Smart Choice , Shop No. 211 , 
City center , Beside of Rajshahi College , Sonadigir mor Rajshahi
Call for any details:"
Apple iPhone 17 Pro Max 256 GB Blue,152000,Used,"Rajshahi, Shaheb Bazar",2 hours ago,https://bikroy.com/shaheb-bazar/mobile-phones/apple-iphone-17-pro-max-256-gb-blue-11qaF5s38zvfsBJt5Pcb14B3.html,4,2026-09-03T07:36:34.957815+00:00,individual,"iPhone 17 Pro Max, 256 GB, 100% Battery Health, Cycle Count 105, USA origin. Super condition. 7 days replacement guarantee, 1 year service warranty. Exchange possible. Our Address: Smart Choice, Shop No. 211, City Center, Beside Rajshahi College, Sonadighi Mor, Rajshahi. Call for any details"
Apple iPhone 17 Pro Singapore (Used),138000,Used,Rajshahi,1 hour ago,https://bikroy.com/rajshahi/mobile-phones/apple-iphone-17-pro-singapore-used-gjdXKaTsZXJhreicuen5bawd.html,0,2026-09-03T07:36:35.615579+00:00,individual,"iPhone 17 Pro 🔥 256 GB, 100% Battery Health. Singapore physical SIM version. Super condition. 7 days replacement guarantee. 1-year service warranty. #ExchangePossible. Our Address: Smart Choice, Shop No. 211, City Center, Beside Rajshahi College, Sonadighi Mor, Rajshahi. Call for details."
New Apple iPhone 16 Pro Max 256 GB Gold,125000,Brand New,"Rajshahi, Kadirgonj",09/05,https://bikroy.com/kadirgonj/mobile-phones/new-apple-iphone-16-pro-max-256-gb-gold-66aAqTrqhBhcLiAWyPR5M47X.html,5,2026-09-03T07:36:36.398347+00:00,business,"iPhone 16 Pro Max. 95% Battery Health, 256GB. Buy your favorite iPhone from TECH LIFE because we offer the best price, premium quality, and hassle-free customer service! Shop Location: Shop number: 121, Sopnochura plaza, kadirgonje."
Apple iPhone 16 Pro Max 256 GB Gold,127000,Used,"Rajshahi, Shaheb Bazar",20/08,https://bikroy.com/shaheb-bazar/mobile-phones/apple-iphone-16-pro-max-256-gb-gold-jW7nEm7s3EnN3akTJ229KCvX.html,4,2026-09-03T07:36:37.004593+00:00,individual,"Iphone 16 pro max
box and cash memo available 
warrenty 2 month available
USA varient
256 gb
fully fresh
BH 100%
92 charging cycle"
Apple iPhone 16 Pro Max 256 GB Gold,140000,Used,"Rajshahi, Vodra",11/08,https://bikroy.com/vodra/mobile-phones/apple-iphone-16-pro-max-256-gb-gold-uHlECjiTIiHFZLDRNjIZvy3w.html,3,2026-09-03T07:36:37.636320+00:00,individual,"iPhone 16 Pro Max — Singapore Variant
Storage: 256GB
Battery Health: 97%
Variant: Singapore
Condition: Completely good, no issues
Box & Accessories: Everything is included
Face ID / True Tone / Camera: Everything is working fine
Kept with great care
Only genuinely interested people should contact."
Apple iPhone 17 Pro Max 512 GB Blue,165000,Used,"Rajshahi, Shaheb Bazar",2 hours ago,https://bikroy.com/shaheb-bazar/mobile-phones/apple-iphone-17-pro-max-512-gb-blue-csV8slMWeD0XUh2vOu3pydkj.html,2,2026-09-03T07:36:38.332874+00:00,individual,"iPhone 17 Pro Max, 512 GB, 100% battery health, cycle count 105. Super condition. Comes with a 7-day replacement guarantee and 1-year service warranty. Exchange possible. Our Address: Smart Choice, Shop No. 211, City Center, Beside Rajshahi College, Sonadighi Mor, Rajshahi. Call for details."
Apple iPhone 16 Pro Max 512 GB Gold,122000,Used,Rajshahi,03/08,https://bikroy.com/rajshahi/mobile-phones/apple-iphone-16-pro-max-512-gb-gold-xB8vI3tSB2mrLjPvibePbVad.html,5,2026-09-03T07:36:39.068378+00:00,individual,"Full Fresh (fixed price)
Check as much as you want 
BTH 92%
Storage 512
3 covers will come with the phone 
Phone will come with box, NID will be given 
USA variant
iOS version 26.05.02"
Apple iPhone 16 Pro Max 512 GB Gray,120000,Used,Rajshahi,1 hour ago,https://bikroy.com/rajshahi/mobile-phones/apple-iphone-16-pro-max-512-gb-gray-ad8jHOosp6iFW36v5PGztkH3.html,3,2026-09-03T07:36:39.497989+00:00,individual,"iPhone 16 Pro Max 
512 GB 100% Battery Health 
Physical SIM 
Super condition 
7 days replacement guarantee  
1 year service warranty  
#exchange possible 
Our Address :
Smart Choice , Shop No. 211 , 
City center , Beside of Rajshahi College , Sonadigir mor Rajshahi
Call for any details"
New Apple iPhone 16 Pro Max 256 GB White,120000,Brand New,"Rajshahi, Shaheb Bazar",2 hours ago,https://bikroy.com/shaheb-bazar/mobile-phones/new-apple-iphone-16-pro-max-256-gb-white-zi5XoCbFn23gTyfK7KKqstGV.html,3,2026-09-03T07:36:40.141028+00:00,individual,"iPhone 16 Pro Max

256 GB, 100% Battery Health

Physical SIM

Experience Super Condition 🔥🔥

Enjoy a 7-day replacement guarantee ✅ 
Get a 1-year service warranty ✅ 

#Exchange possible ✅

Our Address:
Smart Choice, Shop No. 211,
City Center, Beside Rajshahi College, Sonadighi Mor, Rajshahi"
Apple iPhone 16 Pro Max 256 GB Black,123000,Used,"Rajshahi, Shaheb Bazar",1 hour ago,https://bikroy.com/shaheb-bazar/mobile-phones/apple-iphone-16-pro-max-256-gb-black-5EdAlqubHMlvpkXPmYzjkxCr.html,2,2026-09-03T07:36:40.685115+00:00,individual,"iPhone 16 Pro Max
256 GB, 99% Battery Health
Australia variant
Super condition
7 days replacement guarantee
1 year service warranty
#exchange possible
Our Address:
Smart Choice, Shop No. 211,
City Center, Beside Rajshahi College, Sonadighi Mor, Rajshahi
Call for any details:"
Apple iPhone 17 Pro Max 256 GB Silver,145000,Used,"Rajshahi, Shaheb Bazar",1 hour ago,https://bikroy.com/shaheb-bazar/mobile-phones/apple-iphone-17-pro-max-256-gb-silver-hLhg4H3itM9ABXK04yoqmsQi.html,3,2026-09-03T07:36:41.103027+00:00,individual,"iPhone 17 Pro Max
256 GB, 100% Battery Health
Super condition
7 days replacement guarantee
1 year service warranty
#exchange possible
Our Address:
Smart Choice, Shop No. 211,
City Center, Beside Rajshahi College, Sonadighi Mor, Rajshahi
Call for any details:"
Apple iPhone 16 128 GB White,69000,Used,"Rajshahi, Shaheb Bazar",1 hour ago,https://bikroy.com/shaheb-bazar/mobile-phones/apple-iphone-16-128-gb-white-kf4Ow26G5OQJFaPzAD2zykdL.html,3,2026-09-03T07:36:41.577745+00:00,individual,"iPhone 16
128 GB, 100% Battery Health
Super condition
7 days replacement guarantee
1 year service warranty
#exchange possible
Our Address:
Smart Choice, Shop No. 211,
City Center, Beside Rajshahi College, Sonadighi Mor, Rajshahi
Call for any details:"
Apple iPhone 15 Pro 256 GB Blue,90000,Used,"Rajshahi, Shaheb Bazar",2 hours ago,https://bikroy.com/shaheb-bazar/mobile-phones/apple-iphone-15-pro-256-gb-blue-wQ01JX61flblQEsEtp0vo4Wi.html,4,2026-09-03T07:36:42.085542+00:00,individual,"IPhone 15 pro 
256 gb 87 bh 
Warranty available until 2031 
Super condition 
7 days replacement guarantee  
1 year service warranty  
#exchange possible 
Our Address :
Smart Choice , Shop No. 211 , 
City center , Beside of Rajshahi College , Sonadigir mor Rajshahi
Call for any details:"
Apple iPhone 14 Pro Max 128 GB Blue,56999,Used,Rajshahi,25/08,https://bikroy.com/rajshahi/mobile-phones/apple-iphone-14-pro-max-128-gb-blue-1AeMIgzsQehaan9Gxj9CaecG.html,4,2026-09-03T07:36:42.803810+00:00,individual,"Please message first.
Condition: iPhone 14 Pro Max (128GB)
Battery: 80%
Physical + eSIM
iOS: 26.6.1
Included with it: Box and good quality charger.
Condition: Only back glass is cracked.
And there is a small dot near the front camera which is not noticeable. Pictures are provided."
Apple iPhone 15 128 GB Black,58500,Used,Rajshahi,26/08,https://bikroy.com/rajshahi/mobile-phones/apple-iphone-15-128-gb-black-a4oEq8ZmlYGLGthLMUs67m2w.html,5,2026-09-03T07:36:43.368276+00:00,individual,"Full Fresh Phone ✅
No Scratches All Ok ✅"
Apple iPhone 13 Pro Max 128 GB Green,60000,Used,Rajshahi,08/08,https://bikroy.com/rajshahi/mobile-phones/apple-iphone-13-pro-max-128-gb-green-BLo53e4npcu9s9TZUU9p9cNb.html,4,2026-09-03T07:36:44.093156+00:00,individual,There is nothing to question about this set... everything is 100/1000... Genuine... Selling because I will buy a bike... battery health is 91
Apple iPhone 14 Pro Max 256 GB White,85500,Used,"Rajshahi, Nawdapara",2 hours ago,https://bikroy.com/nawdapara/mobile-phones/apple-iphone-14-pro-max-256-gb-white-5W2Xz2ilWbrQ1cT2vKcx5Xgr.html,5,2026-09-03T07:36:44.894045+00:00,individual,"আমি প্রথম ইউজার,,,, কোন প্রকার সমস্যা নাই,,,, একদম নতুন ফোন,,,, 15 pro max নিবো তাই সেল করে দিচ্ছি,,,, ব্যাটারি হেল্থ ৯২ 🔋USA varrient,, যত ইচ্ছা চেক করে নিবেন,,,, সাথে ওরিজিনাল চার্জার ও কেবল দেওয়া হবে ❤️ যোগাযোগ নাম্বার 019XXXXXXXX"
Apple iPhone 15 Pro 256 GB Blue,75500,Used,Rajshahi,2 days ago,https://bikroy.com/rajshahi/mobile-phones/apple-iphone-15-pro-256-gb-blue-gpCrf1z5uwZjB55mivGBrd65.html,5,2026-09-03T07:36:45.550346+00:00,individual,Iphone 15 Pro Blue Titanium (256 GB) Physical Dual Sim version. In original condition. Battery Health 85%. No exchange. Please don't offer absurd prices.
Apple iPhone 15 Pro 256 GB White,78000,Used,"Rajshahi, Court Station",2 days ago,https://bikroy.com/court-station/mobile-phones/apple-iphone-15-pro-256-gb-white-cono9XcFX3RrX29miCFTwHwD.html,3,2026-09-03T07:36:46.238957+00:00,individual,￼ battery health 96% sob orjinal no bust oll ok
Apple iPhone 14 Pro Max 256 GB Purple,75000,Used,"Rajshahi, Shaheb Bazar",2 hours ago,https://bikroy.com/shaheb-bazar/mobile-phones/apple-iphone-14-pro-max-256-gb-purple-dXs04LXCudjcFOC7CJgxaZmS.html,3,2026-09-03T07:36:47.605275+00:00,individual,"iPhone 14 Pro Max

256 GB, 85% Battery Health

Singapore variant

Super condition 

7 days replacement guarantee  
1 year service warranty  

#exchange possible 

Our Address:
Smart Choice, Shop No. 211,
City Center, Beside Rajshahi College, Sonadighi Mor, Rajshahi

Call for any details 017XXXXXXXX"
Apple iPhone 14 Pro Max 256 GB Purple,80000,Used,Rajshahi,28/08,https://bikroy.com/rajshahi/mobile-phones/apple-iphone-14-pro-max-256-gb-purple-r8ScCt13jIenxRe0CZwnkjQZ.html,5,2026-09-03T07:36:48.192270+00:00,individual,"iphone 14 pro max..betrry 85, ফোনটা একদম press, নো চেন্জ সব জেনুয়িন বক্স নাই ,,সিঙ্গাপুর ভেরিয়ান্ড,,"
New Apple iPhone 15 128 GB Pink,60000,Brand New,"Rajshahi, Shaheb Bazar",2 hours ago,https://bikroy.com/shaheb-bazar/mobile-phones/new-apple-iphone-15-128-gb-pink-53q78tUVolUACOZSUSrcaQgu.html,2,2026-09-03T07:36:48.290969+00:00,individual,"iPhone 15
128 GB, 85-100% Battery Health
Physical SIM
Super condition
Enjoy a 7-day replacement guarantee
1-year service warranty
#Exchange possible
Our Address:
Smart Choice, Shop No. 211,
City Center, Beside Rajshahi College, Sonadighi Mor, Rajshahi
Call for any details:"
Apple iPhone 15 Plus 128 GB Black,65000,Used,"Rajshahi, Shaheb Bazar",1 hour ago,https://bikroy.com/shaheb-bazar/mobile-phones/apple-iphone-15-plus-128-gb-black-39lMK4kbQi46v2oAe9V2gR8W.html,3,2026-09-03T07:36:48.623068+00:00,individual,"iPhone 15 Plus
128GB / 89% Battery Health
Physical SIM
Super condition
7 days replacement guarantee
1 year service warranty
#exchange possible
Our Address:
Smart Choice, Shop No. 211,
City Center, Beside Rajshahi College, Sonadighi Mor, Rajshahi
Call for any details:"
Apple iPhone 14 Pro Max 256 GB Purple,74000,Used,"Rajshahi, Shaheb Bazar",2 hours ago,https://bikroy.com/shaheb-bazar/mobile-phones/apple-iphone-14-pro-max-256-gb-purple-chrDhW9u7STAZkcpUOjNWLjF.html,3,2026-09-03T07:36:49.021092+00:00,individual,"iPhone 14 Pro Max, 256 GB, 81% battery health. Physical SIM. Super condition. 7 days replacement guarantee. 1 year service warranty. #exchange possible. Our Address: Smart Choice, Shop No. 211, City Center, Beside Rajshahi College, Sonadighi Mor, Rajshahi. Call for any details:"
Apple iPhone 16 Pro 128 GB Rose Gold,93000,Used,"Rajshahi, Shaheb Bazar",2 hours ago,https://bikroy.com/shaheb-bazar/mobile-phones/apple-iphone-16-pro-128-gb-rose-gold-axUnNwSc7ZwYZ7ffrUbtkoV1.html,3,2026-09-03T07:36:49.781060+00:00,individual,"iPhone 16 Pro
128GB, 91% Battery Health
Physical SIM
Super condition
Enjoy a 7-day replacement guarantee
1-year service warranty
#exchange possible
Our Address:
Smart Choice, Shop No. 211,
City Center, Beside Rajshahi College, Sonadighi Mor, Rajshahi
Call for any details:"
Apple iPhone 14 Pro 256 GB Silver,50000,Used,"Rajshahi, Kadirgonj",27/08,https://bikroy.com/kadirgonj/mobile-phones/apple-iphone-14-pro-256-gb-silver-BceWAugklE1PgMpW2mB0wdxB.html,3,2026-09-03T07:36:50.235521+00:00,individual,phn desin thak ea pora glass fata gaca all ok funn orginal
Apple iPhone 13 128 GB,38000,Used,Rajshahi,19 hours ago,https://bikroy.com/rajshahi/mobile-phones/apple-iphone-13-128-gb-dfckkFeXGFzg648T5eIgcFY5.html,4,2026-09-03T07:36:50.731978+00:00,individual,ফোন ১০০% waterproof চেক করে দেখে নিতে পারবেন
Apple iPhone 12 Pro Max 256 GB White,50000,Used,Rajshahi,1 hour ago,https://bikroy.com/rajshahi/mobile-phones/apple-iphone-12-pro-max-256-gb-white-al4rUSCPA8H1lU2k4kLv3PpT.html,3,2026-09-03T07:36:51.466397+00:00,individual,"iPhone 12 Pro Max
256 GB, 91% Battery Health
Super condition
7 days replacement guarantee
1 year service warranty
#exchange possible
Our Address:
Smart Choice, Shop No. 211,
City Center, Beside Rajshahi College, Sonadighi Mor, Rajshahi
Call for any details:"
Apple iPhone 11 Pro 256 GB Black,27000,Used,"Rajshahi, Bagmara",19/08,https://bikroy.com/bagmara/mobile-phones/apple-iphone-11-pro-256-gb-black-utpA2KCrAYzlTnturU07Uv5f.html,5,2026-09-03T07:36:51.816105+00:00,individual,"Selling due to an emergency need for money for family issues. Price is negotiable, no problem."
Apple iPhone 12 Pro Max 256 GB White,30000,Used,Rajshahi,2 days ago,https://bikroy.com/rajshahi/mobile-phones/apple-iphone-12-pro-max-256-gb-white-34VT964FzKUZWBpm0fSRgLye.html,3,2026-09-03T07:36:52.199029+00:00,individual,সাথে ফুল বক্স রয়েছে চার্জার নেই শুধু কেবল পাবেন ২৫৬ জিবি ডিসপ্লে এবং ব্যাটারি চেঞ্জ টোটন ওকে ফেসলক নেই ডিসপ্লে তে হালকা ফঙ্াগাস রয়েছে বোঝা যায় না ১০০% ওকে আছে অন্যান্য কোন ধরনের সমস্যা নেই যতক্ষণ ইচ্ছা চেক করে নিতে পারবেন ভালো কনফিগারেশনের ফোন হলে এক্সচেঞ্জ করা যাবে
Apple iPhone 14 Pro 256 GB Purple,55000,Used,"Rajshahi, Uposahar",12 hours ago,https://bikroy.com/uposahar/mobile-phones/apple-iphone-14-pro-256-gb-purple-D9ejrwXN4AWWMP5ltXbAsfd.html,4,2026-09-03T07:36:52.890061+00:00,individual,"I phone 14 pro for sell
Colour: purple 
Battery health:87%
Parts : original 
Variant: Singapore 
Srotge :256gb
Just 2 month used. Box ache ,display te I land er niche ekta dot ache. All Okey , emergency tai kom e sell dewa hobe"
Apple iPhone 13 128 GB White,40000,Used,"Rajshahi, Shaheb Bazar",18 hours ago,https://bikroy.com/shaheb-bazar/mobile-phones/apple-iphone-13-128-gb-white-jZCbsrSaM1fQio8bpyLfFSyk.html,3,2026-09-03T07:36:53.461451+00:00,individual,"iPhone 13 
storage 128
True tone ✅
face id ✅
Sim ✅
Wifi ✅ 
Battery 81%✅"
Apple iPhone 13 128 GB Pink,32500,Used,"Rajshahi, Kazla",26/08,https://bikroy.com/kazla/mobile-phones/apple-iphone-13-128-gb-pink-cJw4XsCbLtBP1dugd9ec7AcS.html,3,2026-09-03T07:36:54.021251+00:00,individual,ফুল ফ্রেশ আছে ফোনটি নিলে সরাসরি ফোন দিবেন ফোনের ব্যাটারি হানডেট পারসেন ব্যাটারি চেঞ্জ করা হয়েছে অরজিনাল ব্যাটারিটাও আছে ছিয়াত্তর পাচ্ছেন ফোনের ফেইস আইডি ইসু  বাদবাকি সব ফুল ওকে
Apple iPhone 12 64 GB,25000,Used,"Rajshahi, Kazla",26/08,https://bikroy.com/kazla/mobile-phones/apple-iphone-12-64-gb-iMtJxZeUQmaRizBHJXpzBx81.html,5,2026-09-03T07:36:54.786253+00:00,individual,বিক্রয় করা হবে ফোনের কোন প্রবলেম নেই ডিসপ্লে চেঞ্জ করা হয়েছে সাড়ে ছয় হাজার টাকা দিয়ে ফেস আইডি টুটনসব ওকে আছে ব্যাটারির চেঞ্জ করা হয়েছে প্রায় ছয় মাস আগে ৩২০০ টাকা দিয়ে যদি নিতে চান তাহলে যোগাযোগ করুন
Apple iPhone 11 Pro 64 GB Silver,29000,Used,"Rajshahi, Durgapur",29/08,https://bikroy.com/durgapur-1/mobile-phones/apple-iphone-11-pro-64-gb-silver-8rKiZh7fxOfgn1fbrMkYCQgg.html,3,2026-09-03T07:36:55.235325+00:00,individual,"Model: iPhone 11 Pro
Storage: 64GB
Color: Brilliant / Silver
Battery Health: 82%
Condition: Full Fresh
Display: Original
Camera: Fully OK
Face ID: Fully OK
All Functions: 100% Working

Phone দেখতে খুবই fresh এবং কোনো major issue নেই। ছবিতে যেমন দেখছেন, বাস্তবেও একই রকম condition।


Serious buyers only."
Apple iPhone 13 128 GB Black,35000,Used,Rajshahi,2 days ago,https://bikroy.com/rajshahi/mobile-phones/apple-iphone-13-128-gb-black-r2G9uzxuKq0DKbsgR4TrdOGQ.html,5,2026-09-03T07:36:55.929748+00:00,individual,"iPhone 13  128gb 
True ton 
Face ID ok
Sate cash memo ace
Only display change bh:77
Phone full fresh 
Nunber 019XXXXXXXX"
Apple iPhone 14 128 GB Black,45000,Used,"Rajshahi, Boalia",18 hours ago,https://bikroy.com/boalia/mobile-phones/apple-iphone-14-128-gb-black-fltkEFXWOajdKjMwgUtDdFJt.html,3,2026-09-03T07:36:56.675750+00:00,individual,"iPhone 14
Variant - Indian
All ok 
Battery Health - 79%"
Apple iPhone 12 Pro Max 256 GB Gold,44000,Used,Rajshahi,29/08,https://bikroy.com/rajshahi/mobile-phones/apple-iphone-12-pro-max-256-gb-gold-dwOKL8Z3BjM3NLa9BvFyzXaY.html,5,2026-09-03T07:36:57.290059+00:00,individual,Phone has never been opened... original box is available... phone has no scratches/dents... true tone OK... face id OK... 256 GB... battery health 78%
Apple iPhone 14 128 GB White,46000,Used,"Rajshahi, Shaheb Bazar",2 hours ago,https://bikroy.com/shaheb-bazar/mobile-phones/apple-iphone-14-128-gb-white-3XnQatDC4PfHfWZbV0tHoBAo.html,3,2026-09-03T07:36:57.871287+00:00,individual,"iPhone 14
128 GB, 90% Battery Health
Physical SIM
Super condition
7 days replacement guarantee
1 year service warranty
#exchange possible
Our Address:
Smart Choice, Shop No. 211,
City Center, Beside Rajshahi College, Sonadighi Mor, Rajshahi
Call for any details:"
Apple iPhone 17 Pro Max 256 GB Orange,143000,Used,"Chattogram, Chandgaon",11/06,https://bikroy.com/chandgaon/mobile-phones/apple-iphone-17-pro-max-256-gb-orange-gd0z6KX6kuDnoVtAnfAkJAbK.html,5,2026-09-03T07:36:58.518766+00:00,individual,"iPhone 17 Pro Max with 5 months Dazzle Care, Japan variant.
Dual eSIM.
7 months used.
Battery: 100%.
All okay.
Dazzle official care warranty available for 5 months.
Mobile, original cable, and box will be provided."
Apple iPhone 17 CANADA BRAND NEW (Brand New),120000,Brand New,"Chattogram, Chawkbazar",1 hour ago,https://bikroy.com/chawkbazar/mobile-phones/apple-iphone-17-canada-brand-new-brand-new-dZOMhZI7wxvPld4PST30rdSL.html,0,2026-09-03T07:36:59.288527+00:00,individual,"🔳 INTACT SEAL PACK
🔳 Storage: 12/256GB
🔳 Colour: WHITE
◾ Box And Original Cable


🔰 Our Speciality......................................


◾Original & Non-Refurbished Product
◾Emi Facilities Available*
◾Accept Visa, Master Card
◾Delivery Facility inside & Outside ctg.
◾Phone Exchange Facilities*
◾Our All Products Original And Genuine. 
◾Our All Product 7 Days replacement And 1 year Service Warranty


🔰 Our Showroom Address:

Rony Enterprise (Since 2007)
Bali Arcade Shopping Center
4th Floor, Shop no 03(infront of chawkbazar Post Office
Sirajuddula Road, Chawkbazar, Chattogram Show more"
Apple iPhone 17 Pro Max 256 GB Blue,137000,Used,"Chattogram, New Market, Chattogram",12/08,https://bikroy.com/new-market/mobile-phones/apple-iphone-17-pro-max-256-gb-blue-pVNL83KOCNBwdIGRYBGObLn2.html,5,2026-09-03T07:36:59.716472+00:00,individual,"Ami ★With full box
★Physical sim + e sim
★291 cycle count
★96% bh
★(Just niche ektah choto scratch ase)
	 Chobite include kora ase picture. 
★Still apple Warranty available"
Apple iPhone 17 Pro 256 GB Purple,131990,Used,"Chattogram, CDA Avenue",1 hour ago,https://bikroy.com/cda-avenue/mobile-phones/apple-iphone-17-pro-256-gb-purple-yKqronSLFaMGrOnHTFv3QpWe.html,3,2026-09-03T07:37:00.348354+00:00,individual,"iPhone 17 Pro 256GB 🇱🇷 USA Variant 📱✨

🔋 Battery Health: 100%

✅ Cycle Count: 152

📍 First Use in MAY 2026

✨ Condition: Full Fresh

🛡️ Apple Warranty Available till May 2027

💰 Offer Price: Only ৳1,31,990/-

আজই Decent থেকে"
New Apple iPhone 17 Pro Max 256 GB White,169999,Brand New,"Chattogram, Chandgaon",19/06,https://bikroy.com/chandgaon/mobile-phones/new-apple-iphone-17-pro-max-256-gb-white-sj305H3n4ssB0OChjyzbQajx.html,4,2026-09-03T07:37:00.931345+00:00,individual,"iPhone 17 Pro Max 256GB Dual Physical SIM. Available in Cosmic Orange, Silver, and Deep Blue."
Apple iPhone 17 Pro Max P-SIM+E-SIM Brand New,172999,Brand New,"Chattogram, Agrabad",2 hours ago,https://bikroy.com/agrabad/mobile-phones/apple-iphone-17-pro-max-p-sim-e-sim-ntun-brand-new-1c1M4oyTA6EwXO5vWGDhrGjL.html,0,2026-09-03T07:37:01.611627+00:00,individual,"Stay updated with our latest product prices by liking 👍 & FOLLOWING our page. Page link - https://www.facebook.com/jojobdctg.

** iPhone 17 Pro Max, 256GB, Australian variant, 100% authentic.
Other Apple models in our store – 17 Pro Max 512GB - Australia, 17 256GB Australia, 16 128GB, 15 128GB Singapore, 14 128GB, MacBooks Singapore Air M4 16/256.

🌍 Variant: global

📦 Condition: New Intact |

✅ 100% Authentic

✅ 7-day replacement, 1-year service warranty.

----------------------------------------------------------------------

Address:

Shop- 537, Level-5 (Capsule lift 4,

Straight after exiting the lift, JoJoBD)

Akhtaruzzaman Center,

Agrabad, Chittagong. Show more"
New Apple iPhone 17 Pro Max 256 GB Blue,138000,Brand New,"Chattogram, Muradpur",2 days ago,https://bikroy.com/muradpur/mobile-phones/new-apple-iphone-17-pro-max-256-gb-blue-aoY4X0fuVVSzlQUyfCvbU6mn.html,5,2026-09-03T07:37:02.244913+00:00,individual,"Full brand new. Not used. Only box open for checking purpose. Came from USA few days back. 
Full Box
256 Gb
Dual E-sim
Zero Cycle Count 
BH 100%
Pls don’t offer any lame price. 
Almost fixed price.
Carrier lock. 
Regards!"
Apple iPhone 16 Pro Max 512 GB Gold,125000,Used,"Chattogram, Chawkbazar",2 hours ago,https://bikroy.com/chawkbazar/mobile-phones/apple-iphone-16-pro-max-512-gb-gold-NHbPtHOtCvmrJCJKIBhOztI.html,3,2026-09-03T07:37:02.972354+00:00,individual,"iPhone 16 Pro Max, 512GB, Desert Titanium color, comes with box, Global version."
Apple iPhone 16 Pro Max 512 GB Rose Gold,128000,Used,Chattogram,1 hour ago,https://bikroy.com/chattogram/mobile-phones/apple-iphone-16-pro-max-512-gb-rose-gold-fRg22mOFYh4jqnyftdeFk3ut.html,5,2026-09-03T07:37:03.355597+00:00,individual,"iPhone 16 Pro Max 512GB Desert Titanium
Phone brought from Dubai, barely used phone... 100% spotless and fully fresh
Battery Health 90% but cycle count 351 only
With box
Real buyers only!!
Location must!!"
Apple iPhone 17 Pro Max 256GB(100%) FULL BOX (Used),150000,Used,"Chattogram, Chawkbazar",1 hour ago,https://bikroy.com/chawkbazar/mobile-phones/apple-iphone-17-pro-max-256gb-100-full-box-used-zuSca6VzeXTqQ5MIHXbqCgB0.html,2,2026-09-03T07:37:03.897473+00:00,individual,"🔳 TRHEE MONTH USED ONLY AS LIKE AS NEW CONDITION.73% TIME
🔳 Storage: 12/256gb
🔳 Colour: ORRANGE
◾ Original Cable AND BOX




🔰 Our Speciality......................................

◾Original & Non-Refurbished Product
◾Emi Facilities Available*
◾Accept Visa, Master Card
◾Delivery Facility inside & Outside ctg.
◾Phone Exchange Facilities*
◾ All Products Original And Genuine. 
◾Our All Product 7 Days replacement And 1 year Service Warranty



🔰 Our Showroom Address:


Rony Enterprise (Since 2007)
Bali Arcade Shopping Center
4th Floor, Shop no 03(infront of chawkbazar Post Office
Sirajuddula Road, Chawkbazar, Chattogram Show more"
New Apple iPhone 17 Pro Max 256 GB Orange,160000,Brand New,"Chattogram, Boalkhali",25/06,https://bikroy.com/boalkhali/mobile-phones/new-apple-iphone-17-pro-max-256-gb-orange-14Gjr9fBvTVHsORXpnYMyacL.html,5,2026-09-03T07:37:04.705602+00:00,individual,"Only 3 months used. Cycle count only 35.
First use March 2026. The phone is from Abu Dhabi, UAE. Physical SIM & eSIM available."
Apple iPhone 17 Pro Max 256 GB Orange,143499,Used,"Chattogram, CDA Avenue",1 hour ago,https://bikroy.com/cda-avenue/mobile-phones/apple-iphone-17-pro-max-256-gb-orange-q39DcrXGBK4ZXCVArv9XOrY5.html,3,2026-09-03T07:37:05.220171+00:00,individual,"17 pro max 256gb
Battery-100%
cycle -20
Offer price -143490
Warranty available 27 jun 27"
New Apple iPhone 17 Pro Max 256 GB Silver,165000,Brand New,"Chattogram, Khulshi",12/08,https://bikroy.com/khulshi/mobile-phones/new-apple-iphone-17-pro-max-256-gb-silver-d7FJldVIS9rugoLqUzwYwfVR.html,4,2026-09-03T07:37:05.785731+00:00,individual,"Just opened, brought from outside. With bill, no charge, just open box"
Apple iPhone 17 Pro Max 256 GB Blue,145000,Used,"Chattogram, Agrabad",10/08,https://bikroy.com/agrabad/mobile-phones/apple-iphone-17-pro-max-256-gb-blue-snfLGfPzLndHMLxgbki9Y7DI.html,4,2026-09-03T07:37:06.427918+00:00,individual,"Fresh conditions with original box cable
Brought from Kuwait"
Apple iPhone 16 128 GB Black,72000,Used,"Chattogram, Satkania",14/08,https://bikroy.com/satkania/mobile-phones/apple-iphone-16-128-gb-black-aPiTvSyheveqocI7mvWXSz3e.html,5,2026-09-03T07:37:06.729110+00:00,individual,"Model: iPhone 16
Storage: 128 GB
Battery Health: 89%
Variant: Dubai Variant (Bottom physical SIM + eSIM)
Original box is available.
Usage: Used for 1 year.
Price: Taka
What you will get with it: Original box
3 premium covers
 Location: Keranirhat Gol Chattar"
Apple iPhone 14 Pro Max 128 GB Black,67990,Used,"Chattogram, CDA Avenue",1 hour ago,https://bikroy.com/cda-avenue/mobile-phones/apple-iphone-14-pro-max-128-gb-black-moEX7VePCwU0zRId8UoBc1Fk.html,4,2026-09-03T07:37:07.674895+00:00,individual,"14 pro max usa 128gb
battray 86%
full fresh 
15 days replacement gurranty 
1 year service warranty 
DecDecent,Finlay"
Apple iPhone 14 Pro 256 GB White,65000,Used,"Chattogram, Banskhali",2 days ago,https://bikroy.com/banskhali/mobile-phones/apple-iphone-14-pro-256-gb-white-bxQ6xmZ2ZL81T3MStIFHYFOs.html,4,2026-09-03T07:37:08.126726+00:00,individual,"iPhone 14 Pro

Battery Health: 94%

Everything is OK

Original Box: নেই

 Purchased From: Russia

 Location: Chittagong, Banshkhali"
Apple iPhone 14 Pro 1 TB Silver,72500,Used,"Chattogram, Hathazari",1 day ago,https://bikroy.com/hathazari/mobile-phones/apple-iphone-14-pro-1-tb-silver-43Dn4vsf7oNKHaxun7AYZwcN.html,5,2026-09-03T07:37:08.765225+00:00,individual,"Iphone 14 Pro 
1TB
Bettery 86
KH/A
Waterproof 
Only device with cash memo"
Apple iPhone 15 256 GB Blue,85000,Used,"Chattogram, CDA Avenue",05/08,https://bikroy.com/cda-avenue/mobile-phones/apple-iphone-15-256-gb-blue-rAHU16adujb9l0l1TTvzmyCr.html,3,2026-09-03T07:37:09.411233+00:00,individual,"The phone was used only for taking pictures, otherwise it stays in the room at home. I use Android so this is not used, it is only used when taking pictures or occasionally checking Facebook. Thank you"
Apple iPhone 13 Pro 256 GB,60000,Used,"Chattogram, Halishahar",24/08,https://bikroy.com/halishahar/mobile-phones/apple-iphone-13-pro-256-gb-rKdvRkaC0fo6KDZkn0Hv7EQR.html,5,2026-09-03T07:37:09.865002+00:00,individual,"Iphone 13 pro 
256 GB, LL/A, B/H-91% genuine, no boost, you can check
Full boxed
No dent, no scratch,
Location must: Halishahar I block
Buy and run"
New Apple iPhone 15 Plus 256 GB Pink,79990,Brand New,"Chattogram, Baizid",1 hour ago,https://bikroy.com/baizid/mobile-phones/new-apple-iphone-15-plus-256-gb-pink-zaIvEoNR5e3voQJzpXqd1LzB.html,3,2026-09-03T07:37:10.614526+00:00,individual,"Get the iPhone 15 Plus 256GB (USA Variant) now at an offer price at Decent! 

Decent brings you the iPhone 15 Plus USA Variant — right within your reach 

 iPhone 15 Plus (USA Variant) - 
Finlay Square, Level-4, Shop-406, 2 No Gate, Nasirabad, Chattogram
Finlay South City, Level-5, Shop-525, Bahaddarhat, Chattogram"
Apple iPhone 15 Pro 128 GB White,88000,Used,Chattogram,1 hour ago,https://bikroy.com/chattogram/mobile-phones/apple-iphone-15-pro-128-gb-white-3HIbFQQl7f7uoFgNfR2G1eCQ.html,3,2026-09-03T07:37:11.452349+00:00,individual,"IPhone 15 pro is in Pristine condition👌
Bh 100% only charged 17 cycles
Brought from usa not used very much cz i used to have another phone it is like a newly purchased phone!!️
Location must to check and buy my device!!️"
Apple iPhone 15 Pro Max 256 GB Blue,95000,Used,"Chattogram, Alankar",26/08,https://bikroy.com/alankar/mobile-phones/apple-iphone-15-pro-max-256-gb-blue-CaPQdZX8rqABbah7x0pqbKsA.html,3,2026-09-03T07:37:11.851723+00:00,individual,"Iphone 15 Pro max 256 gb With Full Box
All parts Is Okey.
No Repeair history One Handed Use
Full Fresh Sudu Cover Use korar karone resh ache halka Phoner 1st User Ami
Battery Health: 92%
Cycle Count: 331
Price Is Almost Fixed
Thank You 😊"
Apple iPhone 14 Pro Max 256 GB Black,58000,Used,"Chattogram, Halishahar",12/08,https://bikroy.com/halishahar/mobile-phones/apple-iphone-14-pro-max-256-gb-black-i8IDebqNZVY95FkKU35n0Rzh.html,5,2026-09-03T07:37:12.587499+00:00,individual,"Sell post 
IPHONE 14 PRO MAX 
256 gb 
BH- 86%
1 physical + 1 eSIM 
AH/A (Middle east variant)
Genuine Display and Battery (Original)
Device full poly body
Only Device
Issue- Only Face ID disabled (after update)"
Apple iPhone 13 Pro Max 128 GB Blue,57000,Used,"Chattogram, Patenga",13/08,https://bikroy.com/patenga/mobile-phones/apple-iphone-13-pro-max-128-gb-blue-hGsG3jKPWvTw96THwOt3eQxE.html,5,2026-09-03T07:37:13.184340+00:00,individual,"The phone is completely flawless and has no internal or external issues.
* Authenticity: 100% Full Authentic (Never opened or parts changed)
* Condition: Super fresh and smooth performance. [1]
Charge Backup:
Even with 74% battery health, its backup is awesome
* iPhone 13 Pro Max * Original cable/box
Location: Bandartilla, Epz
Location Must"
Apple iPhone 15 128 GB Green,61000,Used,"Chattogram, Halishahar",18/08,https://bikroy.com/halishahar/mobile-phones/apple-iphone-15-128-gb-green-giY2JpFmtOTOqUrrzBafgHeP.html,3,2026-09-03T07:37:13.752779+00:00,individual,"Everything ok. 
Fully fresh as like new...
> Apple Official Warranty available 5 Months.
> Cycle count - 350
> Battery health - 89%
> Cash memo... full box... + 3 pcs premium back cover..."
Apple iPhone 15 128 GB Green,60000,Used,"Chattogram, Hathazari",21/08,https://bikroy.com/hathazari/mobile-phones/apple-iphone-15-128-gb-green-hqruYq52r8ltNsTJbnijeMrr.html,5,2026-09-03T07:37:14.460409+00:00,individual,"Iphone 15 128GB
With original box, charging cable and Apple's 20w power adapter.
Varient- UK
Battery health- 83%
Charging cycle- 744
True tone works
No visible scratch or dent.
Location- 1 no. gate, University of Chittagong"
Apple iPhone 15 Plus 128 GB Black,70000,Used,"Chattogram, Kotwali, Chattogram",2 days ago,https://bikroy.com/kotwali/mobile-phones/apple-iphone-15-plus-128-gb-black-hKFitFgKBQLDFJAE9xNoherZ.html,3,2026-09-03T07:37:15.271641+00:00,individual,"Selling my iPhone 15 Plus.
✨ 99% fresh condition very well maintained.

📦 Original box 
✅ Everything is working perfectly
🔋 Battery health: 87%
🎨 Color: Black
💾 Storage: 128 GB
💰 Price: 70K
📍 Location: New market, Chittagong 
📩 Serious buyers, please inbox me.
No time-wasters, please. Thank you! 🙏"
Apple iPhone 13 Pro 256 GB Gold,52000,Used,"Chattogram, Baizid",30/08,https://bikroy.com/baizid/mobile-phones/apple-iphone-13-pro-256-gb-gold-eTglSrjdPywk3MyKv3a6DKLy.html,5,2026-09-03T07:37:15.687213+00:00,individual,"📱 iPhone 13 Pro Gold | 256GB | USA 🇺🇸

✨ BH 89% | 99% Fresh
✨ No Dent/Scratch
✨ Water Resistance
✨ Excellent Battery Backup, MashaAllah ❤️
✨ Single Physical SIM + eSIM
✨ প্রায় ২ মাস ব্যবহার
✨ Unique Point থেকে নেওয়া + Cash Memo
✨ Security দেওয়া যাবে

💰 Asking: 52,000৳
📍 Aturar Dipu, Nur Tower 018XXXXXXXX"
Apple iPhone XS 256 GB Gold,21000,Used,"Chattogram, Chawkbazar",07/08,https://bikroy.com/chawkbazar/mobile-phones/apple-iphone-xs-256-gb-gold-pHHvMiBOFaLwPzlfg2CZhlVf.html,5,2026-09-03T07:37:16.226747+00:00,individual,"My personally used iPhone XS!
Everything that is 100% ok:
Face ID
Camera
Display
Touch
Speaker
True Tone
!!Battery Health 100% (Original battery replaced in February 2026. Has 18 months warranty and Guarantee Card.
!!Only Display Glass is broken, but Display and Touch are 100% ok. Just replacing the glass will do."
Apple iPhone 11 Pro 64 GB Black,23000,Used,"Chattogram, New Market, Chattogram",11 hours ago,https://bikroy.com/new-market/mobile-phones/apple-iphone-11-pro-64-gb-black-uxxf0j95tkigkutxD5PSDGpB.html,3,2026-09-03T07:37:16.642422+00:00,individual,"without box 
BH 66
all okay but display glue halka loose hoye geche"
Apple iPhone 11 128 GB White,20000,Used,"Chattogram, Bandar, Chattogram",22/08,https://bikroy.com/bandar/mobile-phones/apple-iphone-11-128-gb-white-ARBGPL7SWLXz8JSheEIfH5v7.html,5,2026-09-03T07:37:17.398229+00:00,individual,"The phone is in full space condition, phone's battery health is 78%, the motherboard was swapped from another phone due to an iCloud block, box is not included."
New Apple iPhone XS 64 GB White,20000,Brand New,"Chattogram, Halishahar",23 hours ago,https://bikroy.com/halishahar/mobile-phones/new-apple-iphone-xs-64-gb-white-aToDrKPyb5TSnPAL2Z8DKVC8.html,3,2026-09-03T07:37:17.861533+00:00,individual,Mobile ekdom freash kono dak nei kono issu nai.  Wp te msg korte chaile 018XXXXXXXX
Apple iPhone 12 Pro 256 GB White,40000,Used,"Chattogram, Anderkilla",2 days ago,https://bikroy.com/anderkilla/mobile-phones/apple-iphone-12-pro-256-gb-white-8nrmOUBMx9BCge0JkK8mjyuk.html,4,2026-09-03T07:37:18.480764+00:00,individual,"Prize: 40k asking (35k+ Budget takLei inbx korben)☑️

All in Ok nd 100% Good Condition
All parts 100% Orginal,, you can Check everything🖤

Rom 256
Battery 80% (Orginal)
Display Genuine✅
True Tone,face ID✅
Single Sim + esim✅
Only Set+Cover+ my Security (national certificate + My clg ID)
Location Must (andorkilla),"
Apple iPhone 13 Pro 256 GB Blue,42000,Used,"Chattogram, Karnaphuli",28/08,https://bikroy.com/karnaphuli/mobile-phones/apple-iphone-13-pro-256-gb-blue-dNSOzZB4LWv6sF5MylHzTWaw.html,5,2026-09-03T07:37:19.385415+00:00,individual,"IPhone 13 Pro
Set full Frash 
256 Gb 
Face ID✅
True tone ✅
Face ID✅
New Bettari lagano aca ❌
All ok aca 
Display change ❌
Just original glass fata aca kintu buja jai na 🚫"
Apple iPhone XS Max 512 GB Rose Gold,24000,Used,"Chattogram, New Market, Chattogram",11 hours ago,https://bikroy.com/new-market/mobile-phones/apple-iphone-xs-max-512-gb-rose-gold-uOe1jT8Bv5ovorP2qRrFAuEy.html,3,2026-09-03T07:37:19.844841+00:00,individual,"Storage: 512gb 💥
Bettery Health: 75% Original 🔋
Display: gx er orginal ta ✅
Face id ❎
True Tone 🆗
Camera 💥
Silent Buton 🆗
Sim Wifi 🆗
লোকেশনে আসতে হবে ✅"
Apple iPhone 13 Pro 256 GB Blue,53500,Used,"Chattogram, Anderkilla",21/08,https://bikroy.com/anderkilla/mobile-phones/apple-iphone-13-pro-256-gb-blue-6nqOYTlcImdFL1KIEIguvcYL.html,3,2026-09-03T07:37:20.573266+00:00,individual,Iphone 13 pro available for 40 thousand and 60 thousand. High quality product with a higher price.
Apple iPhone 11 128 GB,23500,Used,"Chattogram, Chandgaon",18/08,https://bikroy.com/chandgaon/mobile-phones/apple-iphone-11-128-gb-oQyB4RjO6TrOSVx9SxRXDWfu.html,3,2026-09-03T07:37:21.197700+00:00,individual,"Iphone 11
128 gb storage
face id ok
true tone ok
everything is genuine
camera joss
battery health 74%
charger will be given
will run 6 hours plus on full charge
If you want to buy, you must come to the location,
Location: Kaptai Rastar Matha or Kalughat
Phone: (whatsapp available)"
Apple iPhone 13 128 GB White,41000,Used,"Chattogram, Chawkbazar",22 hours ago,https://bikroy.com/chawkbazar/mobile-phones/apple-iphone-13-128-gb-white-5KQRFl6JuDSkUHDpQe21PlHy.html,4,2026-09-03T07:37:21.587668+00:00,individual,"Battery health 86%
Conditions:Fresh 
Variants: japan
Used: 1 months"
Apple iPhone 11 Pro 256 GB Rose Gold,25000,Used,"Chattogram, Muradpur",29/08,https://bikroy.com/muradpur/mobile-phones/apple-iphone-11-pro-256-gb-rose-gold-BMcRfmi6AuxGMmYa9VZ4vyqo.html,4,2026-09-03T07:37:22.207397+00:00,individual,"256 GB 
Battery Health = 77% 
Face ID 
Silent Mode 
True Tone 
All OK 
Golden Color 
Price - 25k Fixed"
Apple iPhone XS Max 256 GB Rose Gold,22500,Used,"Chattogram, Oxygen",14/08,https://bikroy.com/oxygen/mobile-phones/apple-iphone-xs-max-256-gb-rose-gold-BWUW73wCUWpKIZIOZxITD5If.html,5,2026-09-03T07:37:22.822688+00:00,individual,"Model iPhone XS Max 256 GB UAE variant everything is ok face id True tone Battery health 100% changed. There are no problems with the phone, battery backup is very good. Will reset the phone before handing it over. Must come to the location to pick it up at Oxygen Baluchra, phone only along with NID card for security."
New Apple iPhone 12 Pro 256 GB Blue,43000,Brand New,"Chattogram, Alankar",21/08,https://bikroy.com/alankar/mobile-phones/new-apple-iphone-12-pro-256-gb-blue-8cEleiZtrjzhjMyeM8TYh3D5.html,5,2026-09-03T07:37:23.428717+00:00,individual,"iPhone 12 Pro 
256GB
Everything is in perfect working order
Battery Health 82%
No issues at all
Includes Box, Cash Memo, Cable, and 3 covers"
Apple iPhone 16 Pro Max 256 GB Black,118500,Used,"Dhaka, Jatrabari",28/08,https://bikroy.com/jatrabari/mobile-phones/apple-iphone-16-pro-max-256-gb-black-dyXqqiBBlFsrbqCzbYTgLK.html,3,2026-09-03T07:37:24.144066+00:00,individual,"iPhone 16 promax 256gb

•Singapore  Variant 
•Original All Parts
•No Issue
•Water Resistant ok
•All buttons Working
•Face id Working
•Truetone Working
•86bh (585cycle count only)

Inclusions: Full,box
MEET UP ONLY!"
Apple iPhone 17 Pro Max 256 GB Blue,130000,Used,"Dhaka, Mirpur",1 day ago,https://bikroy.com/mirpur/mobile-phones/apple-iphone-17-pro-max-256-gb-blue-n4e637Y1zwqyaPGd9rNobEdV.html,5,2026-09-03T07:37:24.827228+00:00,individual,"Phone a kono problem nay 
Phone ar sathe cash memo paben 
Battery health 97"
Apple iPhone 17 Pro Max 256 GB Blue,1320000,Used,"Dhaka, Mirpur",29/08,https://bikroy.com/mirpur/mobile-phones/apple-iphone-17-pro-max-256-gb-blue-grNyUu44QHtwohW8o0XTBtoA.html,5,2026-09-03T07:37:25.463842+00:00,individual,"iPhone 17 pro max 256gb Singapore variant 
One physical sim one e sim
Battery health 97 phone active February 2026
Note:phone have some dent in body you can
see the picture
Everything is ok full fresh water register
Only phone and memo will be given bought it from bosundhora city shopping mall
Location: Mirpur 2 Rupnagar abashik 
Number 019XXXXXXXX"
New Apple iPhone 17 Pro Max 512 GB Orange,200000,Brand New,"Dhaka, Mirpur",27/08,https://bikroy.com/mirpur/mobile-phones/new-apple-iphone-17-pro-max-512-gb-orange-3XrrfzJc2V7wsAbrCFXNsq6O.html,3,2026-09-03T07:37:26.195811+00:00,individual,"Brand new sealed box. Purchased June 20, 2026. Never opened. Factory warranty from Apple 1 year."
Apple iPhone 16 Pro Max 256 GB Gray,120000,Used,"Dhaka, Uttara",19 hours ago,https://bikroy.com/uttara/mobile-phones/apple-iphone-16-pro-max-256-gb-gray-nFh6ccGla2NYvJbK6GVwtiqA.html,4,2026-09-03T07:37:26.862043+00:00,individual,"Singapore Variant, Almost New Condition, Battery Health: 95%, 100% Waterproof, Original Box, Cash Memo, Charger, Back Cover. You are welcome to check the phone thoroughly before purchasing. The phone is in excellent condition, almost like new. Price: ৳120,000 (Slightly negotiable for genuine buyers). Only serious buyers 015XXXXXXXX"
Apple iPhone 16 Pro Max 256 GB Rose Gold,110000,Used,"Dhaka, Motijheel",29/08,https://bikroy.com/motijheel/mobile-phones/apple-iphone-16-pro-max-256-gb-rose-gold-p1nxuL5lBMLEYhGcNFUS7Ac0.html,5,2026-09-03T07:37:27.563231+00:00,individual,"📱 iPhone 16 Pro Max — For Sale

✨ Colour: Rose Gold
🌍 Variant: Singapore
💾 Storage: 256GB
🔋 Battery Health: 91%
📦 Condition: ভালো কন্ডিশন
🛒 New Purchase Price: ৳1,65,000
💰 Selling Price: ৳1,10,000 — PRICE FIXED ❌ No Bargaining

📍 Location: Motijheel, AGB Colony
📞 Contact 016XXXXXXXX"
Apple iPhone 16 Pro Max 512 GB Rose Gold,131000,Used,"Dhaka, Mirpur",1 day ago,https://bikroy.com/mirpur/mobile-phones/apple-iphone-16-pro-max-512-gb-rose-gold-sJhKqRJLSrtTfllR43VPWX9M.html,3,2026-09-03T07:37:28.561023+00:00,individual,Adapter cable box camera protector glass protector back poly and box availavail
Apple iPhone 16 Pro Max 256 GB Gold,111990,Used,"Dhaka, Mohammadpur",1 hour ago,https://bikroy.com/mohammadpur/mobile-phones/apple-iphone-16-pro-max-256-gb-gold-aIIxXf5pSeXXYkU2IY2M6umo.html,5,2026-09-03T07:37:28.970126+00:00,individual,"Shop Name :Ab international 
Level -06 Shop number-(657,658)
Tokyo Square,Japan garden city, Mohammadpur
Call us for any question

👉 USED ফোন কিনে নিয়ে আর কোন দুশ্চিন্তা নয় কারণ আমরা দিচ্ছি ১০০% অরিজিনাল এবং অথেন্টিক ফোন। 
👉৭ দিনের মধ্যে কোনরকম প্রবলেম হলে রিপ্লেস করে দেওয়া হবে( Expect display issues)
👉এক বছরের ফ্রি সার্ভিস ওয়ারেন্টি"
New Apple iPhone 17 Pro 512 GB White,175000,Brand New,"Dhaka, Baridhara",4 hours ago,https://bikroy.com/baridhara/mobile-phones/new-apple-iphone-17-pro-512-gb-white-CpRJoCIo6ZBp6uzqDXI03X9O.html,3,2026-09-03T07:37:29.618061+00:00,individual,"iPhone 17 Pro, Jamuna Future Park."
New Apple iPhone 16 Pro Max 256 GB Gold,135000,Brand New,"Dhaka, Mirpur",06/08,https://bikroy.com/mirpur/mobile-phones/new-apple-iphone-16-pro-max-256-gb-gold-2HLLwl9UYWlJK1Sv0dpkQkK7.html,5,2026-09-03T07:37:30.348321+00:00,individual,"Full brand new iPhone Room- 256gb Singapore variant still has 1 month warranty, the phone has been used with great care. If anyone wants to buy, please knock, do not disturb with unnecessary texts
Address : Mirpur-12 Pallabi Sujat Nagar"
Apple iPhone 16 Pro Max 256 GB Silver,118000,Used,"Dhaka, Jatrabari",30/08,https://bikroy.com/jatrabari/mobile-phones/apple-iphone-16-pro-max-256-gb-silver-aCm8HF7uOcOSzKa1ITtnuUFp.html,5,2026-09-03T07:37:30.755546+00:00,individual,"📱 iPhone 16 Pro Max 256GB — Full Fresh Condition 🔥

একদম ফ্রেশ ও যত্নে ব্যবহার করা iPhone 16 Pro Max বিক্রি করা হবে।

✨ Model: iPhone 16 Pro Max
💾 Storage: 256GB
🎨 Color: Natural Titanium
🔋 Battery Health: 91%
💎 Condition: একদম ফ্রেশ 
phone er sathe ja jabe paben 
Box paben 
Cash memo paben
Phone er cover paben 
Price :118000"
New Apple iPhone 17 256 GB,110000,Brand New,"Dhaka, Bashundhara City",5 hours ago,https://bikroy.com/bashundhara-city/mobile-phones/new-apple-iphone-17-256-gb-ilnVAOWrIZa1jht9gt6ccUZ9.html,2,2026-09-03T07:37:31.293716+00:00,individual,"10 days replacement guarantee
 2 years service warranty
 Courier service available nationwide
 Exchange facility available
 Our Shop Address
For Smartphone 
Basement- 1, Shop- 84
Bashundhara City Shopping Mall"
Apple iPhone 16 Pro Max 256 GB Silver,119000,Used,"Dhaka, Dhanmondi",1 hour ago,https://bikroy.com/dhanmondi/mobile-phones/apple-iphone-16-pro-max-256-gb-silver-yZEFBaLTpC1d1CwLsoEF25ro.html,5,2026-09-03T07:37:31.899926+00:00,individual,"iPhone 16 Pro Max
256GB
Natural Titanium
With box
89% battery health
Water resistant
602 charging cycles
Singapore variant
1 physical SIM, 1 eSIM
Full fresh condition
Not a single scratch or dent
Location: Dhanmondi 15"
Apple iPhone 17 Pro 256 GB Orange,137990,Used,"Dhaka, Uttara",1 hour ago,https://bikroy.com/uttara/mobile-phones/apple-iphone-17-pro-256-gb-orange-neGR2oVekap4hupW6iXbG1Wa.html,3,2026-09-03T07:37:32.530390+00:00,individual,"Western Mobile Fair
Shop No. 614/622/623/625 (Level #6) Tropical Alauddin Tower, Uttara
Dear Honourable Customer,
100% original device
Full factory unlocked
EMI available on credit cards from 31 banks. Thanks for being with us."
Apple iPhone 15 128 GB White,70000,Used,"Dhaka, Uttara",30/08,https://bikroy.com/uttara/mobile-phones/apple-iphone-15-128-gb-white-5j4owwmmkuz8yUHyCq3VkAuU.html,3,2026-09-03T07:37:33.091631+00:00,individual,"Box nai 
Ami 13 din age dubai theke aaschi... So documents hisebe amar uae reaidential id or bd passport dite parbo. Phoner condition top class...back shell ta halka cracked.."
Apple iPhone 15 Pro 128 GB Blue,76000,Used,"Dhaka, Mirpur",13 hours ago,https://bikroy.com/mirpur/mobile-phones/apple-iphone-15-pro-128-gb-blue-2Up1Ep3APCNic4vZZUhm2TvO.html,5,2026-09-03T07:37:33.735650+00:00,individual,"🇺🇸 USA Variant Directly Bought from USA
✅ 100% Authentic / Genuine Apple Device
💾 128GB Storage
🔋 85% Battery Health
📶 Dual eSIM Support
🔐 Face ID — Fully Working
🎨 True Tone — Fully Working
🛠️ No Repair History
💯 All Functions Working Perfectly
✨ No Dent • No Scratch
🛡️ Full Body Poly Applied
💧 Water Resistant
📦 Original Box Available"
Apple iPhone 16 128 GB Black,77999,Used,"Dhaka, Bashundhara City",2 hours ago,https://bikroy.com/bashundhara-city/mobile-phones/apple-iphone-16-128-gb-black-q9H1d1Apot1uCNsDaiJOYa73.html,5,2026-09-03T07:37:34.349432+00:00,individual,"✨ iPhone 16 — 128GB ✨
🇸🇬 Singapore Variant
🔋 Battery Health: 100%

🔰7 Days Replacement without display, parts & condition 
🔰 12 months Service Warranty

🏢 Visit Our Shop
Basement-2, Shop No: 94 
Basundhara City Shopping Complex 
Panthapath Dhaka 1215 
👉 Escalator দিয়ে নিচে নামার পর হাতের বাম পাশেই সহজে আমাদের শপটি খুঁজে পাবেন।"
Apple iPhone Air 256 GB Blue,100000,Used,"Dhaka, Uttara",1 hour ago,https://bikroy.com/uttara/mobile-phones/apple-iphone-air-256-gb-blue-cS55esJZbiGeQe3UlAhxyk4X.html,3,2026-09-03T07:37:35.024253+00:00,individual,"iPhone Air 256GB Sky Blue with Box. Dual eSIM. Battery Health 100%. Cycle count 20. 100% Original & Non-Refurbished Product. 7 Days Replacement & 1 Year Service Warranty. EMI Facility is also AVAILABLE. Contact Us: Exchange Hub, Shop No: 610, 611, 628 & 629, Level-6, Tropical Alauddin Tower, Sector 3, Road 2, Rajlaxmi, Uttara. Call for Details 017XXXXXXXX"
Apple iPhone 15 Pro Max 256 GB Blue,83000,Used,"Dhaka, Mohammadpur",17/08,https://bikroy.com/mohammadpur/mobile-phones/apple-iphone-15-pro-max-256-gb-blue-nAmJIglHOC4MhE5D1A9vjlKY.html,3,2026-09-03T07:37:35.724162+00:00,individual,"iPhone 15 Pro Max 256 GB at a very low price
Just the backshell changed because of an accident
Battery health - 90% fully authentic
Phone fully fresh not a single scratch on the device
Japan variant
Camera is very beautiful
Everything is authentic"
Apple iPhone 13 128 GB White,53000,Used,"Dhaka, Malibag",6 hours ago,https://bikroy.com/malibag/mobile-phones/apple-iphone-13-128-gb-white-zZiJBTvfL9rjuG3qeuK9U8M0.html,5,2026-09-03T07:37:36.391966+00:00,individual,"🔥 Apple iPhone 13 128GB – White | Full Fresh Condition 

✨ Physical Condition:
The phone is completely fresh. There are no scratches or dents of any kind. You can thoroughly check and test the phone to your satisfaction. The original box is not available, but necessary documents will be provided.

👉 If interested, please Inbox/Call."
Apple iPhone 16e 256 GB Black,60000,Used,"Dhaka, Dhanmondi",9 hours ago,https://bikroy.com/dhanmondi/mobile-phones/apple-iphone-16e-256-gb-black-BXRxecMORoC18DgiRfhHvAd3.html,4,2026-09-03T07:37:37.154869+00:00,individual,"Apple iPhone 16e
Storage : 256gb
Condition : full fresh with no scratch or dent.
Accessories like protector, back cover, screen protector, adapter, cable worth around 10000 will be provided for free. 
Purchase receipt available. 
Warranty Available
Battery Health : 96%
No box
Price : 60000"
Apple iPhone 14 128 GB Blue,53500,Used,"Dhaka, Dhanmondi",2 hours ago,https://bikroy.com/dhanmondi/mobile-phones/apple-iphone-14-128-gb-blue-w3OlY4Xr1JNSGD90kifdGFTa.html,5,2026-09-03T07:37:37.969731+00:00,individual,"iPhone 14 
128 GB
84% BH
Without box
Price :"
Apple iPhone 16 Pro 128 GB,95000,Used,"Dhaka, Mohammadpur",2 hours ago,https://bikroy.com/mohammadpur/mobile-phones/apple-iphone-16-pro-128-gb-2X4UJWabugdbAdhVL6jb2Djr.html,3,2026-09-03T07:37:38.425240+00:00,individual,"Name:Iphone 16 Pro
 Color:Natural Titanium Bh 88%
 Storage:128GB
Limited warranty 10 September 2026
  Used like new
 WithFull box
Price:-Call for best price 
Used Mobile: 3Days replacement & 6months service warrenty or New mobile: 7days replacement & 1year service warrenty included  
Contact number 018XXXXXXXX"
Apple iPhone 15 Pro 128 GB,85000,Used,"Dhaka, Basundhara",25/08,https://bikroy.com/basundhara/mobile-phones/apple-iphone-15-pro-128-gb-sKekSmeUXvHSvEJWzf700tzw.html,5,2026-09-03T07:37:38.997445+00:00,individual,"Battery Health: 85%
Storage: 128 GB
Color: Titanium Blue
Region: USA Variant
Face ID: Fully Functional
True Tone: Active
Waterproof: Factory Sealed
Repair History: None (Never opened)
Appearance: No dents, no scratches (10/10 Condition)"
Apple iPhone 17 256 GB White,84999,Used,"Dhaka, Dhanmondi",14 hours ago,https://bikroy.com/dhanmondi/mobile-phones/apple-iphone-17-256-gb-white-myOR9hhOwF6EW6kWPLmbdFF8.html,3,2026-09-03T07:37:39.584512+00:00,individual,"Indian varient!
BH:97%✅
Cash memo ache✅
Box/Cable nai
Location : Tangail/ Dhaka"
Apple iPhone 12 Pro Max 256 GB Blue,53000,Used,"Dhaka, Farmgate",4 hours ago,https://bikroy.com/farmgate/mobile-phones/apple-iphone-12-pro-max-256-gb-blue-aRsLH1NamiWlxD0frAU1gy2G.html,2,2026-09-03T07:37:40.327951+00:00,individual,"Singapore Variant
256GB
10-day replacement guarantee
2-year service warranty
Fast and secure courier service across the country
Attractive exchange offers
Emon Gadget Point
Basement-1, Shop-84
Bashundhara City Shopping Mall"
Apple iPhone 15 Pro 256 GB Blue,80000,Used,"Dhaka, Jamuna Future Park",2 hours ago,https://bikroy.com/jamuna-future-park/mobile-phones/apple-iphone-15-pro-256-gb-blue-cjDSIMBgl4fqGs17r94RqcP0.html,5,2026-09-03T07:37:40.950909+00:00,individual,"iPhone 15 Pro -Best condition 
• 256 GB Storage • 
• Color: Deep Blue
• USA(Dual eSIM)
• Battery Health: [86%]
• Absolutely fresh, no issues
• Face ID, Camera, True Tone all 100% OK 
• Box/Charger: None
• Price: 80000

We provide you:
7 days replacement guarantee
(without display & software update issue)
3 years free service warranty"
Apple iPhone 13 Pro 128 GB White,48000,Used,"Dhaka, Mirpur",23 hours ago,https://bikroy.com/mirpur/mobile-phones/apple-iphone-13-pro-128-gb-white-58HJCcaLwtojTNZDDzbHEebJ.html,5,2026-09-03T07:37:41.663975+00:00,individual,Akdom new condition a ache kno scratch kicchu nei phn ata kena hoyechilo 2025 a kenar 6months a choto akta dot pore display teh tokhn er por r kno problem hoy ni ￼takar emergencyr karone sell korchi Bettery health88% bh 92% kinechilam
Apple iPhone 11 128 GB White,25990,Used,"Dhaka, Badda",4 hours ago,https://bikroy.com/badda/mobile-phones/apple-iphone-11-128-gb-white-A3D7CJjDIFWnSlbklPAlGviP.html,3,2026-09-03T07:37:42.277841+00:00,individual,"Battery Health: 86%
Chipset: A13 Bionic
Display: 6.1"" Liquid Retina IPS LCD
Camera: Back-12+12\Front-12 MP
Battery: 3110 Mah
Device with Cash Memo. 
৭ দিনের রিপ্লেসমেন্ট ও ১ বছরের ফ্রী সার্ভিস পাবেন।আপনার পুরাতন মোবাইল আমাদের সাথে Exchange করতে পারেন।
সাপ্তাহিক বন্ধ:বুধবার।"
Apple iPhone 13 128 GB White,30000,Used,"Dhaka, Jatrabari",4 hours ago,https://bikroy.com/jatrabari/mobile-phones/apple-iphone-13-128-gb-white-z01N9KEzDcJsMrkg1Xe8XF9D.html,5,2026-09-03T07:37:42.997742+00:00,individual,"Iphone 13 Pro 📱

STORGE: 128✅
Bettery health : 85%✅
No is dent ✅
Face Id ok ✅
TureTun ok✅

All ok sob thik ache shudu Display change otherwise kono problem nai all orginal all working phone er sate box charger nai cash memo/ birth certificate  dia jabe ✅"
Apple iPhone 13 Pro 256 GB White,49000,Used,"Dhaka, Dhanmondi",2 hours ago,https://bikroy.com/dhanmondi/mobile-phones/apple-iphone-13-pro-256-gb-white-6fuuvRe47F9sevcfoA9rYzIW.html,5,2026-09-03T07:37:43.502818+00:00,individual,"iPhone 13 pro
Without box
256 GB
65% BH"
Apple iPhone 12 mini 128 GB,25000,Used,"Dhaka, Demra",1 day ago,https://bikroy.com/demra/mobile-phones/apple-iphone-12-mini-128-gb-hpDmx08PdC7LPCBNk3w5Q33x.html,5,2026-09-03T07:37:44.268214+00:00,individual,ফুল ফ্রেশ কনকন্ডিশন। ব্যাটারি চেঞ্জ। ব্যাটারি ৬ মাসের গ্যারান্টি।মোমোবাইল ১ বছর সার্ভিসিং গগ্যারান্টি।
Apple iPhone 12 64 GB Black,25000,Used,"Dhaka, Mirpur",19 hours ago,https://bikroy.com/mirpur/mobile-phones/apple-iphone-12-64-gb-black-hVS0DAiNnbVS97DGJCx8I7Ce.html,4,2026-09-03T07:37:44.718087+00:00,individual,"iPhone 12 64 GB
Full Box.
Battery: 65% (Original Battery)
No Repair History.
Sell Only, No Exchange.
Phone 016XXXXXXXX"
Apple iPhone 13 128 GB Green,39000,Used,"Dhaka, Savar",4 hours ago,https://bikroy.com/savar/mobile-phones/apple-iphone-13-128-gb-green-noo15NEuEP7Wv26UEjGU4yiZ.html,5,2026-09-03T07:37:45.395141+00:00,individual,"Mobile details:
Model: iPhone 13
USA Variant
Storage: 128GB
Battery Health: 81%
Warranty: Get a 7-day guarantee and a 2-year service warranty.
 Opportunity to view and check the phone before buying
 Clear information about the phone's condition
 Great phone at an affordable price
 N.S Computer & Phone Gadget
 E #40 (Level-5), Sena Shopping Complex, Nabinagar, Savar, Dhaka"
Apple iPhone 11 Pro 256 GB Black,25000,Used,"Dhaka, Farmgate",3 hours ago,https://bikroy.com/farmgate/mobile-phones/apple-iphone-11-pro-256-gb-black-b0cseAoYaQefALTIbfHyx2Ui.html,5,2026-09-03T07:37:46.076053+00:00,individual,"জাস্ট ডিসপ্লে চেন্জ মার্কেটের অরজিনাল টা লাগানো আর সব অথেনটিক ফেস আইডি নাই 
ব্যাটারি ৮৩%অথেন্টিক 
ক্যামেরা আগুন 🔥"
Apple iPhone 13 256 GB Pink,39999,Used,"Dhaka, Khilgaon",2 hours ago,https://bikroy.com/khilgaon/mobile-phones/apple-iphone-13-256-gb-pink-fDrhRXaEnEcoAemzAkhKGfZk.html,3,2026-09-03T07:37:46.536537+00:00,individual,"Assalamu Alaikum.
Greetings from ""Mobo Live Bd"".
Iphone 13 256GB
Pink
Full Factory unlock
100% original device
Dear Honourable Customer.
Now you can purchase with EMI of 21 Banks credit card. Thanks for being with us."
Apple iPhone 11 128 GB Yellow,25000,Used,"Dhaka, Mirpur",1 day ago,https://bikroy.com/mirpur/mobile-phones/apple-iphone-11-128-gb-yellow-czxtkyAeg2AjpKc8pcAmDjKu.html,3,2026-09-03T07:37:47.094908+00:00,individual,iphone 11 for any further information massege me and exchange available also price can be lower a bit
Apple iPhone 13 128 GB,45000,Used,"Dhaka, Dhanmondi",5 hours ago,https://bikroy.com/dhanmondi/mobile-phones/apple-iphone-13-128-gb-ynl2e1ETlRucL2wejkuqCjYt.html,5,2026-09-03T07:37:47.792175+00:00,individual,"Description
Welcome to ""Mobile Store""
Find us here:-
Mobile Store
Shop number -408(level 4)
Dhanmondi 32 Sukrabad bus stand
Phone number 017XXXXXXXX"
Apple iPhone 13 128 GB Black,45000,Used,"Dhaka, Baridhara",4 hours ago,https://bikroy.com/baridhara/mobile-phones/apple-iphone-13-128-gb-black-AQWVa4PUT6eL6tejTMRyfBWJ.html,5,2026-09-03T07:37:48.382352+00:00,individual,"iPhone 13 128GB, 92% battery health, full boxed, Singapore variant, like new condition, authentic."
Apple iPhone 12 128 GB,34999,Used,"Dhaka, Basundhara",1 hour ago,https://bikroy.com/basundhara/mobile-phones/apple-iphone-12-128-gb-6jIq9lnIlNpdmjfjqlCrYmUA.html,5,2026-09-03T07:37:49.009082+00:00,individual,"iPhone 12 128GB
Battery Health 87%
Full Boxed
Clean condition, smooth performance & premium feel — still a beast for daily use!
Visit Our Shop
Basement-2, Shop No: 94
Bashundhara City Shopping Complex
Panthapath, Dhaka 1215
You can easily find our shop on the left side after going down the escalator."
Apple iPhone 13 128 GB,39000,Used,"Dhaka, Elephant Road",2 hours ago,https://bikroy.com/elephant-road/mobile-phones/apple-iphone-13-128-gb-rsBusyMhfHXhKL9J6lmPaYoT.html,3,2026-09-03T07:37:49.612043+00:00,individual,"Welcome to Trade Together.
We offer wholesale pricing even if you buy just one piece. If you are a shopkeeper, you will get a special discount.
Warranty Policy: 7-day replacement facility (excluding touch-display and physical condition).
Additionally, a three-month servicing warranty (excluding parts).
Address: Motaleb Plaza, Shop: 600/V
Call 019XXXXXXXX"
Xiaomi Redmi Note 13 Pro+ 256 GB,26000,Used,"Chattogram, Hathazari",20/08,https://bikroy.com/hathazari/mobile-phones/xiaomi-redmi-note-13-pro-256-gb-pJCTei16p7w2brwBTlzT8GIR.html,5,2026-09-03T07:37:59.691766+00:00,individual,"The phone is in completely fresh condition.
Looks completely like new.
Works 100% properly.
RAM: 8GB
ROM: 256GB
Display: 1.5K AMOLED 120Hz
Camera: 200MP OIS
Battery: 5000mAh
Charging: 120W
Network: 5G
No scratches
No problems
Phone has never been opened/repaired
Asking price: 29,000 Taka
Price is negotiable. Do not offer unreasonably low prices."
Xiaomi Redmi Note 14 Pro+ 5G 512 GB Blue,32000,Used,"Chattogram, Anwara",26/08,https://bikroy.com/anwara/mobile-phones/xiaomi-redmi-note-14-pro-5g-512-gb-blue-zFIYz1SmCh8vRkC6D9Az0i3K.html,5,2026-09-03T07:38:00.106771+00:00,individual,"Redmi Note 14 Pro+ 5G
RAM: 12GB
Storage: 512GB
Battery: 5110 mAh
Battery Health: 99%
Battery Cycle Count: 238
Phone first opened: August 2025
Phone is in full fresh condition
Comes with Cash Memo & Charger"
New Xiaomi Redmi 17 128 GB Green,24999,Brand New,"Chattogram, Agrabad",2 hours ago,https://bikroy.com/agrabad/mobile-phones/new-xiaomi-redmi-17-128-gb-green-oWRkTTLmGY0tYJ4QOUTKm8wD.html,3,2026-09-03T07:38:09.820306+00:00,individual,"Stay with us by liking & following our page to get updates on any product prices. Our page link –
** Call or message us on WhatsApp at the number provided on Bikroy to buy a phone on instalment.
_____________________________________
Address:
Shop-537, Level-5
Akhtaruzzaman Center,
Agrabad, Chittagong."
Xiaomi Redmi Note 14 4G 128 GB Red,18000,Used,"Chattogram, Pahartali",27/08,https://bikroy.com/pahartali/mobile-phones/xiaomi-redmi-note-14-4g-128-gb-red-XAB39igt9u3KAYwRChGrQuQ.html,5,2026-09-03T07:38:10.442541+00:00,individual,"মাস ৩ মাস ব্যবহার করেছি। আমি Iphone কিনেছি তাই এই ফোনটি বিক্রি করে দিতে চাই।একদম ফ্রেশ কন্ডিশন আমি নিজে ব্যবহার করেছি কোন প্রকার গেম খেলা হয়নি, ফোনটি একদম স্মুথভাবে চলে। ব্যাটারি কন্ডিশন খুবই ভালো একবার চার্জ দিলে সারাদিন চলে যাবে। ফোনের সাথে অরিজিনাল চার্জার এবং বক্স আছে।"
Xiaomi Redmi Note 13 256 GB Blue,18500,Used,"Chattogram, Muradpur",2 hours ago,https://bikroy.com/muradpur/mobile-phones/xiaomi-redmi-note-13-256-gb-blue-fDYIVgLiZJqmhI1LIzRvJ0LT.html,3,2026-09-03T07:38:11.251696+00:00,individual,"Redmi note 13 5G 
8/256 
Full box 
🛡️ সুবিধা:
✔️ ১৫ দিনের রিপ্লেসমেন্ট গ্যারান্টি

📍 Device – Trusted Mobile Shop
📌 Shop No: 319, 3rd Floor (Lift 2 🛗)
🗺️ CPDL RB Midtown Market, মুরাদপুর, চট্টগ্রাম (মক্কা হোটেলের পাশে)"
OnePlus 7T Pro McLaren Edition 256 GB Black,21999,Used,"Chattogram, Agrabad",31/07,https://bikroy.com/agrabad/mobile-phones/oneplus-7t-pro-mclaren-edition-256-gb-black-ajcuzTBgKIP7rHlVgqSukj6p.html,3,2026-09-03T07:38:15.260460+00:00,individual,"RAM/ROM - 12/256 
For sale"
OnePlus 11R 256 GB Black,28000,Used,"Rajshahi, Kadirgonj",17/08,https://bikroy.com/kadirgonj/mobile-phones/oneplus-11r-256-gb-black-r2wBt0SS3gohwdGsj89HdcEx.html,5,2026-09-03T07:38:16.277208+00:00,individual,OnePlus 11R 5G 16GB RAM 256GB Storage
Apple iPhone 13 Pro Max 128 GB Black,62000,Used,"Dhaka, Panthapath",06/08,https://bikroy.com/panthapath/mobile-phones/apple-iphone-13-pro-max-128-gb-black-noesEm86GAxx7yJLLxnj8X3b.html,5,2026-09-03T07:38:18.347529+00:00,individual,"The phone is in absolute brand new condition with no dents or scratches, in one word super fresh, I hope you'll love it at first sight,
With box
Nothing changed
Authentic battery health 96%
Display 100% original
Contact -
Display 100% original"
Apple iPhone 15 128 GB White,55000,Used,"Dhaka, Uttara",17/08,https://bikroy.com/uttara/mobile-phones/apple-iphone-15-128-gb-white-hiQP7MKeFe5g5uycAuH03k9d.html,3,2026-09-03T07:38:19.142914+00:00,individual,"iPhone 15 / 128 GB storage
Nothing has been changed, all original -
Battery 84% (real)
Original display (full fresh)
No scratches, completely fresh
Must come to the location to buy - (Uttarkhan Mazar)"
Xiaomi Redmi 15C 128 GB Black,18500,Used,"Chattogram, Raozan",21/08,https://bikroy.com/raozan/mobile-phones/xiaomi-redmi-15c-128-gb-black-sJ0iVmn922VgXIptwjPG4xw5.html,5,2026-09-03T07:38:21.094617+00:00,individual,"Redmi 15c 
Display: 6.9 inches (120Hz refresh rate)
Battery: 6000mAh Mega Battery
Charger: 33W Fast Charging
Rear Camera: 50-megapixel AI
Selfie Camera: 8-megapixel selfie
Processor: MediaTek Helio G81 Ultra
System: Xiaomi HyperOS
Protection: Side fingerprint sensor and IP64 rating to protect against dust and light splashes."
Xiaomi Redmi Note 14 Pro 5G 256 GB Silver,27000,Used,"Chattogram, Lohagara",18/08,https://bikroy.com/lohagara/mobile-phones/xiaomi-redmi-note-14-pro-5g-256-gb-silver-ARB5jOJDRUDSjT2ZSACfM0uT.html,3,2026-09-03T07:38:21.831912+00:00,individual,"The price can be slightly reduced through negotiation. There are no scratches or spots of any kind on the phone. It is like new, Chinese variant. Brought from abroad, comes with a 45W charger in the box. Only genuine buyers should call 013XXXXXXXX"
New Xiaomi Redmi Note 15 256 GB Black,31999,Brand New,"Chattogram, Agrabad",2 hours ago,https://bikroy.com/agrabad/mobile-phones/new-xiaomi-redmi-note-15-256-gb-black-iPfrilYxXybj4blXlz7L91LA.html,2,2026-09-03T07:38:22.416563+00:00,individual,"Stay with us by liking & following our page to know the price of any updated product. Our page link - 
**Call or message us on WhatsApp or on Bikroy to buy a phone on instalment. 
 _______________
Address :
Shop- 537, Level -5 
(4th floor of capsule lift, 
Go straight after exiting the lift (JOJOBD).
Akhtaruzzaman Center, 
Agrabad, Chittagong."
Xiaomi 13 Pro 256 GB Black,19999,Used,"Rajshahi, Vodra",14/08,https://bikroy.com/vodra/mobile-phones/xiaomi-13-pro-256-gb-black-frNSb4w7cgwJp1DtWJT9WHNA.html,5,2026-09-03T07:38:23.559800+00:00,individual,"Completely full fresh mobile, model redmi note 13 pro 4g, absolutely amazingly fresh mobile, nothing much to say about it, only gamers will understand what kind of mobile this is, buttery smooth touch response, 120Hz display, 200 megapixel camera, price 19999, bargaining is allowed if you want"
OnePlus 10T 128 GB Black,32000,Used,"Dhaka, Dhaka Uddan",26/08,https://bikroy.com/dhaka-uddan/mobile-phones/oneplus-10t-128-gb-black-6i1YRHlv4b5jTAq5U7zRFTZz.html,3,2026-09-03T07:38:24.788483+00:00,individual,"OnePlus 10T used 1year.
Come from USA."
OnePlus 12R 256 GB Blue,31500,Used,"Dhaka, Wari",29/08,https://bikroy.com/wari/mobile-phones/oneplus-12r-256-gb-blue-mISZx0k31hZ8ztHsZi2EoZke.html,5,2026-09-03T07:38:25.375996+00:00,individual,I bought this phone an year ago from jamuna future park. I only have the cash memo of the phone and no box it dosent have any scratch it is perfect selling cause i will buy an iphone 15 pro
OnePlus Nord CE4 256 GB Green,22000,Used,"Dhaka, Keraniganj",17/08,https://bikroy.com/keraniganj/mobile-phones/oneplus-nord-ce4-256-gb-green-6wQOSIE0X7ub0WDUFd6lGeKt.html,3,2026-09-03T07:38:26.005481+00:00,individual,"Fully fresh. (No issues) Delivery location _ Notun Sonakanda Oil Pump, Rohitpur, Keraniganj, Dhaka 019XXXXXXXX"
Xiaomi 12 Pro 256 GB Black,24500,Used,"Rajshahi, Uposahar",14/08,https://bikroy.com/uposahar/mobile-phones/xiaomi-12-pro-256-gb-black-9WDs9KVaSOTUEVK8Fi7YE5bf.html,4,2026-09-03T07:38:26.628287+00:00,individual,"I did not write the detailed specifications as you can find them by searching online. It performs smoothly for everything from daily use to heavy tasks. The camera and video quality are extraordinary. This is a flagship device from Xiaomi. However, there is one issue: a green line has appeared on the screen. It will cost approximately 6,000 BDT to fix. The charging speed is very fast—it fully charges in just 30 minutes. Show more"
Xiaomi Redmi Note 13 256 GB Black,17000,Used,"Rajshahi, Kadirgonj",5 hours ago,https://bikroy.com/kadirgonj/mobile-phones/xiaomi-redmi-note-13-256-gb-black-6qDJ9xPEfJza9Ok3d6Aormz2.html,5,2026-09-03T07:38:27.205674+00:00,individual,"Assalamu Alaikum Warahmatullahi Wabarakatuh
Fresh condition
Box: Only Device
Cash Memo: Available
Replacement Guarantee: Up to 7 days (subject to conditions)
Location: Rajshahi Kadirganj Chalpotti, beside Large Farmer, behind Shopnochura Plaza, Nagar Bhaban.
Shop No: 123 - Ground Floor beside lift
Shop Name: Rajshahi Mobile Bari 019XXXXXXXX"
Nothing Phone 2a Plus 256 GB Gray,30000,Used,"Dhaka, Lalbag",2 days ago,https://bikroy.com/lalbag/mobile-phones/nothing-phone-2a-plus-256-gb-gray-7r7yZsRv97ZTBLJxlN3rbabn.html,5,2026-09-03T07:38:28.477548+00:00,individual,"Nothing Phone 2a Plus 
8/256. Full fresh phone... Box not available only phone... security NID can be given. Location : Lalbag."
Nothing Phone 3a Pro 256 GB Black,37000,Used,"Dhaka, Savar",2 days ago,https://bikroy.com/savar/mobile-phones/nothing-phone-3a-pro-256-gb-black-kod7k6GkXQHGOneus3f2wNnJ.html,5,2026-09-03T07:38:29.300259+00:00,individual,"Phone is completely authentic
No repair history
Price almost fixed"
Nothing Phone 3a Pro 256 GB Black,39500,Used,"Dhaka, Dhanmondi",4 hours ago,https://bikroy.com/dhanmondi/mobile-phones/nothing-phone-3a-pro-256-gb-black-lgQ78UD6suIyx7JB6oxiNU8a.html,3,2026-09-03T07:38:29.847018+00:00,individual,"Welcome to ""Al Aqsa Mobile""
Reach us___________________
*Al Aqsa Mobile*
Shop No-449, Lift-3, Orchard Point, Dhanmondi 7, Dhaka-1209
Model: Nothing 3a Pro
RAM: 8
ROM: 256
Price Fixed CN"
Google Pixel 7 Pro 128 GB Black,34500,Used,"Rajshahi, Shaheb Bazar",14/07,https://bikroy.com/shaheb-bazar/mobile-phones/google-pixel-7-pro-128-gb-black-r7T4dlOZLvqxcwtr8EwCQj2c.html,5,2026-09-03T07:38:31.066253+00:00,individual,"Box, cash memo, OTG, everything is available.
Full authentic, nothing has been changed."
Apple iPhone 12 Pro 256 GB Black,40000,Used,Rajshahi,06/06,https://bikroy.com/rajshahi/mobile-phones/apple-iphone-12-pro-256-gb-black-BRRJ8qHAqnozhKqwiBcscJpj.html,5,2026-09-03T07:38:31.319862+00:00,individual,"Phone 12 Pro (256GB). USA variant. Battery 78% original. Display original. Physical Sim 1, Esim 1. Face ID and True Tone are working. Price: 40,000 BDT. Call only if you are a real buyer; please don't message or call unnecessarily. The phone is fully authentic and nothing has been changed."
Vivo V30e 128 GB Black,26000,Used,"Rajshahi, Kazla",26/06,https://bikroy.com/kazla/mobile-phones/vivo-v30e-128-gb-black-mHxyMeJ5IHyP94Imxd6n1M1M.html,3,2026-09-03T07:38:31.801164+00:00,individual,"Sell Post
Vivo v30e
RAM: 8/128
Processor: Snapdragon 6gen1
Display: Curved 120hz refresh rate
★Only the back cover is provided with the phone, nothing else.
NID card will be provided.
Location: Binodpur/Rajshahi University"
Nothing Phone 3a 128 GB Black,30000,Used,"Dhaka, Kamrangirchar",29/08,https://bikroy.com/kamrangirchar/mobile-phones/nothing-phone-3a-128-gb-black-wSgKIUL4rHNem2mFmvbBLPVH.html,5,2026-09-03T07:38:32.549764+00:00,individual,Only the top is slightly broken. It fell from a child's hand. No other problems. Box is included.
Nothing Phone 3a 128 GB White,26990,Used,"Dhaka, Uttara",1 hour ago,https://bikroy.com/uttara/mobile-phones/nothing-phone-3a-128-gb-white-CyYWS9TN5RYCz4cEb4dAgTyS.html,3,2026-09-03T07:38:32.989068+00:00,individual,"Western Mobile Fair
Shop No. 614/622/623/625 (Level #6) Tropical Alauddin Tower, Uttara
Dear Honourable Customer,
100% original device
Full factory unlocked
EMI available on credit cards from 31 banks. Thanks for being with us."
Nothing Phone 4a 256 GB Blue,40990,Used,"Dhaka, Rampura",1 hour ago,https://bikroy.com/rampura/mobile-phones/nothing-phone-4a-256-gb-blue-8bQe5s49akNvSfWPOzrjyoE1.html,3,2026-09-03T07:38:33.477009+00:00,individual,"Nothing 4a 5G 8+256GB As Like New condition 
No internal or external problem 
Only device and cash memo 
More information call 
Address: Molla Tower Shopping complex, Rampura, Dhaka. 
Opposite BTV centar 
3rd floor, shop no-406."
OnePlus 11R 256 GB Silver,29500,Used,"Rajshahi, Rajpara",15/08,https://bikroy.com/rajpara/mobile-phones/oneplus-11r-256-gb-silver-17wYUtfN6PyhG20RCL751txl.html,3,2026-09-03T07:38:33.977519+00:00,individual,"The phone has been used personally. It works perfectly, there are no issues at all. The display, touch, camera, speaker, fingerprint, and all functions are 100% working. Contact me:"
OnePlus Nord 256 GB Gray,28000,Used,"Chattogram, Baizid",14/07,https://bikroy.com/baizid/mobile-phones/oneplus-nord-256-gb-gray-k87GZWGrrGlakwbdelexjzSE.html,3,2026-09-03T07:38:34.387012+00:00,individual,"OnePlus Nord 2T 5G (12/256GB). 12GB RAM / 256GB ROM. Used for 1.5 years. No issues at all. Display, camera, fingerprint, and battery are all in perfect condition. Personally used phone. Location: Chittagong 019XXXXXXXX"
OnePlus 11R 128 GB Blue,22000,Used,"Chattogram, Chawkbazar",08/07,https://bikroy.com/chawkbazar/mobile-phones/oneplus-11r-128-gb-blue-l1yfMy2aLA6C8KzDCRe1hvoe.html,5,2026-09-03T07:38:35.005774+00:00,individual,"This OnePlus 11R has been used nicely. The processor is the 8 Gen 1, a full gaming processor. I need money urgently, which is why I am selling it.
Must knock on WhatsApp 019XXXXXXXX"
OnePlus 13s 256 GB Green,58000,Used,"Dhaka, Dhanmondi",1 hour ago,https://bikroy.com/dhanmondi/mobile-phones/oneplus-13s-256-gb-green-fXBFMIuV0Ho6XUuWnUKhjMz9.html,5,2026-09-03T07:38:35.574811+00:00,individual,"Used conditions 
Phone all ok"
OnePlus Ace 256 GB,49500,Used,"Dhaka, Jatrabari",1 hour ago,https://bikroy.com/jatrabari/mobile-phones/oneplus-ace-256-gb-mxUPjYKvLcgpem6iFgNqglGr.html,5,2026-09-03T07:38:36.136978+00:00,individual,"Oneplus ACE 6T (12-256) full fresh condition
73 charging cycle 
Box memo available
Location: Dhaka jurain bikrampur Plaza.Level-3.Shop-42
Call.WhatsApp 019XXXXXXXX"
OnePlus 13R 256 GB Silver,43000,Used,"Dhaka, Uttara",1 hour ago,https://bikroy.com/uttara/mobile-phones/oneplus-13r-256-gb-silver-oHRzixJYdR1k1EQL43UrDAnc.html,3,2026-09-03T07:38:36.962603+00:00,individual,"Oneplus 13r 12/256GB
Physical Dual Sim
100% Original & Non Refurbished Product
7 Days Replacement & 1 Year Service Warranty
EMI Facility is also AVAILABLE
Contact Us
Exchange Hub
Shop No: 610, 611, 628 & 629 Level-6, Tropical Alauddin Tower
Sector 3, Road 2, Rajlaxmi, Uttara.
Call for Details 017XXXXXXXX"
OnePlus Nord 3 256 GB Blue,28500,Used,"Dhaka, Jamuna Future Park",1 hour ago,https://bikroy.com/jamuna-future-park/mobile-phones/oneplus-nord-3-256-gb-blue-pvRfOZcHJirPJVrKkNUsA9eq.html,5,2026-09-03T07:38:37.464973+00:00,individual,"Oneplus nord 3 5G
ram-16
Rom-256
Camera king🔥 budget friendly✅￼
price-28500৳
Call 013XXXXXXXX"
OnePlus 8 Pro 128 GB Blue,19500,Used,"Dhaka, New Market, Dhaka",27/08,https://bikroy.com/new-market-dhaka/mobile-phones/oneplus-8-pro-128-gb-blue-moKGNyEnF9TE60QEg4uULF6X.html,5,2026-09-03T07:38:38.183712+00:00,individual,"Oneplus 8 Pro 8/128 gb 
All ok [ Only back shell fata ]
ফোন পাবেন ফোনের সাথে  box original charger clash memo আছে সাথে
ফোনের ডিসপ্লে original  back shell ছাড়া অন্য কোন সমস্যা নেই 
লোকেশন : ঢাকা নিউ মার্কেট আজিমপুর 2nd কামরাঙ্গীরচর location Aste ahe most...!"
OnePlus Nord CE4 256 GB Green,23990,Used,"Dhaka, Jatrabari",5 hours ago,https://bikroy.com/jatrabari/mobile-phones/oneplus-nord-ce4-256-gb-green-2UXAFZjZ4qQGTukacyS8fomb.html,4,2026-09-03T07:38:38.902375+00:00,individual,"Condition: Fully Fresh
RAM: 8GB, ROM: 256GB
Camera Supper Quality
Cash memo + Shop Warranty
Address: Dhaka Jatrabari, Shahid Faruk Road, Taj-Tanvir Super Market, 2nd Floor, Shop Number: 10 (MobileHub)
*Don't get cheated by buying cheap products to save some money; buy the right product at the right price.
Please do not call for bargain negotiation."
Xiaomi Redmi Turbo 4 256 GB White,27000,Used,"Rajshahi, Boalia",30/07,https://bikroy.com/boalia/mobile-phones/xiaomi-redmi-turbo-4-256-gb-white-wRfaVFKWMUv8rDI2xs56H6N1.html,3,2026-09-03T07:38:39.237559+00:00,individual,Turbo 4 has box and charger
Xiaomi Redmi Note 14 Pro 256 GB Black,31000,Used,"Rajshahi, Nawdapara",30/05,https://bikroy.com/nawdapara/mobile-phones/xiaomi-redmi-note-14-pro-256-gb-black-cjIwBm6EiitwWAPmSvKuYdag.html,2,2026-09-03T07:38:40.047684+00:00,individual,"Assalamualaikum, I want to sell my phone. The condition is all okay. If you want to buy my phone, please contact me."
Xiaomi Redmi Note 15 256 GB Purple,27000,Used,"Rajshahi, Kazla",13/07,https://bikroy.com/kazla/mobile-phones/xiaomi-redmi-note-15-256-gb-purple-2B2TjnxQ8cXOyZFvfY8kev3s.html,3,2026-09-03T07:38:40.709677+00:00,individual,"Brand new phone, used for 4 months... An amazing phone, the battery life is Alhamdulillah very good... You get a premium feel the moment you hold it, thanks to the curved display... It runs very smoothly... No issues at all, no scratches... The only reason for selling is that I want to switch to another model... However, I won't sell it if I don't get a good price. The market price is currently 33 thousand and it will increase further. Show more"
Xiaomi Poco F6 512 GB White,25000,Used,"Rajshahi, Mohanpur",16/08,https://bikroy.com/mohanpur/mobile-phones/xiaomi-poco-f6-512-gb-white-aR7mJDQauvsNDMrFiQwlkWXF.html,3,2026-09-03T07:38:41.483845+00:00,individual,"Gaming phone ( Snapdragon 8s gen 3 )
A small computer setup 
Just like you see in the pictures, the mobile is like new"
Xiaomi Redmi Note 14 4G 256 GB Black,20000,Used,"Rajshahi, Shaheb Bazar",28/08,https://bikroy.com/shaheb-bazar/mobile-phones/xiaomi-redmi-note-14-4g-256-gb-black-jS8YFsGmbtMQXbsK3cYKfC4X.html,5,2026-09-03T07:38:42.073486+00:00,individual,মোবাইলে কোন সমস্যা নাই একদম ফ্রেশ। দেখে নিবেন আমি এমনিতে বিক্রি করতে চাই। বক্স চার্জার বক্স সব আছে একদম অফিসিয়াল মোবাইল ফোন
Nothing Phone 1 256 GB White,25000,Used,"Rajshahi, Motihar",03/05,https://bikroy.com/motihar/mobile-phones/nothing-phone-1-256-gb-white-uKGI5jFyaWLFhlpXPK8uIc79.html,3,2026-09-03T07:38:42.911599+00:00,individual,"The phone is in fresh condition, just like new, with no problems. I don't have the box as the memo was lost, but I have the charger. I will provide whatever you need for security. If you want to buy it, please message or call me. If you are not interested, please do not message and cause confusion."
iQOO 256 GB Rose Gold,32000,Used,"Rajshahi, Vodra",21/08,https://bikroy.com/vodra/mobile-phones/iqoo-256-gb-rose-gold-dCaGHqAQVr1WlDUbfaXOkdJK.html,4,2026-09-03T07:38:43.521367+00:00,individual,Iqoo neo 10 8-256 has 3 month warranty. Indian border cross phone. The phone has no kind of problem. Nothing is changed.
Apple iPhone 13 128 GB Blue,40000,Used,Rajshahi,04/08,https://bikroy.com/rajshahi/mobile-phones/apple-iphone-13-128-gb-blue-38KaikAAWbDBGUKSTuahA2zs.html,5,2026-09-03T07:38:44.125360+00:00,individual,"Nothing has been changed, everything is original, no scratches."
Nothing Phone 1 128 GB Black,25000,Used,"Rajshahi, Motihar",25/08,https://bikroy.com/motihar/mobile-phones/nothing-phone-1-128-gb-black-cTZ0mAvrIki5s14RX77K8h5F.html,5,2026-09-03T07:38:44.741040+00:00,individual,"The phone is very beautiful to look at and a lot of fun to use. The phone is completely made of glass, and when you get a call, the lights on the back light up, making it look very nice, almost like new."
Nothing Phone 1 128 GB Black,22000,Used,"Rajshahi, Boalia",19/07,https://bikroy.com/boalia/mobile-phones/nothing-phone-1-128-gb-black-x48lq8d6pPsxusgm0p5cSE5T.html,3,2026-09-03T07:38:45.344615+00:00,individual,"Nothing Phone 1 mobile. Everything is okay, no problems, you can check it yourself. The phone gives very good and beautiful backup. It is a water-resistant phone. If you want to see it, come to the location. Only the phone will be given."
Apple iPhone 11 64 GB White,21500,Used,"Rajshahi, Bagmara",09/08,https://bikroy.com/bagmara/mobile-phones/apple-iphone-11-64-gb-white-dO1528mdIrxkkOyisFaNKXti.html,5,2026-09-03T07:38:45.866341+00:00,individual,"Super fresh condition
No problems in the phone at all
Only battery and display changed... Very good quality battery installed, gives 7 to 8 hours backup,,
Nothing to say about the camera... Both cameras are masha-allah ""absolute fire""
You will get NID card as security.
Inbox if you want to know anything else"
iQOO Z9 256 GB Black,28999,Used,"Rajshahi, Shaheb Bazar",29/08,https://bikroy.com/shaheb-bazar/mobile-phones/iqoo-z9-256-gb-black-wANBzqw6sWrsvAyg4yfuyPtJ.html,3,2026-09-03T07:38:46.168120+00:00,individual,"📱 Iqoo z9 turbo 
💾 12/256 Variant
🎨 Beautiful Black colour
🎮 Gaming device 🔥
✅ Full genuine nothing change or service history 
🔋 Battery Health : 95%
6000 mhz big battery 🔋 Health 95%🔥
📍 Location: Vodra, Rajshahi
 Full box 
📩 Serious buyer inbox please or call
💸 Price slightly negotiable 🔥
🔄 Exchange Possible"
New Nothing Phone 3a Pro 256 GB Black,39000,Brand New,"Rajshahi, Kadirgonj",20/08,https://bikroy.com/kadirgonj/mobile-phones/new-nothing-phone-3a-pro-256-gb-black-64QA5WwklUlaWST2fRb6V1no.html,3,2026-09-03T07:38:46.576197+00:00,individual,"Nothing 3A pro... 12/256
All authentic waterproof
Showroom conditions"
Nothing Phone 2a 256 GB Black,24500,Used,"Rajshahi, Shah Makhdum",26/08,https://bikroy.com/shah-makhdum/mobile-phones/nothing-phone-2a-256-gb-black-rgfe2x3MUZKDUrHdTmUsag1D.html,5,2026-09-03T07:38:47.128521+00:00,individual,"ইউজের কারনে বডিতে ছোটখাটো দাগ আছে, কিন্তু ভিতরে সব ওকে,পলি করা আছে,  পারফরম্যান্স ও ব্যাটারি ব্যাকআপ অনেক ভালো।  ইন্ডিয়ান ফোন তাই সাথে কোন বক্স নেই। ক্যামেরা টাও জোস"
Nothing Phone 2a 8/256 (Used),25000,Used,Rajshahi,30/04,https://bikroy.com/rajshahi/mobile-phones/nothing-phone-2a-8-256-used-8Qx9oov6snBaiX0MTWZAKAkL.html,5,2026-09-03T07:38:47.797389+00:00,individual,"It is 95% fresh with a minor dent on the body. Only the phone and NID copy will be provided. Serious buyers only, please message."
Google Pixel 8 128 GB Gray,21700,Used,"Rajshahi, Uposahar",28/08,https://bikroy.com/uposahar/mobile-phones/google-pixel-8-128-gb-gray-tYRaSLBmfDbz7RlEtNT1Hcdu.html,5,2026-09-03T07:38:48.314857+00:00,individual,"Pixel 8 8/128 Display changed and not properly working display.
display change korle all okay tachara bindu matro problem nai.
Camera Battery Excellent no overwhelming issues.
Only need to change the display.
Exchange possible with nothing and samsung.
only phone & security NID."
Apple iPhone 12 Pro Max 256 GB Blue,32000,Used,Rajshahi,18/08,https://bikroy.com/rajshahi/mobile-phones/apple-iphone-12-pro-max-256-gb-blue-sncusjFJgITDJgNB1v0Ns0Ib.html,3,2026-09-03T07:38:48.932548+00:00,individual,"iPhone 12 Pro Max is fresh. 
Bypass device 
Everything is original, nothing has been changed."
Nothing Phone 3a 256 GB Black,30500,Used,"Rajshahi, Shah Makhdum",15/08,https://bikroy.com/shah-makhdum/mobile-phones/nothing-phone-3a-256-gb-black-3A7BBH5MD457gPA40bKJhLri.html,5,2026-09-03T07:38:49.549570+00:00,individual,"Full Fresh Condition just like new, used for a very few days, matte poly applied, selling because I will buy another phone. Price almost fixed ()"
Nothing Phone 2a Plus 256 GB Black,22500,Used,"Rajshahi, Bagha",30/08,https://bikroy.com/bagha/mobile-phones/nothing-phone-2a-plus-256-gb-black-dFnKV6cCjzP9Nq1fgqJFwW4Q.html,5,2026-09-03T07:38:50.064988+00:00,individual,"Nothing Phone 2a Plus 8/256/5G, dual speakers for loud sound. A 45W charger will be provided with the mobile. As security, it will be written down on an ID card. There are no problems with the mobile."
Apple iPhone 14 Pro Max 256 GB Purple,76000,Used,"Dhaka, Mirpur",29/08,https://bikroy.com/mirpur/mobile-phones/apple-iphone-14-pro-max-256-gb-purple-wnHVgBNSJcjx5cEhQot95nVE.html,5,2026-09-03T07:38:50.777583+00:00,individual,"Personal use phone, selling because of upgrading. There are no issues with the phone. If interested, you can come, examine it thoroughly, check it, and then take it.
Dubai variant
_Details_
BH 75% (Original)
No scratch or dent
With Box & Receipt
Cable
Everything Original (nothing has ever been changed)
TrueTone FaceID 100% Work Ofc
Dubai variant (1 eSIM, 1 physical SIM)"
Apple iPhone 13 Pro Max 512 GB Gray,65000,Used,"Kishoreganj, Bhairab",12/08,https://bikroy.com/bhairab/mobile-phones/apple-iphone-13-pro-max-512-gb-gray-xAV8I8f2yiUSQsmOGGmKzjse.html,5,2026-09-03T07:38:51.482793+00:00,individual,"Alhamdulillah, the phone is totally a new phone. Brought from Japan a year ago out of hobby, but wasn't used much. That is why when the battery health was at 85, it is still at 85.
The phone is totally new in one word, not a single scratch or dent.
*Original fittings, nothing has been opened or repaired.
*Everything that is supposed to be in an original phone including Face ID and True Tone is present.
Location: Bhairab Show more"
Apple iPhone 12 Pro Max 128 GB White,65000,Used,"Jashore, Jashore Sadar",20 hours ago,https://bikroy.com/jessore-sadar/mobile-phones/apple-iphone-12-pro-max-128-gb-white-B0tWLB1hXk7foXcjNQ77AU5N.html,5,2026-09-03T07:38:52.005181+00:00,individual,"This is my personal phone sent from America. The battery has been replaced. There is no box as it got ruined. There are no police issues whatsoever. The price can be reduced a little bit, but nothing unreasonable. You can call me to know the rest. 
Special Note: Please no media personnel call me."
Apple iPhone 14 Pro 128 GB Purple,65000,Used,"Dhaka, New Market, Dhaka",18/06,https://bikroy.com/new-market-dhaka/mobile-phones/apple-iphone-14-pro-128-gb-purple-9VYEcRrsliw6oT4TQMyBXAeL.html,5,2026-09-03T07:38:52.641125+00:00,individual,"iPhone 14 Pro with cash memo. Bought it for fun for, now selling it to upgrade again. 128GB USA variant, battery health 86%. Nothing has been changed. 100% authentic. Anker charger is available, if you take that you have to pay an extra 500tk. Price negotiable, inbox if interested."
New Apple iPhone 17 Pro Max 256 GB Silver,149999,Brand New,"Dhaka, Tejgaon",31/08,https://bikroy.com/tejgaon/mobile-phones/new-apple-iphone-17-pro-max-256-gb-silver-dy5uCDfSuwBQ1fycjIlthQlt.html,5,2026-09-03T07:38:53.140782+00:00,individual,"The phone has been used for a very short time and with great care. Battery health is 100%, charged 44 times. Includes one physical SIM and one eSIM, along with the full box and cash memo. The phone is like new, nothing to inspect. Do not bargain. iPhone 17 Pro Max 256 GB"
Apple iPhone 15 128 GB Blue,68000,Used,"Khulna, Khulna Sadar",24/08,https://bikroy.com/khulna-sadar/mobile-phones/apple-iphone-15-128-gb-blue-1eLKo6lIgyuuUA7WQ2QmoIn9.html,5,2026-09-03T07:38:53.760804+00:00,individual,"iPhone 15
Original Battery = 87%
Box available
Cycle = 315 times charged.
The phone is brand new with no scratches, I am the first owner myself. Anyone who wants can take the phone and nothing in the phone has been replaced, everything is genuine.
WhatsApp me at 014XXXXXXXX"
Apple iPhone 14 Pro 128 GB White,65000,Used,"Shariatpur, Naria",18/08,https://bikroy.com/naria/mobile-phones/apple-iphone-14-pro-128-gb-white-dN4xvnGCb0PLhisggwZkOdhe.html,4,2026-09-03T07:38:54.410628+00:00,individual,"There are no problems with the phone, it comes with a cash memo and nothing else. There is no box, charger, or cable. There are no issues with the mobile, please check and test it before taking. Battery health is 82%."
Apple iPhone 15 Pro 128 GB Silver,78500,Used,"Dhaka, Lalbag",27/07,https://bikroy.com/lalbag/mobile-phones/apple-iphone-15-pro-128-gb-silver-7SOE5eYcXm6y4Wklg74z74bN.html,5,2026-09-03T07:38:54.784282+00:00,individual,"iPhone 15 pro Box And waterproof 128gb 
Waterproof 
No Dent No scratch 
All original 
Storage: 128gb 
Battery health: 85%
Cycle count: 513
Singapore variant 
100% fresh condition 
Nothing repaired
Location: Azimpur Lalbagh Dhaka 1205
Contact 013XXXXXXXX"
Apple iPhone 15 Pro 128 GB,80000,Used,"Dhaka, Savar",21/08,https://bikroy.com/savar/mobile-phones/apple-iphone-15-pro-128-gb-93SMOFpYXk2n0fMpoqUs9ff8.html,3,2026-09-03T07:38:55.503979+00:00,individual,"The phone was brought from the UK.
 1st user
 Original Apple store cash memo and NID can be provided as documents.
 Box not available
 BH: 80%
 European variant
 1 e-SIM / 1 physical
 Everything is original on the phone, nothing has been changed or opened, it is 100% waterproof."
Apple iPhone 14 Pro Max Dual SIM (Used),74500,Used,"Chattogram, Chandgaon",29/04,https://bikroy.com/chandgaon/mobile-phones/apple-iphone-14-pro-max-dual-sim-used-hpJFXYCEfyNKudv2jICvFbH6.html,4,2026-09-03T07:38:56.010284+00:00,individual,"iPhone 14 Pro Max
Full box without cable
100% Waterproof, please check it yourself
100% Authentic
Deep Purple color
(Z/A) Hong Kong Variant (physical SIM use)
Battery Health 85% (original) 🔎
Storage 256GB
No scratches, looks like new🆕
Laminated
Price: 77k, Price Fixed
Face lock ✅🆗
True Tone ✅🆗
More details ⤵️

#The mobile is completely fresh, not a single scratch, nothing has been opened, everything is 100% original, you can check it yourself. I have used the mobile with great care, there is no problem at all. The mobile has the latest update installed.
The mobile is Deep Purple color, looks brand new, no issues, you will understand once you see it.
Whoever buys it will definitely be a winner.
Price Fixed

#Those who want to buy must come to the location.

#Interested buyers please inbox, others please do not disturb. Show more"
Apple iPhone 14 Pro Max Good (Used),90000,Used,"Chattogram, Kotwali, Chattogram",29/04,https://bikroy.com/kotwali/mobile-phones/apple-iphone-14-pro-max-good-used-6wztxBd96PpBsphryUOoF6K6.html,3,2026-09-03T07:38:57.126347+00:00,individual,"In excellent condition. Imported from Dubai Apple Store. Get 3 free covers. Nothing has been changed or repaired. Fixed price 90,000 BDT."
Nothing Phone CMF Phone 2 Pro 128 GB Green,27500,Used,"Chattogram, Patenga",24/07,https://bikroy.com/patenga/mobile-phones/nothing-phone-cmf-phone-2-pro-128-gb-green-BPOnnkYfDRtgMgFOGrCldofW.html,3,2026-09-03T07:38:57.844497+00:00,individual,"Fresh condition, box and charger are all included. Used for a very short time, inbox if you want to buy."
Apple iPhone 14 Pro Max 128 GB Purple,74999,Used,"Chattogram, Agrabad",29/06,https://bikroy.com/agrabad/mobile-phones/apple-iphone-14-pro-max-128-gb-purple-3NlBsx7zwrPcwxACxbXYyvJ4.html,5,2026-09-03T07:38:57.952584+00:00,individual,"Everything is fine.
Battery Health: 95%.
Nothing has been changed.
True Tone is OK.
It has been used with a lot of care, that's why the battery health is still 95%."
Nothing Phone 2a Plus 256 GB Gray,27000,Used,"Chattogram, Chandgaon",25/07,https://bikroy.com/chandgaon/mobile-phones/nothing-phone-2a-plus-256-gb-gray-kM0vxehtJVRLoUYfQOKCx7Mf.html,5,2026-09-03T07:38:58.978363+00:00,individual,"No problems at all, you can check and take it after seeing."
Nothing Phone 3a 256 GB White,33500,Used,"Chattogram, Satkania",21/05,https://bikroy.com/satkania/mobile-phones/nothing-phone-3a-256-gb-white-keDfTMKurYHi3VCnSmKgcAFK.html,3,2026-09-03T07:38:59.972156+00:00,individual,"Nothing Phone 3a (Global)
 4GB RAM / 256GB ROM
 Absolutely clean and fresh condition
 Global version
 Battery and performance are very good
 Camera, display, sound all perfect
 No issues, you can use it worry-free
 Perfect for those looking for a stylish and unique phone
 Inbox if interested."
Nothing Phone 3a 256 GB White,37000,Used,"Chattogram, Alankar",04/08,https://bikroy.com/alankar/mobile-phones/nothing-phone-3a-256-gb-white-fLWm2T6CH8W96feo8hhkdd2z.html,3,2026-09-03T07:39:00.343461+00:00,individual,"There is not much to say if someone wants a good phone then this is the perfect place you have come the rest will be understood when you meet face to face 
 
- 100% Original
- No type of problems
- Display, Touch, Camera, Speaker, Microphone, Fingerprint 
Location: Chattogram Sagarika Road Bitak Bazar 
 Only serious buyers please contact
WhatsApp:"
Vivo X200 FE 256 GB Yellow,48000,Used,"Chattogram, Alankar",11/06,https://bikroy.com/alankar/mobile-phones/vivo-x200-fe-256-gb-yellow-pGeNk9jHqEDXssunWT7ELHrk.html,5,2026-09-03T07:39:00.996555+00:00,individual,"I have the cash memo, nothing else. The set is just wow. The camera is deadly. It has never been opened or repaired. There are no problems at all. Only the color has faded on one side of the body due to using a cover, full security will be provided. Battery backup is 2 days. 
Display - LTPO AMOLED 
The mobile is incredibly fast, in a word, extraordinary. There are no problems with the set, you can check it as much as you want. Show more"
Nothing Phone 3a 128 (Used),25990,Used,"Chattogram, Nasirabad",2 hours ago,https://bikroy.com/nasirabad/mobile-phones/nothing-phone-3a-128-used-5SEQXK1X9fVCYj2066b202pY.html,4,2026-09-03T07:39:01.651041+00:00,individual,"Nothing phone 3a 8/128

🔥 Budget King — Everyday Smooth Performer! 🔥



⚡ Enjoy 8GB RAM | 128GB Storage | 5000mAh Battery | Super Clear Camera



👉Only one dot (beside front camera)



💰offer price -25,990💥💥



🚚 Delivery Available | 🔄 Exchange Available | 💳 EMI Available



🛡️ 15-Day Replacement Guarantee | Lifetime Service Warranty



📞 



🌐 www.decentbd.com



📍𝐅𝐢𝐧𝐥𝐚𝐲 𝐒𝐪𝐮𝐚𝐫𝐞, Level-4, Shop-406, 2 No Gate, Nasirabad, Chattogram



📍𝐅𝐢𝐧𝐥𝐚𝐲 𝐒𝐨𝐮𝐭𝐡 𝐂𝐢𝐭𝐲, Level-5, Shop-525, Bahaddarhat, Chattogram



#decentbd Show more"
Nothing Phone 3 512 GB Black,65000,Used,"Chattogram, Hathazari",12/07,https://bikroy.com/hathazari/mobile-phones/nothing-phone-3-512-gb-black-yxV5AfHeEPwHoU4xsbAO5f8Y.html,5,2026-09-03T07:39:02.242964+00:00,individual,"Only 16 days used, full fresh, I'll provide a new xundd case"
Nothing Phone 4a Pro 256 GB Graphite,60000,Used,"Chattogram, Chawkbazar",2 hours ago,https://bikroy.com/chawkbazar/mobile-phones/nothing-phone-4a-pro-256-gb-graphite-6ggKcyFENqXk13R43sWcpm84.html,3,2026-09-03T07:39:02.942539+00:00,individual,"Nothing 4a Pro
12/256
Few days used
Full boxed."
Nothing Phone 3a 256 GB White,35500,Used,"Chattogram, Satkania",15/08,https://bikroy.com/satkania/mobile-phones/nothing-phone-3a-256-gb-white-iF0wsGqNf6RimxNJfobATtz9.html,3,2026-09-03T07:39:03.603874+00:00,individual,"Brand new, comes with everything."
Realme GT Neo5 SE 256 GB White,25999,Used,"Chattogram, Agrabad",13/05,https://bikroy.com/agrabad/mobile-phones/realme-gt-neo5-se-256-gb-white-jGo1BjYA97Xu9KoxhxWpvlg6.html,3,2026-09-03T07:39:04.411911+00:00,individual,"Gt neo 6se 
Fixed price
There are some scratches on the body and some light scratches on the back, nothing major. The volume button requires a slightly firmer press, which has been the case since the beginning, but it works fine. Everything else is perfect.
Box, charger, cash memo, and security documents are all available, and a high-quality protective cover will be provided."
Nothing Phone 3a Pro 256 GB Black,48000,Used,"Chattogram, Baizid",08/07,https://bikroy.com/baizid/mobile-phones/nothing-phone-3a-pro-256-gb-black-hyjk1eftm2JW3HdAtpB5kCD3.html,3,2026-09-03T07:39:05.011336+00:00,individual,"14 day used only new mobile 
Location: polytechnical, East Delta University Pashe.
Real buyer knock 016XXXXXXXX"
New Nothing Phone 3a 256 GB Black,29500,Brand New,"Chattogram, Agrabad",23/05,https://bikroy.com/agrabad/mobile-phones/new-nothing-phone-3a-256-gb-black-dN0XrLxrlkCV7yarf0vCYCUt.html,5,2026-09-03T07:39:05.523671+00:00,individual,"Nothing Phone 3a (Black) 
8+8GB RAM 256GB ROM
Condition: Like brand new
Black
Enjoy a smooth and premium experience
Asking Price: 29,500৳ (negotiable)
Only phone available
I can provide a photocopy of my NID for security purposes; the bill and box were lost during a house move.
Exchange possible. Serious buyers only."
Nothing Phone 3a Pro 256 GB Gray,37999,Used,"Chattogram, Bandar, Chattogram",13/08,https://bikroy.com/bandar/mobile-phones/nothing-phone-3a-pro-256-gb-gray-84A4j57BZo790jxIUCnfwY2G.html,3,2026-09-03T07:39:06.260689+00:00,individual,"100% fresh
★Cashmamo will be given
★Used As secondary phone
★location must (bondor ctg)"
Nothing Phone 4a 128 GB White,42500,Used,"Chattogram, Chawkbazar",2 hours ago,https://bikroy.com/chawkbazar/mobile-phones/nothing-phone-4a-128-gb-white-7RSpRTRiw9T4Bc78usoxjTmW.html,3,2026-09-03T07:39:06.906304+00:00,individual,"Nothing phone 4a
8/128
with Box
few days used"
Apple iPhone 14 Pro 128 GB White,62500,Used,"Dhaka, Uttara",24/08,https://bikroy.com/uttara/mobile-phones/apple-iphone-14-pro-128-gb-white-q2fBbIjftjUTlqxmlUCslbWt.html,5,2026-09-03T07:39:07.680264+00:00,individual,"128gb 
USA variant 
Battery Health 80%
All original parts 
Nothing has been changed"
Apple iPhone 13 Pro 256 GB,55000,Used,"Dhaka, Hazaribagh",1 day ago,https://bikroy.com/hazaribagh/mobile-phones/apple-iphone-13-pro-256-gb-bv670fWZXXaFFeL9Lyi39psD.html,4,2026-09-03T07:39:08.397722+00:00,individual,"iPhone 13 Pro Max, Dubai variant, 88% battery health.Nothing is changed.Everything is original."
Apple iPhone 13 Pro Max 256 GB Black,57000,Used,"Dhaka, Uttara",18/08,https://bikroy.com/uttara/mobile-phones/apple-iphone-13-pro-max-256-gb-black-5Hh8BKTiqTabJPtvfj0kT2UF.html,4,2026-09-03T07:39:09.107160+00:00,individual,"iPhone 13 Pro Max — Singapore Variant 
* 256GB
* Battery Health: 80%
* Only Display has been changed
* Face ID: OK 
* True Tone: OK 
* Nothing else has been changed
* Full fresh condition
* Cash Memo is available 
* You can check as much as you want
* Full authentic condition
If you are serious, please contact."
Nothing Phone 3 256 GB White,56990,Used,"Dhaka, Badda",5 hours ago,https://bikroy.com/badda/mobile-phones/nothing-phone-3-256-gb-white-yCmtx6pVXNaYbBJAju7PeQ7T.html,3,2026-09-03T07:39:09.733201+00:00,individual,"Processor: Snapdragon 8s gen 4 5g
Ram: 12 GB
Display: 6.67"" OLED 120hz
Camera: Back-50+50+50\Front-50 MP
Battery: 5500 Mah
Device with Cash Memo & Charger.
You will get 7 days replacement and 1 year free service. You can exchange your old mobile with us.
Weekly holiday: Wednesday."
Samsung Galaxy S23 Ultra 256 GB Green,55000,Used,"Dhaka, Dhanmondi",14/08,https://bikroy.com/dhanmondi/mobile-phones/samsung-galaxy-s23-ultra-256-gb-green-coyIy0aoTyRpGLbeFchnEk26.html,5,2026-09-03T07:39:10.461507+00:00,individual,"Phone full fresh. No issue. Nothing changed. Green colour. USA variant. Official device.
Phone will have poly on. And good quality protector attached. Price only 55000.
8gb ram.
256 gb rom.
Extra payment required if you want Samsung original charger and back cover."
Apple iPhone 13 Pro Max 128 GB Blue,62000,Used,"Dhaka, Jamuna Future Park",05/08,https://bikroy.com/jamuna-future-park/mobile-phones/apple-iphone-13-pro-max-128-gb-blue-uVCfCWZ4NitGhrhUzNi9TMBV.html,3,2026-09-03T07:39:10.951185+00:00,individual,"Phone has no problems. I bought it new with my own hands and used it single-handedly. I used to live abroad so I left the phone box abroad. The phone has never been opened and nothing has been changed, it is completely full fresh. I bought the phone new myself, only the battery health is 77% original."
Apple iPhone 14 Pro Max 256 GB Purple,67899,Used,"Dhaka, Savar",10/08,https://bikroy.com/savar/mobile-phones/apple-iphone-14-pro-max-256-gb-purple-r8c67Df9IADKHwJ6AfH7ouCO.html,5,2026-09-03T07:39:11.469077+00:00,individual,"Iphone 14 pro max 256gb with box
77% battery’s health, physical and esim. nothing changes just Backshall broken. R kono somossa nai, jodi keo kinte chan tobe call ba msg koren, jara real byar na tara plz ignore this post. price almost fixed."
Nothing Phone 4a Pro 256 GB Silver,58000,Used,"Dhaka, Savar",1 hour ago,https://bikroy.com/savar/mobile-phones/nothing-phone-4a-pro-256-gb-silver-rmUhiwYH5LofThyui6RIgSsR.html,5,2026-09-03T07:39:11.787567+00:00,individual,"Nothing 4A Pro | 8GB RAM + 256GB 

Premium Used Phone now at an attractive offer price! Smooth performance, stylish design, fresh condition 
 Muthophone Accessories. 2 E-162, Level-5 (Lift-4), Sena Shopping Complex, Nabinagar, Savar, Dhaka
 Limited Stock | Order Now!
 
Facebook: MUTHOPHONE ACCESSORIES 2"
Apple iPhone 14 Pro Max 256 GB Purple,67000,Used,"Dhaka, Uttara",18/08,https://bikroy.com/uttara/mobile-phones/apple-iphone-14-pro-max-256-gb-purple-9YlfSQtiazmGp7tZJ6UkGjzY.html,3,2026-09-03T07:39:12.376818+00:00,individual,"The phone is completely fresh. Everything is original, nothing has been changed. Phone number 018XXXXXXXX"
Apple iPhone 15 Pro 256 GB,90000,Used,Dhaka,17/08,https://bikroy.com/dhaka/mobile-phones/apple-iphone-15-pro-256-gb-kEHCYM1J5q9Z2wKsbIzZTALD.html,5,2026-09-03T07:39:12.999857+00:00,individual,"Box available.
256GB
Nothing has been changed.
Face ID, True Tone display all original
BH-85%
Cycle count-826
Can be checked however many times and however you want, brought from Japan. Selling because I will upgrade the phone, no issues.
Price will be fixed"
Apple iPhone 14 Pro Max 128 GB Purple,78999,Used,"Dhaka, Dhanmondi",15/08,https://bikroy.com/dhanmondi/mobile-phones/apple-iphone-14-pro-max-128-gb-purple-wQixEyXW5af2PyKKlRrCPw4x.html,5,2026-09-03T07:39:13.712283+00:00,individual,"Device specifications:
Model-14 pro max 
Variant: Singapore 
Storage-128GB
Color-Deep purple
Battery health-83% 
Physical sim and e sim support 
Face ID and True Tone ok
Phone available with box
Full fresh condition
Everything is full okay
Nothing changed
All thinks are full ok 
No issues"
Apple iPhone 17 Pro Max 256 GB Black,150000,Used,"Dhaka, Badda",28/08,https://bikroy.com/badda/mobile-phones/apple-iphone-17-pro-max-256-gb-black-as6wG8a1pMKfuB2eZe7fYtUK.html,4,2026-09-03T07:39:14.438953+00:00,individual,"iPhone 17 pro Max 
USA variant
Battery health 98%
Storage 256GB 
Negotiable just Kichu scratches and ekta Dent ache nothing else With Box"
Nothing Phone CMF Phone 2 Pro 256 GB White,27000,Used,"Dhaka, Lalbag",26/08,https://bikroy.com/lalbag/mobile-phones/nothing-phone-cmf-phone-2-pro-256-gb-white-cM0FvxbzpToN4SwLlGdfHAII.html,4,2026-09-03T07:39:14.973498+00:00,individual,"মোবাইল কেনার সময় অবশ্যই রশিদে স্বাক্ষর করতে হবে ও NID কার্ডের ফটোকপি দিতে হবে(আমিও দেবো)
দাম:২৭০০০ ফিক্সড (কমানো সম্ভব নয়)
রশিদের ছবি দেয়া আছে। 
লোকেশন: আজিমপুর, রসূলবাগ পার্ক।"
New Nothing Phone 2 128 GB Gray,32500,Brand New,"Dhaka, Sutrapur",07/08,https://bikroy.com/sutrapur/mobile-phones/new-nothing-phone-2-128-gb-gray-kjDrTodJWv2abTthuEw4IN9R.html,5,2026-09-03T07:39:15.664082+00:00,individual,"Nothing Phone 2 (8+128)
Full fresh condition, polly done... selling it because I will buy a new phone."
Nothing Phone 4a Pro 128 GB Gray,50000,Used,"Dhaka, Savar",20/08,https://bikroy.com/savar/mobile-phones/nothing-phone-4a-pro-128-gb-gray-nvGl50ubrX0B0L7XGttjb39p.html,4,2026-09-03T07:39:16.361106+00:00,individual,"There are no issues with the phone, it's completely like new, used for two months, papers and box are all included along with just the cable that came with the phone. Check it as much as you like, there are no scratches or problems."
Nothing Phone CMF Phone 2 Pro 128 GB White,29490,Used,"Dhaka, Shyamoli",2 hours ago,https://bikroy.com/shyamoli/mobile-phones/nothing-phone-cmf-phone-2-pro-128-gb-white-uRgRQHBxgMrNp40MgZlpxSwS.html,3,2026-09-03T07:39:16.972520+00:00,business,"Nothing CMF 2 Pro 8/128
100% Authentic
Condition: Full Box | Full Fresh
EXCHANGE POSSIBLE
100% Authentic Product
EMI facility (available on 36 bank cards)
Cash On Delivery available nationwide
Shop Location:
Phone-e
Shop No: 573, Level-5
Shyamoli Square Shopping Mall, Dhaka"
New Nothing Phone 2 256 GB White,39990,Brand New,"Dhaka, Uttara",1 day ago,https://bikroy.com/uttara/mobile-phones/new-nothing-phone-2-256-gb-white-3cbSLfBhi67ikmBQqgB6qPm6.html,5,2026-09-03T07:39:17.644837+00:00,individual,"Nothing phone 2
 12/ 256 GB, white
Never used ( Shop Display product )"
Nothing Phone 2a 128 GB White,27000,Used,"Dhaka, Demra",26/08,https://bikroy.com/demra/mobile-phones/nothing-phone-2a-128-gb-white-hUld7tOoRcRfeqcnW0Q747fn.html,4,2026-09-03T07:39:18.233430+00:00,individual,"Nothing 2A 
8/128gb
Full fresh condition 
All okh.kono problem nai."
Nothing Phone CMF Phone 2 Pro 256 GB White,32990,Used,"Dhaka, Shyamoli",1 hour ago,https://bikroy.com/shyamoli/mobile-phones/nothing-phone-cmf-phone-2-pro-256-gb-white-dZrSsKktrlZBWs9yN11kN0he.html,5,2026-09-03T07:39:18.840497+00:00,business,"CMF 2 Pro 8/256
100% Authentic
Condition: Full Box | Full Fresh
EXCHANGE POSSIBLE
100% Authentic Product
EMI facility (available on 36 bank cards)
Cash On Delivery available nationwide
Shop Location:
Phone-e
Shop No: 573, Level-5
Shyamoli Square Shopping Mall, Dhaka"
Nothing Phone 4a 256 GB Black,47000,Used,"Dhaka, Mohammadpur",2 hours ago,https://bikroy.com/mohammadpur/mobile-phones/nothing-phone-4a-256-gb-black-tIT87S6TC4cabySf7wVRDbME.html,3,2026-09-03T07:39:19.426947+00:00,individual,"Name:Nothing Phone 4a
 Color: black 
 Storage:8-256GB
  Just active 
    Full box 
    Cycle 4
Price:-Call for best price 
Used Mobile: 3Days replacement & 6months service warrenty or New mobile: 7days replacement & 1year service warrenty included  
Contact number 018XXXXXXXX"
Nothing Phone 3a Pro 256 GB White,44999,Used,"Dhaka, Mirpur",5 hours ago,https://bikroy.com/mirpur/mobile-phones/nothing-phone-3a-pro-256-gb-white-zWeIatveViBeFJ1PwUQcCOow.html,5,2026-09-03T07:39:20.126470+00:00,individual,"⭕️ Nothing 3a pro With Full Box 12/256 GB

🔰Buy, Sell & Exchange


♦️Original Picture Uploaded♦️

 
💰12/256 Gb - ৳44,999


🔥100% Original & Non Refurbished Product🔥


♦️10 Day's Replacement Guaranty 

♦️1 Year Service warranty 

Mirpur shopping Center 
5th floor
Shop number 639
Mirpur 2 Dhaka 1216"
Nothing Phone 2a 256 GB Black,27500,Used,"Dhaka, Jamuna Future Park",5 hours ago,https://bikroy.com/jamuna-future-park/mobile-phones/nothing-phone-2a-256-gb-black-a6Jqyq5jQNix6XNM645jgbfc.html,5,2026-09-03T07:39:20.768344+00:00,individual,"notging 2a 8/256gb all ok
super fresh condition available

🏃 আমাদের দোকান এ ভিজিট করুন 

 📍 Address :

     "" Appelink ""
     Shop No: 4C-021C1
       Block- C, Level- 4 
     Jamuna Future Park
(Samung customer care er pase
⏰Business Hour: 11:00AM-8:00PM
Whatsup number 016XXXXXXXX"
Nothing Phone 3a Lite 256 GB Blue,29990,Used,"Dhaka, Rampura",1 hour ago,https://bikroy.com/rampura/mobile-phones/nothing-phone-3a-lite-256-gb-blue-2WqjIYecNl7sLTNNx62mrbHn.html,3,2026-09-03T07:39:21.466286+00:00,individual,"Nothing 3a Lite  8+256GB As Like New
Only device and cash memo 
More information call 
Address: Molla Tower Shopping complex, Rampura, Dhaka. 
Opposite BTV centar 
3rd floor, shop no-406"
Nothing Phone 4a Pro 256 GB Silver,55000,Used,"Dhaka, Mohammadpur",1 hour ago,https://bikroy.com/mohammadpur/mobile-phones/nothing-phone-4a-pro-256-gb-silver-i2pMPd5GVvlaATVExLXH0IE9.html,3,2026-09-03T07:39:22.124755+00:00,individual,"Name:Nothing Phone 4a Pro
 Color: silver 
 Storage:8-256GB
  Used like new
 WithFull box
Price:-Call for best price 
Used Mobile: 3Days replacement & 6months service warrenty or New mobile: 7days replacement & 1year service warrenty included  
Contact number 018XXXXXXXX"
Nothing Phone 2a Plus 256 GB Black,26500,Used,"Dhaka, Demra",1 hour ago,https://bikroy.com/demra/mobile-phones/nothing-phone-2a-plus-256-gb-black-la1JcGucBkJdEmgEMPhNM0nR.html,5,2026-09-03T07:39:22.542758+00:00,individual,"Phone Motamuti Fresh Look Like New moto All Ok ase 
Only Phone And sequrity Dewya Hobe 
8/256 GB 
Location Dhaka Konapara
Exchange Possible Same Configure Device"
Nothing Phone 3a Pro 256 GB Silver,44000,Used,"Dhaka, Savar",1 hour ago,https://bikroy.com/savar/mobile-phones/nothing-phone-3a-pro-256-gb-silver-rb4esxx9tuUmVrUSHfD6xNG6.html,5,2026-09-03T07:39:23.189099+00:00,individual,"📱 Nothing 3a pro | 8GB RAM | 256GB Storage

ফ্ল্যাগশিপ পারফরম্যান্স ও প্রিমিয়াম ডিজাইনের অসাধারণ স্মার্টফোন। সম্পূর্ণ যাচাই করে কিনুন নিশ্চিন্তে।

✅ ৭ দিনের রিপ্লেসমেন্ট গ্যারান্টি ✅ ১ বছরের সার্ভিস ওয়ারেন্টি ✅ কেনার আগে ফোন যাচাই করার সুযোগ

📍 E-162, Level-5 (Lift-4), Sena Shopping Complex, Nabinaagar, Sayer, Dhaka। 🗓️ সাপ্তাহিক বন্ধ: রবিবার"
OnePlus 12 /256 (Used),42999,Used,Rajshahi,2 hours ago,https://bikroy.com/rajshahi/mobile-phones/oneplus-12-256-used-bxePyFSvvMHrpbhRdjPDqfnq.html,3,2026-09-03T07:39:23.884034+00:00,individual,"Oneplus 12

16/ 256

Enjoy super condition 🔥🔥

7 days replacement guarantee ✅
1 year service warranty ✅

#exchange possible ✅

Our Address:
Smart Choice, Shop No. 211,
City center, Beside of Rajshahi College, Sonadigir mor Rajshahi

Call for any details:"
OnePlus 11 512 GB Black,35000,Refurbished,"Rajshahi, Boalia",13/08,https://bikroy.com/boalia/mobile-phones/oneplus-11-512-gb-black-8Fk5EfkhQkYXnUDV0VrhMtHc.html,5,2026-09-03T07:39:24.642776+00:00,individual,"Call only Wp & number aptX HD, Bluetooth 5.3, A2DP, LE, Corning Gorilla Glass Victus, Fingerprint, IP64 dust/water resistant, Stereo Speakers, USB Type-C 2.0, OTG"
OnePlus 12 256 GB White,45000,Used,"Rajshahi, Durgapur",25/07,https://bikroy.com/durgapur-1/mobile-phones/oneplus-12-256-gb-white-nJNPO7TT6P46xaU0mhSMiDSF.html,4,2026-09-03T07:39:25.259768+00:00,individual,"A very, very good phone. I am selling it because I want to switch to an iPhone. There are no issues with the phone at all. I have used it single-handedly with great care. Whoever buys it will get a brand new feel when using it. You can check and test it for as long as you want.
Battery Health 96%
Full fresh like new condition
Only phone
No box, no charger
No issues, genuine 100% fresh authentic device
Number 017XXXXXXXX Show more"
OnePlus 13s 256 GB Black,55000,Used,Rajshahi,2 hours ago,https://bikroy.com/rajshahi/mobile-phones/oneplus-13s-256-gb-black-Cbyscqr0tybDLDa2KA9rdghr.html,2,2026-09-03T07:39:25.991199+00:00,individual,"OnePlus 13s
12 256
Super condition
7 days replacement guarantee
1 year service warranty
#exchange possible
Our Address:
Smart Choice, Shop No. 211,
City Center, Beside Rajshahi College, Sonadigir Mor, Rajshahi
Call for any details"
OnePlus 12R 256 GB Black,33000,Used,"Rajshahi, Paba",01/08,https://bikroy.com/paba/mobile-phones/oneplus-12r-256-gb-black-wZ0bdwC5lJBly9TlpR5JBylJ.html,3,2026-09-03T07:39:26.642748+00:00,individual,"There is not even a slight problem, lamination is applied on the front and back. Price negotiation is not allowed at all."
New OnePlus Ace 2 256 GB Silver,30000,Brand New,"Rajshahi, Rajpara",03/07,https://bikroy.com/rajpara/mobile-phones/new-oneplus-ace-2-256-gb-silver-fkj6kLkcSrmn5FAeEpnjh37i.html,5,2026-09-03T07:39:27.196309+00:00,individual,"OnePlus
Model: Ace 2
RAM: 12/256
Full fresh new condition"
OnePlus 12R 256 GB Black,32000,Used,"Rajshahi, Paba",1 day ago,https://bikroy.com/paba/mobile-phones/oneplus-12r-256-gb-black-zec7w3QVQd5epd0EvRRbKhic.html,4,2026-09-03T07:39:27.970233+00:00,individual,ফুল ফ্রেশ। কোন ধরনের সমস্যা নাই। যতক্ষণ ইচ্ছা চালিয়ে দেখে নিবেন। ফুল বডি পলি করা আছে। শুধু ফোন আর সিকিউরিটি হিসেবে nid দেওয়া হবে।
OnePlus 11R 128 GB Silver,28000,Used,"Rajshahi, Kazla",11/08,https://bikroy.com/kazla/mobile-phones/oneplus-11r-128-gb-silver-hLV124Xn8xN1PDptYir1J67n.html,3,2026-09-03T07:39:28.598993+00:00,individual,"OnePlus 11R 
RAM 8 GB, ROM 128 GB
Fully fresh body just like new... 
No scratches 
Urgent money needed
There are no issues with the phone"
OnePlus 10 Pro 256 GB Black,23500,Used,"Rajshahi, Shaheb Bazar",07/08,https://bikroy.com/shaheb-bazar/mobile-phones/oneplus-10-pro-256-gb-black-5vCCfi2YyR8VURd96RT8lpgQ.html,3,2026-09-03T07:39:29.182910+00:00,individual,"100% authentic phone
5000 mAh battery
Qualcomm Snapdragon 8 Gen 1 processor
In-display fingerprint ok
Full fresh condition
Camera
8GB RAM 256GB ROM
Price 23500 fixed
Do not message unnecessarily
Only phone and charger
NID card will be given as document
Location Rajshahi Saheb Bazar"
OnePlus 11R 128 GB Green,22999,Used,"Rajshahi, Court Station",15/08,https://bikroy.com/court-station/mobile-phones/oneplus-11r-128-gb-green-ilhE1tM1ZveZyh53boUeDqtj.html,5,2026-09-03T07:39:29.999908+00:00,individual,One plus 11R. 8/128 gb. Fluid super amoled display. No parts changed. 100% original display. Supports 100W charger. Will give set only. A corner of the set's backpart is cracked. You will not find any problem with the set anywhere. Inshallah. I bought a new set so I am selling it. You can take it with confidence. Fixed price.
OnePlus Nord CE4 128 GB Black,23500,Used,"Rajshahi, Godagari",26/08,https://bikroy.com/godagari/mobile-phones/oneplus-nord-ce4-128-gb-black-dCRbTgxWtUCQBdkpSOHfvuE3.html,5,2026-09-03T07:39:30.501145+00:00,individual,নতুন ফোন কেনার জন্য মূলত এটা সেল দেওয়া। যারা নিতে ইচ্ছুক যত খুশি সরাসরি চেক করে নিতে পারবেন।
OnePlus 11 256 GB Gray,25000,Used,"Rajshahi, Shah Makhdum",20/08,https://bikroy.com/shah-makhdum/mobile-phones/oneplus-11-256-gb-gray-mnOFDBqA960yT6T5w5x2Op4u.html,5,2026-09-03T07:39:31.144651+00:00,individual,"Only a green line has appeared, everything else is okay! 8 128"
OnePlus 7T Pro McLaren Edition 256 GB Black,23000,Used,"Rajshahi, Shaheb Bazar",20/08,https://bikroy.com/shaheb-bazar/mobile-phones/oneplus-7t-pro-mclaren-edition-256-gb-black-rBFpqhkWEcW09RVZaOr1ZdiG.html,5,2026-09-03T07:39:31.863917+00:00,individual,"Issues with the phone: 
Back shell is slightly cracked 
What you will get with it... 
Phone 
Box 
Charger"
OnePlus 11R 256 GB Green,28500,Used,"Rajshahi, Bagmara",10/08,https://bikroy.com/bagmara/mobile-phones/oneplus-11r-256-gb-green-fyZtwbzXkaIifyi5ojbrN67Z.html,5,2026-09-03T07:39:32.651041+00:00,individual,"Assalamu Alaikum,
There is not much to say about the phone, the phone is in completely fresh condition. It has been used very carefully as a secondary phone. No gaming has been done on the phone, no repair issues, no problems. Whoever takes it, check and test it properly before taking.
And if you want to buy the phone, you must come to the location to collect it.
If you want to know anything else, please call or SMS.
Price = 28,500/ Show more"
OnePlus 11R 256 GB Black,28000,Used,"Rajshahi, Shaheb Bazar",2 hours ago,https://bikroy.com/shaheb-bazar/mobile-phones/oneplus-11r-256-gb-black-uqi8zxOGRdcfOQPsexSgHj7N.html,3,2026-09-03T07:39:33.035087+00:00,individual,"Oneplus 11r, 16 / 256 GB. Super condition. Enjoy a 7-day replacement guarantee and 1-year service warranty. #exchange possible. Our Address: Smart Choice, Shop No. 211, City Center, Beside Rajshahi College, Sonadighi Mor, Rajshahi. Call for any details:"
OnePlus 11R 256 GB Black,27000,Used,"Rajshahi, Kazla",26/08,https://bikroy.com/kazla/mobile-phones/oneplus-11r-256-gb-black-5YoUDRq3Pi6EbohPNJVZMfHv.html,3,2026-09-03T07:39:33.912556+00:00,individual,"Fully fresh phone with no problems 16/256 price fixed, please ignore if you don't like the price"
OnePlus 11R 256 GB Black,30000,Used,"Rajshahi, Uposahar",16/08,https://bikroy.com/uposahar/mobile-phones/oneplus-11r-256-gb-black-vBjseaIKkyYu61UCJoOOuNs.html,4,2026-09-03T07:39:34.356848+00:00,individual,"Main Camera: 50+8+2MP
Front Camera: 16 MP
Battery: 5000mAh
Chipset: Qualcomm Snapdragon 8 Gen1 plus
Refresh Rate :120 Hz"
New OnePlus 11R 128 GB Silver,25000,Brand New,"Rajshahi, Motihar",19/08,https://bikroy.com/motihar/mobile-phones/new-oneplus-11r-128-gb-silver-yJypAY2OnfDOAc7FyIwCnWP5.html,4,2026-09-03T07:39:34.858605+00:00,individual,"Phone is completely fresh, there are no problems with the phone"
OnePlus Nord 4 256 GB Green,24500,Used,"Rajshahi, Paba",14 hours ago,https://bikroy.com/paba/mobile-phones/oneplus-nord-4-256-gb-green-1pLXYIvjerMQdBYRvdBLawQo.html,3,2026-09-03T07:39:35.587328+00:00,individual,"Nord 4 100% Fresh Body 
8/256 Gb Ufs4.0 🔥
7+Gen 3 Gaming Processor🔥
Camara Sundor 🔥
Display Te 1 Jaigai Skartch Ache Sudu Halka 🥲
Indian Phone Sudu Phone & Security 
Location : Katakhali Bazar, Rajshahi ( Location Asa Lagbe)"
OnePlus Nord CE4 128 GB Gray,25000,Used,"Rajshahi, Godagari",2 days ago,https://bikroy.com/godagari/mobile-phones/oneplus-nord-ce4-128-gb-gray-tOPOHsdjpU1HWvdE2K4fWrJx.html,5,2026-09-03T07:39:36.225881+00:00,individual,Sell post. Enjoy a pristine condition phone with no scratches or issues. Model: OnePlus Nord CE 4. RAM/ROM: 8/128. Battery: 5500mAh.
OnePlus 12R 128 GB Blue,29000,Used,"Rajshahi, Chhota Banagram",31/08,https://bikroy.com/chhota-banagram/mobile-phones/oneplus-12r-128-gb-blue-Yf7Fi8akXM8Fbq7bBdYBWmd.html,3,2026-09-03T07:39:36.748451+00:00,individual,"ফোনের ব্যাকশেল ফাটা।
এছাড়া ফোনে কোন সমস্যা নেই।
লোকেশন শালবাগান পাওয়ার হাউজ মোড়। সাথে অরজিনাল একটি ফাস্ট সুপারবক চার্জার দেয়া হবে। ক্যাশ মেমো আছে। কিনা দাম ছিল ৩৫ হাজার ৫০০।
বিক্রি দাম ২৯০০০"
OnePlus 13s 256 GB Green,65000,Used,"Chattogram, Halishahar",27/07,https://bikroy.com/halishahar/mobile-phones/oneplus-13s-256-gb-green-6i0VeIAFvsdsvUsIkzYw1mFA.html,3,2026-09-03T07:39:37.452074+00:00,individual,"12/256, brand new condition. 100% Battery Health."
OnePlus 15 256 GB White,88000,Used,"Chattogram, Chawkbazar",1 hour ago,https://bikroy.com/chawkbazar/mobile-phones/oneplus-15-256-gb-white-pl1reY905NpdBohOQb1qvLIh.html,3,2026-09-03T07:39:38.003293+00:00,individual,"Oneplus 15
12/256
Full Boxed
with Charger"
OnePlus 13 256 GB Blue,68000,Used,"Chattogram, Oxygen",07/08,https://bikroy.com/oxygen/mobile-phones/oneplus-13-256-gb-blue-uhu1Fn06okWg0bVnRFCoGvLd.html,5,2026-09-03T07:39:38.694778+00:00,individual,"OnePlus 13 (Global Version)
Used: 8 Months
Condition: Excellent (One-Hand Use)
Battery Health: 97%
No Damage / No Issues
Overall Condition: 10/10 – Everything perfectly
What's Included:
Full Box
Original Charger
2 Mobile Covers (Free)"
New OnePlus 15 256 GB Black,80000,Brand New,"Chattogram, Chandanaish",16 hours ago,https://bikroy.com/chandanaish/mobile-phones/new-oneplus-15-256-gb-black-rn0AHzpB07ct2YjotNlp0OzO.html,3,2026-09-03T07:39:39.405681+00:00,individual,Get a brand new device complete with its full box and charger! Experience like-new longevity with a battery cycle count of only 22 times.
New OnePlus Nord 6 512 GB Black,70000,Brand New,"Chattogram, Chawkbazar",1 hour ago,https://bikroy.com/chawkbazar/mobile-phones/new-oneplus-nord-6-512-gb-black-rOv3lyxvBHhlLyKlP6ooyNAt.html,3,2026-09-03T07:39:40.146993+00:00,individual,"OnePlus Nord 6
12/512GB
It's new and sealed pack."
OnePlus 15 512 GB Black,97000,Used,"Chattogram, Kotwali, Chattogram",30/08,https://bikroy.com/kotwali/mobile-phones/oneplus-15-512-gb-black-s3XwSdMjMJfYUDxWtmkLm89d.html,5,2026-09-03T07:39:40.827528+00:00,individual,"Ekdom fresh, 6month used, official warranty,  24-02-2027 porjonto official warranty active thakbe with charging adaptor include in same official warranty 🙂
Kohinoor city One pluser official outlet theke buy kora hoyechilo

Brand	:OnePlus
Model	15 (16GB/512GB)"
OnePlus 11R (Used),24500,Used,"Chattogram, Agrabad",29/04,https://bikroy.com/agrabad/mobile-phones/oneplus-11-r-good-used-zBUjOBzxiHlSAjDDx3wnSnLn.html,5,2026-09-03T07:39:41.414381+00:00,individual,"Assalamu Alaikum. Please read carefully before messaging. OnePlus 11R 8/128GB (Full gaming phone). Processor: Snapdragon® 8+ Gen 1. Battery: 5000mAh. Camera: Excellent. If you are unfamiliar with this phone, please check reviews on YouTube. Condition: The phone has some minor wear. There are scratches on the camera glass as shown in the photos. There are also some minor scratches on the display. Generally, all second-hand phones have some minor wear. Only the phone and cash memo will be provided. Price: 24.5k. Please do not message if your budget is below 20k. Location: Agrabad. Show more"
OnePlus Nord 5 256 GB Blue,37500,Used,"Chattogram, Chawkbazar",05/08,https://bikroy.com/chawkbazar/mobile-phones/oneplus-nord-5-256-gb-blue-3Npdm1cn3j5ISQepiT9ba1js.html,5,2026-09-03T07:39:42.141551+00:00,individual,OnePlus Nord 5 sell post
OnePlus 12R 256 GB Blue,35000,Used,"Chattogram, Raozan",19/08,https://bikroy.com/raozan/mobile-phones/oneplus-12r-256-gb-blue-BhvIPAHvpvL0PVIqOD5c9xmm.html,5,2026-09-03T07:39:42.614424+00:00,individual,There is no issue. I need emergency Money. No box
OnePlus 13 256 GB White,59000,Used,"Chattogram, Kajir Dewry",2 days ago,https://bikroy.com/kajir-dewry/mobile-phones/oneplus-13-256-gb-white-5aySVHHSIYeptabWxUjBQ74h.html,3,2026-09-03T07:39:43.220935+00:00,individual,"Phone is in totally fresh condition with no scratches.
Only the device, a few covers, and the cash memo are included.
The device is the Global Variant."
OnePlus 12 512 GB Black,46000,Used,"Chattogram, Chandgaon",26/03,https://bikroy.com/chandgaon/mobile-phones/oneplus-12-512-gb-black-2vwnlsKpBczfS2GadOQRvXDK.html,3,2026-09-03T07:39:43.920470+00:00,individual,"OnePlus 12, 16/512GB. Fresh Condition. No box, no charger. Set + Cash Memo only. Price Fixed. Those who do not have the budget, please stay away. Request not to quote absurd prices. Location: Riazuddin Bazar, Chittagong. Contact 016XXXXXXXX"
OnePlus 9RT 5G 128 GB Black,20001,Used,"Chattogram, Sitakunda",11/05,https://bikroy.com/sitakunda/mobile-phones/oneplus-9rt-5g-128-gb-black-v9NqpLY480vrOZOvenoQP1aP.html,2,2026-09-03T07:39:44.642674+00:00,individual,Includes box and charger. No green line issue. Fresh condition.
New OnePlus 12R 128 GB Black,29999,Brand New,"Chattogram, Patenga",23/08,https://bikroy.com/patenga/mobile-phones/new-oneplus-12r-128-gb-black-l2DSstJjoicy5u4OBa8JdV2z.html,5,2026-09-03T07:39:45.415908+00:00,individual,"The phone is practically brand new in a word. Not a single hair-sized scratch anywhere. And it will 10,000% never get a green line guarantee. You can check it for as long as you want. A killer phone for camera and gaming. Selling because I will buy an iPhone. Only phone, you can check and take it for as long as you want. I will give everything needed for security, no problem."
OnePlus 10 Pro 256 GB Blue,20000,Used,"Chattogram, Agrabad",19/08,https://bikroy.com/agrabad/mobile-phones/oneplus-10-pro-256-gb-blue-wQwGbIAkk9oa9sNLRpXQa8Ac.html,5,2026-09-03T07:39:45.990298+00:00,individual,Only display changed that too original set opened fitted and all ok  details
New OnePlus 15R 512 GB Green,54000,Brand New,"Chattogram, Pahartali",21 hours ago,https://bikroy.com/pahartali/mobile-phones/new-oneplus-15r-512-gb-green-b3r06mrmEh2y1D8GveAPyMJa.html,4,2026-09-03T07:39:46.542227+00:00,individual,"Only set
Set all ok 
Must be location aste hobe"
OnePlus 12 16-512 (Used),58000,Used,"Chattogram, New Market, Chattogram",23/04,https://bikroy.com/new-market/mobile-phones/oneplus-12-16-512-used-kGUDTx3TAovuBpVYTZncV2Kq.html,4,2026-09-03T07:39:47.099568+00:00,individual,"RAM: 16 GB
Storage: 512 GB
The phone has no issues, with only very minor scratches. It was officially purchased from India. You will get the original charger and a cover with it. Any security you require can be provided.
Location: Dhaka, New Market area"
OnePlus 12 R Indian version (Used),31500,Used,"Chattogram, Chawkbazar",22/04,https://bikroy.com/chawkbazar/mobile-phones/oneplus-12-r-indian-version-used-f0lUDg20BYWtIc9Ot6HPDNGj.html,5,2026-09-03T07:39:47.770094+00:00,individual,"ONEPLUS 12R 16/256 GB BH 94%
CONDITION 98% FRESH 
EXCHANGE POSSIBLE BUT GAMING PHONE 8GEN 3 CHIPSET MUST BE ,, 
ADD ONLY 100W CHARGER 
Price almost fixed, 
There is no problem with the mobile. I want to buy a gaming phone like - iqoo 12 or 13
-"
New OnePlus 128 GB Black,41000,Brand New,"Chattogram, Chawkbazar",1 hour ago,https://bikroy.com/chawkbazar/mobile-phones/new-oneplus-128-gb-black-e0B33vLLj5Ngrys7ozNScU7f.html,3,2026-09-03T07:39:48.424592+00:00,individual,"OnePlus Nord CE6
8/128
Brand New"
OnePlus 7T Pro 256 GB Blue,20999,Used,"Chattogram, Halishahar",23/08,https://bikroy.com/halishahar/mobile-phones/oneplus-7t-pro-256-gb-blue-Bs9bCbKy8Fq8YnN3xrZBSjvP.html,5,2026-09-03T07:39:49.030290+00:00,individual,"Full Boxed
100% Original working Fluid AMOLED display. (Never changed/Repaired)
RAM/ROM: 8/256 GB
Snapdragon 855+ (Gaming Beast) 
Main Camera 48 MP + 16 MP ultrawide + 8 MP Telephoto
Front Camera 16 MP (Pop Up)
Never changed or repaired any parts of it. And No Green line issues on this phone.
You can check the phone as long as u want before buying."
OnePlus 10R 256 GB Black,21500,Used,"Chattogram, Agrabad",1 hour ago,https://bikroy.com/agrabad/mobile-phones/oneplus-10r-256-gb-black-mhn2cjlDEEz565er2oyXajqp.html,2,2026-09-03T07:39:49.825507+00:00,individual,"Set in fully fresh condition. 200% working. All parts 100% original. RAM 12GB, Storage 256GB. Comes with cash memo. The phone's performance is excellent."
OnePlus 15 256 GB White,87000,Used,"Dhaka, Mohammadpur",30/08,https://bikroy.com/mohammadpur/mobile-phones/oneplus-15-256-gb-white-vZkoJUDfIW6V0oDpquH8ZCt7.html,3,2026-09-03T07:39:50.389520+00:00,individual,"OnePlus 15
12/256gb
Full box 
Global variant 
Super smooth & super fresh 
No dent & scratch 
NB: phone dekhte hole or nite hole must be location a aste hobe"
OnePlus 12 256 GB Black,45000,Used,"Dhaka, Uttara",27/08,https://bikroy.com/uttara/mobile-phones/oneplus-12-256-gb-black-xkL82JPgEYlyaoDXSW8Y3p72.html,3,2026-09-03T07:39:51.128847+00:00,individual,"OnePlus 12/255.
No issue.all ok
Cash Memo provided 
*Only Devie*
সব দেখে বুঝে শুনে নিবেন- FULL FRESH"
OnePlus 12 256 GB Black,44000,Used,"Dhaka, Mirpur",13/08,https://bikroy.com/mirpur/mobile-phones/oneplus-12-256-gb-black-4dGofvYlpLoZRw1tmwcUq22.html,5,2026-09-03T07:39:51.841135+00:00,individual,"Urgent sell 
Oneplus 12
Storage : 12/256gb
Update: all the updates are given.last update on 31july.
Battery health : 90%
Except minor scratches on the body frame or glass, everything is pristine. Simply put, the phone is still 90% fresh.

Location: Dhaka.
You will get the device, charger & cable, cash memo & NID for security."
OnePlus 12 512 GB Black,50000,Used,"Dhaka, Bashundhara City",28/08,https://bikroy.com/bashundhara-city/mobile-phones/oneplus-12-512-gb-black-3zxtjZ7WZ7FaOO2KzLh9WiVs.html,5,2026-09-03T07:39:52.620351+00:00,individual,"OnePlus 12 — 16GB RAM / 512GB Storage
 Condition: Clean & fresh No scratches or dents
Battery Health: 84%
Used for: 2 years
RAM/Storage: 16GB / 512GB
Fully functional — no issues

Interested buyers can inbox for details."
OnePlus 13 256 GB White,64000,Used,"Dhaka, Jamuna Future Park",1 hour ago,https://bikroy.com/jamuna-future-park/mobile-phones/oneplus-13-256-gb-white-BkTZCMuWOuKcH8aMUrlfJ8Pz.html,3,2026-09-03T07:39:52.978876+00:00,individual,"OnePlus 13 Global
12GB 256GB
Full Fresh condition

 Paramount Gadget
Jamuna Future Park Shopping Mall
Level 4, Shop No: 006C"
OnePlus 15R 512 GB Black,55000,Used,"Dhaka, Mirpur",30/08,https://bikroy.com/mirpur/mobile-phones/oneplus-15r-512-gb-black-xtZXPjtbdfjG3i1i5atQoGLq.html,5,2026-09-03T07:39:53.579244+00:00,individual,"• হালকা কিছু rash/ব্যবহারের দাগ আছে
• সবসময় cover ব্যবহার করা হয়েছে
• Overall very good condition
📦 Original 65W OnePlus Genuine Adapter Included ⚡
🧾 Purchase: Jamuna Future Park
✅ Original Purchase Invoice Available
📍 Location: Mirpur, Kazipara
💎 Premium Device • Genuine Invoice • Genuine Adapter"
OnePlus 13 256 GB Black,57990,Used,"Dhaka, Shyamoli",5 hours ago,https://bikroy.com/shyamoli/mobile-phones/oneplus-13-256-gb-black-Be4a4ZYwBZJ2PFZcffLd2e5a.html,5,2026-09-03T07:39:54.322131+00:00,individual,"New Arrival best Price 
Get #NEW_ One Plus 13 5G 12/256GB Chinese BATTERY HEALTH 99 %
#_USED_NEW_CONDITION_FULL_BOX
Exchange Possible 
We sell 100% Original Product
You can check it however you like. 
Warranty Policy  
7 Days Parts Replacement Warranty 
2 Year Service Warranty Without LCD, Software & Physical Damage"
New OnePlus 256 GB,62999,Brand New,"Dhaka, Bashundhara City",4 hours ago,https://bikroy.com/bashundhara-city/mobile-phones/new-oneplus-256-gb-ppsVFtWgCSk3YKQt0BV1LjAo.html,2,2026-09-03T07:39:54.642808+00:00,individual,"10-day replacement guarantee
 2-year service warranty
 Fast and secure courier service across the country
 Attractive exchange offers available
 Emon Gadget Point
Basement-1, Shop-84
Bashundhara City Shopping Mall"
OnePlus Nord 6 256 GB Black,49990,Used,"Dhaka, Dhanmondi",4 hours ago,https://bikroy.com/dhanmondi/mobile-phones/oneplus-nord-6-256-gb-black-xcfmdXn9BjlfsnHL7Tl71AvC.html,3,2026-09-03T07:39:55.369278+00:00,individual,"""Welcome to ""Al Aqsa Mobile"" 
 Reach us___________________ 
 *Al Aqsa Mobile*
 Shop No-449 ,Lift -3, Orchard Point, Dhanmondi 7, Dhaka-1209
 Model :
 RAM : 8 
 ROM : 256
 Price Fixed"
OnePlus 12 256 GB Green,46000,Used,"Dhaka, Uttara",23/08,https://bikroy.com/uttara/mobile-phones/oneplus-12-256-gb-green-cpmPiiAd8HjCtfrdFEvwYi3T.html,5,2026-09-03T07:39:56.042600+00:00,individual,"OnePlus 12 12-256 full fresh phone 
Battery health 87%
No problems at all
You can check it as much as you want. Comes with the box, 80W original charger, and a cover.
Price almost fixed
Please do not act petty by offering ridiculous prices
If you want to know anything, feel free to call directly"
OnePlus 12 256 GB White,48000,Used,"Dhaka, Jatrabari",27/08,https://bikroy.com/jatrabari/mobile-phones/oneplus-12-256-gb-white-wRtAxgajARomgP3GvxHAMCbT.html,3,2026-09-03T07:39:56.740461+00:00,individual,One plus 12 full white is up for sale. No dent or scratch. Fully fresh. Original box will be provided.
OnePlus 13R 256 GB Black,45000,Used,"Dhaka, Mirpur",27/08,https://bikroy.com/mirpur/mobile-phones/oneplus-13r-256-gb-black-4Ye9TCchHKpwL3yEAmTFgx4b.html,4,2026-09-03T07:39:57.177107+00:00,individual,Phone full fresh condition Chek kore nite parben .Ekhono phone a kono service korano hoy nee .emarjency Taka dorkar taii phone ta sell kora .Location. Dhaka Mirpur 6 016XXXXXXXX 017XXXXXXXX
OnePlus 15 256 GB White,87000,Used,"Dhaka, Baridhara",5 hours ago,https://bikroy.com/baridhara/mobile-phones/oneplus-15-256-gb-white-d7b2JnypLwzOjR4xaqnuSgoM.html,4,2026-09-03T07:39:57.924790+00:00,individual,"one plus 15
Custom Global 
full box 
full fresh condition"
New OnePlus 15R 256 GB,67499,Brand New,"Dhaka, Bashundhara City",5 hours ago,https://bikroy.com/bashundhara-city/mobile-phones/new-oneplus-15r-256-gb-jH8JFKtmwzXfcpNFHIOC4fb3.html,3,2026-09-03T07:39:58.370346+00:00,individual,"10-day replacement guarantee
 2-year service warranty
 Safe courier facility across the country
 Attractive exchange offers
 Basement-1, Shop-84, Bashundhara City Shopping Mall
 Prices are subject to change. Please contact us on WhatsApp before visiting."
OnePlus 9 256 GB Black,25000,Used,"Dhaka, Jatrabari",31/08,https://bikroy.com/jatrabari/mobile-phones/oneplus-9-256-gb-black-d6MbaNu1hWgnHF98tc92Eu0x.html,5,2026-09-03T07:39:58.872869+00:00,individual,"Name : Oneplus 9 5G
Model : LE2115
OxygenOS 14.0
Ram : 12GB+ extra 12GB
Rom : 256GB
Processor : Qualcomm Snapdragon 888 Octa-core
Battery: 4500 mAh
Camera: Front 16MP
                Rear 48MP+50MP+2MP
Android Version: 14
Price : 25k

Display Change But Oreginal .
Backshell change.
Charging stability is good .
Best gaming performance."
OnePlus Nord 4 128 GB Black,26999,Used,"Dhaka, Khilgaon",1 hour ago,https://bikroy.com/khilgaon/mobile-phones/oneplus-nord-4-128-gb-black-BrNYnloEslj8zRsdkxMECiBC.html,3,2026-09-03T07:39:59.470778+00:00,individual,"Assalamu alaikum.
Greetings from ""Mobo Live Bd"". 

Black
Full Factory unlock
100% original device 
Dear Honourable Customer,
Now you can purchase with EMI of 21 banks credit card. Thanks for being with us."
OnePlus 11R 128 GB Red,30000,Used,"Dhaka, Hazaribagh",06/08,https://bikroy.com/hazaribagh/mobile-phones/oneplus-11r-128-gb-red-6mrykCYZfJtzHisuv9pyBgwC.html,3,2026-09-03T07:39:59.885918+00:00,individual,"One Plus 11R
Superb phone with 8GB RAM and 256GB storage.
No issues at all, feel free to inspect it in person.
Selling urgently because I really need the money; the phone itself works perfectly.
If you are interested in buying, please get in touch."
OnePlus Nord CE4 128 GB,22500,Used,"Dhaka, Jatrabari",4 hours ago,https://bikroy.com/jatrabari/mobile-phones/oneplus-nord-ce4-128-gb-xgINrUQsdZhQqlyi9Fzz0ZhF.html,4,2026-09-03T07:40:00.422675+00:00,individual,"Assalamu Alaikum
Welcome to Gadget Exchange BD
 
 All perfect working
 Buying/selling and exchange means Gadget Exchange BD
 Come to our shop to get 100% genuine products
 With cash memo
 7 Days Replacement
 1 Year service warranty without Parts
 Gadget Exchange BD 
Shop No. 67 (3rd Floor)
Vikrampur Plaza, Jurain Railgate, Dhaka-1204"
OnePlus Nord 2T 128 GB,30000,Used,"Dhaka, Dhamrai",17/08,https://bikroy.com/dhamrai/mobile-phones/oneplus-nord-2t-128-gb-6rhcepOi5naaIuMv12jJ2C3I.html,4,2026-09-03T07:40:00.739519+00:00,individual,"Assalamu Alaikum, I am using this phone myself, newly purchased, no type of problem at all, has in-display fingerprint, never opened, front and back cameras are okay, feel free to check thoroughly, box and charger are included, must come to the location to pick it up, Location: Bypail, Palli Bidyut"
OnePlus Nord 4 256 GB Black,29999,Used,"Dhaka, Paltan",1 day ago,https://bikroy.com/paltan/mobile-phones/oneplus-nord-4-256-gb-black-i5HQK1u2UZPKeD9CKcE9OplC.html,5,2026-09-03T07:40:01.417154+00:00,individual,"Oneplus nord4
8/256
Snapdragon 7plus gen3
Full friesh / no any problem"
OnePlus 10R 128 GB Black,19490,Used,"Dhaka, Mirpur",1 hour ago,https://bikroy.com/mirpur/mobile-phones/oneplus-10r-128-gb-black-tQ8Ab3quw14wKuZgXFOzCffX.html,4,2026-09-03T07:40:02.267267+00:00,individual,">Adiba Telecom >
Shop No: 34, 3rd Floor, Baghdad Shopping Complex, Mirpur- 1, Dhaka- 1216... 
The phone is 100% genuine and we offer a 7-day replacement guarantee and a 1-year free service warranty. (Without Parts)
Free courier charge all over Bangladesh
Exchange offer. Discount price.
Best camera phone"
OnePlus 8 Pro 128 GB Blue,27000,Used,"Dhaka, Sutrapur",10/08,https://bikroy.com/sutrapur/mobile-phones/oneplus-8-pro-128-gb-blue-2DzLRwQPBW9kW5NCqvnJP7cQ.html,3,2026-09-03T07:40:02.968558+00:00,individual,"In very fresh condition, comes with box and charger. Battery backup is quite good, Alhamdulillah. Camera condition is good. 
Selling because I have been using it for a long time and want to get a new phone. 
Not possible to give a huge discount, maybe an amount equivalent to a good cup of tea can be considered."
OnePlus 10T 128 GB Silver,25000,Used,"Dhaka, Savar",1 hour ago,https://bikroy.com/savar/mobile-phones/oneplus-10t-128-gb-silver-86ijUbQiY68rCsjYFaDDFKrq.html,5,2026-09-03T07:40:03.472886+00:00,individual,"OnePlus 10t**8/128 in display finger (original display)
আমার মোবাইল ফোনের দোকান আমি সেকেন্ড হ্যান্ড ফোন ক্রয় বিক্রয় করি, কিন্তু এই ফোনটা নিজে ইউজ করতেছি এখন এটি বিক্রি করব, ফোনে শুধু ব্যাকসাইলটাই ফাটা,এছাড়া আর কোন সমস্যা নাই"
OnePlus 9RT 5G 128 GB Black,22999,Used,"Dhaka, Bosila",24/08,https://bikroy.com/bosila/mobile-phones/oneplus-9rt-5g-128-gb-black-5p4EVP9iiDfWh2mTMIZ48DS7.html,5,2026-09-03T07:40:04.023249+00:00,individual,"OnePlus 9RT for sale. 8/128GB. Includes 65W original charger and Snapdragon 888 processor. Guaranteed no green line issues. Original display and back shell. Never opened. Amazing camera quality. Get one full day of battery backup with normal use. Box was lost during house shifting, but I can provide a cash memo and NID copy. Feel free to make an offer."
OnePlus 11R 256 GB Black,27500,Used,"Dhaka, Jatrabari",1 hour ago,https://bikroy.com/jatrabari/mobile-phones/oneplus-11r-256-gb-black-33Rn3UpnF4zgOaihKq3XbIBR.html,5,2026-09-03T07:40:04.326291+00:00,individual,"Oneplus 11R 5G
টাকা দরকার তাই বিক্রি করব 
Processor, Snapdragon® 8+ Gen 1
Battery, 5000 mAh (TYP) হেল্ত,৮২%
RAM,16 GB 
ROM, 256
Cameras,Front 16MP,Rear 50MP+8MP+2MP
ফোনে কোন প্রবলেম নেই যত খুশি চেক করে নিবেন,
 অনলি ফোন পাবেন সিকিউরিটি হিসাবে যা চান তাই পাবেন 
নিতে হলে আমার দোকানে আসতে হবে 
লোকেশন, শনিআখরা পলাশপুর ১নং রোড, দোকানের নাম,M,A,laundry"
OnePlus 11R 128 GB Black,25000,Used,"Dhaka, Savar",4 hours ago,https://bikroy.com/savar/mobile-phones/oneplus-11r-128-gb-black-zWYWLhO9fwRivZ159G65436T.html,5,2026-09-03T07:40:04.827957+00:00,individual,"Display: 6.74"" amoled, 120hz
processor: snapdragon 8+ gen 1
camera: 50mp + 8mp + 2mp, front 16mp
battery: 5000mah
charging: 100w supervooc
ram/storage: 8gb ram, 128gb storage
5g: available
os: android"
OnePlus 9R 256 GB Blue,20000,Used,"Dhaka, Uttara",28/08,https://bikroy.com/uttara/mobile-phones/oneplus-9r-256-gb-blue-yJUPZanD3nr7t1cUInAL8YVi.html,5,2026-09-03T07:40:05.477112+00:00,individual,"OnePlus 9R 5G 
8+8gb ram
256gb rom
Camera 🔥
ফোনের কোন সমস্যা নাই 016XXXXXXXX"
OnePlus 9 Pro 256 GB Green,28900,Used,"Dhaka, Mirpur",2 hours ago,https://bikroy.com/mirpur/mobile-phones/oneplus-9-pro-256-gb-green-9TrbSL9P0DebXCGa2itsv8KD.html,5,2026-09-03T07:40:06.227945+00:00,individual,"OnePlus 9pro 12/256GB International Global Variant.
All Authentic Original Parts.
Kono Problem nai, All Okay.
Super Fast Mobile, Super Camera
Dhaka Mirpur Pallabi Notun thana"
Xiaomi Redmi Note 13 Pro 256 GB Black,27000,Used,"Rajshahi, Court Station",04/06,https://bikroy.com/court-station/mobile-phones/xiaomi-redmi-note-13-pro-256-gb-black-4aXe4AhdhsgxM4Va4x6SxW1q.html,5,2026-09-03T07:40:06.925375+00:00,individual,Full fresh... box and charger all included... phone is like new...
Xiaomi Redmi Note 13 Pro+ 256 GB Blue,29000,Used,"Rajshahi, Boalia",04/06,https://bikroy.com/boalia/mobile-phones/xiaomi-redmi-note-13-pro-256-gb-blue-yPAnY5EqmjA3SPeI4iOvzo6N.html,3,2026-09-03T07:40:07.724124+00:00,individual,Used with one hand. Comes with the original box and charger. It is in fresh condition; you can check it as much as you want before buying.
Xiaomi Redmi Turbo 4 Pro 256 GB White,36500,Used,"Rajshahi, Boalia",23/08,https://bikroy.com/boalia/mobile-phones/xiaomi-redmi-turbo-4-pro-256-gb-white-BPXXg8Oghkoc8S0lBB9lrtAL.html,5,2026-09-03T07:40:08.226865+00:00,individual,"Xiaomi Redmi Turbo 4 Pro (256GB, White) for sale.
The phone condition is very good, with no scratches or display issues. Everything works properly. Original box and charger will be provided with it. Battery health 98. Contact"
New Xiaomi 11T Pro 256 GB,50000,Brand New,"Rajshahi, Court Station",2 days ago,https://bikroy.com/court-station/mobile-phones/new-xiaomi-11t-pro-256-gb-rYKAl1EPWwqQjtijeQARb65t.html,5,2026-09-03T07:40:08.968817+00:00,individual,একবারে নিওু ফোন বক্স চার্জার সব আছে মাত্র ছয় মাস ইউজ কেউ নিতে আগ্রহী থাকলে মেসেজ দিবেন অযাথা মেসেজ দিবেন না
Xiaomi 12X 256 GB,28000,Used,"Rajshahi, Boalia",05/05,https://bikroy.com/boalia/mobile-phones/xiaomi-12x-256-gb-tvCzmg3O0ZmJLpaloOMjlvFa.html,2,2026-09-03T07:40:09.640210+00:00,individual,"For Sale: Redmi 12X (Good Condition)
I want to sell my Redmi 12X smartphone. The phone is in good condition and works perfectly—no problems at all.
 Smooth performance
 No hardware issues
 Clean and well-maintained
 Comes with: Box & Memo (receipt)
If anyone is interested, please inbox or call me."
Xiaomi Civi 1S 256 GB Purple,30000,Used,"Rajshahi, Court Station",10/07,https://bikroy.com/court-station/mobile-phones/xiaomi-civi-1s-256-gb-purple-f0oGnarwrhoVLtCSi1Z92mPD.html,4,2026-09-03T07:40:10.371651+00:00,individual,Used phone with no problem
Xiaomi 15 256 GB Black,31000,Used,"Rajshahi, Shaheb Bazar",16/06,https://bikroy.com/shaheb-bazar/mobile-phones/xiaomi-15-256-gb-black-9RfHlgWBchvRXMT7i1ku8fb7.html,2,2026-09-03T07:40:10.882301+00:00,individual,"It has been 1 month since I bought the mobile, it is brand new and fresh, I have the memo, I have the box, everything will be given, it is not an issue, I need money so I will sell it."
New Xiaomi Redmi Turbo 5 Max 256 GB Orange,42000,Brand New,"Rajshahi, Uposahar",1 day ago,https://bikroy.com/uposahar/mobile-phones/new-xiaomi-redmi-turbo-5-max-256-gb-orange-b4lcMifO9MKFH0djR8MdH0f9.html,4,2026-09-03T07:40:11.421215+00:00,individual,"full fresh as like brand new, with full box."
Xiaomi Redmi Note 13 Pro 5G 256 GB White,39500,Refurbished,"Rajshahi, Motihar",15/08,https://bikroy.com/motihar/mobile-phones/xiaomi-redmi-note-13-pro-5g-256-gb-white-3mh0BAvAPJ0cT2aEuqZeVdCF.html,4,2026-09-03T07:40:12.036466+00:00,individual,"I am selling this phone to buy an iPhone.
Xiaomi Redmi Note 13 Pro 5G (256GB), Official. Comes with all documents.
I bought it for 46,500 Taka, and now maybe the official market price is 41,500 Taka. I cannot sell it for less than 36,500 Taka.
If I didn't need to buy an iPhone, I would have no intention of selling this phone."
Xiaomi Redmi Note 14 Pro+ 5G 256 GB Black,27000,Used,"Rajshahi, Tanore",24/05,https://bikroy.com/tanore/mobile-phones/xiaomi-redmi-note-14-pro-5g-256-gb-black-5fnQOuVj3YtLyJXH5iQXmftc.html,2,2026-09-03T07:40:12.622494+00:00,individual,Feel free to inspect it as much as you like before buying.
Xiaomi Redmi Pro 256 GB White,27000,Used,"Rajshahi, Rajpara",18/06,https://bikroy.com/rajpara/mobile-phones/xiaomi-redmi-pro-256-gb-white-Bw1sSRFHoy0O4w2jQtjiuNpz.html,2,2026-09-03T07:40:13.191929+00:00,individual,"Redmi K40 Gaming (White/12-256GB)
 Dimensity 1200 | 120Hz OLED | 5065mAh
• Condition: Fresh (no scratches/dents or internal issues).
• Gaming: Pop-up triggers are 100% working. PUBG, Free Fire, COD run smoothly.
• Included: Back cover."
Xiaomi 13 256 GB Silver,30000,Used,"Rajshahi, Shaheb Bazar",11/08,https://bikroy.com/shaheb-bazar/mobile-phones/xiaomi-13-256-gb-silver-q3bM65LVyA1waULhg10aaYWa.html,3,2026-09-03T07:40:14.169787+00:00,individual,"A very good phone with no problems. Check and take it as much as you want. The camera is very good, the phone works great, and there are no kinds of problems."
Xiaomi Redmi Note 15 256 GB Pink,27000,Used,"Rajshahi, Court Station",22 hours ago,https://bikroy.com/court-station/mobile-phones/xiaomi-redmi-note-15-256-gb-pink-e1J8Oru7Kj8gfPT1A3ikoJM4.html,3,2026-09-03T07:40:14.574377+00:00,individual,"২মাস হয়েছে ফোন কিনা বক্স চার্জ সব আছে,, 
এক বছরের ওয়ারেন্টি আছে,, 
জরুরী টাকার প্রয়োজন এজন্য বিক্রি করতেছি"
Xiaomi Poco M6 Pro 128 GB Silver,15499,Used,"Rajshahi, Vodra",2 hours ago,https://bikroy.com/vodra/mobile-phones/xiaomi-poco-m6-pro-128-gb-silver-Cpvn7wzDNDaOVQ4amJgl2F15.html,4,2026-09-03T07:40:15.214975+00:00,individual,"Limited stock – First come, first served!

Our Address: Baneshwar Shibpur Hat, Puthia, Rajshahi 
100% Trust
Right price, right product
FAHIM mobile zone, your trusted mobile shop"
Xiaomi 12T Pro 256 GB Black,17000,Used,"Rajshahi, Puthia",25/08,https://bikroy.com/puthia/mobile-phones/xiaomi-12t-pro-256-gb-black-f552F1LDeUG36aE1UiNYBjBL.html,3,2026-09-03T07:40:15.932903+00:00,individual,ফোনে ডিসপ্লে গ্রিন লাইন। মাইক্রফোনে একটু সমস্যা।
Xiaomi 11 Lite 5G NE 128 GB Pink,15000,Used,"Rajshahi, Court Station",23/08,https://bikroy.com/court-station/mobile-phones/xiaomi-11-lite-5g-ne-128-gb-pink-eLLuil2RmYOEb2BYf2CFmtw5.html,3,2026-09-03T07:40:16.483875+00:00,individual,"Redmi 10 Power 8/128, no problems, phone is all ok, full box, fixed price 15k"
New Xiaomi Redmi Note 13 128 GB White,16000,Brand New,"Rajshahi, Motihar",2 days ago,https://bikroy.com/motihar/mobile-phones/new-xiaomi-redmi-note-13-128-gb-white-rYeQdQgs9Cpe2oAnQsLRBLgv.html,5,2026-09-03T07:40:17.106611+00:00,individual,বক্স চার্জার মেমো সবকিছু আছে কোন ধরনের সমস্যা নাই জতোখুশি চেক করে নিবেন  বেকসেল সাইডে স্কেচ আছে বোঝা যায় না
Xiaomi Redmi Note 13 Pro 5G 256 GB Black,22000,Used,"Rajshahi, Boalia",2 days ago,https://bikroy.com/boalia/mobile-phones/xiaomi-redmi-note-13-pro-5g-256-gb-black-42ue3ZBOZsWGh2IPbdSSW5JI.html,5,2026-09-03T07:40:17.721296+00:00,individual,ফোনে কোন প্রকার কোন ইস্যু নেই। সম্পন্ন ফুল ফ্রেশ ফোন। ফুল বক্স সহ নিতে পারবেন।
Xiaomi Redmi Note 15 256 GB Pink,26500,Used,"Rajshahi, Shaheb Bazar",1 day ago,https://bikroy.com/shaheb-bazar/mobile-phones/xiaomi-redmi-note-15-256-gb-pink-5INoIaNdEW2PXZro8lUZntzn.html,5,2026-09-03T07:40:18.228266+00:00,individual,"Phone bought 2 months ago, box and charger all available,, selling because I need money, 26,500 fixed price"
Xiaomi Redmi Note 13 128 GB Blue,15000,Used,"Rajshahi, Laksimipur",29/08,https://bikroy.com/laksimipur/mobile-phones/xiaomi-redmi-note-13-128-gb-blue-i7gozoPWc8cMGj7KqsHXeMc5.html,5,2026-09-03T07:40:18.854093+00:00,individual,Full fresh with box and cash memo
Xiaomi Redmi Note 13 Pro 5G 256 GB Red,27000,Used,"Rajshahi, Boalia",25/08,https://bikroy.com/boalia/mobile-phones/xiaomi-redmi-note-13-pro-5g-256-gb-red-bsftR31rsF0RxgRoJi9E4EEx.html,3,2026-09-03T07:40:19.259779+00:00,individual,"*Redmi Note 13 Pro 5G *
 *Main Camera Sensor-এ হালকা দাগ আছে**, তাই ছবি তুললে পাতলা দাগ দেখা যায়। Wide-angle ও অন্যান্য সবকিছু ঠিক আছে।*
 *Box + ২টি Cover দেওয়া হবে*

 যতক্ষণ ইচ্ছা দেখে ও চেক করে নিতে পারবেন।

*Price Negotiable*
 *Location: Alokar More, Rajshahi*
*গেমিং এর জন্য খুব ভালো ফোন । আমি গেম খেলার জন্য কিনেছিলাম কিন্তু গেম খেলিনা*"
Xiaomi Poco C85 4G 128 GB Blue,19999,Used,"Rajshahi, Motihar",1 day ago,https://bikroy.com/motihar/mobile-phones/xiaomi-poco-c85-4g-128-gb-blue-kBo1lZVwFINQgxbJ6lBNCT1V.html,5,2026-09-03T07:40:19.764303+00:00,individual,ফোনে কোন সমস্যা নাই ফুল ফ্রেশ ফোনের সাথে বক্স নাই চার্জার আছে
Xiaomi Poco F3 128 GB Black,15000,Used,"Rajshahi, Shaheb Bazar",30/08,https://bikroy.com/shaheb-bazar/mobile-phones/xiaomi-poco-f3-128-gb-black-a5VWRW9xjYPk6q1SXUYWAWRR.html,4,2026-09-03T07:40:20.374193+00:00,individual,"৮/১২৮
ফোনটি ইন্ডিয়ান ফোন, ফোনে কোন সমস্যা নাই শুধু ব্যাটারি ব্যাকআপ একটু কম দেয়, এবং অল ওকে গেমিং ফোন, 
অফার মূল্যে ছেড়ে দেবো"
Xiaomi Redmi 13C 128 GB Blue,17500,Used,"Rajshahi, Paba",30/08,https://bikroy.com/paba/mobile-phones/xiaomi-redmi-13c-128-gb-blue-dDfe8RAMUzaEVrgqOTpW3fZg.html,5,2026-09-03T07:40:21.112991+00:00,individual,"নাম মাত্র ২ মাস ব্যবহৃত,  ফোন প্রায় ব্রান্ড নিউ এবং অফিসিয়াল,  কোন প্রকার সমস্যা নাই।"
Xiaomi Redmi Note 13 Pro 5G 256 GB Black,24000,Used,"Rajshahi, Paba",28/08,https://bikroy.com/paba/mobile-phones/xiaomi-redmi-note-13-pro-5g-256-gb-black-p7OufExggkLdLARneERnkoKd.html,5,2026-09-03T07:40:21.354291+00:00,individual,Phone kono problem nai full fresh new phone nibo sei jonne sell korbo excange possible
Xiaomi Redmi Note 13 Pro 5G 256 GB Blue,25500,Used,"Rajshahi, Shaheb Bazar",17 hours ago,https://bikroy.com/shaheb-bazar/mobile-phones/xiaomi-redmi-note-13-pro-5g-256-gb-blue-xbVTWTQMZVYVfyqW9ytT9aA6.html,3,2026-09-03T07:40:21.894706+00:00,individual,ফোন এ কোনো সমিস্যা নাই।
Xiaomi Redmi Note 13 256 GB Black,17999,Used,"Rajshahi, Kazla",4 hours ago,https://bikroy.com/kazla/mobile-phones/xiaomi-redmi-note-13-256-gb-black-wCZIz7KOcmx7MZxDbzSrq4PF.html,5,2026-09-03T07:40:22.628216+00:00,individual,"Redmi note 13 5G 
8/256GB Indan phone 
Call me"
Xiaomi 15T 256 GB Black,62000,Used,"Chattogram, Kotwali, Chattogram",01/06,https://bikroy.com/kotwali/mobile-phones/xiaomi-15t-256-gb-black-3QIHe2Hf3IMHCTw8Kq5CUmU.html,5,2026-09-03T07:40:23.325225+00:00,individual,Full fresh phone without any scratch. Bought 3 months ago but barely used. Right now switching to iPhone that's the only reason I'm selling this phone. Brand new condition. For more information contact with me.
New Xiaomi 256 GB White,39999,Brand New,"Chattogram, Agrabad",2 hours ago,https://bikroy.com/agrabad/mobile-phones/new-xiaomi-256-gb-white-yL7T2JE6hFTyCSEeveH4a9di.html,2,2026-09-03T07:40:24.065253+00:00,individual,"To know the price of any updated product, like and follow our page to stay with us. Our page link - 
** Call or Whatsapp. 
** Redmi Turbo 5 (12/256) 5G.
 
- Address :
Shop- 537, Level -5 (4th floor of capsule lift, go straight after exiting the lift, JojoBD)
Akhtaruzzaman Center, Agrabad, Chittagong."
Xiaomi Redmi 512 GB Black,49000,Used,"Chattogram, Pahartali",08/06,https://bikroy.com/pahartali/mobile-phones/xiaomi-redmi-512-gb-black-feRPJ6Q42ZlXAoPXFjKjfH4P.html,5,2026-09-03T07:40:24.791577+00:00,individual,"Assalamu Alaikum.
Only those who are interested in taking the mobile should call or message. Please quote the price considering the market. This is not 256 GB storage, it is 512 GB storage, so please check the price accordingly. I have given the price I can offer. If you are interested at 49 thousand, please inbox me. If you want to know anything else, that can also be discussed."
Xiaomi Redmi Note 14 Pro+ 256 GB Black,35000,Used,"Chattogram, Sitakunda",26/08,https://bikroy.com/sitakunda/mobile-phones/xiaomi-redmi-note-14-pro-256-gb-black-64DinkGUTU55xUj1GyttVAWo.html,4,2026-09-03T07:40:25.481160+00:00,individual,"Model: Redmi note 14 pro+ 5g
RAM:12+4GB
ROM:256 GB
Snapdragon 7s gen 3 processor
Camera:50mp main + 50mp telephoto+8mp ultrawide(front:20mp)
Full fresh condition.
With full box+charger
Mobile dekhar jonno must location e aste hobe."
Xiaomi 15 Ultra 16/512 GB (Used),84999,Used,"Chattogram, Nasirabad",1 hour ago,https://bikroy.com/nasirabad/mobile-phones/xiaomi-15-ultra-16-512-gb-used-2Vd8pN0uvGHT1C1J5CHTxKai.html,4,2026-09-03T07:40:26.103938+00:00,individual,"🔥 Like New Deal — Flagship Beast Ready! 🔥

📱 Xiaomi 15Ultra
✨ Only 1Month Used | Full Fresh Condition

⚡ 16GB RAM | 512GB Storage | 📸 Flagship Leica Camera | ✨ Premium Design

💰 Price: 84,990/- 💥💥

🚚 Delivery Available | 🔄 Exchange Available | 💳 EMI Available

🛡️ 15-Day Replacement Guarantee | Lifetime Service Warranty

📞 
🌐 www.decentbd.com

📍𝐅𝐢𝐧𝐥𝐚𝐲 𝐒𝐪𝐮𝐚𝐫𝐞, Level-4, Shop-406, 2No Gate, Nasirabad, Chattogram
📍𝐅𝐢𝐧𝐥𝐚𝐲 𝐒𝐨𝐮𝐭𝐡 𝐂𝐢𝐭𝐲, Level-5, Shop-525, Bahaddarhat, Chattogram

#Xiaomi15Ultra #FlagshipPhone #UsedPhoneBD #ChattogramDeals #decentbd Show more"
Xiaomi Redmi Note 15 Pro+ 256 GB Silver,45000,Used,"Chattogram, Oxygen",14/07,https://bikroy.com/oxygen/mobile-phones/xiaomi-redmi-note-15-pro-256-gb-silver-63fhz54wSywIc0XpJyJfzslt.html,5,2026-09-03T07:40:26.860667+00:00,individual,I need money urgently. That's why I'm gonna sell my handset. Everything is okay. Device is fresh. For more details Please contact me 019XXXXXXXX
Xiaomi 13 Pro China Global (Used),38000,Used,"Chattogram, Kotwali, Chattogram",23/05,https://bikroy.com/kotwali/mobile-phones/xiaomi-13-pro-chin-global-used-8w7vo1pyRcusVMX7GyTTXVec.html,4,2026-09-03T07:40:27.646113+00:00,individual,The phone is in pristine condition; feel free to inspect it thoroughly before purchasing. It comes with a 67W charger and features a DSLR-like camera. WhatsApp for more details. The phone is completely scratch-free.
Xiaomi 17 256 GB Green,85000,Used,"Chattogram, Chawkbazar",1 hour ago,https://bikroy.com/chawkbazar/mobile-phones/xiaomi-17-256-gb-green-8Xup8fLAEpIqYC1vPEFxOsxq.html,3,2026-09-03T07:40:28.041014+00:00,individual,"Xiaomi 17
Just open Box,
like new condition
with Box and everything"
New Xiaomi Redmi Note 15 Pro+ 256 GB Black,42999,Brand New,"Chattogram, Agrabad",1 hour ago,https://bikroy.com/agrabad/mobile-phones/new-xiaomi-redmi-note-15-pro-256-gb-black-d3Ujl6ZAXp2p3YEHED5lbycC.html,3,2026-09-03T07:40:28.656807+00:00,individual,"Stay with us by liking and following our page to get updates on product prices. Our page link - 
** Call or message us on WhatsApp at the number provided on Bikroy to buy a phone on installment.
---------------
Address:
Shop- 537, Level-5 (4th floor of capsule lift, 
Go straight after exiting the lift, JojoBD)
Akhtaruzzaman Center, 
Agrabad, Chittagong."
Xiaomi Redmi Turbo 4 Pro 256 GB White,37000,Used,"Chattogram, Fatikchari",12/08,https://bikroy.com/fatikchari/mobile-phones/xiaomi-redmi-turbo-4-pro-256-gb-white-iOfIzFckfG6fZygTjzjc6qFn.html,5,2026-09-03T07:40:28.989610+00:00,individual,"Redmi Turbo 4 Pro (16GB/256GB) – Like New
 Used for only 1 month
 10/10 condition, no scratches or issues
 Everything works perfectly
 Includes original box, original charger, and all accessories
 Personal use phone"
New Xiaomi Redmi Note 15 Pro+ 256 GB Blue,38999,Brand New,"Chattogram, Agrabad",1 hour ago,https://bikroy.com/agrabad/mobile-phones/new-xiaomi-redmi-note-15-pro-256-gb-blue-8jgKGdvR61B79ooFhPmRAJjZ.html,3,2026-09-03T07:40:29.935591+00:00,individual,"Stay with us by liking our page to get the price of any updated product. Our page link: 
Address:
Shop- 537, Level-5 (4th from capsule lift,
Go straight after exiting the lift, JojoBD)
Akhtaruzzaman Center,
Agrabad, Chittagong."
Xiaomi 14 Ultra 512 GB Black,70000,Used,"Chattogram, Cornelhat",02/05,https://bikroy.com/cornelhat/mobile-phones/xiaomi-14-ultra-512-gb-black-BzHrSBx0gTVVk20uDrWvsikO.html,4,2026-09-03T07:40:30.243944+00:00,individual,"Set is in full fresh condition. Used for 1 year, imported from abroad. Comes with full box. Has a minor scratch on the bumper, otherwise everything is okay and in full fresh condition."
Xiaomi 15T Pro 512 GB Bronze,75000,Used,"Chattogram, Chawkbazar",2 hours ago,https://bikroy.com/chawkbazar/mobile-phones/xiaomi-15t-pro-512-gb-bronze-fdYks0bIJEFupMHqg6rDoqTK.html,3,2026-09-03T07:40:30.797304+00:00,individual,"Xiaomi 15T pro with Box
12/512
12/256 available 
Global Edition 
Few days Used."
Xiaomi Redmi Turbo 4 Pro 256 GB Black,36500,Used,"Chattogram, Agrabad",19/08,https://bikroy.com/agrabad/mobile-phones/xiaomi-redmi-turbo-4-pro-256-gb-black-dNeFnojajb5ftjA6J7xIoPqj.html,5,2026-09-03T07:40:31.591803+00:00,individual,Xiaomi Redmi Turbo 4 Pro. Color: Black. 12/256GB. Box: IMEI matching Fullbox. Condition: No Internal issues (Carefully used). Usage: 09 months. Reason for selling: Upgrading. Key Features: - Military-grade rugged design - AMOLED display 120Hz - Long battery life 7650 mAh - Snapdragon 8s Gen 4 - Original IMEI matching box
New Xiaomi 12S 128 GB Purple,25555,Brand New,"Chattogram, Agrabad",2 hours ago,https://bikroy.com/agrabad/mobile-phones/new-xiaomi-12s-128-gb-purple-xcUJjktiR1LrKEzKCyRHTkbX.html,5,2026-09-03T07:40:32.160262+00:00,individual,"only set+cashmemo
Security jnne nid dewa jabe
Location Must
Location Agrabad 
Full fresh mobile 
Cheek kore nite parben all ok
Taka lagbe ty sell kore dicci"
Xiaomi Poco X3 128 GB Blue,18000,Used,"Chattogram, Bakoliya",23/08,https://bikroy.com/bakoliya/mobile-phones/xiaomi-poco-x3-128-gb-blue-f4Boi5BRTnP3B8mCt7kZxcwd.html,3,2026-09-03T07:40:32.751960+00:00,individual,"The phone has been running for 2 years, there are some minor issues, but you need to talk directly and take it"
Xiaomi Redmi Note 13 Pro+ 256 GB Black,26000,Used,"Chattogram, Khulshi",2 days ago,https://bikroy.com/khulshi/mobile-phones/xiaomi-redmi-note-13-pro-256-gb-black-VKAmVpljP9od9lam5Y4eKxo.html,4,2026-09-03T07:40:33.459807+00:00,individual,"The mobile has no problems at all, completely fresh. Location: you have to come and see it. I need money urgently, so I am selling it. The mobile is completely fresh with no problems. Contact Number 013XXXXXXXX"
Xiaomi Redmi Note 14 Pro 256 GB Black,24900,Used,"Chattogram, Muradpur",1 hour ago,https://bikroy.com/muradpur/mobile-phones/xiaomi-redmi-note-14-pro-256-gb-black-rffYLKHM7KGnMh9sJgKtRjq3.html,4,2026-09-03T07:40:33.998357+00:00,individual,"Redmi Note 14 Pro 
Official 
8/256 
Full box with original charger... 
 Benefits:
 15-day replacement guarantee
 Device – Trusted Mobile Shop
 Shop No: 319, 3rd Floor (Lift 2 )
 CPDL RB Midtown Market, Muradpur, Chattogram (Beside Mecca Hotel)"
Xiaomi Redmi Note 14 Pro 128 GB Black,25000,Used,"Chattogram, Mirsharai",16 hours ago,https://bikroy.com/mirsharai/mobile-phones/xiaomi-redmi-note-14-pro-128-gb-black-rXmH2KA22P2ezM6qdQfkdidH.html,4,2026-09-03T07:40:34.606459+00:00,individual,"Purchased from Dazzel, still under replacement warranty. It is still like new. You will get everything just like a brand new mobile."
New Xiaomi Redmi Note 13 Pro 512 GB White,28999,Brand New,"Chattogram, Agrabad",1 hour ago,https://bikroy.com/agrabad/mobile-phones/new-xiaomi-redmi-note-13-pro-512-gb-white-tPHhvfyNmz6MkrkovpiNd1HA.html,2,2026-09-03T07:40:35.344951+00:00,individual,"Call or message us on WhatsApp at our number provided on Bikroy to buy a phone on EMI. 
 REDMI NOTE 13 PRO GLOBAL 12/512
Address: Shop- 537, Level -5 (4th floor of capsule lift, go straight after exiting the lift (JojoBD)), Akhtaruzzaman Center, Agrabad, Chittagong."
Xiaomi Redmi Note 15 256 GB White,29000,Used,"Chattogram, Hathazari",17/08,https://bikroy.com/hathazari/mobile-phones/xiaomi-redmi-note-15-256-gb-white-de1HJMGbDHLQmgQx2SUsIH8H.html,3,2026-09-03T07:40:35.941123+00:00,individual,"I bought the mobile not too long ago, selling it due to a need for money. There are no problems with the mobile, box and charger are all included."
Xiaomi Redmi Note 15 256 GB Black,31000,Used,"Chattogram, Baizid",09/08,https://bikroy.com/baizid/mobile-phones/xiaomi-redmi-note-15-256-gb-black-C3Cungfif9rjmvLA76kSEQxT.html,3,2026-09-03T07:40:36.397898+00:00,individual,"Brought from China a few months ago. It is in absolute fresh condition, not used very much. The phone is very light and has a slim body. Supports 6000mAh battery and 33W fast turbo charging."
Xiaomi Redmi Note 15 128 GB Black,20000,Used,"Chattogram, Halishahar",26/08,https://bikroy.com/halishahar/mobile-phones/xiaomi-redmi-note-15-128-gb-black-jOGCAV3aZgsYGKZYrzQkoFy9.html,5,2026-09-03T07:40:36.963412+00:00,individual,"Redmi Note 15 will be sold. Official set, used for only 3 months, absolutely fresh condition. Since it is an installment phone, the box is at the shop and will be given once the installments are finished. For the buyer's protection, a video statement and NID copy can be provided. It is my full responsibility to hand over the original box to the buyer as soon as the installment is completed.
NID 
Mo 019XXXXXXXX"
Xiaomi Redmi Note 14 Pro 256 GB Black,25500,Used,"Chattogram, Muradpur",1 hour ago,https://bikroy.com/muradpur/mobile-phones/xiaomi-redmi-note-14-pro-256-gb-black-fsM6uOMUuL9Y9k0AFqYKnpFv.html,3,2026-09-03T07:40:37.664842+00:00,individual,"Redmi note 14 pro 
Official full box... 
8/256 
 Benefits:
 15 days replacement guarantee
 Device – Trusted Mobile Shop
 Shop No: 319, 3rd Floor (Lift 2 )
 CPDL RB Midtown Market, Muradpur, Chittagong (Next to Makkah Hotel)"
New Xiaomi 15 Pro 256 GB Black,32000,Brand New,"Chattogram, Mirsharai",25/08,https://bikroy.com/mirsharai/mobile-phones/new-xiaomi-15-pro-256-gb-black-wBSW18Q0WHJYfcCfV1gnC3D4.html,4,2026-09-03T07:40:38.354844+00:00,individual,Brought from Dubai. Never used.
Xiaomi Redmi Note 15 128 GB Black,26000,Used,"Chattogram, Chandgaon",31/08,https://bikroy.com/chandgaon/mobile-phones/xiaomi-redmi-note-15-128-gb-black-ywJDNiFSBV6L1oh1vHpUCpI5.html,3,2026-09-03T07:40:38.929876+00:00,individual,"Full box
Location : bahadarhat 018XXXXXXXX"
