raw_title,price,condition_raw,location,posted_date,url,photo_count,scraped_at,seller_type,description
Apple iPhone 13 Pro 256 GB Green,57500,Used,"Chattogram, Agrabad",25/09,https://bikroy.com/agrabad/mobile-phones/apple-iphone-13-pro-256-gb-green-yL97vNmcPNz0yB6Xht1t4jl.html,4,2026-10-07T08:50:28.595575+00:00,individual,iPhone 13 Pro Max 256 GB Everything original
Apple iPhone 15 Pro 256 GB Blue,90000,Used,"Rajshahi, Shaheb Bazar",6 hours ago,https://bikroy.com/shaheb-bazar/mobile-phones/apple-iphone-15-pro-256-gb-blue-wQ01JX61flblQEsEtp0vo4Wi.html,4,2026-10-07T08:50:30.722588+00:00,individual,"IPhone 15 pro 
256 gb 87 bh 
2031 year porjonto waranty available 
Super condition 
7 days replacement guarantee  
1 year service waranty  
#exchange possible 
Our Address :
Smart Choice , Shop No. 211 , 
City center , Beside of Rajshahi College , Sonadigir mor Rajshahi
Call for any details:"
Samsung Galaxy Z Flip 5 256 GB Pink,41500,Used,"Chattogram, Agrabad",2 hours ago,https://bikroy.com/agrabad/mobile-phones/samsung-galaxy-z-flip-5-256-gb-pink-sAYIdSaKXgmCwxdKb34IJCl6.html,4,2026-10-07T08:50:32.965192+00:00,individual,"Samsung ZFlip 5
Super Flagship device 
100% genuine device No security issues... 
Ram 8+256
With chgr"
Samsung Galaxy S21 FE 5G 128 GB Gray,22000,Used,"Rajshahi, Kadirgonj",3 hours ago,https://bikroy.com/kadirgonj/mobile-phones/samsung-galaxy-s21-fe-5g-128-gb-gray-ndhaGyMRncbbBhlt1Hua21BY.html,4,2026-10-07T08:50:33.718909+00:00,individual,"Welcome to the address of new and trusted gadgets! 
Come to Phone Deal Point today for your favorite smartphone, accessories and best servicing. Great opportunity to buy and sell new and used mobile phones!
 Address:
ShopnoChura Plaza (2nd Floor), Shop No- 259, Kadirganj, Rajshahi.
Your trust is our strength. 
 Everyone is cordially invited!"
Xiaomi 14 Pro 256 GB Green,45500,Used,"Dhaka, Jatrabari",22/09,https://bikroy.com/jatrabari/mobile-phones/xiaomi-14-pro-256-gb-green-8acw9B6lMWyhoeLXZixxp482.html,5,2026-10-07T08:50:35.361245+00:00,individual,"Xiaomi 14 pro 12/256
only phone (global)"
Xiaomi 15 256 GB White,48500,Used,"Dhaka, Mirpur",01/10,https://bikroy.com/mirpur/mobile-phones/xiaomi-15-256-gb-white-boSh7MlGcjFMMQc2o8mNLTu2.html,5,2026-10-07T08:50:35.930131+00:00,individual,"Xiaomi 15 12-256 (white) only device

Chinese variant

Full fresh condition

Mobile E Kono spot & dent scratch kichu nei (Check kore nien)

92 percent battery health

 
Location : Mirpur 2(Dcc) / Gulshan 2

Mobile + Cashmemo + security provide korbo"
Xiaomi Redmi Turbo 4 Pro 256 GB White,38000,Used,"Dhaka, Basabo",12/09,https://bikroy.com/basabo/mobile-phones/xiaomi-redmi-turbo-4-pro-256-gb-white-C5wbeEjm8POpjFUElQY0VLeE.html,3,2026-10-07T08:50:36.630846+00:00,individual,New condition Mobile
Xiaomi Redmi 15C 256 GB Black,17500,Used,"Dhaka, Baridhara",08/09,https://bikroy.com/baridhara/mobile-phones/xiaomi-redmi-15c-256-gb-black-8MdEmS61enj5DDVf5TVn71Qg.html,5,2026-10-07T08:50:37.314507+00:00,individual,"একদম নতুনের মত ফ্রেশ ফোন কোন প্রকার দাগ স্কাছ নেই দুই মাস হল নতুন কেনা হয়েছে সাথে অরিজিনাল 33W fast charging & box আছে, ভাল মানের একটি ব্যাক কবার আছে ৬০০০ ব্যাটারি চার্জ বেকআপ খুবই ভালো মোবাইলের কোন সমস্যা নেই যত খুশী দেখে নিবেন।"
Xiaomi Mi 11 Ultra 256 GB Black,31500,Used,"Dhaka, Jatrabari",07/09,https://bikroy.com/jatrabari/mobile-phones/xiaomi-mi-11-ultra-256-gb-black-aKhhhzEEKguu0Jwt7puBML2f.html,3,2026-10-07T08:50:38.056800+00:00,individual,Just 1 months used. No repair issue. Not a single scratch. Dubai theke ana hoise. Just Mobile paben. R security er jonno ja ja bolben sob kisu provide Kora hobe.
Xiaomi Redmi 15 128 GB Black,17500,Used,"Dhaka, Tongi",08/09,https://bikroy.com/tongi/mobile-phones/xiaomi-redmi-15-128-gb-black-utosDnaQeywZptFAOAU7tooN.html,5,2026-10-07T08:50:38.649933+00:00,individual,"ফোনে কোন ধরনের কোন সমস্যা নেই। আপনি যত খুশি দেখে নিতে পারবেন। ফোন ফুল ফ্রেশ কন্ডিশনে আছে। ফোনের সাথে বক্স, চার্জার সব কিছু আছে। ইমারজেন্সি টাকার প্রয়োজন তাই বিক্রি করছি।"
Samsung Galaxy S22 Ultra 256 GB Pink,25000,Used,"Rajshahi, Mohanpur",28/09,https://bikroy.com/mohanpur/mobile-phones/samsung-galaxy-s22-ultra-256-gb-pink-7ZzlPupDZFm4RvwsQBU333tp.html,4,2026-10-07T08:50:39.253976+00:00,individual,"The phone's motherboard has a dead issue, everything else is okay."
Samsung Galaxy S22 Ultra 256 GB Green,45000,Used,"Rajshahi, Kazla",15/09,https://bikroy.com/kazla/mobile-phones/samsung-galaxy-s22-ultra-256-gb-green-zPATtyRhNXetTQRvcrLgegAQ.html,5,2026-10-07T08:50:40.020937+00:00,individual,"Charger, case, and memo, everything is available. 
No box. And there are no problems at all, you can check before taking."
Samsung Galaxy S22 Ultra 256 GB Green,25000,Used,"Chattogram, Halishahar",20/09,https://bikroy.com/halishahar/mobile-phones/samsung-galaxy-s22-ultra-256-gb-green-aY2O4prqlaTGY9LtDrLHs3yL.html,4,2026-10-07T08:50:40.672957+00:00,individual,"Full fresh set, No Cracks or dents in the body. Fully functional, everything in Great condition, just display problem. Display shows Only white color, at first it showed some Green line, after few months it's showing only white in full display, but there is not crack or spot in the display. Box and cable available, set bought from Germany."
Samsung Galaxy S24 256 GB Silver,45000,Used,"Chattogram, Baizid",1 day ago,https://bikroy.com/baizid/mobile-phones/samsung-galaxy-s24-256-gb-silver-iHuGkpBUdznRfpZDSNRU1hoZ.html,3,2026-10-07T08:50:41.123645+00:00,individual,Completely fresh condition. No scratches. Mobile + white back cover + screen protector + whole body protection will be provided
Samsung Galaxy S24 Ultra 1 TB Blue,95000,Used,"Dhaka, Basundhara",3 hours ago,https://bikroy.com/basundhara/mobile-phones/samsung-galaxy-s24-ultra-1-tb-blue-1JJalBdm0IPdDlhiwQedPBo7.html,3,2026-10-07T08:50:41.686779+00:00,individual,"Samsung S24 Ultra
Storage: 12/1TB
Color: Blue
With Full Box
Price: 95K
Looking for a flagship phone?
Visit Now:
Call:

Shop Address:
Bashundhara Outlet.
Basement 01, Shop No. 26

Jamuna Outlet.
Level 04, Block-B (North Court), Shop No. 26"
Samsung Galaxy S24 Ultra 256 GB Purple,75000,Used,"Dhaka, Khilgaon",23/09,https://bikroy.com/khilgaon/mobile-phones/samsung-galaxy-s24-ultra-256-gb-purple-kAq4kMpZveydxIynEwwDJhxZ.html,3,2026-10-07T08:50:42.376606+00:00,individual,"Selling Samsung Galaxy S24 Ultra 256GB in excellent, almost like-new condition. The phone was used only for a few days and has been handled very carefully.
 256GB Storage
 Super fresh condition – no noticeable scratches or dents
 100% original & fully functional
 Official phone status shown in device settings
 5000mAh battery, Battery Level 1"
Samsung Galaxy S24 Ultra 256 GB Gray,84500,Used,"Dhaka, Jatrabari",1 day ago,https://bikroy.com/jatrabari/mobile-phones/samsung-galaxy-s24-ultra-256-gb-gray-63kR4mkl634w84c3w8vLFzrk.html,5,2026-10-07T08:50:42.799660+00:00,individual,"Samsung S24 Ultra
12/256GB
Amazing battery backup
All authentic ✅
No scratches
Laminated
S Pen OK
Water Resistant
No issues ✅
First owner
Box, memo, cable all available
Location: Wari or Motijheel"
Samsung Galaxy S24 256 GB Black,44000,Used,"Dhaka, Jamuna Future Park",2 hours ago,https://bikroy.com/jamuna-future-park/mobile-phones/samsung-galaxy-s24-256-gb-black-hVFLfmVhBQiR7n8u6IUKqRS6.html,5,2026-10-07T08:50:43.390126+00:00,individual,"Samsung S24 -Best condition 
•Used (Only Device)
• 8/256 GB Storage
• Color: Black
• Absolutely fresh, no issues
• Box/Charger: None
• Price: ৳44000

We Will Provide:
7 days replacement guarantee
(without display & software update issue)
3 years free service warranty"
Samsung Galaxy Note 20 Ultra 5G 128 GB,26500,Used,"Dhaka, Mirpur",01/10,https://bikroy.com/mirpur/mobile-phones/samsung-galaxy-note-20-ultra-5g-128-gb-i0CVhTRnGEz7wNPZbnIvhilS.html,4,2026-10-07T08:50:44.105185+00:00,individual,"Assalamu Alaikum Warahmatullahi Wabarakatuh
This mobile phone in my hand needs to be sold urgently - only the display has been replaced
However, Alhamdulillah, a very good display has been installed Alhamdulillah - completely fresh
Fingerprint 100-100 Alhamdulillah
No problems of any kind
Note: Only the shop memo will be provided"
Samsung Galaxy A56 256 GB Green,32990,Used,"Dhaka, Mirpur",3 hours ago,https://bikroy.com/mirpur/mobile-phones/samsung-galaxy-a56-256-gb-green-kBhnejCG4jKVYlzRmYbD0RYr.html,4,2026-10-07T08:50:44.824312+00:00,individual,"R>Adiva Telecom>
Shop No: 34, 3rd Floor, Baghdad Shopping Complex, Mirpur- 1, Dhaka- 1216...
The phone is 100% genuine and we offer a 7-day replacement guarantee and 1-year free service warranty. (Without Parts)
Free courier charge all over Bangladesh
Exchange offer. Discount price."
Apple iPhone 14 Pro 128 GB Purple,68000,Used,"Rajshahi, Boalia",1 day ago,https://bikroy.com/boalia/mobile-phones/apple-iphone-14-pro-128-gb-purple-wBfRwl2Kov8MjwH979hEjUDT.html,4,2026-10-07T08:50:45.547542+00:00,individual,"iPhone 14 Pro
128GB
Purple Color 🟣
Face ID ✅
Original display ✅
Original battery ✅
78% Health
Full fresh condition
Price slightly negotiable
No box or charger
Only phone
Location: Alupotti"
Apple iPhone 14 Pro Max 128 GB Black,70000,Used,"Rajshahi, Shaheb Bazar",6 hours ago,https://bikroy.com/shaheb-bazar/mobile-phones/apple-iphone-14-pro-max-128-gb-black-x5zW7a4cKNJe9TKWrKb9IOa5.html,3,2026-10-07T08:50:46.143848+00:00,individual,"IPhone 14 pro max 

128 gb 87 bh

Physical sim

Super condition  

7 days replacement guarantee   
1 year service waranty   

#exchange possible  

Our Address :
Smart Choice  ,  Shop No. 211 , 
City center , Beside of Rajshahi College , Sonadigir mor Rajshahi

Call for any details 017XXXXXXXX"
Apple iPhone 14 128 GB White,46000,Used,"Rajshahi, Shaheb Bazar",6 hours ago,https://bikroy.com/shaheb-bazar/mobile-phones/apple-iphone-14-128-gb-white-3XnQatDC4PfHfWZbV0tHoBAo.html,3,2026-10-07T08:50:46.863897+00:00,individual,"IPhone 14
128 gb 90 bh
Physical sim
Super condition 
7 days replacement guarantee  
1 year service waranty  
#exchange possible 
Our Address :
Smart Choice , Shop No. 211 , 
City center , Beside of Rajshahi College , Sonadigir mor Rajshahi
Call for any details:"
Apple iPhone 12 Pro 256 GB Black,40000,Used,Rajshahi,1 day ago,https://bikroy.com/rajshahi/mobile-phones/apple-iphone-12-pro-256-gb-black-BRRJ8qHAqnozhKqwiBcscJpj.html,5,2026-10-07T08:50:47.573062+00:00,individual,"Phone 12 Pro (256GB)
USA variant
Battery changed from Jamuna Future Park!
Original battery will also be provided with the phone
Original display
1 Physical SIM
1 eSIM
Face ID and True Tone are working 
4 back covers will be given with the phone
An iPhone 12 Pro to 17 Pro converter will be provided so you can use your 12 Pro like a 17"
Apple iPhone 12 64 GB Blue,25000,Used,Rajshahi,23 hours ago,https://bikroy.com/rajshahi/mobile-phones/apple-iphone-12-64-gb-blue-wnhzFaCXA1udR6utDXFbTuae.html,5,2026-10-07T08:50:48.041861+00:00,individual,Front glass is cracked but it is fully waterproof
Apple iPhone 16 Pro Max 256 GB Rose Gold,115000,Used,"Chattogram, New Market, Chattogram",12/09,https://bikroy.com/new-market/mobile-phones/apple-iphone-16-pro-max-256-gb-rose-gold-uJo9OsH8r61ll8LIDA7QG69D.html,5,2026-10-07T08:50:48.691678+00:00,individual,"The mobile was sent from Dubai, used by a single person, fully fresh body with no scratches
Battery health 90%
Original box is available, security can be provided if wanted
You can check it to your heart's content, no issues at all
Call directly at 019XXXXXXXX"
Apple iPhone 14 128 GB Black,60000,Used,"Chattogram, Agrabad",25/09,https://bikroy.com/agrabad/mobile-phones/apple-iphone-14-128-gb-black-m8ZacFWUywvwx8UEEDTEBnqX.html,4,2026-10-07T08:50:49.327747+00:00,individual,"iPhone 14 128GB — Midnight | Like New

Purchased from Canada on 14 Jan 2026. Battery Health: 100%. Used only ~15 days. Absolutely like new. Model: MPUD3VC/A. No issue, repair, or damage. Everything works perfectly.

Reason: Upgrading to iPhone 17.
Price: 60,000 BDT (Fixed)
Inbox if interested."
Apple iPhone 14 Pro 512 GB White,35000,Used,"Chattogram, Baizid",08/09,https://bikroy.com/baizid/mobile-phones/apple-iphone-14-pro-512-gb-white-AdtVOIeV1LUCPL2LMkQejcl.html,5,2026-10-07T08:50:49.877600+00:00,individual,"ফোনটি একবারে ফুল ফ্রেশ আছে,পুরস্কারের মাধ্যমে ফোনটি পেয়েছিলাম,আমার আরেকটি মোবাইল ফোন আছে,এর জন্য রাখা কোন ইচ্ছা নাই,এজন্য কম দামে দিয়ে দিচ্ছি ফোনে কোন দাগ বা কোন কিছু চেঞ্জ করা হয়নি ফোন খুলাও হয়নি ,
যারা নিতে চান তারা শুধু মেসেজ দিবেন অযথা মেসেজ বা কল দিয়ে বিরক্ত করবেন না,যারা নিতে চান হয়তো এসে নিয়ে যাবেন বা কুরিয়ারের মাধ্যমে নিতে পারেন"
Apple iPhone SE (2022) 64 GB Red,20000,Used,"Chattogram, Agrabad",30/09,https://bikroy.com/agrabad/mobile-phones/apple-iphone-se-2022-64-gb-red-cS0hnt992iC1tion4ro4tHdv.html,4,2026-10-07T08:50:50.335345+00:00,individual,"All things are ok and Orginal no repair history. No box , only security paper what you want. Exchange possible with iPhone 13"
Apple iPhone 14 128 GB White,43990,Used,"Chattogram, Muradpur",03/10,https://bikroy.com/muradpur/mobile-phones/apple-iphone-14-128-gb-white-7I40sJYYcNTpyKpCSJ2KykQT.html,3,2026-10-07T08:50:50.974176+00:00,individual,"iPhone 14 
Battery Health 88% 
All working fine... 
All original parts... 
Never opened or repaired... 
Feel free to check everything thoroughly... 
Will check it with 3uTools for you, 
Includes a free silicone case,"
Apple iPhone 16 Pro Max 256 GB Black,115000,Used,"Dhaka, Uttara",3 hours ago,https://bikroy.com/uttara/mobile-phones/apple-iphone-16-pro-max-256-gb-black-1BLbkZMfweM1bBkMPpR3S4cT.html,3,2026-10-07T08:50:51.724244+00:00,individual,"iPhone 16 Pro Max 256GB Black
Battery Health 97%
Physical Sim & eSIM
Indian Variant
7 Days Replacement & 1 Year Service Warranty
EMI Facility is also AVAILABLE
Contact Us
Exchange Hub
Shop No: 610, 611, 628 & 629 Level-6, Tropical Alauddin Tower
Sector 3, Road 2, Rajlaxmi, Uttara.
Call for Details 017XXXXXXXX"
Apple iPhone 16 Pro Max 512 GB White,111000,Used,"Dhaka, Uttara",3 hours ago,https://bikroy.com/uttara/mobile-phones/apple-iphone-16-pro-max-512-gb-white-3hwuTYIk04pOo81rXiDFOMWG.html,4,2026-10-07T08:50:52.441327+00:00,individual,"iPhone 16 Pro Max | Pre-Owned 
 512GB Storage
 USA Variant
 Box Available
 Battery Health: 87%
 100% Original & Non-Refurbished Product
 Exchange Hub
 Shop No: 610, 611, 628 & 629, Level-6
Tropical Alauddin Tower, Sector 3, Road 2
Rajlaxmi, Uttara, Dhaka"
Apple iPhone 16 Pro Max 512 GB Gold,132000,Used,"Dhaka, Baridhara",2 hours ago,https://bikroy.com/baridhara/mobile-phones/apple-iphone-16-pro-max-512-gb-gold-A7FJrH8HJcOcXgZkUGfoohl7.html,3,2026-10-07T08:50:52.971784+00:00,individual,iPhone 16 Pro Max available at Jamuna Future Park.
Apple iPhone 13 Pro 128 GB Blue,52000,Used,"Dhaka, Motalib Plaza",2 hours ago,https://bikroy.com/motalib-laza/mobile-phones/apple-iphone-13-pro-128-gb-blue-Ce2UjyniiOYHuRN1Of7cxir2.html,5,2026-10-07T08:50:53.464181+00:00,individual,"Buy your favorite smartphone now with even more peace of mind!
Detailed Information:
• Model: iPhone 13 Pro
• Storage: 128 GB
• Battery Health: 88%
10 days Replacement Guarantee
3 years Service Warranty
Check and buy, use with peace of mind!
Good quality phone at the best price—grab your favorite phone.
Address:
Shop No: 510/A, Motalib Plaza, Hatirpool, Dhaka"
Apple iPhone 16 Pro 128 GB,95000,Used,"Dhaka, Mohammadpur",3 hours ago,https://bikroy.com/mohammadpur/mobile-phones/apple-iphone-16-pro-128-gb-2X4UJWabugdbAdhVL6jb2Djr.html,3,2026-10-07T08:50:54.003901+00:00,individual,"Name:Iphone 16 Pro
 Color:Natural Titanium Bh 88%
 Storage:128GB
Limited warranty 10 September 2026
  Used like new
 WithFull box
Price:-Call for best price 
Used Mobile: 3Days replacement & 6months service warrenty or New mobile: 7days replacement & 1year service warrenty included  
Contact number 018XXXXXXXX"
Apple iPhone 13 Pro 256 GB Black,52000,Used,"Dhaka, Mogbazar",2 hours ago,https://bikroy.com/mogbazar/mobile-phones/apple-iphone-13-pro-256-gb-black-94z79tZVuJEpdtdKFF2qwGS8.html,5,2026-10-07T08:50:54.724880+00:00,individual,"USA variant, 256GB, Graphite Black, Battery Health 74% (original), Display, True Tone, Body all OK (never opened), Box available. Charger, cable, headphones not included."
Apple iPhone 11 Pro 256 GB Black,34500,Used,"Dhaka, Mohammadpur",5 hours ago,https://bikroy.com/mohammadpur/mobile-phones/apple-iphone-11-pro-256-gb-black-dNZgpdst4x0e8W2unD1TSvfw.html,2,2026-10-07T08:50:55.516653+00:00,individual,"Iphone 11 Pro 256GB 92% Battery Health, Contact number -"
Apple iPhone 11 128 GB Black,25000,Used,"Dhaka, Kamrangirchar",03/10,https://bikroy.com/kamrangirchar/mobile-phones/apple-iphone-11-128-gb-black-rMVTiIzyYZRsSBILULDSsPqp.html,5,2026-10-07T08:50:56.024104+00:00,individual,"আসসালামুআলাইকুম 
iphone 11 (128gb )
ফোন টি ফুল ফ্রেস কন্ডিশন কোন সমস্যা নাই।
ডিসপ্লে অরিজিনিয়াল।
ফেইস আইডি ওকে।
ট্রুটন ওকে।
বেটারি হেল্থ। ৭৬%
ফোনের সাথে সব ধরনের সিকিউরিটি দেওয়া যাবে।
ফোন টি একচেঞ্জ করতে পারবেন সুধু iphone এর সাথে ।
যারা নিবেন এখুনি যোগাযোগ করুন । ধন্যবাদ"
Apple iPhone 11 128 GB Purple,25490,Used,"Dhaka, Rampura",2 hours ago,https://bikroy.com/rampura/mobile-phones/apple-iphone-11-128-gb-purple-48ogBzo680gkEqrXWbPCiL7l.html,3,2026-10-07T08:50:56.707270+00:00,individual,"IPhone 11 (128) GB Super Fresh 
No internal or external problem 
More information call 017XXXXXXXX"
Xiaomi Civi 5 Pro 256 GB,39000,Used,"Dhaka, Mirpur",29/09,https://bikroy.com/mirpur/mobile-phones/xiaomi-civi-5-pro-256-gb-yCBuVAb1jlcbYouqbNxt7VQv.html,5,2026-10-07T08:50:57.419886+00:00,individual,"12/256
Battery 99
Cycle count 107
Box charger cashmemo
Full fresh condition"
New Xiaomi 17T 256 GB,67000,Brand New,"Dhaka, Jamuna Future Park",2 hours ago,https://bikroy.com/jamuna-future-park/mobile-phones/new-xiaomi-17t-256-gb-fMbn7o9peT9ED4GfNgDXY0V7.html,5,2026-10-07T08:50:57.864951+00:00,individual,"Xiaomi 17T
BD official 
Cycle count : 8
12GB 256GB
Full Fresh condition 
Price: 67000 Tk
 Paramount Gadget
Jamuna Future Park Shopping Mall
Level 4, Shop No: 006C
Near Lift 7 (নোকিয়া গলি)
 
."
New Xiaomi 17 Ultra 1 TB Black,160000,Brand New,"Dhaka, Mirpur",22/09,https://bikroy.com/mirpur/mobile-phones/new-xiaomi-17-ultra-1-tb-black-k2IJbPCsFkwBOPQD6xZTmqjx.html,5,2026-10-07T08:50:58.501081+00:00,individual,"Brought from Japan. Brand new, never used."
Xiaomi Civi 2 256 GB Purple,19000,Used,"Dhaka, Badda",18/09,https://bikroy.com/badda/mobile-phones/xiaomi-civi-2-256-gb-purple-sc7jIwn5iEAMlbgpIkHJiWSb.html,3,2026-10-07T08:50:58.991343+00:00,individual,"The battery of the phone needs to be changed, it does not give good charge backup in gaming, other than that all good, there are no scratches, marks, or dents, you can check it a thousand times before taking. Note: You must come to the location to take it, you will only get the cash memo with it. No box, no charger only phone. For security, you can take an NID photocopy. Thank you."
Xiaomi 128 GB Silver,16000,Refurbished,"Dhaka, Jatrabari",12/09,https://bikroy.com/jatrabari/mobile-phones/xiaomi-128-gb-silver-5DeAWhDGuklnI6AVhPWglL4V.html,5,2026-10-07T08:50:59.709919+00:00,individual,"The back shell of the phone has been changed and there are no other issues. I need money, so I am selling it."
New Xiaomi Redmi Note 14 4G 128 GB White,21500,Brand New,"Dhaka, Dhanmondi",15/09,https://bikroy.com/dhanmondi/mobile-phones/new-xiaomi-redmi-note-14-4g-128-gb-white-A5BEtDUG1iMzRpjLagUElzDO.html,4,2026-10-07T08:51:00.227897+00:00,individual,"Brand new Redmi Note 14 used for only one and a half months will be sold. The original box, charger, back cover and all kinds of accessories with the phone are perfectly fine. There are no scratches or marks, the performance is great and the battery backup is also very satisfying. Selling due to urgent need."
Samsung Galaxy S23 Ultra 256 GB Gray,52000,Used,"Rajshahi, Boalia",20/09,https://bikroy.com/boalia/mobile-phones/samsung-galaxy-s23-ultra-256-gb-gray-bsmn8K220lLOf2ALHhks2mSr.html,3,2026-10-07T08:51:00.804870+00:00,individual,"All okay 100% full fresh phone never opened, charge lasts very well"
Samsung Galaxy Z Fold 5 512 GB Black,55000,Used,"Rajshahi, Tanore",02/08,https://bikroy.com/tanore/mobile-phones/samsung-galaxy-z-fold-5-512-gb-black-pQUAgl4sBLlPljZrhFCLDvLm.html,5,2026-10-07T08:51:01.462023+00:00,individual,"There is no problem brother, check it as much as you want"
Samsung Galaxy S23 Ultra 256 GB Gray,50000,Used,"Rajshahi, Vodra",26/09,https://bikroy.com/vodra/mobile-phones/samsung-galaxy-s23-ultra-256-gb-gray-dbSQ373Fd56rDStqUn0HZ3ka.html,4,2026-10-07T08:51:01.961710+00:00,individual,"Everything is okay, showroom condition 100% fresh. Check and test it out before taking. 100% security assured."
New Samsung Galaxy S23 FE 256 GB Black,35000,Brand New,"Rajshahi, Nawdapara",27/09,https://bikroy.com/nawdapara/mobile-phones/new-samsung-galaxy-s23-fe-256-gb-black-n3ceqKdAhlUSUslWmzM35gBH.html,5,2026-10-07T08:51:02.683120+00:00,individual,Used for 4 months
Samsung Galaxy S23 Ultra 256 GB Green,43000,Used,"Rajshahi, Chhota Banagram",13 hours ago,https://bikroy.com/chhota-banagram/mobile-phones/samsung-galaxy-s23-ultra-256-gb-green-pTGTMOHZSlaZdqhjcDbhHeSC.html,5,2026-10-07T08:51:03.288392+00:00,individual,"Only the display of the phone has been changed, a market-original OLED display is installed, fingerprint works, S-Pen works. A 45-watt charger will be provided with a one-year warranty on the charger. The full body is poly-wrapped, with matte poly on the front. It supports dual physical sims plus a single esim. A camera protector is installed."
Samsung Galaxy S21 FE 5G 128 GB Black,18500,Used,"Rajshahi, Boalia",13/09,https://bikroy.com/boalia/mobile-phones/samsung-galaxy-s21-fe-5g-128-gb-black-ufytVVcFa5a1d5j6e7muiPGD.html,5,2026-10-07T08:51:04.055166+00:00,individual,"There are no internal problems with the phone. The display has been replaced, but a market-original OLED display is installed. The fingerprint sensor works 100%. The phone's camera is absolutely amazing, top-notch quality. The box will be provided with the phone. Those who want to buy, please call directly."
Samsung Galaxy Z Fold 6 (12/256) SILVER INTACT (Brand New),150000,Brand New,"Chattogram, Chawkbazar",2 hours ago,https://bikroy.com/chawkbazar/mobile-phones/samsung-galaxy-z-fold-6-12-256-silver-ntact-brand-new-xrm71kM0G8kG1ttk54QkJyb2.html,0,2026-10-07T08:51:04.833407+00:00,individual,"🔳 INTACT SEAL PACK. DUAL SIM 🔳 Storage: 12/256GB 🔳 Colour: SILVER ◾ Box And Original Cable 🔰 Our Speciality: ◾Original & Non-Refurbished Product ◾Emi Facilities Available* ◾Accept Visa, Master Card ◾Delivery Facility inside & Outside ctg. ◾Phone Exchange Facilities* ◾ All Products Original And Genuine. ◾Our All Product 7 Days replacement And 1 year Service Warranty 🔰 Our Showroom Address: Rony Enterprise (Since 2007), Bali Arcade Shopping Center, 4th Floor, Shop no 03 (infront of chawkbazar Post Office), Sirajuddula Road, Chawkbazar, Chattogram Show more"
Samsung Galaxy S25 Ultra 256 GB Blue,103000,Used,Chattogram,11/05,https://bikroy.com/chattogram/mobile-phones/samsung-galaxy-s25-ultra-256-gb-blue-wBM6eUgeyaTvVHJYvkIn3vle.html,3,2026-10-07T08:51:05.302695+00:00,individual,Brand new condition. Not a single scratch. Used for three months. Box and cable included. You must come to my residence for the location. Price is almost fixed.
Samsung Galaxy Z Fold 6 (12/256) DUAL SIM BOX (Used),120000,Used,"Chattogram, Chawkbazar",3 hours ago,https://bikroy.com/chawkbazar/mobile-phones/samsung-galaxy-z-fold-6-12-256-dual-sim-box-used-zcU1KIkG3VDPt1bIhFEOOgY4.html,2,2026-10-07T08:51:06.064589+00:00,individual,"🔳 Used abroad for 2/3 months. As good as new condition.
🔳 Storage: 12/256GB
🔳 Colour: Silver
◾ Box and original cable included

🔰 Our Speciality......................................

◾ Original & Non-Refurbished Product
◾ EMI Facilities Available*
◾ Accept Visa, Master Card
◾ Delivery facility inside & outside Chattogram
◾ Phone exchange facilities*
◾ All products are original and genuine.
◾ 7-day replacement and 1-year service warranty on all products

🔰 Our Showroom Address:

Rony Enterprise (Since 2007)
Bali Arcade Shopping Center
4th Floor, Shop no 03 (in front of Chawkbazar Post Office)
Sirajuddula Road, Chawkbazar, Chattogram Show more"
New Samsung Galaxy A36 128 GB Black,39000,Brand New,"Chattogram, Khulshi",02/10,https://bikroy.com/khulshi/mobile-phones/new-samsung-galaxy-a36-128-gb-black-HLIhant0O6uuhbG7gaNAxvp.html,3,2026-10-07T08:51:06.778952+00:00,individual,Brand new Samsung A36 5G for sale! Bought it from Dubai and will provide receipt as well.
Samsung Galaxy S23 FE 256 GB White,34599,Used,"Chattogram, Agrabad",3 hours ago,https://bikroy.com/agrabad/mobile-phones/samsung-galaxy-s23-fe-256-gb-white-mdh3OQXff1BWaBk0cc7yUT7c.html,4,2026-10-07T08:51:07.371537+00:00,individual,"Samsung S23 FE
violet colour 
Ram 8+256
Set fully fresh conditions 
200% ok
With chgr cash mamo"
Samsung Galaxy A56 256 GB White,37500,Used,"Chattogram, Halishahar",17/09,https://bikroy.com/halishahar/mobile-phones/samsung-galaxy-a56-256-gb-white-2CHKews4px3ctWswQ9Z5Z00L.html,3,2026-10-07T08:51:07.990265+00:00,individual,"No problem, you can check as much as you want 
With box"
New Samsung Galaxy S26 256 GB,125999,Brand New,"Dhaka, Dhanmondi",6 hours ago,https://bikroy.com/dhanmondi/mobile-phones/new-samsung-galaxy-s26-256-gb-54WuA5W1vi7OFFYUFbSIGobS.html,4,2026-10-07T08:51:08.704236+00:00,individual,"Model: Samsung Galaxy S26 Ultra (SM-S948B/DS) - Dual SIM
Storage / RAM: 256GB ROM / 12GB RAM
Color: Cobalt Violet (Stunning, premium finish)
Origin: Made in Vietnam
Condition: 100% Brand New
Shop name: Tech Emporium
**Find us at:**
Shop 3104, Level 3, Shimanto Shambhar, Dhanmondi.
Call/WhatsApp: ** (Antor)**"
Samsung Galaxy S24 Ultra 512 GB Gray,84000,Used,"Dhaka, Baridhara",2 hours ago,https://bikroy.com/baridhara/mobile-phones/samsung-galaxy-s24-ultra-512-gb-gray-r3lRnYjZxeBvwiOgwBFaTDLi.html,4,2026-10-07T08:51:09.273958+00:00,individual,Samsung s24 Ultra Jamuna future park
Samsung Galaxy S25 Ultra 256 GB Silver,82990,Used,"Dhaka, Mirpur",3 hours ago,https://bikroy.com/mirpur/mobile-phones/samsung-galaxy-s25-ultra-256-gb-silver-BFMaaRPq4Ahd1vWA41j9S2EN.html,5,2026-10-07T08:51:09.647594+00:00,individual,">Adiva Telecom >
Shop No: 34, 3rd Floor, Baghdad Shopping Complex, Mirpur- 1, Dhaka- 1216...
The phone is 100% genuine and we offer a 7-day replacement guarantee and 1-year free service warranty. (Without Parts)
Free courier charge all over Bangladesh
Exchange offer. Discounted price.
100% fresh"
Samsung Galaxy S23 Ultra 256 GB White,55000,Used,"Dhaka, Basundhara",28/09,https://bikroy.com/basundhara/mobile-phones/samsung-galaxy-s23-ultra-256-gb-white-n0IwOJHof3pjQ4QixeDOGi7Z.html,3,2026-10-07T08:51:10.353955+00:00,individual,"This mobile is completely fresh, there is no problem of any kind, whoever uses the mobile will definitely understand it, I need money so I will sell it, box memo everything is there"
Samsung Galaxy S23 256 GB Black,35500,Used,"Dhaka, Mohammadpur Beribadh",30/09,https://bikroy.com/mohammadpur-beribadh/mobile-phones/samsung-galaxy-s23-256-gb-black-Gk5qe2ut1YPVFhVaKGicRAM.html,4,2026-10-07T08:51:10.873263+00:00,individual,"2,3 scratches besides these everything is fully fine and authentic 
If anyone interested then u can come and check the phone personally"
Samsung Galaxy A17 5G 128 GB Black,29500,Used,"Dhaka, Shyamoli",1 day ago,https://bikroy.com/shyamoli/mobile-phones/samsung-galaxy-a17-5g-128-gb-black-vY4OP1Gipg1wFYoIcdpwhS3U.html,4,2026-10-07T08:51:11.429536+00:00,individual,"Assalamu Alaikum, I bought this phone on February 9, 2026. It is completely like new. I need money so I am selling it."
Apple iPhone 16 Pro Max 256 GB Silver,127000,Used,"Rajshahi, Durgapur",15/05,https://bikroy.com/durgapur-1/mobile-phones/apple-iphone-16-pro-max-256-gb-silver-jFftCS6EkAw8hprEjHjSvhbM.html,5,2026-10-07T08:51:12.212461+00:00,individual,"iPhone 16 Pro Max (Singapore)
256GB | Natural Titanium | Like New
In fresh condition, brand new look
 256GB | Singapore Variant
 Cycle ~160 | Battery 100%
 No scratch / dent
 Never repaired
 Original charger + 8 covers
 Camera & Screen Protector included
 Price is almost fixed
 Serious buyers only
 Inbox / Call if interested"
Apple iPhone 17 Pro Singapore (Used),138000,Used,Rajshahi,6 hours ago,https://bikroy.com/rajshahi/mobile-phones/apple-iphone-17-pro-singapore-used-gjdXKaTsZXJhreicuen5bawd.html,0,2026-10-07T08:51:12.889294+00:00,individual,"Iphone 17 pro 

256 gb 100 bh 

Singapore physical sim 

Super condition 

7 days replacement guarantee 
1 year service waranty 

#exchange possible 

Our Address :
Smart Choice  ,  Shop No. 211 , 
City center , Beside of Rajshahi College , Sonadigir mor Rajshahi

Call for any details"
Apple iPhone 16 Pro Max 256 GB,120000,Used,"Rajshahi, Shaheb Bazar",14/05,https://bikroy.com/shaheb-bazar/mobile-phones/apple-iphone-16-pro-max-256-gb-BuWQUoJL9szBtJD2BQPW2RsG.html,5,2026-10-07T08:51:13.642988+00:00,individual,"iPhone 16 Pro Max 256GB (Natural Titanium). Hong Kong variant. Battery health 94%. 99.9% fresh condition. Used for 1 year. Full box. Purchased from a Malaysia authorized Apple store. Looks like new condition. Thanks.
Note: Please contact my WhatsApp number +"
Apple iPhone 16 Pro 128 GB Rose Gold,93000,Used,"Rajshahi, Shaheb Bazar",6 hours ago,https://bikroy.com/shaheb-bazar/mobile-phones/apple-iphone-16-pro-128-gb-rose-gold-axUnNwSc7ZwYZ7ffrUbtkoV1.html,3,2026-10-07T08:51:14.161057+00:00,individual,"IPhone 16 pro
128 gb 91 bh
Physical sim
Super condition 
7 days replacement guarantee  
1 year service waranty  
#exchange possible 
Our Address :
Smart Choice , Shop No. 211 , 
City center , Beside of Rajshahi College , Sonadigir mor Rajshahi
Call for any details:"
New Apple iPhone 15 128 GB Pink,60000,Brand New,"Rajshahi, Shaheb Bazar",6 hours ago,https://bikroy.com/shaheb-bazar/mobile-phones/new-apple-iphone-15-128-gb-pink-53q78tUVolUACOZSUSrcaQgu.html,2,2026-10-07T08:51:14.497021+00:00,individual,"IPhone 15
128 gb 85-100 bh
Physical sim
Super condition 
7 days replacement guarantee  
1 year service waranty  
#exchange possible 
Our Address :
Smart Choice , Shop No. 211 , 
City center , Beside of Rajshahi College , Sonadigir mor Rajshahi
Call for any details:"
Apple iPhone 14 Pro Max 256 GB Purple,74000,Used,"Rajshahi, Shaheb Bazar",6 hours ago,https://bikroy.com/shaheb-bazar/mobile-phones/apple-iphone-14-pro-max-256-gb-purple-chrDhW9u7STAZkcpUOjNWLjF.html,3,2026-10-07T08:51:15.219880+00:00,individual,"IPhone 14 pro max 
256 gb 81 bh
Physical sim
Super condition 
7 days replacement guarantee  
1 year service waranty  
#exchange possible 
Our Address :
Smart Choice , Shop No. 211 , 
City center , Beside of Rajshahi College , Sonadigir mor Rajshahi
Call for any details:"
Apple iPhone 14 256 GB Blue,37999,Used,"Rajshahi, Uposahar",3 hours ago,https://bikroy.com/uposahar/mobile-phones/apple-iphone-14-256-gb-blue-soaJ2hKeZBoibBD6SeKQNu1s.html,5,2026-10-07T08:51:15.895231+00:00,individual,"The phone's display has been changed, good GX display. There are scratches on the body as seen in the pictures. Otherwise, the phone is all okay. Box will be given with the phone.
Storage 256 GB"
Apple iPhone 12 Pro 256 GB Gold,45000,Used,"Rajshahi, Kadirgonj",5 hours ago,https://bikroy.com/kadirgonj/mobile-phones/apple-iphone-12-pro-256-gb-gold-Ocg2kC8PF3TEO1iVN5HQP2D.html,5,2026-10-07T08:51:16.512537+00:00,individual,"Assalamu Alaikum Warahmatullahi Wabarakatuh
Fresh condition
  Box: Only Device
  Cash Memo: Available
  Replacement Guarantee: Get up to 7 days (subject to conditions)
Location: Rajshahi Kadirganj Chalpotti, beside Large Farmer, behind Shwapnochura Plaza Nagar Bhaban.
  Shop No: 123 - Ground floor beside lift
  Shop Name: Rajshahi Mobile Bari 019XXXXXXXX"
Apple iPhone 14 128 GB Blue,46000,Used,"Rajshahi, Kadirgonj",5 hours ago,https://bikroy.com/kadirgonj/mobile-phones/apple-iphone-14-128-gb-blue-fy8wGqsTpnVuBvPNEhIkGs3t.html,5,2026-10-07T08:51:17.228089+00:00,individual,"Assalamu Alaikum Warahmatullahi Wabarakatuh
Fresh condition
  Box: Only Device
  Cash Memo: Available
  Replacement Guarantee: Up to 7 days (subject to conditions)
Location: Rajshahi Kadirganj Chalpatti, beside Large Farmer, behind Shopnochura Plaza Nogor Bhaban.
  Shop No: 123 - Ground floor beside the lift
  Shop Name: Rajshahi Mobile Bari 019XXXXXXXX"
New Apple iPhone 18 Pro Max 256 GB,189999,Brand New,"Chattogram, CDA Avenue",5 hours ago,https://bikroy.com/cda-avenue/mobile-phones/new-apple-iphone-18-pro-max-256-gb-q2adXq6pZ92EEiBJArQUfTw1.html,4,2026-10-07T08:51:17.942548+00:00,individual,"Display: 6.9"" LTPO Super Retina XDR OLED, 120Hz, 1320×2868,
Performance: Apple A20 Pro Hexa-core, Apple 7-core GPU, iOS 27
Camera: Rear 48MP + 48MP + 48MP, LiDAR, 4K video, OIS | Front 18MP, 4K video
Battery: 5391/5567 mAh, 50W Wired,
Enjoy EMI facilities up to 36 months through credit cards from more than 20 banks. (*Conditions apply*)"
Apple iPhone 17 Pro Max P-SIM+E-SIM Brand New,172999,Brand New,"Chattogram, Agrabad",6 hours ago,https://bikroy.com/agrabad/mobile-phones/apple-iphone-17-pro-max-p-sim-e-sim-ntun-brand-new-1c1M4oyTA6EwXO5vWGDhrGjL.html,0,2026-10-07T08:51:18.439647+00:00,individual,"Stay updated with our latest product prices by liking 👍 & FOLLOWING our page. Page link - https://www.facebook.com/jojobdctg.

** iPhone 17 Pro Max, 256GB, Australian variant, 100% authentic.
Other Apple models in our store – 17 Pro Max 512GB - Australia, 17 256GB Australia, 16 128GB, 15 128GB Singapore, 14 128GB, MacBooks Singapore Air M4 16/256.

🌍 Variant: global

📦 Condition: New Intact |

✅ 100% Authentic

✅ 7-day replacement, 1-year service warranty.

----------------------------------------------------------------------

Address:

Shop- 537, Level-5 (Capsule lift 4,

Straight after exiting the lift, JoJoBD)

Akhtaruzzaman Center,

Agrabad, Chittagong. Show more"
Apple iPhone 17 Pro Max 256 GB Blue,145000,Used,"Chattogram, Agrabad",10/08,https://bikroy.com/agrabad/mobile-phones/apple-iphone-17-pro-max-256-gb-blue-snfLGfPzLndHMLxgbki9Y7DI.html,4,2026-10-07T08:51:19.178073+00:00,individual,"Fresh conditions with original box cable
Brought from Kuwait"
Apple iPhone 15 128 GB Pink,61000,Used,"Chattogram, Nasirabad",3 hours ago,https://bikroy.com/nasirabad/mobile-phones/apple-iphone-15-128-gb-pink-woiP9KeJFr76ihe0B3ELoZJK.html,4,2026-10-07T08:51:19.452054+00:00,individual,"iPhone 15

CH/A Variant
Battery Health: 86%"
Apple iPhone 16 Pro Max 256 GB Rose Gold,115000,Used,"Chattogram, Halishahar",30/09,https://bikroy.com/halishahar/mobile-phones/apple-iphone-16-pro-max-256-gb-rose-gold-iM6S4CiHruQSq2ptpEdn50sW.html,4,2026-10-07T08:51:20.198805+00:00,individual,"Mobile 100% Completely Fresh, BH: 95%, BC: 284.
Price almost fixed.
You must come to my location to take the phone."
Apple iPhone 16 128 GB,72000,Used,"Chattogram, Chawkbazar",3 hours ago,https://bikroy.com/chawkbazar/mobile-phones/apple-iphone-16-128-gb-ft4utNR4mq9RhVBNcZbudBEE.html,3,2026-10-07T08:51:20.815114+00:00,individual,"iPhone 16
128GB
I have more pictures available
Teal, Ultramarine,
Battery health 90%, 95%, 100%."
Apple iPhone 16e 128 GB Blue,47000,Used,"Chattogram, Agrabad",08/09,https://bikroy.com/agrabad/mobile-phones/apple-iphone-16e-128-gb-blue-cY6vfXxjdXiCH63lqr53hxQs.html,3,2026-10-07T08:51:21.220714+00:00,individual,টাকা পয়সার সমস্যায় আছি তাই বিক্রি করে দিবো। ফোন কোনো রকম সমস্যা নাই। বক্স নাই। এডেপ্টর হবে কেবল হবে অর্জিনাল। বেক কাবার দিবো। জাতীয় পরিচয়পত্র দিবো।
Apple iPhone 12 128 GB Black,20500,Used,"Chattogram, Agrabad",16/09,https://bikroy.com/agrabad/mobile-phones/apple-iphone-12-128-gb-black-nggrFcYImJer4iaxJ6qHZ8Lp.html,5,2026-10-07T08:51:21.737878+00:00,individual,"Iphone 12, 128 GB, Black.
Battery Genuine (74% health)
Display (GX Best Quality)
True Tone Ok
Face Id disabled. 
The set is all ok, the power button needs to be pressed a little firmly. Camera quality is super. Best quality gx original display is installed. The set is fairly fresh. Call or WhatsApp. Selling this to get a more upgraded model.
Agrabad."
Apple iPhone SE (2022) 64 GB Red,22000,Used,"Chattogram, Halishahar",2 days ago,https://bikroy.com/halishahar/mobile-phones/apple-iphone-se-2022-64-gb-red-qeN3B8ecVVtsG563jVvt1Xsw.html,5,2026-10-07T08:51:22.420466+00:00,individual,"iPhone SE 2022 (3rd Generation) 
Storage: 64 GB 
Battery Health: 86% 
Box and cable all items are available along with 2 extra back covers 
Phone is 100% genuine"
Apple iPhone 17 Pro Max 512 GB Orange,173000,Used,"Dhaka, Baridhara",6 hours ago,https://bikroy.com/baridhara/mobile-phones/apple-iphone-17-pro-max-512-gb-orange-clVA1kzCgUkCwCSrGREymfN5.html,5,2026-10-07T08:51:23.083784+00:00,individual,iPhone 17 Pro Max 512gb 100% health full boxed global physical + esim UK variant as like new condition
Apple iPhone 17 Pro Max 256 GB Silver,136490,Used,"Dhaka, Savar",5 hours ago,https://bikroy.com/savar/mobile-phones/apple-iphone-17-pro-max-256-gb-silver-BJfpvB7b9Cl75Q9hnro6FvPJ.html,5,2026-10-07T08:51:23.756618+00:00,individual,"Apple iPhone 17 Pro Max
256 Storage Global
Japan variant with box
BH-98% Authentic
Replacement Guarantee: 7 days
Warranty: 1 year without parts
Condition: 99.9% fresh
EMI facility available across 29 banks
Outside Dhaka delivery possible
Cash on delivery
Location:
Savar Nobinagar
Sena Shopping Complex
5th Floor, Shop No. E54
Mobile Gallery"
Apple iPhone 16 Pro Max 256 GB,115000,Used,"Dhaka, Mohammadpur",27/09,https://bikroy.com/mohammadpur/mobile-phones/apple-iphone-16-pro-max-256-gb-fyXuBWJxkMASBHKXkaXbBh9d.html,3,2026-10-07T08:51:24.282121+00:00,individual,Selling because I urgently need money. Price 120000
Apple iPhone 13 Pro 128 GB White,60000,Refurbished,"Dhaka, Tongi",16/09,https://bikroy.com/tongi/mobile-phones/apple-iphone-13-pro-128-gb-white-b6U9ipJNovIAJGdwT4tj5OwM.html,5,2026-10-07T08:51:24.887904+00:00,individual,"iPhone 13 Pro Apple certified refurbished full fresh condition ￼
Original Charger + box"
Apple iPhone 15 256 GB Silver,63999,Used,"Dhaka, Bashundhara City",23/09,https://bikroy.com/bashundhara-city/mobile-phones/apple-iphone-15-256-gb-silver-oTPe6NXifAnp4TfV0POtR7ow.html,5,2026-10-07T08:51:25.469631+00:00,individual,"iPhone 15 — 256GB Japanese Variant
The phone was brought from Italy, previously used by my nephew. I have been using it myself for the past 7 months.
 Battery Health: 83%
 Storage: 256GB
 Japanese Variant
 The condition of the phone is completely fresh and everything is original.
 Display, Face ID, Camera, Speaker, Microphone, Charging—everything is working completely fine."
Apple iPhone 14 128 GB Blue,49500,Used,"Dhaka, Mirpur",15/09,https://bikroy.com/mirpur/mobile-phones/apple-iphone-14-128-gb-blue-5CBT3EmyEBFCyg45fMmfcuXx.html,5,2026-10-07T08:51:26.167709+00:00,individual,"Completely fresh condition, no issues at all."
Apple iPhone 11 128 GB White,25990,Used,"Dhaka, Badda",5 hours ago,https://bikroy.com/badda/mobile-phones/apple-iphone-11-128-gb-white-A3D7CJjDIFWnSlbklPAlGviP.html,3,2026-10-07T08:51:26.924486+00:00,individual,"Battery Health: 86%
Chipset: A13 Bionic
Display: 6.1"" Liquid Retina IPS LCD
Camera: Back-12+12\Front-12 MP
Battery: 3110 Mah
Device with Cash Memo. 
৭ দিনের রিপ্লেসমেন্ট ও ১ বছরের ফ্রী সার্ভিস পাবেন।আপনার পুরাতন মোবাইল আমাদের সাথে Exchange করতে পারেন।
সাপ্তাহিক বন্ধ:বুধবার।"
Apple iPhone 14 128 GB White,39999,Used,"Dhaka, Aftab Nagar",29/09,https://bikroy.com/aftab-nagar/mobile-phones/apple-iphone-14-128-gb-white-x2ggotKcmtG4T1RNyV6DOuKT.html,5,2026-10-07T08:51:27.562747+00:00,individual,You can come to me and take a look.
Apple iPhone 11 64 GB,29000,Used,"Dhaka, Mohammadpur",10/09,https://bikroy.com/mohammadpur/mobile-phones/apple-iphone-11-64-gb-mgzcWI2qBRDJMp5qzGU7BDRo.html,3,2026-10-07T08:51:28.090764+00:00,individual,"Battery Health 77%
with box
phone never opened"
Xiaomi Redmi Turbo 4 Pro 256 GB White,38000,Used,"Dhaka, Hazaribagh",13/09,https://bikroy.com/hazaribagh/mobile-phones/xiaomi-redmi-turbo-4-pro-256-gb-white-yDGYK0pllT0InNUbYREhaHLU.html,5,2026-10-07T08:51:28.628450+00:00,individual,Phone has box charger cash memo everything is okay you can check as much as you want it is waterproof I can show you by checking
Xiaomi Mix Flip 256 GB White,77000,Used,"Dhaka, Uttara",2 hours ago,https://bikroy.com/uttara/mobile-phones/xiaomi-mix-flip-256-gb-white-vs56lsJl9wlciERKtMBzVmV.html,4,2026-10-07T08:51:29.039791+00:00,individual,"Xiaomi MIX Flip 2 
 RAM: 12GB
 ROM: 256GB
 Full Box + Original Charger
 Excellent Condition
 Exchange Hub
 Shop No: 610, 611, 628 & 629, Level-6
Tropical Alauddin Tower, Sector 3, Road 2"
New Xiaomi Civi 5 Pro 256 GB White,65000,Brand New,"Dhaka, Jamuna Future Park",3 hours ago,https://bikroy.com/jamuna-future-park/mobile-phones/new-xiaomi-civi-5-pro-256-gb-white-lgg9I3LoJ0qnCgLHurpr0Rof.html,4,2026-10-07T08:51:29.677981+00:00,individual,"Xiaomi Civi 5 pro– Best condition 
• 128 GB Storage• 
• Color: Nebula Purple
• China Variant
• Battery Health: 100%
• Absolutely fresh, no issues at all 
• Face ID, Camera, True Tone all 100% OK
• Box/Charger: Included 
• Location: Jamuna Future Park, Level 4, 4B-007D"
Xiaomi Redmi Turbo 4 256 GB Red,36000,Used,"Dhaka, Keraniganj",28/09,https://bikroy.com/keraniganj/mobile-phones/xiaomi-redmi-turbo-4-256-gb-red-8Ppdg2IFmIAtbSTbPsl5h0qf.html,4,2026-10-07T08:51:30.342606+00:00,individual,"Good condition.
(3 months used)
Full box + charger"
Xiaomi Civi 4 Pro 512 GB Blue,36000,Used,"Dhaka, Dhanmondi",6 hours ago,https://bikroy.com/dhanmondi/mobile-phones/xiaomi-civi-4-pro-512-gb-blue-daZQhMw4sDL7xcEm3hxZXPAl.html,5,2026-10-07T08:51:30.773110+00:00,individual,"🌷🌷Welcome to""Mobile Store ""🌷🌷

আামাদের ঠিকানাঃ-

Mobile Store

Shop number -408(level 4)

Dhanmondi 32 Sukrabad bus stand
Phone number 017XXXXXXXX 018XXXXXXXX"
Xiaomi 13 Ultra 256 GB White,45000,Used,"Dhaka, Tongi",04/10,https://bikroy.com/tongi/mobile-phones/xiaomi-13-ultra-256-gb-white-iyjnYyH3Fg7ECnVnuZATwVzU.html,5,2026-10-07T08:51:31.321632+00:00,individual,"The phone has not even a hair's worth of problems, check as much as you want, I need urgent money so I am selling it, only mild dust has entered inside the camera but there is no problem with the camera, it takes pictures even more beautifully than water"
Xiaomi Redmi Turbo 4 256 GB Black,36000,Used,"Dhaka, Uttara",21/09,https://bikroy.com/uttara/mobile-phones/xiaomi-redmi-turbo-4-256-gb-black-oMd5meyJYE339LcjviFBH3U4.html,5,2026-10-07T08:51:32.035840+00:00,individual,"Xiaomi Redmi Turbo 4 
Processor: Dimensity 8400 Ultra 
RAM: 12GB (12GB extended RAM)
ROM: 256GB
Display: 6.67 inches 120Hz
Resolution: FHD 2712×1220
Battery: Silicon Carbon 6550 mAh
Battery health: 98%
Camera 
Back: 50mp+8mp
Front: 20mp
Android version: 16 updated
Purchase date: 27-05-2026
Warranty: 1 Year Dazzle parts warranty available
Exchange possible"
New Xiaomi Redmi Turbo 4 Pro 256 GB White,40499,Brand New,"Dhaka, Jatrabari",30/09,https://bikroy.com/jatrabari/mobile-phones/new-xiaomi-redmi-turbo-4-pro-256-gb-white-aXpsvlgItYS8fy0DJyvxhUmY.html,4,2026-10-07T08:51:32.705108+00:00,individual,"Fully fresh phone ,,You can check properly"
Xiaomi 14 256 GB Blue,55000,Used,"Dhaka, Banasree",19 hours ago,https://bikroy.com/banasree/mobile-phones/xiaomi-14-256-gb-blue-uoW5JlGDJKXvXuPPPDrjrQno.html,4,2026-10-07T08:51:33.175196+00:00,individual,2 month used gift phone
Xiaomi 17T 256 GB Purple,53999,Used,"Dhaka, Motalib Plaza",2 hours ago,https://bikroy.com/motalib-laza/mobile-phones/xiaomi-17t-256-gb-purple-dSXmLndKJCSOZjJijJlRKADC.html,3,2026-10-07T08:51:33.635390+00:00,individual,"Wholesale & Retail 
Xiaomi 17T 12/256GB (Active)
BH-100%

Mobile, Box & Charger (বক্স, চার্জার পেতে সময় লাগতে পারে ৫/৭ দিন) 

Address: Hridoy Communication, 2nd Floor, Shop no: 338"
Xiaomi Civi 5 Pro 256 GB Blue,41500,Used,"Dhaka, 60 Feet Road",14 hours ago,https://bikroy.com/60-feet-road/mobile-phones/xiaomi-civi-5-pro-256-gb-blue-C72zaxUZnD73zllYqAqVKXOA.html,5,2026-10-07T08:51:34.382540+00:00,individual,"Sell post. Please read my post

Xiaomi Civi 5 Pro white
12/256 100bh 97bh 213cycle
Fresh. Chinese ৳40500 fixed
99bh price ৳40500 fixed
100bh price ৳41500 fixed
Color: white+blue
My phone was brought from China
Rarely used
Product age: 1 year
No repair history
No problem/running
No app/software issue

Location: Mirpur 60 feet

Thanks (Assalamualaikum)"
Xiaomi 13 Pro 256 GB,39000,Used,"Dhaka, Mirpur",22/09,https://bikroy.com/mirpur/mobile-phones/xiaomi-13-pro-256-gb-n8QmeSj2Fe8bLBDhOMpb1wZy.html,5,2026-10-07T08:51:35.121028+00:00,individual,Fully fresh Condition
Xiaomi 17T 256 GB White,55500,Used,"Dhaka, Tejgaon",02/10,https://bikroy.com/tejgaon/mobile-phones/xiaomi-17t-256-gb-white-Cx9JkfHncKFHY112jtqupzHI.html,5,2026-10-07T08:51:35.835478+00:00,individual,"Xiaomi 17T
Original Authentic Phone, Chinese Version. 12/256GB.
Battery health 100%
99.5% Full Fresh, no spots, breaks, or scratches.
Box, charger, everything is included.
Location: Tejgaon Dhaka"
Xiaomi 15 Ultra 512 GB Gray,90000,Used,"Dhaka, Basundhara",2 hours ago,https://bikroy.com/basundhara/mobile-phones/xiaomi-15-ultra-512-gb-gray-xyfsEW1wyG4c7q16dk6l4oJo.html,3,2026-10-07T08:51:36.563168+00:00,individual,"Using for last 1 year
Price is not negotiable.
Please call on number, do not message, no one will read.

Complete Camera Kit also available."
Xiaomi Redmi Note 15 128 GB Green,25000,Used,"Dhaka, Mirpur",23/09,https://bikroy.com/mirpur/mobile-phones/xiaomi-redmi-note-15-128-gb-green-dt4eNepkPaMpEVurHyDNbmff.html,5,2026-10-07T08:51:37.084561+00:00,individual,"* Brand & Model: Redmi Note 15 5G
 * Condition: Fresh condition, used with care (you can check it as long as you want)

Key Features:
 * Super fast 5G connectivity and amazing performance.
What you will get with it:
 * Original charger
 * National ID (NID) for security
   (Note: Box is not included)
Location: Mirpur-12, Dhaka
Call 019XXXXXXXX"
Xiaomi Redmi Note 11 Pro+ 5G 256 GB Blue,17500,Used,"Dhaka, Jatrabari",1 day ago,https://bikroy.com/jatrabari/mobile-phones/xiaomi-redmi-note-11-pro-5g-256-gb-blue-5CF9psn2aCwng909S9CiFe9e.html,5,2026-10-07T08:51:37.608619+00:00,individual,"The phone is completely fresh, runs super smoothly.
Brought from abroad so you will get the original 120W charger and a back cover with it.

The battery runs out quickly, but if you overcharge it, it lasts quite a long time. Just replacing the battery will do.
The back shell is slightly broken at the top corner, but using a back cover hides it completely.

Location: Bornomala School, Shanir Akhra"
Xiaomi Civi 1S 128 GB,18999,Used,"Dhaka, Mirpur",6 hours ago,https://bikroy.com/mirpur/mobile-phones/xiaomi-civi-1s-128-gb-uNO9T6bVwndpBnL98rSTv5YD.html,5,2026-10-07T08:51:38.321146+00:00,individual,"S A Gadget Mart
Shop No: 35, 3rd Floor, Baghdad Shopping Complex, Mirpur-1, Dhaka-1216
Model: Xiaomi Civi 1s 5g 
RAM: 8 GB
Storage: 128 GB
Battery: 4500 mAh
Device and cash memo available.
Replacement Guarantee: 7 Days
Service Warranty: 2 Years
Home delivery available all over Bangladesh."
Xiaomi Redmi 15C 4G 128 GB Red,16500,Used,"Dhaka, Savar",2 hours ago,https://bikroy.com/savar/mobile-phones/xiaomi-redmi-15c-4g-128-gb-red-1hVfirYOlBbtLMudGnyMTi9Z.html,5,2026-10-07T08:51:38.836706+00:00,individual,"[Exchange Bazar Showroom]
Redmi 15c super fresh condition 
২ বছরের সার্ভিস ওয়ারেন্টি ১৫ দিনের রিপ্লেসমেন্ট গ্যারান্টি।
 
নবীনগর সেনা শপিং কমপ্লেক্স,
৫ম তলা, শপ নং-E-142,143
নবীনগর সাভার ঢাকা।
Box Charger+Cash memo+warranty.
Contact 016XXXXXXXX"
Xiaomi Poco X6 256 GB Black,21500,Used,"Dhaka, Savar",20/09,https://bikroy.com/savar/mobile-phones/xiaomi-poco-x6-256-gb-black-dqSUEEnrUMgQjG20En7wpkp6.html,5,2026-10-07T08:51:39.545941+00:00,individual,"There is a scratch. The phone is fully authentic and hasn't been opened yet. No issues. The phone's original charger, box, and cash memo are all included. If anyone wants to buy, please inbox."
Xiaomi Redmi Note 14 Pro 256 GB Silver,24000,Used,"Dhaka, Jatrabari",28/09,https://bikroy.com/jatrabari/mobile-phones/xiaomi-redmi-note-14-pro-256-gb-silver-ak2PtWjZIaaUSuRhDwqQ0jmO.html,4,2026-10-07T08:51:40.063952+00:00,individual,"For sale | The phone is in very good condition and has been used with regular care | 
 Display, camera, speaker, fingerprint, charging everything works properly | 
 ৳24,000 (as an example | 
 Can do current |)"
Xiaomi 12 256 GB Purple,22000,Refurbished,"Dhaka, Mirpur",1 day ago,https://bikroy.com/mirpur/mobile-phones/xiaomi-12-256-gb-purple-35giGuHF4yRE6jtg6QyJ74GK.html,5,2026-10-07T08:51:40.736399+00:00,individual,"The phone was bought a few days ago, no problems, everything is ok, just has a green line issue (Chinese version phone). With the phone, you will get the cash memo just the way I got it; if you want, NID can be provided."
Xiaomi 12 Pro 256 GB Blue,32000,Used,"Dhaka, Mohammadpur",3 hours ago,https://bikroy.com/mohammadpur/mobile-phones/xiaomi-12-pro-256-gb-blue-a71Z079FyX3LQg22j1x9jl6U.html,2,2026-10-07T08:51:41.499324+00:00,individual,"Name: Xiaomi 12 Pro 
Color: Blue 
Storage: 12GB 256GB 
Used like New With Full Box 
Price: Call for best price 
Home Delivery inside Dhaka, Courier Order all over Bangladesh 
We Accept Visa, American Express, Master & JCB Card. 
Used Mobile: 3 Days replacement & 6 months service warranty"
New Xiaomi Redmi 15C 4G 256 GB,16990,Brand New,"Dhaka, Shyamoli",3 hours ago,https://bikroy.com/shyamoli/mobile-phones/new-xiaomi-redmi-15c-4g-256-gb-xjwywOTL7TzNEOLZp3GOsRYl.html,2,2026-10-07T08:51:42.172628+00:00,individual,"Redmi 15c
6+128 GB=16990/= Fixed Price
8+256 GB=19990/= Fixed Price
Our Address
Mobile Plaza
Shyamoli Tower Complex Market
2nd Floor, Shop No 13, 14
Shyamoli, Mohammadpur, Dhaka
Online Link
You can view and order
Download from Play Store
Mobile Plaza
Our Website
Facebook Page
Facebook/Mobil Plaza"
Xiaomi Redmi Note 15 256 GB Blue,26000,Used,"Dhaka, Savar",22/09,https://bikroy.com/savar/mobile-phones/xiaomi-redmi-note-15-256-gb-blue-fiC2gdpUUKMmjy3XW1ps77Gj.html,5,2026-10-07T08:51:42.860608+00:00,individual,"The phone has its original box and charger, and has no problems. It was used with a single hand."
Xiaomi Redmi Note 13 Pro+ 512 GB Black,25000,Used,"Dhaka, Tejgaon",02/10,https://bikroy.com/tejgaon/mobile-phones/xiaomi-redmi-note-13-pro-512-gb-black-62UnJXok1nB1sIOR67uHuHKH.html,3,2026-10-07T08:51:43.096795+00:00,individual,"Fixed Price Original Box & Charger Not Available ... 
Single hand used first buyer"
Xiaomi Civi 4 Pro 512 GB Black,35000,Used,"Dhaka, Tejgaon",22 hours ago,https://bikroy.com/tejgaon/mobile-phones/xiaomi-civi-4-pro-512-gb-black-zKPkGeJndpwt6c7IzYp9g0Cw.html,3,2026-10-07T08:51:43.853289+00:00,individual,"Xiaomi Civi 4 pro - 12/512Gb.
Original
Price 35 thousand, negotiable.
Location: Purba Nakhalpara, Tejgaon, Dhaka.
If you want to buy, please come directly only on Friday or Saturday."
Xiaomi 256 GB White,27999,Used,"Dhaka, Mirpur DOHS",2 hours ago,https://bikroy.com/mirpur-dohs/mobile-phones/xiaomi-256-gb-white-pmqYDFGSo4MfXnTRCM9vJVVF.html,4,2026-10-07T08:51:44.570265+00:00,individual,"AR Gallery BD 
Shop-76, Lift-4, Shah Ali Plaza, Mirpur-10,Dhaka-1216,
Xiaomi Redmi K60 Ultra - Only Phone + Cash Memo.
★Ram:- 16GB ★Rom:-256GB 
★Back Camera:-50+8+2MP 
★Front Camera:- 20MP
★Battery:-5000mAh
★ Charging: 120W wired,
■ 5 দিনর রিপ্লেসমেন্ট গ্যারান্টি । 
■ 1 বছরের সার্ভিস ওয়ারেন্টি ( Without parts)"
New Xiaomi 12X 256 GB,18990,Brand New,"Dhaka, Mohammadpur",3 hours ago,https://bikroy.com/mohammadpur/mobile-phones/new-xiaomi-12x-256-gb-1f6LuquViozostlnifALNCGA.html,3,2026-10-07T08:51:45.086166+00:00,individual,"Xiaomi Mi 12X
8 GB RAM 256 GB ROM
Display: 6.28"" AMOLED, Qualcomm Snapdragon 870 5G CPU: Octa-Core GPU: Adreno 650 Rear Camera: 50MP + 13MP + 5MP Triple Camera Front Camera: 32MP Battery: 4500mAh
Mobile Plaza
Shop No 13 & 14, 2nd Floor, Shyamoli Tower Complex Market, Shyamoli, Mohammadpur, Dhaka-1207.
Website:"
Samsung Galaxy S23 Ultra 256 GB Blue,65500,Used,"Rajshahi, Uposahar",03/10,https://bikroy.com/uposahar/mobile-phones/samsung-galaxy-s23-ultra-256-gb-blue-pWQKEpgMrZhCqCUtSL8UDQZN.html,5,2026-10-07T08:51:45.694307+00:00,individual,"Exchange possible with iPhone 16 pro max 
98% fresh condition."
Samsung Galaxy S24 Ultra 256 GB Gray,85000,Used,"Rajshahi, Rajpara",29/09,https://bikroy.com/rajpara/mobile-phones/samsung-galaxy-s24-ultra-256-gb-gray-7gl2nNE4yYrUhKx1NxUqAII.html,5,2026-10-07T08:51:46.197336+00:00,individual,"Numbar : 
Assalamu Alaikum. The device is in absolute pristine showroom-level condition and has been handled with extreme care since day one. If you are looking for a reliable, authentic and completely hassle-free pre-owned device that performs just like a brand-new one this is the perfect option for you"
Samsung Galaxy S24 Ultra 256 GB Silver,78000,Used,"Rajshahi, Shaheb Bazar",29/09,https://bikroy.com/shaheb-bazar/mobile-phones/samsung-galaxy-s24-ultra-256-gb-silver-1JoojejbPNNMuQ3Y7dXGUOEk.html,5,2026-10-07T08:51:46.922085+00:00,individual,Fresh phone.. No problem.... All parts original... Will provide NID card for security
Samsung Galaxy S24 Ultra 256 GB Silver,71000,Used,"Rajshahi, Kadirgonj",6 hours ago,https://bikroy.com/kadirgonj/mobile-phones/samsung-galaxy-s24-ultra-256-gb-silver-sJppHyTsbzJ0Ks7VIoYFGSaD.html,5,2026-10-07T08:51:47.641861+00:00,individual,"Assalamu Alaikum wa Rahmatullahi wa Barakatuh
Fresh Condition
Box: Only Device
Cash Memo: Available
Replacement Guarantee: Get up to 7 days (conditions apply)
Location: Rajshahi Kadirganj Chalpotti, beside Large Farmer, behind Swapnochura Plaza Nagar Bhaban.
Shop No: 123 - Ground Floor beside the lift
Shop Name: Rajshahi Mobile Bari 019XXXXXXXX"
Samsung Galaxy S24 Ultra 256 GB Gold,75000,Used,"Rajshahi, Kazla",7 hours ago,https://bikroy.com/kazla/mobile-phones/samsung-galaxy-s24-ultra-256-gb-gold-icz7suauhDzZdYqE5qanZiV6.html,5,2026-10-07T08:51:48.225439+00:00,individual,"Completely full fresh with full box

Not a single scratch anywhere. Selling it because I will get an iPhone 18 Pro Max. Come and check it out thoroughly."
New Samsung Galaxy S26 Ultra 5G 256 GB Blue,115000,Brand New,"Rajshahi, Boalia",17/09,https://bikroy.com/boalia/mobile-phones/new-samsung-galaxy-s26-ultra-5g-256-gb-blue-qbY4u6z9tvD4tAf2sYkJyrMH.html,5,2026-10-07T08:51:48.970857+00:00,individual,"Samsung s26 ultra
Very good condition, like brand new with box and a cover, charger, not a single issue or scratch, just used arround 3/4 months"
Samsung Galaxy S25 Ultra 256 GB Black,90000,Used,"Rajshahi, Nawdapara",23/09,https://bikroy.com/nawdapara/mobile-phones/samsung-galaxy-s25-ultra-256-gb-black-lgQLczXQosCJ2EqXJ47flr7Y.html,3,2026-10-07T08:51:49.450998+00:00,individual,"1000% Fresh. Showroom condition. Not a single hair-line scratch. Laminated with poly since the time of purchase. Comes with the original charger.
Check and test it for as long as you want.
Whatever you ask for security purposes will be provided.
Call directly if you want to"
Samsung Galaxy S24 Ultra 256 GB White,87000,Used,"Rajshahi, Shaheb Bazar",6 hours ago,https://bikroy.com/shaheb-bazar/mobile-phones/samsung-galaxy-s24-ultra-256-gb-white-p7bmoGm97s1ouC3sSJuomc5V.html,4,2026-10-07T08:51:50.001003+00:00,individual,"Samsung S25 ultra 
12 / 256 
Super condition 
7 days replacement guarantee  
1 year service waranty  
#exchange possible 
Our Address :
Smart Choice , Shop No. 211 , 
City center , Beside of Rajshahi College , Sonadigir mor Rajshahi
Call for any details:"
Samsung Galaxy S24 Ultra 256 GB Bronze,72000,Used,"Rajshahi, Shaheb Bazar",01/10,https://bikroy.com/shaheb-bazar/mobile-phones/samsung-galaxy-s24-ultra-256-gb-bronze-xdesuU2y9NyLcTr2ZYzS8gIR.html,3,2026-10-07T08:51:50.414460+00:00,individual,"Those who want to buy please call, all okay. There is a small spot on the screen, it will not increase further. The phone's box and memo are all available."
Samsung Galaxy S26 Ultra 5G 512 GB Blue,115000,Used,"Rajshahi, Shaheb Bazar",5 hours ago,https://bikroy.com/shaheb-bazar/mobile-phones/samsung-galaxy-s26-ultra-5g-512-gb-blue-3tUSQVNHO7P9apzxgC7PxJcd.html,3,2026-10-07T08:51:50.992658+00:00,individual,"Samsung S26 ultra 
12 512 
Super condition 
7 days replacement guarantee  
1 year service waranty  
#exchange possible 
Our Address :
Smart Choice , Shop No. 211 , 
City center , Beside of Rajshahi College , Sonadigir mor Rajshahi
Call for any details:"
Samsung Galaxy S24 Ultra 256 GB Gold,72000,Used,"Rajshahi, Kadirgonj",6 hours ago,https://bikroy.com/kadirgonj/mobile-phones/samsung-galaxy-s24-ultra-256-gb-gold-8KEL3eEgbxifCQjsARsF0JDD.html,5,2026-10-07T08:51:51.660325+00:00,individual,"Assalamu Alaikum Warahmatullahi Wabarakatuh
Fresh condition
Box: Only Device
Cash Memo: Available
Replacement Guarantee: Get up to 7 days (conditions apply)
Location: Rajshahi Kadirganj Chalpotti, beside Large Farmer, behind Swapnochura Plaza Nagar Bhaban.
Shop No: 123 - Ground floor beside lift
Shop Name: Rajshahi Mobile Bari 019XXXXXXXX"
Samsung Galaxy S24 Ultra 256 GB Blue,75000,Used,"Rajshahi, Uposahar",01/10,https://bikroy.com/uposahar/mobile-phones/samsung-galaxy-s24-ultra-256-gb-blue-AXzGVaN0503mlpEfaQNn27TF.html,3,2026-10-07T08:51:52.450242+00:00,individual,"Full fresh, completely like new. You won't even be able to tell it's a used phone."
New Samsung Galaxy S24 Ultra 256 GB Black,70000,Brand New,"Rajshahi, Rajpara",23/09,https://bikroy.com/rajpara/mobile-phones/new-samsung-galaxy-s24-ultra-256-gb-black-C5nNwcTigbQ8QaUIYwE6ymyQ.html,5,2026-10-07T08:51:53.064790+00:00,individual,"Very good condition
Performance is completely top-notch"
Samsung Galaxy S24 256 GB Yellow,49500,Used,"Rajshahi, Paba",23/09,https://bikroy.com/paba/mobile-phones/samsung-galaxy-s24-256-gb-yellow-9TEz3URCrakCCKO3t3ED7bgg.html,5,2026-10-07T08:51:53.574227+00:00,individual,"Full fresh condition, no problems at all. Everything is original. Bought six months ago for 53,000, cash memo is available. Selling because I need money. The phone performance is totally top-notch.
Asking price-49,500/-(only phone)
Charger and power bank are available. If you take the phone, I will let those go at a 50% discount."
Samsung Galaxy S20 FE 128 GB Black,25000,Used,"Rajshahi, Chhota Banagram",24/09,https://bikroy.com/chhota-banagram/mobile-phones/samsung-galaxy-s20-fe-128-gb-black-sgyURJvzLIEmKnmnzaYpcxHf.html,5,2026-10-07T08:51:54.191511+00:00,individual,"This phone is very good, this phone is in very fresh condition."
Samsung Galaxy S24 FE 128 GB,38000,Used,"Rajshahi, Shaheb Bazar",01/10,https://bikroy.com/shaheb-bazar/mobile-phones/samsung-galaxy-s24-fe-128-gb-eZrto1XaFt1fc9s2ZRNwFn9G.html,5,2026-10-07T08:51:54.563237+00:00,individual,The phone's internal performance is 100/100. There are no scratches on the phone's body. You can inspect and purchase the phone in person while standing there. The phone's color is stunning. The phone's battery backup is top-notch.
Samsung Galaxy Note10+ 5G 256 GB,25900,Used,"Rajshahi, Kadirgonj",04/10,https://bikroy.com/kadirgonj/mobile-phones/samsung-galaxy-note10-5g-256-gb-sjnNxeecGonpF4kKwvdvOn6u.html,5,2026-10-07T08:51:55.318879+00:00,individual,"Emergency sale post, absolutely full fresh condition."
Samsung Galaxy A25 256 GB Black,18500,Used,"Rajshahi, Shaheb Bazar",23 hours ago,https://bikroy.com/shaheb-bazar/mobile-phones/samsung-galaxy-a25-256-gb-black-dbvNrUR7rESw3lfI8Zma2lKG.html,5,2026-10-07T08:51:55.878159+00:00,individual,"Brother, I urgently need money. The condition of the phone is good, it has never been broken or opened, used by a single hand. The box is lost, I bought the phone from Qatar, it's a very good phone, only the charger cable will be given with it. Interested people please inbox."
Samsung Galaxy S20 FE 5G 128 GB Blue,19000,Used,"Rajshahi, Shaheb Bazar",03/10,https://bikroy.com/shaheb-bazar/mobile-phones/samsung-galaxy-s20-fe-5g-128-gb-blue-pTCUV6lut5loUXBjdzBlCWyo.html,5,2026-10-07T08:51:56.542850+00:00,individual,"Full fresh phone, to know details please call at 014XXXXXXXX"
Samsung Galaxy S20+ 5G 128 GB Blue,30000,Used,"Rajshahi, Uposahar",27/09,https://bikroy.com/uposahar/mobile-phones/samsung-galaxy-s20-5g-128-gb-blue-iHJjgyvSnKyvj8eVSZ39WTiq.html,3,2026-10-07T08:51:57.282733+00:00,individual,"Everything in the phone is all OK. Only the back panel is cracked due to dropping from the hand. The phone was bought officially. However, the box and charger are lost."
Samsung Galaxy Note 10 Plus 5G 256 GB Blue,18500,Used,"Rajshahi, Shaheb Bazar",1 day ago,https://bikroy.com/shaheb-bazar/mobile-phones/samsung-galaxy-note-10-plus-5g-256-gb-blue-kghoyw3IGKi7WPMcvy3i98re.html,5,2026-10-07T08:51:57.919360+00:00,individual,"Galaxy note 10 plus 5g
Official phone 
12/256 ✅
The phone has been used with great care.

The phone was used by my sister.
One hand use.✅

It was purchased from the official store at that time. ✅
Box is not available. It got lost.
S pen works well. ✅

You can check and see as much as you want.

Display changed. Back shell broken. It will cost 500 Taka to get it changed."
Samsung Galaxy S21 5G 256 GB Purple,22000,Used,"Rajshahi, Motihar",25/09,https://bikroy.com/motihar/mobile-phones/samsung-galaxy-s21-5g-256-gb-purple-5Db29E34KKOPkChXveRN45ba.html,5,2026-10-07T08:51:58.390864+00:00,individual,টাকার দরকার এজন্য সেল দিচ্ছি ফোন দেখতে হলে অবশ্যই লোকেশনে এসে দেখেশুনে চেক করে নিয়ে যাবেন ধন্যবাদ
Samsung Galaxy S22 Ultra 256 GB Blue,35000,Refurbished,"Rajshahi, Shaheb Bazar",2 days ago,https://bikroy.com/shaheb-bazar/mobile-phones/samsung-galaxy-s22-ultra-256-gb-blue-djn7XfuWJIYlo0exx5vRiiNP.html,5,2026-10-07T08:51:59.024598+00:00,individual,"Good condition. US version. Brought from US. There is a white mark on the notch on the upper right side which is visible when calling. The phone is very nice, nothing is opened, no marks, waterproof, battery backup is very good. Only those who will take the phone should contact, do not disturb the phone by SMS. box+change 
100% original 
 (what's app )"
Samsung Galaxy S21+ 5G 128 GB Silver,20500,Used,"Rajshahi, Motihar",02/10,https://bikroy.com/motihar/mobile-phones/samsung-galaxy-s21-5g-128-gb-silver-8qwq9xcX6cZOxQ2ADkeU72PN.html,5,2026-10-07T08:51:59.719813+00:00,individual,"The mobile is 100% fresh, nothing has been changed, and there are no problems.
Original box and cable will be provided with it."
Samsung Galaxy S22 5G 128 GB Black,19500,Used,"Rajshahi, Kadirgonj",27/09,https://bikroy.com/kadirgonj/mobile-phones/samsung-galaxy-s22-5g-128-gb-black-1a1TFrz4TREc06Mi4fKB5dWY.html,5,2026-10-07T08:52:00.348439+00:00,individual,All ok phone has no problem selling the phone because I will buy an apple
Samsung Galaxy F55 128 GB Black,22000,Used,"Rajshahi, Godagari",29/09,https://bikroy.com/godagari/mobile-phones/samsung-galaxy-f55-128-gb-black-is4YTzq0mASmgOcoURiu5Lt8.html,3,2026-10-07T08:52:00.797005+00:00,individual,"Full address, Kakanhat, Godagari, Rajshahi"
Samsung Galaxy S21 FE 5G 128 GB Purple,18000,Used,"Rajshahi, Tanore",28/09,https://bikroy.com/tanore/mobile-phones/samsung-galaxy-s21-fe-5g-128-gb-purple-xjRNa6B7hU1wYRRXp4n4rHcb.html,5,2026-10-07T08:52:01.445602+00:00,individual,"Model: Samsung S21 FE
RAM & ROM: 8/128
Completely fresh phone, all parts original. Only has cover usage marks on the body. Apart from that, there are no issues. You can check thoroughly before buying. NID can be provided as security.
Location: Tanore, Rajshahi"
Samsung Galaxy S23 FE 128 GB,27500,Used,"Rajshahi, Shaheb Bazar",16/09,https://bikroy.com/shaheb-bazar/mobile-phones/samsung-galaxy-s23-fe-128-gb-7DcwWhEawXDOpdQwnYWreXH6.html,5,2026-10-07T08:52:01.987075+00:00,individual,"Exchange with iPhone 12 Pro bypass 
Or 
iPhone 13 bypass 
Battery Health 85+"
Samsung S26 ULTRA 12/256 NEW (Brand New),138000,Brand New,"Chattogram, Chawkbazar",3 hours ago,https://bikroy.com/chawkbazar/mobile-phones/samsung-s26-ultra-12-256-new-brand-new-2WxjmLrCfvcfsaNHyOY3dzvR.html,0,2026-10-07T08:52:02.678563+00:00,individual,"🔳 INTACT SEAL PACK 
🔳 Storage: 12/256GB
🔳 Colour: BLUE
◾ Box And Original Cable


🔰 Our Speciality......................................

◾Original & Non-Refurbished Product
◾Emi Facilities Available*
◾Accept Visa, Master Card
◾Delivery Facility inside & Outside ctg.
◾Phone Exchange Facilities*
◾Our All Product 7 Days replacement And 1 year Service Warranty



🔰 Our Showroom Address:


Rony Enterprise (Since 2007)
Bali Arcade Shopping Center
4th Floor, Shop no 03(infront of chawkbazar Post Office
Sirajuddula Road, Chawkbazar, Chattogram Show more"
Samsung Galaxy S24 Ultra 256 GB Silver,86000,Used,"Chattogram, Double Mooring",25/06,https://bikroy.com/double-mooring/mobile-phones/samsung-galaxy-s24-ultra-256-gb-silver-8PXh2Gu03AJT1bB0ruDMJrMv.html,5,2026-10-07T08:52:03.247331+00:00,individual,Comes with the original charging cable (unused) and 4 premium covers.
Samsung Galaxy S24 Ultra 256 GB Gray,80000,Used,"Chattogram, Kotwali, Chattogram",09/09,https://bikroy.com/kotwali/mobile-phones/samsung-galaxy-s24-ultra-256-gb-gray-gcyFfIPIhuTAarznCVVyoFMf.html,3,2026-10-07T08:52:04.020481+00:00,individual,"Contract - 
(Wp)
Used
Condition
No cracks
Physical Condition
256 GB
Internal Storage
12 GB
Ram
No
Card Slot
Triple 200 MP / 50 MP / 10 MP
Main Camera
12 MP
Selfie Camera
6.8 inches
Screen Size
1440 x 3120
Resolution
AMOLED
Display Type
Dual Nano-SIMs and eSIM
SIM
Android
Operating System
5000 mAh
Battery
Gray
Color"
Samsung Galaxy Z Flip8 256 GB Black,105000,Used,"Chattogram, Chawkbazar",3 hours ago,https://bikroy.com/chawkbazar/mobile-phones/samsung-galaxy-z-flip8-256-gb-black-nOEb7exQbc1sIT2jyJwWItFV.html,3,2026-10-07T08:52:04.512165+00:00,individual,Flip 8 Black with box 12/256
Samsung Galaxy S24 Ultra 512 GB Gold,83000,Used,"Chattogram, Nasirabad",13/07,https://bikroy.com/nasirabad/mobile-phones/samsung-galaxy-s24-ultra-512-gb-gold-dxEOFOvZ25AlGnrzJxS32fYG.html,3,2026-10-07T08:52:05.228644+00:00,individual,"Full box given 
12/512 
Vietnam variant
A very little dot in the screen otherwise all ok no scratch"
Samsung Galaxy S24 Ultra (Used),90000,Used,"Chattogram, Khulshi",23/04,https://bikroy.com/khulshi/mobile-phones/samsung-galaxy-s24-ultra-used-7CO4BEAXvKuCTvUK7J1NNbx6.html,3,2026-10-07T08:52:05.895106+00:00,individual,"100% fresh.
Full boxed. Not a single spot. Original cable.
With premium phone case."
Samsung Galaxy S24 Ultra 256 GB Silver,79000,Used,"Chattogram, Kotwali, Chattogram",20/07,https://bikroy.com/kotwali/mobile-phones/samsung-galaxy-s24-ultra-256-gb-silver-aQUrdG3t6ifUqQH27YqbQyQq.html,3,2026-10-07T08:52:06.380524+00:00,individual,No issues. Everything is original. The mobile has a screen protector and a lens protector applied. The memo will be provided with the mobile. You must come to the location to pick up the mobile.
Samsung Galaxy Z Fold 8 512 GB Purple,210000,Used,"Chattogram, Chawkbazar",3 hours ago,https://bikroy.com/chawkbazar/mobile-phones/samsung-galaxy-z-fold8-512-gb-purple-jTXINiQgaaabNNfJjg5LyAPg.html,3,2026-10-07T08:52:07.111682+00:00,individual,"Samsung Fold 8 with 3 Years Warranty.
16/512
with Box
Just Open Box"
New Samsung Galaxy S25 Ultra 256 GB Black,99999,Brand New,"Chattogram, CDA Avenue",5 hours ago,https://bikroy.com/cda-avenue/mobile-phones/new-samsung-galaxy-s25-ultra-256-gb-black-dQ7YRE6nbI0M4sGPgYb5KYy9.html,3,2026-10-07T08:52:07.569862+00:00,individual,"Brand new Intech box! 
12GB/256GB
Black color

ক্রেডিট কার্ড এর মাধ্যমে ২০ টির অধিক ব্যাংকে ৩৬ মাস পর্যন্ত EMI এর সুবিধা রয়েছে। (*শর্ত প্রযোজ্য*)"
Samsung Galaxy S25+ 12/256GB FULL BOX (Used),85000,Used,"Chattogram, Chawkbazar",2 hours ago,https://bikroy.com/chawkbazar/mobile-phones/samsung-galaxy-s25-12-256gb-full-box-used-uRUdDTM73SzH6xroD0NgA4Pf.html,0,2026-10-07T08:52:08.099873+00:00,individual,"🔳 TWO MONTH USED ONLY AS LIKE AS NEW CONDITION
🔳 Storage: 12/256gb
🔳 Colour: SILVER
◾ Original Cable AND BOX

🔰 Our Speciality......................................

◾Original & Non-Refurbished Product
◾Emi Facilities Available*
◾Accept Visa, Master Card
◾Delivery Facility inside & Outside ctg.
◾Phone Exchange Facilities*
◾ All Products Original And Genuine.
◾Our All Product 7 Days replacement And 1 year Service Warranty



🔰 Our Showroom Address:


Rony Enterprise (Since 2007)
Bali Arcade Shopping Center
4th Floor, Shop no 03(infront of chawkbazar Post Office
Sirajuddula Road, Chawkbazar, Chattogram Show more"
Samsung Galaxy S24 Ultra 256 GB Black,85000,Used,"Chattogram, Agrabad",19/07,https://bikroy.com/agrabad/mobile-phones/samsung-galaxy-s24-ultra-256-gb-black-6tG5zsRVYCqTAF5F626HmuwZ.html,5,2026-10-07T08:52:08.674717+00:00,individual,Phone like new. No repair history. Box nai but any kind of security dewa Jabe. Everything works perfectly.Location must.
Samsung Galaxy Z Flip6 512 GB White,130000,Used,"Chattogram, Mirsharai",08/08,https://bikroy.com/mirsharai/mobile-phones/samsung-galaxy-z-flip6-512-gb-white-4YS26EPVWOGhTN4W2Scx1hHv.html,3,2026-10-07T08:52:09.009762+00:00,individual,"Used for two months, still fully fresh, no problems with the mobile, like new"
Samsung Galaxy S26+ 256 GB White,95000,Used,"Chattogram, Chawkbazar",3 hours ago,https://bikroy.com/chawkbazar/mobile-phones/samsung-galaxy-s26-256-gb-white-6umLXyE1pBcY3nttEPkxjkSE.html,3,2026-10-07T08:52:09.558897+00:00,individual,"Samsung S26 Plus
12/256
with box
White colour
Few days Used."
New Samsung Galaxy s26 256 GB,114999,Brand New,"Chattogram, CDA Avenue",5 hours ago,https://bikroy.com/cda-avenue/mobile-phones/new-samsung-galaxy-s26-256-gb-mkbvfDnmZI7W37nvy1yxJadN.html,4,2026-10-07T08:52:10.210211+00:00,individual,"Display: 6.9"" QHD+ Dynamic LTPO AMOLED 2X, 120Hz, HDR10+, 2600 nits (peak)
Processor: Snapdragon 8 Elite Gen 5, 
Camera: 200MP Wide, 50MP Ultrawide, 10MP 3x, 50MP 5x Telephoto, 12MP Selfie, 8K video recording
Battery: Li-Ion 5000 mAh battery,
Enjoy EMI facilities up to 36 months through credit cards from over 20 banks. (*Conditions apply*)"
Samsung Galaxy A35 128 GB Rose Gold,23500,Used,"Chattogram, Muradpur",6 hours ago,https://bikroy.com/muradpur/mobile-phones/samsung-galaxy-a35-128-gb-rose-gold-zWazxEKXz7vMJJvMer6BmmzD.html,3,2026-10-07T08:52:10.839103+00:00,individual,"Samsung galaxy A35 5G 
8/128
Full box... 
 সুবিধা:
 ১৫ দিনের রিপ্লেসমেন্ট গ্যারান্টি
 Device – 
 Shop No: 319, 3rd Floor (Lift 2 )
 CPDL RB Midtown Market, মুরাদপুর, চট্টগ্রাম (মক্কা হোটেলের পাশে)"
Samsung Galaxy A56 256 GB Green,35500,Used,"Chattogram, Muradpur",6 hours ago,https://bikroy.com/muradpur/mobile-phones/samsung-galaxy-a56-256-gb-green-IO3H8Zlmn3Mr2TAtBrcmSSB.html,3,2026-10-07T08:52:11.461789+00:00,individual,"Samsung Galaxy A56 5G
 8GB RAM / 256GB Storage
 Full Box
 6.7"" FHD+ Super AMOLED Display
 120Hz Refresh Rate
 Exynos 1580 Processor
 50MP OIS Main Camera
 Benefits:
 15-day replacement guarantee
 Shop No: 319, 3rd Floor
 CPDL RB Midtown Market, Muradpur, Chittagong (Next to Makkah Hotel)"
New Samsung Galaxy A54 5G 128 GB Black,30000,Brand New,"Chattogram, Nasirabad",26/09,https://bikroy.com/nasirabad/mobile-phones/new-samsung-galaxy-a54-5g-128-gb-black-3V83c5Fvg1N0TAQHWJJww0pq.html,5,2026-10-07T08:52:11.969837+00:00,individual,Everything of the phone is fine. Selling because I will take the upgrade series. Anyone who wants can check it out. Everything of the phone is authentic.
New Samsung Galaxy S24 Ultra 256 GB Blue,56000,Brand New,"Chattogram, Double Mooring",02/10,https://bikroy.com/double-mooring/mobile-phones/new-samsung-galaxy-s24-ultra-256-gb-blue-ddLGQcbGQUhQXQAEiSHXFOh2.html,4,2026-10-07T08:52:12.250108+00:00,individual,"Samsung s 24 ultra with box
256 gb
All okh
Note: Display change only.
Other okh
Location: East Madarbari, Chattogram 
Location must
Contact 015XXXXXXXX"
Samsung Galaxy S23 FE 128 GB Blue,30000,Used,"Chattogram, Agrabad",3 hours ago,https://bikroy.com/agrabad/mobile-phones/samsung-galaxy-s23-fe-128-gb-blue-pwm81YmsxODpf0sXyE8ZXK7u.html,3,2026-10-07T08:52:12.674220+00:00,individual,"Samsung S23 FE 5g
Ram 8+128
With chgr 
100% ok set & genuine phone not a single security issue pls
More details for call pls... No sms pls"
Samsung Galaxy S25 512 GB Blue,70000,Used,"Chattogram, Sitakunda",10/09,https://bikroy.com/sitakunda/mobile-phones/samsung-galaxy-s25-512-gb-blue-nB8QnLaUgmzxJ1YtfErK8Bbr.html,5,2026-10-07T08:52:12.998874+00:00,individual,"Samsung S25 12/512GB, only phone and cash memo.
Exchange only, no sale: Samsung S24 Ultra / iPhone 15 Pro / Vivo X200 Pro Global variant.
The mobile has not a single spot of issue, fully fresh with lamination, check as much as you like. The mobile was bought from abroad so the box couldn't be brought, but cash memo is available.
Don't bother with unnecessary lowball offers, inbox if you really want to buy."
Samsung Galaxy A52 5G 128 GB Blue,25000,Used,"Chattogram, Chawkbazar",27/09,https://bikroy.com/chawkbazar/mobile-phones/samsung-galaxy-a52-5g-128-gb-blue-3jucFhvo2qh1ePYcFH1AvThP.html,5,2026-10-07T08:52:13.574330+00:00,individual,"No box... only device... There are minor scratches, check and take... possible only inctg... Rahattarpul, ctg... Bought it for 45k when I bought it new"
Samsung Galaxy S21 FE 5G 128 GB Blue,24000,Used,"Chattogram, Agrabad",2 hours ago,https://bikroy.com/agrabad/mobile-phones/samsung-galaxy-s21-fe-5g-128-gb-blue-k3bguO7oc0z9ll06t9JkuMyj.html,3,2026-10-07T08:52:13.969067+00:00,individual,"Set is in fully fresh condition. RAM 8GB, Storage 128GB. Comes with charger."
Samsung Galaxy S22 Ultra 256 GB Purple,33000,Used,"Chattogram, Patenga",02/10,https://bikroy.com/patenga/mobile-phones/samsung-galaxy-s22-ultra-256-gb-purple-tUQH4BOPS8Rqm8dhRkwESO1h.html,3,2026-10-07T08:52:14.638684+00:00,individual,Fresh condition... Check and take at a fixed price
Samsung Galaxy A35 128 GB Pink,23990,Used,"Chattogram, Agrabad",3 hours ago,https://bikroy.com/agrabad/mobile-phones/samsung-galaxy-a35-128-gb-pink-uoH420XnoQFDCFqm5XQP5yAC.html,2,2026-10-07T08:52:15.148265+00:00,individual,"Set in fully fresh condition 
100% ok
Ram 8+128
With charger and cash memo"
Samsung Galaxy S20 Ultra 256 GB Bronze,28500,Used,"Chattogram, Khulshi",29/09,https://bikroy.com/khulshi/mobile-phones/samsung-galaxy-s20-ultra-256-gb-bronze-6p3JyrBQB9VjgkWKLagSnXMo.html,5,2026-10-07T08:52:15.753819+00:00,individual,"Purchased in 2021. 
No box and charger. NID copy can be provided. 
There are cracks on the glass above the display and camera. 
Battery backup is moderate. 
Can write and work with a stylus. 
You can take it if you like it after seeing it. 
Bata Goli, GEC, Chattogram."
Samsung Galaxy S23 Ultra 256 GB Green,45000,Used,"Chattogram, Alankar",2 days ago,https://bikroy.com/alankar/mobile-phones/samsung-galaxy-s23-ultra-256-gb-green-zY548IGmvUimJc4Ax88x8Yx.html,5,2026-10-07T08:52:16.463529+00:00,individual,"Samsung Galaxy S23 Ultra
 RAM: 12GB
 Storage: 256GB
 Display: Changed to Top-Quality OLED Display 
 Fingerprint: Working 
 Box: Full Box
 Condition: Good
 Asking Price: 45,000৳
 Location: Halishahar, Bisso Road, Chattogram
 Interested হলে inbox করুন।
Serious buyers only."
Samsung Galaxy S24 FE 256 GB Blue,41000,Used,"Chattogram, Agrabad",3 hours ago,https://bikroy.com/agrabad/mobile-phones/samsung-galaxy-s24-fe-256-gb-blue-b3KeII4Apy4JHQ68F0JlEU0U.html,3,2026-10-07T08:52:17.233445+00:00,individual,"Samsung S24 FE 5g
Set fully fresh conditions 
200% ok set 
Ram 8+128
With charger 
100% genuine phone... Not a single Security issue pls..."
Samsung Galaxy S23+ 256 GB Black,26000,Used,"Chattogram, Halishahar",22/09,https://bikroy.com/halishahar/mobile-phones/samsung-galaxy-s23-256-gb-black-kv1x9rIFviucJN2IFUD938lU.html,5,2026-10-07T08:52:17.557733+00:00,individual,"Selling my Samsung Galaxy S23 Plus, used for 1.5 years.
Key Specifications:
* Storage/RAM: 8GB RAM / 256GB ROM
* Processor: Snapdragon 8 Gen 2 for Galaxy"
Samsung Galaxy S24 Ultra 256 GB Bronze,80000,Used,"Dhaka, Baridhara",3 hours ago,https://bikroy.com/baridhara/mobile-phones/samsung-galaxy-s24-ultra-256-gb-bronze-3WRG6Ye7jJ13UWZ7rjIZVVVw.html,3,2026-10-07T08:52:18.274923+00:00,individual,Samsung s24 Ultra Jamuna future park
New Samsung Galaxy S25 Ultra 256 GB Graphite,81999,Brand New,"Dhaka, Savar",3 hours ago,https://bikroy.com/savar/mobile-phones/new-samsung-galaxy-s25-ultra-256-gb-graphite-be4gTCg0MfOczWD7uRxirDFP.html,3,2026-10-07T08:52:18.890088+00:00,individual,"Samsung S25 Ultra 
✨ একদম ফ্রেশ কন্ডিশন! 💯
🔹 কোনো দাগ নেই, খোলা বা সার্ভিসিং হয়নি। পার্টস ১০০% অরিজিনাল।
🎁 সাথে চার্জার ও শপের ক্যাশ মেমো পাবেন।
🛡️ ৭ দিনের রিপ্লেসমেন্ট ও ১ বছরের সার্ভিস ওয়ারেন্টি!
🏪 Livewire Savar - NTECH BD, সেনা শপিং কমপ্লেক্স, নবীনগর, সাভার।
🚚 সারা দেশে ক্যাশ অন ডেলিভারি।
📞 বিস্তারিত জানতে কল করুন 096XXXXXXXX"
Samsung Galaxy S25 Ultra 256 GB White,88000,Used,"Dhaka, Savar",5 hours ago,https://bikroy.com/savar/mobile-phones/samsung-galaxy-s25-ultra-256-gb-white-1i0HcnNpprwDnaV89lvyrZ6u.html,4,2026-10-07T08:52:19.441682+00:00,individual,"Display:6.9′′ QHD+ Dynamic AMOLED 2X.
Resolution:3120 × 1440
Processor:Snapdragon 8 Elite for Galaxy.
RAM:12GB
Storage:256GB
Main Camera:200MP, OIS, f/1.7
Ultra-wide
50MP, f/1.9
Telephoto:50MP 5× Optical Zoom + 10MP 3× Optical Zoom
Front Camera:12MP
Video:সর্বোচ্চ 8K
Battery:5000mAh
Charging:
45W wired, wireless.
Android 15 + One UI 7
Network:5G"
Samsung Galaxy S25 Ultra 256 GB White,91000,Used,"Dhaka, Baridhara",6 hours ago,https://bikroy.com/baridhara/mobile-phones/samsung-galaxy-s25-ultra-256-gb-white-foWlXuDs3rLYnMo1D46XSZ5n.html,5,2026-10-07T08:52:20.059386+00:00,individual,Samsung S25 ultra 12/256 without box fresh condition
Samsung Galaxy Z Fold7 512 GB Gray,131990,Used,"Dhaka, Mohammadpur",3 hours ago,https://bikroy.com/mohammadpur/mobile-phones/samsung-galaxy-z-fold7-512-gb-gray-aYXYoFAJH3Q1iiNyjHuIhKXW.html,5,2026-10-07T08:52:20.820753+00:00,individual,"Shop Name :Ab international 
Level -06 Shop number-(657,658)
Tokyo Square,Japan garden city, Mohammadpur
Call us for any question

👉 USED ফোন কিনে নিয়ে আর কোন দুশ্চিন্তা নয় কারণ আমরা দিচ্ছি ১০০% অরিজিনাল এবং অথেন্টিক ফোন। 
👉৭ দিনের মধ্যে কোনরকম প্রবলেম হলে রিপ্লেস করে দেওয়া হবে( Expect display issues)
👉এক বছরের ফ্রি সার্ভিস ওয়ারেন্টি"
New Samsung Galaxy S25 Ultra 256 GB Silver,90000,Brand New,"Dhaka, Tongi",27/09,https://bikroy.com/tongi/mobile-phones/new-samsung-galaxy-s25-ultra-256-gb-silver-hn1QfWO10SzECwaS008PJopn.html,4,2026-10-07T08:52:21.546984+00:00,individual,"Assalamualaikum. I've only used it for 2 months. I bought it from Saudi Arabia. I came here for two months, but now my company is giving me an exit. Under these circumstances, I can't return to Saudi Arabia and need money immediately, which is why I want to sell my mobile phone. The phone's condition and everything else is good, but I don't have the box, okay? Only the charger."
Samsung Galaxy S25 Ultra 256 GB Gray,92000,Used,"Dhaka, Baridhara",6 hours ago,https://bikroy.com/baridhara/mobile-phones/samsung-galaxy-s25-ultra-256-gb-gray-BhTJYKJNxR4Nmy56kgeLHHSZ.html,5,2026-10-07T08:52:22.146549+00:00,individual,Full box and in pristine condition.
Samsung Galaxy S26 Ultra 5G 256 GB Black,97999,Used,"Dhaka, Mirpur",3 hours ago,https://bikroy.com/mirpur/mobile-phones/samsung-galaxy-s26-ultra-5g-256-gb-black-V24fo0MA1hj52FfLs9oM46g.html,5,2026-10-07T08:52:22.836712+00:00,individual,"SR Telecom
Shop 29
Level 3
Bagdad shopping complex, mirpur1
RAM: 12
ROM: 256
Includes: Cash memo, box, and mobile.
Our Special Facilities:
100% Genuine mobile
7-day replacement guarantee, conditions apply.
1-year free service warranty, excluding parts
EMI for credit card
Home delivery and courier service available.
Confirm with a payment of only 500 Taka 018XXXXXXXX"
Samsung Galaxy Z Fold7 512 GB Blue,139990,Used,"Dhaka, Mohammadpur",3 hours ago,https://bikroy.com/mohammadpur/mobile-phones/samsung-galaxy-z-fold7-512-gb-blue-cNJHUf3HgcCpWHmm1xf2BQzR.html,5,2026-10-07T08:52:23.496424+00:00,individual,"Shop Name :Ab international 
Level -06 Shop number-(657,658)
Tokyo Square,Japan garden city, Mohammadpur
Call us for any question
 USED ফোন কিনে নিয়ে আর কোন দুশ্চিন্তা নয় কারণ আমরা দিচ্ছি ১০০% অরিজিনাল এবং অথেন্টিক ফোন। 
৭ দিনের মধ্যে কোনরকম প্রবলেম হলে রিপ্লেস করে দেওয়া হবে( Expect display issues)
এক বছরের ফ্রি সার্ভিস ওয়ারেন্টি"
Samsung Galaxy S25 Ultra 512 GB White,102000,Used,"Dhaka, Baridhara",3 hours ago,https://bikroy.com/baridhara/mobile-phones/samsung-galaxy-s25-ultra-512-gb-white-zErySP9Rx83e90DWpP1HJZa0.html,3,2026-10-07T08:52:24.102634+00:00,individual,Samsung S25 Ultra available at Jamuna Future Park.
Samsung Galaxy S24 Ultra 256 GB Gray,77999,Used,"Dhaka, Bashundhara City",3 hours ago,https://bikroy.com/bashundhara-city/mobile-phones/samsung-galaxy-s24-ultra-256-gb-gray-u4gULggw4GCNAhuR2W74fX0B.html,5,2026-10-07T08:52:24.810750+00:00,individual,"Samsung Galaxy S24 Ultra — Authentic Titanium Gray
12GB RAM / 256GB Storage
Full Boxed
7 Days Replacement without display, parts & condition
Visit Our Shop
Basement-2, Shop No: 94
Basundhara City Shopping Complex
Panthapath Dhaka 1215
You will easily find our shop on your left hand side after getting down the escalator."
New Samsung Galaxy Z Flip7 256 GB,97999,Brand New,"Dhaka, Bashundhara City",6 hours ago,https://bikroy.com/bashundhara-city/mobile-phones/new-samsung-galaxy-z-flip7-256-gb-fZNeUOyNH5E3Xz1NMCEwittK.html,3,2026-10-07T08:52:25.351420+00:00,individual,"10 days replacement guarantee
2 years service warranty
Safe courier facility across the country
Attractive exchange offers
Basement-1, Shop-84, Bashundhara City Shopping Mall
Prices are subject to change. Please contact us on WhatsApp before visiting."
Samsung Galaxy S24 Ultra 256 GB Gray,76000,Used,"Dhaka, Mirpur",26/09,https://bikroy.com/mirpur/mobile-phones/samsung-galaxy-s24-ultra-256-gb-gray-fDNy7UOH407yIlkbazUXbNnz.html,5,2026-10-07T08:52:26.039681+00:00,individual,"স্যামসাং এস২৪ আল্ট্রা একদম ফ্রেশ কন্ডিশন। একটি আঁচড়ও নেই
 র‍্যাম/রোম: ১২জিবি / ২৫৬
বক্স: অ্যাভেইলেবল
 ব্যাটারি: চমৎকার
 ডিসপ্লে ও ক্যামেরা: পারফেক্ট
 কোনো সমস্যা নেই — সবকিছু ১০০%
 মূল্য: ৳[৭৬০০০]
লোকেশন মিরপুর ২। লোকেশন থেকে নিতে হব{phone=০১৭১৭০৯২৫৩৫}"
Samsung Galaxy S25 Ultra 512 GB,76500,Used,"Dhaka, Uttara",1 hour ago,https://bikroy.com/uttara/mobile-phones/samsung-galaxy-s25-ultra-512-gb-mHRgKKoRGFd4yyJCziEKp4ZV.html,5,2026-10-07T08:52:26.693602+00:00,individual,"Very Good Condition – Titanium Black
Storage:  12GB RAM / 512GB ROM Color:  Titanium Black
Accessories:  Comes with charging cable and 5 premium cover.
 Payment:  Cash Memo available
 Security: Any necessary security will be provided.
Remark: The back shell has been changed, but the original back shell is also included with the phone.
Thanks."
Samsung Galaxy S22 5G 128 GB White,30000,Used,"Dhaka, Dhanmondi",25/09,https://bikroy.com/dhanmondi/mobile-phones/samsung-galaxy-s22-5g-128-gb-white-2PxR1faEYjUKeAUe0C380N9A.html,4,2026-10-07T08:52:27.448777+00:00,individual,"Samsung S22
8GB 128GB"
Samsung Galaxy Quantum 2 128 GB White,22000,Used,"Dhaka, Uttara",5 hours ago,https://bikroy.com/uttara/mobile-phones/samsung-galaxy-quantum-2-128-gb-white-wBHWyQSKzUOPbWOiTNnnpny2.html,4,2026-10-07T08:52:28.079116+00:00,individual,"Brand new phone, not used yet, selling as Used due to lack of box and charger. We have a shop, you will get cash memo as security and 7 days guarantee.

Shop address : Shop No. 49, 4th Floor, Amir Complex, Azampur, Uttara, Dhaka 1230.

WhatsApp 016XXXXXXXX"
Samsung Galaxy S21+ 5G 128 GB Purple,23999,Used,"Dhaka, Savar",2 hours ago,https://bikroy.com/savar/mobile-phones/samsung-galaxy-s21-5g-128-gb-purple-BQovCcEKSoGZ2UmGNfIZ4Ghd.html,5,2026-10-07T08:52:28.792793+00:00,individual,"S21+ 5G (128GB) in super fresh condition

Location: Savar, Nobinogor, Sena Shopping Complex
Shop name: Apple Gadgets & Care
Shop no: D/43, Lift 3"
Samsung Galaxy A17 5G 128 GB Black,24999,Used,"Dhaka, Gulshan",2 hours ago,https://bikroy.com/gulshan/mobile-phones/samsung-galaxy-a17-5g-128-gb-black-rIP3POAWDzZ0WcWgwa0mnEln.html,5,2026-10-07T08:52:29.323512+00:00,individual,"Samsung A17 5G official device
Official warranty is 6 months
RAM 8GB, ROM 128GB
Processor Exynos 1380
Battery 5000 mAh
Super AMOLED
10 days replacement guarantee is available
1 year service warranty is available
Location: Gulshan 2, Land View Shopping Center, shop number 24, 1st floor
Phone exchange is available
Friday market is closed
You can do EMI with a credit card"
Samsung Galaxy A54 128 GB Silver,32000,Used,"Dhaka, Savar",17/09,https://bikroy.com/savar/mobile-phones/samsung-galaxy-a54-128-gb-silver-wVi7EFsrjdnZZ6mgypnEmYwf.html,5,2026-10-07T08:52:30.035295+00:00,individual,"Samsung Galaxy A54 5G — Korean Variant 
 Condition: Like New — Completely fresh
 Korean Variant
 Phone's condition is absolutely wonderful
 No problem
 Display & Camera are completely good
 Smooth performance
 
 Price: 32000 Taka
 Location: Savar, Dhaka
 Inbox if interested to buy.
 Serious Buyer Only."
Samsung Galaxy Z Fold 3 256 GB Black,22000,Used,"Dhaka, Jatrabari",04/10,https://bikroy.com/jatrabari/mobile-phones/samsung-galaxy-z-fold-3-256-gb-black-7RQrNIa9P1GCMY9EmQsHH3HK.html,5,2026-10-07T08:52:30.436437+00:00,individual,"After the update, the middle display got damaged, otherwise there are no other problems. You can check it as much as you want. I am selling it because I will buy a new phone. Exchange is possible. Comes with cash memo, back cover, and NID photocopy as security."
Samsung Galaxy A34 5G 128 GB Black,24500,Used,"Dhaka, Uttara",6 hours ago,https://bikroy.com/uttara/mobile-phones/samsung-galaxy-a34-5g-128-gb-black-kW7GbPyd8nxzlgUU8AKgifvp.html,4,2026-10-07T08:52:31.260353+00:00,individual,"Brand new phone, not used yet, selling as Used due to lack of box and charger. We have a shop, you will get cash memo as security and 7 days guarantee.

Shop address : Shop No. 49, 4th Floor, Amir Complex, Azampur, Uttara, Dhaka 1230.

WhatsApp 016XXXXXXXX"
New Samsung Galaxy A57 128 GB Blue,46500,Brand New,"Dhaka, Uttara",3 hours ago,https://bikroy.com/uttara/mobile-phones/new-samsung-galaxy-a57-128-gb-blue-nkirJSyijdF8luPGnybehDF1.html,3,2026-10-07T08:52:31.757384+00:00,individual,"Brand New Galaxy A57 8/128GB Navy Blue
Physical Dual Sim 
Made by Vietnam 



🟡 100% Original & Non Refurbished Product

🟡 7 Days Replacement & 1 Year Service Warranty

🟡 EMI Facility is also AVAILABLE

Contact Us

Exchange Hub

Shop No: 610, 611, 628 & 629 Level-6, Tropical Alauddin Tower

Sector 3, Road 2, Rajlaxmi, Uttara."
Nothing Phone 2a Plus 256 GB Gray,31000,Used,"Dhaka, Mirpur",2 hours ago,https://bikroy.com/mirpur/mobile-phones/nothing-phone-2a-plus-256-gb-gray-zJatyGV6UJOv3qmBYG2ZYBgD.html,5,2026-10-07T08:52:32.364332+00:00,individual,"Nothing 2a Plus
8/256, 5G
Super fresh condition, Box, Cash Memo and Charger Available.
Used very lightly.
Not a single scratch or rash anywhere.
The phone is just like brand new.
Selling reason: want to shift to Samsung S25 Ultra.
Price slightly negotiable.
Location: Mirpur 13."
Samsung Galaxy S22 5G 256 GB Black,23000,Used,"Dhaka, Badda",23/09,https://bikroy.com/badda/mobile-phones/samsung-galaxy-s22-5g-256-gb-black-vZxm9LCsVsKpHQSqHPVTIkrJ.html,5,2026-10-07T08:52:33.086212+00:00,individual,No major problem. All parts original. Only Greenline issue but does not cause any problem. Mobile:
Samsung Galaxy S22 Ultra 256 GB Black,37999,Used,"Dhaka, Lalbag",2 days ago,https://bikroy.com/lalbag/mobile-phones/samsung-galaxy-s22-ultra-256-gb-black-rtA9wEX78szqKl0iNuKyWshv.html,5,2026-10-07T08:52:33.637747+00:00,individual,"100 percent fresh and spotless, cash memo and all security related documents will be provided. Made in Vietnam variant, purchased from Bashundhara City Shopping Mall in Dhaka. Two years of service warranty is given. Only genuine buyers please knock. Do not bargain unnecessarily."
Samsung Galaxy A35 128 GB Black,28000,Used,"Dhaka, Savar",6 hours ago,https://bikroy.com/savar/mobile-phones/samsung-galaxy-a35-128-gb-black-rD3Pvm6Lz0BRHjXqVsDAFU2P.html,4,2026-10-07T08:52:34.075843+00:00,individual,"📌 স্পেসিফিকেশন:

Model:Galaxy A35
RAM:8 GB
ROM:128 GB
Battery:5000

Guarantee/Warranty: 7days replacement guarantee And 1year service warranty.


🔄 **Used Phone Buy | Sell | Exchange**
পুরাতন মোবাইল বিক্রি বা এক্সচেঞ্জ করার সুবিধা রয়েছে।

🏪 MODINA MOBILE ZONE

📍 Shop # E-180 (Level-5), Sena Shopping Complex, Nabinagar, Savar, Dhaka."
New Samsung Galaxy A56 128 GB Gray,44000,Brand New,"Dhaka, Uttara",3 hours ago,https://bikroy.com/uttara/mobile-phones/new-samsung-galaxy-a56-128-gb-gray-ilMiglVoQqrRbnTPCfAEAp9Q.html,3,2026-10-07T08:52:34.769544+00:00,individual,"Grab the brand new Galaxy A56 5G in Gray with 8/128GB capacity!
100% original and non-refurbished product.
Enjoy a 7-day replacement guarantee and a 1-year service warranty.
Easy EMI facilities are also available.
Contact us today!
Exchange Hub
Shop No: 610, 611, 628 & 629, Level-6, Tropical Alauddin Tower
Sector 3, Road 2, Rajlaxmi, Uttara.
Call for details 017XXXXXXXX"
S23 Ultra Original Display Phone Unlocked,25000,Used,"Dhaka, Khilgaon",3 hours ago,https://bikroy.com/khilgaon/cell-phones-tablets-accessories/s23-ultra-original-display-phone-khola-mmsSx7DXreI10SHyOQb2XvOx.html,5,2026-10-07T08:52:35.529405+00:00,individual,"Original Dynamic AMOLED 2X display taken off from a Samsung Galaxy S23 Ultra phone. You will get a one-month replacement guarantee on the display. Display without frame, waterproof and dustproof stickers will be provided with the display, you can come to the shop and get the display fitted. And those who are outside Dhaka and are interested to buy can get it through courier on cash on delivery. Send an SMS with the model number on WhatsApp to watch the display video. The display video link is given above. Show more"
Apple iPhone 16 Pro Max 256 GB White,128550,Used,"Rajshahi, Boalia",09/05,https://bikroy.com/boalia/mobile-phones/apple-iphone-16-pro-max-256-gb-white-5PLV8YML3K5B5UUDTl06edpI.html,2,2026-10-07T08:52:36.349177+00:00,individual,"As like New and fresh condition. 92% BH. Physical dual sim with full box. White titanium. Hong Kong variant. Selling reason: Purchase 17 Pro Max. No exchange, only cash."
New Apple iPhone 16 Pro Max 256 GB White,120000,Brand New,"Rajshahi, Shaheb Bazar",6 hours ago,https://bikroy.com/shaheb-bazar/mobile-phones/new-apple-iphone-16-pro-max-256-gb-white-zi5XoCbFn23gTyfK7KKqstGV.html,3,2026-10-07T08:52:36.961530+00:00,individual,"iPhone 16 Pro Max

256 GB, 100% Battery Health

Physical SIM

Experience Super Condition 🔥🔥

Enjoy a 7-day replacement guarantee ✅ 
Get a 1-year service warranty ✅ 

#Exchange possible ✅

Our Address:
Smart Choice, Shop No. 211,
City Center, Beside Rajshahi College, Sonadighi Mor, Rajshahi"
Apple iPhone 17 Pro 256 GB Orange,129999,Used,"Rajshahi, Rajpara",16/09,https://bikroy.com/rajpara/mobile-phones/apple-iphone-17-pro-256-gb-orange-B4wngvpSbvVctqCB3TrqiKXU.html,4,2026-10-07T08:52:37.541284+00:00,individual,"iPhone 17 Pro
  256GB
  1 Physical SIM + 1 eSIM

Absolutely fresh, completely like new.

Do not message or call unnecessarily.
If you are willing to buy, please call directly.

Thank you."
Apple iPhone 17 Pro Max 256 GB Blue,152000,Used,"Rajshahi, Shaheb Bazar",6 hours ago,https://bikroy.com/shaheb-bazar/mobile-phones/apple-iphone-17-pro-max-256-gb-blue-11qaF5s38zvfsBJt5Pcb14B3.html,4,2026-10-07T08:52:38.220084+00:00,individual,"iPhone 17 Pro Max, 256 GB, 100% Battery Health, Cycle Count 105, USA origin. Super condition. 7 days replacement guarantee, 1 year service warranty. Exchange possible. Our Address: Smart Choice, Shop No. 211, City Center, Beside Rajshahi College, Sonadighi Mor, Rajshahi. Call for any details"
New Apple iPhone 16 Pro Max 256 GB Gold,125000,Brand New,"Rajshahi, Kadirgonj",09/05,https://bikroy.com/kadirgonj/mobile-phones/new-apple-iphone-16-pro-max-256-gb-gold-66aAqTrqhBhcLiAWyPR5M47X.html,5,2026-10-07T08:52:38.775793+00:00,business,"iPhone 16 Pro Max. 95% Battery Health, 256GB. Buy your favorite iPhone from TECH LIFE because we offer the best price, premium quality, and hassle-free customer service! Shop Location: Shop number: 121, Sopnochura plaza, kadirgonje."
Apple iPhone 16 Pro Max 256 GB,120000,Used,"Rajshahi, Vodra",21/09,https://bikroy.com/vodra/mobile-phones/apple-iphone-16-pro-max-256-gb-fpGPKBDXORDcX17deMaPpZsW.html,5,2026-10-07T08:52:39.441568+00:00,individual,"iPhone 16 Pro Max Singapore variant
Purchased from Singapore Apple Store
Box, original cable, cash memo everything available
100% fresh unit. One-hand used
Battery health 88%
Storage: 256GB
Selling Reason: Upgrading to the iPhone 17 Pro Max
You're welcome to check the device thoroughly before purchasing. Serious buyers are welcome to contact me."
Apple iPhone 17 Pro Max 512 GB Blue,165000,Used,"Rajshahi, Shaheb Bazar",6 hours ago,https://bikroy.com/shaheb-bazar/mobile-phones/apple-iphone-17-pro-max-512-gb-blue-csV8slMWeD0XUh2vOu3pydkj.html,2,2026-10-07T08:52:40.160059+00:00,individual,"IPhone 17 pro max 
512 gb 100 bh 
Cc 105 
Super condition 
7 days replacement guarantee  
1 year service waranty  
#exchange possible 
Our Address :
Smart Choice , Shop No. 211 , 
City center , Beside of Rajshahi College , Sonadigir mor Rajshahi
Call for any details:"
Apple iPhone 17 Pro Max 256 GB Orange,160000,Used,"Rajshahi, Boalia",1 day ago,https://bikroy.com/boalia/mobile-phones/apple-iphone-17-pro-max-256-gb-orange-7SUQxhfYYsmy6cHpEBVtoxxI.html,4,2026-10-07T08:52:40.785504+00:00,individual,"Battery Health: 98%, Charging: 68 times. Apple Warranty: 12.03.2027"
New Apple iPhone 17 Pro Max 256 GB White,160000,Brand New,"Rajshahi, Laksimipur",1 day ago,https://bikroy.com/laksimipur/mobile-phones/new-apple-iphone-17-pro-max-256-gb-white-2UqN6kvptoFChfyKfIjLQhnU.html,3,2026-10-07T08:52:41.398556+00:00,individual,"iPhone 17 Pro Max has been charged 7 times, no problems, absolutely like new."
Apple iPhone 16 Pro Max 256 GB,129999,Used,"Rajshahi, Baharampur",21/06,https://bikroy.com/baharampur/mobile-phones/apple-iphone-16-pro-max-256-gb-fShnzR2EYw90F51LeoKqXDjw.html,5,2026-10-07T08:52:42.112773+00:00,individual,"Apple Limited Warranty till 29 August 2026
Australian Variant
Physical SIM + eSIM
Battery Health: 100%
Cycle Count: 234
No Scratch
No Dent
No Repair History
Never Opened
Box + Original Type-C Cable Available
Reason for Selling:
Upgrade to iPhone 17 Pro Max
Face to Face Deal Preferred
Location: Rajshahi"
Apple iPhone 17 Pro Max 256 GB Orange,140000,Used,"Rajshahi, Shaheb Bazar",6 hours ago,https://bikroy.com/shaheb-bazar/mobile-phones/apple-iphone-17-pro-max-256-gb-orange-6xyIFcf1PbAIJoUmIsUnFsJq.html,2,2026-10-07T08:52:42.760887+00:00,individual,"IPhone 17 Pro Max
256 GB 100% Battery Health
Japan
Super condition 
Enjoy 7 days replacement guarantee 
Enjoy 1 year service warranty 
#exchange possible 
Our Address:
Smart Choice, Shop No. 211,
City Center, Beside of Rajshahi College, Sonadigir Mor, Rajshahi
Call for any details"
New Apple iPhone 17 Pro Max 256 GB Orange,140000,Brand New,"Rajshahi, Shaheb Bazar",6 hours ago,https://bikroy.com/shaheb-bazar/mobile-phones/new-apple-iphone-17-pro-max-256-gb-orange-mSZEt9xQ9Fqah5375S8SIsmj.html,5,2026-10-07T08:52:43.543977+00:00,individual,"Iphone 17 pro max
256 100
Cc 110
Super condition 
7 days replacement guarantee  
1 year service waranty  
#exchange possible 
Our Address :
Smart Choice , Shop No. 211 , 
City center , Beside of Rajshahi College , Sonadigir mor Rajshahi
Call for any details:"
Apple iPhone 16 Pro Max 256 GB Black,123000,Used,"Rajshahi, Shaheb Bazar",5 hours ago,https://bikroy.com/shaheb-bazar/mobile-phones/apple-iphone-16-pro-max-256-gb-black-5EdAlqubHMlvpkXPmYzjkxCr.html,2,2026-10-07T08:52:43.987793+00:00,individual,"IPhone 16 pro max
256 gb 99 bh 
Australia 
Super condition 
7 days replacement guarantee  
1 year service waranty  
#exchange possible 
Our Address :
Smart Choice , Shop No. 211 , 
City center , Beside of Rajshahi College , Sonadigir mor Rajshahi
Call for any details:"
Apple iPhone 17 Pro Max 256 GB Silver,145000,Used,"Rajshahi, Shaheb Bazar",6 hours ago,https://bikroy.com/shaheb-bazar/mobile-phones/apple-iphone-17-pro-max-256-gb-silver-hLhg4H3itM9ABXK04yoqmsQi.html,3,2026-10-07T08:52:44.664610+00:00,individual,"IPhone 17 pro max 
256 gb 100 bh
Super condition 
7 days replacement guarantee  
1 year service waranty  
#exchange possible 
Our Address :
Smart Choice , Shop No. 211 , 
City center , Beside of Rajshahi College , Sonadigir mor Rajshahi
Call for any details:"
Apple iPhone 16 128 GB White,70000,Used,Rajshahi,22/09,https://bikroy.com/rajshahi/mobile-phones/apple-iphone-16-128-gb-white-BZVZRjpXUSJB8QyoAcaRFakM.html,5,2026-10-07T08:52:45.087433+00:00,individual,"IPhone 16 full fresh condition 128 gb 
Battery health 100%
Just action button doesn’t work"
Apple iPhone 15 Pro 256 GB Black,80000,Used,Rajshahi,26/09,https://bikroy.com/rajshahi/mobile-phones/apple-iphone-15-pro-256-gb-black-zyk61TwyEyrFoHEA7AQB8gR1.html,3,2026-10-07T08:52:45.585757+00:00,individual,"15 pro 
japan variant
256 gb 
85% health 
840+ cycle 
cash memo available + 3 expensive covers can be provided 
exchange possible with 16 pro 256 GB"
Apple iPhone 14 Pro 128 GB Gray,67000,Used,"Rajshahi, Kadirgonj",5 hours ago,https://bikroy.com/kadirgonj/mobile-phones/apple-iphone-14-pro-128-gb-gray-6vTFl9lFg3Q9G4CBlueCeFWN.html,5,2026-10-07T08:52:46.294148+00:00,individual,"আসসালামু আলাইকুম ওয়া রহমাতুল্লহি ওবারকাতুহ 
ফ্রেশ কন্ডিশন
 বক্স: Only Device
 ক্যাশ মেমো: আছে
 রিপ্লেসমেন্ট গ্যারান্টি: ৭ দিন পর্যন্ত পাবেন ( শর্তসাপেক্ষে ) 
লোকেশন: রাজশাহী কাদিরগঞ্জ চালপট্টি, লার্জ ফার্মার পাশে , স্বপ্নচূড়া প্লাজা নগর ভবনের পিছে। 
 শপ নং: ১২৩ - নিচ তলা লিফটের পাশে 
 শপ নাম: Rajshahi Mobile Bari 019XXXXXXXX"
Apple iPhone 15 Pro Max 256 GB,90000,Used,"Rajshahi, Kazla",25/09,https://bikroy.com/kazla/mobile-phones/apple-iphone-15-pro-max-256-gb-i26FYaq336FtQCZNztsZcfxK.html,3,2026-10-07T08:52:46.999621+00:00,individual,"100% full fresh phone. Box and cover are included with the phone. USA variant, battery health 84%, cycle count 950. Not even a tiny spot of trouble."
Apple iPhone 14 Pro Max 256 GB Purple,69999,Used,"Rajshahi, Kazla",5 hours ago,https://bikroy.com/kazla/mobile-phones/apple-iphone-14-pro-max-256-gb-purple-sDDB0C7OixtCFLMXry48IxpI.html,3,2026-10-07T08:52:47.739510+00:00,individual,"Box is available
USA 256GB 
75% battery waterproof is available 
Call me"
Apple iPhone 14 Pro Max 256 GB Purple,75000,Used,Rajshahi,22/09,https://bikroy.com/rajshahi/mobile-phones/apple-iphone-14-pro-max-256-gb-purple-r8ScCt13jIenxRe0CZwnkjQZ.html,5,2026-10-07T08:52:48.460135+00:00,individual,"Iphone 14 pro max... battery 80% phone is completely fresh, no changes, all genuine, no box, Singapore variant"
Apple iPhone 14 Pro 128 GB Gold,62000,Used,"Rajshahi, Mohanpur",01/10,https://bikroy.com/mohanpur/mobile-phones/apple-iphone-14-pro-128-gb-gold-7Ba8q1EWEmC8VUvjF4uDHPz4.html,3,2026-10-07T08:52:49.180943+00:00,individual,Please contact if you want to buy
Apple iPhone 14 Pro 256 GB White,74999,Used,Rajshahi,23/09,https://bikroy.com/rajshahi/mobile-phones/apple-iphone-14-pro-256-gb-white-rB3Sw76SgiKGdXbQMr1qG6Rg.html,4,2026-10-07T08:52:49.758008+00:00,individual,"Iphone 14 pro
 storage 256GB
 No issues
 94% Battary Health (original)
 No Scratch/Dents
 USA V - Dual E-Sim"
Apple iPhone 16 Pro Max 256 GB Rose Gold,115000,Used,"Rajshahi, Vodra",26/09,https://bikroy.com/vodra/mobile-phones/apple-iphone-16-pro-max-256-gb-rose-gold-xBxPAPrPhxXrXnrxjr1j4F3L.html,3,2026-10-07T08:52:50.505562+00:00,individual,"115000 fixed, 1 thousand can be negotiated // battery 89 variant Singapore"
Apple iPhone 14 Pro Max 256 GB Purple,72500,Used,"Rajshahi, Shaheb Bazar",19/09,https://bikroy.com/shaheb-bazar/mobile-phones/apple-iphone-14-pro-max-256-gb-purple-18h4YK9NlL0FUe7E1li8lS4.html,5,2026-10-07T08:52:50.914963+00:00,individual,"iPhone 14 Pro Max
256 GB
Purple color
Full fresh condition
Health -81%"
Apple iPhone 16 Pro Max 256 GB Rose Gold,115000,Used,"Rajshahi, Rani Nagar",23/09,https://bikroy.com/rani-nagar/mobile-phones/apple-iphone-16-pro-max-256-gb-rose-gold-cyT9vltV2zC1Y7ebBQxHsg31.html,3,2026-10-07T08:52:51.454933+00:00,individual,"Physical Dual Sim!
First Party User!
Fully Fresh Condition!
Not Even A Minor Scretch or Dent.
Comes From Hongkong.
With Box."
Apple iPhone 14 Pro Max 128 GB White,78000,Used,Rajshahi,1 day ago,https://bikroy.com/rajshahi/mobile-phones/apple-iphone-14-pro-max-128-gb-white-8PnavXQup0DJWeUu8sru8o6l.html,3,2026-10-07T08:52:52.088878+00:00,individual,phone a kono sommossa nai.... Takar dorkar tai sell dibo.. 92% battari....... us....kono  dag nai.... all ok👍
Apple iPhone 15 Pro Max 256 GB Blue,95000,Used,"Rajshahi, Kadirgonj",5 hours ago,https://bikroy.com/kadirgonj/mobile-phones/apple-iphone-15-pro-max-256-gb-blue-1Kw5xp9PLgIFGcmJ3VxgJj3U.html,5,2026-10-07T08:52:52.663358+00:00,individual,"আসসালামু আলাইকুম ওয়া রহমাতুল্লহি ওবারকাতুহ 
ফ্রেশ কন্ডিশন
📦 বক্স: Only Device
🧾 ক্যাশ মেমো: আছে
🔁 রিপ্লেসমেন্ট গ্যারান্টি: ৭ দিন পর্যন্ত পাবেন ( শর্তসাপেক্ষে ) 
লোকেশন: রাজশাহী কাদিরগঞ্জ চালপট্টি, লার্জ ফার্মার পাশে , স্বপ্নচূড়া প্লাজা নগর ভবনের পিছে।  
🏪 শপ নং: ১২৩ - নিচ তলা লিফটের পাশে 
🏬 শপ নাম: Rajshahi Mobile Bari 019XXXXXXXX"
Apple iPhone 16 Pro Max 512 GB Gold,119000,Used,Rajshahi,24/09,https://bikroy.com/rajshahi/mobile-phones/apple-iphone-16-pro-max-512-gb-gold-xB8vI3tSB2mrLjPvibePbVad.html,3,2026-10-07T08:52:53.046286+00:00,individual,"Full Fresh (fixed price)
Check as much as you want 
BTH 92%
Storage 512
3 covers will come with the phone 
Phone will come with box, NID will be given 
USA variant
iOS version 26.05.02"
Apple iPhone 12 Pro 128 GB White,32000,Used,Rajshahi,02/10,https://bikroy.com/rajshahi/mobile-phones/apple-iphone-12-pro-128-gb-white-ATA3kKqfbK22cjLS2ADmYZmn.html,3,2026-10-07T08:52:53.842280+00:00,individual,"No box or cash memo, brought from abroad. Battery health 75%"
Apple iPhone 12 64 GB Blue,27000,Used,"Rajshahi, Paba",23/09,https://bikroy.com/paba/mobile-phones/apple-iphone-12-64-gb-blue-uNX4q9GebMPw2tUeHDoCVGGq.html,3,2026-10-07T08:52:54.417152+00:00,individual,"There are no problems with the phone, you can check and take it."
Apple iPhone XS Max 64 GB Pink,25000,Used,"Rajshahi, Bagha",28/09,https://bikroy.com/bagha/mobile-phones/apple-iphone-xs-max-64-gb-pink-rPzqkmXmRCHLJoDFPuDil9W2.html,5,2026-10-07T08:52:54.937207+00:00,individual,"No Single Problem, Full fresh."
Apple iPhone 12 Pro Max 128 GB Blue,50000,Used,Rajshahi,02/10,https://bikroy.com/rajshahi/mobile-phones/apple-iphone-12-pro-max-128-gb-blue-zLqypFcZNyGWmcDy2A8oZgDH.html,5,2026-10-07T08:52:55.421564+00:00,individual,"I bought this phone 7-8 months ago, my wife used it. Now she wants to get another phone, so I am selling this one. You will get the cash memo and box with the phone. There are no problems with the phone. I am only selling it because we are getting a new one."
Apple iPhone 13 128 GB White,42000,Used,"Rajshahi, Vodra",09/09,https://bikroy.com/vodra/mobile-phones/apple-iphone-13-128-gb-white-5v2oRAuFAe7bGn1w7VTAYzI9.html,5,2026-10-07T08:52:55.997965+00:00,individual,"iPhone 13 phone's everything is authentic, nothing is changed, battery 85%, face ID True Tone ok, if you want to buy call this number 015XXXXXXXX"
Apple iPhone 14 128 GB Blue,36500,Used,"Rajshahi, Kazla",14/09,https://bikroy.com/kazla/mobile-phones/apple-iphone-14-128-gb-blue-3atLbgKyqxAadCibbEG90tWw.html,5,2026-10-07T08:52:56.581916+00:00,individual,"Battery 82
Storage 128
Wifi bypass"
Apple iPhone 13 128 GB Blue,40000,Used,"Rajshahi, Paba",13/09,https://bikroy.com/paba/mobile-phones/apple-iphone-13-128-gb-blue-czS4i5M9Wq32qVfLM7q7wodI.html,4,2026-10-07T08:52:57.332962+00:00,individual,"All ok, authentic phone, water proof checked, Face ID ok, battery 80... check as much as you want... contact WhatsApp"
Apple iPhone 12 Pro Max 128 GB Blue,33000,Used,"Rajshahi, Godagari",26/09,https://bikroy.com/godagari/mobile-phones/apple-iphone-12-pro-max-128-gb-blue-uaceIghmUfTtjn82bZ5ijQDz.html,5,2026-10-07T08:52:58.064773+00:00,individual,"iPhone 12 Pro Max
Display changed, original GX display installed, you won't even notice the display change
128gb
66% battery health
True Tone Face ID okay
Front camera has a little dust inside
Price 33000 tk
Exchange possible with a phone under 15000 tk value, remaining amount to be added
Location Chapainawabganj Sadar"
Apple iPhone 13 128 GB Pink,40000,Used,"Rajshahi, Boalia",09/09,https://bikroy.com/boalia/mobile-phones/apple-iphone-13-128-gb-pink-ypmY3JFbIJXKLlqBsEe0zJvb.html,5,2026-10-07T08:52:58.651796+00:00,individual,"Battery health 80%
Parts genuine 
China variant 
All okay (face id, true tone)"
Apple iPhone 13 Pro 256 GB Rose Gold,50000,Used,"Rajshahi, Shaheb Bazar",15/09,https://bikroy.com/shaheb-bazar/mobile-phones/apple-iphone-13-pro-256-gb-rose-gold-uAYl83d5fXXeygjeKN3UxCjs.html,5,2026-10-07T08:52:59.229948+00:00,individual,"All ok 75% battery 
With box"
New Apple iPhone 13 128 GB White,45000,Brand New,"Rajshahi, Rajpara",18/09,https://bikroy.com/rajpara/mobile-phones/new-apple-iphone-13-128-gb-white-uDmse2C2USsvbRAKfzbb4Jux.html,3,2026-10-07T08:52:59.943213+00:00,individual,"iPhone 13 genuine
Hong Kong variant 
128GB 
Physical dual SIM 
Battery health 91% 
Full fresh, 3uTools 100%, check as much as you want 
National ID photocopy required for device security only"
Apple iPhone 11 Pro Max 64 GB Blue,30500,Used,"Rajshahi, Godagari",16/09,https://bikroy.com/godagari/mobile-phones/apple-iphone-11-pro-max-64-gb-blue-khbW3Ss8TmQCp588wjCzCumj.html,3,2026-10-07T08:53:00.643616+00:00,individual,"USA Variant. Used iPhone
No box. Only cash memo and charger included.
Phone Cover Also Available
Full fresh phone. No any issues.
Battery just replaced (for better backup). everything works perfectly.
Interested persons please inbox me or call me.
Thanks"
Apple iPhone 13 128 GB Blue,40000,Used,"Rajshahi, Shiroil",1 day ago,https://bikroy.com/shiroil/mobile-phones/apple-iphone-13-128-gb-blue-5Ymwtj6SGx4CzAS9RtPU4zYe.html,3,2026-10-07T08:53:01.059165+00:00,individual,"No issues, battery health is 74%."
Apple iPhone 15 128 GB Black,55000,Used,Rajshahi,19/09,https://bikroy.com/rajshahi/mobile-phones/apple-iphone-15-128-gb-black-a4oEq8ZmlYGLGthLMUs67m2w.html,5,2026-10-07T08:53:01.774181+00:00,individual,"Full Fresh Phone ✅
No Scratches All Ok ✅"
New Apple iPhone 18 Pro 256 GB,169999,Brand New,"Chattogram, CDA Avenue",6 hours ago,https://bikroy.com/cda-avenue/mobile-phones/new-apple-iphone-18-pro-256-gb-rVOJcIYHs7JjsZeKgEN31Gjm.html,3,2026-10-07T08:53:02.234995+00:00,individual,"iPhone 18 Pro
256GB/512GB/1TB available!
EMI facility up to 36 months is available through credit cards from more than 20 banks. (*Conditions apply*)"
New Apple iPhone 17 Pro 256 GB,149999,Brand New,"Chattogram, CDA Avenue",6 hours ago,https://bikroy.com/cda-avenue/mobile-phones/new-apple-iphone-17-pro-256-gb-Bpo6vlfMkzfVEiQlgOyNmRyF.html,3,2026-10-07T08:53:03.004265+00:00,individual,"(JP varient)
Display: 6.3"" LTPO Super Retina XDR OLED, 120Hz, Dolby Vision, 3000 nits peak brightness
Camera: Triple 48MP Pro system with periscope zoom, ultrawide,
Processor: Apple A19 Pro (3nm) with 6-core GPU
Battery: 3998mAh/4252mAh
ক্রেডিট কার্ড এর মাধ্যমে ২০ টির অধিক ব্যাংকে ৩৬ মাস পর্যন্ত EMI এর সুবিধা রয়েছে। (*শর্ত প্রযোজ্য*)"
New Apple iPhone 17 Pro Max 256 GB White,169999,Brand New,"Chattogram, Chandgaon",29/09,https://bikroy.com/chandgaon/mobile-phones/new-apple-iphone-17-pro-max-256-gb-white-sj305H3n4ssB0OChjyzbQajx.html,4,2026-10-07T08:53:03.394535+00:00,individual,"iPhone 17 Pro Max 256GB Dual Physical SIM. Available in Cosmic Orange, Silver, and Deep Blue."
New Apple iPhone 17 Pro Max 256 GB Blue,150000,Brand New,"Chattogram, Baizid",1 day ago,https://bikroy.com/baizid/mobile-phones/new-apple-iphone-17-pro-max-256-gb-blue-BSnLQADeP5qsbzXJzKigjIkT.html,3,2026-10-07T08:53:04.098027+00:00,individual,I have been using the mobile for about two and a half to three months. I am selling it because I urgently need money. The mobile was brought from abroad and has only an eSIM. Only serious buyers should message.
Apple iPhone 16 Pro Max 256 GB Gold,125000,Used,"Chattogram, Bakoliya",26/09,https://bikroy.com/bakoliya/mobile-phones/apple-iphone-16-pro-max-256-gb-gold-rR2SX9vYPtkK6CBXKt7uTZbr.html,5,2026-10-07T08:53:04.376067+00:00,individual,"IPhone 16 Pro Max — 256GB | Desert Titanium
Variant: Singapore Variant
Storage: 256GB
Color: Desert Titanium
Battery Health: 89%
Cycle Count: 770
Condition: Not a minor scratch- Top Notch condition, One Handed Used, well maintained
Purchase History: Purchased From Dazzle"
Apple iPhone 17 Pro Max 512 GB Orange,178000,Used,"Chattogram, Cornelhat",1 day ago,https://bikroy.com/cornelhat/mobile-phones/apple-iphone-17-pro-max-512-gb-orange-2AP8nVpWow23RTyIfIyjDYMc.html,5,2026-10-07T08:53:05.002550+00:00,individual,"iPhone 17 Pro Max 512
Stellar Condition. GCC Specs. 
Used as Secondary Phone.
Bought from Dubai
Like Brand New
 
Full Boxed
12 GB / 512 GB
*DUAL eSIM. No Physical SIM
Battery health 100 percent 32 Cycles.
Warranty Remaining till 14/03/2027"
Apple iPhone 17 Pro Max 256 GB Black,151000,Used,"Chattogram, Chawkbazar",1 day ago,https://bikroy.com/chawkbazar/mobile-phones/apple-iphone-17-pro-max-256-gb-black-61ZeBGc6XLVPTaDOZVqF28ku.html,4,2026-10-07T08:53:05.721372+00:00,individual,"Sell post
Iphone 17 pro max (USA)
1 month used
Fully fresh
Battery health 100%
(Box, Cable Available)"
Apple iPhone 16 Pro Max 512 GB Gold,125000,Used,"Chattogram, Chawkbazar",3 hours ago,https://bikroy.com/chawkbazar/mobile-phones/apple-iphone-16-pro-max-512-gb-gold-NHbPtHOtCvmrJCJKIBhOztI.html,3,2026-10-07T08:53:06.487097+00:00,individual,"iPhone 16 Pro Max, 512GB, Desert Titanium color, comes with box, Global version."
New Apple iPhone 17 Pro Max 256 GB Silver,158000,Brand New,"Chattogram, Chandgaon",28/09,https://bikroy.com/chandgaon/mobile-phones/new-apple-iphone-17-pro-max-256-gb-silver-8oTsQ6Mt1s5ew3aiszsCRzLg.html,5,2026-10-07T08:53:07.213673+00:00,individual,IPhone 17 Pro Max. Singapore Varrient. 256 GB. Battery Health 97
Apple iPhone 11 64 GB White,185000,Used,"Chattogram, Oxygen",27/09,https://bikroy.com/oxygen/mobile-phones/apple-iphone-11-64-gb-white-6By48nJBUUOimZvyoIImf4uq.html,5,2026-10-07T08:53:07.901069+00:00,individual,Message if you want a fresh phone
New Apple iPhone 17 Pro Max 256 GB Orange,158999,Brand New,"Chattogram, CDA Avenue",5 hours ago,https://bikroy.com/cda-avenue/mobile-phones/new-apple-iphone-17-pro-max-256-gb-orange-sc78jNGvXnXnCoefIQoTRX1R.html,3,2026-10-07T08:53:08.321776+00:00,individual,"JP variant
Display: 6.9"" LTPO Super Retina XDR OLED, 120Hz with 3000 nits peak brightness
Camera: 48MP triple camera with periscope zoom, LiDAR scanner, and 4K Dolby Vision video
Processor: Apple A19 Pro (3nm) with 6-core GPU
Battery: Up to 5088mAh
EMI facilities are available for up to 36 months through credit cards with more than 20 banks. (*Conditions apply*)"
New Apple iPhone 17 256 GB,126999,Brand New,"Chattogram, CDA Avenue",5 hours ago,https://bikroy.com/cda-avenue/mobile-phones/new-apple-iphone-17-256-gb-1CYQAs10kPWrKfvofWtmAhTY.html,3,2026-10-07T08:53:09.042050+00:00,individual,"Indian Variant
Display: 6.3-inch LTPO Super Retina XDR OLED, 120Hz, HDR10,
Chipset: Apple A19 (3 nm), Hexa-core CPU, Apple 5-core GPU
Main Camera: Dual 48 MP rear dual LED flash, HDR, 4K video
Selfie Camera: 18 MP front
Battery: Li-Ion 3692 mAh
ক্রেডিট কার্ড এর মাধ্যমে ২০ টির অধিক ব্যাংকে ৩৬ মাস পর্যন্ত EMI এর সুবিধা রয়েছে। (*শর্ত প্রযোজ্য*)"
New Apple iPhone 18 Pro Max 512 GB,244999,Brand New,"Chattogram, CDA Avenue",6 hours ago,https://bikroy.com/cda-avenue/mobile-phones/new-apple-iphone-18-pro-max-512-gb-1larUTUES8shg1uqVqvMxly3.html,3,2026-10-07T08:53:09.652899+00:00,individual,"IPhone 18 pro max 512GB Global version.
Also 256GB and 1TB available.
If you are interested, let me know in DM."
Apple iPhone 17 Pro Max 256 GB,160000,Used,"Chattogram, Nasirabad",08/09,https://bikroy.com/nasirabad/mobile-phones/apple-iphone-17-pro-max-256-gb-djlB3kGwEua9LXyiIFUwAb6X.html,4,2026-10-07T08:53:10.319689+00:00,individual,Location a eshe dekhe nite parben. For more details WhatsApp on 018XXXXXXXX
Apple iPhone 16 Pro Max 256 GB Gold,99500,Used,"Chattogram, Khulshi",20/09,https://bikroy.com/khulshi/mobile-phones/apple-iphone-16-pro-max-256-gb-gold-C0srz1H0Yv9lERtupwuhraye.html,3,2026-10-07T08:53:10.899941+00:00,individual,"iPhone 16 Pro Max 256GB — SELL & EXCHANGE 
 Battery Health: 89%
 Fresh & well-maintained
 Camera & Face ID: Perfect
 No repair / No issue
 Cash Price: ৳99,500
 Exchange:
Will exchange with iPhone 17 Pro
 Will add cash if needed.
 Inbox if interested.
 Serious buyers only."
Apple iPhone 14 Pro Max 256 GB Purple,70000,Used,"Chattogram, Hathazari",03/10,https://bikroy.com/hathazari/mobile-phones/apple-iphone-14-pro-max-256-gb-purple-6knUlTR0hwcRkaH3ISuywZ2I.html,3,2026-10-07T08:53:11.482672+00:00,individual,"iPhone 14 Pro Max — 256GB
 LLA Variant | Physical Dual SIM
 Latest iOS Updated
 Smooth & Fast Performance
 Physical Dual SIM
 Battery Health: 95%
 Absolutely Fresh Condition
 No issues at all
 Only Cash Memo Available
 Price: ৳
 Will be sold at the best price!
 Inbox if interested"
Apple iPhone 15 Pro Max 256 GB Blue,90999,Used,"Chattogram, Agrabad",09/09,https://bikroy.com/agrabad/mobile-phones/apple-iphone-15-pro-max-256-gb-blue-uaR5kf3pmj5kSXp8GYiJNhy1.html,3,2026-10-07T08:53:12.055986+00:00,individual,"IPhone 15 Pro Max
Storage: 256GB
Bh-89% (J/A varient )
Almost brand-new condition, not any single problem, not any scratch or dent.
FacelD, True-Tone everything working perfectly... 
Price almost fixed, don't say any insulting price and don't insult yourselt... 
Location: Agrabad, Chittagong"
Apple iPhone 14 Pro Max 256 GB Purple,65000,Used,"Chattogram, Agrabad",12/09,https://bikroy.com/agrabad/mobile-phones/apple-iphone-14-pro-max-256-gb-purple-aoR0rCa42tuFwEthfUCOw8Ao.html,5,2026-10-07T08:53:12.526670+00:00,individual,"iPhone 14 Pro Max
3uTools score 98%
Storage 256GB
Battery health 80%
All parts original
Amazing camera
1 physical SIM, 1 eSIM
Face ID, True Tone, everything works great
No issues or problems at all
Check thoroughly before taking it
Cash memo and cover will be provided"
Apple iPhone 15 Pro Max 256 GB Black,95000,Used,"Chattogram, Pahartali",22/09,https://bikroy.com/pahartali/mobile-phones/apple-iphone-15-pro-max-256-gb-black-6ADTIrP3Ht3Wny2acOVh5Sei.html,5,2026-10-07T08:53:13.051668+00:00,individual,"I am selling this because I will buy another phone. There are no problems with the phone.
It comes with the original twenty-watt charger.
Please contact if you are interested in buying."
Apple iPhone 14 Pro 128 GB White,65000,Used,"Chattogram, Raozan",23/09,https://bikroy.com/raozan/mobile-phones/apple-iphone-14-pro-128-gb-white-uHTp9JXVOvqjXyk5cujoW5F0.html,5,2026-10-07T08:53:13.813303+00:00,individual,"Everything is authentic. You can check before buying, no issues. I am selling it because I urgently need money."
Apple iPhone Air 256 GB Blue,87999,Used,"Chattogram, Nasirabad",2 hours ago,https://bikroy.com/nasirabad/mobile-phones/apple-iphone-air-256-gb-blue-85YW39ltzMXyxUBgvg3Bzv1Q.html,4,2026-10-07T08:53:14.470605+00:00,individual,"iPhone Air 256 GB
BH 99/-
Cycle Count 213
With box"
Apple iPhone 14 Pro Max 256 GB Blue,75000,Used,"Chattogram, Chawkbazar",19/09,https://bikroy.com/chawkbazar/mobile-phones/apple-iphone-14-pro-max-256-gb-blue-ypPp9Ei3UshSeCmnlQ36Bh7t.html,3,2026-10-07T08:53:15.143161+00:00,individual,"IPhone 14 Pro 256GB USA Variant — For Sale
iPhone 14 Pro 256GB USA variant will be sold. The phone is in very good condition and has no hardware or software issues.
 256GB Storage
 6GB RAM
 Battery Health: 78%
 Dual eSIM — No Physical SIM
 Face ID 100% OK
 True Tone 100% OK
 Camera & Display all okay
 No scratch"
Apple iPhone 12 Pro Max 256 GB Gold,59500,Used,"Chattogram, Sholashahar",2 days ago,https://bikroy.com/sholashahar/mobile-phones/apple-iphone-12-pro-max-256-gb-gold-n9WBMS8WTSFhbHYty9PVGvJx.html,5,2026-10-07T08:53:15.901481+00:00,individual,The phone is in perfect condition with no issues. Feel free to check it thoroughly before buying.
Apple iPhone 16 Plus 128 GB Blue,80000,Used,"Chattogram, Baizid",19/09,https://bikroy.com/baizid/mobile-phones/apple-iphone-16-plus-128-gb-blue-wLToTUDmwibGcFFtHHMbESUq.html,5,2026-10-07T08:53:16.322605+00:00,individual,"iPhone 16 Plus will be sold. The phone is brand new and in good condition. Interested buyers please contact in inbox. Necessary detailed information, pictures and other things will be given in message.
Price: Taka
Location: Chattogram"
Apple iPhone 15 Pro 256 GB Blue,91000,Used,Chattogram,30/09,https://bikroy.com/chattogram/mobile-phones/apple-iphone-15-pro-256-gb-blue-1ePv7HnsuNgFX7b6UUClNmtg.html,4,2026-10-07T08:53:16.835904+00:00,individual,"iPhone 15 Pro 256GB Middle East
92% Blue Titanium (all genuine)
Used as 2nd phone, first user phone
Condition 99/100
Location a must
Real buyers only!!"
Apple iPhone 16 Pro 128 GB Rose Gold,110000,Used,"Chattogram, Oxygen",10/09,https://bikroy.com/oxygen/mobile-phones/apple-iphone-16-pro-128-gb-rose-gold-39Kpz2geyGBN5hC0oKU43H9b.html,5,2026-10-07T08:53:17.558767+00:00,individual,"IPhone 16 Pro
With Box all
128GB Storage
US Variant
Battery Health: 92%
Mobile condition--100% fresh
Contact 013XXXXXXXX"
Apple iPhone 14 Pro 256 GB Gold,69999,Used,"Chattogram, New Market, Chattogram",1 day ago,https://bikroy.com/new-market/mobile-phones/apple-iphone-14-pro-256-gb-gold-C3ykASEQ4CoLdu7I4D0wgQtm.html,5,2026-10-07T08:53:18.247179+00:00,individual,"iPhone 14 Pro — 256GB

• Color: Gold 
• USA Version 
• Storage: 256GB
• Battery Health: 85% 
• Condition: Absolutely fresh, new condition 
• No issues
• No dents/scratches
• Everything working perfectly 
• No box,

 Used with great care. Inbox if interested."
Apple iPhone 16 128 GB Blue,70000,Used,"Chattogram, Kotwali, Chattogram",08/09,https://bikroy.com/kotwali/mobile-phones/apple-iphone-16-128-gb-blue-CsKJJ52KXROyVTjWc5UIzygh.html,3,2026-10-07T08:53:18.839295+00:00,individual,"Rom: 128Gb
Colour: Ultramarine
Health: 89
With box& cash memo"
Apple iPhone 12 128 GB Blue,24000,Used,"Chattogram, Halishahar",30/09,https://bikroy.com/halishahar/mobile-phones/apple-iphone-12-128-gb-blue-hq51b49bK5kBEpCeVM8iWpCC.html,5,2026-10-07T08:53:19.349251+00:00,individual,"I phone 12
Box available
Everything all okay"
Apple iPhone 13 Pro Max 256 GB Silver,40000,Used,"Chattogram, Halishahar",08/09,https://bikroy.com/halishahar/mobile-phones/apple-iphone-13-pro-max-256-gb-silver-pgkLj5PhiaKGlv8LiqPJbl2l.html,5,2026-10-07T08:53:20.033593+00:00,individual,"আসসালামু আলাইকুম... 
এটা আজকে আমি প্রায় ১০/১১ মাস হয়েছে ইউজ করতেছি... ডিসপ্লে চেঞ্জড,ব্যাটারি হেলথ ৭৩%... শুধু মাত্র গেমিং এর জন্য ইউজ করছি... এখন ৩/৪ মাস যাবত ইউজ করা কমিয়ে দিছি... 
 কল... লোকেশন মাস্ট বি আসতে হবে... সিকিউরিটি পারপাসে যা লাগবে দেওয়া যাবে"
Apple iPhone 12 mini 64 GB Purple,27000,Used,"Chattogram, Mirsharai",18/09,https://bikroy.com/mirsharai/mobile-phones/apple-iphone-12-mini-64-gb-purple-A6CA32nYqKv7ui3Qi2hImmxR.html,3,2026-10-07T08:53:20.636403+00:00,individual,"Battery 83%
Face ID and True Tone are ok
Charger is available"
Apple iPhone 12 Pro Max 128 GB Gray,42000,Used,"Chattogram, Chawkbazar",08/09,https://bikroy.com/chawkbazar/mobile-phones/apple-iphone-12-pro-max-128-gb-gray-eNAB777gAcM45kKzk4WMHYKl.html,3,2026-10-07T08:53:21.108964+00:00,individual,"Grey
128 gb
BT 82% authentic 
Cash memo ,cable Nid"
Apple iPhone 12 64 GB Purple,25500,Used,"Chattogram, Kotwali, Chattogram",3 hours ago,https://bikroy.com/kotwali/mobile-phones/apple-iphone-12-64-gb-purple-iOI2ayRTC4HKBeQloU2XYOJm.html,5,2026-10-07T08:53:21.743344+00:00,individual,"iPhone 12, everything is okay, no parts have been changed, battery health 71%, cash memo and NID photocopy will be provided with it."
Apple iPhone 13 Mini 256 GB Red,36000,Used,"Chattogram, Sholashahar",18/09,https://bikroy.com/sholashahar/mobile-phones/apple-iphone-13-mini-256-gb-red-uIPL31w2hSgrJ8mT7mv58rQm.html,5,2026-10-07T08:53:22.460058+00:00,individual,"iPhone 13 mini
Rom: 256GB
Battery Health: 81% Genuine
Face ID
True Tone
AA/A Variant...
No repair history
All everything genuine
Camera boom
Check and take as much as you like
Must come to location if buying
Location... 2nd gate
Only phone + security whatever is needed"
New Apple iPhone 12 Pro 128 GB Blue,39000,Brand New,"Chattogram, Chawkbazar",11/09,https://bikroy.com/chawkbazar/mobile-phones/new-apple-iphone-12-pro-128-gb-blue-2Ai2JChbjeeJA0k7z5GpiyA8.html,3,2026-10-07T08:53:22.970543+00:00,individual,"Battery Health 82%. Box, charger, and 3 covers will be provided along with it."
Apple iPhone 13 128 GB White,39000,Used,"Chattogram, Nasirabad",28/09,https://bikroy.com/nasirabad/mobile-phones/apple-iphone-13-128-gb-white-xmW8PUiKzCEoa5hHbiUdrRg9.html,5,2026-10-07T08:53:23.667927+00:00,individual,"iPhone 13 
Color: White
128GB 
Battery Health: 78% 
Japanese variant
Cash memo 
1 cover 🫶"
Apple iPhone 13 128 GB Green,38000,Used,"Chattogram, Chawkbazar",1 day ago,https://bikroy.com/chawkbazar/mobile-phones/apple-iphone-13-128-gb-green-1iH4CJRntkVlhq1izXAaKRx9.html,5,2026-10-07T08:53:24.191267+00:00,individual,There is no problem with the mobile..! You can check everything..! But the phone's box is not available and there are no external problems with the set.
Apple iPhone 12 Pro 128 GB Gold,34000,Used,"Chattogram, Agrabad",01/10,https://bikroy.com/agrabad/mobile-phones/apple-iphone-12-pro-128-gb-gold-bohGyIt1Fhqc6yHKEWcT4kgu.html,3,2026-10-07T08:53:24.631396+00:00,individual,"iPhone 12 Pro sale post 
Battery Health-82
Condition - good 
Display - original 
Phone and cash memo and security... 
Just back shell changed otherwise all parts are good... 
Price - only 34k not fixed... 
Location - East Madarbarhi, Chattogram"
Apple iPhone 13 Pro 128 GB Black,45500,Used,"Chattogram, Agrabad",16/09,https://bikroy.com/agrabad/mobile-phones/apple-iphone-13-pro-128-gb-black-uDardxSCLy9rfaxn9XOhGjoL.html,5,2026-10-07T08:53:25.314527+00:00,individual,"All ok
Authentic set 
128gb
Battery Health 73%
Set + cover + cash memo 
Waterproof is intact
Must come to location to buy"
Apple iPhone 13 128 GB Blue,45000,Used,"Chattogram, Patenga",18/09,https://bikroy.com/patenga/mobile-phones/apple-iphone-13-128-gb-blue-7Zc4sHN7fB8EDGTvawP4OOsw.html,5,2026-10-07T08:53:26.159360+00:00,individual,"Phone is fully fresh, no repair work has been done, battery health is 87%, I am the 1st owner, whoever takes it will be the 2nd, lamination done, Face ID, True Tone, all ok"
Apple iPhone 13 256 GB White,35000,Refurbished,"Chattogram, Bakoliya",15 hours ago,https://bikroy.com/bakoliya/mobile-phones/apple-iphone-13-256-gb-white-aaWHrKGpZ2zoTbE2FcpLBJFN.html,3,2026-10-07T08:53:26.771173+00:00,individual,"iPhone 13 256 gb
Battery 75 6-7 hours easily
Issue only display change but I play games so installed a very good GX one
And camera taken from another phone, genuine part, to be exact only display change and one display has a small issue"
New Apple iPhone 11 128 GB Green,24999,Brand New,"Chattogram, Fatikchari",22/09,https://bikroy.com/fatikchari/mobile-phones/new-apple-iphone-11-128-gb-green-w4gxNlG00v9Y5S5kKcgGpOrC.html,5,2026-10-07T08:53:27.581030+00:00,individual,"Bought from Kuwait brand new in 2022.
First user - single hand use kora as main device.
Full body poly kora.
Like brand new condition.
128GB Variant,
Battery health 74 still nice usable backup.
No repair history, All parts genuine.
Not a single problem except display te halka crack ache but using e akto poriman prblm hoi na.
Location Chittagong."
Apple iPhone 17 Pro Max 1 TB Blue,186000,Used,"Dhaka, Shyamoli",2 hours ago,https://bikroy.com/shyamoli/mobile-phones/apple-iphone-17-pro-max-1-tb-blue-mxRsJSSu7GpUvJQWhihoKaud.html,3,2026-10-07T08:53:28.188839+00:00,individual,"Apple iPhone 17 Pro Max 1TB Blue
 1TB Storage
 100% Battery Health
Australia Version (Physical SIM + eSIM)
 Like New Condition
 Stunning Blue Color
 Best Price"
New Apple iPhone 18 Pro Max 256 GB,210000,Brand New,"Dhaka, Savar",1 day ago,https://bikroy.com/savar/mobile-phones/new-apple-iphone-18-pro-max-256-gb-BYbEHY51jwnvJN8wUE1N888r.html,3,2026-10-07T08:53:28.531928+00:00,individual,"I brought this phone from Dubai to gift someone. But for some reason it won't be given. That's why I will sell it. Just brought it from Dubai today, those who need it please contact me.
I have the phone's cash memo along with it, intaq phone, burgundy color."
Apple iPhone 17 Pro 256 GB Orange,130000,Used,"Dhaka, Uttara",2 hours ago,https://bikroy.com/uttara/mobile-phones/apple-iphone-17-pro-256-gb-orange-8P0i5IV54pBElcifYXcFI6sR.html,3,2026-10-07T08:53:29.147776+00:00,individual,"iPhone 17 Pro 
 Storage: 256GB
 Color: Cosmic Orange 
 Battery Health: 99%
 Variant: Global
 SIM: Physical SIM + eSIM
 Excellent Condition
 A19 Pro Chip
 6.3"" Super Retina XDR OLED | ProMotion 120Hz
 Exchange Hub
 Shop No: 610, 611, 628 & 629, Level-6
Tropical Alauddin Tower, Sector 3, Road 2
Rajlaxmi, Uttara, Dhaka"
Apple iPhone 17 Pro 256 GB Orange,134000,Used,"Dhaka, Jamuna Future Park",5 hours ago,https://bikroy.com/jamuna-future-park/mobile-phones/apple-iphone-17-pro-256-gb-orange-6irIEhD0fGhPk1kfhpRO8orZ.html,5,2026-10-07T08:53:29.723252+00:00,individual,"Specifications:
Model: iPhone 17Pro 
Storage: 256
Battery Health: 100%
Japan Variant
 Special Benefits:
 Smooth performance
 Attractive and premium design
 Facility to check and buy
Warranty : 10days Replacement Guarantee and 1year service Warranty. 
 Shop Name: GIB
 Address:
Jamuna Future Park, West Court, Level-4, Block-A, Shop No: 28A1, Dhaka."
Apple iPhone 17 Pro 256 GB Blue,136999,Used,"Dhaka, Bashundhara City",3 hours ago,https://bikroy.com/bashundhara-city/mobile-phones/apple-iphone-17-pro-256-gb-blue-uojP8vlNMfnYEvtJVxAWEBiZ.html,5,2026-10-07T08:53:30.497282+00:00,individual,"Apple iPhone 17 Pro 256GB Blue Titanium
Physical SIM + eSIM
Battery Health 96%
Charging Cycle 200
Full Boxed
HK/Singapore Variant
Visit Our Shop
Basement-2, Shop No: 94
Basundhara City Shopping Complex
Panthapath Dhaka 1215
You can easily find our shop on the left side after getting off the escalator."
Apple iPhone 16 Pro Max 512 GB Rose Gold,120000,Used,"Dhaka, Basundhara",02/10,https://bikroy.com/basundhara/mobile-phones/apple-iphone-16-pro-max-512-gb-rose-gold-dwC8flu2W6qS4r8aRIMHFV7j.html,4,2026-10-07T08:53:31.206922+00:00,individual,"Selling my personally used, like new, only for one year 16 Pro Max
no dents, no scratches, no cracks
Picture is with screen protectors, actual screen is not damaged
Comes with original box
Battery health: 86%"
Apple iPhone 17 Pro 256 GB Orange,122000,Used,"Dhaka, Mirpur",16/09,https://bikroy.com/mirpur/mobile-phones/apple-iphone-17-pro-256-gb-orange-7J9zMOAw7codPQE34n05hSRA.html,5,2026-10-07T08:53:31.770692+00:00,individual,"iPhone 17 Pro orange color with customized dual physical SIM and e-SIM. No cracks or scratches.
For more details-"
Apple iPhone 16 Pro Max 256 GB Black,110000,Used,"Dhaka, Uttara",3 hours ago,https://bikroy.com/uttara/mobile-phones/apple-iphone-16-pro-max-256-gb-black-jLdlS7dgtMReFCElYtM7U5L3.html,4,2026-10-07T08:53:32.471558+00:00,individual,"iPhone 16 Pro Max | Pre-Owned
256GB Storage
USA Variant
Box Available
Battery Health: 91%
7 Days Replacement & 1 Year Service Warranty
EMI Facility Available
Exchange Hub
Shop No: 610, 611, 628 & 629, Level-6, Tropical Alauddin Tower, Sector 3, Road 2, Rajlaxmi, Uttara
Call for Details 017XXXXXXXX"
Apple iPhone 16 Pro Max 256 GB Black,123000,Used,"Dhaka, Basundhara",01/10,https://bikroy.com/basundhara/mobile-phones/apple-iphone-16-pro-max-256-gb-black-cZX6DU4UtyEqxztfpV1S512i.html,5,2026-10-07T08:53:32.949602+00:00,individual,"Iphone 16 pro max 
Battery Health 90%
256GB
USA Variant 
Fresh Condition no issues
With Box and Cable"
Apple iPhone 17 Pro Max 256 GB Blue,152999,Used,"Dhaka, Bashundhara City",2 hours ago,https://bikroy.com/bashundhara-city/mobile-phones/apple-iphone-17-pro-max-256-gb-blue-upRvlWvC8ASvbm1KzyfgNU9h.html,5,2026-10-07T08:53:33.543525+00:00,individual,"iPhone 17 Pro Max — Global
| 256GB
Brand New Condition
Battery Health: 100%
Charging Cycle: Only 02
Visit Our Shop
Basement-2, Shop No: 94
Basundhara City Shopping Complex
Panthapath Dhaka 1215
Easily find our shop on your left hand side after getting down the escalator.
Helpline 019XXXXXXXX"
Apple iPhone 16 Pro Max 256 GB,119000,Used,"Dhaka, Savar",19/09,https://bikroy.com/savar/mobile-phones/apple-iphone-16-pro-max-256-gb-ilMPnEdO2vguf69F9x2w66QJ.html,5,2026-10-07T08:53:34.216529+00:00,individual,"Phone is in full fresh condition, just selling it because I will get an 18 Pro Max."
Apple iPhone 16 Pro Max 256 GB Silver,120000,Used,"Dhaka, Bashundhara City",6 hours ago,https://bikroy.com/bashundhara-city/mobile-phones/apple-iphone-16-pro-max-256-gb-silver-fvUTILQUGAT4iGzU8xTgnDyu.html,3,2026-10-07T08:53:34.772724+00:00,individual,"10 days replacement guarantee
2 years service warranty
Safe courier service all over the country
Attractive exchange offer
Basement-1, Shop-84, Bashundhara City Shopping Mall
Prices are subject to change. Please contact via WhatsApp before coming."
Apple iPhone 17 Pro Max 256 GB Orange,142000,Used,"Dhaka, Shyamoli",2 hours ago,https://bikroy.com/shyamoli/mobile-phones/apple-iphone-17-pro-max-256-gb-orange-3eGd2719PHofOQkfNYfd85Pt.html,3,2026-10-07T08:53:35.233646+00:00,business,"iPhone 17 Pro Max 
 96%
 Condition: Full Box | Full fresh
 Australia
  EXCHANGE POSSIBLE
 100% Authentic Product
 EMI Facility (On cards of 36 banks)
 Card Less EMI facility available. 
 Cash On Delivery all over the country
⸻
 Shop Location:
Phone-e
Shop No: 573, Level-5
Shyamoli Square Shopping Mall, Dhaka"
Apple iPhone 16 Pro Max 256 GB Silver,119000,Used,"Dhaka, Dhanmondi",2 hours ago,https://bikroy.com/dhanmondi/mobile-phones/apple-iphone-16-pro-max-256-gb-silver-yZEFBaLTpC1d1CwLsoEF25ro.html,5,2026-10-07T08:53:35.793942+00:00,individual,"iPhone 16 Pro Max
256GB
Natural Titanium
With box
89% battery health
Water resistant
602 charging cycles
Singapore variant
1 physical SIM, 1 eSIM
Full fresh condition
Not a single scratch or dent
Location: Dhanmondi 15"
Apple iPhone 15 Pro Max 256 GB White,95000,Used,"Dhaka, ECB Chattar",23/09,https://bikroy.com/ecb-chattar/mobile-phones/apple-iphone-15-pro-max-256-gb-white-xhdoPjB7xTDyX6krqo9LZzjZ.html,3,2026-10-07T08:53:36.488135+00:00,individual,"Battery has been replaced. But the battery was removed and installed from another 15 Pro Max, so it will be like the original.
WhatsApp 017XXXXXXXX"
Apple iPhone 14 Pro 512 GB Black,70000,Used,"Dhaka, Rampura",1 day ago,https://bikroy.com/rampura/mobile-phones/apple-iphone-14-pro-512-gb-black-iWgjcCwnAYSsUN4BTqZ8ZBgS.html,5,2026-10-07T08:53:36.960811+00:00,individual,"The mobile has been brought from Korea.
You will get a cable with the mobile and either an ID card or passport as security.
The mobile has never been opened.
Battery health 82%
You can check everything.
Since it is a USA variant, both are E-sims.
All types of reports are okay."
Apple iPhone 12 Pro Max 256 GB Blue,53000,Used,"Dhaka, Farmgate",6 hours ago,https://bikroy.com/farmgate/mobile-phones/apple-iphone-12-pro-max-256-gb-blue-aRsLH1NamiWlxD0frAU1gy2G.html,2,2026-10-07T08:53:37.667675+00:00,individual,"Singapore Variant
256GB
10-day replacement guarantee
2-year service warranty
Fast and secure courier service across the country
Attractive exchange offers
Emon Gadget Point
Basement-1, Shop-84
Bashundhara City Shopping Mall"
Apple iPhone 15 Plus 256 GB Black,72000,Used,"Dhaka, Baridhara",3 hours ago,https://bikroy.com/baridhara/mobile-phones/apple-iphone-15-plus-256-gb-black-adCGGpPHKXI4HRT99zNVFwCE.html,4,2026-10-07T08:53:38.380768+00:00,individual,Iphone 15 plus GB=256 Bh 87% 018XXXXXXXX
Apple iPhone 15 Pro 512 GB Black,82000,Used,"Dhaka, Dhanmondi",20/09,https://bikroy.com/dhanmondi/mobile-phones/apple-iphone-15-pro-512-gb-black-dKMjBpNccKo1uZImD2Dqorov.html,5,2026-10-07T08:53:38.871883+00:00,individual,"Used with great care, fresh condition. Face ID, all cameras, display, touch, speaker, button, and port are fully functional. No repair or modification has been done. Battery Health 77% - Original Apple Battery, never replaced or boosted. Comes with box and 2 cases | Dhanmondi 7A, Dhaka | | The phone can be inspected and verified, and reasonable negotiation is possible."
Apple iPhone 13 Pro Max 256 GB Gray,62000,Used,"Dhaka, Savar",03/10,https://bikroy.com/savar/mobile-phones/apple-iphone-13-pro-max-256-gb-gray-sHJjjT56j8z6ePQrXqfFtBZl.html,5,2026-10-07T08:53:39.532997+00:00,individual,"iPhone 13 Pro Max
Box available
Original cable
Cash memo available
256 GB
77% Battery Health
No problems, everything is okay."
Apple iPhone 14 Pro 128 GB Black,65000,Used,"Dhaka, Paltan",17 hours ago,https://bikroy.com/paltan/mobile-phones/apple-iphone-14-pro-128-gb-black-gczLPwkQmo3zAshI2A6MzsCb.html,5,2026-10-07T08:53:40.115209+00:00,individual,"The mobile is in fresh condition
Battery health is 88 percent
Japan variant 128 GB comes with charger, no cash memo or box, one e-SIM and one physical SIM"
Apple iPhone 16 Pro Max 256 GB Black,105000,Used,"Dhaka, Jatrabari",5 hours ago,https://bikroy.com/jatrabari/mobile-phones/apple-iphone-16-pro-max-256-gb-black-7oLLlkhq7dGS7B2EZeq2nO9J.html,3,2026-10-07T08:53:40.688315+00:00,individual,"আসসালামু আলাইকুম
Wellcome to Gadget Exchange BD
 
♦️All perfect working

🔰 ক্রয়/বিক্রয় ও এক্সচেঞ্জ মানেই gadget Exchange BD

🔷100% জেনুইন প্রোডাক্ট পেতে চলে আসুন আমাদের দোকানে

📝With cash memo

✅ 7 Day's Replacement

✅ 1 Year's service warranty without Parts


Gadget Exchange BD 
দোকান নং,৬৭ (৩য় তলা)
বিক্রমপুর প্লাজা, জুরাইন রেলগেট ঢাকা-১২০৪"
Apple iPhone 15 Pro 256 GB Blue,80000,Used,"Dhaka, Jamuna Future Park",3 hours ago,https://bikroy.com/jamuna-future-park/mobile-phones/apple-iphone-15-pro-256-gb-blue-cjDSIMBgl4fqGs17r94RqcP0.html,5,2026-10-07T08:53:41.514132+00:00,individual,"iPhone 15 Pro -Best condition 
• 256 GB Storage • 
• Color: Deep Blue
• USA(Dual eSIM)
• Battery Health: [86%]
• Absolutely fresh, no issues
• Face ID, Camera, True Tone all 100% OK 
• Box/Charger: None
• Price: 80000

We provide you:
7 days replacement guarantee
(without display & software update issue)
3 years free service warranty"
Apple iPhone 13 Pro 256 GB Green,51500,Used,"Dhaka, Mirpur",22/09,https://bikroy.com/mirpur/mobile-phones/apple-iphone-13-pro-256-gb-green-zFZjbNQAqtppXeUFMS45iGht.html,4,2026-10-07T08:53:42.043906+00:00,individual,"iPhone 13 Pro, nothing is changed, battery health 90%, phone all ok, comes with cash memo and charger, phone -"
Apple iPhone 16 128 GB Blue,69000,Used,"Dhaka, Jamuna Future Park",2 days ago,https://bikroy.com/jamuna-future-park/mobile-phones/apple-iphone-16-128-gb-blue-xqOyQT0bgQAfnOOoBDm1iMS3.html,3,2026-10-07T08:53:42.701593+00:00,individual,"iPhone 16 128GB, 85% Battery Health, Australia Variant with box! Ultramarine color, full fresh condition with no dents or scratches."
Apple iPhone 14 Pro 128 GB Gold,53500,Used,"Dhaka, Uttara",17 hours ago,https://bikroy.com/uttara/mobile-phones/apple-iphone-14-pro-128-gb-gold-5ApPlN6tnVH3Bc4SU9TldP92.html,5,2026-10-07T08:53:43.462276+00:00,individual,"iPhone 14 Pro
128 GB
100% Battery (Replaced)
Full fresh
Shadow on display but not noticeable"
Apple iPhone 15 Pro Max 256 GB Blue,92000,Used,"Dhaka, Uttara",3 hours ago,https://bikroy.com/uttara/mobile-phones/apple-iphone-15-pro-max-256-gb-blue-3nC8LTRIkcMpV8TT1JJkkCln.html,3,2026-10-07T08:53:44.117771+00:00,individual,"iPhone 15 Pro Max 
 Storage: 256GB
 Color: Blue Titanium 
 Variant: Dubai
 SIM: Physical SIM + eSIM
 Battery Health: 84%
 Condition: Pre-Owned
 6.7"" Super Retina XDR OLED | 120Hz
 Exchange Hub
 Shop No: 610, 611, 628 & 629, Level-6
Tropical Alauddin Tower, Sector 3, Road 2
Rajlaxmi, Uttara"
Apple iPhone 14 Pro Max 256 GB Purple,80000,Used,"Dhaka, Jamuna Future Park",3 hours ago,https://bikroy.com/jamuna-future-park/mobile-phones/apple-iphone-14-pro-max-256-gb-purple-dNEXy2edmMe18w3Yw9aL9vEt.html,5,2026-10-07T08:53:44.833708+00:00,individual,"iPhone 14 Pro Max– Best condition 
• 256 GB Storage • 
• Color: Deep Purple
• Singapure(1 eSIM+1 physical sim)
• Battery Health: [86%]
• Absolutely fresh, no issues
• Face ID, Camera, True Tone all 100% OK 
• Box/Charger: None
• Price: ৳80000

7 days replacement guarantee
(without display & software update issue)
3 years free service warranty"
Apple iPhone 11 128 GB Black,25000,Used,"Dhaka, Sutrapur",08/09,https://bikroy.com/sutrapur/mobile-phones/apple-iphone-11-128-gb-black-rCHO687vRd1yUfeetqiYn4ZL.html,4,2026-10-07T08:53:45.499062+00:00,individual,I phone 11 128GB fresh condition nijer hate use kora phone kono dag ba scratch nai phone ekhono khola hoynai sob authentic ar bettary health 71% original bettary keu nite chaiale inbox
Apple iPhone 11 128 GB White,30000,Used,"Dhaka, Uttara",26/09,https://bikroy.com/uttara/mobile-phones/apple-iphone-11-128-gb-white-lgFeGeSKN3lQnKUWs8Ync5lZ.html,3,2026-10-07T08:53:45.985520+00:00,individual,"There are no issues of any kind in the phone. I am using it currently. Everything is okay. I will sell it because I am getting an iPhone 13. Box is available. You will get Anker charger, cable, and back cover along with it. Display and battery have been changed. Original ones have been installed. Battery backup is very good. You can check it as much as you want.
Location: Sector 10, Uttara, Dhaka.
Must come to the location. Show more"
Apple iPhone 13 128 GB Pink,44800,Used,"Dhaka, Mirpur",04/10,https://bikroy.com/mirpur/mobile-phones/apple-iphone-13-128-gb-pink-zaGWgl6F8kS4YE3z2kudMdIp.html,5,2026-10-07T08:53:46.731677+00:00,individual,"iPhone 13 128 gb, battery 80, practically brand new, very carefully used, sent from Italy. Nothing has been changed yet, everything is original and authentic, single sim and e-sim, fully ok. Location: Mirpur Shewrapara. wp 014XXXXXXXX"
Apple iPhone 13 128 GB Green,39000,Used,"Dhaka, Savar",6 hours ago,https://bikroy.com/savar/mobile-phones/apple-iphone-13-128-gb-green-noo15NEuEP7Wv26UEjGU4yiZ.html,5,2026-10-07T08:53:47.109466+00:00,individual,"Mobile details:
Model: iPhone 13
USA Variant
Storage: 128GB
Battery Health: 81%
Warranty: Get a 7-day guarantee and a 2-year service warranty.
 Opportunity to view and check the phone before buying
 Clear information about the phone's condition
 Great phone at an affordable price
 N.S Computer & Phone Gadget
 E #40 (Level-5), Sena Shopping Complex, Nabinagar, Savar, Dhaka"
Apple iPhone 12 128 GB,34999,Used,"Dhaka, Basundhara",3 hours ago,https://bikroy.com/basundhara/mobile-phones/apple-iphone-12-128-gb-6jIq9lnIlNpdmjfjqlCrYmUA.html,5,2026-10-07T08:53:47.857066+00:00,individual,"iPhone 12 128GB
Battery Health 87%
Full Boxed
Clean condition, smooth performance & premium feel — still a beast for daily use!
Visit Our Shop
Basement-2, Shop No: 94
Bashundhara City Shopping Complex
Panthapath, Dhaka 1215
You can easily find our shop on the left side after going down the escalator."
Apple iPhone 11 128 GB Blue,24500,Used,"Dhaka, Khilkhet",14/09,https://bikroy.com/khilkhet/mobile-phones/apple-iphone-11-128-gb-blue-5EU51gPSUUdjo1RR5Eo1jDAr.html,4,2026-10-07T08:53:48.671619+00:00,individual,"An iPhone 11 used for personal purposes will be sold.
- Storage: 128GB
- Battery Health: 76% — Original, no type of boost has been done
- SIM: Dual SIM / (1 Physical SIM + 1 eSIM)
Body condition: There is a light visible scratch on the bottom left side, which is mentioned in the pictures
Price: 24,500 Taka
Location: Bepari Para, Khilkhet, Dhaka
Inbox if interested"
Apple iPhone 12 128 GB Black,40000,Used,"Dhaka, Wari",02/10,https://bikroy.com/wari/mobile-phones/apple-iphone-12-128-gb-black-3q6bGqWiN1XlONzNg9wnuPz7.html,3,2026-10-07T08:53:49.325532+00:00,individual,"Box ache
All ok kono problem nai
Bettery health 92%
Price fixed na"
Apple iPhone SE 128 GB Black,19000,Used,"Dhaka, Mohammadpur",1 day ago,https://bikroy.com/mohammadpur/mobile-phones/apple-iphone-se-128-gb-black-5XhNULMDZilYl1UFuaQ0G2cL.html,5,2026-10-07T08:53:50.031848+00:00,individual,"I bought this phone a few days ago, but by the grace of Allah, I have received a better phone. So, I will sell it, Insha'Allah. You will get the cash memo from the shop where it was purchased, and you can even exchange it with them later."
Apple iPhone 13 128 GB,45000,Used,"Dhaka, Dhanmondi",6 hours ago,https://bikroy.com/dhanmondi/mobile-phones/apple-iphone-13-128-gb-ynl2e1ETlRucL2wejkuqCjYt.html,5,2026-10-07T08:53:50.619951+00:00,individual,"Description
Welcome to ""Mobile Store""
Find us here:-
Mobile Store
Shop number -408(level 4)
Dhanmondi 32 Sukrabad bus stand
Phone number 017XXXXXXXX"
iPhone 14 Pro Max | 100% Original LCD at the Best Price in BD,22000,Brand New,"Dhaka, Mohammadpur",3 hours ago,https://bikroy.com/mohammadpur/cell-phones-tablets-accessories/iphone-14-pro-max-100-original-lcd-best-price-in-bd-59DPhVFEoKxsSCwf4DdRW3B4.html,0,2026-10-07T08:53:51.057247+00:00,individual,"Is your phone screen broken? Is the display blurry? Is the touch not working properly?
Then stop worrying! We have brought you the original display!
Once installed, your phone will look brand new again!

### ✅ **Product Features**

* 💯 **Factory Original LCD** – Colors, brightness, and clarity just like before
* 🔥 **Super Smooth Touch Response** – As smooth, fast, and lag-free as before
* 🎨 **Full HD+ pOLED Quality** – Vibrant colors, sharp view
* 🛠️ **Perfect Fitting Guarantee** – 100% fit for iPhone 14 Pro Max
* 💪 **Strong & Durable Panel** – Use it worry-free for a long time

### 🎁 **Why buy from us?**

* ✔ Guaranteed original quality
* ✔ LCD testing facility
* ✔ Best price guarantee
* ✔ Installation support (if needed)

### 📱 **Applicable Models**

🔸 iPhone 14 Pro Max 100% original LCD.

### 💸 **In Stock – Very Limited!**

“Install a good LCD once and you won't have to think twice.”

We wholesale all types of mobile accessories including LCDs, ribbons, and touch panels.

Address: Shop No: 32, Khan Plaza, 2nd Floor, Ring Road, Shyamoli, Dhaka. Show more"
Apple iPhone 14 128 GB Purple,43500,Used,"Dhaka, Gulshan",07/09,https://bikroy.com/gulshan/mobile-phones/apple-iphone-14-128-gb-purple-d17GT0PEVAMHtHAn8DbcVaq0.html,4,2026-10-07T08:53:51.745011+00:00,individual,আপনি চাইলে আপনার অপছন্দের পুরাতন ফোনটা দিয়ে এক্সচেঞ্জ করে নিতে পারবেন।
New Apple iPhone 13 Pro 128 GB Graphite,46500,Brand New,"Dhaka, Jatrabari",18/09,https://bikroy.com/jatrabari/mobile-phones/new-apple-iphone-13-pro-128-gb-graphite-hLup8dH2p1o6W8Jp0E3i794k.html,5,2026-10-07T08:53:52.151647+00:00,individual,"Everything okay
Singapore Variant
Full fresh and in mint condition 
Display original
Only battery change(1 year warranty available)
Insane battery backup
True tone 
Face id 
With box, cable
5 back covers"
Apple iPhone 11 128 GB Red,26000,Used,"Dhaka, Keraniganj",30/09,https://bikroy.com/keraniganj/mobile-phones/apple-iphone-11-128-gb-red-BzqCN3ylK5zT26JjdRj2A2S5.html,5,2026-10-07T08:53:52.799220+00:00,individual,This phone will be sold with no issues.
Apple iPhone 11 128 GB Purple,25000,Used,"Dhaka, Dhamrai",1 day ago,https://bikroy.com/dhamrai/mobile-phones/apple-iphone-11-128-gb-purple-sgA9FY7dWgqg0c39H24wVFlK.html,3,2026-10-07T08:53:53.482519+00:00,individual,"USA Variant, everything is genuine, you can check it out. With the phone, I will give an Acefast power bank & an Anker charger. If you want to take it, call or SMS on WhatsApp at this number Call 018XXXXXXXX"
Apple iPhone 13 128 GB Black,45000,Used,"Dhaka, Baridhara",6 hours ago,https://bikroy.com/baridhara/mobile-phones/apple-iphone-13-128-gb-black-AQWVa4PUT6eL6tejTMRyfBWJ.html,5,2026-10-07T08:53:54.047262+00:00,individual,"iPhone 13 128GB, 92% battery health, full boxed, Singapore variant, like new condition, authentic."
Apple iPhone 13 Pro 128 GB Blue,39500,Used,"Dhaka, Demra",3 hours ago,https://bikroy.com/demra/mobile-phones/apple-iphone-13-pro-128-gb-blue-su6cmqxbJ0cQ1TooOEP8y6Ff.html,5,2026-10-07T08:53:54.726117+00:00,individual,"iPhone 13 Pro 128GB
🔒 Price Almost Fixed
✅ Storage: 128GB
✅ Battery Health: 90%

⚠️ There are some minor scratches due to usage
🧾 Original Cash Memo for purchasing the phone will be provided
🔋 Battery health was 91% at the time of purchase.
📱 Later, due to a white screen issue on the display, the display was changed.
📍 Location: Sarulia, Demra, Dhaka"
Xiaomi 13 Pro 128 GB,22000,Used,"Chattogram, Baizid",04/10,https://bikroy.com/baizid/mobile-phones/xiaomi-13-pro-128-gb-39IPUzEsg5dHPttF90zu9qur.html,3,2026-10-07T08:54:04.842146+00:00,individual,"Redmi Note 13 Pro 5G — For Sale 
RAM: 8GB
Storage: 128GB
OS: Xiaomi HyperOS 3
Android: 16
Condition: Absolutely Fresh 
Problem: No problem, everything is 100% working 
Charger: Original Charger included 
Box: Not available
Exchange Possible — Exchange is possible if the phone is in good condition."
Xiaomi 14 Pro 256 GB Green,26000,Used,"Chattogram, Cornelhat",2 days ago,https://bikroy.com/cornelhat/mobile-phones/xiaomi-14-pro-256-gb-green-rf1L16aIIRaVPBoaRh5QEtcc.html,5,2026-10-07T08:54:05.237825+00:00,individual,"There is a slight mark on the back side due to attaching a magnet, but the phone has zero problems. The box and cash memo will all be provided."
Xiaomi Redmi Note 14 4G 256 Gigabytes Black,21500,Used,"Chattogram, Baizid",12/09,https://bikroy.com/baizid/mobile-phones/xiaomi-redmi-note-14-4g-256-gb-black-qbSU0ng6T5p6KQXKhDYtRDYh.html,5,2026-10-07T08:54:15.607816+00:00,individual,"Interested to sell Redmi note 14 official device 
Device details 
1. The phone is completely fresh 
2. Camera performance is fantastic. 
3. Battery performance is fantastic. You can easily run it for a day and play games. 
4. To buy the phone you must come to the location. 
Location :Baluchra, Bayezid, Chittagong. Price can be reduced somewhat upon negotiation."
New Xiaomi Redmi Note 15 256 GB Black,31999,Brand New,"Chattogram, Agrabad",6 hours ago,https://bikroy.com/agrabad/mobile-phones/new-xiaomi-redmi-note-15-256-gb-black-iPfrilYxXybj4blXlz7L91LA.html,2,2026-10-07T08:54:16.319592+00:00,individual,"Stay with us by liking & following our page to know the price of any updated product. Our page link - 
**Call or message us on WhatsApp or on Bikroy to buy a phone on instalment. 
 _______________
Address :
Shop- 537, Level -5 
(4th floor of capsule lift, 
Go straight after exiting the lift (JOJOBD).
Akhtaruzzaman Center, 
Agrabad, Chittagong."
OnePlus 7T Pro McLaren Edition 256 GB Black,21999,Used,"Chattogram, Agrabad",31/07,https://bikroy.com/agrabad/mobile-phones/oneplus-7t-pro-mclaren-edition-256-gb-black-ajcuzTBgKIP7rHlVgqSukj6p.html,3,2026-10-07T08:54:20.525199+00:00,individual,"RAM/ROM - 12/256 
For sale"
OnePlus 11R 256 GB Black,26500,Used,"Rajshahi, Court Station",24/09,https://bikroy.com/court-station/mobile-phones/oneplus-11r-256-gb-black-xx0dzSPDc43g5ebJQP8K8360.html,4,2026-10-07T08:54:22.003470+00:00,individual,"Oneplus 11R
Main Ram 16GB
Rom 256 GB
Original 100W Oppo Brand Charger
Phone+100W Charger Cover"
Apple iPhone 13 Pro 256 GB Gold,55000,Used,"Dhaka, Jatrabari",11/09,https://bikroy.com/jatrabari/mobile-phones/apple-iphone-13-pro-256-gb-gold-iN55ewCIkfSL4aA7MXoahoZh.html,5,2026-10-07T08:54:23.953775+00:00,individual,"Price Fixed
IPhone 13 Pro 256Gb Full Box
Color : Golden 
1 physical sim , 1 E sim 
Battery health : 91% (Original )
IOS version : Latest (26.5.2)
True Tone : ok 
Face ID : ok
Model number : MLQP3LL/A
Waterproof device 
Used with case 
IMel Matched Box available 
Charging cable and 20 adapter Available 
 everything original
Nothing repaired /Replace"
Apple iPhone 14 Pro 128 GB Purple,61000,Used,"Dhaka, Savar",16 hours ago,https://bikroy.com/savar/mobile-phones/apple-iphone-14-pro-128-gb-purple-jUn4akZgdj4HT8j8Jo1ql3NW.html,3,2026-10-07T08:54:24.631643+00:00,individual,"Brand Iphone 
Model 14 pro
Storage 128 GB
True tone ok
Face id ok
Battery health 86
Full  authentic 
Box available 
Whoever takes the phone will win.
Due to my family problem 
I want to sell the phone.
I need emergency money.
There is not a single problem in the phone.
Nothing has been changed.
Do not bargain unnecessarily. 
Real customers call."
Xiaomi Poco X6 Pro 256 GB Blue,25000,Used,"Chattogram, Patiya",25/09,https://bikroy.com/patiya/mobile-phones/xiaomi-poco-x6-pro-256-gb-blue-hmCoUodMoYJqwvEytUzJXy5f.html,5,2026-10-07T08:54:26.385952+00:00,individual,"Set is fully fresh, no problems. Mobile, charger, and cash memo."
Xiaomi Poco X7 Pro 256 GB Yellow,29500,Used,"Chattogram, Bakoliya",13/09,https://bikroy.com/bakoliya/mobile-phones/xiaomi-poco-x7-pro-256-gb-yellow-ac4Fxti1uCpQoaQ3LcedrC9e.html,5,2026-10-07T08:54:27.127658+00:00,individual,Set 99% fresh ache kono issue nai sob dheke nite parben best gaming phone battery backup joss 7 hours jay game khelle sathe set memo r 3ta cover dewa hove location must new market
Xiaomi Redmi Note 13 Pro 256 GB Black,19000,Refurbished,"Chattogram, Patiya",17/09,https://bikroy.com/patiya/mobile-phones/xiaomi-redmi-note-13-pro-256-gb-black-k9VitENcXCIFa04DGR8Mwn1M.html,4,2026-10-07T08:54:27.781424+00:00,individual,"Mobile is completely fresh, no problems, location Patiya"
New Xiaomi Redmi Note 13 256 GB Black,18999,Brand New,"Rajshahi, Kazla",2 hours ago,https://bikroy.com/kazla/mobile-phones/new-xiaomi-redmi-note-13-256-gb-black-avgCdUCODkyQri8NRk7izuI9.html,3,2026-10-07T08:54:29.084332+00:00,individual,"This phone can be your perfect choice with smart design and great performance. 8/256. Limited stock – First come, first served! Our address: Baneshwar Shibpur Hat Puthia Rajshahi. 100% trustworthiness. Right price, right product. FAHIM mobile zone, your trusted mobile shop Fahim Mobile Zone"
OnePlus 12 512 GB Green,53500,Used,"Dhaka, Ramna",02/10,https://bikroy.com/ramna/mobile-phones/oneplus-12-512-gb-green-cCFJeTYRCxqff0CYA1bV6C4S.html,3,2026-10-07T08:54:30.962120+00:00,individual,"Battery Health - 94%

Body Full Fresh. No Scratch Dent. Never Opened.

Box + Cash Memo + Cable + 4 Unique Cover Cases

Only bottom speaker does not work.. No other issue.

Price Slightly Negotiable

Body is completely fresh. Used with a protector since the day of purchase. Selling because I use an iPhone as my primary phone."
New OnePlus 15 512 GB White,92000,Brand New,"Dhaka, Motijheel",18/09,https://bikroy.com/motijheel/mobile-phones/new-oneplus-15-512-gb-white-3HMBMUkvwNMC7T7grnu6DLyU.html,5,2026-10-07T08:54:31.674262+00:00,individual,"One Plus 15
One Of The Best Flagship
Phone 2026
Indian Global 
Battery Health 100%
99% fresh And Clean 
Warranty Available 7/8 Month 
Ram Rom 16/512 GB,
7300 Big Battery life Almost
12 Hours Plus,
68/69/69k Highest Waterproof,
50/50/50 Flagship Camera
120× Optical Zoom,
More Details About Phone Please Check Google"
OnePlus 13R 256 GB Gray,50000,Used,"Dhaka, Uttara",30/09,https://bikroy.com/uttara/mobile-phones/oneplus-13r-256-gb-gray-aKiDqtT6c78CZKBGEvQ4acr9.html,5,2026-10-07T08:54:32.291576+00:00,individual,"13 Month Used Only, Full Fresh. I will take iPhone 17 Pro."
OnePlus 7T Pro 5G McLaren 256 GB Black,20000,Used,"Dhaka, Dhanmondi",15/09,https://bikroy.com/dhanmondi/mobile-phones/oneplus-7t-pro-5g-mclaren-256-gb-black-5DjxnSMYzUi1l2PwiCSViEFB.html,3,2026-10-07T08:54:32.837955+00:00,individual,"The motherboard has been replaced, otherwise there are no problems. There is no box or charger, only the phone will be provided, NID card will be given as security. Only those who want to take it should knock. Thank you"
Apple iPhone 14 Pro Max 256 GB Black,60500,Used,"Dhaka, Mirpur",1 day ago,https://bikroy.com/mirpur/mobile-phones/apple-iphone-14-pro-max-256-gb-black-494f5l6KBfzBX8zqwsffFtMu.html,4,2026-10-07T08:54:34.608738+00:00,individual,"Assalamu Alaikum, I am selling this phone due to my needs. 
Bought from Malaysia
Singapore version 
Nothing inside has been changed
Even if the backshell was changed, an original one was installed
You will get a lifetime warranty for the display green screen issue
For details you can call us on our WhatsApp
Thanks
+(whatsapp)"
New Nothing Phone 4a Pro 256 GB Black,64990,Brand New,Dhaka,6 hours ago,https://bikroy.com/dhaka/mobile-phones/new-nothing-phone-4a-pro-256-gb-black-drOqjtvNcbTwy6aIRWrsrui7.html,2,2026-10-07T08:54:35.164884+00:00,individual,"Nothing 4A PRO (12/256) Brand new inactive
Price: 64,990/- (Best Price ever)

Every smartphone includes:
10-day replacement guarantee
2-year service warranty
Our Shop Address
For Smartphone
Basement- 1, Shop- 84
Bashundhara City Shopping Mall"
Apple iPhone 15 Plus 128 GB Green,65000,Used,"Dhaka, Gulshan",4 hours ago,https://bikroy.com/gulshan/mobile-phones/apple-iphone-15-plus-128-gb-green-aLVVWLgcdlWIBkGSRo5XMg5z.html,5,2026-10-07T08:54:35.863629+00:00,individual,"iPhone 15 Plus, Super Condition.
No problem, No Damage, No nothing.
Battery health 88% only.
Cycle counts: 577.
Everything is ok and perfectly working.
Enjoy all-day battery life, stunning photos, and high-speed internet. 
Original box available, cable and charger will also be given."
Nothing Phone 3a 128 GB Black,30000,Used,"Dhaka, Kamrangirchar",23/09,https://bikroy.com/kamrangirchar/mobile-phones/nothing-phone-3a-128-gb-black-wSgKIUL4rHNem2mFmvbBLPVH.html,5,2026-10-07T08:54:36.476919+00:00,individual,Only the top is slightly broken. It fell from a child's hand. No other problems. Box is included.
Nothing Phone 2a Plus 256 GB White,28999,Used,"Dhaka, Savar",5 hours ago,https://bikroy.com/savar/mobile-phones/nothing-phone-2a-plus-256-gb-white-pl9pv3kITZRLGsRH75VVFyWh.html,5,2026-10-07T08:54:37.129093+00:00,individual,"Nothing phone 2a plus
8/ 256 Storage Global 
 with box cashmemo 
Replacement Guaranty 7 days 
Warranty 1 year without parts
Conditions 99.9% Fresh
EMI Facility available 29 banks
Outside dhaka delivery possible 
Cash on delivery
Location 
Savar Nabinagar
Sena Shopping Complex 
5th floor shop no E54
Mobile Gallery"
Nothing Phone 3a Pro 256 GB Silver,43500,Used,"Dhaka, Savar",5 hours ago,https://bikroy.com/savar/mobile-phones/nothing-phone-3a-pro-256-gb-silver-rb4esxx9tuUmVrUSHfD6xNG6.html,5,2026-10-07T08:54:37.708752+00:00,individual,"Nothing 3a pro | 8GB RAM | 256GB Storage
An extraordinary smartphone with flagship performance and premium design. Buy with confidence after thorough inspection.
 7-day replacement guarantee, 1-year service warranty, opportunity to test the phone before purchase
 E-195A, Level-5 (Lift-4), Sena Shopping Complex, Nabinaagar, Sayer, Dhaka. Weekly holiday: Sunday"
OnePlus 10R 128 GB Black,19500,Used,"Dhaka, Khilgaon",3 hours ago,https://bikroy.com/khilgaon/mobile-phones/oneplus-10r-128-gb-black-ffOg6rYi6XoYovqBjGtia4hP.html,3,2026-10-07T08:54:38.125638+00:00,individual,"Assalamu Alaikum. Greetings from ""Mobo Live Bd"". Oneplus 10r 8/128GB Black Full Factory unlock 100% original device Dear Honourable Customer. Now you can purchase with Emi of 21 Banks credit card. Thanks for being with us."
OnePlus 12R 256 GB Blue,30000,Used,"Dhaka, Wari",2 days ago,https://bikroy.com/wari/mobile-phones/oneplus-12r-256-gb-blue-mISZx0k31hZ8ztHsZi2EoZke.html,5,2026-10-07T08:54:38.634192+00:00,individual,I bought this phone an year ago from jamuna future park. I only have the cash memo of the phone and no box it dosent have any scratch it is perfect selling cause i will buy an iphone 15 pro
Xiaomi Poco M8 256 GB Silver,21500,Used,"Rajshahi, Kadirgonj",6 hours ago,https://bikroy.com/kadirgonj/mobile-phones/xiaomi-poco-m8-256-gb-silver-Tvi72diimupmPD3cVU5MmTe.html,5,2026-10-07T08:54:39.313754+00:00,individual,"Assalamu Alaikum Warahmatullahi Wabarakatuh
Fresh condition
Box: Only Device
Cash Memo: Available
Replacement Guarantee: Up to 7 days (subject to conditions)
Location: Rajshahi Kadirganj Chalpatti, beside Large Farmer, behind Swapnochura Plaza Nagar Bhaban.
Shop No: 123 - Ground floor beside lift
Shop Name: Rajshahi Mobile Bari 019XXXXXXXX"
New Xiaomi Redmi Note 14 5G 256 GB White,20999,Brand New,"Rajshahi, Kazla",3 hours ago,https://bikroy.com/kazla/mobile-phones/new-xiaomi-redmi-note-14-5g-256-gb-white-C4gcJqntKIwXEDABlg7RJhm8.html,4,2026-10-07T08:54:39.960461+00:00,individual,"With smart design and amazing performance, the Note 14 phone can be your perfect choice!
8+256
Limited stock – First come, first served!
Our Address: Baneshwar Shibpur Hat Puthia Rajshahi
100% Reliability
Right price, right product
FAHIM mobile zone is your trusted mobile shop"
Google Pixel 7 Pro 128 GB Black,34500,Used,"Rajshahi, Shaheb Bazar",14/07,https://bikroy.com/shaheb-bazar/mobile-phones/google-pixel-7-pro-128-gb-black-r7T4dlOZLvqxcwtr8EwCQj2c.html,5,2026-10-07T08:54:40.444534+00:00,individual,"Box, cash memo, OTG, everything is available.
Full authentic, nothing has been changed."
Vivo V30e 128 GB Black,26000,Used,"Rajshahi, Kazla",26/06,https://bikroy.com/kazla/mobile-phones/vivo-v30e-128-gb-black-mHxyMeJ5IHyP94Imxd6n1M1M.html,3,2026-10-07T08:54:41.198594+00:00,individual,"Sell Post
Vivo v30e
RAM: 8/128
Processor: Snapdragon 6gen1
Display: Curved 120hz refresh rate
★Only the back cover is provided with the phone, nothing else.
NID card will be provided.
Location: Binodpur/Rajshahi University"
Apple iPhone 12 Pro Max 256 GB Blue,32000,Used,Rajshahi,18/08,https://bikroy.com/rajshahi/mobile-phones/apple-iphone-12-pro-max-256-gb-blue-sncusjFJgITDJgNB1v0Ns0Ib.html,3,2026-10-07T08:54:41.934203+00:00,individual,"iPhone 12 Pro Max is fresh. 
Bypass device 
Everything is original, nothing has been changed."
Apple iPhone 13 Pro Max 256 GB Blue,60000,Used,"Dhaka, Jatrabari",15/09,https://bikroy.com/jatrabari/mobile-phones/apple-iphone-13-pro-max-256-gb-blue-rsdiCVafNsuMRa9RvDuLPVhW.html,5,2026-10-07T08:54:42.536580+00:00,individual,"Assalamulaikum 
Iphone 13 pro max 
256gb Box available 
90% battery health  (original) 
Face id ok 
True tone ok 
Nothing changed all ok 
Phone looks just like new, you will love it at first sight, you must come to the location 
Location : Jatrabari Tony Tower , (Dhaka ,Jatrabari )"
New Nothing Phone 2 256 GB White,38990,Brand New,"Dhaka, Uttara",1 hour ago,https://bikroy.com/uttara/mobile-phones/new-nothing-phone-2-256-gb-white-3cbSLfBhi67ikmBQqgB6qPm6.html,5,2026-10-07T08:54:43.250102+00:00,individual,"Nothing phone 2
 12/ 256 GB, white
Never used ( Shop Display product )"
Nothing Phone 4a 256 GB Blue,40990,Used,"Dhaka, Rampura",2 hours ago,https://bikroy.com/rampura/mobile-phones/nothing-phone-4a-256-gb-blue-8bQe5s49akNvSfWPOzrjyoE1.html,3,2026-10-07T08:54:43.767966+00:00,individual,"Nothing 4a 5G 8+256GB As Like New condition 
No internal or external problem 
Only device and cash memo 
More information call 
Address: Molla Tower Shopping complex, Rampura, Dhaka. 
Opposite BTV centar 
3rd floor, shop no-406."
Nothing Phone CMF Phone 2 Pro 128 GB Black,25000,Used,"Dhaka, Dhamrai",1 hour ago,https://bikroy.com/dhamrai/mobile-phones/nothing-phone-cmf-phone-2-pro-128-gb-black-q1kEoLPg2ncjXEkktVRPC00T.html,5,2026-10-07T08:54:44.424191+00:00,individual,Used the phone like new for 5-6 months. Just dropped from hand and got a small tap on top. Box and charger all are original. Global variant phone.
OnePlus 11R 256 GB Black,27000,Used,"Rajshahi, Kazla",26/08,https://bikroy.com/kazla/mobile-phones/oneplus-11r-256-gb-black-5YoUDRq3Pi6EbohPNJVZMfHv.html,3,2026-10-07T08:54:45.166333+00:00,individual,"Fully fresh phone with no problems 16/256 price fixed, please ignore if you don't like the price"
OnePlus 12R 128 GB Blue,29000,Used,"Rajshahi, Chhota Banagram",31/08,https://bikroy.com/chhota-banagram/mobile-phones/oneplus-12r-128-gb-blue-Yf7Fi8akXM8Fbq7bBdYBWmd.html,3,2026-10-07T08:54:45.603056+00:00,individual,"ফোনের ব্যাকশেল ফাটা।
এছাড়া ফোনে কোন সমস্যা নেই।
লোকেশন শালবাগান পাওয়ার হাউজ মোড়। সাথে অরজিনাল একটি ফাস্ট সুপারবক চার্জার দেয়া হবে। ক্যাশ মেমো আছে। কিনা দাম ছিল ৩৫ হাজার ৫০০।
বিক্রি দাম ২৯০০০"
OnePlus 13R 512 GB Silver,48500,Used,"Chattogram, Rangunia",06/09,https://bikroy.com/rangunia/mobile-phones/oneplus-13r-512-gb-silver-BimuH69fH5QsfdfOPj4P3Fbh.html,4,2026-10-07T08:54:46.012942+00:00,individual,"*Device , Cover & Charger will be given.
 16GB RAM + 512GB Storage — Power & Storage-এর দিক থেকে একদম beast!
 Location: Rangunia thanar pashe,Rowajarhat rangunia upazilla."
OnePlus 12 512 GB Black,46000,Used,"Chattogram, Chandgaon",26/03,https://bikroy.com/chandgaon/mobile-phones/oneplus-12-512-gb-black-2vwnlsKpBczfS2GadOQRvXDK.html,3,2026-10-07T08:54:46.737438+00:00,individual,"OnePlus 12, 16/512GB. Fresh Condition. No box, no charger. Set + Cash Memo only. Price Fixed. Those who do not have the budget, please stay away. Request not to quote absurd prices. Location: Riazuddin Bazar, Chittagong. Contact 016XXXXXXXX"
OnePlus 13R 256 GB Black,44000,Used,"Dhaka, Hazaribagh",19/09,https://bikroy.com/hazaribagh/mobile-phones/oneplus-13r-256-gb-black-oNONHp8Jn21jEO3x56qliN8h.html,5,2026-10-07T08:54:47.336786+00:00,individual,"All okay no problems, will only get the cash memo with it"
OnePlus 15R 256 GB Black,60000,Used,"Dhaka, Mohammadpur",3 hours ago,https://bikroy.com/mohammadpur/mobile-phones/oneplus-15r-256-gb-black-dLpEcijrIexlHZcYehaD4z8m.html,3,2026-10-07T08:54:48.077031+00:00,individual,"Name: OnePlus 15R (International Global)
 Color: black 
 Storage: 12-256GB 
 Used like new
 With Full box
Price: Call for best price 
Used Mobile: 3 Days replacement & 6 months service warranty or New mobile: 7 days replacement & 1 year service warranty included 
Contact number 018XXXXXXXX"
OnePlus 13 256 GB White,56990,Used,"Dhaka, Shyamoli",5 hours ago,https://bikroy.com/shyamoli/mobile-phones/oneplus-13-256-gb-white-3lEGY8futgWYUn3BL4ZUZyjf.html,4,2026-10-07T08:54:48.657875+00:00,individual,"Get the #new OnePlus 13 5G Chinese version
#Used like new condition with full box
Exchange possible
RAM/ROM: 12/256GB, battery health 99%
We sell 100% original products
You can check it however you like.
Warranty Policy:
7 days parts replacement warranty
2 year service warranty (without LCD, software & physical damage)"
OnePlus Nord CE5 256 GB Black,31000,Used,"Dhaka, Tejgaon",1 day ago,https://bikroy.com/tejgaon/mobile-phones/oneplus-nord-ce5-256-gb-black-5SwCqrm8HkDwMiNnjg7YvDwS.html,5,2026-10-07T08:54:49.495991+00:00,individual,"You can call it an absolutely new phone. Fresh condition. Not even a hair's breadth of a problem, please check before buying. Poly-wrapped on the back, no scratches. It's a joy to use this phone. Very smooth. You can Google to know more details. Everything comes with the phone. Two expensive back covers included....need money..."
OnePlus 10R 128 GB Black,19490,Used,"Dhaka, Mirpur",3 hours ago,https://bikroy.com/mirpur/mobile-phones/oneplus-10r-128-gb-black-tQ8Ab3quw14wKuZgXFOzCffX.html,4,2026-10-07T08:54:49.980982+00:00,individual,">Adiba Telecom >
Shop No: 34, 3rd Floor, Baghdad Shopping Complex, Mirpur- 1, Dhaka- 1216... 
The phone is 100% genuine and we offer a 7-day replacement guarantee and a 1-year free service warranty. (Without Parts)
Free courier charge all over Bangladesh
Exchange offer. Discount price.
Best camera phone"
OnePlus 8 Pro 256 GB Green,26500,Used,"Dhaka, Shewrapara",25/09,https://bikroy.com/shewrapara/mobile-phones/oneplus-8-pro-256-gb-green-nCTUW0R2RFa4YQ0WJvhI2MNo.html,5,2026-10-07T08:54:50.686488+00:00,individual,"Box and charger are all included. I bought the phone from India three years ago, and everything is still completely authentic and fresh. There is only a slight scratch on the display from dropping it. The price is almost fixed, so only those who are interested in buying should message."
Xiaomi Poco X8 Pro 256 GB Black,36000,Used,"Rajshahi, Boalia",02/10,https://bikroy.com/boalia/mobile-phones/xiaomi-poco-x8-pro-256-gb-black-g5lqeCqU1JeInYMm4iLFaG20.html,5,2026-10-07T08:54:51.215460+00:00,individual,Purchased from Kry International. Additional 1 year extended warranty. Full box with original 100 watt charger & cash memo. Fixed price.
Xiaomi Redmi Note 14 Pro+ 5G 512 GB White,28000,Used,"Rajshahi, Godagari",24/09,https://bikroy.com/godagari/mobile-phones/xiaomi-redmi-note-14-pro-5g-512-gb-white-xhUjJOTaeZnDdP3Oiq3lGaYI.html,5,2026-10-07T08:54:51.598682+00:00,individual,"99% fresh, must come to the location to pick it up"
New Xiaomi Civi 5 Pro 256 GB Purple,39999,Brand New,"Rajshahi, Boalia",1 day ago,https://bikroy.com/boalia/mobile-phones/new-xiaomi-civi-5-pro-256-gb-white-3GvFk8pRTNJlLsXcn65roCw3.html,5,2026-10-07T08:54:52.327864+00:00,individual,"Xiaomi Civi 5 Pro (Unit 1)
• 12-256 GB -39,500BDT
• Details - Condition Good, Battery Health 99%, Fresh Condition. Full Box

Xiaomi Civi 5 Pro (Unit 2)

• 12-256 GB -39,999BDT
• Details - Condition Good, Battery Health 100%, Fresh Condition, Full Box

Location
*Shamrat Tech & Gadgets*
KoyarDara, Supora, Rajshahi."
Xiaomi 11T Pro 256 GB Blue,15000,Used,"Rajshahi, Uposahar",28/09,https://bikroy.com/uposahar/mobile-phones/xiaomi-11t-pro-256-gb-blue-sL6gkNavLVOCPww6Qb1bluuS.html,3,2026-10-07T08:54:53.000125+00:00,individual,Wonderful OK wonderful OK wonderful OK
New Xiaomi Redmi Note 14 Pro 128 GB Gray,24500,Brand New,"Rajshahi, Motihar",27/09,https://bikroy.com/motihar/mobile-phones/new-xiaomi-redmi-note-14-pro-128-gb-gray-eMchPki0eqP6KzJvuoPLAx3c.html,5,2026-10-07T08:54:53.693898+00:00,individual,"Full fresh condition phone 8/128
Location: Rajshahi Talaimari slightly inside Jahajgate 018XXXXXXXX"
New Xiaomi Poco M7 128 GB Purple,15777,Brand New,"Rajshahi, Puthia",3 hours ago,https://bikroy.com/puthia/mobile-phones/new-xiaomi-poco-m7-128-gb-purple-ahG8hgEkMZet4q7lP4uB3cgJ.html,3,2026-10-07T08:54:54.105014+00:00,individual,"With smart design and amazing performance, the Poco M7 5G phone can be your perfect choice
6/128 
 
 Limited stock – First come, first served!
 Our address: Baneswar Shibpur Hat Puthia Rajshahi 
 100% reliability
 Right price, right product
 FAHIM mobile zone your trusted mobile shop Fahim Mobile Zone"
Xiaomi Redmi Note 14 Pro+ 5G 256 GB Black,37000,Used,"Chattogram, Agrabad",21/09,https://bikroy.com/agrabad/mobile-phones/xiaomi-redmi-note-14-pro-5g-256-gb-black-oGOG8TniRjtpnRJVnpRGhLwk.html,4,2026-10-07T08:54:54.714014+00:00,individual,"The mobile is fresh, if you remove the back poly the mobile is completely fresh. Personal use mobile, there are no problems with the mobile. Cash memo and box can be provided"
Xiaomi Redmi 512 GB Black,49000,Used,"Chattogram, Pahartali",08/06,https://bikroy.com/pahartali/mobile-phones/xiaomi-redmi-512-gb-black-feRPJ6Q42ZlXAoPXFjKjfH4P.html,5,2026-10-07T08:54:55.126258+00:00,individual,"Assalamu Alaikum.
Only those who are interested in taking the mobile should call or message. Please quote the price considering the market. This is not 256 GB storage, it is 512 GB storage, so please check the price accordingly. I have given the price I can offer. If you are interested at 49 thousand, please inbox me. If you want to know anything else, that can also be discussed."
Xiaomi Redmi Turbo 4 Pro 256 GB Gold,36000,Used,"Chattogram, Agrabad",18/09,https://bikroy.com/agrabad/mobile-phones/xiaomi-redmi-turbo-4-pro-256-gb-gold-wI7z3fAZMoQKHWf36itmnUHX.html,3,2026-10-07T08:54:55.843310+00:00,individual,"Full box, there are no problems."
Xiaomi Redmi Note 13 Pro+ 256 GB White,25000,Used,"Chattogram, Patenga",16/09,https://bikroy.com/patenga/mobile-phones/xiaomi-redmi-note-13-pro-256-gb-white-dxD9TJNoFh6PrkHouahVwCYU.html,5,2026-10-07T08:54:56.453602+00:00,individual,"You can check it out, it looks brand new. Price is slightly negotiable. My asking price is twenty-five thousand. The phone comes with its full box and charger."
Nothing Phone 1 128 GB Black,22000,Used,"Rajshahi, Boalia",19/07,https://bikroy.com/boalia/mobile-phones/nothing-phone-1-128-gb-black-x48lq8d6pPsxusgm0p5cSE5T.html,3,2026-10-07T08:54:56.978574+00:00,individual,"Nothing Phone 1 mobile. Everything is okay, no problems, you can check it yourself. The phone gives very good and beautiful backup. It is a water-resistant phone. If you want to see it, come to the location. Only the phone will be given."
Vivo T3 Ultra 256 GB Black,25500,Used,"Rajshahi, Rajpara",09/09,https://bikroy.com/rajpara/mobile-phones/vivo-t3-ultra-256-gb-black-3hzaj1xQh1KB6Ftud4hd81Ae.html,4,2026-10-07T08:54:57.791098+00:00,individual,"Vivo T3 Ultra (12/256). There are scratches on the phone body and the back cover glue has come off, otherwise no issues. Everything is original, nothing has been changed. You can check it as much as you like, security will be provided. To see the phone, you need to come to the location. 25500"
Nothing Phone 2a 256 GB Black,24999,Used,"Rajshahi, Boalia",28/09,https://bikroy.com/boalia/mobile-phones/nothing-phone-2a-256-gb-black-17PgItkvmwkBm8rBm5dOM5Kr.html,5,2026-10-07T08:54:58.404433+00:00,individual,"📱 Nothing Phone (2a) — 8/256GB For Sale


Model: Nothing Phone (2a)

RAM: 8GB + 2GB Virtual RAM

Storage: 256GB

Processor: MediaTek Dimensity 7200 Pro

Rear Camera: 50MP OIS + 50MP

Front Camera: 32MP

Battery: 5000mAh

OS: Nothing OS 4.1

5G Supported


✅ Phone only — No box/charger
✅ Fully functional
⚠️ Minor signs of use, as shown in pictures"
Apple iPhone 13 128 GB Blue,40000,Used,Rajshahi,04/08,https://bikroy.com/rajshahi/mobile-phones/apple-iphone-13-128-gb-blue-38KaikAAWbDBGUKSTuahA2zs.html,5,2026-10-07T08:54:58.914559+00:00,individual,"Nothing has been changed, everything is original, no scratches."
Nothing Phone 2a 8/256 (Used),25000,Used,Rajshahi,30/04,https://bikroy.com/rajshahi/mobile-phones/nothing-phone-2a-8-256-used-8Qx9oov6snBaiX0MTWZAKAkL.html,5,2026-10-07T08:54:59.584512+00:00,individual,"It is 95% fresh with a minor dent on the body. Only the phone and NID copy will be provided. Serious buyers only, please message."
Apple iPhone 11 64 GB Black,22500,Used,Rajshahi,1 day ago,https://bikroy.com/rajshahi/mobile-phones/apple-iphone-11-64-gb-black-icXXMBVEkjJEhlQGLhb6vqOW.html,5,2026-10-07T08:55:00.279611+00:00,individual,"Storage: 64
Battery: 76 Authentic
Charge backup is quite good
Cash memo is available with it
Everything is original, nothing has been changed
Face ID, True Tone, everything is all ok
Untouch phone, I used it personally"
Nothing Phone 2a 256 GB White,23000,Used,"Rajshahi, Uposahar",1 day ago,https://bikroy.com/uposahar/mobile-phones/nothing-phone-2a-256-gb-white-zFHtU4AAEmYQKH6UKxVwbiLj.html,5,2026-10-07T08:55:00.972122+00:00,individual,No issue Phone. Full Fresh All okay phone.
Nothing Phone 2a 128 GB Black,21500,Used,"Rajshahi, Shah Makhdum",03/10,https://bikroy.com/shah-makhdum/mobile-phones/nothing-phone-2a-128-gb-black-zj9spSmZlgCqHR5EI4txKzs6.html,5,2026-10-07T08:55:01.681343+00:00,individual,"**Nothing Phone (2a) 5G – 8/128GB**
Only phone
Display & Touch working
Front glass broken
Camera, Fingerprint, Charging OK
Rajshahi
**Price: ৳21,500 (Negotiable)**
You can check it by taking it in hand."
New Nothing Phone 3a Pro 256 GB Black,39000,Brand New,"Rajshahi, Kadirgonj",20/08,https://bikroy.com/kadirgonj/mobile-phones/new-nothing-phone-3a-pro-256-gb-black-64QA5WwklUlaWST2fRb6V1no.html,3,2026-10-07T08:55:02.196059+00:00,individual,"Nothing 3A pro... 12/256
All authentic waterproof
Showroom conditions"
Nothing Phone 1 256 GB White,25000,Used,"Rajshahi, Motihar",03/05,https://bikroy.com/motihar/mobile-phones/nothing-phone-1-256-gb-white-uKGI5jFyaWLFhlpXPK8uIc79.html,3,2026-10-07T08:55:02.599675+00:00,individual,"The phone is in fresh condition, just like new, with no problems. I don't have the box as the memo was lost, but I have the charger. I will provide whatever you need for security. If you want to buy it, please message or call me. If you are not interested, please do not message and cause confusion."
New Apple iPhone 13 128 GB White,34500,Brand New,"Rajshahi, Boalia",02/10,https://bikroy.com/boalia/mobile-phones/new-apple-iphone-13-128-gb-white-8Zt0wMcDOawYJoYj6N3p3jjY.html,3,2026-10-07T08:55:03.211850+00:00,individual,"1000% genuine fresh device.
There is a green line right on the side, which is barely noticeable unless you look very closely. It has been there for over 6 months and does not grow anymore.
Battery Health: 100%
Charge cycle only 127.
Nothing on the phone has been changed. Everything is genuine.
Supports 2 physical dual SIMs.
3uTools Report 100% OK.
Price almost fixed.
Call if interested."
Nothing Phone 1 128 GB Black,21600,Used,"Rajshahi, Boalia",48 min ago,https://bikroy.com/boalia/mobile-phones/nothing-phone-1-128-gb-black-iMmArvSIodC6dtQmERiQrJDI.html,5,2026-10-07T08:55:03.830361+00:00,individual,"Nothing Phone 1
There is no problem with the phone. Fresh phone
Come, check it out and take it if you like.
The phone is unofficial, only the phone will be given.
As security, I will provide a copy of the NID.

Ram 8+8 gb room 128 gb

Check full details online"
Nothing Phone 3a 128 GB Black,31500,Used,"Rajshahi, Court Station",17/09,https://bikroy.com/court-station/mobile-phones/nothing-phone-3a-128-gb-black-w37wdioS2gFzgL2j5wtZn78J.html,5,2026-10-07T08:55:04.430276+00:00,individual,"Nothing 3a phone all okay, there are no problems with the phone, you can come and check it as much as you want"
Apple iPhone 14 Pro Max 256 GB Gray,75000,Used,"Tangail, Tangail Sadar",12/09,https://bikroy.com/tangail-sadar/mobile-phones/apple-iphone-14-pro-max-256-gb-gray-5jkCGHvq0SwnPXrKQ0ulKqMm.html,5,2026-10-07T08:55:05.083937+00:00,individual,"I phone 14 pro max no problem at all, brand new condition, whole set is poly-laminated, brought from Saudi Arabia, nothing changed, everything original, battery health 82, box available, charger available, cover available, everything is okay, not even a single scratch, protector attached on top of camera, price fixed"
Samsung Galaxy S24 Ultra 256 GB Gray,75000,Used,"Cox's Bazar, Chakaria",1 day ago,https://bikroy.com/chakaria/mobile-phones/samsung-galaxy-s24-ultra-256-gb-gray-6olER8mGvJrjTIBuldtA9qiU.html,3,2026-10-07T08:55:05.752947+00:00,individual,"Fresh condition, nothing scratches. Never fall down.
With original box."
Apple iPhone 16 Pro Max 256 GB Gold,120000,Used,"Chuadanga, Chuadanga Sadar",21/09,https://bikroy.com/chuadanga-sadar/mobile-phones/apple-iphone-16-pro-max-256-gb-gold-zxGTO33MkSeItAaTabyBdq76.html,5,2026-10-07T08:55:06.423694+00:00,individual,"iPhone 16 Pro Max (256GB)
Storage: 256GB
True Tone available
Face ID available
Original display
Full box
Waterproof: OK
Nothing has been changed, all original
Do not make foolish offers or message if you are not a real buyer

Location: Meherpur District, Baradi
If you want to buy the phone, you must come to the location and check it as much as you want
Contact number WhatsApp
Price inbox"
Apple iPhone 14 Pro Max 256 GB Blue,80000,Used,"Gazipur, Gazipur Sadar",25/09,https://bikroy.com/gazipur-sadar/mobile-phones/apple-iphone-14-pro-max-256-gb-blue-B3gRdcEEVgSHCF3qwN1SKLGB.html,4,2026-10-07T08:55:07.061058+00:00,individual,"Singapore variant, no scratches, phone is in brand new condition, box and cash memo available, phone is 100% authentic, nothing changed, waterproof is also intact"
Apple iPhone 14 Pro Max 128 GB Purple,65000,Used,"Gazipur, Gazipur Sadar",12/09,https://bikroy.com/gazipur-sadar/mobile-phones/apple-iphone-14-pro-max-128-gb-purple-yMHlLwMnTbkyAX69XXJngYvX.html,4,2026-10-07T08:55:07.823172+00:00,individual,"Variant: Singapore Variant (Dual SIM can be used) 
 Color: Deep Purple 
 Storage: 128GB
 Battery Health: 71 (no boost genuine)
 Condition: Absolutely Fresh Condition
 Face ID: 
 True Tone: 
 Camera: Front & Back all okay 
 Display: Original 
 Parts Changed: Nothing Changed 
 Box included
Whats"
Apple iPhone 14 Pro Max 256 GB Purple,80000,Used,"Lakshmipur, Ramganj",1 day ago,https://bikroy.com/ramganj/mobile-phones/apple-iphone-14-pro-max-256-gb-purple-rDF2p9t8rSQyx1EYV84h1tlb.html,5,2026-10-07T08:55:08.449710+00:00,individual,"iPhone 14 Pro Max
IOS: 17.02
Storage: 256GB
Battery Health: 75%
Face ID: Working
All functions: Working
Camera: Fully working
Genuine device
Comes with box, used with my own hands, full fresh condition, everything is original, nothing has been changed. If anyone wants to buy, please DM me."
Apple iPhone 14 Pro 128 GB Purple,65000,Used,"Sirajganj, Sirajganj Sadar",24/09,https://bikroy.com/sirajganj-sadar/mobile-phones/apple-iphone-14-pro-128-gb-purple-8pbc8V5fQZE70Xj8AQoG6OCW.html,5,2026-10-07T08:55:09.261713+00:00,individual,"Need money, so I am selling this phone
No issues at all
Nothing has been changed
Battery health 79%"
Apple iPhone 14 Pro Max Dual SIM (Used),74500,Used,"Chattogram, Chandgaon",29/04,https://bikroy.com/chandgaon/mobile-phones/apple-iphone-14-pro-max-dual-sim-used-hpJFXYCEfyNKudv2jICvFbH6.html,4,2026-10-07T08:55:09.983570+00:00,individual,"iPhone 14 Pro Max
Full box without cable
100% Waterproof, please check it yourself
100% Authentic
Deep Purple color
(Z/A) Hong Kong Variant (physical SIM use)
Battery Health 85% (original) 🔎
Storage 256GB
No scratches, looks like new🆕
Laminated
Price: 77k, Price Fixed
Face lock ✅🆗
True Tone ✅🆗
More details ⤵️

#The mobile is completely fresh, not a single scratch, nothing has been opened, everything is 100% original, you can check it yourself. I have used the mobile with great care, there is no problem at all. The mobile has the latest update installed.
The mobile is Deep Purple color, looks brand new, no issues, you will understand once you see it.
Whoever buys it will definitely be a winner.
Price Fixed

#Those who want to buy must come to the location.

#Interested buyers please inbox, others please do not disturb. Show more"
Apple iPhone 14 Pro Max 128 GB Purple,74999,Used,"Chattogram, Agrabad",29/06,https://bikroy.com/agrabad/mobile-phones/apple-iphone-14-pro-max-128-gb-purple-3NlBsx7zwrPcwxACxbXYyvJ4.html,5,2026-10-07T08:55:10.728934+00:00,individual,"Everything is fine.
Battery Health: 95%.
Nothing has been changed.
True Tone is OK.
It has been used with a lot of care, that's why the battery health is still 95%."
Apple iPhone 14 Pro Max Good (Used),90000,Used,"Chattogram, Kotwali, Chattogram",29/04,https://bikroy.com/kotwali/mobile-phones/apple-iphone-14-pro-max-good-used-6wztxBd96PpBsphryUOoF6K6.html,3,2026-10-07T08:55:11.250844+00:00,individual,"In excellent condition. Imported from Dubai Apple Store. Get 3 free covers. Nothing has been changed or repaired. Fixed price 90,000 BDT."
Nothing Phone 2a Plus 256 GB Gray,27000,Used,"Chattogram, Chandgaon",25/07,https://bikroy.com/chandgaon/mobile-phones/nothing-phone-2a-plus-256-gb-gray-kM0vxehtJVRLoUYfQOKCx7Mf.html,5,2026-10-07T08:55:11.957164+00:00,individual,"No problems at all, you can check and take it after seeing."
Nothing Phone 3a 256 GB White,35500,Used,"Chattogram, Satkania",15/08,https://bikroy.com/satkania/mobile-phones/nothing-phone-3a-256-gb-white-iF0wsGqNf6RimxNJfobATtz9.html,3,2026-10-07T08:55:12.533620+00:00,individual,"Brand new, comes with everything."
Nothing Phone 3a 128 GB Black,31000,Used,"Chattogram, Alankar",05/09,https://bikroy.com/alankar/mobile-phones/nothing-phone-3a-128-gb-black-wuVyp0c2XbnCxQS21NT9Gwqs.html,4,2026-10-07T08:55:13.017107+00:00,individual,ফুল বক্স ক্যাশ মেমো সহ। কোনবিন্দু পরিমাণ দাগ বা ফাটল নাই পুরো নতুনের মত। প্রাইজ প্রায় ফিক্সড
Nothing Phone 4a Pro 256 GB Graphite,60000,Used,"Chattogram, Chawkbazar",3 hours ago,https://bikroy.com/chawkbazar/mobile-phones/nothing-phone-4a-pro-256-gb-graphite-6ggKcyFENqXk13R43sWcpm84.html,3,2026-10-07T08:55:13.657517+00:00,individual,"Nothing 4a Pro
12/256
Few days used
Full boxed."
Nothing Phone CMF Phone 2 Pro 128 GB Green,27500,Used,"Chattogram, Patenga",24/07,https://bikroy.com/patenga/mobile-phones/nothing-phone-cmf-phone-2-pro-128-gb-green-BPOnnkYfDRtgMgFOGrCldofW.html,3,2026-10-07T08:55:14.304542+00:00,individual,"Fresh condition, box and charger are all included. Used for a very short time, inbox if you want to buy."
Nothing Phone 3a 256 GB White,37000,Used,"Chattogram, Alankar",04/08,https://bikroy.com/alankar/mobile-phones/nothing-phone-3a-256-gb-white-fLWm2T6CH8W96feo8hhkdd2z.html,3,2026-10-07T08:55:15.041260+00:00,individual,"There is not much to say if someone wants a good phone then this is the perfect place you have come the rest will be understood when you meet face to face 
 
- 100% Original
- No type of problems
- Display, Touch, Camera, Speaker, Microphone, Fingerprint 
Location: Chattogram Sagarika Road Bitak Bazar 
 Only serious buyers please contact
WhatsApp:"
New Nothing Phone 3a 256 GB Black,29500,Brand New,"Chattogram, Agrabad",23/05,https://bikroy.com/agrabad/mobile-phones/new-nothing-phone-3a-256-gb-black-dN0XrLxrlkCV7yarf0vCYCUt.html,5,2026-10-07T08:55:15.550624+00:00,individual,"Nothing Phone 3a (Black) 
8+8GB RAM 256GB ROM
Condition: Like brand new
Black
Enjoy a smooth and premium experience
Asking Price: 29,500৳ (negotiable)
Only phone available
I can provide a photocopy of my NID for security purposes; the bill and box were lost during a house move.
Exchange possible. Serious buyers only."
Apple iPhone 13 Pro 512 GB Blue,52000,Used,"Chattogram, Agrabad",24/09,https://bikroy.com/agrabad/mobile-phones/apple-iphone-13-pro-512-gb-blue-rWvIIT7ckLSZRZ5Ohddsjc4y.html,4,2026-10-07T08:55:15.867994+00:00,individual,"iPhone 13 Pro 512GB — FOR SALE
Model: iPhone 13 Pro
Storage: 512GB
iOS: 26.5.2
Battery Health: 86%
Not waterproof, but nothing has been changed
Cash Memo: Available
Mobile All OK 100%
You can come and check the phone thoroughly as you like
You can inspect everything before taking it
You must come to the location to pick up the phone
No courier/delivery
PRICE: Taka"
Nothing Phone 4a 128 GB White,42500,Used,"Chattogram, Chawkbazar",3 hours ago,https://bikroy.com/chawkbazar/mobile-phones/nothing-phone-4a-128-gb-white-7RSpRTRiw9T4Bc78usoxjTmW.html,3,2026-10-07T08:55:16.356263+00:00,individual,"Nothing phone 4a
8/128
with Box
few days used"
Nothing Phone 3a Pro 256 GB Black,48000,Used,"Chattogram, Baizid",08/07,https://bikroy.com/baizid/mobile-phones/nothing-phone-3a-pro-256-gb-black-hyjk1eftm2JW3HdAtpB5kCD3.html,3,2026-10-07T08:55:17.118775+00:00,individual,"14 day used only new mobile 
Location: polytechnical, East Delta University Pashe.
Real buyer knock 016XXXXXXXX"
Nothing Phone 3 512 GB Black,65000,Used,"Chattogram, Hathazari",12/07,https://bikroy.com/hathazari/mobile-phones/nothing-phone-3-512-gb-black-yxV5AfHeEPwHoU4xsbAO5f8Y.html,5,2026-10-07T08:55:17.547285+00:00,individual,"Only 16 days used, full fresh, I'll provide a new xundd case"
Nothing Phone 3a 256 GB White,33500,Used,"Chattogram, Satkania",21/05,https://bikroy.com/satkania/mobile-phones/nothing-phone-3a-256-gb-white-keDfTMKurYHi3VCnSmKgcAFK.html,3,2026-10-07T08:55:18.267153+00:00,individual,"Nothing Phone 3a (Global)
 4GB RAM / 256GB ROM
 Absolutely clean and fresh condition
 Global version
 Battery and performance are very good
 Camera, display, sound all perfect
 No issues, you can use it worry-free
 Perfect for those looking for a stylish and unique phone
 Inbox if interested."
Nothing Phone 2 256 GB White,32500,Used,"Chattogram, Agrabad",1 day ago,https://bikroy.com/agrabad/mobile-phones/nothing-phone-2-256-gb-white-mzZXpqGN3HnScPIdjldXPCVG.html,5,2026-10-07T08:55:18.713298+00:00,individual,"RAM: 12 GB
Storage: 256 GB
Colour: White 🤍
Display: LTPO OLED 120 Hz (6.7"")
Battery: 4700 mAh
Camera: 50 MP, 4k 60 fps supported
Processor: Snapdragon 8+ Gen 1
Android Version: 16
Fully fresh phone, laminated
Only phone will be given with cash memo
Location: Agrabad (must)
Contact no 016XXXXXXXX"
New Nothing Phone 4a Pro 128 GB Black,57999,Brand New,"Chattogram, Agrabad",5 hours ago,https://bikroy.com/agrabad/mobile-phones/new-nothing-phone-4a-pro-128-gb-black-uQKrU0mAv85lWdk9mAwsXcha.html,3,2026-10-07T08:55:19.395328+00:00,individual,"** NOTHING 4A PRO (8/128) New
Address:
Shop-537, Level-5 (4th floor of capsule lift), 
Go straight after exiting the lift to JOJOBD, 
Akhtaruzzaman Center, 
Agrabad, Chittagong."
Apple iPhone 14 Pro Max 128 GB Gray,72000,Used,"Dhaka, Basabo",11/09,https://bikroy.com/basabo/mobile-phones/apple-iphone-14-pro-max-128-gb-gray-eTaO61PpHLiVmwqh4SDVobpR.html,5,2026-10-07T08:55:20.008630+00:00,individual,"Brand- Apple 
Model- 14 pro max
What you will get with the mobile
Box, charger, 2 good quality covers
The mobile has been used with great care.
BH- 75 Original Battery 
128 GB
HKG, MAC
Nothing of the mobile has been changed
Everything is original.
The mobile must be seen by coming in person.
Dakshin Gaon Road No. 2, Basabo"
Apple iPhone 14 128 GB Blue,60000,Used,"Dhaka, Shyamoli",2 days ago,https://bikroy.com/shyamoli/mobile-phones/apple-iphone-14-128-gb-blue-k9FvJJ51PADA2j7bZnsosM9I.html,2,2026-10-07T08:55:20.614272+00:00,individual,"Phone is fresh, no issues, nothing has been changed. Battery health is 75%."
Apple iPhone 15 Pro 128 GB Blue,78000,Used,"Dhaka, Mirpur",14/09,https://bikroy.com/mirpur/mobile-phones/apple-iphone-15-pro-128-gb-blue-rnhgE48T8MKBQFwZpni1KlN7.html,5,2026-10-07T08:55:21.165816+00:00,individual,"iPhone 15 Pro (UAE Variant)
Condition: Fresh & Original
Battery Health: 82%
Waterproof (Never opened / nothing changed)
No parts changed – 100% original
Storage: 128GB
Imported from abroad, still waterproof. Selling because I will upgrade to iPhone 16. Serious buyers only, please send a message."
Nothing Phone 3 256 GB White,58990,Used,"Dhaka, Jatrabari",6 hours ago,https://bikroy.com/jatrabari/mobile-phones/nothing-phone-3-256-gb-white-C0mmvXYHqOHqUq59V6eWvGDm.html,5,2026-10-07T08:55:21.814812+00:00,individual,"Condition: Full Fresh
RAM: 12GB, ROM: 256GB
Snapdragon 8s Gen 4
Battery: 5500mAh
Cash Memo available
Price: Fixed
(Jatrabari branch is closed every Monday)
Address: Dhaka, Jatrabari, Shahid Faruk Road, Taj-Tanvir Super Market, 2nd Floor, Shop Number: 10 (MobileHub)
#Instead of falling for scams by buying cheap products to save a few bucks, purchase the right product at the right price."
Apple iPhone 14 Pro Max 256 GB Blue,73500,Used,"Dhaka, Mirpur",04/10,https://bikroy.com/mirpur/mobile-phones/apple-iphone-14-pro-max-256-gb-blue-WALJv7P55Wry5lPZ0DpQcWw.html,3,2026-10-07T08:55:22.400398+00:00,individual,"iPhone 14 Pro Max (USA)
Face ID ok
True Tone ok
BH 87%
Storage 256GB
Box + memo will be given
Nothing has been changed. Condition is fresh.
Location: Uttara Housebuilding."
Apple iPhone 14 Pro Max 256 GB Purple,77999,Refurbished,"Dhaka, Kamrangirchar",26/09,https://bikroy.com/kamrangirchar/mobile-phones/apple-iphone-14-pro-max-256-gb-purple-B7PR7v29030YWlwH3HlHeUXW.html,5,2026-10-07T08:55:22.937695+00:00,individual,"iPhone 14 Pro Max 256GB, battery health is 78, completely full fresh, no problems, nothing has been opened, box is available, charger is available, memo is available. If anyone wants to buy, you can contact this number 018XXXXXXXX"
Apple iPhone 16 Pro 256 GB Gray,98000,Used,"Dhaka, Lalbag",29/09,https://bikroy.com/lalbag/mobile-phones/apple-iphone-16-pro-256-gb-gray-kLEXl1oWK0M4uO0o8zO9Eg8R.html,3,2026-10-07T08:55:23.388131+00:00,individual,"Original Full Box Phone, never opened, nothing changed. I will provide all documents required. No dent, no single scratch, Battery health is 89%. Full fresh phone. Premium case and Screen protector will be provided"
New Nothing Phone 4a Pro 128 GB Black,56990,Brand New,"Dhaka, Mohammadpur",36 min ago,https://bikroy.com/mohammadpur/mobile-phones/new-nothing-phone-4a-pro-128-gb-black-ktgzUaIWCWLFybXJsb1eIgLz.html,3,2026-10-07T08:55:23.973917+00:00,individual,"Shop Name :Ab international 
Level -06 Shop number-(657,658)
Tokyo Square,Japan garden city, Mohammadpur
Call us for any question

👉 No more worries about buying a USED phone because we are giving 100% original and authentic phones.
👉If there is any problem within 7 days, it will be replaced (Expect display issues)
👉One year free service warranty"
Nothing Phone 3 256 GB White,58990,Used,"Dhaka, Dhanmondi",6 hours ago,https://bikroy.com/dhanmondi/mobile-phones/nothing-phone-3-256-gb-white-sAk3wfuupe2r1sPrGHHWgofO.html,3,2026-10-07T08:55:24.515036+00:00,individual,"Condition: Fresh
RAM: 12GB ROM: 256GB
Super Amoled Display Fingerprint
Snapdragon 8s Gen 4
Camera Like DSLR
Cash Memo
Price: Fixed
(Jatrabari weekly closed on Monday)
Address: Dhaka Jatrabari, Shahid Faruk Road, Taj-Tanvir Super Market, 2nd Floor, Shop Number: 10 (MobileHub)"
Apple iPhone 13 Pro Max 512 GB Gold,65000,Used,"Dhaka, Jatrabari",11/09,https://bikroy.com/jatrabari/mobile-phones/apple-iphone-13-pro-max-512-gb-gold-BjoaJF5XMlVWpnr6oOWxcvi4.html,3,2026-10-07T08:55:24.973266+00:00,individual,"Phone has never been opened, completely waterproof, nothing has been changed, full fresh condition.
No display issue, latest update given, using for 2 years, using for 2 years.
Still looks like an absolutely brand new phone.
Box will be found with it. Brought from USA."
Google Pixel 9 Pro XL 256 GB Gray,68000,Used,"Dhaka, Bangshal",2 days ago,https://bikroy.com/bangshal/mobile-phones/google-pixel-9-pro-xl-256-gb-gray-pIuKT77u30RDBQ6IZa1kAB6E.html,5,2026-10-07T08:55:25.643947+00:00,individual,"Looks like new. You will not find any kind of problem. Everything is original. No issues... selling just because I want to upgrade. You can check it thoroughly for as long as you want. Only mobile and security items will be given as requested. Nothing else including box, cable, or charger will be provided."
Apple iPhone 13 Pro Max 256 GB Bronze,57000,Used,"Dhaka, Mirpur",27/09,https://bikroy.com/mirpur/mobile-phones/apple-iphone-13-pro-max-256-gb-bronze-kmSnhaBgDK2eBXmkh2PxUKd8.html,4,2026-10-07T08:55:26.371540+00:00,individual,"256
Battery Health 75%
Everything in the phone is original, nothing has been changed, comes with box and charger 
Location Mirpur 13"
Nothing Phone 3 512 GB White,58000,Used,"Dhaka, Baridhara",6 hours ago,https://bikroy.com/baridhara/mobile-phones/nothing-phone-3-512-gb-white-sO7lGwfpb7nF2hjcQGoOXcL.html,4,2026-10-07T08:55:27.079438+00:00,individual,"Nothing 3
Full fresh condition 
only device"
Nothing Phone 4a Pro 256 GB Silver,58000,Used,"Dhaka, Savar",6 hours ago,https://bikroy.com/savar/mobile-phones/nothing-phone-4a-pro-256-gb-silver-rmUhiwYH5LofThyui6RIgSsR.html,5,2026-10-07T08:55:27.746161+00:00,individual,"Nothing 4A Pro | 8GB RAM + 256GB 
Premium Used Phone now at an attractive Offer Price! Smooth performance, stylish design, fresh condition 
 Muthophone Accessories. 2 E-195A, Level-5 (Lift-4), Sena Shopping Complex, Nabinagar, Savar, Dhaka
 Limited Stock | Order Now!
 
Facebook: MUTHOPHONE ACCESSORIES 2"
Nothing Phone 2a 128 GB White,25999,Used,"Dhaka, Jatrabari",6 hours ago,https://bikroy.com/jatrabari/mobile-phones/nothing-phone-2a-128-gb-white-aM2KLdGLDp9EDb3bQ4GY13L8.html,3,2026-10-07T08:55:28.505026+00:00,individual,"Jatrabari, Idris super market 
shop no 63"
Nothing Phone 2a 256 GB Black,27500,Used,"Dhaka, Jamuna Future Park",6 hours ago,https://bikroy.com/jamuna-future-park/mobile-phones/nothing-phone-2a-256-gb-black-a6Jqyq5jQNix6XNM645jgbfc.html,5,2026-10-07T08:55:29.118699+00:00,individual,"notging 2a 8/256gb all ok
super fresh condition available

🏃 আমাদের দোকান এ ভিজিট করুন 

 📍 Address :

     "" Appelink ""
     Shop No: 4C-021C1
       Block- C, Level- 4 
     Jamuna Future Park
(Samung customer care er pase
⏰Business Hour: 11:00AM-8:00PM
Whatsup number 016XXXXXXXX"
Nothing Phone 2a 128 GB White,25000,Used,"Dhaka, Uttara",17/09,https://bikroy.com/uttara/mobile-phones/nothing-phone-2a-128-gb-white-8CQ00q4tUnds4ZrbnEZ2NVQe.html,5,2026-10-07T08:55:29.841285+00:00,individual,"There are no problems with the phone, you can check everything before buying. I am selling it because of low storage, otherwise I wouldn't have sold it. Those who want to buy the phone must come and collect it."
Nothing Phone 3a Lite 256 GB Blue,29990,Used,"Dhaka, Rampura",3 hours ago,https://bikroy.com/rampura/mobile-phones/nothing-phone-3a-lite-256-gb-blue-2WqjIYecNl7sLTNNx62mrbHn.html,4,2026-10-07T08:55:30.454549+00:00,individual,"Nothing 3a Lite  8+256GB As Like New
Only device and cash memo 
More information call 
Address: Molla Tower Shopping complex, Rampura, Dhaka. 
Opposite BTV centar 
3rd floor, shop no-406"
Nothing Phone 3a 128 GB White,33500,Used,"Dhaka, Rampura",02/10,https://bikroy.com/rampura/mobile-phones/nothing-phone-3a-128-gb-white-3OFPD34UoYe8NkOnTVU8pcWc.html,5,2026-10-07T08:55:31.173439+00:00,individual,"Full fresh condition, no scratch full fresh like new"
Nothing Phone 3a Lite 256 GB White,32500,Used,"Dhaka, Dhanmondi",6 hours ago,https://bikroy.com/dhanmondi/mobile-phones/nothing-phone-3a-lite-256-gb-white-8oRRaGzAtl88LE1tmjvPN9vO.html,3,2026-10-07T08:55:31.759360+00:00,individual,"""Welcome to ""Al Aqsa Mobile"" 
 Reach us___________________ 
 *Al Aqsa Mobile*
 Shop No-449 ,Lift -3, Orchard Point, Dhanmondi 7, Dhaka-1209
 Model : 3a lite
 RAM : 8 
 ROM : 256
 Price Fixed"
New Nothing Phone 3a 256 GB White,30500,Brand New,"Dhaka, Jatrabari",26/09,https://bikroy.com/jatrabari/mobile-phones/new-nothing-phone-3a-256-gb-white-eJwuDpesSE2GEDWBrwK9ZEWO.html,5,2026-10-07T08:55:32.093916+00:00,individual,"Only phone, no box and charger with the phone. I can provide NID as security."
Nothing Phone 3a Pro 256 GB Black,38500,Used,"Dhaka, Jatrabari",6 hours ago,https://bikroy.com/jatrabari/mobile-phones/nothing-phone-3a-pro-256-gb-black-tVwi3Yk0uYUSyZrUS1SZXcaA.html,4,2026-10-07T08:55:32.500152+00:00,individual,"আসসালামু আলাইকুম
Wellcome to Gadget Exchange BD
 
With cash memo
 7 Day's Replacement
 1 Year's service warranty without Parts
 Gadget Exchange BD 
দোকান নং,৬৭ (৩য় তলা)
বিক্রমপুর প্লাজা, জুরাইন রেলগেট ঢাকা-১২০৪"
Nothing Phone 3a 128 GB Blue,32000,Used,"Dhaka, Badda",28/09,https://bikroy.com/badda/mobile-phones/nothing-phone-3a-128-gb-blue-5bEfKBlKWZyiccHYdxkIV03T.html,5,2026-10-07T08:55:33.015188+00:00,individual,"Nothing 3a
8/128
Completely fresh
Comes with original box
and will provide charger adapter
Cash memo available
Not even 1 year old
Price almost fixed
You can check and take it
No problems"
Nothing Phone 3a Lite 128 GB Blue,29000,Used,"Dhaka, Khilgaon",3 hours ago,https://bikroy.com/khilgaon/mobile-phones/nothing-phone-3a-lite-128-gb-blue-mLTecJFqW9X8gcV1RdNRPm5w.html,4,2026-10-07T08:55:33.731534+00:00,individual,"Nothing 3a lite
8 GB 128 GB
Dimensity 7300
5000mAh Battery
Only Device
Full fresh condition"
Nothing Phone CMF Phone 2 Pro 256 GB,27000,Used,"Dhaka, Khilgaon",3 hours ago,https://bikroy.com/khilgaon/mobile-phones/nothing-phone-cmf-phone-2-pro-256-gb-tQsLUV1i6aU3vc6uIHRrtAnJ.html,3,2026-10-07T08:55:34.355432+00:00,individual,"CMF phone 2 pro
8/ 128 GB
Only Device full fresh
27,000
8/256 GB
Only Device full fresh
30,000"
Nothing Phone 4a Pro 256 GB Black,54999,Used,"Dhaka, Badda",6 hours ago,https://bikroy.com/badda/mobile-phones/nothing-phone-4a-pro-256-gb-black-hSQ6jtiBfkmE2M9ylZMxwClh.html,3,2026-10-07T08:55:35.164001+00:00,individual,"💥💥Prices are fixed💥💥
Processor : Snapdragon 7 gen 4
Ram: 12 GB
Display: 6.83"" Amoled 144hz
Camera: Back-50+50+8\Front-32 MP
Battery: 7400 mah
Device with Cash Memo.
৭ দিনের রিপ্লেসমেন্ট ও ১ বছরের ফ্রী সার্ভিস পাবেন।আপনার পুরাতন মোবাইল আমাদের সাথে Exchange করতে পারেন।
সাপ্তাহিক বন্ধ:বুধবার।"
Nothing Phone 4a 256 GB Black,49999,Used,"Dhaka, Jatrabari",3 hours ago,https://bikroy.com/jatrabari/mobile-phones/nothing-phone-4a-256-gb-black-4W6smJUi60e8v3GdezaspbQj.html,3,2026-10-07T08:55:35.705528+00:00,individual,"Nothing 4a.
Ram - 12 gb.
Rom - 256 gb.
Full box."
New Nothing Phone 3a Pro 256 GB Black,40000,Brand New,"Dhaka, Mirpur",08/09,https://bikroy.com/mirpur/mobile-phones/new-nothing-phone-3a-pro-256-gb-black-GACIqZPVi5YNjgFhyVnTo8c.html,3,2026-10-07T08:55:36.496265+00:00,individual,নিতে চাইলে যোগাযোগ 017XXXXXXXX
OnePlus 12 /256 (Used),42999,Used,Rajshahi,6 hours ago,https://bikroy.com/rajshahi/mobile-phones/oneplus-12-256-used-bxePyFSvvMHrpbhRdjPDqfnq.html,3,2026-10-07T08:55:36.789418+00:00,individual,"Oneplus 12

16/ 256

Super condition 🔥🔥

7days replacement guarantee ✅ 
1year service waranty ✅ 

#exchange possible ✅

Our Address :
Smart Choice , Shop No. 211, 
City center , Beside of Rajshahi College , Sonadigir mor Rajshahi

Call for any details:"
OnePlus 12R 256 GB Black,33000,Used,"Rajshahi, Paba",01/08,https://bikroy.com/paba/mobile-phones/oneplus-12r-256-gb-black-wZ0bdwC5lJBly9TlpR5JBylJ.html,3,2026-10-07T08:55:37.305509+00:00,individual,"There is not even a slight problem, lamination is applied on the front and back. Price negotiation is not allowed at all."
OnePlus Nord 5 256 GB Purple,35000,Used,"Rajshahi, Kazla",20/09,https://bikroy.com/kazla/mobile-phones/oneplus-nord-5-256-gb-purple-a2K8j7lyIWvwID16ioRTlTmQ.html,4,2026-10-07T08:55:37.675521+00:00,individual,"OnePlus Nord 5\nIndian global (8/256)\nAll original all ok\nAmazing camera, you can check out my profile\nAwesome UI\nGreat battery backup, lasts 2 days with normal use. Heavy multitasking and gaming easily cover 8/9 hours.\nCondition looks like new"
OnePlus 11 512 GB Black,35000,Refurbished,"Rajshahi, Boalia",13/08,https://bikroy.com/boalia/mobile-phones/oneplus-11-512-gb-black-8Fk5EfkhQkYXnUDV0VrhMtHc.html,5,2026-10-07T08:55:38.319904+00:00,individual,"Call only Wp & number aptX HD, Bluetooth 5.3, A2DP, LE, Corning Gorilla Glass Victus, Fingerprint, IP64 dust/water resistant, Stereo Speakers, USB Type-C 2.0, OTG"
New OnePlus Ace 2 256 GB Silver,30000,Brand New,"Rajshahi, Rajpara",03/07,https://bikroy.com/rajpara/mobile-phones/new-oneplus-ace-2-256-gb-silver-fkj6kLkcSrmn5FAeEpnjh37i.html,5,2026-10-07T08:55:39.044813+00:00,individual,"OnePlus
Model: Ace 2
RAM: 12/256
Full fresh new condition"
OnePlus 12 256 GB Silver,47500,Used,"Rajshahi, Paba",03/10,https://bikroy.com/paba/mobile-phones/oneplus-12-256-gb-silver-ui3coYPK4n2lgwcXm9GxU1gV.html,5,2026-10-07T08:55:39.562281+00:00,individual,"100 Fresh Condition 
No Scratch 
95 Battery Health 
12/256
Activation Date March 2025 
Used by one hand 
There is hardly any OnePlus 12 used for such a short time, all are active in 2024 
Location Rajshahi Airport"
OnePlus 13s 256 GB Black,55000,Used,Rajshahi,6 hours ago,https://bikroy.com/rajshahi/mobile-phones/oneplus-13s-256-gb-black-Cbyscqr0tybDLDa2KA9rdghr.html,2,2026-10-07T08:55:39.829866+00:00,individual,"OnePlus 13s
12 256
Super condition 
7 days replacement guarantee  
1 year service waranty  
#exchange possible 
Our Address :
Smart Choice , Shop No. 211 , 
City center , Beside of Rajshahi College , Sonadigir mor Rajshahi
Call for any details"
OnePlus 12R 256 GB Black,34500,Used,"Rajshahi, Shaheb Bazar",09/09,https://bikroy.com/shaheb-bazar/mobile-phones/oneplus-12r-256-gb-black-BE8PUoVVWBuSZW21wjeMA2zz.html,3,2026-10-07T08:55:40.293496+00:00,individual,"Oneplus 12R 
Ram 16 
Room 256
Battery health 92%
Locetion Rajshahi
Indean phone"
OnePlus 13R 256 GB Black,43000,Used,"Rajshahi, Paba",12/09,https://bikroy.com/paba/mobile-phones/oneplus-13r-256-gb-black-BN1F0ojZujVJOr3INkZMR7NM.html,5,2026-10-07T08:55:40.796654+00:00,individual,"OnePlus 13R 12/256
Full fresh condition
Battery health 100%
(Only phone)
(Price fixed)"
OnePlus 11R 256 GB Black,28000,Used,"Rajshahi, Shaheb Bazar",6 hours ago,https://bikroy.com/shaheb-bazar/mobile-phones/oneplus-11r-256-gb-black-uqi8zxOGRdcfOQPsexSgHj7N.html,3,2026-10-07T08:55:41.550311+00:00,individual,"Oneplus 11r
16 / 256 
Super condition 
7 days replacement guarantee  
1 year service waranty  
#exchange possible 
Our Address :
Smart Choice , Shop No. 211 , 
City center , Beside of Rajshahi College , Sonadigir mor Rajshahi
Call for any details:"
OnePlus Nord 3 128 GB,22000,Used,"Rajshahi, Mohanpur",1 day ago,https://bikroy.com/mohanpur/mobile-phones/oneplus-nord-3-128-gb-5wGaAhePctQYuAZzjafIVtsd.html,5,2026-10-07T08:55:42.234349+00:00,individual,"There are no problems with the phone, you can check it as much as you like at home, just a slight scratch, 90% fresh, you will only get the phone and as security a photocopy of the NID card."
OnePlus 12R 128 GB Gray,27000,Used,"Rajshahi, Rajpara",23/09,https://bikroy.com/rajpara/mobile-phones/oneplus-12r-128-gb-gray-eO8ksh2fNfb2VU61ZQU0Ctb0.html,3,2026-10-07T08:55:42.739488+00:00,individual,"OnePlus 12 r
 RAM/ROM: 8GB + 128 GB (battery health 90)
 Variant: Indian, bought from Chapai
Condition: Full Fresh 100%
Only Phone (no box/charger)
Price . Asking price 

 Location: Rajshahi

Security ID card will be provided."
OnePlus 11 256 GB Black,26500,Used,"Rajshahi, Ramchandrapur",20 hours ago,https://bikroy.com/ramchandrapur/mobile-phones/oneplus-11-256-gb-black-jHTsfv7SJqekTZRbKnrp9GzC.html,5,2026-10-07T08:55:43.459621+00:00,individual,"Full fresh condition phone. Just one green line, otherwise fully ok, will sell it because I am going to buy a new phone and I need money."
OnePlus 11R 256 GB Blue,22000,Used,"Rajshahi, Court Station",26/09,https://bikroy.com/court-station/mobile-phones/oneplus-11r-256-gb-blue-x6kQiuJH1fe2oz8zQMD7R8S0.html,5,2026-10-07T08:55:44.072165+00:00,individual,"OnePlus 11R. The phone is in absolute new condition, you can check and take it, there are no problems with the phone"
OnePlus 12R 128 GB Black,28000,Used,"Rajshahi, Boalia",27/09,https://bikroy.com/boalia/mobile-phones/oneplus-12r-128-gb-black-oAfMAc5XGKQupykyqck8csLO.html,5,2026-10-07T08:55:44.685804+00:00,individual,There is no kind of problem at all. It didn't even need to be repaired once. Self-used phone. There is no kind of problem.
OnePlus 12R 128 GB Blue,25000,Used,Rajshahi,26/09,https://bikroy.com/rajshahi/mobile-phones/oneplus-12r-128-gb-blue-l0rniwPhO0uh6LlsXsu4DH2V.html,3,2026-10-07T08:55:45.403790+00:00,individual,"8/128 device
Oled Display changed 
Ekdom superrr display 90hz Original bazel  
5500mah battery"
OnePlus 11R 256 GB Silver,26500,Used,"Rajshahi, Shaheb Bazar",29/09,https://bikroy.com/shaheb-bazar/mobile-phones/oneplus-11r-256-gb-silver-l1K1Rj2ncA8GGnKOQd3igmNQ.html,3,2026-10-07T08:55:46.119386+00:00,individual,"No problems at all, completely fresh, no scratches, silver color, exchange or sale"
OnePlus 11R 128 GB Silver,26000,Used,"Rajshahi, Shaheb Bazar",28/09,https://bikroy.com/shaheb-bazar/mobile-phones/oneplus-11r-128-gb-silver-rpHZbDUtvc2sHXpAjgAxnNGl.html,5,2026-10-07T08:55:46.827035+00:00,individual,"OnePlus 11R 
RAM 8 GB, ROM 128 GB
Fully fresh body just like new... 
No scratches 
Urgent money needed
There are no issues with the phone"
OnePlus 11R 256 GB Silver,24000,Used,"Rajshahi, Vodra",23/09,https://bikroy.com/vodra/mobile-phones/oneplus-11r-256-gb-silver-zQ8B5qdbkAu8tMRm5uKKZchi.html,5,2026-10-07T08:55:47.454662+00:00,individual,No repair history... 100-watt charger included. Battery health 86%.
OnePlus Nord 4 256 GB,24000,Used,"Rajshahi, Paba",16/09,https://bikroy.com/paba/mobile-phones/oneplus-nord-4-256-gb-tYcf2VLscVcevb4GKASWCr3O.html,4,2026-10-07T08:55:47.845017+00:00,individual,"Emergency Sell Post
OnePlus Nord 4
8/256 UFS 4.0 
Snapdragon 7 Plus Gen 3 (Gaming Phone) 
5500 mAh Battery
Full fresh condition
Price: 23500 Tk (Almost Fixed) 
Those whose budget is below 20 please skip! 
Location: Rajshahi, Katakhali (Must come to the location)"
OnePlus 11R 256 GB Black,26500,Used,"Rajshahi, Nawdapara",25/09,https://bikroy.com/nawdapara/mobile-phones/oneplus-11r-256-gb-black-5ICpR7J6AEA34XHsFlI0HN2q.html,4,2026-10-07T08:55:48.125423+00:00,individual,"I'm selling it to buy an iPhone.
There is no problem with the phone. 
Full fresh condition"
OnePlus 11 256 GB Graphite,25000,Used,"Rajshahi, Shaheb Bazar",2 days ago,https://bikroy.com/shaheb-bazar/mobile-phones/oneplus-11-256-gb-graphite-pGOGaGRMCXMwPHLQ9NKQ3vDT.html,4,2026-10-07T08:55:48.884472+00:00,individual,Besically it has green line issue and a little bit backglass damage but at exchange possible with s22 ultra or s23 i'll add a good amount of money that will cover your backglass and original display or if you want i'll change and give it to you otherthan that it is so good phone just wow camera and 8 gen 2 performance plese don't offer tereble pric
OnePlus 11R 256 GB Blue,24500,Used,"Rajshahi, Godagari",08/09,https://bikroy.com/godagari/mobile-phones/oneplus-11r-256-gb-blue-u3gjNTPKjtBe0fd2HhS6Bup1.html,5,2026-10-07T08:55:49.517535+00:00,individual,"16GB ram 
256 GB ROM 
50 MP, f/1.8, 24mm (wide), 1/1.56"", 1.0μm, multi-directional PDAF, OIS
8 MP, f/2.2, 120 ̊ (ultrawide), 1/4.0"", 1.12μm
2 MP (macro)
Features	Color spectrum sensor, LED flash, HDR, panorama
Video	4K/60fps, 1080p/60/240fps, gyro-EIS
120Hz, HDR10+, 1450 nits (peak)
Size	6.74 inches,
Resolution	1240 x 2772 (~451"
OnePlus 13 256 GB Blue,68000,Used,"Chattogram, Oxygen",07/08,https://bikroy.com/oxygen/mobile-phones/oneplus-13-256-gb-blue-uhu1Fn06okWg0bVnRFCoGvLd.html,5,2026-10-07T08:55:50.153667+00:00,individual,"OnePlus 13 (Global Version)
Used: 8 Months
Condition: Excellent (One-Hand Use)
Battery Health: 97%
No Damage / No Issues
Overall Condition: 10/10 – Everything perfectly
What's Included:
Full Box
Original Charger
2 Mobile Covers (Free)"
OnePlus 15 512 GB Black,97000,Used,"Chattogram, Kotwali, Chattogram",30/08,https://bikroy.com/kotwali/mobile-phones/oneplus-15-512-gb-black-s3XwSdMjMJfYUDxWtmkLm89d.html,5,2026-10-07T08:55:50.871323+00:00,individual,"Ekdom fresh, 6month used, official warranty,  24-02-2027 porjonto official warranty active thakbe with charging adaptor include in same official warranty 🙂
Kohinoor city One pluser official outlet theke buy kora hoyechilo

Brand	:OnePlus
Model	15 (16GB/512GB)"
OnePlus 13s 256 GB Green,65000,Used,"Chattogram, Halishahar",27/07,https://bikroy.com/halishahar/mobile-phones/oneplus-13s-256-gb-green-6i0VeIAFvsdsvUsIkzYw1mFA.html,3,2026-10-07T08:55:51.608770+00:00,individual,"12/256, brand new condition. 100% Battery Health."
OnePlus 15 256 GB White,88000,Used,"Chattogram, Chawkbazar",2 hours ago,https://bikroy.com/chawkbazar/mobile-phones/oneplus-15-256-gb-white-pl1reY905NpdBohOQb1qvLIh.html,3,2026-10-07T08:55:52.110314+00:00,individual,"Oneplus 15
12/256
Full Boxed
with Charger"
New OnePlus 15 256 GB Black,80000,Brand New,"Chattogram, Chandanaish",02/09,https://bikroy.com/chandanaish/mobile-phones/new-oneplus-15-256-gb-black-rn0AHzpB07ct2YjotNlp0OzO.html,3,2026-10-07T08:55:52.876666+00:00,individual,Get a brand new device complete with its full box and charger! Experience like-new longevity with a battery cycle count of only 22 times.
New OnePlus Nord 6 512 GB Black,70000,Brand New,"Chattogram, Chawkbazar",3 hours ago,https://bikroy.com/chawkbazar/mobile-phones/new-oneplus-nord-6-512-gb-black-rOv3lyxvBHhlLyKlP6ooyNAt.html,3,2026-10-07T08:55:53.174661+00:00,individual,"OnePlus Nord 6
12/512GB
It's new and sealed pack."
OnePlus 9R 256 GB,25000,Used,"Chattogram, Satkania",24/09,https://bikroy.com/satkania/mobile-phones/oneplus-9r-256-gb-iziuG3ZwPIU5dupKy0mm9uJp.html,4,2026-10-07T08:55:53.798764+00:00,individual,"Only the display needs to be changed, everything else is fine.
You can check everything as you wish, original charger is available, fresh condition box cash memo all are available."
OnePlus 10R 128 GB Green,25000,Used,"Chattogram, Lalkhan Bazar",26/09,https://bikroy.com/lalkhan-bazar/mobile-phones/oneplus-10r-128-gb-green-z34ovewH4jlnFItkABWhQDyg.html,4,2026-10-07T08:55:54.415374+00:00,individual,Box and charger will be provided
OnePlus 11R 256 GB Black,28500,Used,"Chattogram, Hathazari",27/09,https://bikroy.com/hathazari/mobile-phones/oneplus-11r-256-gb-black-B42dlC7yKfuyBtPGcsBRLkTX.html,5,2026-10-07T08:55:55.035373+00:00,individual,Oneplus 11R 5G set full fresh and all ok ram16gb rom256gb camera50+8+2+16 Battery 5000mah good backup and fast display fingerprint powerful processor Snapdragon 8+ Gen 1 (4 nm Refresh Rate 120Hz full gameing phone সেটের সাথে কিছু নেই কিন্তু ১০০০% সিকিউরিটি দেওয়া যাবে আর চাইলে আমার বাসা থেকে নিয়ে যেতে পারবেন আর সেট এখনো কোলাপিটিন হয়নি inbox me
OnePlus Nord CE4 128 GB Graphite,22000,Used,"Chattogram, New Market, Chattogram",2 days ago,https://bikroy.com/new-market/mobile-phones/oneplus-nord-ce4-128-gb-graphite-gpEbLA7OBua2IUUjhpeDTuqo.html,5,2026-10-07T08:55:55.537513+00:00,individual,"Single-hand used phone, powered by the ultimate Snapdragon 7 Gen 3 processor which is amazing for gaming, and huge battery backup. OnePlus original charger will be provided along with it. No box, mainly imported from India. Finally, if anyone wants to buy, please message or call, and as security, NID card and all other documents can be provided..."
OnePlus 12 R Indian version (Used),31500,Used,"Chattogram, Chawkbazar",22/04,https://bikroy.com/chawkbazar/mobile-phones/oneplus-12-r-indian-version-used-f0lUDg20BYWtIc9Ot6HPDNGj.html,5,2026-10-07T08:55:56.176674+00:00,individual,"ONEPLUS 12R 16/256 GB BH 94%
CONDITION 98% FRESH 
EXCHANGE POSSIBLE BUT GAMING PHONE 8GEN 3 CHIPSET MUST BE ,, 
ADD ONLY 100W CHARGER 
Price almost fixed, 
There is no problem with the mobile. I want to buy a gaming phone like - iqoo 12 or 13
-"
New OnePlus 128 GB Black,41000,Brand New,"Chattogram, Chawkbazar",2 hours ago,https://bikroy.com/chawkbazar/mobile-phones/new-oneplus-128-gb-black-e0B33vLLj5Ngrys7ozNScU7f.html,3,2026-10-07T08:55:56.703310+00:00,individual,"OnePlus Nord CE6
8/128
Brand New"
OnePlus Nord CE5 128 GB Black,28000,Used,"Chattogram, Karnafuly",22 hours ago,https://bikroy.com/karnafuly/mobile-phones/oneplus-nord-ce5-128-gb-black-coSoLE24CyYcf8JLaNM01fdG.html,5,2026-10-07T08:55:57.300899+00:00,individual,"All ok 
Like new
Set+cash memo"
OnePlus 11 256 GB Silver,29000,Used,"Chattogram, Oxygen",2 days ago,https://bikroy.com/oxygen/mobile-phones/oneplus-11-256-gb-silver-lNI4OKczITamTNzJIjHXdCt.html,5,2026-10-07T08:55:58.101130+00:00,individual,Oneplus 11 16/256 condition absolute new. Just took it out from the market myself. Cash memo is available
OnePlus 9RT 5G 128 GB Black,29000,Used,"Chattogram, Halishahar",19/09,https://bikroy.com/halishahar/mobile-phones/oneplus-9rt-5g-128-gb-black-fcM7T66Ck59S9ikJ8AtfeMTf.html,4,2026-10-07T08:55:58.497825+00:00,individual,"1. You can check the mobile thoroughly before purchasing.
2. The power button and volume buttons of the mobile work a bit less.
3. Both the box and charger of the mobile are available.
4. It has been used for 1.5 years.
5. You must come to the location.
Location - Eidgah kancha rasta, Rupsa bakery."
OnePlus 12 256 GB Green,43999,Used,"Chattogram, Alankar",02/10,https://bikroy.com/alankar/mobile-phones/oneplus-12-256-gb-green-8CIHC9lUaktiNLXIeOfH3blh.html,5,2026-10-07T08:55:59.214616+00:00,individual,"OnePlus 12 for sale. Good overall condition and everything works perfectly. Display has some visible burn-in. Excellent performance, camera, and battery. Serious buyers only. Price slightly negotiable."
OnePlus 11 256 GB,34000,Used,"Chattogram, Lohagara",14/09,https://bikroy.com/lohagara/mobile-phones/oneplus-11-256-gb-1114NcoHB5MSnn03ZRt52YN9.html,3,2026-10-07T08:55:59.852392+00:00,individual,Oneplus 11
OnePlus 256 GB Gray,36000,Used,"Chattogram, Oxygen",12/09,https://bikroy.com/oxygen/mobile-phones/oneplus-256-gb-gray-eAAzpFBYbqdn6kTx1LQzeR4.html,5,2026-10-07T08:56:00.287898+00:00,individual,"OnePlus Nord 5 (8/256)... full fresh... No dents, spots & problems... full body laminated... you can check and take... brought from India... used for about 6 months..."
OnePlus 10R 128 GB Black,21000,Used,"Chattogram, Agrabad",3 hours ago,https://bikroy.com/agrabad/mobile-phones/oneplus-10r-128-gb-black-hly0Kltnth5XkyXPdxEvwGrX.html,3,2026-10-07T08:56:00.837493+00:00,individual,"Set in fully fresh condition
200% OK
All parts 100% original
RAM 8+128
With original charger
The performance of the set is very good"
OnePlus 12 512 GB,55000,Used,"Chattogram, Patenga",23/09,https://bikroy.com/patenga/mobile-phones/oneplus-12-512-gb-nhKNdGGQbBfWCnAxOFugpk0L.html,3,2026-10-07T08:56:01.531485+00:00,individual,"Battery Health 97%,,
Case Mamo + Life time Display Service Warranty,
With Charger,,"
OnePlus 13 256 GB Blue,65000,Used,"Dhaka, Baridhara",6 hours ago,https://bikroy.com/baridhara/mobile-phones/oneplus-13-256-gb-blue-ilF1J1zaBR0OTUegsYfij9VN.html,5,2026-10-07T08:56:02.195923+00:00,individual,"One plus 13
only device
full fresh condition"
OnePlus Nord 6 256 GB Black,52490,Used,"Dhaka, Shyamoli",3 hours ago,https://bikroy.com/shyamoli/mobile-phones/oneplus-nord-6-256-gb-black-glOLKjl7mRJM4jfhOiQ07eDf.html,5,2026-10-07T08:56:02.505141+00:00,business,"#OnePlus_Nord_6 8/256

100% | Charging Cycle: 08
Condition: Full Box | Intact conditions
Indian Official Warranty Available

⸻
EXCHANGE AVAILABLE
100% Authentic Product
⸻
EMI Facility (Available on cards from 36 banks)
⸻
Cash On Delivery Nationwide
⸻
Shop Location:
Phone-e
Shop No: 573, Level-5
Shyamoli Square Shopping Mall, Dhaka"
OnePlus 13 512 GB Blue,66999,Used,"Dhaka, Dhanmondi",3 hours ago,https://bikroy.com/dhanmondi/mobile-phones/oneplus-13-512-gb-blue-5Zdf1fmIuWPzQk10vYQSBip6.html,4,2026-10-07T08:56:03.219623+00:00,individual,"OnePlus 13 16+512gb Global Authentic
Fresh condition with money receipt
No any repair history
No any scratch or dent
Camera & battery backup so Good
Warranty policy:-
We will provide 10 day's replacement & 2 years service (without parts)
Address:- 3rd floor, shop No-411, Orchard point shopping complex, Dhanmondi 7"
New OnePlus 15 512 GB Black,84000,Brand New,"Dhaka, Mirpur",1 hour ago,https://bikroy.com/mirpur/mobile-phones/new-oneplus-15-512-gb-black-jYA6lTvBazRI1MaHxwA23pm4.html,5,2026-10-07T08:56:03.857411+00:00,individual,"Oneplus 15 (16/512) Global, this is a North American variant. The phone is 100% authentic and completely fresh, with no scratches or dents, total brand new condition. Money back guarantee will be provided for as much as you want and up to 24 hours after purchase. Charging cycle 59 times and battery health 100%. What you will get with it: Cash memo, phone, cover, and 80W SuperVOOC original charger. (No box)"
OnePlus 15R 256 GB Green,54990,Used,"Dhaka, Badda",5 hours ago,https://bikroy.com/badda/mobile-phones/oneplus-15r-256-gb-green-1sgx7wOWB0T5e76326x1y3Il.html,3,2026-10-07T08:56:04.374741+00:00,individual,"Price fixed
Processor : Snapdragon 8 gen 5 5g
Ram: 12 GB
Display: 6.8"" AMOLED 165hz
Camera: Back-50+8\Front-32 MP
Device with Cash Memo.
You will get a 7-day replacement and 1 year of free service. You can exchange your old mobile with us.
Weekly holiday: Wednesday."
OnePlus 12 256 GB Black,48500,Used,"Dhaka, Jamuna Future Park",3 hours ago,https://bikroy.com/jamuna-future-park/mobile-phones/oneplus-12-256-gb-black-z3Wq34Es9R50poqghIX90mnm.html,3,2026-10-07T08:56:04.968975+00:00,individual,"Oneplus 12
12GB 256GB
Few Month used
Price: Tk
 Paramount Gadget
Jamuna Future Park Shopping Mall
Level 4, Shop No: 006C
Near Lift 7 (Nokia   

#oneplus
#oneplus12"
OnePlus 15 256 GB Black,82990,Used,"Dhaka, Shyamoli",3 hours ago,https://bikroy.com/shyamoli/mobile-phones/oneplus-15-256-gb-black-gbk2XF8YvCtEyqOhu6u4ShMY.html,3,2026-10-07T08:56:05.398769+00:00,business,"OnePlus 15 12/256 
 99% Customised Global 
 Condition: Full Box | Intact Conditions
  EXCHANGE POSSIBLE
 100% Authentic Product
 EMI Facility (on cards of 36 banks)
 Cash On Delivery Nationwide
⸻
 Shop Location:
Phone-e
Shop No: 573, Level-5
Shyamoli Square Shopping Mall, Dhaka"
New OnePlus 256 GB,62999,Brand New,"Dhaka, Bashundhara City",6 hours ago,https://bikroy.com/bashundhara-city/mobile-phones/new-oneplus-256-gb-ppsVFtWgCSk3YKQt0BV1LjAo.html,2,2026-10-07T08:56:06.190418+00:00,individual,"10-day replacement guarantee
 2-year service warranty
 Fast and secure courier service across the country
 Attractive exchange offers available
 Emon Gadget Point
Basement-1, Shop-84
Bashundhara City Shopping Mall"
OnePlus 256 GB Silver,54999,Used,"Dhaka, Jatrabari",3 hours ago,https://bikroy.com/jatrabari/mobile-phones/oneplus-256-gb-silver-tQ9iYhO9NGmifpIZsP91c99M.html,5,2026-10-07T08:56:06.611811+00:00,individual,"Oneplus Ace 6.
Ram - 12 gb.
Rom - 256 gb.
Bh - 100%.
Full box."
OnePlus 13 512 GB Blue,64990,Used,"Dhaka, Jatrabari",6 hours ago,https://bikroy.com/jatrabari/mobile-phones/oneplus-13-512-gb-blue-kqjnpqJoQ0nhHOwZ30nFBmlg.html,3,2026-10-07T08:56:07.414291+00:00,individual,"Condition: Fresh
RAM: 16GB ROM: 256GB
Battery: 99%
120x Zoom
4K 60 FPS All Camera
Cash Memo
Price: Fixed
(Jatrabari Our Weekly Holiday Monday)
Address: Dhaka Jatrabari, Shahid Faruk Road, Taj-Tanvir Super Market, 2nd Floor, Shop Number: 10 (MobileHub)
#Buy the right product at the right price instead of getting cheated by buying cheap products to save some money"
OnePlus 12 512 GB Black,50000,Used,"Dhaka, Baridhara DOHS",1 day ago,https://bikroy.com/baridhara-dohs/mobile-phones/oneplus-12-512-gb-black-mm7hGTebuPzfr5xeegM0KrG2.html,5,2026-10-07T08:56:07.988253+00:00,individual,"Brand new fresh 4 manth usd 
improted chayna.
& no excheng 
Only sell
Emergency need mony.
Box memo kichuy ney 
Chayna theke friend ke diye anano, 
Shathe votar id provment deya hobe."
OnePlus 10T 256 GB Green,45000,Used,"Dhaka, Mohakhali",23/09,https://bikroy.com/mohakhali/mobile-phones/oneplus-10t-256-gb-green-3JyDYwjTILuTDL4lF8pThAV2.html,5,2026-10-07T08:56:08.729590+00:00,individual,"Full OK new condition 
No problems with the phone 
Comes with original 100W charger"
OnePlus Nord 5 512 Gigabytes White,49999,Used,"Dhaka, Dhanmondi",6 hours ago,https://bikroy.com/dhanmondi/mobile-phones/oneplus-nord-5-512-gb-white-d17bkiHVFxCSinQ94bvEBxUT.html,3,2026-10-07T08:56:09.255055+00:00,individual,"""Welcome to ""Al Aqsa Mobile"" 
 Reach us___________________ 
 *Al Aqsa Mobile*
 Shop No-449 ,Lift -3, Orchard Point, Dhanmondi 7, Dhaka-1209
 Model : Nord 5 Full Fresh Condition 
 RAM : 12
 ROM : 512
 Price Fixed"
OnePlus 15 256 GB Graphite,78000,Used,"Dhaka, Jamuna Future Park",07/09,https://bikroy.com/jamuna-future-park/mobile-phones/oneplus-15-256-gb-graphite-cZaPDl6bwiYnbaAWmZYuNUGS.html,4,2026-10-07T08:56:09.993331+00:00,individual,Onepluss 15 12/256 gb fresh condition with box charger
OnePlus 7 Pro 256 GB Blue,19000,Used,"Dhaka, Mohakhali",15/09,https://bikroy.com/mohakhali/mobile-phones/oneplus-7-pro-256-gb-blue-gmD1yy6EKGKHJo506duDsAEa.html,5,2026-10-07T08:56:10.540242+00:00,individual,"There are no issues with the phone. It is providing very good service. There are slight scratches. Note: As security, you can take a NID copy and match the IMEI. Whichever you prefer can be provided. With 8GB RAM and 256GB ROM, you will surely get a very smooth performance."
OnePlus 12R 256 GB Bronze,32990,Used,"Dhaka, Jatrabari",6 hours ago,https://bikroy.com/jatrabari/mobile-phones/oneplus-12r-256-gb-bronze-spaIPEbOLzgHSIGcu8Dgtezz.html,3,2026-10-07T08:56:11.106287+00:00,individual,"Condition:Fully Fresh
Ram:8GB Rom:256GB
Snapdragon 8 Gen 2
Battery:90%
Cash Memo
Price:Fixed
(যাত্রাবাড়ী আমাদের সাপ্তাহিক বন্ধ সোমবার) 
ঠিকানা:ঢাকা যাত্রাবাড়ী, শহীদ ফারুক রোড, তাজ-তানভীর সুপার মার্কেট, ২য় তলা, দোকান নাম্বার:১০ (MobileHub)"
OnePlus 11R 256 GB Black,23990,Used,"Dhaka, Shyamoli",6 hours ago,https://bikroy.com/shyamoli/mobile-phones/oneplus-11r-256-gb-black-raGq3Nm5qUt2MUTEolG8l136.html,5,2026-10-07T08:56:11.741580+00:00,individual,"Guarantee - Warranty
Every phone of ours comes with a 10-day guarantee and a 1-year service warranty.
If you find any issue, you can exchange the model.
Our shop address:
Maa Enterprise
Shyamoli Khan Plaza Mobile Market
Shop Number: 22
Ring Road, Shyamoli, Mohammadpur, Dhaka-1207
Please do not bargain."
OnePlus Nord CE4 Lite 256 GB Blue,21500,Used,"Dhaka, Savar",2 hours ago,https://bikroy.com/savar/mobile-phones/oneplus-nord-ce4-lite-256-gb-blue-ifHbo7uVW1Enf0Hfc5v2U1Il.html,5,2026-10-07T08:56:12.335846+00:00,individual,"[Exchange Bazar Showroom]
1+ nord ce 4 lite 8/256gb
2 years service warranty 15 days replacement guarantee.
 
Nabinagar Sena Shopping Complex,
5th Floor, Shop No-E-142,143
Nabinagar Savar Dhaka.
Only device+Cash memo+warranty.
Contact 016XXXXXXXX"
New OnePlus Nord CE5 256 GB Black,34990,Brand New,"Dhaka, Dhanmondi",6 hours ago,https://bikroy.com/dhanmondi/mobile-phones/new-oneplus-nord-ce5-256-gb-black-ran1IeW1B1bI1d2BUA9GEj5C.html,3,2026-10-07T08:56:12.745380+00:00,individual,"Welcome to ""Al Aqsa Mobile"". Reach us: Al Aqsa Mobile, Shop No-449, Lift-3, Orchard Point, Dhanmondi 7, Dhaka-1209. Model: Nord CE 5, RAM: 8 GB, ROM: 256 GB. Price is fixed."
OnePlus Nord CE5 256 GB White,35000,Used,"Dhaka, Savar",20/09,https://bikroy.com/savar/mobile-phones/oneplus-nord-ce5-256-gb-white-zpM4xzd7k22pXynntOUSJkY4.html,4,2026-10-07T08:56:13.404666+00:00,individual,"Official OnePlus Nord CE5 5G (8/256GB) set for sale. Completely fresh condition—no marks, spots, scratches, or scuffs. There is not the slightest issue with the phone; the display, camera, touch, speaker, and charging are all fine. Used with great care. Bought for 35,000 Taka before Eid. The price has increased currently. Selling because I need money."
OnePlus 9RT 5G 128 GB Black,22999,Used,"Dhaka, Bosila",03/10,https://bikroy.com/bosila/mobile-phones/oneplus-9rt-5g-128-gb-black-5p4EVP9iiDfWh2mTMIZ48DS7.html,5,2026-10-07T08:56:13.768434+00:00,individual,"OnePlus 9RT for sale. 8/128GB. Includes 65W original charger and Snapdragon 888 processor. Guaranteed no green line issues. Original display and back shell. Never opened. Amazing camera quality. Get one full day of battery backup with normal use. Box was lost during house shifting, but I can provide a cash memo and NID copy. Feel free to make an offer."
OnePlus 11R 256 GB Black,25000,Used,"Dhaka, Uttara",03/10,https://bikroy.com/uttara/mobile-phones/oneplus-11r-256-gb-black-oUBRLKXvzw5Yb1RdlcP7tJ3.html,5,2026-10-07T08:56:14.202751+00:00,individual,"Full fresh condition, just some dirt in the camera that's it.
Need some emergency money that's why I wanna sell my phone."
OnePlus 11R 512 GB Red,26500,Used,"Dhaka, Jatrabari",6 hours ago,https://bikroy.com/jatrabari/mobile-phones/oneplus-11r-512-gb-red-oQHtKU60odRxxGjrjkG3Yz2V.html,4,2026-10-07T08:56:14.861188+00:00,individual,"Condition:Full Fresh Body Unfresh Slightly
Ram:18GB Special Edition
Rom:512GB
Amoled Display 
Snapdragon 8+ Gen 1
Price:Fixed
(যাত্রাবাড়ী আমাদের সাপ্তাহিক বন্ধ সোমবার) 
ঠিকানা:ঢাকা যাত্রাবাড়ী, শহীদ ফারুক রোড, তাজ-তানভীর সুপার মার্কেট, ২য় তলা, দোকান নাম্বার:১০ (MobileHub)"
OnePlus 11 256 GB Green,25000,Used,"Dhaka, Savar",08/09,https://bikroy.com/savar/mobile-phones/oneplus-11-256-gb-green-wPGqfgcVSarBuO447NViKuOM.html,5,2026-10-07T08:56:15.608110+00:00,individual,হানডেট পারসেন্ট ফুল ফ্রেশ ফোনে কোন ধরনের কোন স্ক্র্যাচ কোন ডেট কিচ্ছু নাই একদম ফুল ফ্রেশ ১৬ জিবি ২৫৬ জিবি উইথ বক্স 100w অরজিনাল চার্জার। তিনটা গ্রীন লাইন এছাড়া কোন ধরনের কোন প্রবলেম একদমই নেই।
OnePlus Nord CE 3 Lite 5G 128 GB Purple,19000,Used,"Dhaka, Dhanmondi",21/09,https://bikroy.com/dhanmondi/mobile-phones/oneplus-nord-ce-3-lite-5g-128-gb-purple-dCeE0nkbQ880hqnhzUuJkcZ7.html,3,2026-10-07T08:56:16.119729+00:00,individual,"Absolute fresh condition, bought in 2023, no problems with the mobile."
OnePlus Nord CE 2 5G 128 GB Black,24000,Used,"Dhaka, Mogbazar",19 hours ago,https://bikroy.com/mogbazar/mobile-phones/oneplus-nord-ce-2-5g-128-gb-black-UZd0YUTedMfTYYXUr96Qzuq.html,5,2026-10-07T08:56:16.650669+00:00,individual,"All ok mobile, not any Single problem all good. 2 year used ami brand new kinecilam Bashundhara market theka, sell reason - iPhone kinbo ty. Mobile er box soho everything sob kichu ace
Location : Moghbazar, chairmaingoli masjid"
OnePlus Nord 2 5G 256 GB Blue,21500,Used,"Dhaka, Jatrabari",6 hours ago,https://bikroy.com/jatrabari/mobile-phones/oneplus-nord-2-5g-256-gb-blue-8wTnLazbCXuVwp7OsL2YOkrd.html,3,2026-10-07T08:56:17.147605+00:00,individual,"Condition: OnePlus Nord 2 5G
RAM: 12GB ROM: 256GB
Cash memo + Box + Adapter
Address: Dhaka Jatrabari, Shahid Faruk Road, Taz-Tanvir Super Market, 2nd Floor, Shop Number: 10 (MobileHub)
*Instead of getting cheated by buying cheap products to save some money, buy the right product at the right price,
Please do not call for bargaining."
OnePlus 11R 128 GB Black,25000,Used,"Dhaka, Savar",6 hours ago,https://bikroy.com/savar/mobile-phones/oneplus-11r-128-gb-black-zWYWLhO9fwRivZ159G65436T.html,5,2026-10-07T08:56:17.702848+00:00,individual,"Display: 6.74"" amoled, 120hz
processor: snapdragon 8+ gen 1
camera: 50mp + 8mp + 2mp, front 16mp
battery: 5000mah
charging: 100w supervooc
ram/storage: 8gb ram, 128gb storage
5g: available
os: android"
Xiaomi 13 Ultra (China) 512 GB White,55000,Used,"Rajshahi, Court Station",2 hours ago,https://bikroy.com/court-station/mobile-phones/xiaomi-13-ultra-china-512-gb-white-3w3cwps3gfoLMbrSVqaaX05p.html,5,2026-10-07T08:56:18.476270+00:00,individual,"Almost new condition...
Not a single scratch or dent...
Waterproof feature available..
Security provided"
Xiaomi Redmi Note 14 Pro 5G 512 GB Black,28000,Used,"Rajshahi, Shaheb Bazar",03/10,https://bikroy.com/shaheb-bazar/mobile-phones/xiaomi-redmi-note-14-pro-5g-512-gb-black-tJe806rpPO3DNLcmpf7cWxq.html,4,2026-10-07T08:56:18.829983+00:00,individual,There are no problems with the phone at all. I am selling it because I want to get another phone. Everything including the charger and box comes with the phone.
Xiaomi Redmi Turbo 4 Pro 256 GB White,38000,Refurbished,"Rajshahi, Uposahar",22/09,https://bikroy.com/uposahar/mobile-phones/xiaomi-redmi-turbo-4-pro-256-gb-white-uYvMrZPpuxkwjhrqlxssjWe4.html,5,2026-10-07T08:56:19.439344+00:00,individual,ফোনে কোনো সমস্যা নাই কন্ডিশন খুব ভালো  আছে ফোন জতো খুশি চেক করে নিতে পারবেন জুদি কারোর পছন্দ হয়  যোগাযোগ করেন.....
Xiaomi 13 Lite 256 GB Gray,41000,Used,"Rajshahi, Kazla",11/09,https://bikroy.com/kazla/mobile-phones/xiaomi-13-lite-256-gb-gray-BkyZxjzmpg9fNKo69tic8eCs.html,5,2026-10-07T08:56:19.968647+00:00,individual,"Absolute best phone.
Selling it because I bought a new phone.
Used for 4 months.
67W charger + box will be given with it."
Xiaomi Poco X7 Pro 256 GB Black,28000,Used,"Rajshahi, Uposahar",21 hours ago,https://bikroy.com/uposahar/mobile-phones/xiaomi-poco-x7-pro-256-gb-black-b4ybiivtl6IZqtS2oFZrPN0.html,5,2026-10-07T08:56:20.527861+00:00,individual,"Emergency sell post, phone has no problem, selling because I will change the phone, phone is absolutely fresh, no problem, just a small mark on the back cover, location is given, come and check as much as you want
Location: Terokhadiya, Dabtola"
Xiaomi 12 128 GB Purple,35500,Used,"Rajshahi, Bagmara",22/09,https://bikroy.com/bagmara/mobile-phones/xiaomi-12-128-gb-purple-a6UgQ2PYvNLhnfSlld9Ufbx7.html,3,2026-10-07T08:56:20.995142+00:00,individual,"Full fresh, no issues."
New Xiaomi Redmi Turbo 5 Max 256 GB White,52000,Brand New,"Rajshahi, Kazihata",17/09,https://bikroy.com/kazihata/mobile-phones/new-xiaomi-redmi-turbo-5-max-256-gb-white-ilYJdOW4H3a3gxDJ2NnetvyC.html,4,2026-10-07T08:56:21.310367+00:00,individual,"Purchased on September 2, 2026, full fresh, battery health 100%, battery count was given around 26 times. The reason for selling the phone is I will shift from a Chinese ROM to another flagship ROM."
Xiaomi Redmi Note 14 Pro+ 256 GB Black,28500,Used,"Rajshahi, Court Station",20/09,https://bikroy.com/court-station/mobile-phones/xiaomi-redmi-note-14-pro-256-gb-black-s4Ggj7xyStkVRs3JSFrFYhBo.html,5,2026-10-07T08:56:21.874015+00:00,individual,"My older brother brought the phone from India. I am selling the phone due to my financial problems. If anyone wants to buy it, please contact. There are no problems with the phone, it is completely fresh."
Xiaomi Redmi Turbo 4 Pro 256 GB Black,39000,Used,"Rajshahi, Kadirgonj",23/09,https://bikroy.com/kadirgonj/mobile-phones/xiaomi-redmi-turbo-4-pro-256-gb-black-dxSRDWgy53SzcfPV8iw4l7Ud.html,4,2026-10-07T08:56:22.606693+00:00,individual,"Redmi turbo 4 pro
All fresh condition
256GB/12GB Ram"
Xiaomi Redmi Note 15 Pro+ 512 GB Black,42000,Used,"Rajshahi, Shaheb Bazar",14/09,https://bikroy.com/shaheb-bazar/mobile-phones/xiaomi-redmi-note-15-pro-512-gb-black-1g84IXGfBbz12jwf83hj48Cl.html,4,2026-10-07T08:56:23.324552+00:00,individual,"Model : Redmi Note 15 pro plus 5g 
Ram : 16 Gb / Rom : 512 Gb 
Battery Health : 99% 
Used : 6 months 
Condition : Full fresh 100% 
Box and Charger are available -/ China Variant"
Xiaomi Redmi Turbo 4 Pro 256 GB Black,34990,Used,"Rajshahi, Hatemkha",16 hours ago,https://bikroy.com/hatemkha/mobile-phones/xiaomi-redmi-turbo-4-pro-256-gb-black-m63W3TYWqsOjTSMSG7HA4mch.html,3,2026-10-07T08:56:23.996438+00:00,individual,Get this phone with the full box and original charger!
New Xiaomi Mi 11 Ultra 256 GB Black,29000,Brand New,"Rajshahi, Kazla",15 hours ago,https://bikroy.com/kazla/mobile-phones/new-xiaomi-mi-11-ultra-256-gb-black-m6LEFJOzeKRvO6svjNa60V82.html,5,2026-10-07T08:56:24.630792+00:00,individual,"Used for only 9 days, not the slightest problem. Cover will be given with the phone, full body lamination done. Bought from Dhaka Jamuna Future Park. Curved display phone doesn't feel good to use so will take another phone
Accessory: Memo will be included
There are no internal or external issues with the phone. You can check as much as you want. Requesting not to waste time by quoting random prices."
New Xiaomi Redmi Note 15 256 GB Purple,27500,Brand New,"Rajshahi, Boalia",08/09,https://bikroy.com/boalia/mobile-phones/new-xiaomi-redmi-note-15-256-gb-purple-yMNy5fPeKKNWRv9t6J02StVR.html,5,2026-10-07T08:56:25.364677+00:00,individual,ফোনটি ছয় মাস ব্যবহৃত হয়নি একবারেই নতুন ফোনটি বিক্রি করব টাকার প্রয়োজনে যদি কোন ব্যক্তি ফোনটি কিনতে চায় তাহলে আমার নাম্বারে যোগাযোগ করুন ফুল ফ্রেশ কন্ডিশন
Xiaomi 13 256 GB Black,27500,Used,"Rajshahi, Boalia",1 day ago,https://bikroy.com/boalia/mobile-phones/xiaomi-13-256-gb-black-wxOwlgb2J1ByYT7mN0YzNW9S.html,5,2026-10-07T08:56:26.034336+00:00,individual,"Xiaomi 13
**(Pre-owned)**

• Price:- 27,500 (Fixed)
• RAM/ROM:- 12GB + 256GB
• Version:- Global
• Color:- Black
• Condition:- Check the pictures
• Only Device
• 7 Days Replacement Guarantee.

📍 Store Location
**Shamrat Tech & Gadgets**
📍Koyar Dara, Supora, Rajshahi."
Xiaomi Redmi Note 15 256 GB Red,26500,Used,"Rajshahi, Court Station",1 day ago,https://bikroy.com/court-station/mobile-phones/xiaomi-redmi-note-15-256-gb-red-3vZmTa8Xvdr5YyosBlnZYcnS.html,3,2026-10-07T08:56:26.755267+00:00,individual,"There is no problem with the phone, it's a new phone used for only three months, full box with original charger will be given with the phone"
Xiaomi Redmi 15 128 GB Black,22000,Used,"Rajshahi, Vodra",23/09,https://bikroy.com/vodra/mobile-phones/xiaomi-redmi-15-128-gb-black-4utNeGJVkGoo1mKUA31ukK7.html,3,2026-10-07T08:56:27.391329+00:00,individual,"Full fresh condition 
purchase date 13/8/26
Price negotiable 
No kind of defects, used with great care.
Location: Rajshahi University
Whatsapp 015XXXXXXXX"
Xiaomi 11T 128 GB,21000,Used,"Rajshahi, Kadirgonj",15/09,https://bikroy.com/kadirgonj/mobile-phones/xiaomi-11t-128-gb-nnm2Rm9bkXYuBYkCffGvjUqj.html,5,2026-10-07T08:56:27.969124+00:00,individual,"If you want to take it, you can inbox or make a phone call
No:"
Xiaomi 14 Pro 512 GB Purple,25000,Used,"Rajshahi, Bagha",15 hours ago,https://bikroy.com/bagha/mobile-phones/xiaomi-14-pro-512-gb-purple-3vMPS6ZQsTYfIlIrpqA0YgHF.html,5,2026-10-07T08:56:28.609464+00:00,individual,"There is no issue with the phone, box charger everything is available, completely fresh"
Xiaomi Redmi 10X Pro 128 GB Red,15000,Used,"Rajshahi, Paba",15/09,https://bikroy.com/paba/mobile-phones/xiaomi-redmi-10x-pro-128-gb-red-wLsUfteCnbPCSUnWIS6t2nJ5.html,5,2026-10-07T08:56:29.315385+00:00,individual,"Redmi Note 10 Pro 6/128GB will be sold
 RAM/ROM: 6GB / 128GB
 Display: Good
 Camera: Good
 Performance: Good
 Box + Original Charger: Available
 Fingerprint: Does not work
 Touch: ok
 Cover: Will be provided with it
 Location 1: Damkura, Rajshahi
 Location 2: Amchottor, Amorpur, Sopura, Rajshahi
 
 Inbox if interested."
Xiaomi 15 256 GB Purple,21500,Used,"Rajshahi, Mohanpur",30/09,https://bikroy.com/mohanpur/mobile-phones/xiaomi-15-256-gb-purple-rAo9yG20CCrR0jrsWJI6pBtp.html,4,2026-10-07T08:56:29.642664+00:00,individual,"Experience absolute perfection with this device, maintained in pristine condition."
Xiaomi Redmi Note 13 256 GB Black,17000,Used,"Rajshahi, Kadirgonj",6 hours ago,https://bikroy.com/kadirgonj/mobile-phones/xiaomi-redmi-note-13-256-gb-black-6qDJ9xPEfJza9Ok3d6Aormz2.html,5,2026-10-07T08:56:30.444432+00:00,individual,"Assalamu Alaikum Wa Rahmatullahi Wabarakatu. Fresh condition. Box: Only Device. Cash Memo: Available. Replacement Guarantee: Up to 7 days (subject to conditions). Location: Rajshahi Kadirganj Chalpatti, beside Large Farmer, behind Shopnora Plaza Nigar Bhaban. Shop No: 123 - Ground Floor beside the lift. Shop Name: Rajshahi Mobile Bari 019XXXXXXXX"
Xiaomi Redmi Note 15 128 GB Silver,21999,Used,"Rajshahi, Kazla",2 hours ago,https://bikroy.com/kazla/mobile-phones/xiaomi-redmi-note-15-128-gb-silver-p4LDuLv6ADrLMWC2isaGLgPE.html,5,2026-10-07T08:56:30.766561+00:00,individual,"Friday dhamaka offer 
Our location is Banesswre Shibpur Hut 
Full box 
Note 15 6+128 
Fixed"
Xiaomi Poco C85 4G 128 GB Blue,19999,Used,"Rajshahi, Motihar",29/09,https://bikroy.com/motihar/mobile-phones/xiaomi-poco-c85-4g-128-gb-blue-kBo1lZVwFINQgxbJ6lBNCT1V.html,5,2026-10-07T08:56:31.174018+00:00,individual,ফোনে কোন সমস্যা নাই ফুল ফ্রেশ ফোনের সাথে বক্স নাই চার্জার আছে
Xiaomi 256 GB Black,16500,Used,"Rajshahi, Boalia",22/09,https://bikroy.com/boalia/mobile-phones/xiaomi-256-gb-black-mg9aItJMSwtEyQA3mDTC54i9.html,4,2026-10-07T08:56:31.683097+00:00,individual,"Poco x6 neo
12/256
Phone has no problems, completely fresh
Only the phone will be provided, no box. Voter ID card will be given as security."
New Xiaomi Redmi Note 15 128 GB Black,23500,Brand New,"Rajshahi, Hatemkha",21 hours ago,https://bikroy.com/hatemkha/mobile-phones/new-xiaomi-redmi-note-15-128-gb-black-ph12XqmJWXpsEg9ewjtWtTZv.html,3,2026-10-07T08:56:32.327237+00:00,individual,"The phone was bought completely brand new not even two months ago, I need emergency money so I will sell it, I will give the box, charger and everything."
Xiaomi Redmi Note 13 Pro+ 256 GB Black,26000,Used,"Rajshahi, Vodra",24/09,https://bikroy.com/vodra/mobile-phones/xiaomi-redmi-note-13-pro-256-gb-black-zrHUw6BkWlKV1N6KfwQ8Jtty.html,3,2026-10-07T08:56:32.998398+00:00,individual,"Redmi Note 13 Pro+ 5G 
Never opened, completely full fresh condition.
12GB RAM + 256GB Storage
CN Variant + Black Colour 
Full Fresh + 1.5 Years Used
Full Box + 67 Watt Charger
6.67"" 1.5K AMOLED Curved Display
 200MP OIS Main Camera + 8MP Ultra-wide + 2MP Macro
MediaTek Dimensity 7200-Ultra 4nm processor
5000mAh Battery"
Xiaomi Civi 1S 256 GB Gold,19999,Used,"Rajshahi, Kazla",6 hours ago,https://bikroy.com/kazla/mobile-phones/xiaomi-civi-1s-256-gb-gold-uDqSNQohOLjUoYJgWxXb1WuK.html,3,2026-10-07T08:56:33.731514+00:00,individual,"Xiaomi Civi 1S 12/256GB 

These are products imported from abroad in absolutely brand new condition. Those who want to buy can get a good phone at a low price."
Xiaomi Redmi Note 11 Pro+ 5G 128 GB Blue,16000,Used,"Rajshahi, Durgapur",29/09,https://bikroy.com/durgapur-1/mobile-phones/xiaomi-redmi-note-11-pro-5g-128-gb-blue-sHyNUeKworQT0E3pSHodxVkx.html,3,2026-10-07T08:56:34.453377+00:00,individual,"The condition of the phone is almost like new. MI Hyper OS runs very smoothly, come and check it out if you like. The price of the phone is almost fixed, some negotiation can be done. For details..."
New Xiaomi Redmi Note 17 Pro 256 GB Black,40500,Brand New,"Chattogram, Agrabad",6 hours ago,https://bikroy.com/agrabad/mobile-phones/new-xiaomi-redmi-note-17-pro-256-gb-black-feZnPZJKTKFat7lytkLptJ6r.html,3,2026-10-07T08:56:34.978056+00:00,individual,"** REDMI NOTE 17 PRO 5G (8/256) New, 
9000 MAH BATTERY. 
Address:
Shop-537, Level-5 (4th floor of capsule lift), 
Go straight after exiting the lift to JojoBD.
Akhtaruzzaman Center, 
Agrabad, Chittagong."
Xiaomi 13 512 GB White,34500,Used,"Chattogram, Khulshi",13/09,https://bikroy.com/khulshi/mobile-phones/xiaomi-13-512-gb-white-rCpSxY3pazD6T4mhLEmER1Pp.html,5,2026-10-07T08:56:35.678820+00:00,individual,"Xiaomi 13 — 12GB RAM / 512GB Storage
Water-resistant
100% Genuine Device
Condition: very good
Location: Khulshi Town Center, Chattogram
Interested? Feel free to message for details.
Phone 018XXXXXXXX"
Xiaomi Redmi Turbo 4 Pro 256 GB White,40000,Used,"Chattogram, Agrabad",25/09,https://bikroy.com/agrabad/mobile-phones/xiaomi-redmi-turbo-4-pro-256-gb-white-2vNRwiAa1R6ErFhCdqGvkDlA.html,3,2026-10-07T08:56:36.100915+00:00,individual,"Redmi turbo 4 pro 
Full fresh condition 
99 battery health 
Full box included"
Xiaomi 15T Pro 512 GB Bronze,75000,Used,"Chattogram, Chawkbazar",3 hours ago,https://bikroy.com/chawkbazar/mobile-phones/xiaomi-15t-pro-512-gb-bronze-fdYks0bIJEFupMHqg6rDoqTK.html,3,2026-10-07T08:56:36.823999+00:00,individual,"Xiaomi 15T pro with Box
12/512
12/256 available 
Global Edition 
Few days Used."
Xiaomi Redmi Turbo 4 256 GB Graphite,35500,Used,"Chattogram, Muradpur",26/09,https://bikroy.com/muradpur/mobile-phones/xiaomi-redmi-turbo-4-256-gb-graphite-58iRXnV9LWxThh16DVuj7DOm.html,5,2026-10-07T08:56:37.312366+00:00,individual,"Redmi Turbo 4
16+16/256
All ok
Full box with 90Watt Super fast charger
Works super smoothly, best for all gaming
Mobile has not been repaired for even 1 taka, can be checked thoroughly before buying
Note: Slight crack on the upper glass at the corner of the back shell, can be replaced for 200-250 taka
(Do not send useless messages) Price can be slightly negotiable
Location: 2 no gate, Chittagong"
Xiaomi 17 256 GB Green,85000,Used,"Chattogram, Chawkbazar",3 hours ago,https://bikroy.com/chawkbazar/mobile-phones/xiaomi-17-256-gb-green-8Xup8fLAEpIqYC1vPEFxOsxq.html,3,2026-10-07T08:56:37.832117+00:00,individual,"Xiaomi 17
Just open Box,
like new condition
with Box and everything"
New Xiaomi Redmi Note 14 Pro+ 256 GB Red,36999,Brand New,"Chattogram, Agrabad",6 hours ago,https://bikroy.com/agrabad/mobile-phones/new-xiaomi-redmi-note-14-pro-256-gb-red-gl5pUl918BoCGRN4eNxCO70M.html,3,2026-10-07T08:56:38.497477+00:00,individual,"Stay with us by liking and following our page to get the latest product prices. Our page link – 
** Call or WhatsApp. 
** REDMI NOTE 14 PRO PLUS (12/256) GLOBAL
 
----------------------------- Address :
Shop- 537, Level -5 (Capsule lift 4, go straight after exiting the lift, JojoBD)
Akhtaruzzaman Center, Agrabad, CTG."
Xiaomi Redmi Turbo 4 256 GB White,34500,Used,"Chattogram, Hathazari",1 day ago,https://bikroy.com/hathazari/mobile-phones/xiaomi-redmi-turbo-4-256-gb-white-iS6jEbvNE8RqmKmTp4D3vghy.html,5,2026-10-07T08:56:39.145776+00:00,individual,"REDMI TURBO 4 (12GB/256GB)
Powerful chipset
Excellent Camera
Long Battery (6550 mAh)
90W fast charging

Condition: Absolutely brand new condition.
There are no marks, dents, scratches, or any kind of issues on the phone. It is in absolute fresh condition.

Included with it:
✅Original Box
✅ Original Charger
✅ Protective Cover

Location: Kaptai Rastar Matha, Chattogram."
Xiaomi 13T Pro 1 TB Blue,50000,Used,"Chattogram, Bandar, Chattogram",18/09,https://bikroy.com/bandar/mobile-phones/xiaomi-13t-pro-1-tb-blue-aaL4VdtYELgflhLlYeJFO5M1.html,5,2026-10-07T08:56:39.785619+00:00,individual,"Xiaomi 13T Pro 1TB
Full fresh, no scratches or cracks, completely fresh like new, 120W fast charger, full charge in 20 minutes, supports two nano SIMs and one e-SIM, you can check before buying, only the mobile will be given
Security can be provided
Mobile was gifted from abroad and used by a single person"
Xiaomi 17T 512 GB Black,65000,Used,"Chattogram, Chawkbazar",2 hours ago,https://bikroy.com/chawkbazar/mobile-phones/xiaomi-17t-512-gb-black-3bdWIsT3ruFw3FcR1QF2pMat.html,3,2026-10-07T08:56:40.591157+00:00,individual,"Xiaomi 17t Global
12/512,
20 days used.
with Box and Everyrhing"
Xiaomi Redmi K90 256 GB Black,52500,Used,"Chattogram, Patenga",1 day ago,https://bikroy.com/patenga/mobile-phones/xiaomi-redmi-k90-256-gb-black-fGEyAVjwRzSGtdPbMJRvuAkm.html,3,2026-10-07T08:56:41.100780+00:00,individual,"Battery Health: 100%
Activation date: 15-8-26 (It will be 1 month and 12 days)
Color: Black 12/256GB
Box + Charger + Cash memo available +
Condition Full Fresh /

Smart devil glass protector and back poly applied
Purchased from Rio International.
Price: ৳ 
Location: [ 14 No. Ghat, Airport Road, Patenga, Chattogram ] [ Seamen Hostel, Chattogram ]
Check as long as you want,"
Xiaomi 13 Pro 512 GB White,35000,Used,"Chattogram, Chandgaon",02/10,https://bikroy.com/chandgaon/mobile-phones/xiaomi-13-pro-512-gb-white-By3ZTIHMwpq6ae03tmX2kavE.html,5,2026-10-07T08:56:41.801800+00:00,individual,"* Model: Xiaomi 13 Pro
* RAM/Storage: 12GB / 512GB
* Color: Ceramic White
* Charger: Original 120W charger included
* Authentic & fully functional
* Overall condition: Good
* Minor scratch on the bottom-left corner
* No other known issues"
New Xiaomi Redmi Turbo 4 Pro 256 GB White,37500,Brand New,"Chattogram, Kotwali, Chattogram",26/09,https://bikroy.com/kotwali/mobile-phones/new-xiaomi-redmi-turbo-4-pro-256-gb-white-k7R3n6JVdw4iZtJYrQ8Xu5tz.html,3,2026-10-07T08:56:42.332702+00:00,individual,"Full Fresh 
Box, charger, case, memo everything will be given with the mobile.
9 Months Used
If you find any problem, I will give the mobile for free."
New Xiaomi Redmi Note 15 Pro+ 256 GB Black,42999,Brand New,"Chattogram, Agrabad",6 hours ago,https://bikroy.com/agrabad/mobile-phones/new-xiaomi-redmi-note-15-pro-256-gb-black-d3Ujl6ZAXp2p3YEHED5lbycC.html,3,2026-10-07T08:56:42.986448+00:00,individual,"Stay with us by liking and following our page to get updates on product prices. Our page link - 
** Call or message us on WhatsApp at the number provided on Bikroy to buy a phone on installment.
---------------
Address:
Shop- 537, Level-5 (4th floor of capsule lift, 
Go straight after exiting the lift, JojoBD)
Akhtaruzzaman Center, 
Agrabad, Chittagong."
Xiaomi Civi 2 256 GB Pink,19800,Used,"Chattogram, New Market, Chattogram",30/09,https://bikroy.com/new-market/mobile-phones/xiaomi-civi-2-256-gb-pink-k0y6WFMVcxbsuJnN2dwn1Sq7.html,5,2026-10-07T08:56:43.768272+00:00,individual,"Used for 10 days, comes with store cash memo and 1 year warranty.
What you will get with it: Only the mobile handset (no box and charger).
Reason for selling: Need urgent money.
Price: [20,000] BDT (negotiable)
Location: [Dhaka University / TSC / Polashi Mor]
Inspect safely as much as you like.
Contact: (WhatsApp)"
Xiaomi Redmi Note 14 Pro 128 GB Black,25000,Used,"Chattogram, Mirsharai",03/10,https://bikroy.com/mirsharai/mobile-phones/xiaomi-redmi-note-14-pro-128-gb-black-rXmH2KA22P2ezM6qdQfkdidH.html,4,2026-10-07T08:56:44.100590+00:00,individual,"Bought from Dazzel, still has replacement warranty. 
Still like new. 
You will get everything just like a new mobile. 
Location must be mirersorai or abutora bazar"
New Xiaomi Redmi 17 128 GB Green,24999,Brand New,"Chattogram, Agrabad",6 hours ago,https://bikroy.com/agrabad/mobile-phones/new-xiaomi-redmi-17-128-gb-green-oWRkTTLmGY0tYJ4QOUTKm8wD.html,3,2026-10-07T08:56:44.691635+00:00,individual,"Stay with us by liking & following our page to get updates on any product prices. Our page link –
** Call or message us on WhatsApp at the number provided on Bikroy to buy a phone on instalment.
_____________________________________
Address:
Shop-537, Level-5
Akhtaruzzaman Center,
Agrabad, Chittagong."
Xiaomi Redmi Note 14 Pro+ 5G 512 GB Blue,32000,Used,"Chattogram, Anwara",28/09,https://bikroy.com/anwara/mobile-phones/xiaomi-redmi-note-14-pro-5g-512-gb-blue-zFIYz1SmCh8vRkC6D9Az0i3K.html,5,2026-10-07T08:56:45.360789+00:00,individual,"Redmi Note 14 Pro+ 5G
RAM: 12GB
Storage: 512GB
Battery: 5110 mAh
Battery Health: 99%
Battery Cycle Count: 238
Phone first opened: August 2025
Phone is in full fresh condition
Comes with Cash Memo & Charger"
Xiaomi Redmi Note 13 Pro+ 256 GB Black,26000,Used,"Chattogram, Agrabad",17 hours ago,https://bikroy.com/agrabad/mobile-phones/xiaomi-redmi-note-13-pro-256-gb-black-BzoT8iWbNWSR8vOJZpodrfNJ.html,3,2026-10-07T08:56:46.107785+00:00,individual,"Official device with full boxed 
Must come to the location
100% Problem free"
New Xiaomi Redmi Note 17 128 GB Black,32999,Brand New,"Chattogram, Agrabad",6 hours ago,https://bikroy.com/agrabad/mobile-phones/new-xiaomi-redmi-note-17-128-gb-black-wh7Xtijlj3o83aNHfzGYvM8H.html,3,2026-10-07T08:56:46.839254+00:00,individual,"Offer: 2000 Taka discount if taken on installments.
One thousand Taka Bata gift voucher if taken in cash.
Address:
Shop-537, Level-5
Akhtaruzzaman Center,
Agrabad, Chittagong."
New Xiaomi 128 GB Black,29500,Brand New,"Chattogram, Agrabad",6 hours ago,https://bikroy.com/agrabad/mobile-phones/new-xiaomi-128-gb-black-wuicv6XYyPPUKy5z0nXV4a57.html,3,2026-10-07T08:56:47.387822+00:00,individual,"NOTE 17 5G (6/128).
Address:
Shop-537, Level-5
Akhtaruzzaman Center,
Agrabad, Chittagong."
Xiaomi Redmi Note 13 256 GB Blue,18500,Used,"Chattogram, Muradpur",6 hours ago,https://bikroy.com/muradpur/mobile-phones/xiaomi-redmi-note-13-256-gb-blue-fDYIVgLiZJqmhI1LIzRvJ0LT.html,3,2026-10-07T08:56:47.977891+00:00,individual,"Redmi note 13 5G 
8/256 
Full box 
🛡️ সুবিধা:
✔️ ১৫ দিনের রিপ্লেসমেন্ট গ্যারান্টি

📍 Device – Trusted Mobile Shop
📌 Shop No: 319, 3rd Floor (Lift 2 🛗)
🗺️ CPDL RB Midtown Market, মুরাদপুর, চট্টগ্রাম (মক্কা হোটেলের পাশে)"
Xiaomi 12S 256 GB Black,25000,Used,"Chattogram, Pahartali",25/09,https://bikroy.com/pahartali/mobile-phones/xiaomi-12s-256-gb-black-v5F0cMpsGBFpUOpSbh4r0OeV.html,3,2026-10-07T08:56:48.680633+00:00,individual,"Box, charger available.
Some liquid got into the volume up button due to using a UV protector glass. The up button does not work. Otherwise, the rest of the performance is ok. It is my secondary device."
Xiaomi Mi 11 Ultra 256 GB White,20000,Used,"Chattogram, Rangunia",1 day ago,https://bikroy.com/rangunia/mobile-phones/xiaomi-mi-11-ultra-256-gb-white-aZn0XRhdw8jH7r0Ng6d3M8y0.html,3,2026-10-07T08:56:49.266276+00:00,individual,"Assalamu Alaikum 😊
I will sell the mobile out of need for money 😌
There are no such problems with the mobile. Just the touch is cracked below the display but it doesn't cause any major issues, I will just say that everything will be given with the mobile, box + charger, extra documents can also be given if needed. Interested ones please knock, others please ignore 😊
Location: - Rangunia Chittagong"
Xiaomi Poco X7 256 GB Yellow,23000,Used,"Chattogram, Fatikchhari",02/10,https://bikroy.com/fatikchhari/mobile-phones/xiaomi-poco-x7-256-gb-yellow-yKAfv5V6bkeUAJzdfW7CgYy4.html,3,2026-10-07T08:56:49.604536+00:00,individual,"Used for 1 year 
You can check and take the phone 
Completely fresh product"
Xiaomi 13T 256 GB Black,32000,Used,"Chattogram, Halishahar",22/09,https://bikroy.com/halishahar/mobile-phones/xiaomi-13t-256-gb-black-hdeDVz3DqvGxILaoWUTq6lVY.html,3,2026-10-07T08:56:50.081387+00:00,individual,"Xiaomi Mi 13T
12/256
International Global version
Sell or exchange possible
Full box with all accessories
No scratches or dents, mint condition."
