raw_title,price,condition_raw,location,posted_date,url,photo_count,scraped_at,seller_type,description
Apple iPhone 17 256 GB Purple,91990,Used,"Chattogram, Chawkbazar",1 hour ago,https://bikroy.com/chawkbazar/mobile-phones/apple-iphone-17-256-gb-purple-tYfj4qGzNVum3C9R8Ya2ijiC.html,3,2026-09-20T06:59:51.035601+00:00,individual,"Apple iPhone 17
256GB | LL/A Variant
Battery Health 100%
Cycle Count: 6
Apple Warranty Available
First Use: January 2026
Enjoy 15-day replacement guarantee | Lifetime service -
Finlay Square, Level-4, Shop-406, 2 No Gate, Nasirabad, Chattogram"
Apple iPhone 16 128 GB White,69000,Used,"Rajshahi, Shaheb Bazar",1 hour ago,https://bikroy.com/shaheb-bazar/mobile-phones/apple-iphone-16-128-gb-white-kf4Ow26G5OQJFaPzAD2zykdL.html,3,2026-09-20T06:59:52.821858+00:00,individual,"iPhone 16
128 GB, 100% Battery Health
Super condition
7 days replacement guarantee
1 year service warranty
#exchange possible
Our Address:
Smart Choice, Shop No. 211,
City Center, Beside Rajshahi College, Sonadighi Mor, Rajshahi
Call for any details:"
Samsung Galaxy S21 FE 5G 128 GB Blue,24000,Used,"Chattogram, Agrabad",59 min ago,https://bikroy.com/agrabad/mobile-phones/samsung-galaxy-s21-fe-5g-128-gb-blue-k3bguO7oc0z9ll06t9JkuMyj.html,3,2026-09-20T06:59:55.097682+00:00,individual,"Set is in fully fresh condition. RAM 8GB, Storage 128GB. Comes with charger."
Samsung Galaxy S21 5G 256 GB Purple,24000,Used,"Rajshahi, Motihar",31/08,https://bikroy.com/motihar/mobile-phones/samsung-galaxy-s21-5g-256-gb-purple-5Db29E34KKOPkChXveRN45ba.html,5,2026-09-20T06:59:56.387915+00:00,individual,টাকার দরকার এজন্য সেল দিচ্ছি ফোন দেখতে হলে অবশ্যই লোকেশনে এসে দেখেশুনে চেক করে নিয়ে যাবেন ধন্যবাদ
Xiaomi Redmi Turbo 4 Pro 256 GB Black,42000,Used,"Dhaka, Khilkhet",13 hours ago,https://bikroy.com/khilkhet/mobile-phones/xiaomi-redmi-turbo-4-pro-256-gb-black-s4iGV3uqK42iCbQFmRy9e05F.html,5,2026-09-20T06:59:58.346706+00:00,individual,"Comes with box, charger, and cash memo.
Hand-used phone.
Absolutely fresh, used for about four to five months. If anyone wants to buy, please contact."
Xiaomi 13 Ultra 256 GB Green,47000,Used,"Dhaka, Savar",4 hours ago,https://bikroy.com/savar/mobile-phones/xiaomi-13-ultra-256-gb-green-keNDhC2BIB9AlUbpLBITDYr6.html,5,2026-09-20T06:59:58.914156+00:00,individual,"Mobile information:
 Model: Xiaomi
 RAM: 12GB
 Storage: 256GB
 7 days replacement guarantee
 1 year service warranty
 Opportunity to check before buying phone
 Our main goal is to provide reliability and good service.
 Address:
E-195A, Level-5 (Lift-4),
Sena Shopping Complex,
Nabinaagar, Sayer, Dhaka.
 Weekly off: Sunday"
Xiaomi Civi 4 Pro 512 GB Green,35000,Used,"Dhaka, Mirpur",1 hour ago,https://bikroy.com/mirpur/mobile-phones/xiaomi-civi-4-pro-512-gb-green-fqS5Vdwi2LrOKtwLEY2PrpYH.html,5,2026-09-20T06:59:59.650555+00:00,individual,"খুবই ভালো একটা ফোন,কোন রকমের সমস্যা নেই,যতক্ষন ইচ্ছা চালিয়ে দেখে নিবেন,১২/৫১২ জিবি,সুপার ক্যামেরা ফোন,সুপার ব্যাকাপ অনেক ফাস্ট একটা ফোন,চাইলে ইউটিউবে রিভিউটা দেখে নেবেন,ফুল ফ্রেশ ফোন,যেকোনো সিকিউরিটি দেয়া হবে,ক্যাশ মেমো,সাথে ১বছরের সার্ভিস ওয়ারেন্টী থাকবে।
ঢাকা মিরপুর পল্লবী নতুন থানা।
কুরিয়ার পসিবল।"
New Xiaomi Civi 1S 256 GB,16990,Brand New,"Dhaka, Shyamoli",58 min ago,https://bikroy.com/shyamoli/mobile-phones/new-xiaomi-civi-1s-256-gb-kjEsHwWzIvhVEf4foZ4afsMN.html,3,2026-09-20T07:00:00.603206+00:00,individual,"Xiaomi Civi-1
12/256GB/18990
8/128GB/16990
Our Address
Mobile Plaza
Shyamoli Tower Complex Market
2nd Floor, Shop No. 13, 14
Market right beside Shyamoli Bus Stand and Foot Over Bridge,
Shyamoli Mohammadpur Dhaka"
Xiaomi 12S Pro 256 GB White,32900,Used,"Dhaka, Mirpur",1 hour ago,https://bikroy.com/mirpur/mobile-phones/xiaomi-12s-pro-256-gb-white-4XVJoMRn9F73pRNQIIfsg3Pp.html,5,2026-09-20T07:00:00.937804+00:00,individual,"Xiaomi 12s Pro 5G
8gen 1 Snapdragon 
Fully Super Fresh 
Only device charger & Cashe memo
7Days Replacement & 1Year Service warranty, location :Mirpur Pallabi Notun thana.Dhaka Cash on Delivery possible All Bangladesh."
Xiaomi 13 Pro 256 GB Black,33999,Used,"Dhaka, Dhanmondi",1 hour ago,https://bikroy.com/dhanmondi/mobile-phones/xiaomi-13-pro-256-gb-black-oJh5lOTqF4wQ0lkyO8qj920s.html,3,2026-09-20T07:00:01.505777+00:00,individual,"Xiaomi 13 Pro 8+256GB Authentic CN box. Fresh condition with money receipt. No repair history. No scratches or dents. Camera and battery backup are very good. Warranty policy: We provide a 10-day replacement and 2 years of service (excluding parts). Address: 3rd floor, shop No-411, Orchard Point Shopping Complex, Dhanmondi 7."
New Samsung Galaxy A15 5G 256 GB White,18999,Brand New,"Rajshahi, Vodra",1 hour ago,https://bikroy.com/vodra/mobile-phones/new-samsung-galaxy-a15-5g-256-gb-white-khjzStvu9IVYXPSkuoRxP6hS.html,5,2026-09-20T07:00:01.889813+00:00,individual,"Experience smart design and incredible performance with the Samsung A15, your perfect choice.

Limited stock – first come, first served!
Our Address: Baneswar Shibpur Hat, Puthia, Rajshahi
100% Trustworthiness
Right price, right product
FAHIM mobile zone, your trusted mobile shop"
Samsung Galaxy S21 FE 5G 128 GB Green,18000,Used,"Rajshahi, Shaheb Bazar",29/08,https://bikroy.com/shaheb-bazar/mobile-phones/samsung-galaxy-s21-fe-5g-128-gb-green-3pbJRRVPKwwC7J0pAFE2lygp.html,5,2026-09-20T07:00:02.551310+00:00,individual,All ok . No issue just Display change full fresh phone Brand new condition
Samsung Galaxy S22 Ultra 256 GB Blue,35000,Used,"Chattogram, Bakoliya",2 days ago,https://bikroy.com/bakoliya/mobile-phones/samsung-galaxy-s22-ultra-256-gb-blue-B5xZnQ9RNRq3Ay9JDASsWT35.html,5,2026-09-20T07:00:03.329752+00:00,individual,"Samsung Galaxy S22 Ultra
RAM: 12 GB
ROM: 256 GB
*The phone has never been opened or repaired, completely original.
*An absolutely fresh phone, used by a lady.
*Will provide the box and charger with the phone.
Everything on the phone is working fine except for a green line issue. No other problems."
Samsung Galaxy S23 Ultra 256 GB Rose Gold,42000,Used,"Chattogram, Pahartali",15/09,https://bikroy.com/pahartali/mobile-phones/samsung-galaxy-s23-ultra-256-gb-rose-gold-sDO2ZUM3WXE7Qp0kooIHd5HU.html,5,2026-09-20T07:00:03.887815+00:00,individual,"Samsung S23 Ultra 
Storage 256 GB 
Phone is in absolute fresh condition, used like new.
Just a small mark on the display caused by a key hit in the pocket... S Pen occasionally disturbs a bit, otherwise everything is okay...
Memo will be provided with the phone...
Must come to the location if you want to buy the phone."
Samsung Galaxy S25 Ultra 256 GB,82500,Used,"Dhaka, Dhanmondi",23/08,https://bikroy.com/dhanmondi/mobile-phones/samsung-galaxy-s25-ultra-256-gb-lvpTiPIKSU3ETsTTheQtqsL.html,5,2026-09-20T07:00:04.392225+00:00,individual,Samsung Galaxy S25 Ultra 5G 100% OK and fully fresh
Samsung Galaxy S25 Ultra 256 GB Blue,92500,Used,"Dhaka, Baridhara",4 hours ago,https://bikroy.com/baridhara/mobile-phones/samsung-galaxy-s25-ultra-256-gb-blue-k6uwPe9edJb3D7IhwVShcCTD.html,5,2026-09-20T07:00:04.943863+00:00,individual,"Samsung S25 Ultra 12/256GB. Full boxed, full fresh. 100% fresh like new condition."
Samsung Galaxy S24 Ultra 512 GB Gray,84000,Used,"Dhaka, Baridhara",53 min ago,https://bikroy.com/baridhara/mobile-phones/samsung-galaxy-s24-ultra-512-gb-gray-r3lRnYjZxeBvwiOgwBFaTDLi.html,4,2026-09-20T07:00:05.300806+00:00,individual,Samsung s24 Ultra Jamuna future park
Samsung Galaxy S10 Plus 128 GB Green,25000,Used,"Dhaka, Uttara",29/08,https://bikroy.com/uttara/mobile-phones/samsung-galaxy-s10-plus-128-gb-green-wcGu1bukCwlqakORfEk9qgcg.html,5,2026-09-20T07:00:05.925480+00:00,individual,"Brought with me from abroad, no fault in the phone. Never worked on, fully intact. 
Need upgrade so selling this unit. 
No box available, just a complete phone and charger will be given. 
Location: Uttara , sector 5."
Samsung Galaxy S24 128 GB Silver,41499,Used,"Dhaka, Mirpur",1 hour ago,https://bikroy.com/mirpur/mobile-phones/samsung-galaxy-s24-128-gb-silver-7pPpq5qSwT9FZG3eh6N2Ux9X.html,5,2026-09-20T07:00:06.221569+00:00,individual,"​এস আর টেলিকম
Shop 29
Level 3
Bagdad shopping complex, mirpur1 
​RAM:8GB
Room:128GB
With: ক্যাশমেমো box &Device।
​আমাদেরবিশেষসুবিধাসমূহ:
​১০০%জেনুইন মোবাইল 
​৭ দিনের রিপ্লেসমেন্টগ্যারান্টি।
​১ বছরের ফ্রি সার্ভিসওয়ারেন্টি,পার্টসব্যতীত 
​৩৭টি ব্যাংকের EMIসুবিধা।
​হোম ডেলিভারি ও কুরিয়ারসুবিধা।
মাত্র৫০০টাকা পেমেন্ট করে নিশ্চিতকরুন।
Call 018XXXXXXXX"
Samsung Galaxy A73 5G 256 GB Green,22999,Used,"Dhaka, Mirpur",4 hours ago,https://bikroy.com/mirpur/mobile-phones/samsung-galaxy-a73-5g-256-gb-green-dQd5ZCFx0pWhrd6ALOmq6aqX.html,5,2026-09-20T07:00:06.502233+00:00,individual,"S A Gadget Mart. Shop No: 35, 3rd Floor, Baghdad Shopping Complex, Mirpur-1, Dhaka-1216.
Model:Samsung A73 5g
RAM: 8 GB
Storage: 256 GB
Battery: 5000 mAh
PRICE FIXED: 
Box.cash memo available
Replacement Guarantee: 7 Days. Service Warranty: 2 Years. Home delivery available all over Bangladesh."
Apple iPhone 15 128 GB Green,59000,Used,"Rajshahi, Paba",15/09,https://bikroy.com/paba/mobile-phones/apple-iphone-15-128-gb-green-rTRtta7zpC6OhtuJNsvSyHtk.html,5,2026-09-20T07:00:07.240420+00:00,individual,"Full fresh condition
Battery health 86%
Cycle count 680+
No repair history
All parts original"
Apple iPhone 14 Pro Max 256 GB Purple,75000,Used,"Rajshahi, Shaheb Bazar",1 hour ago,https://bikroy.com/shaheb-bazar/mobile-phones/apple-iphone-14-pro-max-256-gb-purple-dXs04LXCudjcFOC7CJgxaZmS.html,3,2026-09-20T07:00:07.808284+00:00,individual,"iPhone 14 Pro Max

256 GB, 85% Battery Health

Singapore variant

Super condition 

7 days replacement guarantee  
1 year service warranty  

#exchange possible 

Our Address:
Smart Choice, Shop No. 211,
City Center, Beside Rajshahi College, Sonadighi Mor, Rajshahi

Call for any details 017XXXXXXXX"
Apple iPhone 11 128 GB Purple,28000,Used,"Rajshahi, Shaheb Bazar",1 hour ago,https://bikroy.com/shaheb-bazar/mobile-phones/apple-iphone-11-128-gb-purple-v5LqCD6lqgnInI19TJCJFWNE.html,3,2026-09-20T07:00:08.467006+00:00,individual,"iPhone 11
128 GB, 88% Battery Health
Super condition
7 days replacement guarantee
1 year service warranty
#exchange possible
Our Address:
Smart Choice, Shop No. 211,
City Center, Beside Rajshahi College, Sonadighi Mor, Rajshahi
Call for any details:"
Apple iPhone 11 128 GB White,25000,Used,"Rajshahi, Ramchandrapur",2 days ago,https://bikroy.com/ramchandrapur/mobile-phones/apple-iphone-11-128-gb-white-3Cnpx5FNExvU9kzYBDMq65SG.html,5,2026-09-20T07:00:09.098877+00:00,individual,Fully fresh condition... Only interested buyers are requested to knock please in this number ()... Phone location SADHURMOR (Opposite road of Orchid Mess)...
Apple iPhone 15 128 GB White,55000,Used,"Rajshahi, Shaheb Bazar",1 hour ago,https://bikroy.com/shaheb-bazar/mobile-phones/apple-iphone-15-128-gb-white-fsGLENhcvKogFRSNWMXFMI26.html,3,2026-09-20T07:00:09.854944+00:00,individual,"iPhone 15 
128GB / 97% Battery Health 
Physical SIM 
Experience super condition 
Enjoy a 7-day replacement guarantee 
Get a 1-year service warranty 
#Exchange possible 
Our Address: 
Smart Choice, Shop No. 211, 
City Center, Beside Rajshahi College, Sonadigir Mor, Rajshahi 
Call for details:"
Apple iPhone 13 Pro Max 512 GB Blue,64000,Used,"Chattogram, Agrabad",2 days ago,https://bikroy.com/agrabad/mobile-phones/apple-iphone-13-pro-max-512-gb-blue-kdpYlGw6idSHO0eDakbzcMpg.html,5,2026-09-20T07:00:10.433339+00:00,individual,"Iphone 13 pro max 
Face id- Working 
Battery health -83% (original)
Storage -512gb
100% fresh condition
No repair history... 
Location :Chowmuhoni ,Agrbad,Ctg
For security- Nid card"
Apple iPhone 15 Pro Max 256 GB Gray,75000,Used,"Chattogram, Chawkbazar",29/08,https://bikroy.com/chawkbazar/mobile-phones/apple-iphone-15-pro-max-256-gb-gray-5mbNVKxoQ1t4cJthLfoCwxvT.html,4,2026-09-20T07:00:10.952347+00:00,individual,"IPhone 15pro max 256 natural titanium With box and catalogue stickers
The phone is my personal use and I bought it from DUBAI UAE.
Not scratch but phones screen change. I replaced it good once from Dubai cost around BDT 16k
If anyone are interested please contact on 018XXXXXXXX"
Apple iPhone 11 Pro 64 GB White,27000,Used,"Chattogram, Chandgaon",30/08,https://bikroy.com/chandgaon/mobile-phones/apple-iphone-11-pro-64-gb-white-rizAFIviNcVL4cH5RXpL348a.html,5,2026-09-20T07:00:11.667745+00:00,individual,"Model: Iphone 11 Pro
Storage:64gb
Battery health:72%(orginal)
Varrient:Japan
Price:27k
Mobile+cashmemo
Location:chandgao bohoddarhat chotoogram(location must)
Mobile ta 8 month use korsi.99% fresh. Kono issue nai.display 100% orginal guarantee.True tone and face id all everything okay.tana 5 hours+ use kora jai.battery o orginal.mbl finlay thke nsi"
Apple iPhone 13 128 GB Blue,45000,Used,"Chattogram, Patenga",2 days ago,https://bikroy.com/patenga/mobile-phones/apple-iphone-13-128-gb-blue-7Zc4sHN7fB8EDGTvawP4OOsw.html,5,2026-09-20T07:00:12.231953+00:00,individual,"Phone is fully fresh, no repair work has been done, battery health is 87%, I am the 1st owner, whoever takes it will be the 2nd, lamination done, Face ID, True Tone, all ok"
Apple iPhone XS Max 512 GB Rose Gold,21000,Used,"Chattogram, New Market, Chattogram",16/09,https://bikroy.com/new-market/mobile-phones/apple-iphone-xs-max-512-gb-rose-gold-uOe1jT8Bv5ovorP2qRrFAuEy.html,3,2026-09-20T07:00:12.851782+00:00,individual,"Storage: 512gb 💥
Bettery Health: 75% Original 🔋
Display: gx er orginal ta ✅
Face id ❎
True Tone 🆗
Camera 💥
Silent Buton 🆗
Sim Wifi 🆗
লোকেশনে আসতে হবে ✅"
Apple iPhone 14 Pro 128 GB Purple,53999,Used,"Dhaka, Shantinagar",29/08,https://bikroy.com/shantinagar/mobile-phones/apple-iphone-14-pro-128-gb-purple-a7lgAxXjP9ZXvm1I8w5iVe3T.html,3,2026-09-20T07:00:13.352422+00:00,individual,"Iphone 14pro 128gb
Singapore variant
bh 76%
display has a pink line
cash memo available 
price slightly negotiable.
location : shantinagar or bailyroad"
Apple iPhone 16 128 GB Blue,82500,Used,"Dhaka, Mirpur",28/08,https://bikroy.com/mirpur/mobile-phones/apple-iphone-16-128-gb-blue-wcztadToW6YyLDZjVLJTMQLh.html,5,2026-09-20T07:00:14.705270+00:00,individual,"Used: 1 Year
Battery Health: 96%
Charging Cycle: 253 (as of 28.08.2026)
Box & Original Memo: Available
Condition
Entire phone was poly-covered from day one
Single-handedly used by a female user
No gaming history
No scratches or dents
Very carefully and lightly 
Note: Charger/adapter will not be provided."
Apple iPhone 14 Pro Max 256 GB Purple,80000,Used,"Dhaka, Jamuna Future Park",1 hour ago,https://bikroy.com/jamuna-future-park/mobile-phones/apple-iphone-14-pro-max-256-gb-purple-dNEXy2edmMe18w3Yw9aL9vEt.html,5,2026-09-20T07:00:15.068311+00:00,individual,"iPhone 14 Pro Max– Best condition 
• 256 GB Storage • 
• Color: Deep Purple
• Singapure(1 eSIM+1 physical sim)
• Battery Health: [86%]
• Absolutely fresh, no issues
• Face ID, Camera, True Tone all 100% OK 
• Box/Charger: None
• Price: ৳80000

7 days replacement guarantee
(without display & software update issue)
3 years free service warranty"
Apple iPhone 16 Pro Max 256 GB Silver,118000,Used,"Dhaka, Jatrabari",14/09,https://bikroy.com/jatrabari/mobile-phones/apple-iphone-16-pro-max-256-gb-silver-aCm8HF7uOcOSzKa1ITtnuUFp.html,5,2026-09-20T07:00:15.391200+00:00,individual,"📱 iPhone 16 Pro Max 256GB — Full Fresh Condition 🔥

একদম ফ্রেশ ও যত্নে ব্যবহার করা iPhone 16 Pro Max বিক্রি করা হবে।

✨ Model: iPhone 16 Pro Max
💾 Storage: 256GB
🎨 Color: Natural Titanium
🔋 Battery Health: 91%
💎 Condition: একদম ফ্রেশ 
phone er sathe ja jabe paben 
Box paben 
Cash memo paben
Phone er cover paben 
Price :118000"
Apple iPhone 16 Pro Max 512 GB Rose Gold,131000,Used,"Dhaka, Mirpur",01/09,https://bikroy.com/mirpur/mobile-phones/apple-iphone-16-pro-max-512-gb-rose-gold-sJhKqRJLSrtTfllR43VPWX9M.html,3,2026-09-20T07:00:15.859555+00:00,individual,Adapter cable box camera protector glass protector back poly and box availavail
Apple iPhone 16 Pro Max 256 GB Rose Gold,115000,Used,"Dhaka, Uttara",08/09,https://bikroy.com/uttara/mobile-phones/apple-iphone-16-pro-max-256-gb-rose-gold-3eKOzn9gVPyqV983G2c65Zd1.html,4,2026-09-20T07:00:16.240832+00:00,individual,"Iphone 16 pro max 
256gb
90%
Cycle count 671 
Box available 
Fresh condition 
Prices negotiable 
Location Uttara ,sector 7 azampur ."
Apple iPhone 13 128 GB Blue,36000,Used,"Dhaka, Savar",08/09,https://bikroy.com/savar/mobile-phones/apple-iphone-13-128-gb-blue-rnvF4US5doc1PEGQU1iwxHcU.html,5,2026-09-20T07:00:16.949172+00:00,individual,"IPhone 13 — 128GB | Blue 
 Condition: Very Fresh
 Storage: 128GB
 Color: Blue
 Battery Health: 77%
 Face ID: 100% Working 
 True Tone: Working 
 Everything: Fully OK 
 Parts: All Original — Nothing Changed/ Repaired 
 Authentic: 100% Genuine
কোনো সমস্যা নেই, সবকিছু চেক করে নিতে পারবেন।
সিরিয়াস ক্রেতারা ইনবক্স করুন।"
Apple iPhone 12 128 GB Black,27000,Used,"Dhaka, Mirpur",06/09,https://bikroy.com/mirpur/mobile-phones/apple-iphone-12-128-gb-black-g7iPFlGYH60CymnrRqkbzCAQ.html,5,2026-09-20T07:00:17.503193+00:00,individual,"Iphone 12 with box
128gb
Bh 89% original 
Only display change gx original install facw true tone everything working as original 
No issue phone
Price 27k
0
Location mirpur 10 metro station
{} whatsapp"
Apple iPhone 14 128 GB Purple,43500,Used,"Dhaka, Gulshan",07/09,https://bikroy.com/gulshan/mobile-phones/apple-iphone-14-128-gb-purple-d17GT0PEVAMHtHAn8DbcVaq0.html,4,2026-09-20T07:00:18.271498+00:00,individual,আপনি চাইলে আপনার অপছন্দের পুরাতন ফোনটা দিয়ে এক্সচেঞ্জ করে নিতে পারবেন।
Xiaomi Mi 11 Ultra 256 GB Black,35000,Used,"Dhaka, Badda",16/09,https://bikroy.com/badda/mobile-phones/xiaomi-mi-11-ultra-256-gb-black-aqINzstD0IVzolpeFIptyjov.html,5,2026-09-20T07:00:18.894389+00:00,individual,"একটা স্কাচ ও নাই ফোনে, নতুন অবস্থা থেকেই পলি করা দুই পাশেই।  ফোনের সাথে শুধু দোকানের ক্যাশ মেমো পাবেন  এবং  সিকিউরিটি হিসাবে ভোটার আইডি কার্ডের ফটোকপি পাবেন। 
ফোনের সবকিছু একশ একশ। আসবেন দেখবেন যদি ভালো লাগে নিবেন। বিস্তারিত অনলাইনে দেখে নিন।"
Xiaomi Redmi K90 256 GB Red,49999,Used,"Dhaka, Motalib Plaza",52 min ago,https://bikroy.com/motalib-laza/mobile-phones/xiaomi-redmi-k90-256-gb-red-3nXbCwNU7U9BbXQufIP8PHEC.html,5,2026-09-20T07:00:19.470022+00:00,individual,"Wholesale & Retail 
Redmi K90 12/256GB (Active)
BH-100%

Mobile, Box & Charger (বক্স, চার্জার পেতে সময় লাগতে পারে ৫/৭ দিন) 

Address: Hridoy Communication, 2nd Floor, Shop no: 338"
Xiaomi 13 Ultra 256 GB Green,45000,Used,"Dhaka, Mohammadpur",01/09,https://bikroy.com/mohammadpur/mobile-phones/xiaomi-13-ultra-256-gb-green-ieKf314ZpqgPQrdkSl8oI3i8.html,5,2026-09-20T07:00:19.897669+00:00,individual,"📱🔥 Xiaomi 13 Ultra (6/128GB) used 
no box
📸 অসাধারণ Leica Camera Experience
China varriant 
💾 RAM/ROM: 6/128GB
মূল্য: ৪৫,০০০ টাকা
🏷️ New Price: ৯৪,০০০ টাকা

✅ Only Device
✅ Back Cover
✅ Premium Super Strong Glass
📍 লোকেশন: সাভার সেনা শপিং কমপ্লেক্স
SMS Gadget
🚨 মাত্র ১ পিস Available!
⚠️ আসার আগে অবশ্যই কল করে Booking করে আসতে হবে।"
Xiaomi Redmi Note 14 4G 128 GB Black,19999,Used,"Dhaka, Jatrabari",1 hour ago,https://bikroy.com/jatrabari/mobile-phones/xiaomi-redmi-note-14-4g-128-gb-black-tRUZvsLHG9yRATVlEAd1ewZW.html,3,2026-09-20T07:00:20.452647+00:00,individual,"Box charger all okay
6/128 GB"
Xiaomi 13 256 GB Blue,32999,Used,"Dhaka, Mirpur DOHS",1 hour ago,https://bikroy.com/mirpur-dohs/mobile-phones/xiaomi-13-256-gb-blue-7YitwFwbP4J0vc5Bn2s6NcdB.html,4,2026-09-20T07:00:21.160052+00:00,individual,"AR Gallery BD 
Shop-76, Lift-4, Shah Ali Plaza, Mirpur-10,Dhaka-1216,
Xiaomi 13 - Only Phone + Cash Memo.
★Ram:- 12GB ★Rom:-256GB 
★Back Camera:-50+10+12 MP 
★Front Camera:- 32MP
★Battery:-4500mAh
★ Charging: 67W wired,
★ Sim: dual sim
■ 5 দিনর রিপ্লেসমেন্ট গ্যারান্টি । 
■ 1 বছরের সার্ভিস ওয়ারেন্টি ( Without parts)"
Xiaomi Civi 1S 256 GB Black,18000,Used,"Dhaka, Mirpur",30/08,https://bikroy.com/mirpur/mobile-phones/xiaomi-civi-1s-256-gb-black-2H7DlER5zU5PrRQWVUz6zvGK.html,5,2026-09-20T07:00:21.855156+00:00,individual,"Xiaomi Civi 5G | 8GB RAM | 256GB ROM — বিক্রি হবে
একদম ফ্রেশ ও সুন্দর কন্ডিশনের ফোন। 
মাত্র ২ সপ্তাহ আগে কেনা হয়েছে। ফোনের সবকিছু অরিজিনাল এবং কোনো পার্টস পরিবর্তন করা হয়নি।
 RAM: 8GB
 Storage: 256GB
 Processor: Snapdragon 778G 5G
 Display: 6.55"" OLED | 120Hz
 Main Camera: 64MP
 Front Camera: 32MP
 Battery: 4500mAh
 Fast Chargi"
Samsung Galaxy Z Fold 5 512 GB Black,50000,Used,"Rajshahi, Hatemkha",03/09,https://bikroy.com/hatemkha/mobile-phones/samsung-galaxy-z-fold-5-512-gb-black-7QsCSHU9qxgDFgtSqDGaGbg9.html,4,2026-09-20T07:00:22.184320+00:00,individual,samsung z fold 5 12/512 all ok location rajshahi jekono sequrity dewa jabe   vlo phon pele exchange kora jbe
Samsung Galaxy S24 Ultra 256 GB Gray,75000,Used,"Rajshahi, Kadirgonj",4 hours ago,https://bikroy.com/kadirgonj/mobile-phones/samsung-galaxy-s24-ultra-256-gb-gray-5Ykhvocy3Mp0z3y82bnn8Ctr.html,5,2026-09-20T07:00:22.892900+00:00,individual,"Assalamu Alaikum wa Rahmatullahi wa Barakatuh 
Fresh condition
 Box: Only Device
 Cash Memo: Available
 Replacement Guarantee: Up to 7 days (conditions apply) 
Location: Rajshahi Kadirganj Chalpatti, beside Large Farmer, behind Swapnachura Plaza Nagar Bhaban. 
 Shop No: 123 - Ground Floor beside the lift 
 Shop Name: Rajshahi Mobile Bari"
Samsung Galaxy S24 Ultra 256 GB,75000,Used,"Rajshahi, Vodra",15/09,https://bikroy.com/vodra/mobile-phones/samsung-galaxy-s24-ultra-256-gb-aJzE7dmwYfMPeiGUB1dUpHrY.html,3,2026-09-20T07:00:23.417488+00:00,individual,"Samsung Galaxy 24 Ultra
12/256
Phone : 
Price: (Negotiable)"
Samsung Galaxy S10 Plus 128 GB White,20000,Used,"Rajshahi, Paba",30/08,https://bikroy.com/paba/mobile-phones/samsung-galaxy-s10-plus-128-gb-white-oHeK45Cc8v4p1cz6GjlANFaF.html,5,2026-09-20T07:00:23.866723+00:00,individual,emergency sel daw hab  full fresh condition
Samsung Galaxy S21 FE 128 GB Purple,25000,Used,"Rajshahi, Shaheb Bazar",22/08,https://bikroy.com/shaheb-bazar/mobile-phones/samsung-galaxy-s21-fe-128-gb-purple-xpMeSEXU9SbL751vQH1oyysy.html,5,2026-09-20T07:00:24.590186+00:00,individual,"I will sell my used Samsung Galaxy S21 FE 5G phone due to an urgent need. The phone was purchased from 'Sumash Tech' at Bashundhara City in Dhaka. It is completely fresh and in running condition.
Condition and Performance: There are no scratches or dents on the phone's body, back shell, and camera glass. The external outlook is as fresh as new."
Samsung Galaxy S21 FE 128 GB Gray,28500,Used,"Rajshahi, Tanore",29/08,https://bikroy.com/tanore/mobile-phones/samsung-galaxy-s21-fe-128-gb-gray-puj3391DSpS1WAK2izLvGQE3.html,3,2026-09-20T07:00:25.250111+00:00,individual,Sorom theke kena akdom notun er moto
Samsung Galaxy S24 Ultra (Used),90000,Used,"Chattogram, Khulshi",23/04,https://bikroy.com/khulshi/mobile-phones/samsung-galaxy-s24-ultra-used-7CO4BEAXvKuCTvUK7J1NNbx6.html,3,2026-09-20T07:00:25.989193+00:00,individual,"100% fresh.
Full boxed. Not a single spot. Original cable.
With premium phone case."
Samsung Galaxy Z Fold 6 (12/256) DUAL SIM BOX (Used),120000,Used,"Chattogram, Chawkbazar",1 hour ago,https://bikroy.com/chawkbazar/mobile-phones/samsung-galaxy-z-fold-6-12-256-dual-sim-box-used-zcU1KIkG3VDPt1bIhFEOOgY4.html,2,2026-09-20T07:00:26.700832+00:00,individual,"🔳 Used abroad for 2/3 months. As good as new condition.
🔳 Storage: 12/256GB
🔳 Colour: Silver
◾ Box and original cable included

🔰 Our Speciality......................................

◾ Original & Non-Refurbished Product
◾ EMI Facilities Available*
◾ Accept Visa, Master Card
◾ Delivery facility inside & outside Chattogram
◾ Phone exchange facilities*
◾ All products are original and genuine.
◾ 7-day replacement and 1-year service warranty on all products

🔰 Our Showroom Address:

Rony Enterprise (Since 2007)
Bali Arcade Shopping Center
4th Floor, Shop no 03 (in front of Chawkbazar Post Office)
Sirajuddula Road, Chawkbazar, Chattogram Show more"
Samsung Galaxy S24 Ultra 512 GB Gold,83000,Used,"Chattogram, Nasirabad",13/07,https://bikroy.com/nasirabad/mobile-phones/samsung-galaxy-s24-ultra-512-gb-gold-dxEOFOvZ25AlGnrzJxS32fYG.html,3,2026-09-20T07:00:27.407634+00:00,individual,"Full box given 
12/512 
Vietnam variant
A very little dot in the screen otherwise all ok no scratch"
Samsung Z 16 GB Blue,45000,Used,"Chattogram, Khulshi",31/08,https://bikroy.com/khulshi/mobile-phones/samsung-z-16-gb-blue-mttM7VbSHdRMrG4lwpmor7A5.html,3,2026-09-20T07:00:28.094862+00:00,individual,"SAMSUNG Z FLIP4 
8/128
PRICE NEGOTIABLE"
Samsung Galaxy A35 128 GB Rose Gold,23500,Used,"Chattogram, Muradpur",1 hour ago,https://bikroy.com/muradpur/mobile-phones/samsung-galaxy-a35-128-gb-rose-gold-zWazxEKXz7vMJJvMer6BmmzD.html,3,2026-09-20T07:00:28.664496+00:00,individual,"Samsung galaxy A35 5G 
8/128
Full box... 
 সুবিধা:
 ১৫ দিনের রিপ্লেসমেন্ট গ্যারান্টি
 Device – 
 Shop No: 319, 3rd Floor (Lift 2 )
 CPDL RB Midtown Market, মুরাদপুর, চট্টগ্রাম (মক্কা হোটেলের পাশে)"
Samsung Galaxy S22 Ultra 256 GB Black,35000,Used,"Chattogram, Kotwali, Chattogram",29/08,https://bikroy.com/kotwali/mobile-phones/samsung-galaxy-s22-ultra-256-gb-black-BxygghxCWWavye0Vqu1NwpQ2.html,4,2026-09-20T07:00:29.356555+00:00,individual,Full fresh 12/256 Vietnam variant
New Samsung Galaxy S24 Ultra 256 GB Gray,79000,Brand New,"Dhaka, Mirpur",03/09,https://bikroy.com/mirpur/mobile-phones/new-samsung-galaxy-s24-ultra-256-gb-gray-6kmvcmemrXsXElP8qtXkxLtG.html,3,2026-09-20T07:00:29.973878+00:00,individual,"Samsung Galaxy S24 Ultra 5G | 256GB | Like New Condition 

 Samsung Galaxy S24 Ultra – 256GB
 Almost Brand New | Very Lightly Used

Selling my personal Samsung Galaxy S24 Ultra 256GB, used for only a short period. The phone is in excellent condition, looks and feels almost brand new.

 100% Scratch-Free
 No dents or physical damage"
Samsung Galaxy S25 512 GB Black,110000,Used,"Dhaka, Jatrabari",26/08,https://bikroy.com/jatrabari/mobile-phones/samsung-galaxy-s25-512-gb-black-8ay5FXBWzTrTrp3E9ry7PlQr.html,3,2026-09-20T07:00:30.462603+00:00,individual,Just Call me 017XXXXXXXX
Samsung Galaxy S25 Ultra 256 GB Black,90000,Used,"Dhaka, Gulshan",26/08,https://bikroy.com/gulshan/mobile-phones/samsung-galaxy-s25-ultra-256-gb-black-jFwyOBWGrkiV0aPQrBGHxaJ2.html,3,2026-09-20T07:00:31.125224+00:00,individual,Only 4.5 months Used gently. Fully Fresh condition.Bought it from Sumas Tech.Box & memo available.
Samsung Galaxy A17 5G 128 GB Purple,25000,Used,"Dhaka, Mirpur",01/09,https://bikroy.com/mirpur/mobile-phones/samsung-galaxy-a17-5g-128-gb-purple-rJzbLaLjv5uzTL4qqcVmxllH.html,4,2026-09-20T07:00:31.623571+00:00,individual,Full fredh. All okkke. Box changer sob ase
Samsung Galaxy S23 Ultra 256 GB Green,49000,Used,"Dhaka, Savar",03/09,https://bikroy.com/savar/mobile-phones/samsung-galaxy-s23-ultra-256-gb-green-lfoyhkvSbhZIcLe1GxB8KFnn.html,5,2026-09-20T07:00:32.338845+00:00,individual,"Samsung S23 ultra

12/256gb

1 ta esim/1 ta physical

সব কিছু ওরজিনাল এবং অথেনটিক

Camera 100x পর্যন্ত ওকে, প্রোট্রেট ও আগুন।ক্যাশ মেমো আছে ইমারজেন্সি টাকার প্রয়োজন সে কারণে বিক্রি করতেছি"
Samsung Galaxy S23 128 GB Black,29999,Used,"Dhaka, Khilgaon",56 min ago,https://bikroy.com/khilgaon/mobile-phones/samsung-galaxy-s23-128-gb-black-r339kLi8UVPKd5yHuDxBMVwD.html,3,2026-09-20T07:00:32.909106+00:00,individual,"Assalamu Alaikum.
Greetings from ""Mobo Live Bd"".
Samsung S23 8/128GB
Black
Full Factory Unlock
100% original device
Dear Honourable Customer.
Now you can purchase with EMI of 21 banks credit cards. Thanks for being with us."
Apple iPhone 16 Pro Max International (Used),124000,Used,Rajshahi,1 hour ago,https://bikroy.com/rajshahi/mobile-phones/apple-iphone-16-pro-max-international-used-l8ZYqC5lOYSqnQWAs5WFKEEN.html,0,2026-09-20T07:00:33.524861+00:00,individual,"iPhone 16 Pro Max 🔥

256 GB, 97% Battery Health

International Global Version 🔥

Super condition 🔥🔥

7 days replacement guarantee ✅
1 year service warranty ✅

#exchange possible ✅

Our Address:
Smart Choice, Shop No. 211,
City Center, Beside Rajshahi College, Sonadighi Mor, Rajshahi

Call for any details"
Apple iPhone 17 Pro Max super condition (Used),159000,Used,Rajshahi,1 hour ago,https://bikroy.com/rajshahi/mobile-phones/apple-iphone-17-pro-max-super-condition-used-hTk4IKkvO4s3bsD26ueDovzb.html,0,2026-09-20T07:00:33.896120+00:00,individual,"Iphone 17 pro max 256 gb 100 bh. Physical sim 🔥🔥🔥. Super condition 🔥🔥. Enjoy a 7-day replacement guarantee ✅ and 1-year service warranty ✅. #exchange possible ✅. Our Address: Smart Choice, Shop No. 211, City center, Beside of Rajshahi College, Sonadigir mor Rajshahi. Call for any details."
Apple iPhone 16 Pro Max 256 GB,129999,Used,"Rajshahi, Baharampur",21/06,https://bikroy.com/baharampur/mobile-phones/apple-iphone-16-pro-max-256-gb-fShnzR2EYw90F51LeoKqXDjw.html,5,2026-09-20T07:00:34.653152+00:00,individual,"Apple Limited Warranty till 29 August 2026
Australian Variant
Physical SIM + eSIM
Battery Health: 100%
Cycle Count: 234
No Scratch
No Dent
No Repair History
Never Opened
Box + Original Type-C Cable Available
Reason for Selling:
Upgrade to iPhone 17 Pro Max
Face to Face Deal Preferred
Location: Rajshahi"
Apple iPhone 14 Pro Max 128 GB Purple,59000,Used,"Rajshahi, Nawdapara",30/08,https://bikroy.com/nawdapara/mobile-phones/apple-iphone-14-pro-max-128-gb-purple-84zpHG9PTVYhlxMpTrfEa5JB.html,4,2026-09-20T07:00:35.136233+00:00,individual,"Face id 
Display change ( True tone )
Box + cash memo available 
Bh 76% (charge onk valo thake original Battery)
Price akdom fixed"
Apple iPhone 16 128 GB Black,67999,Used,"Rajshahi, Motihar",4 hours ago,https://bikroy.com/motihar/mobile-phones/apple-iphone-16-128-gb-black-G1eLaCEXbsYPI3FI1B84yxM.html,5,2026-09-20T07:00:35.892790+00:00,individual,"I phone 16 
128GB 
100% battery 116 bar charger 
Waterproof 
Call me"
Apple iPhone 16 Pro 128 GB Black,96000,Used,"Rajshahi, Vodra",03/09,https://bikroy.com/vodra/mobile-phones/apple-iphone-16-pro-128-gb-black-3b3NuosHypPbXj9wBR5qruZK.html,4,2026-09-20T07:00:36.635054+00:00,individual,"Bh-90
Cycle -355
Full fresh condition 
Number 013XXXXXXXX"
Apple iPhone 14 Pro 256 GB Silver,50000,Used,"Rajshahi, Kadirgonj",27/08,https://bikroy.com/kadirgonj/mobile-phones/apple-iphone-14-pro-256-gb-silver-BceWAugklE1PgMpW2mB0wdxB.html,3,2026-09-20T07:00:37.296406+00:00,individual,phn desin thak ea pora glass fata gaca all ok funn orginal
Apple iPhone 12 Pro 256 GB Gold,35000,Used,Rajshahi,15/09,https://bikroy.com/rajshahi/mobile-phones/apple-iphone-12-pro-256-gb-gold-yxhp8HJuGk19uGtAxpoaEjKU.html,5,2026-09-20T07:00:38.057032+00:00,individual,"Please read carefully before messaging
The mobile has never been opened. The issues are that the Face ID does not work after updating. The back shell is cracked. A cash memo will be provided with the mobile and an ID card will be given as security. Only those who are willing to buy should call or message, thank you."
Apple iPhone 14 128 GB Blue,36500,Used,"Rajshahi, Kazla",14/09,https://bikroy.com/kazla/mobile-phones/apple-iphone-14-128-gb-blue-3atLbgKyqxAadCibbEG90tWw.html,5,2026-09-20T07:00:38.630423+00:00,individual,"Battery 82
Storage 128
Wifi bypass"
Apple iPhone 17 Pro Max P-SIM+E-SIM Brand New,172999,Brand New,"Chattogram, Agrabad",1 hour ago,https://bikroy.com/agrabad/mobile-phones/apple-iphone-17-pro-max-p-sim-e-sim-ntun-brand-new-1c1M4oyTA6EwXO5vWGDhrGjL.html,0,2026-09-20T07:00:39.305876+00:00,individual,"Stay updated with our latest product prices by liking 👍 & FOLLOWING our page. Page link - https://www.facebook.com/jojobdctg.

** iPhone 17 Pro Max, 256GB, Australian variant, 100% authentic.
Other Apple models in our store – 17 Pro Max 512GB - Australia, 17 256GB Australia, 16 128GB, 15 128GB Singapore, 14 128GB, MacBooks Singapore Air M4 16/256.

🌍 Variant: global

📦 Condition: New Intact |

✅ 100% Authentic

✅ 7-day replacement, 1-year service warranty.

----------------------------------------------------------------------

Address:

Shop- 537, Level-5 (Capsule lift 4,

Straight after exiting the lift, JoJoBD)

Akhtaruzzaman Center,

Agrabad, Chittagong. Show more"
New Apple iPhone 17 Pro Max 256 GB Orange,160000,Brand New,"Chattogram, Boalkhali",25/06,https://bikroy.com/boalkhali/mobile-phones/new-apple-iphone-17-pro-max-256-gb-orange-14Gjr9fBvTVHsORXpnYMyacL.html,5,2026-09-20T07:00:39.771652+00:00,individual,"Only 3 months used. Cycle count only 35.
First use March 2026. The phone is from Abu Dhabi, UAE. Physical SIM & eSIM available."
Apple iPhone 17 CANADA BRAND NEW (Brand New),120000,Brand New,"Chattogram, Chawkbazar",1 hour ago,https://bikroy.com/chawkbazar/mobile-phones/apple-iphone-17-canada-brand-new-brand-new-dZOMhZI7wxvPld4PST30rdSL.html,0,2026-09-20T07:00:40.516898+00:00,individual,"🔳 INTACT SEAL PACK
🔳 Storage: 12/256GB
🔳 Colour: WHITE
◾ Box And Original Cable


🔰 Our Speciality......................................


◾Original & Non-Refurbished Product
◾Emi Facilities Available*
◾Accept Visa, Master Card
◾Delivery Facility inside & Outside ctg.
◾Phone Exchange Facilities*
◾Our All Products Original And Genuine. 
◾Our All Product 7 Days replacement And 1 year Service Warranty


🔰 Our Showroom Address:

Rony Enterprise (Since 2007)
Bali Arcade Shopping Center
4th Floor, Shop no 03(infront of chawkbazar Post Office
Sirajuddula Road, Chawkbazar, Chattogram Show more"
Apple iPhone 16 128 GB Blue,68000,Used,"Chattogram, New Market, Chattogram",2 days ago,https://bikroy.com/new-market/mobile-phones/apple-iphone-16-128-gb-blue-deHOwcm6Wf5WxyuH5wVx1wey.html,4,2026-09-20T07:00:41.083145+00:00,individual,"iPhone 16 with box
Full fresh
128 GB
Battery Health: 85% (original)
Face ID
True Tone
Waterproof
Physical SIM + eSIM
Everything is okay
Location: East Madarbari, Chattogram
Must visit location"
Apple iPhone 15 Plus 128 GB,68000,Used,"Chattogram, Pahartali",05/09,https://bikroy.com/pahartali/mobile-phones/apple-iphone-15-plus-128-gb-7WAp5Mw29zIvlDbF6JnHyxN3.html,3,2026-09-20T07:00:41.643804+00:00,individual,"Model Number: MU163HN/A 
• Colour: Ocean Blue
• Battery Health:92% 
• Cycle Count:320 
• Condition: Neat & clean, no scratches
• Performance: Smooth like new
• Camera: Crystal clear photos & video
• Face ID Fully working 
• Display: Original, no spot or line
• Body: Scratch-free"
Apple iPhone 16 Pro Max 256 GB Rose Gold,115000,Used,"Chattogram, New Market, Chattogram",12/09,https://bikroy.com/new-market/mobile-phones/apple-iphone-16-pro-max-256-gb-rose-gold-uJo9OsH8r61ll8LIDA7QG69D.html,5,2026-09-20T07:00:42.238852+00:00,individual,"The mobile was sent from Dubai, used by a single person, fully fresh body with no scratches
Battery health 90%
Original box is available, security can be provided if wanted
You can check it to your heart's content, no issues at all
Call directly at 019XXXXXXXX"
Apple iPhone 12 mini 64 GB Purple,27000,Used,"Chattogram, Mirsharai",1 day ago,https://bikroy.com/mirsharai/mobile-phones/apple-iphone-12-mini-64-gb-purple-A6CA32nYqKv7ui3Qi2hImmxR.html,3,2026-09-20T07:00:42.738658+00:00,individual,"Battery 83%
Face ID and True Tone are ok
Charger is available"
Apple iPhone 11 128 GB White,30000,Used,"Chattogram, Bandar, Chattogram",01/09,https://bikroy.com/bandar/mobile-phones/apple-iphone-11-128-gb-white-hyqj3QzlP9Zy8XEBS7myhEUA.html,5,2026-09-20T07:00:43.335968+00:00,individual,"Urgent sell. One hand use, secure, battery health 91%"
Apple iPhone 11 256 GB White,33000,Used,"Chattogram, Mirsharai",06/09,https://bikroy.com/mirsharai/mobile-phones/apple-iphone-11-256-gb-white-dR2RICTSDjwduSY51eCceNPT.html,3,2026-09-20T07:00:44.010713+00:00,individual,"Ipon 11
ব্যটারি:৮৮
পেস আইডি :ok
ওয়াটারপ্রুর্ব:ok
বক্স আচে 
চার্জার ওরজনাল
দাম।:৩৩০০০"
Apple iPhone 14 Pro Max 256 GB Gold,65000,Used,"Dhaka, Wari",05/09,https://bikroy.com/wari/mobile-phones/apple-iphone-14-pro-max-256-gb-gold-tRFX54ZRrxc3VwkpeN9AesrD.html,3,2026-09-20T07:00:44.531933+00:00,individual,"Iphone 14Pro Max
battery and dispay changed
Bh-100%
256GB storage
Gold colour"
Apple iPhone 14 Pro Max 128 GB Black,80000,Used,"Dhaka, Jatrabari",01/09,https://bikroy.com/jatrabari/mobile-phones/apple-iphone-14-pro-max-128-gb-black-hlOSQ5yvh13e8ioJyvCIq4eD.html,5,2026-09-20T07:00:45.108305+00:00,individual,"iphone 14pro max
bt health-89
hongkong variant
box available"
Apple iPhone 13 Pro 128 GB Blue,49000,Used,"Dhaka, Savar",05/09,https://bikroy.com/savar/mobile-phones/apple-iphone-13-pro-128-gb-blue-l8CncoV1qbEeDkQiRU26YK2d.html,5,2026-09-20T07:00:45.593130+00:00,individual,No scratch. used carefully . full ok phone. good condition.
Apple iPhone 17 Pro 256 GB Orange,132000,Used,"Dhaka, Mirpur",30/08,https://bikroy.com/mirpur/mobile-phones/apple-iphone-17-pro-256-gb-orange-5npdQSoVgZpn0ybjWYYqzVMa.html,5,2026-09-20T07:00:46.202172+00:00,individual,"All ok about phone
Japan variant"
Apple iPhone 16 Pro Max 256 GB White,110000,Used,"Dhaka, Bashundhara City",4 hours ago,https://bikroy.com/bashundhara-city/mobile-phones/apple-iphone-16-pro-max-256-gb-white-7ujAzHqIDkBuKAeQqxXAn1an.html,3,2026-09-20T07:00:46.931569+00:00,individual,"10-day replacement guarantee
2-year service warranty
Safe courier facility across the country
Attractive exchange offer
Basement-1, Shop-84, Bashundhara City Shopping Mall
Price is subject to change. Please contact via WhatsApp before visiting."
Apple iPhone 16 Pro Max 512 GB Gold,123000,Used,"Dhaka, Mohammadpur",1 hour ago,https://bikroy.com/mohammadpur/mobile-phones/apple-iphone-16-pro-max-512-gb-gold-zqXlarwxO5FLmM6vMU2Xuo9t.html,3,2026-09-20T07:00:47.368286+00:00,individual,"Name: iPhone 16 Pro Max
Color: Desert Titanium Bh91%
Storage: 512GB
Used like new
With Full box
Used Mobile: 3 days replacement & 6 months service warranty or New mobile: 7 days replacement & 1 year service warranty included
Contact number 018XXXXXXXX"
Apple iPhone 11 64 GB Black,25500,Used,Dhaka,14/09,https://bikroy.com/dhaka/mobile-phones/apple-iphone-11-64-gb-black-kuOKd4Iq9iKf46dixJBHn3vw.html,5,2026-09-20T07:00:47.878589+00:00,individual,"✅ Model: iPhone 11
✅ Storage: 64GB
✅ Variant: USA
✅ Battery Health: 77%
✅ Face ID: 100% ঠিক আছে
✅ সবকিছু Original
✅ Charger দেওয়া হবে
❌ Box নেই

ফোনটি খুব যত্নসহকারে ব্যবহার করা হয়েছে। ফোন কখনো খোলা হয়নি, তাই যারা Original ও Unopened iPhone খুঁজছেন তাদের জন্য ভালো হবে।
💰 Price: 25,500 fixed"
Apple iPhone 12 Pro Max 256 GB Gold,47000,Used,"Dhaka, Keraniganj",09/09,https://bikroy.com/keraniganj/mobile-phones/apple-iphone-12-pro-max-256-gb-gold-pgJ3tQXntTHkVPtA52K8t8vq.html,5,2026-09-20T07:00:48.117171+00:00,individual,"iPhone 12 Pro Max with cash memo

Storage 256gb

Golden color

Face ID True Tone okay

Battery health 100%

Everything original

Only battery change for ifix

3500 tk lagse battery backup onk bhalo

Adapter ankar

cable

any kind of security provide korbo

Price 47000

Location - keraniganj Kadamtoli"
Apple iPhone 11 64 GB,29000,Used,"Dhaka, Mohammadpur",10/09,https://bikroy.com/mohammadpur/mobile-phones/apple-iphone-11-64-gb-mgzcWI2qBRDJMp5qzGU7BDRo.html,3,2026-09-20T07:00:48.781881+00:00,individual,"Battery Health 77%
with box
phone never opened"
Xiaomi 17 Pro 512 GB White,80000,Used,"Dhaka, Mohammadpur",1 hour ago,https://bikroy.com/mohammadpur/mobile-phones/xiaomi-17-pro-512-gb-white-k1cExZCvY6uSwVMBjnNjvv14.html,3,2026-09-20T07:00:49.420286+00:00,individual,"Name:Xiaomi 17 pro (Chinese)
 Color: White 
 Storage:16-512GB
  Used like new
  Without Box 
With charger and Cable 
Price:-Call for best price 
Used Mobile: 3Days replacement & 6months service warrenty or New mobile: 7days replacement & 1year service warrenty included  
Contact number 018XXXXXXXX"
Xiaomi 13 Pro 256 GB,39000,Used,"Dhaka, Mirpur",06/09,https://bikroy.com/mirpur/mobile-phones/xiaomi-13-pro-256-gb-n8QmeSj2Fe8bLBDhOMpb1wZy.html,5,2026-09-20T07:00:50.247444+00:00,individual,Fully fresh Condition
Xiaomi Civi 4 Pro 256 GB Blue,35000,Used,"Dhaka, Badda",16/09,https://bikroy.com/badda/mobile-phones/xiaomi-civi-4-pro-256-gb-blue-hTbseruTIHqEYva81shvey9o.html,4,2026-09-20T07:00:50.647178+00:00,individual,"Want to exchange with high configured device.
- 12/256 GB
- 8s Gen 3 processor
- 50MP 2x telephoto lens (Awesome portrait)
Super handy premium phone
Location: Badda"
Xiaomi Mix Flip 256 GB White,77000,Used,"Dhaka, Uttara",1 hour ago,https://bikroy.com/uttara/mobile-phones/xiaomi-mix-flip-256-gb-white-vs56lsJl9wlciERKtMBzVmV.html,4,2026-09-20T07:00:51.422405+00:00,individual,"Xiaomi MIX Flip 2 
 RAM: 12GB
 ROM: 256GB
 Full Box + Original Charger
 Excellent Condition
 Exchange Hub
 Shop No: 610, 611, 628 & 629, Level-6
Tropical Alauddin Tower, Sector 3, Road 2"
New Xiaomi 17T 256 GB,67000,Brand New,"Dhaka, Jamuna Future Park",48 min ago,https://bikroy.com/jamuna-future-park/mobile-phones/new-xiaomi-17t-256-gb-fMbn7o9peT9ED4GfNgDXY0V7.html,5,2026-09-20T07:00:51.987654+00:00,individual,"Xiaomi 17T
BD official 
Cycle count : 8
12GB 256GB
Full Fresh condition 
Price: 67000 Tk
 Paramount Gadget
Jamuna Future Park Shopping Mall
Level 4, Shop No: 006C
Near Lift 7 (নোকিয়া গলি)
 
."
Xiaomi Redmi K80 Ultra 256 GB Green,48999,Used,"Dhaka, Savar",28/08,https://bikroy.com/savar/mobile-phones/xiaomi-redmi-k80-ultra-256-gb-green-8TbYBcflB5Sh5vrbQwtv3nEB.html,5,2026-09-20T07:00:52.595854+00:00,individual,Shob ekdm 100% perfect 013XXXXXXXX
Xiaomi 14 512 GB White,40000,Used,"Dhaka, Rampura",04/09,https://bikroy.com/rampura/mobile-phones/xiaomi-14-512-gb-white-iHPuzsYyOu0pY8LGfOlq7SwE.html,5,2026-09-20T07:00:53.099450+00:00,individual,"Full fresh 
Only phone 
Cn model"
Xiaomi Civi 4 Pro 512 GB Blue,36000,Used,"Dhaka, Dhanmondi",4 hours ago,https://bikroy.com/dhanmondi/mobile-phones/xiaomi-civi-4-pro-512-gb-blue-daZQhMw4sDL7xcEm3hxZXPAl.html,5,2026-09-20T07:00:53.604104+00:00,individual,"🌷🌷Welcome to""Mobile Store ""🌷🌷

আামাদের ঠিকানাঃ-

Mobile Store

Shop number -408(level 4)

Dhanmondi 32 Sukrabad bus stand
Phone number 017XXXXXXXX 018XXXXXXXX"
Xiaomi 17 Ultra 1 TB Black,170000,Used,"Dhaka, Uttara",1 hour ago,https://bikroy.com/uttara/mobile-phones/xiaomi-17-ultra-1-tb-black-GWEcoKQbmxnLCLLhjBK1X2x.html,3,2026-09-20T07:00:54.223511+00:00,individual,"✨ Xiaomi 17 Ultra | Pre-Owned ✨

🔥 16GB RAM | 1TB ROM 🔥
🔋 Battery Health: 100%
🔄 Cycle Count: 26
📦 Box Available
🔌 Charger Included
🖥️ Premium High-Resolution Display
🔋 Long-Lasting Battery
💾 Massive 1TB Storage

🏪 Exchange Hub
📍 Shop No: 610, 611, 628 & 629, Level-6, Tropical Alauddin Tower, Sector 3, Road 2, Rajlaxmi, Uttara"
New Xiaomi Civi 5 Pro 256 GB White,65000,Brand New,"Dhaka, Jamuna Future Park",1 hour ago,https://bikroy.com/jamuna-future-park/mobile-phones/new-xiaomi-civi-5-pro-256-gb-white-lgg9I3LoJ0qnCgLHurpr0Rof.html,4,2026-09-20T07:00:55.009370+00:00,individual,"Xiaomi Civi 5 pro– Best condition 
• 128 GB Storage• 
• Color: Nebula Purple
• China Variant
• Battery Health: 100%
• Absolutely fresh, no issues at all 
• Face ID, Camera, True Tone all 100% OK
• Box/Charger: Included 
• Location: Jamuna Future Park, Level 4, 4B-007D"
New Xiaomi 12 Pro 256 GB Blue,55000,Brand New,"Dhaka, Mohammadpur",02/09,https://bikroy.com/mohammadpur/mobile-phones/new-xiaomi-12-pro-256-gb-blue-A0A6jyiEgN8ylZJqxGW001rT.html,3,2026-09-20T07:00:55.282238+00:00,individual,Xiaomi 12 pro. Full fresh.
Xiaomi 14 256 GB White,42000,Used,"Dhaka, Khilgaon",05/09,https://bikroy.com/khilgaon/mobile-phones/xiaomi-14-256-gb-white-bOKtFPO2RHctR6s5tlzDG2S.html,3,2026-09-20T07:00:55.931105+00:00,individual,ফুল বক্স চার্জার সাথে পাবেন
Xiaomi 13 512 GB Black,37000,Used,"Dhaka, Badda",3 hours ago,https://bikroy.com/badda/mobile-phones/xiaomi-13-512-gb-black-6hzH4BS8CuyiaWRaacdYMVhz.html,5,2026-09-20T07:00:56.614538+00:00,individual,"🔥Xiaomi 13
🔥No repair history 

📱 12GB RAM | 512GB Storage

📦 Without box

💰 Price 36000TK

📍Note: There is no physical shop, you can take it Face to Face or via courier on condition
3000 taka must be advanced before courier, and the remaining money can be paid after checking the product at the courier office
📍 Uttar Badda"
Xiaomi Redmi K90 256 GB Black,55000,Used,"Dhaka, Banani",31/08,https://bikroy.com/banani/mobile-phones/xiaomi-redmi-k90-256-gb-black-cqpYQs644dWylNajUJMwOnXa.html,5,2026-09-20T07:00:57.210100+00:00,individual,"📱 Redmi K90 5G — 12/256GB

মাত্র ১৭ দিন ব্যবহার করা হয়েছে। একদম ফ্রেশ কন্ডিশন, কোনো সমস্যা নেই। বক্স, অরিজিনাল চার্জারসহ সবকিছু আছে। কোনো পার্টস পরিবর্তন করা হয়নি।

💰 দাম: ৳৫৫,০০০ (আলোচনা সাপেক্ষে)
📍 লোকেশন: বনানী, ঢাক 019XXXXXXXX"
Xiaomi 15 Ultra 512 GB Gray,125000,Used,"Dhaka, Basundhara",1 hour ago,https://bikroy.com/basundhara/mobile-phones/xiaomi-15-ultra-512-gb-gray-xyfsEW1wyG4c7q16dk6l4oJo.html,3,2026-09-20T07:00:57.796682+00:00,individual,"Using for last 6 months.
Price is not negotiable. Please do not message, no one will read.
Complete Camera Kit also available.
Exchange possible with Galaxy S26 Ultra in mint condition and boxed, I will add cash
Or Pixel 10 Pro/Pro XL boxed, you have to add cash."
Xiaomi Redmi Note 13 256 GB Black,18990,Used,"Dhaka, Rampura",1 hour ago,https://bikroy.com/rampura/mobile-phones/xiaomi-redmi-note-13-256-gb-black-CkaR13PkPCBitEEr8MiicTCq.html,3,2026-09-20T07:00:58.481923+00:00,individual,"Redmi note 13 5G 8+256GB Global Box
Full fresh condition full boxed 
No internal or external problem 
More information call 
Address: Molla Tower Shopping complex, Rampura, Dhaka. 
Opposite BTV centar 
3rd floor, shop no-406."
Xiaomi Poco X5 Pro 256 GB Black,18500,Used,"Dhaka, Jatrabari",08/09,https://bikroy.com/jatrabari/mobile-phones/xiaomi-poco-x5-pro-256-gb-black-kni6MufRA0y0rzPLsLkDknI3.html,5,2026-09-20T07:00:59.148724+00:00,individual,"The phone will be sold in an emergency. There are no problems of any kind with the phone. Box and charger are all included. 
 
(WhatsApp / imo/number)"
Xiaomi Redmi Note 14 Pro 256 GB Black,25000,Used,"Dhaka, Vashantek",02/09,https://bikroy.com/vashantek/mobile-phones/xiaomi-redmi-note-14-pro-256-gb-black-8n2yXL3rFVrIwsoe6W6QI0yF.html,4,2026-09-20T07:00:59.914483+00:00,individual,"ফোন এখনো নতুনের মধ্যে আছে, যত্ন করে ইউজ করা হয়েছে কোন রকমের ডেন্ট বা দাগ নেই সার্ভিসিং করানো হয়নি ফোনের সাথে বক্স চার্জার সবকিছুই আছে সেমিস্টার ফি জমা দিতে হবে যার কারণে ফোনটা বিক্রি করে দিব যদি কেউ নিতে আগ্রহী শুধুমাত্র তারাই মেসেজ এবং কল করবেন , সরাসরি দেখে নিতে পারবেন"
Xiaomi Redmi Note 15 128 GB Black,24500,Used,"Dhaka, Savar",08/09,https://bikroy.com/savar/mobile-phones/xiaomi-redmi-note-15-128-gb-black-aq9F9H9Fi0lkQq8ob2RCcbrt.html,3,2026-09-20T07:01:00.575502+00:00,individual,"I need money urgently so I am selling it. There are no problems with the phone, everything is OK. Box and charger are all included, bought about 3 months ago. I do not have a second mobile so I could not provide the original pictures. To take the mobile, you have to come to my location, location Ashulia Bazar."
Xiaomi Civi 2 256 GB,21990,Used,"Dhaka, Savar",1 hour ago,https://bikroy.com/savar/mobile-phones/xiaomi-civi-2-256-gb-aU5853DRlZ7tuJ0rOeX052U4.html,5,2026-09-20T07:01:01.265566+00:00,individual,"The Xiaomi CIVI 2 is a perfect combination of attractive design and great performance. The phone has been used with extreme care; there are no scratches or dents on the body. It is in fresh, like-new condition.
 Location: Savar Nabinagar Sena Shopping Complex, Shop No. D43
Genuine buyers please inbox or call directly. Please do not bargain unnecessarily. Thank you!"
Xiaomi Mi Mix 256 GB Black,32500,Used,"Dhaka, Keraniganj",02/09,https://bikroy.com/keraniganj/mobile-phones/xiaomi-mi-mix-256-gb-black-aBv1DEWgd3HODsdi1aJncs2e.html,5,2026-09-20T07:01:01.957490+00:00,individual,"xiaomi mix 4 pro
8GB +4GB RAM+256 GB 
120w fast charger
দুর্দান্ত ক্যামেরা ১০৮ মেগাপিক্সেল 
ফরেন ক্যামেরা হিডেন আন্ডার ডিসপ্লে দিনের বেলায় দেখা যায় না lফোনে কোনো রকম কাজ করা নেই. একদম ফ্রেশ. 

যদি কারো প্রয়োজন হয় যোগাযোগ করুন"
Xiaomi Redmi Note 12 256 GB Black,27000,Used,"Dhaka, Uttara",21/08,https://bikroy.com/uttara/mobile-phones/xiaomi-redmi-note-12-256-gb-black-hcmyPhDeAAo0J4cSE4M9xliz.html,5,2026-09-20T07:01:02.557410+00:00,individual,"Xiaomi Note 12S Ultra full fresh phone, comes with case and memo, no box."
Xiaomi Redmi Note 13 Pro 256 GB Purple,20000,Used,"Dhaka, Savar",05/09,https://bikroy.com/savar/mobile-phones/xiaomi-redmi-note-13-pro-256-gb-purple-xy5yhUKqLB3vHjRry6k5HCxr.html,5,2026-09-20T07:01:03.334161+00:00,individual,ফোনটি একদম ফ্রেশ এক চুল পরিমাণ কোন সমস্যা নেই। ফোনটি যত খুশি এসে দেখে চালিয়ে নিবেন। ৮/২৫৬ ক্যামেরা ২০০ মেগাপিক্সেল। ফোনটির সাথে কিছু নেই বক্স চার্জার কিছুই নেই শুধু ফোন পাবেন আর সাথে সিকিউরিটি। ফোন নিতে হলে অবশ্য লোকেশন আসতে হবে লোকেশন সাভার বাজার বাস স্ট্যান্ড বাজার রোড
Xiaomi Redmi 13 128 GB Black,16000,Used,"Dhaka, Baridhara",4 hours ago,https://bikroy.com/baridhara/mobile-phones/xiaomi-redmi-13-128-gb-black-pzAAjD0ZfrpYbTgIIC8vnySC.html,4,2026-09-20T07:01:03.904424+00:00,individual,"Redmi 13, without box, full fresh condition."
New Xiaomi Civi 1S 256 GB,16990,Brand New,"Dhaka, Mohammadpur",1 hour ago,https://bikroy.com/mohammadpur/mobile-phones/new-xiaomi-civi-1s-256-gb-oMVixP3iFAj77nKGsTiEeFX6.html,5,2026-09-20T07:01:04.618411+00:00,individual,"8+128 GB = 16990/= BDT
12+256 GB = 18990/= BDT
Xiaomi Civi-1
No scratches or dirt
Looks like new
Used abroad
Our Address
Mobile Plaza
Shyamoli Tower Complex Market
2nd Floor, Shop No. 13, 14
Market right beside Shyamoli Bus Stand and Foot Over Bridge
Shyamoli Mohammadpur Dhaka"
Xiaomi Redmi Note 15 256 GB Purple,30500,Used,"Dhaka, Jatrabari",1 hour ago,https://bikroy.com/jatrabari/mobile-phones/xiaomi-redmi-note-15-256-gb-purple-397ZI2eur3QBZyeKvSn8UnIw.html,5,2026-09-20T07:01:05.399346+00:00,individual,"Redmi note 15 5G (8-256) full fresh condition 
Box memo available 
Location: Dhaka jurain Bikrampur plaza.level-3.Shop-42 
Call.WhatsApp 019XXXXXXXX"
Xiaomi 13 128 GB Black,17500,Used,"Dhaka, Jatrabari",27/08,https://bikroy.com/jatrabari/mobile-phones/xiaomi-13-128-gb-black-yvo4ShaERZVd0iPDR01Si0jE.html,3,2026-09-20T07:01:06.106307+00:00,individual,রিডমি নোট 13.. একদম ফুল ফ্রেশ মোবাইল। মোবাইলের সাথে অরিজিনাল চার্জার এবং বক্স আছে
Xiaomi Redmi Note 13 256 GB Blue,21000,Used,"Dhaka, Mirpur",08/09,https://bikroy.com/mirpur/mobile-phones/xiaomi-redmi-note-13-256-gb-blue-geLdDxSkZB5rG0u94qnQ7tXu.html,5,2026-09-20T07:01:06.624849+00:00,individual,মোবাইল ফোন বিক্রি করা হবে জদি কেউ নিতে চান তাহলে সরাসরি কল করবেন আমি ভালো ফোন কিনবো তাই বিক্রি করা হবে
Xiaomi Civi 3 256 GB,28000,Used,"Dhaka, Savar",1 hour ago,https://bikroy.com/savar/mobile-phones/xiaomi-civi-3-256-gb-x9J7HmZHE9lKuoLFZvUasrZO.html,3,2026-09-20T07:01:07.226626+00:00,individual,"12GB RAM / 256GB Storage
 MediaTek Dimensity 8200-Ultra Processor
 120Hz AMOLED Display
 50MP Camera
 67W Fast Charging
 5G Supported
This phone is fully checked and ready for use. With its stylish design, powerful performance, and excellent camera, it is a great choice.
 Contact: Amader Apple Gadget
**Serious buyers only.**"
Xiaomi Redmi Note 14 4G 256 GB Rose Gold,19500,Used,"Dhaka, Shyamoli",1 hour ago,https://bikroy.com/shyamoli/mobile-phones/xiaomi-redmi-note-14-4g-256-gb-rose-gold-vZLuwJawS2zsQsXvYyw0U3jP.html,4,2026-09-20T07:01:07.932789+00:00,individual,"New Arrival - Best Price
REDMI NOTE 14 (8/256)
Enjoy EMI facilities on credit cards from 18 banks
🔥We sell 100% Original & Non-Refurbished Products🔥
Address:
Friends Verse Mobile
Shop No: 508-510, 529
Level: 5,
Shyamoli Square Shopping Mall,
(Shyamoli Cinema Hall Building)
Shyamoli, Dhaka-1207"
New Samsung Galaxy S26 Ultra 5G 256 GB Blue,115000,Brand New,"Rajshahi, Boalia",17/09,https://bikroy.com/boalia/mobile-phones/new-samsung-galaxy-s26-ultra-5g-256-gb-blue-qbY4u6z9tvD4tAf2sYkJyrMH.html,5,2026-09-20T07:01:08.676900+00:00,individual,"Samsung s26 ultra
Very good condition, like brand new with box and a cover, charger, not a single issue or scratch, just used arround 3/4 months"
Samsung Galaxy S24 Ultra 256 GB Gold,72000,Used,"Rajshahi, Kadirgonj",4 hours ago,https://bikroy.com/kadirgonj/mobile-phones/samsung-galaxy-s24-ultra-256-gb-gold-8KEL3eEgbxifCQjsARsF0JDD.html,5,2026-09-20T07:01:09.291405+00:00,individual,"Assalamu Alaikum Warahmatullahi Wabarakatuh
Fresh condition
Box: Only Device
Cash Memo: Available
Replacement Guarantee: Get up to 7 days (conditions apply)
Location: Rajshahi Kadirganj Chalpotti, beside Large Farmer, behind Swapnochura Plaza Nagar Bhaban.
Shop No: 123 - Ground floor beside lift
Shop Name: Rajshahi Mobile Bari 019XXXXXXXX"
Samsung Galaxy S24 Ultra 256 GB Gray,77000,Used,"Rajshahi, Rajpara",02/09,https://bikroy.com/rajpara/mobile-phones/samsung-galaxy-s24-ultra-256-gb-gray-s9oUAIhUtjVoHuZnq6MMbJlK.html,3,2026-09-20T07:01:09.849866+00:00,individual,12/256 gb. Full fresh with full box.
Samsung Galaxy S24 Plus 256 GB Purple,55000,Used,"Rajshahi, Shaheb Bazar",29/08,https://bikroy.com/shaheb-bazar/mobile-phones/samsung-galaxy-s24-plus-256-gb-purple-cUhQT4LW4QP17UOEW64ygnnW.html,3,2026-09-20T07:01:10.315148+00:00,individual,"No issue 
Full fresh 🔥
12/256 
Lagle inbox...!"
Samsung Galaxy S23 Ultra 256 GB Blue,68500,Used,"Rajshahi, Uposahar",22 hours ago,https://bikroy.com/uposahar/mobile-phones/samsung-galaxy-s23-ultra-256-gb-blue-yVX6Xw7VTnLkwZAC4KAbtwvU.html,5,2026-09-20T07:01:10.859868+00:00,individual,"It is almost like new 
Used for 15 months, the phone came from abroad. 
Location Comilla Cantonment"
Samsung Galaxy S24 Ultra 256 GB Gray,70000,Used,"Rajshahi, Boalia",23/08,https://bikroy.com/boalia/mobile-phones/samsung-galaxy-s24-ultra-256-gb-gray-C1mD7NUXoZ8rS2u9pjP28OlW.html,5,2026-09-20T07:01:11.603884+00:00,individual,"Used for about 8 months. Everything in the phone is okay, you can check it as much as you want. You will get two covers with the phone. 
The back shell color of the phone has faded. Only phone. NID and bank details can be provided as security."
Samsung Galaxy S24 Ultra 256 GB White,87000,Used,"Rajshahi, Shaheb Bazar",1 hour ago,https://bikroy.com/shaheb-bazar/mobile-phones/samsung-galaxy-s24-ultra-256-gb-white-p7bmoGm97s1ouC3sSJuomc5V.html,4,2026-09-20T07:01:12.330605+00:00,individual,"Samsung S25 Ultra 
12 / 256 
Super condition 
7 days replacement guarantee  
1 year service warranty  
#exchange possible 
Our Address :
Smart Choice , Shop No. 211 , 
City Center , Beside of Rajshahi College , Sonadigir Mor, Rajshahi
Call for any details:"
Samsung Galaxy S24 Ultra 256 GB Black,74900,Used,"Rajshahi, Shaheb Bazar",01/09,https://bikroy.com/shaheb-bazar/mobile-phones/samsung-galaxy-s24-ultra-256-gb-black-6ccDxNtB0TzJifILDioNAjPK.html,5,2026-09-20T07:01:12.814632+00:00,individual,"Used for 8months,no single scratches or dent.full fresh condition like new. Used very carefully,with back poly, back cover & screen protector.Everything is ok.New phone kinbo tai sell korci."
Samsung Galaxy S23 Ultra 256 GB Gray,52000,Used,"Rajshahi, Kazla",05/09,https://bikroy.com/kazla/mobile-phones/samsung-galaxy-s23-ultra-256-gb-gray-dDvoPueMFVcMhgJnE6FVep3b.html,3,2026-09-20T07:01:13.489942+00:00,individual,100% fress dakhe niben
Samsung Galaxy S23 Ultra 256 GB Gray,52000,Used,"Rajshahi, Boalia",6 hours ago,https://bikroy.com/boalia/mobile-phones/samsung-galaxy-s23-ultra-256-gb-gray-bsmn8K220lLOf2ALHhks2mSr.html,3,2026-09-20T07:01:14.064111+00:00,individual,"All okay 100% full fresh phone never opened, charge lasts very well"
Samsung Galaxy S24 Plus 256 GB Black,55000,Used,"Rajshahi, Boalia",03/09,https://bikroy.com/boalia/mobile-phones/samsung-galaxy-s24-plus-256-gb-black-fy5vyFeFE6X5fU9IOSDsBHDe.html,5,2026-09-20T07:01:14.820036+00:00,individual,"Full fresh
12 /256 
With box
Fixed price"
Samsung Galaxy S26 Ultra 5G 512 GB Blue,115000,Used,"Rajshahi, Shaheb Bazar",52 min ago,https://bikroy.com/shaheb-bazar/mobile-phones/samsung-galaxy-s26-ultra-5g-512-gb-blue-3tUSQVNHO7P9apzxgC7PxJcd.html,3,2026-09-20T07:01:15.537899+00:00,individual,"Samsung S26 Ultra, 12GB RAM, 512GB storage. Super condition. 7 days replacement guarantee. 1 year service warranty. #exchange possible. Our Address: Smart Choice, Shop No. 211, City Center, Beside Rajshahi College, Sonadighi Mor, Rajshahi. Call for any details:"
Samsung Galaxy S24 256 GB Purple,52990,Used,"Rajshahi, Boalia",26/08,https://bikroy.com/boalia/mobile-phones/samsung-galaxy-s24-256-gb-purple-wRML35PybDrFDxnxfeEbJYMF.html,3,2026-09-20T07:01:16.262965+00:00,individual,"ফোন নতুন কিনেছিলান, ফোন এর বক্স মেমো সব আছে, একটা চুল পরিমাণ দাগ নাই। কোন রিপিয়ার হিস্ট্রি নাই।

= কল রেকর্ড হয়।"
New Samsung Galaxy S24 Ultra 512 GB Black,74500,Brand New,"Rajshahi, Shaheb Bazar",31/08,https://bikroy.com/shaheb-bazar/mobile-phones/new-samsung-galaxy-s24-ultra-512-gb-black-isGTmyKd1fsh8KIRagRJfsvm.html,5,2026-09-20T07:01:16.980389+00:00,individual,"📱 Samsung Galaxy S24 Ultra — 512GB 🔥

✅ Model: Samsung S24 Ultra
💾 Storage: 512GB
🏪 Shop Name: City Gadget
📍 Location: Rajshahi City Center, 215 Shop
💯 ফোন দেখতে ও ব্যবহার করতে সরাসরি দোকানে আসতে পারবেন।

💰 Price: ৭৪,০০০ টাকা

📩 আগ্রহী হলে Inbox করুন অথবা সরাসরি লোকেশনে এসে দেখে নিন।
📞 যোগাযোগ 018XXXXXXXX"
Samsung Galaxy S23 Ultra 256 GB White,30000,Used,"Rajshahi, Mohanpur",10/09,https://bikroy.com/mohanpur/mobile-phones/samsung-galaxy-s23-ultra-256-gb-white-2AMT4Eldr0oG32e9jJV3Qjcg.html,5,2026-09-20T07:01:17.691159+00:00,individual,"Samsung s23
8-256 no problem only takar proyojo display orgnal"
Samsung Galaxy S23 256 GB Purple,29500,Used,"Rajshahi, Shaheb Bazar",31/08,https://bikroy.com/shaheb-bazar/mobile-phones/samsung-galaxy-s23-256-gb-purple-z0vMn9k4kvnPJvXvVSF1GmO8.html,3,2026-09-20T07:01:18.342671+00:00,individual,"ফোন ফুল ফ্রেশ আছে আউটলুক ফ্রেশ আছে। সবমিলে অলমোস্ট ৯০% ফ্রেশ ফোন। Docomo veriant এর ফোন এইটা Storage: 256 জিবি। 

Note: প্রব্লেম জাস্ট ডিস্প্লে এক সাইডে গোল্ডেন কিছু দাগ আছে যেটা খালি চখে বা ডিস্প্লে ওন হলে বুঝা জাইনা। এইটা অনেকদিন থেকে আছে আর বড়বে না এটা গারেন্টি।  

👉 Exchange করা যাবে।"
Samsung Galaxy M12 128 GB Green,18000,Used,"Rajshahi, Rajpara",26/08,https://bikroy.com/rajpara/mobile-phones/samsung-galaxy-m12-128-gb-green-dRLlDkx8a0zGMSVHwSiApldN.html,5,2026-09-20T07:01:19.091220+00:00,individual,"এই দুইটা ফোনের কন্ডিশন একদম ফ্রেশ। দুইটা ফোনের বক্স আছে,ফোনের অর্জিনাল চার্জার নাই নস্ট হয়ে গেচিলো রার্নিং চার্জার দেওয়া হবে।ফোন দুইটা আমি নিজে চালাইতাম ফোনে কোন রকম সমস্যা নাই ফোন দুইটা চার্জ ব্রেকাপ ভালো ফোন সম্পূর্ণ ভালো আছে।লোকেশনে এসে সরাসরি দেখবেন যতক্ষন ইচ্ছা চেকবেক করে নিবেন। সিকিউরিটি হিসেবে যেইটা চাইবেন দেওয়া যাবে।দাম: ১০০০০+৮০০০৳"
Samsung Galaxy S23 Ultra 256 GB White,46000,Used,"Rajshahi, Kazla",17/09,https://bikroy.com/kazla/mobile-phones/samsung-galaxy-s23-ultra-256-gb-white-fMZ8reZ7xZbSVa18OiBdY65W.html,5,2026-09-20T07:01:19.736405+00:00,individual,"Device Description
Model: Samsung Galaxy S23 Ultra 5G (Indian Variant)
RAM & Storage: 12GB RAM / 256GB Storage
Color: Cream
Condition: Absolutely fresh, no major scratches or dents (used with cover and glass protector).
Performance: Camera, display, S-Pen, speaker and battery 100% OK.
Price: 46,000 Taka
Location: Rajshahi,
Contact 017XXXXXXXX"
New Samsung Galaxy S21+ 5G 128 GB Black,23000,Brand New,"Rajshahi, Kazla",06/09,https://bikroy.com/kazla/mobile-phones/new-samsung-galaxy-s21-5g-128-gb-black-oWZc0m590Zzjg9DRCPxEI7BA.html,5,2026-09-20T07:01:20.354618+00:00,individual,"Flagship phone
Location rajshahi university
Kono somossa nai"
Samsung Galaxy S21+ 5G 128 GB Silver,21000,Used,"Rajshahi, Motihar",16/09,https://bikroy.com/motihar/mobile-phones/samsung-galaxy-s21-5g-128-gb-silver-8qwq9xcX6cZOxQ2ADkeU72PN.html,5,2026-09-20T07:01:21.068253+00:00,individual,"The mobile is 100% fresh, nothing has been changed, and there are no problems.
Original box and cable will be provided with it."
Samsung Galaxy A36 256 GB Purple,30000,Used,"Rajshahi, Laksimipur",05/09,https://bikroy.com/laksimipur/mobile-phones/samsung-galaxy-a36-256-gb-purple-kEzXHvSVwag157cMah3HDQ2a.html,3,2026-09-20T07:01:21.660583+00:00,individual,100% full fresh and look like brand new condition
Samsung Galaxy A34 5G 128 GB Green,19000,Used,"Rajshahi, Kazla",26/08,https://bikroy.com/kazla/mobile-phones/samsung-galaxy-a34-5g-128-gb-green-4WECbbC6zf8NVIwvKo6Y4xKE.html,3,2026-09-20T07:01:22.402532+00:00,individual,ফোনে কোনো ধরনের দাগ বা সমস্যা নাই আমার নিজের ব্যাবহার করা চাপাই থেকে নেওয়া হয়েছে সাথে কিছু নেই এনআইডি কার্ড দেওয়া জাবে দাম কিছু টা কমানো জাবে
Samsung Galaxy S23 FE 128 GB,27500,Used,"Rajshahi, Shaheb Bazar",16/09,https://bikroy.com/shaheb-bazar/mobile-phones/samsung-galaxy-s23-fe-128-gb-7DcwWhEawXDOpdQwnYWreXH6.html,5,2026-09-20T07:01:22.846441+00:00,individual,"Exchange with iPhone 12 Pro bypass 
Or 
iPhone 13 bypass 
Battery Health 85+"
Samsung Galaxy A34 5G 128 GB Black,21000,Used,"Rajshahi, Shaheb Bazar",06/09,https://bikroy.com/shaheb-bazar/mobile-phones/samsung-galaxy-a34-5g-128-gb-black-89LJgMUcIK9IL0obG8zrm3NU.html,5,2026-09-20T07:01:23.454093+00:00,individual,"ফোনের কনডিশন একদম নতুন।
ফোনের পিছনে ব্যাক পলি আছে,যার জন্য কোজ ক্র‍্যাচ পড়েনি।
ফোনের সাথে ওরিজিনাল স্যামসাং এর চার্জার আছে।
ফোন কিনার মেমো,বক্স সব আছে।"
Samsung Galaxy S21 FE 5G 128 GB Gray,18500,Used,Rajshahi,01/09,https://bikroy.com/rajshahi/mobile-phones/samsung-galaxy-s21-fe-5g-128-gb-gray-nsZdBr2QWShGcxKfKSr15kz4.html,5,2026-09-20T07:01:24.199927+00:00,individual,"Samsung Galaxy S21 FE
✅ Model: Samsung Galaxy S21 FE
✅ RAM: 8GB
✅ Storage: 128GB
✅ Display: 6.4”, 120Hz
✅ 5G Supported
✅ Wi-Fi 6 Supported
✅ Fingerprint Sensor
✅ Phone performance & overall condition ভালো
💰 Price: ৳18500
📍 Location: Rajshahi
📩 Interested হলে Inbox করুন।
⚠️ অযথা দামাদামি না করার অনুরোধ। Genuine buyer হলে দেখে-শুনে নিতে পারবেন।"
Samsung Galaxy S23 256 GB Pink,23500,Used,"Rajshahi, Uposahar",01/09,https://bikroy.com/uposahar/mobile-phones/samsung-galaxy-s23-256-gb-pink-BYx0RZlpeMiBBwMtq0l2bbFe.html,5,2026-09-20T07:01:24.911547+00:00,individual,"Samsung s23 flagship device full offer 23.5k
Just display change
6.5k diye display lagano High quality IPS
Camera agun 

8k video kora jai
Snapdragon 8 gen 2 
8/256GB
Location: Rajshahi"
Samsung Galaxy A36 256 GB Purple,30000,Used,"Rajshahi, Laksimipur",27/08,https://bikroy.com/laksimipur/mobile-phones/samsung-galaxy-a36-256-gb-purple-8It1fs9QAbmXnEnEEcf19PzG.html,3,2026-09-20T07:01:25.554239+00:00,individual,Olpo kichu din use kora hoyeche.. Fully fresh phone.. Phone ar sathe back cover r phone a privacy protector o piche poli lagano hoyeche..
New Samsung Galaxy S20+ 5G 256 GB Blue,22000,Brand New,"Rajshahi, Nawdapara",01/09,https://bikroy.com/nawdapara/mobile-phones/new-samsung-galaxy-s20-5g-256-gb-blue-tJfheCLFodkvT5znEt7M8wzo.html,4,2026-09-20T07:01:26.158094+00:00,individual,ফোন একেবারে ওকে।  কোনই সমস্যা নাই। ফোনের অরজিনাল ডিসপ্লে । মাদারবোর্ডে কোন কাজ করা নাই। কেউ নিতে চাইলে এই নাম্বারে ফোন দিবেন 017XXXXXXXX
Samsung Galaxy S25+ 12/256GB FULL BOX (Used),85000,Used,"Chattogram, Chawkbazar",58 min ago,https://bikroy.com/chawkbazar/mobile-phones/samsung-galaxy-s25-12-256gb-full-box-used-uRUdDTM73SzH6xroD0NgA4Pf.html,0,2026-09-20T07:01:26.739028+00:00,individual,"🔳 TWO MONTH USED ONLY AS LIKE AS NEW CONDITION
🔳 Storage: 12/256gb
🔳 Colour: SILVER
◾ Original Cable AND BOX

🔰 Our Speciality......................................

◾Original & Non-Refurbished Product
◾Emi Facilities Available*
◾Accept Visa, Master Card
◾Delivery Facility inside & Outside ctg.
◾Phone Exchange Facilities*
◾ All Products Original And Genuine.
◾Our All Product 7 Days replacement And 1 year Service Warranty



🔰 Our Showroom Address:


Rony Enterprise (Since 2007)
Bali Arcade Shopping Center
4th Floor, Shop no 03(infront of chawkbazar Post Office
Sirajuddula Road, Chawkbazar, Chattogram Show more"
Samsung Galaxy S24 Ultra 256 GB Silver,86000,Used,"Chattogram, Double Mooring",25/06,https://bikroy.com/double-mooring/mobile-phones/samsung-galaxy-s24-ultra-256-gb-silver-8PXh2Gu03AJT1bB0ruDMJrMv.html,5,2026-09-20T07:01:27.383365+00:00,individual,Comes with the original charging cable (unused) and 4 premium covers.
Samsung Galaxy S24 Ultra 256 GB Gray,80000,Used,"Chattogram, Kotwali, Chattogram",09/09,https://bikroy.com/kotwali/mobile-phones/samsung-galaxy-s24-ultra-256-gb-gray-gcyFfIPIhuTAarznCVVyoFMf.html,3,2026-09-20T07:01:28.129046+00:00,individual,"Contract - 
(Wp)
Used
Condition
No cracks
Physical Condition
256 GB
Internal Storage
12 GB
Ram
No
Card Slot
Triple 200 MP / 50 MP / 10 MP
Main Camera
12 MP
Selfie Camera
6.8 inches
Screen Size
1440 x 3120
Resolution
AMOLED
Display Type
Dual Nano-SIMs and eSIM
SIM
Android
Operating System
5000 mAh
Battery
Gray
Color"
Samsung Galaxy S24 512 GB Black,84990,Used,"Chattogram, CDA Avenue",52 min ago,https://bikroy.com/cda-avenue/mobile-phones/samsung-galaxy-s24-512-gb-black-dJz194axAQNfQVFkz3a2lh5l.html,2,2026-09-20T07:01:28.848257+00:00,individual,"Samsung Galaxy S24 Ultra (12GB / 512GB). Only used for a few months. Ready stock. Get 20% extra trade-in value for your old phone! Warranty benefits: 15-day replacement guarantee, lifetime service warranty. Call now: Finlay Square, Level-4, Shop-406, 2 No Gate, Nasirabad, Chattogram"
Samsung Galaxy S24 Ultra 256 GB Black,85000,Used,"Chattogram, Agrabad",19/07,https://bikroy.com/agrabad/mobile-phones/samsung-galaxy-s24-ultra-256-gb-black-6tG5zsRVYCqTAF5F626HmuwZ.html,5,2026-09-20T07:01:29.490368+00:00,individual,Phone like new. No repair history. Box nai but any kind of security dewa Jabe. Everything works perfectly.Location must.
Samsung Galaxy S24 Ultra 256 GB Silver,83000,Used,"Chattogram, Agrabad",09/05,https://bikroy.com/agrabad/mobile-phones/samsung-galaxy-s24-ultra-256-gb-silver-kh0pyyOSp9vMh32h4kTV7h0k.html,3,2026-09-20T07:01:30.131203+00:00,individual,"• Full fresh - not a single scratch
• Full box available (IMEI & Serial. matched)
• 12GB RAM / 256GB Storage
• Official phone
• First owner (personal use)
• Price fixed
• With original 45W adapter + cable
Serious buyers only inbox me."
Samsung Galaxy S24 Ultra 256 GB Silver,79000,Used,"Chattogram, Kotwali, Chattogram",20/07,https://bikroy.com/kotwali/mobile-phones/samsung-galaxy-s24-ultra-256-gb-silver-aQUrdG3t6ifUqQH27YqbQyQq.html,3,2026-09-20T07:01:30.952125+00:00,individual,No issues. Everything is original. The mobile has a screen protector and a lens protector applied. The memo will be provided with the mobile. You must come to the location to pick up the mobile.
Samsung Galaxy S25 Ultra 256 GB Blue,90000,Used,"Chattogram, Chandgaon",15/09,https://bikroy.com/chandgaon/mobile-phones/samsung-galaxy-s25-ultra-256-gb-blue-qgJonU3FYSnjfXkrPCF7kGmV.html,3,2026-09-20T07:01:31.480603+00:00,individual,"I live abroad, the mobile is with me, it has not been used, just turned it on, if anyone wants to take it, please send an SMS."
New Samsung Galaxy s26 256 GB,114999,Brand New,"Chattogram, CDA Avenue",3 hours ago,https://bikroy.com/cda-avenue/mobile-phones/new-samsung-galaxy-s26-256-gb-mkbvfDnmZI7W37nvy1yxJadN.html,4,2026-09-20T07:01:32.014606+00:00,individual,"Display: 6.9"" QHD+ Dynamic LTPO AMOLED 2X, 120Hz, HDR10+, 2600 nits (peak)
Processor: Snapdragon 8 Elite Gen 5, 
Camera: 200MP Wide, 50MP Ultrawide, 10MP 3x, 50MP 5x Telephoto, 12MP Selfie, 8K video recording
Battery: Li-Ion 5000 mAh battery,
Enjoy EMI facilities up to 36 months through credit cards from over 20 banks. (*Conditions apply*)"
Samsung S26 ULTRA 12/256 NEW (Brand New),138000,Brand New,"Chattogram, Chawkbazar",1 hour ago,https://bikroy.com/chawkbazar/mobile-phones/samsung-s26-ultra-12-256-new-brand-new-2WxjmLrCfvcfsaNHyOY3dzvR.html,0,2026-09-20T07:01:32.372499+00:00,individual,"🔳 INTACT SEAL PACK 
🔳 Storage: 12/256GB
🔳 Colour: BLUE
◾ Box And Original Cable


🔰 Our Speciality......................................

◾Original & Non-Refurbished Product
◾Emi Facilities Available*
◾Accept Visa, Master Card
◾Delivery Facility inside & Outside ctg.
◾Phone Exchange Facilities*
◾Our All Product 7 Days replacement And 1 year Service Warranty



🔰 Our Showroom Address:


Rony Enterprise (Since 2007)
Bali Arcade Shopping Center
4th Floor, Shop no 03(infront of chawkbazar Post Office
Sirajuddula Road, Chawkbazar, Chattogram Show more"
Samsung Galaxy S25 Ultra 256 GB Blue,103000,Used,Chattogram,11/05,https://bikroy.com/chattogram/mobile-phones/samsung-galaxy-s25-ultra-256-gb-blue-wBM6eUgeyaTvVHJYvkIn3vle.html,3,2026-09-20T07:01:33.223763+00:00,individual,Brand new condition. Not a single scratch. Used for three months. Box and cable included. You must come to my residence for the location. Price is almost fixed.
Samsung Galaxy Z Flip6 512 GB White,130000,Used,"Chattogram, Mirsharai",08/08,https://bikroy.com/mirsharai/mobile-phones/samsung-galaxy-z-flip6-512-gb-white-4YS26EPVWOGhTN4W2Scx1hHv.html,3,2026-09-20T07:01:33.893794+00:00,individual,"Used for two months, still fully fresh, no problems with the mobile, like new"
Samsung Galaxy S24 Ultra 256 GB,79999,Used,"Chattogram, Muradpur",1 hour ago,https://bikroy.com/muradpur/mobile-phones/samsung-galaxy-s24-ultra-256-gb-ARLo6IJ0uVoJnUMQDwWnr42H.html,4,2026-09-20T07:01:34.502182+00:00,individual,"Samsung Galaxy S24 Ultra
12GB RAM / 256GB
Full Box
TDRA Dual SIM
Snapdragon 8 Gen 3
200MP Quad Camera with OIS & 100X Space Zoom
12MP Selfie Camera
Battery: 5000mAh
Benefits:
15-day replacement guarantee
Device – Shop No: 319, 3rd Floor
CPDL RB Midtown Market, Muradpur, Chattogram"
New Samsung Galaxy S25 Ultra 256 GB Black,99999,Brand New,"Chattogram, CDA Avenue",3 hours ago,https://bikroy.com/cda-avenue/mobile-phones/new-samsung-galaxy-s25-ultra-256-gb-black-dQ7YRE6nbI0M4sGPgYb5KYy9.html,3,2026-09-20T07:01:34.885145+00:00,individual,"Brand new Intech box! 
12GB/256GB
Black color

ক্রেডিট কার্ড এর মাধ্যমে ২০ টির অধিক ব্যাংকে ৩৬ মাস পর্যন্ত EMI এর সুবিধা রয়েছে। (*শর্ত প্রযোজ্য*)"
Samsung Galaxy A35 128 GB Pink,23990,Used,"Chattogram, Agrabad",1 hour ago,https://bikroy.com/agrabad/mobile-phones/samsung-galaxy-a35-128-gb-pink-uoH420XnoQFDCFqm5XQP5yAC.html,2,2026-09-20T07:01:35.301995+00:00,individual,"Set in fully fresh condition 
100% ok
Ram 8+128
With charger and cash memo"
Samsung Galaxy S23 256 GB Green,38999,Used,"Chattogram, Nasirabad",01/09,https://bikroy.com/nasirabad/mobile-phones/samsung-galaxy-s23-256-gb-green-dotL5522wkaJrbB4S7qgQ5Gz.html,4,2026-09-20T07:01:35.904363+00:00,individual,"🔥 Samsung Galaxy S23 | Premium Deal 🔥

💰 Best Deal Available!

📱 Samsung Galaxy S23 — Base Variant
💾 8GB RAM | 256GB Storage
📦 With Full Box
✨ As Like New 

📞 Contact 019XXXXXXXX"
Samsung Galaxy S24 Ultra 256 GB Silver,72000,Used,"Chattogram, Hathazari",25/08,https://bikroy.com/hathazari/mobile-phones/samsung-galaxy-s24-ultra-256-gb-silver-1iBqKlZRBs6El5rUvG2p10xj.html,5,2026-09-20T07:01:36.603039+00:00,individual,"12gb 256gb without box
Dual physical sim
Call record build in
Cash memo and 2 back cover"
Samsung Galaxy S22 Ultra 256 GB Black,32000,Used,"Chattogram, Boalkhali",28/08,https://bikroy.com/boalkhali/mobile-phones/samsung-galaxy-s22-ultra-256-gb-black-e08hXP35zh8O7znnWycY5GaL.html,5,2026-09-20T07:01:37.319773+00:00,individual,"✨ RAM: 12GB
💾 Storage: 256GB
🟢 Display: ১টি Green Line আছে
✅ Fingerprint: কাজ করে
📦 Case + Memo: আছে
🪪 ID Card: দেওয়া হবে
📱 ফোন: ব্যবহৃত / পলি করা
💰 চাওয়া দাম: ৩৫,০০০ টাকা
🤝 আলোচনা সাপেক্ষে
📍 লোকেশন: চট্টগ্রাম কালুরঘাট 
📞 যোগাযোগ 018XXXXXXXX"
Samsung Galaxy A52 5G 128 GB Blue,25000,Used,"Chattogram, Chawkbazar",11/09,https://bikroy.com/chawkbazar/mobile-phones/samsung-galaxy-a52-5g-128-gb-blue-3jucFhvo2qh1ePYcFH1AvThP.html,5,2026-09-20T07:01:37.940931+00:00,individual,"No box... only device... There are minor scratches, check and take... possible only inctg... Rahattarpul, ctg... Bought it for 45k when I bought it new"
Samsung Galaxy Z Fold4 256 GB,28500,Used,"Chattogram, Alankar",30/08,https://bikroy.com/alankar/mobile-phones/samsung-galaxy-z-fold4-256-gb-3GQeEPGfsD84SO082gPEbW3U.html,4,2026-09-20T07:01:38.370790+00:00,individual,সামনের ডিসপ্লে তে ২টা লাইন আছে
New Samsung Galaxy S21 5G 128 GB Black,70000,Brand New,"Chattogram, Nasirabad",05/09,https://bikroy.com/nasirabad/mobile-phones/new-samsung-galaxy-s21-5g-128-gb-black-5Qt5ue2Pt56HOlEqR5jpmJwj.html,5,2026-09-20T07:01:39.008977+00:00,individual,New use hoi ni.box shoho ase. Deke check kore nite parbn.just colour deker jonno kula hoica
Samsung Galaxy S25 512 GB Blue,70000,Used,"Chattogram, Sitakunda",10/09,https://bikroy.com/sitakunda/mobile-phones/samsung-galaxy-s25-512-gb-blue-nB8QnLaUgmzxJ1YtfErK8Bbr.html,5,2026-09-20T07:01:39.580287+00:00,individual,"Samsung S25 12/512GB, only phone and cash memo.
Exchange only, no sale: Samsung S24 Ultra / iPhone 15 Pro / Vivo X200 Pro Global variant.
The mobile has not a single spot of issue, fully fresh with lamination, check as much as you like. The mobile was bought from abroad so the box couldn't be brought, but cash memo is available.
Don't bother with unnecessary lowball offers, inbox if you really want to buy."
Samsung Galaxy S23+ 256 GB Black,26000,Used,"Chattogram, Halishahar",14/09,https://bikroy.com/halishahar/mobile-phones/samsung-galaxy-s23-256-gb-black-kv1x9rIFviucJN2IFUD938lU.html,5,2026-09-20T07:01:40.004852+00:00,individual,"Selling my Samsung Galaxy S23 Plus, used for 1.5 years.
Key Specifications:
* Storage/RAM: 8GB RAM / 256GB ROM
* Processor: Snapdragon 8 Gen 2 for Galaxy"
Samsung Galaxy A73 5G 128 GB Gray,25000,Used,"Chattogram, Halishahar",12/09,https://bikroy.com/halishahar/mobile-phones/samsung-galaxy-a73-5g-128-gb-gray-iLcH9OvMaqzu0icrPiQiUOZZ.html,5,2026-09-20T07:01:40.629185+00:00,individual,"Display finger print 100% ok
Super amoled display. Network-5g
RAM 8GB. 128GB. . Android version -16 ... Front camera -32
Back camera =108+12+5+5
Those who want to make Facebook videos can get it. Best camera, charge will last at least 1 day.
Dual speaker. Sound quality is very good."
Samsung Galaxy S24 256 GB Black,42000,Used,"Chattogram, New Market, Chattogram",01/09,https://bikroy.com/new-market/mobile-phones/samsung-galaxy-s24-256-gb-black-C0sS7vNgpXQgNpwhtOEL5Xtw.html,3,2026-09-20T07:01:41.278260+00:00,individual,একটি Samsung S24 মোবাইল ফোন আর্জেন্ট বিক্রয় করা হবে
Samsung Galaxy S24 Ultra 256 GB Gray,75990,Used,"Chattogram, CDA Avenue",1 hour ago,https://bikroy.com/cda-avenue/mobile-phones/samsung-galaxy-s24-ultra-256-gb-gray-BhbPjfr2kdancDStmRasDquV.html,3,2026-09-20T07:01:41.936113+00:00,individual,"S24 ultra 12/256 
Duel sim
full fresh 
14 days replacement gurranty 1year service warranty 
Decent,finlay square ,4th ,floor,406
call us 018XXXXXXXX"
New Samsung Galaxy S24 Ultra 256 GB Blue,58000,Brand New,"Chattogram, Double Mooring",08/09,https://bikroy.com/double-mooring/mobile-phones/new-samsung-galaxy-s24-ultra-256-gb-blue-ddLGQcbGQUhQXQAEiSHXFOh2.html,4,2026-09-20T07:01:42.550745+00:00,individual,"Samsung s 24 ultra with box
256 gb
All okh
Note: Display change only.
Other okh
Location: East Madarbari, Chattogram 
Location must
Contact 015XXXXXXXX"
Samsung Galaxy S24 Ultra 256 GB Black,75990,Used,"Chattogram, Chawkbazar",1 hour ago,https://bikroy.com/chawkbazar/mobile-phones/samsung-galaxy-s24-ultra-256-gb-black-5ora4ajEP6XBgOPqfVpEWN19.html,5,2026-09-20T07:01:43.117022+00:00,individual,"Samsung Galaxy S24 Ultra. Only few days used | Full fresh condition. 12GB RAM | 256GB Storage. Flagship Pro Camera. Premium Titanium Design. Super smooth performance. Price: 75,990৳"
Samsung Galaxy Z Fold7 256 GB Silver,115000,Used,"Dhaka, Baridhara",3 hours ago,https://bikroy.com/baridhara/mobile-phones/samsung-galaxy-z-fold7-256-gb-silver-fp3D4SV2Fm0iC0QYZRGa30J7.html,5,2026-09-20T07:01:43.889704+00:00,individual,"Samsung Z fold 7
Fill box
full fresh"
Samsung Galaxy S25 Ultra 512 GB Green,91000,Used,"Dhaka, Uttara",1 hour ago,https://bikroy.com/uttara/mobile-phones/samsung-galaxy-s25-ultra-512-gb-green-A3LP5lcSPDYcPxqhOBVkXADe.html,3,2026-09-20T07:01:44.497110+00:00,individual,"Samsung Galaxy S25 Ultra 
 RAM: 12GB
 ROM: 512GB
 Color: Titanium Jade Green 
 Condition: Pre-Owned
 Built-in Call Recording
 Price: ৳92,000/-
 Snapdragon 8 Elite
 6.9"" Dynamic AMOLED 2X | 120Hz
 Exchange Hub
 Shop No: 610, 611, 628 & 629, Level-6
Tropical Alauddin Tower, Sector 3, Road 2
Rajlaxmi, Uttara, Dhaka"
Samsung Galaxy S25 Ultra 256 GB White,88000,Used,"Dhaka, Savar",4 hours ago,https://bikroy.com/savar/mobile-phones/samsung-galaxy-s25-ultra-256-gb-white-1i0HcnNpprwDnaV89lvyrZ6u.html,4,2026-09-20T07:01:45.147833+00:00,individual,"Display:6.9′′ QHD+ Dynamic AMOLED 2X.
Resolution:3120 × 1440
Processor:Snapdragon 8 Elite for Galaxy.
RAM:12GB
Storage:256GB
Main Camera:200MP, OIS, f/1.7
Ultra-wide
50MP, f/1.9
Telephoto:50MP 5× Optical Zoom + 10MP 3× Optical Zoom
Front Camera:12MP
Video:সর্বোচ্চ 8K
Battery:5000mAh
Charging:
45W wired, wireless.
Android 15 + One UI 7
Network:5G"
Samsung Galaxy S25 Ultra 256 GB White,91000,Used,"Dhaka, Baridhara",4 hours ago,https://bikroy.com/baridhara/mobile-phones/samsung-galaxy-s25-ultra-256-gb-white-foWlXuDs3rLYnMo1D46XSZ5n.html,5,2026-09-20T07:01:45.778547+00:00,individual,Samsung S25 ultra 12/256 without box fresh condition
Samsung Galaxy S26+ 256 GB Black,105000,Used,"Dhaka, Badda",1 hour ago,https://bikroy.com/badda/mobile-phones/samsung-galaxy-s26-256-gb-black-wHs406cAtSlDUlXGZVOe5it6.html,4,2026-09-20T07:01:46.377996+00:00,individual,"Samsung Galaxy S26 Plus 
BD Official Product 
Official Warranty Available 
12 GB RAM 256 GB ROM 
100% Fresh Condition 
Look Like New Condition 
Black Colour
Physical Dual Sim + e Sim
( Auto Call Recording Built in )
Exynos 2600 (2 nm) - ROW GLOBAL"
Samsung Galaxy S24 Ultra 256 GB Gray,77499,Used,"Dhaka, Bashundhara City",1 hour ago,https://bikroy.com/bashundhara-city/mobile-phones/samsung-galaxy-s24-ultra-256-gb-gray-cSCSpzfGNWgkDC7fRDrIkTFc.html,4,2026-09-20T07:01:47.083160+00:00,individual,"Samsung Galaxy S24 Ultra
12GB RAM | 256GB ROM
Titanium Gray
Fresh Condition
Full Boxed
7 Days Replacement without display, parts
 12 months Service Warranty
 Visit Our Shop
Basement-2, Shop No: 94 
Basundhara City Shopping Complex 
Panthapath Dhaka 1215 
 Escalator দিয়ে নিচে নামার পর হাতের বাম পাশেই সহজে আমাদের শপটি খুঁজে পাবেন।"
Samsung Galaxy S25 Ultra 256 GB Silver,81999,Used,"Dhaka, Savar",1 hour ago,https://bikroy.com/savar/mobile-phones/samsung-galaxy-s25-ultra-256-gb-silver-hB8FhYYfXIlnxONWSMZtFUh2.html,3,2026-09-20T07:01:47.797319+00:00,individual,"Samsung S25 Ultra 12/256GB
✨ একদম ফ্রেশ কন্ডিশন! 💯
🔹 কোনো দাগ নেই, খোলা বা সার্ভিসিং হয়নি। পার্টস ১০০% অরিজিনাল।
🎁 সাথে চার্জার ও শপের ক্যাশ মেমো পাবেন।
🛡️ ৭ দিনের রিপ্লেসমেন্ট ও ১ বছরের সার্ভিস ওয়ারেন্টি!
🏪 Livewire Savar - NTECH BD, সেনা শপিং কমপ্লেক্স, নবীনগর, সাভার।
🚚 সারা দেশে ক্যাশ অন ডেলিভারি।
📞 বিস্তারিত জানতে কল করুন 096XXXXXXXX"
New Samsung Galaxy Z Flip7 256 GB,97999,Brand New,"Dhaka, Bashundhara City",4 hours ago,https://bikroy.com/bashundhara-city/mobile-phones/new-samsung-galaxy-z-flip7-256-gb-fZNeUOyNH5E3Xz1NMCEwittK.html,3,2026-09-20T07:01:48.177505+00:00,individual,"10 days replacement guarantee
2 years service warranty
Safe courier facility across the country
Attractive exchange offers
Basement-1, Shop-84, Bashundhara City Shopping Mall
Prices are subject to change. Please contact us on WhatsApp before visiting."
Samsung Galaxy S25 Ultra 256 GB Gray,92000,Used,"Dhaka, Baridhara",4 hours ago,https://bikroy.com/baridhara/mobile-phones/samsung-galaxy-s25-ultra-256-gb-gray-BhTJYKJNxR4Nmy56kgeLHHSZ.html,5,2026-09-20T07:01:48.759519+00:00,individual,Full box and in pristine condition.
Samsung Galaxy S25 Ultra 256 GB Blue,98000,Used,"Dhaka, Baridhara",4 hours ago,https://bikroy.com/baridhara/mobile-phones/samsung-galaxy-s25-ultra-256-gb-blue-deKepkViJaBCIpBVDY6hlIFe.html,5,2026-09-20T07:01:49.290235+00:00,individual,"Samsung S25 ultra 12/256
Full box, in pristine condition."
Samsung Galaxy S25 Ultra 256 GB Blue,90500,Used,"Dhaka, Uttara",1 hour ago,https://bikroy.com/uttara/mobile-phones/samsung-galaxy-s25-ultra-256-gb-blue-cpnMIDpc8xqnq30vZCd4pWAg.html,4,2026-09-20T07:01:49.987941+00:00,individual,"Samsung Galaxy S24 Ultra 12/256GB Titanium SilverBlue. 100% Original. 7 Days Replacement & 1 Year Service Warranty. EMI Facility is also AVAILABLE. Contact Us: Exchange Hub. Shop No: 610, 611, 628 & 629 Level-6, Tropical Alauddin Tower, Sector 3, Road 2, Rajlaxmi, Uttara. Facebook Page:"
New Samsung Galaxy S25 Ultra 256 GB Graphite,81999,Brand New,"Dhaka, Savar",1 hour ago,https://bikroy.com/savar/mobile-phones/new-samsung-galaxy-s25-ultra-256-gb-graphite-be4gTCg0MfOczWD7uRxirDFP.html,3,2026-09-20T07:01:50.628769+00:00,individual,"Samsung S25 Ultra 
✨ একদম ফ্রেশ কন্ডিশন! 💯
🔹 কোনো দাগ নেই, খোলা বা সার্ভিসিং হয়নি। পার্টস ১০০% অরিজিনাল।
🎁 সাথে চার্জার ও শপের ক্যাশ মেমো পাবেন।
🛡️ ৭ দিনের রিপ্লেসমেন্ট ও ১ বছরের সার্ভিস ওয়ারেন্টি!
🏪 Livewire Savar - NTECH BD, সেনা শপিং কমপ্লেক্স, নবীনগর, সাভার।
🚚 সারা দেশে ক্যাশ অন ডেলিভারি।
📞 বিস্তারিত জানতে কল করুন 096XXXXXXXX"
Samsung Galaxy S25 Ultra 512 GB White,89990,Used,"Dhaka, Shyamoli",4 hours ago,https://bikroy.com/shyamoli/mobile-phones/samsung-galaxy-s25-ultra-512-gb-white-5DjnRwe3zc3kbo5B8UbJpHiS.html,4,2026-09-20T07:01:51.330525+00:00,individual,"Get #NEW_ Samsung Galaxy S25Ultra 5G 5G GLOBAL
   ✅#_USED_NEW_CONDITION_ONLY_PHONE
✅#_RAM/ROM 12/512GB
   🔰Exchange Possible ♻️
   📱We sell 100% Original Product📱
   📲You can check it however you want.💯 🆗
⚙️Warranty Policy 🛠️
   7 Days Parts Replacement Warranty
   2 Year Service Warranty (Without LCD, Software & Physical Damage)🚦"
Samsung Galaxy Z Fold7 512 GB Blue,139990,Used,"Dhaka, Mohammadpur",1 hour ago,https://bikroy.com/mohammadpur/mobile-phones/samsung-galaxy-z-fold7-512-gb-blue-cNJHUf3HgcCpWHmm1xf2BQzR.html,5,2026-09-20T07:01:51.928075+00:00,individual,"Shop Name :Ab international 
Level -06 Shop number-(657,658)
Tokyo Square,Japan garden city, Mohammadpur
Call us for any question
 USED ফোন কিনে নিয়ে আর কোন দুশ্চিন্তা নয় কারণ আমরা দিচ্ছি ১০০% অরিজিনাল এবং অথেন্টিক ফোন। 
৭ দিনের মধ্যে কোনরকম প্রবলেম হলে রিপ্লেস করে দেওয়া হবে( Expect display issues)
এক বছরের ফ্রি সার্ভিস ওয়ারেন্টি"
Samsung Galaxy S22 5G 256 GB Black,45000,Used,"Dhaka, Mirpur",02/09,https://bikroy.com/mirpur/mobile-phones/samsung-galaxy-s22-5g-256-gb-black-yLw98WA1xAgsskUrjHWdWhDH.html,3,2026-09-20T07:01:52.708957+00:00,individual,"Alhamdulillah, there are no cracks or scratches of any kind on the phone. The phone is in completely fresh condition. It comes with the phone's box and intact original cable. A 3M sticker is applied to the back of the phone. If the sticker is removed, the phone will look 100% like it was just taken out of a showroom. The battery backup is Alhamdulillah very good. The camera quality and sound quality are Alhamdulillah very good. Show more"
Samsung Galaxy A54 128 GB Silver,32000,Used,"Dhaka, Savar",17/09,https://bikroy.com/savar/mobile-phones/samsung-galaxy-a54-128-gb-silver-wVi7EFsrjdnZZ6mgypnEmYwf.html,5,2026-09-20T07:01:53.290167+00:00,individual,"Samsung Galaxy A54 5G — Korean Variant 
 Condition: Like New — Completely fresh
 Korean Variant
 Phone's condition is absolutely wonderful
 No problem
 Display & Camera are completely good
 Smooth performance
 
 Price: 32000 Taka
 Location: Savar, Dhaka
 Inbox if interested to buy.
 Serious Buyer Only."
Samsung Galaxy S23 Ultra 256 GB Pink,53000,Used,"Dhaka, Motalib Plaza",1 hour ago,https://bikroy.com/motalib-laza/mobile-phones/samsung-galaxy-s23-ultra-256-gb-pink-dKO6G140MWmoUvuTG8yYXorF.html,5,2026-09-20T07:01:53.836937+00:00,individual,"মোবাইলের বিস্তারিত:
Brand & Model: Samsung S23 Ultra
RAM: 12GB
ROM: 256GB
Condition:Used
Warranty: ৭দিনের গ্যারান্টি ও ২বছরের সার্ভিস ওয়ারেন্টি পাবেন।

✔️ ফোন দেখে ও চেক করে কেনার সুযোগ
✔️ ফোনের কন্ডিশন সম্পর্কে পরিষ্কার তথ্য
✔️ সাশ্রয়ী দামে ভালো ফোন

🏪 Gadget Store
📍 Motalib Plaza, Shop No: 600G, Sonargaon Road, Hatirpool, Dhaka"
Samsung Galaxy Z Flip 5 256 GB Green,36990,Used,"Dhaka, Mohammadpur",1 hour ago,https://bikroy.com/mohammadpur/mobile-phones/samsung-galaxy-z-flip-5-256-gb-green-gifJzKKlHXJwZJPBgu1pQJfh.html,5,2026-09-20T07:01:54.446065+00:00,individual,"Shop Name :Ab international 
Level -06 Shop number-(657,658)
Tokyo Square,Japan garden city, Mohammadpur
Call us for any question

Buy a used phone with complete peace of mind because we offer 100% original and authentic phones.
If any problem occurs within 7 days, it will be replaced (Except display issues).
One year of free service warranty."
Samsung Galaxy S21 Ultra 5G 256 GB Black,22599,Used,"Dhaka, Savar",29/08,https://bikroy.com/savar/mobile-phones/samsung-galaxy-s21-ultra-5g-256-gb-black-Ivz8A2HPPF8lkn4kw8nbLAt.html,4,2026-09-20T07:01:55.049852+00:00,individual,SamSung Galaxy S21 Ultra 5G ফোন টা সবকিছু ওকে আছে শুধু ডিস্প্লেতে গ্রিন লাইন আর হাল্কা ফাটা আছে তাছাড়া বাকি সবকিছু ওকে
Samsung Galaxy S23 Ultra 512 GB Red,60000,Used,"Dhaka, Uttara",02/09,https://bikroy.com/uttara/mobile-phones/samsung-galaxy-s23-ultra-512-gb-red-mlt8L0lwcWKyQbgf1JrbMLtv.html,5,2026-09-20T07:01:55.684576+00:00,individual,"ফ্রেশ কন্ডিশন, কোনো ধরনের দাগ বা স্কেচ নেই। একদম নতুনের মতো যত্ন নিয়ে ব্যবহার করা হয়েছে।
​ব্যাটারি ব্যাকআপ: অসাধারণ ব্যাটারি ব্যাকআপ, চার্জ থাকে অনেকক্ষণ।
​অন্যান্য: ক্যামেরা, পারফরম্যান্স বা সবদিক থেকেই ফোনটি শতভাগ নিখুঁত ও ট্রাবল-ফ্রি।
​জরুরি প্রয়োজনে ফোনটি বিক্রি করা হচ্ছে। আগ্রহী ক্রেতারা ইনবক্সে যোগাযোগ করুন বা সরাসরি কল করুন।"
Samsung Galaxy A35 128 GB Black,28000,Used,"Dhaka, Savar",4 hours ago,https://bikroy.com/savar/mobile-phones/samsung-galaxy-a35-128-gb-black-rD3Pvm6Lz0BRHjXqVsDAFU2P.html,4,2026-09-20T07:01:56.396721+00:00,individual,"📌 স্পেসিফিকেশন:

Model:Galaxy A35
RAM:8 GB
ROM:128 GB
Battery:5000

Guarantee/Warranty: 7days replacement guarantee And 1year service warranty.


🔄 **Used Phone Buy | Sell | Exchange**
পুরাতন মোবাইল বিক্রি বা এক্সচেঞ্জ করার সুবিধা রয়েছে।

🏪 MODINA MOBILE ZONE

📍 Shop # E-180 (Level-5), Sena Shopping Complex, Nabinagar, Savar, Dhaka."
New Samsung Galaxy A56 128 GB Gray,44000,Brand New,"Dhaka, Uttara",1 hour ago,https://bikroy.com/uttara/mobile-phones/new-samsung-galaxy-a56-128-gb-gray-ilMiglVoQqrRbnTPCfAEAp9Q.html,3,2026-09-20T07:01:56.832947+00:00,individual,"Grab the brand new Galaxy A56 5G in Gray with 8/128GB capacity!
100% original and non-refurbished product.
Enjoy a 7-day replacement guarantee and a 1-year service warranty.
Easy EMI facilities are also available.
Contact us today!
Exchange Hub
Shop No: 610, 611, 628 & 629, Level-6, Tropical Alauddin Tower
Sector 3, Road 2, Rajlaxmi, Uttara.
Call for details 017XXXXXXXX"
Samsung Galaxy A17 5G 128 GB Black,24999,Used,"Dhaka, Gulshan",42 min ago,https://bikroy.com/gulshan/mobile-phones/samsung-galaxy-a17-5g-128-gb-black-rIP3POAWDzZ0WcWgwa0mnEln.html,5,2026-09-20T07:01:57.320439+00:00,individual,"Samsung A17 5G official device
Official warranty is 6 months
RAM 8GB, ROM 128GB
Processor Exynos 1380
Battery 5000 mAh
Super AMOLED
10 days replacement guarantee is available
1 year service warranty is available
Location: Gulshan 2, Land View Shopping Center, shop number 24, 1st floor
Phone exchange is available
Friday market is closed
You can do EMI with a credit card"
Samsung Galaxy S24 Ultra 256 GB Bronze,67000,Used,"Dhaka, Keraniganj",31/08,https://bikroy.com/keraniganj/mobile-phones/samsung-galaxy-s24-ultra-256-gb-bronze-s1sZ1Ed5y0y2rEqzxLPkm5VU.html,3,2026-09-20T07:01:58.011129+00:00,individual,"Samsung s24 ultra 
১২/২৫৬/ 
ভিয়েতনাম ভেরিয়েন্ট 
ফোন এর   সাথে অরজিনাল  বক্স আছে 
আমি নতুন কিনছিলাম আমি বাইক কিনবো দেইখা এইটা সেল করতাছি অনেক সখের একটা ফোন ছিলো ফোন ফুল ফ্রেশ জাস্ট হাতের থেকে পরে পিছের বেক সেল ফেটে গেছে এটাই সমস্যা তা সারা কনো সমস্যা নাই জত খুশি চেক করে নিতে পারবেন ইমারজেন্সি দরকার তাই সেল দিয়ে দিতাছি অনেক কমে দিয়ে দিতাছি"
Samsung Galaxy A55 128 GB Bronze,32000,Used,"Dhaka, Paltan",14/09,https://bikroy.com/paltan/mobile-phones/samsung-galaxy-a55-128-gb-bronze-3iRLv3a6WlRCmv31KBLLCIre.html,3,2026-09-20T07:01:58.646947+00:00,individual,"Fully functional, used for 6 months. Box and charger available. Malaysian variant."
Samsung Galaxy S21+ 5G 128 GB Purple,23999,Used,"Dhaka, Savar",55 min ago,https://bikroy.com/savar/mobile-phones/samsung-galaxy-s21-5g-128-gb-purple-BQovCcEKSoGZ2UmGNfIZ4Ghd.html,5,2026-09-20T07:01:59.292983+00:00,individual,"S21+ 5G (128GB) in super fresh condition

Location: Savar, Nobinogor, Sena Shopping Complex
Shop name: Apple Gadgets & Care
Shop no: D/43, Lift 3"
New Samsung Galaxy A57 128 GB Blue,46500,Brand New,"Dhaka, Uttara",1 hour ago,https://bikroy.com/uttara/mobile-phones/new-samsung-galaxy-a57-128-gb-blue-nkirJSyijdF8luPGnybehDF1.html,3,2026-09-20T07:01:59.976535+00:00,individual,"Brand New Galaxy A57 8/128GB Navy Blue
Physical Dual Sim 
Made by Vietnam 



🟡 100% Original & Non Refurbished Product

🟡 7 Days Replacement & 1 Year Service Warranty

🟡 EMI Facility is also AVAILABLE

Contact Us

Exchange Hub

Shop No: 610, 611, 628 & 629 Level-6, Tropical Alauddin Tower

Sector 3, Road 2, Rajlaxmi, Uttara."
S23 Ultra Original Display (Pulled from Phone),25000,Used,"Dhaka, Khilgaon",1 hour ago,https://bikroy.com/khilgaon/cell-phones-tablets-accessories/s23-ultra-original-display-phone-khola-mmsSx7DXreI10SHyOQb2XvOx.html,5,2026-09-20T07:02:00.598543+00:00,individual,"Original Dynamic AMOLED 2X display pulled from a Samsung Galaxy S23 Ultra. Comes with a one-month replacement warranty. This is the display without the frame; waterproof and dustproof stickers are included. Address: Roza Telecom, Shop 225, 2nd Floor, Khilgaon Taltala City Corporation Market, Dhaka. You can visit the shop for professional fitting. Customers outside Dhaka can order via courier with cash on delivery. For a video of the display, message the model number on WhatsApp. The video link is provided above. Show more"
Apple iPhone 16 Pro Max 256 GB White,128550,Used,"Rajshahi, Boalia",09/05,https://bikroy.com/boalia/mobile-phones/apple-iphone-16-pro-max-256-gb-white-5PLV8YML3K5B5UUDTl06edpI.html,2,2026-09-20T07:02:01.412174+00:00,individual,"As like New and fresh condition. 92% BH. Physical dual sim with full box. White titanium. Hong Kong variant. Selling reason: Purchase 17 Pro Max. No exchange, only cash."
Apple iPhone 17 Pro Max 256 GB Orange,140000,Used,"Rajshahi, Shaheb Bazar",1 hour ago,https://bikroy.com/shaheb-bazar/mobile-phones/apple-iphone-17-pro-max-256-gb-orange-6xyIFcf1PbAIJoUmIsUnFsJq.html,2,2026-09-20T07:02:02.028630+00:00,individual,"IPhone 17 Pro Max
256 GB 100% Battery Health
Japan
Super condition
Enjoy 7 days replacement guarantee
Enjoy 1 year service warranty
#exchange possible
Our Address:
Smart Choice, Shop No. 211,
City Center, Beside of Rajshahi College, Sonadigir Mor, Rajshahi
Call for any details"
New Apple iPhone 16 Pro Max 256 GB White,120000,Brand New,"Rajshahi, Shaheb Bazar",1 hour ago,https://bikroy.com/shaheb-bazar/mobile-phones/new-apple-iphone-16-pro-max-256-gb-white-zi5XoCbFn23gTyfK7KKqstGV.html,3,2026-09-20T07:02:02.761578+00:00,individual,"iPhone 16 Pro Max

256 GB, 100% Battery Health

Physical SIM

Experience Super Condition 🔥🔥

Enjoy a 7-day replacement guarantee ✅ 
Get a 1-year service warranty ✅ 

#Exchange possible ✅

Our Address:
Smart Choice, Shop No. 211,
City Center, Beside Rajshahi College, Sonadighi Mor, Rajshahi"
Apple iPhone 16 Pro Max 256 GB Black,123000,Used,"Rajshahi, Shaheb Bazar",1 hour ago,https://bikroy.com/shaheb-bazar/mobile-phones/apple-iphone-16-pro-max-256-gb-black-5EdAlqubHMlvpkXPmYzjkxCr.html,2,2026-09-20T07:02:03.355036+00:00,individual,"iPhone 16 Pro Max
256 GB, 99% Battery Health
Australia variant
Super condition
7 days replacement guarantee
1 year service warranty
#exchange possible
Our Address:
Smart Choice, Shop No. 211,
City Center, Beside Rajshahi College, Sonadighi Mor, Rajshahi
Call for any details:"
Apple iPhone 16 Pro Max 512 GB Gray,120000,Used,Rajshahi,56 min ago,https://bikroy.com/rajshahi/mobile-phones/apple-iphone-16-pro-max-512-gb-gray-ad8jHOosp6iFW36v5PGztkH3.html,3,2026-09-20T07:02:04.075884+00:00,individual,"iPhone 16 Pro Max 
512 GB 100% Battery Health 
Physical SIM 
Super condition 
7 days replacement guarantee  
1 year service warranty  
#exchange possible 
Our Address :
Smart Choice , Shop No. 211 , 
City center , Beside of Rajshahi College , Sonadigir mor Rajshahi
Call for any details"
Apple iPhone 16 Pro Max 512 GB Gold,122000,Used,Rajshahi,03/08,https://bikroy.com/rajshahi/mobile-phones/apple-iphone-16-pro-max-512-gb-gold-xB8vI3tSB2mrLjPvibePbVad.html,5,2026-09-20T07:02:04.557479+00:00,individual,"Full Fresh (fixed price)
Check as much as you want 
BTH 92%
Storage 512
3 covers will come with the phone 
Phone will come with box, NID will be given 
USA variant
iOS version 26.05.02"
Apple iPhone 17 Pro 256 GB Orange,129999,Used,"Rajshahi, Rajpara",16/09,https://bikroy.com/rajpara/mobile-phones/apple-iphone-17-pro-256-gb-orange-B4wngvpSbvVctqCB3TrqiKXU.html,4,2026-09-20T07:02:05.287195+00:00,individual,"iPhone 17 Pro
  256GB
  1 Physical SIM + 1 eSIM

Absolutely fresh, completely like new.

Do not message or call unnecessarily.
If you are willing to buy, please call directly.

Thank you."
New Apple iPhone 17 Pro Max 256 GB Orange,140000,Brand New,"Rajshahi, Shaheb Bazar",1 hour ago,https://bikroy.com/shaheb-bazar/mobile-phones/new-apple-iphone-17-pro-max-256-gb-orange-mSZEt9xQ9Fqah5375S8SIsmj.html,5,2026-09-20T07:02:05.845638+00:00,individual,"Iphone 17 pro max
256 100
Cc 110
Super condition 
7 days replacement guarantee  
1 year service waranty  
#exchange possible 
Our Address :
Smart Choice , Shop No. 211 , 
City center , Beside of Rajshahi College , Sonadigir mor Rajshahi
Call for any details:"
Apple iPhone 17 Pro Max 256 GB Silver,145000,Used,"Rajshahi, Shaheb Bazar",1 hour ago,https://bikroy.com/shaheb-bazar/mobile-phones/apple-iphone-17-pro-max-256-gb-silver-hLhg4H3itM9ABXK04yoqmsQi.html,3,2026-09-20T07:02:06.224154+00:00,individual,"iPhone 17 Pro Max
256 GB, 100% Battery Health
Super condition
7 days replacement guarantee
1 year service warranty
#exchange possible
Our Address:
Smart Choice, Shop No. 211,
City Center, Beside Rajshahi College, Sonadighi Mor, Rajshahi
Call for any details:"
New Apple iPhone 16 Pro Max 256 GB Gold,125000,Brand New,"Rajshahi, Kadirgonj",09/05,https://bikroy.com/kadirgonj/mobile-phones/new-apple-iphone-16-pro-max-256-gb-gold-66aAqTrqhBhcLiAWyPR5M47X.html,5,2026-09-20T07:02:06.635680+00:00,business,"iPhone 16 Pro Max. 95% Battery Health, 256GB. Buy your favorite iPhone from TECH LIFE because we offer the best price, premium quality, and hassle-free customer service! Shop Location: Shop number: 121, Sopnochura plaza, kadirgonje."
Apple iPhone 17 Pro Singapore (Used),138000,Used,Rajshahi,1 hour ago,https://bikroy.com/rajshahi/mobile-phones/apple-iphone-17-pro-singapore-used-gjdXKaTsZXJhreicuen5bawd.html,0,2026-09-20T07:02:07.195000+00:00,individual,"iPhone 17 Pro 🔥 256 GB, 100% Battery Health. Singapore physical SIM version. Super condition. 7 days replacement guarantee. 1-year service warranty. #ExchangePossible. Our Address: Smart Choice, Shop No. 211, City Center, Beside Rajshahi College, Sonadighi Mor, Rajshahi. Call for details."
Apple iPhone 17 Pro 256 GB Blue,125000,Used,"Rajshahi, Boalia",1 day ago,https://bikroy.com/boalia/mobile-phones/apple-iphone-17-pro-256-gb-blue-6fSRiGXMPFnJWk1v31trLNju.html,5,2026-09-20T07:02:07.973575+00:00,individual,"iPhone 17 Pro 256GB — USA Variant
• Storage: 256GB
• Dual eSIM
• Battery Health: 95%
• Cycle Count: 265
• No Repair / Never Repaired
• Apple Official Warranty: Few Weeks Remaining
• Comes with Original TORRAS Air Case
• Full fresh condition, Full Box, Cable
Nationwide Delivery Available - Standard Courier Delivery Charge"
Apple iPhone 17 Pro Max 512 GB Blue,165000,Used,"Rajshahi, Shaheb Bazar",1 hour ago,https://bikroy.com/shaheb-bazar/mobile-phones/apple-iphone-17-pro-max-512-gb-blue-csV8slMWeD0XUh2vOu3pydkj.html,2,2026-09-20T07:02:08.533268+00:00,individual,"iPhone 17 Pro Max, 512 GB, 100% battery health, cycle count 105. Super condition. Comes with a 7-day replacement guarantee and 1-year service warranty. Exchange possible. Our Address: Smart Choice, Shop No. 211, City Center, Beside Rajshahi College, Sonadighi Mor, Rajshahi. Call for details."
Apple iPhone 17 Pro Max 256 GB Blue,152000,Used,"Rajshahi, Shaheb Bazar",1 hour ago,https://bikroy.com/shaheb-bazar/mobile-phones/apple-iphone-17-pro-max-256-gb-blue-11qaF5s38zvfsBJt5Pcb14B3.html,4,2026-09-20T07:02:09.264644+00:00,individual,"iPhone 17 Pro Max, 256 GB, 100% Battery Health, Cycle Count 105, USA origin. Super condition. 7 days replacement guarantee, 1 year service warranty. Exchange possible. Our Address: Smart Choice, Shop No. 211, City Center, Beside Rajshahi College, Sonadighi Mor, Rajshahi. Call for any details"
Apple iPhone 15 Pro Max 256 GB Blue,95000,Used,"Rajshahi, Kadirgonj",4 hours ago,https://bikroy.com/kadirgonj/mobile-phones/apple-iphone-15-pro-max-256-gb-blue-1Kw5xp9PLgIFGcmJ3VxgJj3U.html,5,2026-09-20T07:02:09.977227+00:00,individual,"আসসালামু আলাইকুম ওয়া রহমাতুল্লহি ওবারকাতুহ 
ফ্রেশ কন্ডিশন
📦 বক্স: Only Device
🧾 ক্যাশ মেমো: আছে
🔁 রিপ্লেসমেন্ট গ্যারান্টি: ৭ দিন পর্যন্ত পাবেন ( শর্তসাপেক্ষে ) 
লোকেশন: রাজশাহী কাদিরগঞ্জ চালপট্টি, লার্জ ফার্মার পাশে , স্বপ্নচূড়া প্লাজা নগর ভবনের পিছে।  
🏪 শপ নং: ১২৩ - নিচ তলা লিফটের পাশে 
🏬 শপ নাম: Rajshahi Mobile Bari 019XXXXXXXX"
Apple iPhone 14 Pro Max 256 GB Black,66500,Used,Rajshahi,04/09,https://bikroy.com/rajshahi/mobile-phones/apple-iphone-14-pro-max-256-gb-black-iGpcdozoRE1E46WZp0kca0jh.html,5,2026-09-20T07:02:10.629393+00:00,individual,"Phone sob kichu original... 2 ta psychical dual sim...
Security hisebe ja chan dewa Jabe ... Memo ache
Dam kichu ta kom rakha Jabe newar moto dam bolben aje baje dam bolben na....

Number 017XXXXXXXX"
New Apple iPhone 15 128 GB Pink,60000,Brand New,"Rajshahi, Shaheb Bazar",1 hour ago,https://bikroy.com/shaheb-bazar/mobile-phones/new-apple-iphone-15-128-gb-pink-53q78tUVolUACOZSUSrcaQgu.html,2,2026-09-20T07:02:11.090405+00:00,individual,"iPhone 15
128 GB, 85-100% Battery Health
Physical SIM
Super condition
Enjoy a 7-day replacement guarantee
1-year service warranty
#Exchange possible
Our Address:
Smart Choice, Shop No. 211,
City Center, Beside Rajshahi College, Sonadighi Mor, Rajshahi
Call for any details:"
Apple iPhone 14 Pro Max 128 GB Blue,56999,Used,Rajshahi,25/08,https://bikroy.com/rajshahi/mobile-phones/apple-iphone-14-pro-max-128-gb-blue-1AeMIgzsQehaan9Gxj9CaecG.html,4,2026-09-20T07:02:11.650895+00:00,individual,"Please message first.
Condition: iPhone 14 Pro Max (128GB)
Battery: 80%
Physical + eSIM
iOS: 26.6.1
Included with it: Box and good quality charger.
Condition: Only back glass is cracked.
And there is a small dot near the front camera which is not noticeable. Pictures are provided."
Apple iPhone 14 Pro Max 256 GB Purple,78500,Used,Rajshahi,01/09,https://bikroy.com/rajshahi/mobile-phones/apple-iphone-14-pro-max-256-gb-purple-pIWYbP0PC04AqPi9SEG7fnnH.html,3,2026-09-20T07:02:12.274343+00:00,individual,সিঙ্গাপুর ভেরিয়েন্ট ফোনে কোন ধরনের কোন সমস্যা নাই যত ইচ্ছা দেখে নিবেন নিজের পার্সোনাল কিছু ব্যক্তিগত কারণে ফোনটা আমাকে সেল করা লাগছে তাছাড়া কোন কারণ নেই ফোন বিক্রি করার । ব্যক্তিগত কিছু কারণে টাকা দরকার তাই ফোনটা সেল করব । লোকেশনে এসে ইচ্ছামত ফোন দেখে নিয়ে যাবেন প্রয়োজনে ওয়াটারপ্রুফ চেক করে নেবেন । ফোন দেখতে আসলে অবশ্যই ফোন পছন্দ হবে।
Apple iPhone 14 Pro 256 GB Gold,66000,Used,Rajshahi,26/08,https://bikroy.com/rajshahi/mobile-phones/apple-iphone-14-pro-256-gb-gold-r2tPhtgWHAfy1ZB81bICrIKf.html,4,2026-09-20T07:02:13.068954+00:00,individual,"iPhone14 Pro — 256GB | Golden Colour
একদম Super Fresh Condition হাতে নিলেই পছন্দ হবে।
Model: iPhone 14 Pro, Storage: 256GB, Colour: Golden,Battery Health: 89%, Variant: USA

ফোনের কন্ডিশন একদম ফ্রেশ ও সুন্দর। যারা ভালো কন্ডিশনের iPhone 14 Pro খুঁজছেন, তাদের জন্য দারুণ একটি ডিল 

Address: Shaheb Bazar, Rajshahi
Call: [hidden information]"
Apple iPhone 15 Pro 256 GB Blue,90000,Used,"Rajshahi, Shaheb Bazar",1 hour ago,https://bikroy.com/shaheb-bazar/mobile-phones/apple-iphone-15-pro-256-gb-blue-wQ01JX61flblQEsEtp0vo4Wi.html,4,2026-09-20T07:02:13.590733+00:00,individual,"IPhone 15 pro 
256 gb 87 bh 
Warranty available until 2031 
Super condition 
7 days replacement guarantee  
1 year service warranty  
#exchange possible 
Our Address :
Smart Choice , Shop No. 211 , 
City center , Beside of Rajshahi College , Sonadigir mor Rajshahi
Call for any details:"
Apple iPhone 15 Pro 256 GB White,78000,Used,"Rajshahi, Court Station",31/08,https://bikroy.com/court-station/mobile-phones/apple-iphone-15-pro-256-gb-white-cono9XcFX3RrX29miCFTwHwD.html,3,2026-09-20T07:02:14.166052+00:00,individual,￼ battery health 96% sob orjinal no bust oll ok
Apple iPhone 14 Pro Max 256 GB Purple,80000,Used,Rajshahi,28/08,https://bikroy.com/rajshahi/mobile-phones/apple-iphone-14-pro-max-256-gb-purple-r8ScCt13jIenxRe0CZwnkjQZ.html,5,2026-09-20T07:02:14.674007+00:00,individual,"iphone 14 pro max..betrry 85, ফোনটা একদম press, নো চেন্জ সব জেনুয়িন বক্স নাই ,,সিঙ্গাপুর ভেরিয়ান্ড,,"
Apple iPhone 16 Pro Max 256 GB Bronze,115000,Used,"Rajshahi, Shaheb Bazar",1 hour ago,https://bikroy.com/shaheb-bazar/mobile-phones/apple-iphone-16-pro-max-256-gb-bronze-dkozXQRyhyMTwlV9REij7Sfr.html,3,2026-09-20T07:02:15.279088+00:00,individual,"iPhone 16 Pro Max, 256 GB, 91% battery health, USA version, super condition, 7 days replacement guarantee, 1 year service warranty. Exchange possible. Our Address: Smart Choice, Shop No. 211, City Center, Beside Rajshahi College, Sonadighi Mor, Rajshahi. Call for details."
Apple iPhone 15 Plus 128 GB Black,65000,Used,"Rajshahi, Shaheb Bazar",1 hour ago,https://bikroy.com/shaheb-bazar/mobile-phones/apple-iphone-15-plus-128-gb-black-39lMK4kbQi46v2oAe9V2gR8W.html,3,2026-09-20T07:02:16.066892+00:00,individual,"iPhone 15 Plus
128GB / 89% Battery Health
Physical SIM
Super condition
7 days replacement guarantee
1 year service warranty
#exchange possible
Our Address:
Smart Choice, Shop No. 211,
City Center, Beside Rajshahi College, Sonadighi Mor, Rajshahi
Call for any details:"
Apple iPhone 14 Pro Max 256 GB White,85500,Used,"Rajshahi, Nawdapara",03/09,https://bikroy.com/nawdapara/mobile-phones/apple-iphone-14-pro-max-256-gb-white-5W2Xz2ilWbrQ1cT2vKcx5Xgr.html,5,2026-09-20T07:02:16.738393+00:00,individual,"আমি প্রথম ইউজার,,,, কোন প্রকার সমস্যা নাই,,,, একদম নতুন ফোন,,,, 15 pro max নিবো তাই সেল করে দিচ্ছি,,,, ব্যাটারি হেল্থ ৯২ 🔋USA varrient,, যত ইচ্ছা চেক করে নিবেন,,,, সাথে ওরিজিনাল চার্জার ও কেবল দেওয়া হবে ❤️ যোগাযোগ নাম্বার 019XXXXXXXX"
Apple iPhone 16 Pro 128 GB Rose Gold,93000,Used,"Rajshahi, Shaheb Bazar",1 hour ago,https://bikroy.com/shaheb-bazar/mobile-phones/apple-iphone-16-pro-128-gb-rose-gold-axUnNwSc7ZwYZ7ffrUbtkoV1.html,3,2026-09-20T07:02:17.186699+00:00,individual,"iPhone 16 Pro
128GB, 91% Battery Health
Physical SIM
Super condition
Enjoy a 7-day replacement guarantee
1-year service warranty
#exchange possible
Our Address:
Smart Choice, Shop No. 211,
City Center, Beside Rajshahi College, Sonadighi Mor, Rajshahi
Call for any details:"
Apple iPhone 14 Pro Max 256 GB Purple,74000,Used,"Rajshahi, Shaheb Bazar",1 hour ago,https://bikroy.com/shaheb-bazar/mobile-phones/apple-iphone-14-pro-max-256-gb-purple-chrDhW9u7STAZkcpUOjNWLjF.html,3,2026-09-20T07:02:17.808502+00:00,individual,"iPhone 14 Pro Max, 256 GB, 81% battery health. Physical SIM. Super condition. 7 days replacement guarantee. 1 year service warranty. #exchange possible. Our Address: Smart Choice, Shop No. 211, City Center, Beside Rajshahi College, Sonadighi Mor, Rajshahi. Call for any details:"
Apple iPhone 13 128 GB Blue,40000,Used,"Rajshahi, Paba",13/09,https://bikroy.com/paba/mobile-phones/apple-iphone-13-128-gb-blue-czS4i5M9Wq32qVfLM7q7wodI.html,4,2026-09-20T07:02:18.617271+00:00,individual,"All ok, authentic phone, water proof checked, Face ID ok, battery 80... check as much as you want... contact WhatsApp"
Apple iPhone 13 128 GB Black,35000,Used,Rajshahi,01/09,https://bikroy.com/rajshahi/mobile-phones/apple-iphone-13-128-gb-black-r2G9uzxuKq0DKbsgR4TrdOGQ.html,5,2026-09-20T07:02:19.251169+00:00,individual,"iPhone 13  128gb 
True ton 
Face ID ok
Sate cash memo ace
Only display change bh:77
Phone full fresh 
Nunber 019XXXXXXXX"
Apple iPhone 14 128 GB Black,45000,Used,"Rajshahi, Boalia",02/09,https://bikroy.com/boalia/mobile-phones/apple-iphone-14-128-gb-black-fltkEFXWOajdKjMwgUtDdFJt.html,3,2026-09-20T07:02:19.961183+00:00,individual,"iPhone 14
Variant - Indian
All ok 
Battery Health - 79%"
Apple iPhone 12 64 GB,25000,Used,"Rajshahi, Kazla",26/08,https://bikroy.com/kazla/mobile-phones/apple-iphone-12-64-gb-iMtJxZeUQmaRizBHJXpzBx81.html,5,2026-09-20T07:02:20.769305+00:00,individual,বিক্রয় করা হবে ফোনের কোন প্রবলেম নেই ডিসপ্লে চেঞ্জ করা হয়েছে সাড়ে ছয় হাজার টাকা দিয়ে ফেস আইডি টুটনসব ওকে আছে ব্যাটারির চেঞ্জ করা হয়েছে প্রায় ছয় মাস আগে ৩২০০ টাকা দিয়ে যদি নিতে চান তাহলে যোগাযোগ করুন
Apple iPhone 12 Pro 128 GB Blue,36009,Used,Rajshahi,07/09,https://bikroy.com/rajshahi/mobile-phones/apple-iphone-12-pro-128-gb-blue-vXVyD8dyn6mfHTSZTE0SogmU.html,5,2026-09-20T07:02:21.275856+00:00,individual,ফোনে কোন সমস্যা নেই। কখনো খোলা হয়নি। ব্যাটারি হেলথ ৭৩% 018XXXXXXXX
New Apple iPhone 13 128 GB White,45000,Brand New,"Rajshahi, Rajpara",1 day ago,https://bikroy.com/rajpara/mobile-phones/new-apple-iphone-13-128-gb-white-uDmse2C2USsvbRAKfzbb4Jux.html,3,2026-09-20T07:02:21.893371+00:00,individual,"iPhone 13 genuine
Hong Kong variant 
128GB 
Physical dual SIM 
Battery health 91% 
Full fresh, 3uTools 100%, check as much as you want 
National ID photocopy required for device security only"
Apple iPhone 13 128 GB,38000,Used,Rajshahi,02/09,https://bikroy.com/rajshahi/mobile-phones/apple-iphone-13-128-gb-dfckkFeXGFzg648T5eIgcFY5.html,4,2026-09-20T07:02:22.475594+00:00,individual,ফোন ১০০% waterproof চেক করে দেখে নিতে পারবেন
Apple iPhone 13 128 GB Blue,41000,Used,"Rajshahi, Nawdapara",16/09,https://bikroy.com/nawdapara/mobile-phones/apple-iphone-13-128-gb-blue-hdM9NVBBaLLCm7jYpy4JWsy7.html,3,2026-09-20T07:02:23.086835+00:00,individual,"Apple 13
Battery 86% genuine battery
Full authentic
No parts changed
128 GB
Contact :
No parts are changed in the phone
Price can be slightly negotiated"
Apple iPhone 13 128 GB Pink,40000,Used,"Rajshahi, Boalia",09/09,https://bikroy.com/boalia/mobile-phones/apple-iphone-13-128-gb-pink-ypmY3JFbIJXKLlqBsEe0zJvb.html,5,2026-09-20T07:02:23.553575+00:00,individual,"Battery health 80%
Parts genuine 
China variant 
All okay (face id, true tone)"
Apple iPhone 12 Pro 128 GB Blue,35500,Used,"Rajshahi, Kazla",07/09,https://bikroy.com/kazla/mobile-phones/apple-iphone-12-pro-128-gb-blue-6cdgJjud2PxgcM3kR0dr47TR.html,5,2026-09-20T07:02:24.163986+00:00,individual,"কোন সমস্যা নেই, দেখে নিতে পারবেন। ব্যাটারি হেলথ ৭৩%। ফোন কখনো খোলা হয়নি। যমুনা ফিউচার পার্ক থেকে কেনা হয়েছে। মানি রিসিট আছে। EVERYTHING ORIGINAL AND OKAY 016XXXXXXXX"
Apple iPhone 13 128 GB Pink,30500,Used,"Rajshahi, Kazla",15/09,https://bikroy.com/kazla/mobile-phones/apple-iphone-13-128-gb-pink-cJw4XsCbLtBP1dugd9ec7AcS.html,3,2026-09-20T07:02:24.866721+00:00,individual,ফুল ফ্রেশ আছে ফোনটি নিলে সরাসরি ফোন দিবেন ফোনের ব্যাটারি হানডেট পারসেন ব্যাটারি চেঞ্জ করা হয়েছে অরজিনাল ব্যাটারিটাও আছে ছিয়াত্তর পাচ্ছেন ফোনের ফেইস আইডি ইসু  বাদবাকি সব ফুল ওকে
Apple iPhone 11 Pro 64 GB Silver,29000,Used,"Rajshahi, Durgapur",29/08,https://bikroy.com/durgapur-1/mobile-phones/apple-iphone-11-pro-64-gb-silver-8rKiZh7fxOfgn1fbrMkYCQgg.html,3,2026-09-20T07:02:25.483054+00:00,individual,"Model: iPhone 11 Pro
Storage: 64GB
Color: Brilliant / Silver
Battery Health: 82%
Condition: Full Fresh
Display: Original
Camera: Fully OK
Face ID: Fully OK
All Functions: 100% Working

Phone দেখতে খুবই fresh এবং কোনো major issue নেই। ছবিতে যেমন দেখছেন, বাস্তবেও একই রকম condition।


Serious buyers only."
Apple iPhone 11 128 GB White,27000,Used,"Rajshahi, Rajpara",04/09,https://bikroy.com/rajpara/mobile-phones/apple-iphone-11-128-gb-white-ef8ruZk9VOFR9BSxXypBQ9k.html,4,2026-09-20T07:02:25.987689+00:00,individual,"iphone-11
Battery health: 74%
Storage:128 GB(USA Variant)

Laptop-HP Elitebook CORE i7 vpro 8th gen 8 GB RAM, 239 GB SSD"
Apple iPhone 15 128 GB Black,55000,Used,Rajshahi,14 hours ago,https://bikroy.com/rajshahi/mobile-phones/apple-iphone-15-128-gb-black-a4oEq8ZmlYGLGthLMUs67m2w.html,5,2026-09-20T07:02:26.627319+00:00,individual,"Full Fresh Phone ✅
No Scratches All Ok ✅"
Apple iPhone 17 Pro Max 256 GB Blue,145000,Used,"Chattogram, Agrabad",10/08,https://bikroy.com/agrabad/mobile-phones/apple-iphone-17-pro-max-256-gb-blue-snfLGfPzLndHMLxgbki9Y7DI.html,4,2026-09-20T07:02:27.414170+00:00,individual,"Fresh conditions with original box cable
Brought from Kuwait"
Apple iPhone 17 Pro Max 512 GB Orange,178000,Used,"Chattogram, Cornelhat",13/09,https://bikroy.com/cornelhat/mobile-phones/apple-iphone-17-pro-max-512-gb-orange-2AP8nVpWow23RTyIfIyjDYMc.html,5,2026-09-20T07:02:28.055738+00:00,individual,"iPhone 17 Pro Max 512
Stellar Condition. GCC Specs. 
Used as Secondary Phone.
Bought from Dubai
Like Brand New

Full Boxed
12 Gb / 512 Gb
*DUAL eSIM. No Physical Sim
Battery health 100 percent 32 Cycles.
Warranty Remaining till 14/03/2027"
New Apple iPhone 17 Pro 256 GB,149999,Brand New,"Chattogram, CDA Avenue",4 hours ago,https://bikroy.com/cda-avenue/mobile-phones/new-apple-iphone-17-pro-256-gb-Bpo6vlfMkzfVEiQlgOyNmRyF.html,3,2026-09-20T07:02:28.664998+00:00,individual,"(JP varient)
Display: 6.3"" LTPO Super Retina XDR OLED, 120Hz, Dolby Vision, 3000 nits peak brightness
Camera: Triple 48MP Pro system with periscope zoom, ultrawide,
Processor: Apple A19 Pro (3nm) with 6-core GPU
Battery: 3998mAh/4252mAh
ক্রেডিট কার্ড এর মাধ্যমে ২০ টির অধিক ব্যাংকে ৩৬ মাস পর্যন্ত EMI এর সুবিধা রয়েছে। (*শর্ত প্রযোজ্য*)"
New Apple iPhone 17 256 GB,126999,Brand New,"Chattogram, CDA Avenue",4 hours ago,https://bikroy.com/cda-avenue/mobile-phones/new-apple-iphone-17-256-gb-1CYQAs10kPWrKfvofWtmAhTY.html,3,2026-09-20T07:02:29.402640+00:00,individual,"Indian Variant
Display: 6.3-inch LTPO Super Retina XDR OLED, 120Hz, HDR10,
Chipset: Apple A19 (3 nm), Hexa-core CPU, Apple 5-core GPU
Main Camera: Dual 48 MP rear dual LED flash, HDR, 4K video
Selfie Camera: 18 MP front
Battery: Li-Ion 3692 mAh
ক্রেডিট কার্ড এর মাধ্যমে ২০ টির অধিক ব্যাংকে ৩৬ মাস পর্যন্ত EMI এর সুবিধা রয়েছে। (*শর্ত প্রযোজ্য*)"
Apple iPhone 17 Pro Max 256 GB Orange,143000,Used,"Chattogram, Chandgaon",11/06,https://bikroy.com/chandgaon/mobile-phones/apple-iphone-17-pro-max-256-gb-orange-gd0z6KX6kuDnoVtAnfAkJAbK.html,5,2026-09-20T07:02:30.090263+00:00,individual,"iPhone 17 Pro Max with 5 months Dazzle Care, Japan variant.
Dual eSIM.
7 months used.
Battery: 100%.
All okay.
Dazzle official care warranty available for 5 months.
Mobile, original cable, and box will be provided."
Apple iPhone 17 Pro 256 GB Orange,150000,Used,"Chattogram, Patiya",2 days ago,https://bikroy.com/patiya/mobile-phones/apple-iphone-17-pro-256-gb-orange-pNW92gmgufHaMWVEXoXO5eT0.html,4,2026-09-20T07:02:30.670986+00:00,individual,"iPhone 17 Pro orange color, battery health 100%, Apple warranty available, no dents, like brand new with box..."
Apple iPhone 16 Pro Max 512 GB Rose Gold,128000,Used,Chattogram,13 hours ago,https://bikroy.com/chattogram/mobile-phones/apple-iphone-16-pro-max-512-gb-rose-gold-fRg22mOFYh4jqnyftdeFk3ut.html,5,2026-09-20T07:02:31.353733+00:00,individual,"Iphone 16 pro Max 512Gb dessert titanium
Phoneta dubai theke ana barely used phone... 100%spotless and fully fresh
Bh 90% but cycle count 351 only
With box
Real buyers only!!
Location must!!"
Apple iPhone 16 Pro Max 512 GB Gold,125000,Used,"Chattogram, Chawkbazar",1 hour ago,https://bikroy.com/chawkbazar/mobile-phones/apple-iphone-16-pro-max-512-gb-gold-NHbPtHOtCvmrJCJKIBhOztI.html,3,2026-09-20T07:02:32.063764+00:00,individual,"iPhone 16 Pro Max, 512GB, Desert Titanium color, comes with box, Global version."
Apple iPhone 17 Pro 256 GB Purple,131990,Used,"Chattogram, CDA Avenue",55 min ago,https://bikroy.com/cda-avenue/mobile-phones/apple-iphone-17-pro-256-gb-purple-yKqronSLFaMGrOnHTFv3QpWe.html,3,2026-09-20T07:02:32.674544+00:00,individual,"iPhone 17 Pro 256GB 🇱🇷 USA Variant 📱✨

🔋 Battery Health: 100%

✅ Cycle Count: 152

📍 First Use in MAY 2026

✨ Condition: Full Fresh

🛡️ Apple Warranty Available till May 2027

💰 Offer Price: Only ৳1,31,990/-

আজই Decent থেকে"
New Apple iPhone 17 Pro Max 256 GB Silver,165000,Brand New,"Chattogram, Khulshi",12/08,https://bikroy.com/khulshi/mobile-phones/new-apple-iphone-17-pro-max-256-gb-silver-d7FJldVIS9rugoLqUzwYwfVR.html,4,2026-09-20T07:02:33.399091+00:00,individual,"Just opened, brought from outside. With bill, no charge, just open box"
Apple iPhone 17 Pro Max 256 GB Orange,143499,Used,"Chattogram, CDA Avenue",1 hour ago,https://bikroy.com/cda-avenue/mobile-phones/apple-iphone-17-pro-max-256-gb-orange-q39DcrXGBK4ZXCVArv9XOrY5.html,3,2026-09-20T07:02:33.969020+00:00,individual,"17 pro max 256gb
Battery-100%
cycle -20
Offer price -143490
Warranty available 27 jun 27"
New Apple iPhone 17 Pro Max 256 GB Orange,159999,Brand New,"Chattogram, CDA Avenue",3 hours ago,https://bikroy.com/cda-avenue/mobile-phones/new-apple-iphone-17-pro-max-256-gb-orange-sc78jNGvXnXnCoefIQoTRX1R.html,3,2026-09-20T07:02:34.628248+00:00,individual,"JP variant
Display: 6.9"" LTPO Super Retina XDR OLED, 120Hz with 3000 nits peak brightness
Camera: 48MP triple camera with periscope zoom, LiDAR scanner, and 4K Dolby Vision video
Processor: Apple A19 Pro (3nm) with 6-core GPU
Battery: Up to 5088mAh
EMI facilities are available for up to 36 months through credit cards with more than 20 banks. (*Conditions apply*)"
New Apple iPhone 17 Pro Max 256 GB White,169999,Brand New,"Chattogram, Chandgaon",15/09,https://bikroy.com/chandgaon/mobile-phones/new-apple-iphone-17-pro-max-256-gb-white-sj305H3n4ssB0OChjyzbQajx.html,4,2026-09-20T07:02:35.246570+00:00,individual,"iPhone 17 Pro Max 256GB Dual Physical SIM. Available in Cosmic Orange, Silver, and Deep Blue."
Apple iPhone 17 Pro Max 256 GB,160000,Used,"Chattogram, Nasirabad",08/09,https://bikroy.com/nasirabad/mobile-phones/apple-iphone-17-pro-max-256-gb-djlB3kGwEua9LXyiIFUwAb6X.html,4,2026-09-20T07:02:35.825791+00:00,individual,Location a eshe dekhe nite parben. For more details WhatsApp on 018XXXXXXXX
Apple iPhone 16 Pro Max 256 GB Gold,99500,Used,"Chattogram, Khulshi",4 hours ago,https://bikroy.com/khulshi/mobile-phones/apple-iphone-16-pro-max-256-gb-gold-C0srz1H0Yv9lERtupwuhraye.html,3,2026-09-20T07:02:36.527730+00:00,individual,"📱 iPhone 16 Pro Max 256GB — SELL & EXCHANGE 🔥

🔋 Battery Health: 89%
✨ Fresh & well-maintained
📸 Camera & Face ID: Perfect
🛠️ No repair / No issue

💰 Cash Price: ৳99,500

🔄 Exchange:
Will exchange with iPhone 17 Pro
💵 I will add cash if necessary.

📩 Inbox if interested.
🔥 Serious buyers only."
New Apple iPhone 15 Plus 256 GB Pink,79990,Brand New,"Chattogram, Baizid",1 hour ago,https://bikroy.com/baizid/mobile-phones/new-apple-iphone-15-plus-256-gb-pink-zaIvEoNR5e3voQJzpXqd1LzB.html,3,2026-09-20T07:02:37.137036+00:00,individual,"Get the iPhone 15 Plus 256GB (USA Variant) now at an offer price at Decent! 

Decent brings you the iPhone 15 Plus USA Variant — right within your reach 

 iPhone 15 Plus (USA Variant) - 
Finlay Square, Level-4, Shop-406, 2 No Gate, Nasirabad, Chattogram
Finlay South City, Level-5, Shop-525, Bahaddarhat, Chattogram"
Apple iPhone 15 Pro 256 GB Silver,78000,Used,"Chattogram, Bandar, Chattogram",15/09,https://bikroy.com/bandar/mobile-phones/apple-iphone-15-pro-256-gb-silver-dtd52d1VLvYGrlZkWTvGvaV1.html,5,2026-09-20T07:02:37.814624+00:00,individual,"Condition: Internally completely fresh and 100% functional. There are 3 very light marks/scratches on the body. Never opened or repaired.
Face ID True Tone All Okay
With Box
Battery health: 86% (Genuine)
Variant: AA/A"
Apple iPhone 15 128 GB Green,60000,Used,"Chattogram, Hathazari",21/08,https://bikroy.com/hathazari/mobile-phones/apple-iphone-15-128-gb-green-hqruYq52r8ltNsTJbnijeMrr.html,5,2026-09-20T07:02:38.522473+00:00,individual,"Iphone 15 128GB
With original box, charging cable and Apple's 20w power adapter.
Varient- UK
Battery health- 83%
Charging cycle- 744
True tone works
No visible scratch or dent.
Location- 1 no. gate, University of Chittagong"
Apple iPhone 16 128 GB,72000,Used,"Chattogram, Chawkbazar",1 hour ago,https://bikroy.com/chawkbazar/mobile-phones/apple-iphone-16-128-gb-ft4utNR4mq9RhVBNcZbudBEE.html,3,2026-09-20T07:02:39.074517+00:00,individual,"iPhone 16
128GB
I have more pictures available
Teal, Ultramarine,
Battery health 90%, 95%, 100%."
Apple iPhone 15 Pro Max 256 GB Blue,90999,Used,"Chattogram, Agrabad",09/09,https://bikroy.com/agrabad/mobile-phones/apple-iphone-15-pro-max-256-gb-blue-uaR5kf3pmj5kSXp8GYiJNhy1.html,3,2026-09-20T07:02:39.698757+00:00,individual,"IPhone 15 Pro Max
Storage: 256GB
Bh-89% (J/A varient )
Almost brand-new condition, not any single problem, not any scratch or dent.
FacelD, True-Tone everything working perfectly... 
Price almost fixed, don't say any insulting price and don't insult yourselt... 
Location: Agrabad, Chittagong"
Apple iPhone 16 Pro 128 GB Rose Gold,110000,Used,"Chattogram, Oxygen",10/09,https://bikroy.com/oxygen/mobile-phones/apple-iphone-16-pro-128-gb-rose-gold-39Kpz2geyGBN5hC0oKU43H9b.html,5,2026-09-20T07:02:40.357152+00:00,individual,"IPhone 16 Pro
With Box all
128GB Storage
US Variant
Battery Health: 92%
Mobile condition--100% fresh
Contact 013XXXXXXXX"
Apple iPhone 14 Pro Max 256 GB Purple,65000,Used,"Chattogram, Agrabad",12/09,https://bikroy.com/agrabad/mobile-phones/apple-iphone-14-pro-max-256-gb-purple-aoR0rCa42tuFwEthfUCOw8Ao.html,5,2026-09-20T07:02:40.949037+00:00,individual,"iPhone 14 Pro Max
3uTools score 98%
Storage 256GB
Battery health 80%
All parts original
Amazing camera
1 physical SIM, 1 eSIM
Face ID, True Tone, everything works great
No issues or problems at all
Check thoroughly before taking it
Cash memo and cover will be provided"
Apple iPhone 14 Pro 1 TB Silver,72500,Used,"Chattogram, Hathazari",02/09,https://bikroy.com/hathazari/mobile-phones/apple-iphone-14-pro-1-tb-silver-43Dn4vsf7oNKHaxun7AYZwcN.html,5,2026-09-20T07:02:41.651907+00:00,individual,"Iphone 14 Pro 
1TB
Bettery 86
KH/A
Waterproof 
Only device with cash memo"
Apple iPhone 16 Plus 128 GB Blue,80000,Used,"Chattogram, Baizid",18 hours ago,https://bikroy.com/baizid/mobile-phones/apple-iphone-16-plus-128-gb-blue-wLToTUDmwibGcFFtHHMbESUq.html,5,2026-09-20T07:02:42.195887+00:00,individual,"iPhone 16 Plus will be sold. The phone is brand new and in good condition. Interested buyers please contact in inbox. Necessary detailed information, pictures and other things will be given in message.
Price: Taka
Location: Chattogram"
Apple iPhone 14 Pro Max 128 GB Black,67990,Used,"Chattogram, CDA Avenue",1 hour ago,https://bikroy.com/cda-avenue/mobile-phones/apple-iphone-14-pro-max-128-gb-black-moEX7VePCwU0zRId8UoBc1Fk.html,4,2026-09-20T07:02:42.805583+00:00,individual,"14 pro max usa 128gb
battray 86%
full fresh 
15 days replacement gurranty 
1 year service warranty 
DecDecent,Finlay"
Apple iPhone 14 Pro Max 256 GB Blue,83000,Used,"Chattogram, Chawkbazar",21 hours ago,https://bikroy.com/chawkbazar/mobile-phones/apple-iphone-14-pro-max-256-gb-blue-ypPp9Ei3UshSeCmnlQ36Bh7t.html,3,2026-09-20T07:02:43.426967+00:00,individual,"IPhone 14 Pro 256GB USA Variant — For Sale
iPhone 14 Pro 256GB USA variant will be sold. The phone is in very good condition and has no hardware or software issues.
 256GB Storage
 6GB RAM
 Battery Health: 78%
 Dual eSIM — No Physical SIM
 Face ID 100% OK
 True Tone 100% OK
 Camera & Display all okay
 No scratch"
Apple iPhone 16 128 GB Blue,70000,Used,"Chattogram, Kotwali, Chattogram",08/09,https://bikroy.com/kotwali/mobile-phones/apple-iphone-16-128-gb-blue-CsKJJ52KXROyVTjWc5UIzygh.html,3,2026-09-20T07:02:43.939027+00:00,individual,"Rom: 128Gb
Colour: Ultramarine
Health: 89
With box& cash memo"
Apple iPhone 15 Plus 128 GB Black,70000,Used,"Chattogram, Kotwali, Chattogram",01/09,https://bikroy.com/kotwali/mobile-phones/apple-iphone-15-plus-128-gb-black-hKFitFgKBQLDFJAE9xNoherZ.html,3,2026-09-20T07:02:44.558687+00:00,individual,"Selling my iPhone 15 Plus.
✨ 99% fresh condition very well maintained.

📦 Original box 
✅ Everything is working perfectly
🔋 Battery health: 87%
🎨 Color: Black
💾 Storage: 128 GB
💰 Price: 70K
📍 Location: New market, Chittagong 
📩 Serious buyers, please inbox me.
No time-wasters, please. Thank you! 🙏"
Apple iPhone 13 Mini 256 GB Red,36000,Used,"Chattogram, Sholashahar",1 day ago,https://bikroy.com/sholashahar/mobile-phones/apple-iphone-13-mini-256-gb-red-uIPL31w2hSgrJ8mT7mv58rQm.html,5,2026-09-20T07:02:45.286482+00:00,individual,"iPhone 13 mini
Rom: 256GB
Battery Health: 81% Genuine
Face ID
True Tone
AA/A Variant...
No repair history
All everything genuine
Camera boom
Check and take as much as you like
Must come to location if buying
Location... 2nd gate
Only phone + security whatever is needed"
Apple iPhone 14 128 GB White,44990,Used,"Chattogram, CDA Avenue",59 min ago,https://bikroy.com/cda-avenue/mobile-phones/apple-iphone-14-128-gb-white-i9wkjm7v34rrOZyc7WVHe3gG.html,3,2026-09-20T07:02:45.993531+00:00,individual,"iPhone 14 — Hot Deal at Decent 

Apple iPhone 14 (Global)

128GB | 🔋 Enjoy 84% Battery Health



Capture stunning photos with a Powerful Camera for daily use

Delivery Available |

15-day replacement guarantee | Lifetime service warranty 018XXXXXXXX"
Apple iPhone XS Max 256 GB White,24000,Used,"Chattogram, Kotwali, Chattogram",03/09,https://bikroy.com/kotwali/mobile-phones/apple-iphone-xs-max-256-gb-white-asqkocoyRDm2XnYjd69wFUL.html,5,2026-09-20T07:02:46.709834+00:00,individual,Original UK version 256GB comes with box cable and charger. Never opened before it's a challenge. Best in condition regarding it's age. No cracks or damage but some marks due it's age on metal frame only. Cash on collection only
Apple iPhone 14 Pro Max 256 GB Black,52000,Used,"Chattogram, Agrabad",03/09,https://bikroy.com/agrabad/mobile-phones/apple-iphone-14-pro-max-256-gb-black-hMp1Uvau7xfjnWN8UUxqh7oJ.html,4,2026-09-20T07:02:47.284233+00:00,individual,"iPhone 14 Pro Max USA Variant - 256 GB

Dull E-Sim👉

Phone Fresh Aca
Change History
Display Change But GX Original
Camera Change But Original
Battery Change But High Capacity Lagano.

Valo Android Mobile thakla Exchange kortha parben📱"
Apple iPhone 13 Pro 256 GB Blue,42000,Used,"Chattogram, Karnaphuli",28/08,https://bikroy.com/karnaphuli/mobile-phones/apple-iphone-13-pro-256-gb-blue-dNSOzZB4LWv6sF5MylHzTWaw.html,5,2026-09-20T07:02:47.785770+00:00,individual,"IPhone 13 Pro
Set full Frash 
256 Gb 
Face ID✅
True tone ✅
Face ID✅
New Bettari lagano aca ❌
All ok aca 
Display change ❌
Just original glass fata aca kintu buja jai na 🚫"
Apple iPhone 12 Pro Max 128 GB Black,26999,Used,"Chattogram, Panchlaish",30/08,https://bikroy.com/panchlaish/mobile-phones/apple-iphone-12-pro-max-128-gb-black-8cpQbiEBOdfJhUhgVQXN28nB.html,4,2026-09-20T07:02:48.301079+00:00,individual,"Baypass iphone 12promax
128GB
face id no
troton ok
battery health 73 original
Waterproof available 
Display apple genuine 100%
24k ar oupore hole Message Deban 
Real buyer ra nahole gale kaben
No exchange
what's app 018XXXXXXXX"
Apple iPhone 13 Pro 256 GB Gold,52000,Used,"Chattogram, Baizid",30/08,https://bikroy.com/baizid/mobile-phones/apple-iphone-13-pro-256-gb-gold-eTglSrjdPywk3MyKv3a6DKLy.html,5,2026-09-20T07:02:48.744223+00:00,individual,"📱 iPhone 13 Pro Gold | 256GB | USA 🇺🇸

✨ BH 89% | 99% Fresh
✨ No Dent/Scratch
✨ Water Resistance
✨ Excellent Battery Backup, MashaAllah ❤️
✨ Single Physical SIM + eSIM
✨ প্রায় ২ মাস ব্যবহার
✨ Unique Point থেকে নেওয়া + Cash Memo
✨ Security দেওয়া যাবে

💰 Asking: 52,000৳
📍 Aturar Dipu, Nur Tower 018XXXXXXXX"
Apple iPhone 12 Pro Max 128 GB Gray,42000,Used,"Chattogram, Chawkbazar",08/09,https://bikroy.com/chawkbazar/mobile-phones/apple-iphone-12-pro-max-128-gb-gray-eNAB777gAcM45kKzk4WMHYKl.html,3,2026-09-20T07:02:49.368492+00:00,individual,"Grey
128 gb
BT 82% authentic 
Cash memo ,cable Nid"
Apple iPhone 13 Pro Max 256 GB Green,52000,Used,"Chattogram, Halishahar",04/09,https://bikroy.com/halishahar/mobile-phones/apple-iphone-13-pro-max-256-gb-green-bp7o8ns6SSs5nOWIePtBEe8x.html,3,2026-09-20T07:02:49.888689+00:00,individual,Green iPhone 13 Pro Max. No box.
Apple iPhone 13 Pro 128 GB Black,45500,Used,"Chattogram, Agrabad",16/09,https://bikroy.com/agrabad/mobile-phones/apple-iphone-13-pro-128-gb-black-uDardxSCLy9rfaxn9XOhGjoL.html,5,2026-09-20T07:02:50.392597+00:00,individual,"All ok
Authentic set 
128gb
Battery Health 73%
Set + cover + cash memo 
Waterproof is intact
Must come to location to buy"
Apple iPhone 11 Pro 256 GB Graphite,22500,Used,"Chattogram, Nasirabad",28/08,https://bikroy.com/nasirabad/mobile-phones/apple-iphone-11-pro-256-gb-graphite-uW5WyLDjVypauopg8DAtOi3C.html,3,2026-09-20T07:02:51.073876+00:00,individual,"iPhone 11 pro for sell 
No exchange display battery changed kintu onk bhalo display battery lagano face id tru tone everything working halka patla scratch ase location must only device but security dibo"
Apple iPhone 13 128 GB White,41000,Used,"Chattogram, Chawkbazar",02/09,https://bikroy.com/chawkbazar/mobile-phones/apple-iphone-13-128-gb-white-5KQRFl6JuDSkUHDpQe21PlHy.html,4,2026-09-20T07:02:51.670084+00:00,individual,"Battery health 86%
Conditions:Fresh 
Variants: japan
Used: 1 months"
Apple iPhone 11 Pro Max 256 GB Silver,30000,Used,"Chattogram, Agrabad",04/09,https://bikroy.com/agrabad/mobile-phones/apple-iphone-11-pro-max-256-gb-silver-ax3QcNtt3WVkQyt72iHQBhYV.html,5,2026-09-20T07:02:52.341474+00:00,individual,"Kono issues nei phone chalay moja paben ar ha kono sommosa  nai phone a just old model 
79% bh"
New Apple iPhone 12 Pro 256 GB Blue,43000,Brand New,"Chattogram, Alankar",07/09,https://bikroy.com/alankar/mobile-phones/new-apple-iphone-12-pro-256-gb-blue-8cEleiZtrjzhjMyeM8TYh3D5.html,5,2026-09-20T07:02:52.703936+00:00,individual,"iPhone 12 Pro 
256GB
Everything is in perfect working order
Battery Health 82%
No issues at all
Includes Box, Cash Memo, Cable, and 3 covers"
Apple iPhone 13 Pro 128 GB Blue,56000,Used,"Dhaka, Lalbag",06/09,https://bikroy.com/lalbag/mobile-phones/apple-iphone-13-pro-128-gb-blue-k7nNJAMPfsq9pWt7UkRFD2Yf.html,4,2026-09-20T07:02:53.395168+00:00,individual,"মোবাইল পুরো ফ্রেস 
বেটারি ৮৯% সব কিছু আছে বক্স কেবল পিন সব আছে 
ফিজিকাল দুইটা সিম চালাতে পারবেন
৮০% থেকে ১০%পরযন্ত চার ঘন্টা ৩০ মিনিট এক টানা চালিয়ে দেখছি খুব ভালো চার্জ থাকে 
সব কিছু অর্জিনাল আছে"
Apple iPhone 14 Pro Max 256 GB Purple,73000,Used,"Dhaka, Rampura",1 day ago,https://bikroy.com/rampura/mobile-phones/apple-iphone-14-pro-max-256-gb-purple-oH3RQKY8Ls9rCaQX7c7QpPn8.html,5,2026-09-20T07:02:53.869094+00:00,individual,"Assalamu Alaikum, this iPhone will be sold. There is no repair history in the mobile, completely authentic. You can check it for as long as you want. The phone will be provided with original box and charger
Battery health 83%
True tone ok
Face id 
Waterproof / 
100% authentic no repair history... 
With original box 018XXXXXXXX"
Apple iPhone 16 128 GB Black,77999,Used,"Dhaka, Bashundhara City",1 hour ago,https://bikroy.com/bashundhara-city/mobile-phones/apple-iphone-16-128-gb-black-q9H1d1Apot1uCNsDaiJOYa73.html,5,2026-09-20T07:02:54.574880+00:00,individual,"✨ iPhone 16 — 128GB ✨
🇸🇬 Singapore Variant
🔋 Battery Health: 100%

🔰7 Days Replacement without display, parts & condition 
🔰 12 months Service Warranty

🏢 Visit Our Shop
Basement-2, Shop No: 94 
Basundhara City Shopping Complex 
Panthapath Dhaka 1215 
👉 Escalator দিয়ে নিচে নামার পর হাতের বাম পাশেই সহজে আমাদের শপটি খুঁজে পাবেন।"
Apple iPhone 15 Pro Max 256 GB Blue,92000,Used,"Dhaka, Uttara",1 hour ago,https://bikroy.com/uttara/mobile-phones/apple-iphone-15-pro-max-256-gb-blue-3nC8LTRIkcMpV8TT1JJkkCln.html,3,2026-09-20T07:02:55.247367+00:00,individual,"iPhone 15 Pro Max 
 Storage: 256GB
 Color: Blue Titanium 
 Variant: Dubai
 SIM: Physical SIM + eSIM
 Battery Health: 84%
 Condition: Pre-Owned
 6.7"" Super Retina XDR OLED | 120Hz
 Exchange Hub
 Shop No: 610, 611, 628 & 629, Level-6
Tropical Alauddin Tower, Sector 3, Road 2
Rajlaxmi, Uttara"
Apple iPhone 14 Pro Max 512 GB Purple,79999,Used,"Dhaka, Uttara",05/09,https://bikroy.com/uttara/mobile-phones/apple-iphone-14-pro-max-512-gb-purple-zWuX37R70lB14m4FrocPIMJM.html,5,2026-09-20T07:02:56.032264+00:00,individual,Phone full fresh no change no cracks price all most fixed
Apple iPhone 14 128 GB Blue,49500,Used,"Dhaka, Mirpur",15/09,https://bikroy.com/mirpur/mobile-phones/apple-iphone-14-128-gb-blue-5CBT3EmyEBFCyg45fMmfcuXx.html,5,2026-09-20T07:02:56.356306+00:00,individual,"Completely fresh condition, no issues at all."
Apple iPhone 16 Pro Max 256 GB Black,105000,Used,"Dhaka, Jatrabari",4 hours ago,https://bikroy.com/jatrabari/mobile-phones/apple-iphone-16-pro-max-256-gb-black-7oLLlkhq7dGS7B2EZeq2nO9J.html,3,2026-09-20T07:02:56.808343+00:00,individual,"আসসালামু আলাইকুম
Wellcome to Gadget Exchange BD
 
♦️All perfect working

🔰 ক্রয়/বিক্রয় ও এক্সচেঞ্জ মানেই gadget Exchange BD

🔷100% জেনুইন প্রোডাক্ট পেতে চলে আসুন আমাদের দোকানে

📝With cash memo

✅ 7 Day's Replacement

✅ 1 Year's service warranty without Parts


Gadget Exchange BD 
দোকান নং,৬৭ (৩য় তলা)
বিক্রমপুর প্লাজা, জুরাইন রেলগেট ঢাকা-১২০৪"
Apple iPhone 14 128 GB Blue,53500,Used,"Dhaka, Dhanmondi",1 hour ago,https://bikroy.com/dhanmondi/mobile-phones/apple-iphone-14-128-gb-blue-w3OlY4Xr1JNSGD90kifdGFTa.html,5,2026-09-20T07:02:57.320130+00:00,individual,"iPhone 14 
128 GB
84% BH
Without box
Price :"
Apple iPhone 16 Pro 128 GB Black,87990,Used,"Dhaka, Uttara",57 min ago,https://bikroy.com/uttara/mobile-phones/apple-iphone-16-pro-128-gb-black-dvzGMbirPUgKRdRerF9xFBrt.html,3,2026-09-20T07:02:58.008509+00:00,individual,"Western Mobile Fair
 # Shop No. 614/622/623/625 (Level #6) Tropical Alauddin Tower Uttara 
 Dear Honourable Coustomer 
 100% original device
 Full Factory unlock 
 EMI Available On . 31 Banks credit card. Thanks for being with us."
Apple iPhone 15 Plus 128 GB Yellow,65000,Used,"Dhaka, Dhanmondi",05/09,https://bikroy.com/dhanmondi/mobile-phones/apple-iphone-15-plus-128-gb-yellow-acDEjg8ZjzcRTRaj2BMjArgi.html,5,2026-09-20T07:02:58.682466+00:00,individual,"Iphone 15 plus for sell
With cash memo and box
B.H 84%
Storage 128 gb
Hong kong variant 
Full fresh phn
No repair history"
Apple iPhone 15 256 GB,64500,Used,"Dhaka, Mirpur",2 days ago,https://bikroy.com/mirpur/mobile-phones/apple-iphone-15-256-gb-9PX7ys2AJNhe6VtvqapmyK6X.html,5,2026-09-20T07:02:59.238521+00:00,individual,"Completely fresh mobile bought four days ago, but I don't like it anymore as I want to upgrade, so I will sell it along with the charger and photos, box is not available."
Apple iPhone 12 Pro Max 256 GB Blue,53000,Used,"Dhaka, Farmgate",4 hours ago,https://bikroy.com/farmgate/mobile-phones/apple-iphone-12-pro-max-256-gb-blue-aRsLH1NamiWlxD0frAU1gy2G.html,2,2026-09-20T07:02:59.761803+00:00,individual,"Singapore Variant
256GB
10-day replacement guarantee
2-year service warranty
Fast and secure courier service across the country
Attractive exchange offers
Emon Gadget Point
Basement-1, Shop-84
Bashundhara City Shopping Mall"
New Apple iPhone 13 Pro Max 128 GB Green,65500,Brand New,"Dhaka, Dhanmondi",1 hour ago,https://bikroy.com/dhanmondi/mobile-phones/new-apple-iphone-13-pro-max-128-gb-green-nBgS9XYEHc1xripgVIivK0Fw.html,5,2026-09-20T07:03:00.270345+00:00,individual,Phone Box cashmemo only
Apple iPhone 13 Pro 128 GB Blue,52000,Used,"Dhaka, Motalib Plaza",1 hour ago,https://bikroy.com/motalib-laza/mobile-phones/apple-iphone-13-pro-128-gb-blue-Ce2UjyniiOYHuRN1Of7cxir2.html,5,2026-09-20T07:03:01.016811+00:00,individual,"Buy your favorite smartphone now with even more peace of mind!
Detailed Information:
• Model: iPhone 13 Pro
• Storage: 128 GB
• Battery Health: 88%
10 days Replacement Guarantee
3 years Service Warranty
Check and buy, use with peace of mind!
Good quality phone at the best price—grab your favorite phone.
Address:
Shop No: 510/A, Motalib Plaza, Hatirpool, Dhaka"
Apple iPhone 17 Pro 256 GB Orange,135000,Used,Dhaka,01/09,https://bikroy.com/dhaka/mobile-phones/apple-iphone-17-pro-256-gb-orange-7WSkLsjwq1EG7DkKwYFkMqXw.html,5,2026-09-20T07:03:01.630036+00:00,individual,"📱 iPhone 17 Pro (256GB) – Singapore Variant | Thailand Purchased 🇹🇭
Thailand Apple Store থেকে কেনা। Battery Health 94%, Cycle Count 298। Face ID, True Tone, Cameraসহ সবকিছু 100% ঠিকভাবে কাজ করে। কোনো hidden issue বা repair history নেই। Purchase documents available।
Purchased new from thiland on December 28
Call 016XXXXXXXX"
Apple iPhone 16 Pro Max 256 GB Rose Gold,120000,Used,"Dhaka, Uttara",1 day ago,https://bikroy.com/uttara/mobile-phones/apple-iphone-16-pro-max-256-gb-rose-gold-8nppRbztyQQpLkbeScqED3Uw.html,5,2026-09-20T07:03:02.398064+00:00,individual,"Almost New... Battery Health 95%... Cash memo, box, charger, and back cover will be provided... Used as a secondary phone... Cycle count only 210..."
Apple iPhone 17 Pro 512 GB Orange,162000,Used,"Dhaka, Baridhara",1 hour ago,https://bikroy.com/baridhara/mobile-phones/apple-iphone-17-pro-512-gb-orange-ufyEPY8ExtudxSrHg7s3LGpG.html,3,2026-09-20T07:03:02.957739+00:00,individual,"IPhone 17 pro GB 512/Bh/100%cc145
Contact 018XXXXXXXX"
Apple iPhone 16 Pro Max 256 GB Black,123000,Used,"Dhaka, Basundhara",19 hours ago,https://bikroy.com/basundhara/mobile-phones/apple-iphone-16-pro-max-256-gb-black-cZX6DU4UtyEqxztfpV1S512i.html,5,2026-09-20T07:03:03.445055+00:00,individual,"Iphone 16 pro max 
Battery Health 90%
256GB
USA Variant 
Fresh Condition no issues
With Box and Cable"
Apple iPhone 16 Pro Max 256 GB Black,110000,Used,"Dhaka, Uttara",1 hour ago,https://bikroy.com/uttara/mobile-phones/apple-iphone-16-pro-max-256-gb-black-jLdlS7dgtMReFCElYtM7U5L3.html,4,2026-09-20T07:03:03.875297+00:00,individual,"iPhone 16 Pro Max | Pre-Owned
256GB Storage
USA Variant
Box Available
Battery Health: 91%
7 Days Replacement & 1 Year Service Warranty
EMI Facility Available
Exchange Hub
Shop No: 610, 611, 628 & 629, Level-6, Tropical Alauddin Tower, Sector 3, Road 2, Rajlaxmi, Uttara
Call for Details 017XXXXXXXX"
Apple iPhone 17 Pro 256 GB Orange,135000,Used,"Dhaka, Mirpur",20 hours ago,https://bikroy.com/mirpur/mobile-phones/apple-iphone-17-pro-256-gb-orange-BPGTrQq8g2NKKoebdD3Yzf53.html,5,2026-09-20T07:03:04.424774+00:00,individual,"iPhone 17 Pro with box, English plus Arabic variant, very new condition, only 4 months used, like new. Details showing in the pictures, 256 GB cosmic orange, 8 months warranty remaining.
Battery 100%, Cycle 128.
Only serious buyers please.
Contact 018XXXXXXXX"
Apple iPhone 16 Pro Max 256 GB,119000,Used,"Dhaka, Savar",13 hours ago,https://bikroy.com/savar/mobile-phones/apple-iphone-16-pro-max-256-gb-ilMPnEdO2vguf69F9x2w66QJ.html,5,2026-09-20T07:03:05.114304+00:00,individual,"Phone is in full fresh condition, just selling it because I will get an 18 Pro Max."
Apple iPhone 16 Pro Max 256 GB Black,115000,Used,"Dhaka, Badda",05/09,https://bikroy.com/badda/mobile-phones/apple-iphone-16-pro-max-256-gb-black-pwuGYdPCC3J1hw7x0QJw1QXO.html,5,2026-09-20T07:03:05.668649+00:00,individual,"Iphone 16 pro max 256gb usa variant 100 bh cycle count 75 .warranty available March,2027 ."
Apple iPhone 17 Pro 256 GB Orange,128000,Used,"Dhaka, Motijheel",14 hours ago,https://bikroy.com/motijheel/mobile-phones/apple-iphone-17-pro-256-gb-orange-zBnx2vG1tE5orUzwbQGZg0ee.html,3,2026-09-20T07:03:06.372392+00:00,individual,"1 Month used only... call me if you wanna buy... 
Bargaining is on"
Apple iPhone 17 Pro 256 GB Orange,130000,Used,"Dhaka, Uttara",1 hour ago,https://bikroy.com/uttara/mobile-phones/apple-iphone-17-pro-256-gb-orange-8P0i5IV54pBElcifYXcFI6sR.html,3,2026-09-20T07:03:06.732850+00:00,individual,"iPhone 17 Pro 
 Storage: 256GB
 Color: Cosmic Orange 
 Battery Health: 99%
 Variant: Global
 SIM: Physical SIM + eSIM
 Excellent Condition
 A19 Pro Chip
 6.3"" Super Retina XDR OLED | ProMotion 120Hz
 Exchange Hub
 Shop No: 610, 611, 628 & 629, Level-6
Tropical Alauddin Tower, Sector 3, Road 2
Rajlaxmi, Uttara, Dhaka"
Apple iPhone 16 Pro 256 GB,110000,Used,"Dhaka, Mohammadpur",31/08,https://bikroy.com/mohammadpur/mobile-phones/apple-iphone-16-pro-256-gb-WIoXO5kOg1Ez1of1jaR3IpV.html,4,2026-09-20T07:03:07.365171+00:00,individual,"Single handed use and full authentic 
No repair history 
Still have 1 month warranty"
Apple iPhone 17 Pro Max 1 TB Blue,186000,Used,"Dhaka, Shyamoli",54 min ago,https://bikroy.com/shyamoli/mobile-phones/apple-iphone-17-pro-max-1-tb-blue-mxRsJSSu7GpUvJQWhihoKaud.html,3,2026-09-20T07:03:07.850245+00:00,individual,"Apple iPhone 17 Pro Max 1TB Blue
 1TB Storage
 100% Battery Health
Australia Version (Physical SIM + eSIM)
 Like New Condition
 Stunning Blue Color
 Best Price"
New Apple iPhone 17 Pro Max 512 GB Orange,209000,Brand New,"Dhaka, Dhanmondi",10/09,https://bikroy.com/dhanmondi/mobile-phones/new-apple-iphone-17-pro-max-512-gb-orange-3XrrfzJc2V7wsAbrCFXNsq6O.html,3,2026-09-20T07:03:08.595209+00:00,individual,"Brand new sealed box. Purchased June 20, 2026. Never opened. Factory warranty from Apple 1 year."
Apple iPhone 16 Pro Max 256 GB Silver,119000,Used,"Dhaka, Dhanmondi",45 min ago,https://bikroy.com/dhanmondi/mobile-phones/apple-iphone-16-pro-max-256-gb-silver-yZEFBaLTpC1d1CwLsoEF25ro.html,5,2026-09-20T07:03:09.029720+00:00,individual,"iPhone 16 Pro Max
256GB
Natural Titanium
With box
89% battery health
Water resistant
602 charging cycles
Singapore variant
1 physical SIM, 1 eSIM
Full fresh condition
Not a single scratch or dent
Location: Dhanmondi 15"
New Apple iPhone 13 Pro 128 GB Graphite,46500,Brand New,"Dhaka, Jatrabari",1 day ago,https://bikroy.com/jatrabari/mobile-phones/new-apple-iphone-13-pro-128-gb-graphite-hLup8dH2p1o6W8Jp0E3i794k.html,5,2026-09-20T07:03:09.404486+00:00,individual,"Everything okay
Singapore Variant
Full fresh and in mint condition 
Display original
Only battery change(1 year warranty available)
Insane battery backup
True tone 
Face id 
With box, cable
5 back covers"
New Apple iPhone 14 256 GB,20500,Brand New,"Dhaka, Mirpur",1 day ago,https://bikroy.com/mirpur/mobile-phones/new-apple-iphone-14-256-gb-hTVH4ipWsRhJyW8LyRRPVqOS.html,4,2026-09-20T07:03:10.076098+00:00,individual,"Read first... Brother, I bought this phone as an iCloud lock... I thought I... would fix it, but due to a shortage of money... I can't fix it... so it has been lying around at home like this... so if anyone wants to buy it like this... then please contact me... Remember... the phone is indeed iCloud locked... Otherwise the phone is fresh... completely internal water proof. Please note the price is fixed"
Apple iPhone 13 128 GB Green,39000,Used,"Dhaka, Savar",4 hours ago,https://bikroy.com/savar/mobile-phones/apple-iphone-13-128-gb-green-noo15NEuEP7Wv26UEjGU4yiZ.html,5,2026-09-20T07:03:10.673979+00:00,individual,"Mobile details:
Model: iPhone 13
USA Variant
Storage: 128GB
Battery Health: 81%
Warranty: Get a 7-day guarantee and a 2-year service warranty.
 Opportunity to view and check the phone before buying
 Clear information about the phone's condition
 Great phone at an affordable price
 N.S Computer & Phone Gadget
 E #40 (Level-5), Sena Shopping Complex, Nabinagar, Savar, Dhaka"
Apple iPhone 12 128 GB,34999,Used,"Dhaka, Basundhara",1 hour ago,https://bikroy.com/basundhara/mobile-phones/apple-iphone-12-128-gb-6jIq9lnIlNpdmjfjqlCrYmUA.html,5,2026-09-20T07:03:11.349926+00:00,individual,"iPhone 12 128GB
Battery Health 87%
Full Boxed
Clean condition, smooth performance & premium feel — still a beast for daily use!
Visit Our Shop
Basement-2, Shop No: 94
Bashundhara City Shopping Complex
Panthapath, Dhaka 1215
You can easily find our shop on the left side after going down the escalator."
Apple iPhone 11 128 GB Blue,24500,Used,"Dhaka, Khilkhet",14/09,https://bikroy.com/khilkhet/mobile-phones/apple-iphone-11-128-gb-blue-5EU51gPSUUdjo1RR5Eo1jDAr.html,4,2026-09-20T07:03:12.077938+00:00,individual,"An iPhone 11 used for personal purposes will be sold.
- Storage: 128GB
- Battery Health: 76% — Original, no type of boost has been done
- SIM: Dual SIM / (1 Physical SIM + 1 eSIM)
Body condition: There is a light visible scratch on the bottom left side, which is mentioned in the pictures
Price: 24,500 Taka
Location: Bepari Para, Khilkhet, Dhaka
Inbox if interested"
Apple iPhone XS 256 GB Gold,20000,Used,"Dhaka, Gulshan",21 hours ago,https://bikroy.com/gulshan/mobile-phones/apple-iphone-xs-256-gb-gold-mEGyF0QirEPyAzSaTrivQMsG.html,5,2026-09-20T07:03:12.702650+00:00,individual,"The phone is in very good condition, I will take iphone14pro so I am selling it, the phone only has battery changed, battery health 81. Whoever wants to take the phone please contact"
Apple iPhone 13 128 GB,45000,Used,"Dhaka, Dhanmondi",4 hours ago,https://bikroy.com/dhanmondi/mobile-phones/apple-iphone-13-128-gb-ynl2e1ETlRucL2wejkuqCjYt.html,5,2026-09-20T07:03:13.424023+00:00,individual,"Description
Welcome to ""Mobile Store""
Find us here:-
Mobile Store
Shop number -408(level 4)
Dhanmondi 32 Sukrabad bus stand
Phone number 017XXXXXXXX"
Apple iPhone 11 Pro 256 GB Black,34500,Used,"Dhaka, Mohammadpur",4 hours ago,https://bikroy.com/mohammadpur/mobile-phones/apple-iphone-11-pro-256-gb-black-dNZgpdst4x0e8W2unD1TSvfw.html,2,2026-09-20T07:03:14.111210+00:00,individual,"Iphone 11 Pro 256GB 92% Battery Health, Contact number -"
Apple iPhone 13 128 GB,39000,Used,"Dhaka, Elephant Road",1 hour ago,https://bikroy.com/elephant-road/mobile-phones/apple-iphone-13-128-gb-rsBusyMhfHXhKL9J6lmPaYoT.html,3,2026-09-20T07:03:14.736018+00:00,individual,"Welcome to Trade Together.
We offer wholesale pricing even if you buy just one piece. If you are a shopkeeper, you will get a special discount.
Warranty Policy: 7-day replacement facility (excluding touch-display and physical condition).
Additionally, a three-month servicing warranty (excluding parts).
Address: Motaleb Plaza, Shop: 600/V
Call 019XXXXXXXX"
Apple iPhone 12 64 GB Black,32000,Used,"Dhaka, Keraniganj",2 days ago,https://bikroy.com/keraniganj/mobile-phones/apple-iphone-12-64-gb-black-u2VE8sH4Z3FjxENIYEXz8vBD.html,4,2026-09-20T07:03:15.337296+00:00,individual,"Apple iPhone 12 64 GB Black, super fresh condition, 88% battery health, never opened, no service history, no scratches. The price is slightly negotiable. Please contact this number if interested."
Apple iPhone 12 Mini 128 GB White,25000,Used,"Dhaka, Uttara",1 day ago,https://bikroy.com/uttara/mobile-phones/apple-iphone-12-mini-128-gb-white-rmbgIy8s3SNt9A0tu22NzDfH.html,4,2026-09-20T07:03:16.000752+00:00,individual,"Everything is working perfectly. The phone has never been opened. Battery health is 76%, providing good backup. The backside is cracked. Only the device is available."
New Apple iPhone XS Max 256 GB Gold,24000,Brand New,"Dhaka, Motijheel",4 hours ago,https://bikroy.com/motijheel/mobile-phones/new-apple-iphone-xs-max-256-gb-gold-fMdwPY4cKjGdHyNhNmbSLIeY.html,4,2026-09-20T07:03:16.666625+00:00,individual,"Please Call For Details: ( WhatsApp )
Location: 64/1 North kamalapur railway station, Dhaka, Bangladesh."
Apple iPhone 11 128 GB White,22000,Used,"Dhaka, Uttara",2 hours ago,https://bikroy.com/uttara/mobile-phones/apple-iphone-11-128-gb-white-9Xxi1INQZ9p4xdqzj10VjT2Y.html,4,2026-09-20T07:03:17.316058+00:00,individual,"The mobile is completely fresh, a slight spot is visible on the display which appeared while changing the display glass, now it has reduced a lot, after some time the rest will also go away
battery health (73)"
Apple iPhone 12 128 GB Purple,27999,Used,"Dhaka, Mirpur DOHS",1 hour ago,https://bikroy.com/mirpur-dohs/mobile-phones/apple-iphone-12-128-gb-purple-bj9tObqAnwxvL70if2xPDxyq.html,4,2026-09-20T07:03:18.080018+00:00,individual,"AR Gallery BD 
Shop-76, Lift-4, Shah Ali Plaza, Mirpur-10, Dhaka-1216,,
এখানে নতুন এবং পুরাতন ফোন ক্রয় বিক্রয় করা হয় 
Apple iPhone 12..128GB - Only Phone+Cash Memo
■ Battery: 87% 
■ Variant : Japan 
■ Face ID:Ok ■ True Tone:Ok
■ Our all products original & genuine
■ 5 দিনর রিপ্লেসমেন্ট গ্যারান্টি 
■ 1 বছরের সার্ভিস ওয়ারেন্টি ( Without parts)"
Xiaomi Redmi Note 14 Pro+ 5G 512 GB Blue,32000,Used,"Chattogram, Anwara",15/09,https://bikroy.com/anwara/mobile-phones/xiaomi-redmi-note-14-pro-5g-512-gb-blue-zFIYz1SmCh8vRkC6D9Az0i3K.html,5,2026-09-20T07:03:28.929051+00:00,individual,"Redmi Note 14 Pro+ 5G
RAM: 12GB
Storage: 512GB
Battery: 5110 mAh
Battery Health: 99%
Battery Cycle Count: 238
Phone first opened: August 2025
Phone is in full fresh condition
Comes with Cash Memo & Charger"
Xiaomi Redmi Note 15 128 GB Purple,26000,Used,"Chattogram, Chandgaon",15/09,https://bikroy.com/chandgaon/mobile-phones/xiaomi-redmi-note-15-128-gb-purple-cBWOsAuaGSEsH5dcp0mFU4BO.html,5,2026-09-20T07:03:29.614275+00:00,individual,"Redmi note 15 4g ( official )
6/128gb
One month used
11 months warranty left"
Xiaomi Redmi Note 13 Pro+ 256 GB Black,26000,Used,"Chattogram, Khulshi",31/08,https://bikroy.com/khulshi/mobile-phones/xiaomi-redmi-note-13-pro-256-gb-black-VKAmVpljP9od9lam5Y4eKxo.html,4,2026-09-20T07:03:38.422228+00:00,individual,"The mobile has no problems at all, completely fresh. Location: you have to come and see it. I need money urgently, so I am selling it. The mobile is completely fresh with no problems. Contact Number 013XXXXXXXX"
Xiaomi Redmi Note 13 256 GB Blue,18500,Used,"Chattogram, Muradpur",1 hour ago,https://bikroy.com/muradpur/mobile-phones/xiaomi-redmi-note-13-256-gb-blue-fDYIVgLiZJqmhI1LIzRvJ0LT.html,3,2026-09-20T07:03:39.189007+00:00,individual,"Redmi note 13 5G 
8/256 
Full box 
🛡️ সুবিধা:
✔️ ১৫ দিনের রিপ্লেসমেন্ট গ্যারান্টি

📍 Device – Trusted Mobile Shop
📌 Shop No: 319, 3rd Floor (Lift 2 🛗)
🗺️ CPDL RB Midtown Market, মুরাদপুর, চট্টগ্রাম (মক্কা হোটেলের পাশে)"
OnePlus 9RT 5G 128 GB Black,20001,Used,"Chattogram, Sitakunda",11/05,https://bikroy.com/sitakunda/mobile-phones/oneplus-9rt-5g-128-gb-black-v9NqpLY480vrOZOvenoQP1aP.html,2,2026-09-20T07:03:42.846641+00:00,individual,Includes box and charger. No green line issue. Fresh condition.
New OnePlus 11R 128 GB Black,28000,Brand New,"Rajshahi, Paba",30/04,https://bikroy.com/paba/mobile-phones/new-oneplus-11r-128-gb-black-mVNayol40JQRQQQAYiTbVtnv.html,4,2026-09-20T07:03:44.123128+00:00,individual,"Check it thoroughly before buying, it is fresh."
Samsung Galaxy S23 Ultra 256 GB Gold,55000,Used,"Dhaka, Keraniganj",1 day ago,https://bikroy.com/keraniganj/mobile-phones/samsung-galaxy-s23-ultra-256-gb-gold-5Ep7goTyPH3i8z0CXA0bm479.html,5,2026-09-20T07:03:45.946081+00:00,individual,"There is no scratch or dent on the phone, all okay, nothing has been changed, you will only get the cash memo"
Apple iPhone 13 Pro Max 256 GB Blue,60000,Used,"Dhaka, Jatrabari",15/09,https://bikroy.com/jatrabari/mobile-phones/apple-iphone-13-pro-max-256-gb-blue-rsdiCVafNsuMRa9RvDuLPVhW.html,5,2026-09-20T07:03:46.472451+00:00,individual,"Assalamulaikum 
Iphone 13 pro max 
256gb Box available 
90% battery health  (original) 
Face id ok 
True tone ok 
Nothing changed all ok 
Phone looks just like new, you will love it at first sight, you must come to the location 
Location : Jatrabari Tony Tower , (Dhaka ,Jatrabari )"
New Xiaomi Redmi Note 14 Pro 256 GB,22000,Brand New,"Chattogram, Alankar",04/09,https://bikroy.com/alankar/mobile-phones/new-xiaomi-redmi-note-14-pro-256-gb-zKIjIAsLDKMZ3FxQQlwc8JR6.html,3,2026-09-20T07:03:48.299592+00:00,individual,uses পাঁচ মাস কোন সমস্যা নেই বক্স চার্জার সবকিছু আছে
Xiaomi Redmi 15C 128 GB Black,18500,Used,"Chattogram, Raozan",21/08,https://bikroy.com/raozan/mobile-phones/xiaomi-redmi-15c-128-gb-black-sJ0iVmn922VgXIptwjPG4xw5.html,5,2026-09-20T07:03:48.916121+00:00,individual,"Redmi 15c 
Display: 6.9 inches (120Hz refresh rate)
Battery: 6000mAh Mega Battery
Charger: 33W Fast Charging
Rear Camera: 50-megapixel AI
Selfie Camera: 8-megapixel selfie
Processor: MediaTek Helio G81 Ultra
System: Xiaomi HyperOS
Protection: Side fingerprint sensor and IP64 rating to protect against dust and light splashes."
Xiaomi 12 256 GB Graphite,24500,Used,"Chattogram, Halishahar",1 day ago,https://bikroy.com/halishahar/mobile-phones/xiaomi-12-256-gb-graphite-zTTwcV8WF2MXTFBm3S9uWxfQ.html,5,2026-09-20T07:03:49.514463+00:00,individual,Xiaomi 12 ram 8/256gb with 45 watt charger location must come.
Xiaomi Redmi Note 13 Pro 5G 256 GB Black,24000,Used,"Rajshahi, Paba",28/08,https://bikroy.com/paba/mobile-phones/xiaomi-redmi-note-13-pro-5g-256-gb-black-p7OufExggkLdLARneERnkoKd.html,5,2026-09-20T07:03:50.718388+00:00,individual,Phone kono problem nai full fresh new phone nibo sei jonne sell korbo excange possible
OnePlus 13R 256 GB Black,44000,Used,"Dhaka, Hazaribagh",1 day ago,https://bikroy.com/hazaribagh/mobile-phones/oneplus-13r-256-gb-black-oNONHp8Jn21jEO3x56qliN8h.html,5,2026-09-20T07:03:51.979913+00:00,individual,"All okay no problems, will only get the cash memo with it"
OnePlus 13T 256 GB Black,50999,Used,"Dhaka, Jatrabari",1 hour ago,https://bikroy.com/jatrabari/mobile-phones/oneplus-13t-256-gb-black-z5BWsIReHII0ky9o0CmxU1NL.html,3,2026-09-20T07:03:52.598450+00:00,individual,"Oneplus 13t.
Ram - 12 gb.
Rom - 256 gb.
Full box."
OnePlus 12 512 GB Green,54990,Used,"Dhaka, Ramna",2 days ago,https://bikroy.com/ramna/mobile-phones/oneplus-12-512-gb-green-cCFJeTYRCxqff0CYA1bV6C4S.html,3,2026-09-20T07:03:53.280589+00:00,individual,"Battery Health - 94%
Body Full Fresh. No Scratch Dent. Never Opened.
Box + Cash Memo + Original 100 watt VOOC charger + Cable + 4 Unique Cover Cases
Only bottom speaker does not work. No other issue.
Price Slightly Negotiable
Body is completely fresh. Used with a protector since the day of purchase. Selling because I use an iPhone as my primary phone."
OnePlus 12R 256 GB Bronze,32990,Used,"Dhaka, Jatrabari",4 hours ago,https://bikroy.com/jatrabari/mobile-phones/oneplus-12r-256-gb-bronze-spaIPEbOLzgHSIGcu8Dgtezz.html,3,2026-09-20T07:03:54.040400+00:00,individual,"Condition:Fully Fresh
Ram:8GB Rom:256GB
Snapdragon 8 Gen 2
Battery:90%
Cash Memo
Price:Fixed
(যাত্রাবাড়ী আমাদের সাপ্তাহিক বন্ধ সোমবার) 
ঠিকানা:ঢাকা যাত্রাবাড়ী, শহীদ ফারুক রোড, তাজ-তানভীর সুপার মার্কেট, ২য় তলা, দোকান নাম্বার:১০ (MobileHub)"
New Nothing Phone 4a Pro 256 GB Black,64990,Brand New,Dhaka,4 hours ago,https://bikroy.com/dhaka/mobile-phones/new-nothing-phone-4a-pro-256-gb-black-drOqjtvNcbTwy6aIRWrsrui7.html,2,2026-09-20T07:03:55.994153+00:00,individual,"Nothing 4A PRO (12/256) Brand new inactive
Price: 64,990/- (Best Price ever)

Every smartphone includes:
10-day replacement guarantee
2-year service warranty
Our Shop Address
For Smartphone
Basement- 1, Shop- 84
Bashundhara City Shopping Mall"
Apple iPhone 15 Pro 128 GB Silver,78500,Used,"Dhaka, Lalbag",27/07,https://bikroy.com/lalbag/mobile-phones/apple-iphone-15-pro-128-gb-silver-7SOE5eYcXm6y4Wklg74z74bN.html,5,2026-09-20T07:03:56.594594+00:00,individual,"iPhone 15 pro Box And waterproof 128gb 
Waterproof 
No Dent No scratch 
All original 
Storage: 128gb 
Battery health: 85%
Cycle count: 513
Singapore variant 
100% fresh condition 
Nothing repaired
Location: Azimpur Lalbagh Dhaka 1205
Contact 013XXXXXXXX"
Apple iPhone 14 Pro Max 256 GB Purple,67899,Used,"Dhaka, Savar",10/08,https://bikroy.com/savar/mobile-phones/apple-iphone-14-pro-max-256-gb-purple-r8c67Df9IADKHwJ6AfH7ouCO.html,5,2026-09-20T07:03:57.294738+00:00,individual,"Iphone 14 pro max 256gb with box
77% battery’s health, physical and esim. nothing changes just Backshall broken. R kono somossa nai, jodi keo kinte chan tobe call ba msg koren, jara real byar na tara plz ignore this post. price almost fixed."
Nothing Phone 3a Pro 256 GB Silver,42000,Used,"Dhaka, Savar",4 hours ago,https://bikroy.com/savar/mobile-phones/nothing-phone-3a-pro-256-gb-silver-rb4esxx9tuUmVrUSHfD6xNG6.html,5,2026-09-20T07:03:58.166375+00:00,individual,"Nothing 3a pro | 8GB RAM | 256GB Storage
An extraordinary smartphone with flagship performance and premium design. Buy with confidence after thorough inspection.
 7-day replacement guarantee, 1-year service warranty, opportunity to test the phone before purchase
 E-195A, Level-5 (Lift-4), Sena Shopping Complex, Nabinaagar, Sayer, Dhaka. Weekly holiday: Sunday"
Nothing Phone 2a Plus 256 GB White,28999,Used,"Dhaka, Savar",4 hours ago,https://bikroy.com/savar/mobile-phones/nothing-phone-2a-plus-256-gb-white-pl9pv3kITZRLGsRH75VVFyWh.html,5,2026-09-20T07:03:58.546227+00:00,individual,"Nothing phone 2a plus
8/ 256 Storage Global 
 with box cashmemo 
Replacement Guaranty 7 days 
Warranty 1 year without parts
Conditions 99.9% Fresh
EMI Facility available 29 banks
Outside dhaka delivery possible 
Cash on delivery
Location 
Savar Nabinagar
Sena Shopping Complex 
5th floor shop no E54
Mobile Gallery"
Nothing Phone 4a 256 GB Blue,41990,Used,"Dhaka, Badda",4 hours ago,https://bikroy.com/badda/mobile-phones/nothing-phone-4a-256-gb-blue-nefqMwOIfnGuz8ZfXPwon5tU.html,3,2026-09-20T07:03:59.108587+00:00,individual,"Price Fixed
Processor: Snapdragon 7s gen 4 5g
RAM: 8 GB
Display: 6.78"" AMOLED 120Hz
Camera: Back-50+50+8 / Front-32 MP
Battery: 5400 mAh
Device with Cash Memo & Charger.
You will get a 7-day replacement guarantee and 1 year of free service. You can exchange your old mobile with us.
Weekly holiday: Wednesday."
OnePlus 11 256 GB Green,25000,Used,"Dhaka, Savar",08/09,https://bikroy.com/savar/mobile-phones/oneplus-11-256-gb-green-wPGqfgcVSarBuO447NViKuOM.html,5,2026-09-20T07:03:59.586332+00:00,individual,হানডেট পারসেন্ট ফুল ফ্রেশ ফোনে কোন ধরনের কোন স্ক্র্যাচ কোন ডেট কিচ্ছু নাই একদম ফুল ফ্রেশ ১৬ জিবি ২৫৬ জিবি উইথ বক্স 100w অরজিনাল চার্জার। তিনটা গ্রীন লাইন এছাড়া কোন ধরনের কোন প্রবলেম একদমই নেই।
OnePlus 7 Pro 256 GB Blue,19000,Used,"Dhaka, Mohakhali",15/09,https://bikroy.com/mohakhali/mobile-phones/oneplus-7-pro-256-gb-blue-gmD1yy6EKGKHJo506duDsAEa.html,5,2026-09-20T07:04:00.060465+00:00,individual,"There are no issues with the phone. It is providing very good service. There are slight scratches. Note: As security, you can take a NID copy and match the IMEI. Whichever you prefer can be provided. With 8GB RAM and 256GB ROM, you will surely get a very smooth performance."
New Xiaomi Redmi Note 15 128 GB Black,23500,Brand New,"Rajshahi, Uposahar",06/09,https://bikroy.com/uposahar/mobile-phones/new-xiaomi-redmi-note-15-128-gb-black-sE5eBuoe2YvTVkriTQ28Q5Go.html,4,2026-09-20T07:04:00.414777+00:00,individual,"The phone is in full fresh condition. Used for 3 months. Selling because a new phone will be bought. Official phone, mobile box, mobile charger all available."
Xiaomi Redmi Note 13 128 GB Black,15000,Used,"Rajshahi, Boalia",1 hour ago,https://bikroy.com/boalia/mobile-phones/xiaomi-redmi-note-13-128-gb-black-2R82nXY5yljK0w3zRT9m3GVS.html,4,2026-09-20T07:04:00.972064+00:00,individual,"Redmi Note 13 5G
RAM-6 GB
ROM-128 GB
In-display fingerprint
There is no problem with the phone, you can check it as much as you want.
If you take the phone, a copy of the NID card can be provided, no problem."
Vivo V30e 128 GB Black,26000,Used,"Rajshahi, Kazla",26/06,https://bikroy.com/kazla/mobile-phones/vivo-v30e-128-gb-black-mHxyMeJ5IHyP94Imxd6n1M1M.html,3,2026-09-20T07:04:01.658501+00:00,individual,"Sell Post
Vivo v30e
RAM: 8/128
Processor: Snapdragon 6gen1
Display: Curved 120hz refresh rate
★Only the back cover is provided with the phone, nothing else.
NID card will be provided.
Location: Binodpur/Rajshahi University"
Apple iPhone 13 128 GB Blue,37000,Used,"Rajshahi, Shaheb Bazar",11/06,https://bikroy.com/shaheb-bazar/mobile-phones/apple-iphone-13-128-gb-blue-44knIDJqZjh32YoArBHDOb3C.html,5,2026-09-20T07:04:02.291492+00:00,individual,"128GB Blue variant. Only phone, nothing else. Used for around 2 years. For security, I can provide my information. Battery health 76%, True Tone, Face ID, genuine waterproof, never opened. Message me for more information."
Apple iPhone 12 Pro 256 GB Black,40000,Used,Rajshahi,06/06,https://bikroy.com/rajshahi/mobile-phones/apple-iphone-12-pro-256-gb-black-BRRJ8qHAqnozhKqwiBcscJpj.html,5,2026-09-20T07:04:02.705570+00:00,individual,"Phone 12 Pro (256GB). USA variant. Battery 78% original. Display original. Physical Sim 1, Esim 1. Face ID and True Tone are working. Price: 40,000 BDT. Call only if you are a real buyer; please don't message or call unnecessarily. The phone is fully authentic and nothing has been changed."
Apple iPhone 15 Pro Max 512 GB Silver,98000,Used,"Dhaka, Motijheel",11 hours ago,https://bikroy.com/motijheel/mobile-phones/apple-iphone-15-pro-max-512-gb-silver-ComAaAztQ8uXfdS9Gun9qhls.html,3,2026-09-20T07:04:03.457906+00:00,individual,"15 Pro Max 512 GB ✅

Full Fresh No Scratch no dent ✅

Battery health 85% ✅

Nothing change you can check anyway ✅

Box cable everything ✅ 

Just like brand new super fresh condition ✅

Location Motijheel must come on location /-  ✅"
Nothing Phone 3a 128 GB Black,30000,Used,"Dhaka, Kamrangirchar",08/09,https://bikroy.com/kamrangirchar/mobile-phones/nothing-phone-3a-128-gb-black-wSgKIUL4rHNem2mFmvbBLPVH.html,5,2026-09-20T07:04:04.083120+00:00,individual,Only the top is slightly broken. It fell from a child's hand. No other problems. Box is included.
Nothing Phone 4a 256 GB Blue,40990,Used,"Dhaka, Rampura",58 min ago,https://bikroy.com/rampura/mobile-phones/nothing-phone-4a-256-gb-blue-8bQe5s49akNvSfWPOzrjyoE1.html,3,2026-09-20T07:04:04.584619+00:00,individual,"Nothing 4a 5G 8+256GB As Like New condition 
No internal or external problem 
Only device and cash memo 
More information call 
Address: Molla Tower Shopping complex, Rampura, Dhaka. 
Opposite BTV centar 
3rd floor, shop no-406."
Nothing Phone 1 256 GB Black,25500,Used,"Dhaka, Mirpur",03/09,https://bikroy.com/mirpur/mobile-phones/nothing-phone-1-256-gb-black-CwAhkgDv1VBe3EaoohR0VR3c.html,5,2026-09-20T07:04:05.351684+00:00,individual,১২/২৫৬ অফিসিয়াল ভেরিয়েন্ট। ফোনে কোনো সিঙ্গেল প্রবলেম নাই। ব্যাক পলি না থাকায় কভারের কারনে সাইডে সামান্য স্ক্র্যাচ আছে। সাথে অরিজিনাল IMEI বক্স পাবেন। আর্জেন্ট টাকার দরকার তাই সেল দিচ্ছি। প্রাইস ফিক্সড। আসলে সামান্য কিছু সম্মান করা হবে।
OnePlus 9R 256 GB Blue,22000,Used,"Rajshahi, Paba",14/07,https://bikroy.com/paba/mobile-phones/oneplus-9r-256-gb-blue-7BgtfvAmhyO9gawisfSPaYZX.html,5,2026-09-20T07:04:05.792061+00:00,individual,The phone has no issues and is in full fresh condition. Selling it because I need money.
OnePlus 11 R 8/128 (Used),25000,Used,"Rajshahi, Godagari",30/04,https://bikroy.com/godagari/mobile-phones/oneplus-11-r-8-128-used-6xKaf52KOGvsHGmrpLL7Ped5.html,4,2026-09-20T07:04:06.426079+00:00,individual,"Model: OnePlus 11r 8/128 variant. Bought on the first day of Ramadan, the phone is completely fresh. Feel free to check it as much as you want, there are no issues. Selling because I am shifting to iPhone. The back looks a bit worn due to the back poly, you can remove the poly to check. Exchange not available. You will get the memo with the phone (charger available for an extra cost). If you want to buy, please message or call directly. Show more"
OnePlus 12 16-512 (Used),58000,Used,"Chattogram, New Market, Chattogram",23/04,https://bikroy.com/new-market/mobile-phones/oneplus-12-16-512-used-kGUDTx3TAovuBpVYTZncV2Kq.html,4,2026-09-20T07:04:07.124245+00:00,individual,"RAM: 16 GB
Storage: 512 GB
The phone has no issues, with only very minor scratches. It was officially purchased from India. You will get the original charger and a cover with it. Any security you require can be provided.
Location: Dhaka, New Market area"
OnePlus 11R (Used),24500,Used,"Chattogram, Agrabad",29/04,https://bikroy.com/agrabad/mobile-phones/oneplus-11-r-good-used-zBUjOBzxiHlSAjDDx3wnSnLn.html,5,2026-09-20T07:04:07.785383+00:00,individual,"Assalamu Alaikum. Please read carefully before messaging. OnePlus 11R 8/128GB (Full gaming phone). Processor: Snapdragon® 8+ Gen 1. Battery: 5000mAh. Camera: Excellent. If you are unfamiliar with this phone, please check reviews on YouTube. Condition: The phone has some minor wear. There are scratches on the camera glass as shown in the photos. There are also some minor scratches on the display. Generally, all second-hand phones have some minor wear. Only the phone and cash memo will be provided. Price: 24.5k. Please do not message if your budget is below 20k. Location: Agrabad. Show more"
OnePlus 12 256 GB Black,48500,Used,"Dhaka, Jamuna Future Park",1 hour ago,https://bikroy.com/jamuna-future-park/mobile-phones/oneplus-12-256-gb-black-z3Wq34Es9R50poqghIX90mnm.html,3,2026-09-20T07:04:08.414668+00:00,individual,"Oneplus 12
12GB 256GB
Few Month used
Price: Tk
 Paramount Gadget
Jamuna Future Park Shopping Mall
Level 4, Shop No: 006C
Near Lift 7 (Nokia   

#oneplus
#oneplus12"
OnePlus 12 512 GB Green,60000,Used,"Dhaka, Farmgate",01/09,https://bikroy.com/farmgate/mobile-phones/oneplus-12-512-gb-green-vbNtM3shdLaq6WKuuGM6Oq93.html,3,2026-09-20T07:04:09.076507+00:00,individual,"Global Variant (CPH-2583)
Model: OnePlus 12
Condition: Very good / Fresh Condition
Provided with complete Full Box
Flagship Performance
Snapdragon 8 Gen 3 Processor
6.82"" 120Hz ProXDR Display
Hasselblad Camera System
5400mAh Battery
Fast Charging Support
The phone is completely original and has been used with care."
OnePlus 15R 256 GB Green,54990,Used,"Dhaka, Badda",4 hours ago,https://bikroy.com/badda/mobile-phones/oneplus-15r-256-gb-green-1sgx7wOWB0T5e76326x1y3Il.html,3,2026-09-20T07:04:09.599757+00:00,individual,"Price fixed
Processor : Snapdragon 8 gen 5 5g
Ram: 12 GB
Display: 6.8 inch AMOLED 165hz
Camera: Back-50+8 / Front-32 MP
Device with Cash Memo & Charger.
You will get 7 days replacement and 1 year free service. You can exchange your old mobile with us.
Weekly closed: Wednesday."
OnePlus 11R 128 GB Silver,20999,Used,"Dhaka, Mirpur",05/09,https://bikroy.com/mirpur/mobile-phones/oneplus-11r-128-gb-silver-umHIBWBbDmpm36gBf5SbMeZG.html,5,2026-09-20T07:04:10.140144+00:00,individual,"Market+original+display+lagn.price fixed fixed... ++FOR+SALE:+OnePlus+11R+5G+(Fresh+Condition)+
​Up+for+sale+is+a+super-fast,+flagship+killer+OnePlus+11R+5G+in+pristine,+like-new+condition.+Gently+used,+zero+issues,+and+performance+is+as+smooth.+(8+128)+gb+variant.+With+original+65watt+charger.+Location+ECB+Chattar+Dhaka+Cantonment 013XXXXXXXX"
OnePlus 11R 256 GB Black,25000,Used,"Dhaka, Jatrabari",4 hours ago,https://bikroy.com/jatrabari/mobile-phones/oneplus-11r-256-gb-black-pMGlc8xGVXczgUOaKOHx0GIp.html,4,2026-09-20T07:04:10.828359+00:00,individual,"Assalamu Alaikum
Welcome to Gadget Exchange BD
 
All perfect working
Buying/Selling and Exchange means Gadget Exchange BD
Come to our shop to get 100% genuine products
With cash memo
 7 Days Replacement
 1 Year service warranty without parts
 Gadget Exchange BD 
Shop No. 67 (3rd Floor)
Vikrampur Plaza, Jurain Railgate, Dhaka-1204"
OnePlus 12R 256 GB Blue,36990,Used,"Dhaka, Jatrabari",4 hours ago,https://bikroy.com/jatrabari/mobile-phones/oneplus-12r-256-gb-blue-1zDgTFMVuTd6P6avfPINs43Y.html,3,2026-09-20T07:04:11.401159+00:00,individual,"Condition:Fully Fresh Like New
Ram:16GB Rom:256GB
Snapdragon 8 Gen 2
Battery:97%
Cash Memo
Price:Fixed
(যাত্রাবাড়ী আমাদের সাপ্তাহিক বন্ধ সোমবার) 
ঠিকানা:ঢাকা যাত্রাবাড়ী, শহীদ ফারুক রোড, তাজ-তানভীর সুপার মার্কেট, ২য় তলা, দোকান নাম্বার:১০ (MobileHub)
#কিছু টাকা বাচানোর জন্য সস্তায় পন্য কিনেt প্রতারিত না হয়ে সঠিক দামে সঠিক পন্য ক্রয় করুন"
Xiaomi 13 512 GB Blue,40190,Used,"Rajshahi, Boalia",06/09,https://bikroy.com/boalia/mobile-phones/xiaomi-13-512-gb-blue-3aalpNe4ZqDczdZSMmZKXX3u.html,5,2026-09-20T07:04:11.927262+00:00,individual,Xiaomi 13 12/512 chinese varient. Full fresh. Full box. If you want original charger then you have to pay extra. Security NID copy will be provided.
Xiaomi Redmi Note 13 Pro+ 256 GB Blue,29000,Used,"Rajshahi, Boalia",04/06,https://bikroy.com/boalia/mobile-phones/xiaomi-redmi-note-13-pro-256-gb-blue-yPAnY5EqmjA3SPeI4iOvzo6N.html,3,2026-09-20T07:04:12.624995+00:00,individual,Used with one hand. Comes with the original box and charger. It is in fresh condition; you can check it as much as you want before buying.
Xiaomi 15 256 GB Black,31000,Used,"Rajshahi, Shaheb Bazar",16/06,https://bikroy.com/shaheb-bazar/mobile-phones/xiaomi-15-256-gb-black-9RfHlgWBchvRXMT7i1ku8fb7.html,2,2026-09-20T07:04:13.306505+00:00,individual,"It has been 1 month since I bought the mobile, it is brand new and fresh, I have the memo, I have the box, everything will be given, it is not an issue, I need money so I will sell it."
Xiaomi Redmi Note 13 128 GB Blue,15000,Used,"Rajshahi, Laksimipur",29/08,https://bikroy.com/laksimipur/mobile-phones/xiaomi-redmi-note-13-128-gb-blue-i7gozoPWc8cMGj7KqsHXeMc5.html,5,2026-09-20T07:04:13.951693+00:00,individual,Full fresh with box and cash memo
Xiaomi 12S Pro 256 GB Graphite,16000,Used,"Rajshahi, Shaheb Bazar",06/09,https://bikroy.com/shaheb-bazar/mobile-phones/xiaomi-12s-pro-256-gb-graphite-oAbbX5OYj16ExOGXwc0OfQjI.html,4,2026-09-20T07:04:14.464947+00:00,individual,"Problem: 3 green line 
Location: sahib Bazar / Ruppur ishwardi"
Xiaomi 11T 128 GB,24500,Used,"Rajshahi, Kadirgonj",15/09,https://bikroy.com/kadirgonj/mobile-phones/xiaomi-11t-128-gb-nnm2Rm9bkXYuBYkCffGvjUqj.html,5,2026-09-20T07:04:15.190556+00:00,individual,"If you want to take it, you can inbox or make a phone call
No:"
Xiaomi 15T 256 GB Black,62000,Used,"Chattogram, Kotwali, Chattogram",01/06,https://bikroy.com/kotwali/mobile-phones/xiaomi-15t-256-gb-black-3QIHe2Hf3IMHCTw8Kq5CUmU.html,5,2026-09-20T07:04:15.860436+00:00,individual,Full fresh phone without any scratch. Bought 3 months ago but barely used. Right now switching to iPhone that's the only reason I'm selling this phone. Brand new condition. For more information contact with me.
Xiaomi 15 Ultra 16/512 GB (Used),84999,Used,"Chattogram, Nasirabad",57 min ago,https://bikroy.com/nasirabad/mobile-phones/xiaomi-15-ultra-16-512-gb-used-2Vd8pN0uvGHT1C1J5CHTxKai.html,4,2026-09-20T07:04:16.401056+00:00,individual,"🔥 Like New Deal — Flagship Beast Ready! 🔥

📱 Xiaomi 15Ultra
✨ Only 1Month Used | Full Fresh Condition

⚡ 16GB RAM | 512GB Storage | 📸 Flagship Leica Camera | ✨ Premium Design

💰 Price: 84,990/- 💥💥

🚚 Delivery Available | 🔄 Exchange Available | 💳 EMI Available

🛡️ 15-Day Replacement Guarantee | Lifetime Service Warranty

📞 
🌐 www.decentbd.com

📍𝐅𝐢𝐧𝐥𝐚𝐲 𝐒𝐪𝐮𝐚𝐫𝐞, Level-4, Shop-406, 2No Gate, Nasirabad, Chattogram
📍𝐅𝐢𝐧𝐥𝐚𝐲 𝐒𝐨𝐮𝐭𝐡 𝐂𝐢𝐭𝐲, Level-5, Shop-525, Bahaddarhat, Chattogram

#Xiaomi15Ultra #FlagshipPhone #UsedPhoneBD #ChattogramDeals #decentbd Show more"
Xiaomi Redmi Note 15 Pro+ 256 GB Silver,45000,Used,"Chattogram, Oxygen",14/07,https://bikroy.com/oxygen/mobile-phones/xiaomi-redmi-note-15-pro-256-gb-silver-63fhz54wSywIc0XpJyJfzslt.html,5,2026-09-20T07:04:16.986040+00:00,individual,I need money urgently. That's why I'm gonna sell my handset. Everything is okay. Device is fresh. For more details Please contact me 019XXXXXXXX
Xiaomi Redmi Note 14 4G 256 Gigabytes Black,21500,Used,"Chattogram, Baizid",12/09,https://bikroy.com/baizid/mobile-phones/xiaomi-redmi-note-14-4g-256-gb-black-qbSU0ng6T5p6KQXKhDYtRDYh.html,5,2026-09-20T07:04:17.722881+00:00,individual,"Interested to sell Redmi note 14 official device 
Device details 
1. The phone is completely fresh 
2. Camera performance is fantastic. 
3. Battery performance is fantastic. You can easily run it for a day and play games. 
4. To buy the phone you must come to the location. 
Location :Baluchra, Bayezid, Chittagong. Price can be reduced somewhat upon negotiation."
Apple iPhone 13 128 GB Blue,40000,Used,Rajshahi,04/08,https://bikroy.com/rajshahi/mobile-phones/apple-iphone-13-128-gb-blue-38KaikAAWbDBGUKSTuahA2zs.html,5,2026-09-20T07:04:18.353030+00:00,individual,"Nothing has been changed, everything is original, no scratches."
Nothing Phone 1 128 GB Black,22000,Used,"Rajshahi, Boalia",19/07,https://bikroy.com/boalia/mobile-phones/nothing-phone-1-128-gb-black-x48lq8d6pPsxusgm0p5cSE5T.html,3,2026-09-20T07:04:18.999384+00:00,individual,"Nothing Phone 1 mobile. Everything is okay, no problems, you can check it yourself. The phone gives very good and beautiful backup. It is a water-resistant phone. If you want to see it, come to the location. Only the phone will be given."
iQOO 256 GB Rose Gold,32000,Used,"Rajshahi, Vodra",21/08,https://bikroy.com/vodra/mobile-phones/iqoo-256-gb-rose-gold-dCaGHqAQVr1WlDUbfaXOkdJK.html,4,2026-09-20T07:04:19.231128+00:00,individual,Iqoo neo 10 8-256 has 3 month warranty. Indian border cross phone. The phone has no kind of problem. Nothing is changed.
Apple 64 GB Black,26000,Used,"Rajshahi, Uposahar",15/09,https://bikroy.com/uposahar/mobile-phones/apple-64-gb-black-mh5DqN9HPOC2tAE1sPofMrRz.html,3,2026-09-20T07:04:19.973259+00:00,individual,"Absolutely new... 
Brought from abroad... 
This was used by my mother... 
Nothing was done on the phone except talking on calls and watching videos... 
Phone + box will be given only... 
1.5 years used only..."
Apple iPhone 12 Pro Max 256 GB Blue,32000,Used,Rajshahi,18/08,https://bikroy.com/rajshahi/mobile-phones/apple-iphone-12-pro-max-256-gb-blue-sncusjFJgITDJgNB1v0Ns0Ib.html,3,2026-09-20T07:04:20.550985+00:00,individual,"iPhone 12 Pro Max is fresh. 
Bypass device 
Everything is original, nothing has been changed."
New Nothing Phone 3a Pro 256 GB Black,39000,Brand New,"Rajshahi, Kadirgonj",20/08,https://bikroy.com/kadirgonj/mobile-phones/new-nothing-phone-3a-pro-256-gb-black-64QA5WwklUlaWST2fRb6V1no.html,3,2026-09-20T07:04:21.167975+00:00,individual,"Nothing 3A pro... 12/256
All authentic waterproof
Showroom conditions"
Nothing Phone 2a 8/256 (Used),25000,Used,Rajshahi,30/04,https://bikroy.com/rajshahi/mobile-phones/nothing-phone-2a-8-256-used-8Qx9oov6snBaiX0MTWZAKAkL.html,5,2026-09-20T07:04:21.827747+00:00,individual,"It is 95% fresh with a minor dent on the body. Only the phone and NID copy will be provided. Serious buyers only, please message."
Vivo T3 Ultra 256 GB Black,25500,Used,"Rajshahi, Rajpara",09/09,https://bikroy.com/rajpara/mobile-phones/vivo-t3-ultra-256-gb-black-3hzaj1xQh1KB6Ftud4hd81Ae.html,4,2026-09-20T07:04:22.502958+00:00,individual,"Vivo T3 Ultra (12/256). There are scratches on the phone body and the back cover glue has come off, otherwise no issues. Everything is original, nothing has been changed. You can check it as much as you like, security will be provided. To see the phone, you need to come to the location. 25500"
Google Pixel 7 Pro 128 GB Black,34500,Used,"Rajshahi, Shaheb Bazar",14/07,https://bikroy.com/shaheb-bazar/mobile-phones/google-pixel-7-pro-128-gb-black-r7T4dlOZLvqxcwtr8EwCQj2c.html,5,2026-09-20T07:04:23.257342+00:00,individual,"Box, cash memo, OTG, everything is available.
Full authentic, nothing has been changed."
Nothing Phone 3a 256 GB Black,30500,Used,"Rajshahi, Shah Makhdum",15/08,https://bikroy.com/shah-makhdum/mobile-phones/nothing-phone-3a-256-gb-black-3A7BBH5MD457gPA40bKJhLri.html,5,2026-09-20T07:04:23.756272+00:00,individual,"Full Fresh Condition just like new, used for a very few days, matte poly applied, selling because I will buy another phone. Price almost fixed ()"
Nothing Phone 1 256 GB White,25000,Used,"Rajshahi, Motihar",03/05,https://bikroy.com/motihar/mobile-phones/nothing-phone-1-256-gb-white-uKGI5jFyaWLFhlpXPK8uIc79.html,3,2026-09-20T07:04:24.297578+00:00,individual,"The phone is in fresh condition, just like new, with no problems. I don't have the box as the memo was lost, but I have the charger. I will provide whatever you need for security. If you want to buy it, please message or call me. If you are not interested, please do not message and cause confusion."
Google Pixel 7 128 GB White,23000,Used,"Rajshahi, Shaheb Bazar",1 day ago,https://bikroy.com/shaheb-bazar/mobile-phones/google-pixel-7-128-gb-white-ffSqi7gx4QNfGMF2inazw0PM.html,4,2026-09-20T07:04:25.077792+00:00,individual,There are no problems with the phone. Check it out yourself. Everything is fine. Nothing comes with the phone. Thank you
Nothing Phone 3a 128 GB Black,31500,Used,"Rajshahi, Court Station",2 days ago,https://bikroy.com/court-station/mobile-phones/nothing-phone-3a-128-gb-black-w37wdioS2gFzgL2j5wtZn78J.html,5,2026-09-20T07:04:25.676953+00:00,individual,"Nothing 3a phone all okay, there are no problems with the phone, you can come and check it as much as you want"
Apple iPhone 14 Pro Max 256 GB Gray,75000,Used,"Tangail, Tangail Sadar",12/09,https://bikroy.com/tangail-sadar/mobile-phones/apple-iphone-14-pro-max-256-gb-gray-5jkCGHvq0SwnPXrKQ0ulKqMm.html,5,2026-09-20T07:04:26.157135+00:00,individual,"I phone 14 pro max no problem at all, brand new condition, whole set is poly-laminated, brought from Saudi Arabia, nothing changed, everything original, battery health 82, box available, charger available, cover available, everything is okay, not even a single scratch, protector attached on top of camera, price fixed"
Apple iPhone 12 Pro Max 128 GB White,65000,Used,"Jashore, Jashore Sadar",02/09,https://bikroy.com/jessore-sadar/mobile-phones/apple-iphone-12-pro-max-128-gb-white-B0tWLB1hXk7foXcjNQ77AU5N.html,5,2026-09-20T07:04:26.690711+00:00,individual,"This is my personal phone sent from America. The battery has been replaced. There is no box as it got ruined. There are no police issues whatsoever. The price can be reduced a little bit, but nothing unreasonable. You can call me to know the rest. 
Special Note: Please no media personnel call me."
OnePlus 13 512 GB Blue,65000,Used,"Feni, Feni Sadar",2 days ago,https://bikroy.com/feni-sadar/mobile-phones/oneplus-13-512-gb-blue-yqkyujz9Ob2Ozum1jsvgwqMP.html,5,2026-09-20T07:04:27.016968+00:00,individual,"Model: OnePlus 13
Processor: 8 Elite
Camera: 120X ZOOM
Ram & Rom: 16/512 GB
Number:
The phone is brand new with no problems at all. It has never been opened or repaired. Everything is original, nothing has been changed. There are no scratches or dents. It has been used very carefully with a cover. The phone is exceptionally good. You can come in person and check it for as long as you want!"
New Apple iPhone 16 128 GB Pink,86000,Brand New,"Pabna, Pabna Sadar",03/09,https://bikroy.com/pabna-sadar/mobile-phones/new-apple-iphone-16-128-gb-pink-nVrHH2k8TBxAIIQVsCbB8Zg.html,5,2026-09-20T07:04:27.638121+00:00,individual,"iPhone 16 pink Color🩷 No issues, Not a single dent ❌ 
Battery 100 💯 
Cycle count 78
Nothing change 
New phone 
Camera wow❤️‍🔥
Box cable available 
Warranty ache ekhono

Family problem tai emergency sell dibo🙏🏻"
Samsung Galaxy S24 Ultra 256 GB Gray,75000,Used,"Cox's Bazar, Chakaria",1 hour ago,https://bikroy.com/chakaria/mobile-phones/samsung-galaxy-s24-ultra-256-gb-gray-6olER8mGvJrjTIBuldtA9qiU.html,3,2026-09-20T07:04:28.273346+00:00,individual,"Fresh condition, nothing scratches. Never fall down.
With original box."
Apple iPhone 14 Pro Max 128 GB Purple,65000,Used,"Gazipur, Gazipur Sadar",12/09,https://bikroy.com/gazipur-sadar/mobile-phones/apple-iphone-14-pro-max-128-gb-purple-yMHlLwMnTbkyAX69XXJngYvX.html,4,2026-09-20T07:04:28.858441+00:00,individual,"Variant: Singapore Variant (Dual SIM can be used) 
 Color: Deep Purple 
 Storage: 128GB
 Battery Health: 71 (no boost genuine)
 Condition: Absolutely Fresh Condition
 Face ID: 
 True Tone: 
 Camera: Front & Back all okay 
 Display: Original 
 Parts Changed: Nothing Changed 
 Box included
Whats"
Apple iPhone 14 Pro 256 GB Purple,66000,Used,"Khulna, Khalishpur",12/09,https://bikroy.com/khalishpur/mobile-phones/apple-iphone-14-pro-256-gb-purple-gpML1jzkM6UXMHMGa3iZFjx8.html,5,2026-09-20T07:04:29.428412+00:00,individual,"Full fresh condition nothing has been changed 100% authentic.
Variant: Saudi.
Battery: 72%.
Memo from Saudi is available,
Check it thoroughly before taking"
Apple iPhone 14 Pro Max Dual SIM (Used),74500,Used,"Chattogram, Chandgaon",29/04,https://bikroy.com/chandgaon/mobile-phones/apple-iphone-14-pro-max-dual-sim-used-hpJFXYCEfyNKudv2jICvFbH6.html,4,2026-09-20T07:04:29.934674+00:00,individual,"iPhone 14 Pro Max
Full box without cable
100% Waterproof, please check it yourself
100% Authentic
Deep Purple color
(Z/A) Hong Kong Variant (physical SIM use)
Battery Health 85% (original) 🔎
Storage 256GB
No scratches, looks like new🆕
Laminated
Price: 77k, Price Fixed
Face lock ✅🆗
True Tone ✅🆗
More details ⤵️

#The mobile is completely fresh, not a single scratch, nothing has been opened, everything is 100% original, you can check it yourself. I have used the mobile with great care, there is no problem at all. The mobile has the latest update installed.
The mobile is Deep Purple color, looks brand new, no issues, you will understand once you see it.
Whoever buys it will definitely be a winner.
Price Fixed

#Those who want to buy must come to the location.

#Interested buyers please inbox, others please do not disturb. Show more"
Apple iPhone 14 Pro Max 128 GB Purple,74999,Used,"Chattogram, Agrabad",29/06,https://bikroy.com/agrabad/mobile-phones/apple-iphone-14-pro-max-128-gb-purple-3NlBsx7zwrPcwxACxbXYyvJ4.html,5,2026-09-20T07:04:30.357062+00:00,individual,"Everything is fine.
Battery Health: 95%.
Nothing has been changed.
True Tone is OK.
It has been used with a lot of care, that's why the battery health is still 95%."
Apple iPhone 14 Pro Max Good (Used),90000,Used,"Chattogram, Kotwali, Chattogram",29/04,https://bikroy.com/kotwali/mobile-phones/apple-iphone-14-pro-max-good-used-6wztxBd96PpBsphryUOoF6K6.html,3,2026-09-20T07:04:30.800527+00:00,individual,"In excellent condition. Imported from Dubai Apple Store. Get 3 free covers. Nothing has been changed or repaired. Fixed price 90,000 BDT."
Nothing Phone CMF Phone 2 Pro 128 GB Green,27500,Used,"Chattogram, Patenga",24/07,https://bikroy.com/patenga/mobile-phones/nothing-phone-cmf-phone-2-pro-128-gb-green-BPOnnkYfDRtgMgFOGrCldofW.html,3,2026-09-20T07:04:31.580659+00:00,individual,"Fresh condition, box and charger are all included. Used for a very short time, inbox if you want to buy."
Nothing Phone 2a Plus 256 GB Gray,27000,Used,"Chattogram, Chandgaon",25/07,https://bikroy.com/chandgaon/mobile-phones/nothing-phone-2a-plus-256-gb-gray-kM0vxehtJVRLoUYfQOKCx7Mf.html,5,2026-09-20T07:04:32.293620+00:00,individual,"No problems at all, you can check and take it after seeing."
Nothing Phone 3a 256 GB White,35500,Used,"Chattogram, Satkania",15/08,https://bikroy.com/satkania/mobile-phones/nothing-phone-3a-256-gb-white-iF0wsGqNf6RimxNJfobATtz9.html,3,2026-09-20T07:04:32.969801+00:00,individual,"Brand new, comes with everything."
Nothing Phone 4a Pro 256 GB Graphite,60000,Used,"Chattogram, Chawkbazar",1 hour ago,https://bikroy.com/chawkbazar/mobile-phones/nothing-phone-4a-pro-256-gb-graphite-6ggKcyFENqXk13R43sWcpm84.html,3,2026-09-20T07:04:33.601120+00:00,individual,"Nothing 4a Pro
12/256
Few days used
Full boxed."
Vivo X200 FE 256 GB Yellow,48000,Used,"Chattogram, Alankar",11/06,https://bikroy.com/alankar/mobile-phones/vivo-x200-fe-256-gb-yellow-pGeNk9jHqEDXssunWT7ELHrk.html,5,2026-09-20T07:04:34.135674+00:00,individual,"I have the cash memo, nothing else. The set is just wow. The camera is deadly. It has never been opened or repaired. There are no problems at all. Only the color has faded on one side of the body due to using a cover, full security will be provided. Battery backup is 2 days. 
Display - LTPO AMOLED 
The mobile is incredibly fast, in a word, extraordinary. There are no problems with the set, you can check it as much as you want. Show more"
Nothing Phone 3a 256 GB White,37000,Used,"Chattogram, Alankar",04/08,https://bikroy.com/alankar/mobile-phones/nothing-phone-3a-256-gb-white-fLWm2T6CH8W96feo8hhkdd2z.html,3,2026-09-20T07:04:34.657642+00:00,individual,"There is not much to say if someone wants a good phone then this is the perfect place you have come the rest will be understood when you meet face to face 
 
- 100% Original
- No type of problems
- Display, Touch, Camera, Speaker, Microphone, Fingerprint 
Location: Chattogram Sagarika Road Bitak Bazar 
 Only serious buyers please contact
WhatsApp:"
Nothing Phone 3a 128 (Used),25990,Used,"Chattogram, Nasirabad",1 hour ago,https://bikroy.com/nasirabad/mobile-phones/nothing-phone-3a-128-used-5SEQXK1X9fVCYj2066b202pY.html,4,2026-09-20T07:04:35.243516+00:00,individual,"Nothing phone 3a 8/128

🔥 Budget King — Everyday Smooth Performer! 🔥



⚡ Enjoy 8GB RAM | 128GB Storage | 5000mAh Battery | Super Clear Camera



👉Only one dot (beside front camera)



💰offer price -25,990💥💥



🚚 Delivery Available | 🔄 Exchange Available | 💳 EMI Available



🛡️ 15-Day Replacement Guarantee | Lifetime Service Warranty



📞 



🌐 www.decentbd.com



📍𝐅𝐢𝐧𝐥𝐚𝐲 𝐒𝐪𝐮𝐚𝐫𝐞, Level-4, Shop-406, 2 No Gate, Nasirabad, Chattogram



📍𝐅𝐢𝐧𝐥𝐚𝐲 𝐒𝐨𝐮𝐭𝐡 𝐂𝐢𝐭𝐲, Level-5, Shop-525, Bahaddarhat, Chattogram



#decentbd Show more"
New Nothing Phone 3a 256 GB Black,29500,Brand New,"Chattogram, Agrabad",23/05,https://bikroy.com/agrabad/mobile-phones/new-nothing-phone-3a-256-gb-black-dN0XrLxrlkCV7yarf0vCYCUt.html,5,2026-09-20T07:04:36.008858+00:00,individual,"Nothing Phone 3a (Black) 
8+8GB RAM 256GB ROM
Condition: Like brand new
Black
Enjoy a smooth and premium experience
Asking Price: 29,500৳ (negotiable)
Only phone available
I can provide a photocopy of my NID for security purposes; the bill and box were lost during a house move.
Exchange possible. Serious buyers only."
Nothing Phone 4a 128 GB White,42500,Used,"Chattogram, Chawkbazar",1 hour ago,https://bikroy.com/chawkbazar/mobile-phones/nothing-phone-4a-128-gb-white-7RSpRTRiw9T4Bc78usoxjTmW.html,3,2026-09-20T07:04:36.729846+00:00,individual,"Nothing phone 4a
8/128
with Box
few days used"
Realme GT Neo5 SE 256 GB White,25999,Used,"Chattogram, Agrabad",13/05,https://bikroy.com/agrabad/mobile-phones/realme-gt-neo5-se-256-gb-white-jGo1BjYA97Xu9KoxhxWpvlg6.html,3,2026-09-20T07:04:37.312232+00:00,individual,"Gt neo 6se 
Fixed price
There are some scratches on the body and some light scratches on the back, nothing major. The volume button requires a slightly firmer press, which has been the case since the beginning, but it works fine. Everything else is perfect.
Box, charger, cash memo, and security documents are all available, and a high-quality protective cover will be provided."
Nothing Phone 3a Pro 256 GB Black,48000,Used,"Chattogram, Baizid",08/07,https://bikroy.com/baizid/mobile-phones/nothing-phone-3a-pro-256-gb-black-hyjk1eftm2JW3HdAtpB5kCD3.html,3,2026-09-20T07:04:37.653008+00:00,individual,"14 day used only new mobile 
Location: polytechnical, East Delta University Pashe.
Real buyer knock 016XXXXXXXX"
Nothing Phone 3 512 GB Black,65000,Used,"Chattogram, Hathazari",12/07,https://bikroy.com/hathazari/mobile-phones/nothing-phone-3-512-gb-black-yxV5AfHeEPwHoU4xsbAO5f8Y.html,5,2026-09-20T07:04:38.068741+00:00,individual,"Only 16 days used, full fresh, I'll provide a new xundd case"
Nothing Phone 3a 256 GB White,33500,Used,"Chattogram, Satkania",21/05,https://bikroy.com/satkania/mobile-phones/nothing-phone-3a-256-gb-white-keDfTMKurYHi3VCnSmKgcAFK.html,3,2026-09-20T07:04:38.480578+00:00,individual,"Nothing Phone 3a (Global)
 4GB RAM / 256GB ROM
 Absolutely clean and fresh condition
 Global version
 Battery and performance are very good
 Camera, display, sound all perfect
 No issues, you can use it worry-free
 Perfect for those looking for a stylish and unique phone
 Inbox if interested."
Nothing Phone 3a 128 GB Black,31000,Used,"Chattogram, Alankar",05/09,https://bikroy.com/alankar/mobile-phones/nothing-phone-3a-128-gb-black-wuVyp0c2XbnCxQS21NT9Gwqs.html,4,2026-09-20T07:04:39.208027+00:00,individual,ফুল বক্স ক্যাশ মেমো সহ। কোনবিন্দু পরিমাণ দাগ বা ফাটল নাই পুরো নতুনের মত। প্রাইজ প্রায় ফিক্সড
Apple iPhone 14 Pro 128 GB White,62500,Used,"Dhaka, Uttara",24/08,https://bikroy.com/uttara/mobile-phones/apple-iphone-14-pro-128-gb-white-q2fBbIjftjUTlqxmlUCslbWt.html,5,2026-09-20T07:04:39.851053+00:00,individual,"128gb 
USA variant 
Battery Health 80%
All original parts 
Nothing has been changed"
Apple iPhone 14 Pro Max 128 GB Gray,72000,Used,"Dhaka, Basabo",11/09,https://bikroy.com/basabo/mobile-phones/apple-iphone-14-pro-max-128-gb-gray-eTaO61PpHLiVmwqh4SDVobpR.html,5,2026-09-20T07:04:40.487624+00:00,individual,"Brand- Apple 
Model- 14 pro max
What you will get with the mobile
Box, charger, 2 good quality covers
The mobile has been used with great care.
BH- 75 Original Battery 
128 GB
HKG, MAC
Nothing of the mobile has been changed
Everything is original.
The mobile must be seen by coming in person.
Dakshin Gaon Road No. 2, Basabo"
Apple iPhone 15 Pro 128 GB Blue,78000,Used,"Dhaka, Mirpur",14/09,https://bikroy.com/mirpur/mobile-phones/apple-iphone-15-pro-128-gb-blue-rnhgE48T8MKBQFwZpni1KlN7.html,5,2026-09-20T07:04:41.110931+00:00,individual,"iPhone 15 Pro (UAE Variant)
Condition: Fresh & Original
Battery Health: 82%
Waterproof (Never opened / nothing changed)
No parts changed – 100% original
Storage: 128GB
Imported from abroad, still waterproof. Selling because I will upgrade to iPhone 16. Serious buyers only, please send a message."
Nothing Phone 4a Pro 256 GB Silver,56000,Used,"Dhaka, Savar",08/09,https://bikroy.com/savar/mobile-phones/nothing-phone-4a-pro-256-gb-silver-mxNL7Rulwpj1sy3wgpW9Ep8A.html,5,2026-09-20T07:04:41.780606+00:00,individual,"Purchased from Dazzle on July 30, 2026. Used for a short time, absolutely fresh condition.
8/256GB | Silver
 Phone price: ৳58,800
 Dazzle Care+: ৳4,110
 365 days Replacement Guarantee
 Original Memo, Box & Cable are available. Selling because I urgently need money.
 Asking price: ৳56,000 — slightly negotiable.
 Savar Cantonment
Only serious buyers please inbox 016XXXXXXXX"
Apple iPhone 14 Pro Max 128 GB Purple,63000,Used,"Dhaka, Mirpur",20 hours ago,https://bikroy.com/mirpur/mobile-phones/apple-iphone-14-pro-max-128-gb-purple-BU9zXVac9yxrjIX3QcmcsW27.html,3,2026-09-20T07:04:42.503973+00:00,individual,"Iphone 14 pro max
Purple 
International variant 
128 gb
BH 77%
No problem, all working, nothing changed, never opened, just 3 spots on the back, shown in picture 
Comes with box and cable"
Apple iPhone 13 Pro Max 512 GB Gold,65000,Used,"Dhaka, Jatrabari",11/09,https://bikroy.com/jatrabari/mobile-phones/apple-iphone-13-pro-max-512-gb-gold-BjoaJF5XMlVWpnr6oOWxcvi4.html,3,2026-09-20T07:04:43.025440+00:00,individual,"Phone has never been opened, completely waterproof, nothing has been changed, full fresh condition.
No display issue, latest update given, using for 2 years, using for 2 years.
Still looks like an absolutely brand new phone.
Box will be found with it. Brought from USA."
Apple iPhone 13 Pro 256 GB Gold,55000,Used,"Dhaka, Jatrabari",11/09,https://bikroy.com/jatrabari/mobile-phones/apple-iphone-13-pro-256-gb-gold-iN55ewCIkfSL4aA7MXoahoZh.html,5,2026-09-20T07:04:43.773119+00:00,individual,"Price Fixed
IPhone 13 Pro 256Gb Full Box
Color : Golden 
1 physical sim , 1 E sim 
Battery health : 91% (Original )
IOS version : Latest (26.5.2)
True Tone : ok 
Face ID : ok
Model number : MLQP3LL/A
Waterproof device 
Used with case 
IMel Matched Box available 
Charging cable and 20 adapter Available 
 everything original
Nothing repaired /Replace"
Apple iPhone 17 Pro Max 256 GB Black,150000,Used,"Dhaka, Badda",28/08,https://bikroy.com/badda/mobile-phones/apple-iphone-17-pro-max-256-gb-black-as6wG8a1pMKfuB2eZe7fYtUK.html,4,2026-09-20T07:04:44.520023+00:00,individual,"iPhone 17 pro Max 
USA variant
Battery health 98%
Storage 256GB 
Negotiable just Kichu scratches and ekta Dent ache nothing else With Box"
Nothing Phone 3 512 GB White,58000,Used,"Dhaka, Baridhara",4 hours ago,https://bikroy.com/baridhara/mobile-phones/nothing-phone-3-512-gb-white-sO7lGwfpb7nF2hjcQGoOXcL.html,4,2026-09-20T07:04:45.022902+00:00,individual,"Nothing 3
Full fresh condition 
only device"
New Apple iPhone 17 Pro Max 256 GB Silver,149999,Brand New,"Dhaka, Tejgaon",31/08,https://bikroy.com/tejgaon/mobile-phones/new-apple-iphone-17-pro-max-256-gb-silver-dy5uCDfSuwBQ1fycjIlthQlt.html,5,2026-09-20T07:04:45.720308+00:00,individual,"The phone has been used for a very short time and with great care. Battery health is 100%, charged 44 times. Includes one physical SIM and one eSIM, along with the full box and cash memo. The phone is like new, nothing to inspect. Do not bargain. iPhone 17 Pro Max 256 GB"
Apple iPhone 16 Pro 256 GB Gray,105000,Used,"Dhaka, Lalbag",1 day ago,https://bikroy.com/lalbag/mobile-phones/apple-iphone-16-pro-256-gb-gray-kLEXl1oWK0M4uO0o8zO9Eg8R.html,3,2026-09-20T07:04:46.342032+00:00,individual,"Original Full Box Phone, never opened, nothing changed. I will provide all documents required. No dent, no single scratch, Battery health is 89%. Full fresh phone. Premium case and Screen protector will be provided"
Apple iPhone 15 Plus 128 GB Green,70000,Used,"Dhaka, Gulshan",1 day ago,https://bikroy.com/gulshan/mobile-phones/apple-iphone-15-plus-128-gb-green-aLVVWLgcdlWIBkGSRo5XMg5z.html,5,2026-09-20T07:04:47.001976+00:00,individual,"iPhone 15 Plus, Super Condition.
No problem, No Damage, No nothing.
Battery health 88% only.
Cycle counts: 577.
Everything is ok and perfectly working.
Enjoy all-day battery life, stunning photos, and high-speed internet. 
Original box available, cable and charger will also be given."
Nothing Phone 4a Pro 256 GB White,58000,Used,"Dhaka, Tongi",16/09,https://bikroy.com/tongi/mobile-phones/nothing-phone-4a-pro-256-gb-white-5nxfL5dqdcNV84vmCXOcF3bo.html,5,2026-09-20T07:04:47.719596+00:00,individual,"Nothing phone 4a Pro 
With full box 
8/256 GB 
Only 25 days used 
No problem at all 
The phone size is becoming too big for me 
That's why I am selling it 
Location Uttara Dhaka"
Nothing Phone 4a Pro 256 GB Silver,58000,Used,"Dhaka, Savar",4 hours ago,https://bikroy.com/savar/mobile-phones/nothing-phone-4a-pro-256-gb-silver-rmUhiwYH5LofThyui6RIgSsR.html,5,2026-09-20T07:04:48.395710+00:00,individual,"Nothing 4A Pro | 8GB RAM + 256GB 
Premium Used Phone now at an attractive Offer Price! Smooth performance, stylish design, fresh condition 
 Muthophone Accessories. 2 E-195A, Level-5 (Lift-4), Sena Shopping Complex, Nabinagar, Savar, Dhaka
 Limited Stock | Order Now!
 
Facebook: MUTHOPHONE ACCESSORIES 2"
Nothing Phone CMF Phone 2 Pro 256 GB White,27000,Used,"Dhaka, Lalbag",26/08,https://bikroy.com/lalbag/mobile-phones/nothing-phone-cmf-phone-2-pro-256-gb-white-cM0FvxbzpToN4SwLlGdfHAII.html,4,2026-09-20T07:04:49.116471+00:00,individual,"মোবাইল কেনার সময় অবশ্যই রশিদে স্বাক্ষর করতে হবে ও NID কার্ডের ফটোকপি দিতে হবে(আমিও দেবো)
দাম:২৭০০০ ফিক্সড (কমানো সম্ভব নয়)
রশিদের ছবি দেয়া আছে। 
লোকেশন: আজিমপুর, রসূলবাগ পার্ক।"
Nothing Phone 4a 256 GB Black,49999,Used,"Dhaka, Jatrabari",1 hour ago,https://bikroy.com/jatrabari/mobile-phones/nothing-phone-4a-256-gb-black-4W6smJUi60e8v3GdezaspbQj.html,3,2026-09-20T07:04:49.675853+00:00,individual,"Nothing 4a.
Ram - 12 gb.
Rom - 256 gb.
Full box."
Nothing Phone 2a 128 GB White,25999,Used,"Dhaka, Jatrabari",4 hours ago,https://bikroy.com/jatrabari/mobile-phones/nothing-phone-2a-128-gb-white-aM2KLdGLDp9EDb3bQ4GY13L8.html,3,2026-09-20T07:04:50.170532+00:00,individual,"Jatrabari, Idris super market 
shop no 63"
Nothing Phone 2a 128 GB White,25000,Used,"Dhaka, Uttara",2 days ago,https://bikroy.com/uttara/mobile-phones/nothing-phone-2a-128-gb-white-8CQ00q4tUnds4ZrbnEZ2NVQe.html,5,2026-09-20T07:04:50.636616+00:00,individual,"There are no problems with the phone, you can check everything before buying. I am selling it because of low storage, otherwise I wouldn't have sold it. Those who want to buy the phone must come and collect it."
New Nothing Phone 2 256 GB White,38990,Brand New,"Dhaka, Uttara",2 days ago,https://bikroy.com/uttara/mobile-phones/new-nothing-phone-2-256-gb-white-3cbSLfBhi67ikmBQqgB6qPm6.html,5,2026-09-20T07:04:51.365463+00:00,individual,"Nothing phone 2
 12/ 256 GB, white
Never used ( Shop Display product )"
Nothing Phone 3a 128 GB White,33500,Used,"Dhaka, Savar",06/09,https://bikroy.com/savar/mobile-phones/nothing-phone-3a-128-gb-white-96CLFdj6MhmRxwVoZUrvg10P.html,5,2026-09-20T07:04:52.009542+00:00,individual,"একদম অথেন্টিক Nothing 3a খুঁজছেন?
Nothing 3a 8/128 
•Battery-5000 mh
Available
Book Now  ￼ 
Shop No- E/137 Level-5
Sena sopping complex."
Nothing Phone 3a Lite 256 GB Blue,29990,Used,"Dhaka, Rampura",1 hour ago,https://bikroy.com/rampura/mobile-phones/nothing-phone-3a-lite-256-gb-blue-2WqjIYecNl7sLTNNx62mrbHn.html,4,2026-09-20T07:04:52.562123+00:00,individual,"Nothing 3a Lite  8+256GB As Like New
Only device and cash memo 
More information call 
Address: Molla Tower Shopping complex, Rampura, Dhaka. 
Opposite BTV centar 
3rd floor, shop no-406"
Nothing Phone 3a Pro 256 GB Black,38500,Used,"Dhaka, Jatrabari",4 hours ago,https://bikroy.com/jatrabari/mobile-phones/nothing-phone-3a-pro-256-gb-black-tVwi3Yk0uYUSyZrUS1SZXcaA.html,4,2026-09-20T07:04:53.259126+00:00,individual,"আসসালামু আলাইকুম
Wellcome to Gadget Exchange BD
 
With cash memo
 7 Day's Replacement
 1 Year's service warranty without Parts
 Gadget Exchange BD 
দোকান নং,৬৭ (৩য় তলা)
বিক্রমপুর প্লাজা, জুরাইন রেলগেট ঢাকা-১২০৪"
Nothing Phone 2 128 GB Black,30500,Used,"Dhaka, Dhanmondi",54 min ago,https://bikroy.com/dhanmondi/mobile-phones/nothing-phone-2-128-gb-black-n8D1atT6ngddlZzNDHFWJbNd.html,3,2026-09-20T07:04:53.844251+00:00,individual,"Nothing Phone 2 for sale
8/128GB
Bought used from MBK, Bangkok, Thailand
Used very lightly
Only phone and NID
Location: Kalabagan Labaid Iconic Building (Google Maps)
Come down to the ground floor, sit, and check it before buying"
Nothing Phone 2a 128 GB White,27000,Used,"Dhaka, Demra",26/08,https://bikroy.com/demra/mobile-phones/nothing-phone-2a-128-gb-white-hUld7tOoRcRfeqcnW0Q747fn.html,4,2026-09-20T07:04:54.574743+00:00,individual,"Nothing 2A 
8/128gb
Full fresh condition 
All okh.kono problem nai."
Nothing Phone 4a Pro 256 GB White,40000,Used,"Dhaka, Mohammadpur",14 hours ago,https://bikroy.com/mohammadpur/mobile-phones/nothing-phone-4a-pro-256-gb-white-C5dL0D82G1XAwCsH5vHDMVpg.html,3,2026-09-20T07:04:55.221872+00:00,individual,"Only phone and ib need to be changed, everything else is okay, amazing camera."
Nothing Phone 2a 256 GB Black,27500,Used,"Dhaka, Jamuna Future Park",4 hours ago,https://bikroy.com/jamuna-future-park/mobile-phones/nothing-phone-2a-256-gb-black-a6Jqyq5jQNix6XNM645jgbfc.html,5,2026-09-20T07:04:55.914434+00:00,individual,"notging 2a 8/256gb all ok
super fresh condition available

🏃 আমাদের দোকান এ ভিজিট করুন 

 📍 Address :

     "" Appelink ""
     Shop No: 4C-021C1
       Block- C, Level- 4 
     Jamuna Future Park
(Samung customer care er pase
⏰Business Hour: 11:00AM-8:00PM
Whatsup number 016XXXXXXXX"
Nothing Phone 1 128 GB Black,29000,Used,"Dhaka, Uttara",15/09,https://bikroy.com/uttara/mobile-phones/nothing-phone-1-128-gb-black-yFAng88VBi16L4d8PJtz9i8t.html,4,2026-09-20T07:04:56.487257+00:00,individual,"There are no problems. If anyone wants to exchange with an iPhone, please send a message."
New Nothing Phone 3a Pro 256 GB Black,40000,Brand New,"Dhaka, Mirpur",08/09,https://bikroy.com/mirpur/mobile-phones/new-nothing-phone-3a-pro-256-gb-black-GACIqZPVi5YNjgFhyVnTo8c.html,3,2026-09-20T07:04:57.151480+00:00,individual,নিতে চাইলে যোগাযোগ 017XXXXXXXX
New OnePlus Ace 2 256 GB Silver,30000,Brand New,"Rajshahi, Rajpara",03/07,https://bikroy.com/rajpara/mobile-phones/new-oneplus-ace-2-256-gb-silver-fkj6kLkcSrmn5FAeEpnjh37i.html,5,2026-09-20T07:04:57.865007+00:00,individual,"OnePlus
Model: Ace 2
RAM: 12/256
Full fresh new condition"
OnePlus 13s 256 GB Black,55000,Used,Rajshahi,1 hour ago,https://bikroy.com/rajshahi/mobile-phones/oneplus-13s-256-gb-black-Cbyscqr0tybDLDa2KA9rdghr.html,2,2026-09-20T07:04:58.410934+00:00,individual,"OnePlus 13s
12 256
Super condition
7 days replacement guarantee
1 year service warranty
#exchange possible
Our Address:
Smart Choice, Shop No. 211,
City Center, Beside Rajshahi College, Sonadigir Mor, Rajshahi
Call for any details"
OnePlus 13R 256 GB Black,43500,Used,"Rajshahi, Boalia",13/09,https://bikroy.com/boalia/mobile-phones/oneplus-13r-256-gb-black-6fUE0bHoVSgOpO7AQRW83Lji.html,5,2026-09-20T07:04:59.169257+00:00,individual,"You will get only the phone, no charger. There is not the slightest problem or scratch on the phone, you will get it completely fresh. Battery health 99%. Enjoy smooth performance along with a great camera and Snapdragon 8 Gen 3 processor. If anyone wants to buy, contact quickly. Price is almost fixed."
OnePlus 11 512 GB Black,35000,Refurbished,"Rajshahi, Boalia",13/08,https://bikroy.com/boalia/mobile-phones/oneplus-11-512-gb-black-8Fk5EfkhQkYXnUDV0VrhMtHc.html,5,2026-09-20T07:04:59.820784+00:00,individual,"Call only Wp & number aptX HD, Bluetooth 5.3, A2DP, LE, Corning Gorilla Glass Victus, Fingerprint, IP64 dust/water resistant, Stereo Speakers, USB Type-C 2.0, OTG"
OnePlus 12 /256 (Used),42999,Used,Rajshahi,1 hour ago,https://bikroy.com/rajshahi/mobile-phones/oneplus-12-256-used-bxePyFSvvMHrpbhRdjPDqfnq.html,3,2026-09-20T07:05:00.588185+00:00,individual,"Oneplus 12

16/ 256

Enjoy super condition 🔥🔥

7 days replacement guarantee ✅
1 year service warranty ✅

#exchange possible ✅

Our Address:
Smart Choice, Shop No. 211,
City center, Beside of Rajshahi College, Sonadigir mor Rajshahi

Call for any details:"
OnePlus 12R 256 GB Black,34500,Used,"Rajshahi, Shaheb Bazar",09/09,https://bikroy.com/shaheb-bazar/mobile-phones/oneplus-12r-256-gb-black-BE8PUoVVWBuSZW21wjeMA2zz.html,3,2026-09-20T07:05:01.217766+00:00,individual,"Oneplus 12R 
Ram 16 
Room 256
Battery health 92%
Locetion Rajshahi
Indean phone"
OnePlus 13R 256 GB Black,44000,Used,"Rajshahi, Paba",12/09,https://bikroy.com/paba/mobile-phones/oneplus-13r-256-gb-black-BN1F0ojZujVJOr3INkZMR7NM.html,5,2026-09-20T07:05:01.923726+00:00,individual,"OnePlus 13R 12/256
Full fresh condition
Battery health 100%
(Only phone)
(Price fixed)"
OnePlus 11R 256 GB Black,30000,Used,"Rajshahi, Uposahar",16/08,https://bikroy.com/uposahar/mobile-phones/oneplus-11r-256-gb-black-vBjseaIKkyYu61UCJoOOuNs.html,4,2026-09-20T07:05:02.641503+00:00,individual,"Main Camera: 50+8+2MP
Front Camera: 16 MP
Battery: 5000mAh
Chipset: Qualcomm Snapdragon 8 Gen1 plus
Refresh Rate :120 Hz"
OnePlus 12R 256 GB Black,33000,Used,"Rajshahi, Paba",01/08,https://bikroy.com/paba/mobile-phones/oneplus-12r-256-gb-black-wZ0bdwC5lJBly9TlpR5JBylJ.html,3,2026-09-20T07:05:03.079139+00:00,individual,"There is not even a slight problem, lamination is applied on the front and back. Price negotiation is not allowed at all."
OnePlus Nord 5 256 GB Purple,35000,Used,"Rajshahi, Kazla",17 min ago,https://bikroy.com/kazla/mobile-phones/oneplus-nord-5-256-gb-purple-a2K8j7lyIWvwID16ioRTlTmQ.html,4,2026-09-20T07:05:03.832978+00:00,individual,"OnePlus Nord 5\nIndian global (8/256)\nAll original all ok\nAmazing camera, you can check out my profile\nAwesome UI\nGreat battery backup, lasts 2 days with normal use. Heavy multitasking and gaming easily cover 8/9 hours.\nCondition looks like new"
OnePlus 12R 256 GB Black,32000,Used,"Rajshahi, Paba",01/09,https://bikroy.com/paba/mobile-phones/oneplus-12r-256-gb-black-zec7w3QVQd5epd0EvRRbKhic.html,4,2026-09-20T07:05:04.499190+00:00,individual,ফুল ফ্রেশ। কোন ধরনের সমস্যা নাই। যতক্ষণ ইচ্ছা চালিয়ে দেখে নিবেন। ফুল বডি পলি করা আছে। শুধু ফোন আর সিকিউরিটি হিসেবে nid দেওয়া হবে।
OnePlus 11R 256 GB Black,27000,Used,"Rajshahi, Kazla",26/08,https://bikroy.com/kazla/mobile-phones/oneplus-11r-256-gb-black-5YoUDRq3Pi6EbohPNJVZMfHv.html,3,2026-09-20T07:05:04.850398+00:00,individual,"Fully fresh phone with no problems 16/256 price fixed, please ignore if you don't like the price"
OnePlus 11R 256 GB Green,26500,Used,"Rajshahi, Bagmara",21 hours ago,https://bikroy.com/bagmara/mobile-phones/oneplus-11r-256-gb-green-ftNaHEHvxW9wSjwX1uDOqTeL.html,5,2026-09-20T07:05:05.623339+00:00,individual,"Assalamu Alaikum
There is not much to say about the phone. The phone is in good condition. I bought it from Chapai 1.5 months ago. I need to sell it due to necessary reasons. If anyone is willing to buy it, please come to the location to inspect and take it. The phone has no repair issues.
Price:- 26,500/-
Negotiable
Location: Mohonganj Bazar, Bagmara, Rajshahi
Phone:-"
OnePlus Nord CE5 256 GB White,28000,Used,"Rajshahi, Shiroil",05/09,https://bikroy.com/shiroil/mobile-phones/oneplus-nord-ce5-256-gb-white-eT6J7oHbekmkmmt2PEcCaouj.html,5,2026-09-20T07:05:06.180936+00:00,individual,"OnePlus nord ce5 
Official 
8/256
Super fresh, looks like new"
OnePlus 11R 256 GB Blue,24500,Used,"Rajshahi, Godagari",08/09,https://bikroy.com/godagari/mobile-phones/oneplus-11r-256-gb-blue-u3gjNTPKjtBe0fd2HhS6Bup1.html,5,2026-09-20T07:05:06.557504+00:00,individual,"16GB ram 
256 GB ROM 
50 MP, f/1.8, 24mm (wide), 1/1.56"", 1.0μm, multi-directional PDAF, OIS
8 MP, f/2.2, 120 ̊ (ultrawide), 1/4.0"", 1.12μm
2 MP (macro)
Features	Color spectrum sensor, LED flash, HDR, panorama
Video	4K/60fps, 1080p/60/240fps, gyro-EIS
120Hz, HDR10+, 1450 nits (peak)
Size	6.74 inches,
Resolution	1240 x 2772 (~451"
OnePlus 10 Pro 128 GB,25000,Used,"Rajshahi, Shaheb Bazar",28/06,https://bikroy.com/shaheb-bazar/mobile-phones/oneplus-10-pro-128-gb-7ENu4q5WPenmtHH1AJYDJ5N6.html,3,2026-09-20T07:05:06.996405+00:00,individual,"100% authentic phone
5000 mAh battery
Qualcomm Snapdragon 8 Gen 1 processor
Display original, fingerprint okay
8 GB RAM, 128 GB ROM
Price: 25,000
Please do not message unnecessarily
Only phone and charger
NID card will be provided as documentation
Location: Rajshahi Talaimari"
ওয়ানপ্লাস ২৫৬ জিবি ব্লু,22000,Used,"Rajshahi, Kazihata",17/09,https://bikroy.com/kazihata/mobile-phones/oneplus-256-gb-blue-ftj1H8EvWOOh0ATpVhDewlUt.html,4,2026-09-20T07:05:07.620035+00:00,individual,"Completely fresh, just the phone will be sold."
OnePlus 11R 256 GB Green,26500,Used,"Rajshahi, Mohanpur",21 hours ago,https://bikroy.com/mohanpur/mobile-phones/oneplus-11r-256-gb-green-7Oup5Q0LUfjcbVhWVQnVpW4S.html,5,2026-09-20T07:05:08.365436+00:00,individual,"Assalamu Alaikum.
There is not much to say about the phone; it is in completely fresh condition. Used with great care as a personal device. No gaming has ever been done on this phone, there are no repair issues, and there are no problems at all. Whoever buys it can check it thoroughly first.
To purchase the phone, you must come to the location.
If you want to know anything else, please call or send an SMS.
Price = 26,500/ Show more"
OnePlus 11R 128 GB Gray,22000,Used,"Rajshahi, Paba",05/09,https://bikroy.com/paba/mobile-phones/oneplus-11r-128-gb-gray-2PwhiRkVjvz1AWBAaZkrYvbT.html,3,2026-09-20T07:05:08.688728+00:00,individual,"আপনি যদি OnePlus 11R 5G-এর কথা বলেন, তাহলে সংক্ষেপে বর্ণনা:
 OnePlus 11R 5G
ডিসপ্লে: 6.74 ইঞ্চি AMOLED, 120Hz রিফ্রেশ রেট
প্রসেসর: Qualcomm Snapdragon 8+ Gen 1
RAM: 8GB / 16GB
স্টোরেজ: 128GB / 256GB
রিয়ার ক্যামেরা: 50MP + 8MP + 2MP
সেলফি ক্যামেরা: 16MP
ব্যাটারি: 5000mAh
চার্জিং: 100W SUPERVOOC
নেটওয়ার্ক: 5G
সিস্টেম: Android OxygenOS"
OnePlus Nord CE4 128 GB Gray,25000,Used,"Rajshahi, Godagari",31/08,https://bikroy.com/godagari/mobile-phones/oneplus-nord-ce4-128-gb-gray-tOPOHsdjpU1HWvdE2K4fWrJx.html,5,2026-09-20T07:05:09.282364+00:00,individual,Sell post. Enjoy a pristine condition phone with no scratches or issues. Model: OnePlus Nord CE 4. RAM/ROM: 8/128. Battery: 5500mAh.
OnePlus Nord CE5 256 GB White,28000,Refurbished,"Rajshahi, Boalia",10/07,https://bikroy.com/boalia/mobile-phones/oneplus-nord-ce5-256-gb-white-wj0WPw73PjMKDKS3F6oGNvwL.html,5,2026-09-20T07:05:09.898580+00:00,individual,"The phone name is OnePlus Nord CE5. It is in full fresh condition, comes with the full box and charger."
OnePlus Nord 4 256 GB,24000,Used,"Rajshahi, Paba",16/09,https://bikroy.com/paba/mobile-phones/oneplus-nord-4-256-gb-tYcf2VLscVcevb4GKASWCr3O.html,4,2026-09-20T07:05:10.580416+00:00,individual,"Emergency Sell Post
OnePlus Nord 4
8/256 UFS 4.0 
Snapdragon 7 Plus Gen 3 (Gaming Phone) 
5500 mAh Battery
Full fresh condition
Price: 23500 Tk (Almost Fixed) 
Those whose budget is below 20 please skip! 
Location: Rajshahi, Katakhali (Must come to the location)"
OnePlus 11R 256 GB Green,28500,Used,"Rajshahi, Bagmara",08/09,https://bikroy.com/bagmara/mobile-phones/oneplus-11r-256-gb-green-fyZtwbzXkaIifyi5ojbrN67Z.html,5,2026-09-20T07:05:11.210356+00:00,individual,"Assalamu Alaikum,
There is not much to say about the phone, the phone is in completely fresh condition. It has been used very carefully as a secondary phone. No gaming has been done on the phone, no repair issues, no problems. Whoever takes it, check and test it properly before taking.
And if you want to buy the phone, you must come to the location to collect it.
If you want to know anything else, please call or SMS.
Price = 28,500/ Show more"
OnePlus 11R 256 GB Black,28000,Used,"Rajshahi, Shaheb Bazar",1 hour ago,https://bikroy.com/shaheb-bazar/mobile-phones/oneplus-11r-256-gb-black-uqi8zxOGRdcfOQPsexSgHj7N.html,3,2026-09-20T07:05:11.600698+00:00,individual,"Oneplus 11r, 16 / 256 GB. Super condition. Enjoy a 7-day replacement guarantee and 1-year service warranty. #exchange possible. Our Address: Smart Choice, Shop No. 211, City Center, Beside Rajshahi College, Sonadighi Mor, Rajshahi. Call for any details:"
OnePlus 12R 128 GB Blue,29000,Used,"Rajshahi, Chhota Banagram",31/08,https://bikroy.com/chhota-banagram/mobile-phones/oneplus-12r-128-gb-blue-Yf7Fi8akXM8Fbq7bBdYBWmd.html,3,2026-09-20T07:05:12.283316+00:00,individual,"ফোনের ব্যাকশেল ফাটা।
এছাড়া ফোনে কোন সমস্যা নেই।
লোকেশন শালবাগান পাওয়ার হাউজ মোড়। সাথে অরজিনাল একটি ফাস্ট সুপারবক চার্জার দেয়া হবে। ক্যাশ মেমো আছে। কিনা দাম ছিল ৩৫ হাজার ৫০০।
বিক্রি দাম ২৯০০০"
OnePlus 13 256 GB Blue,68000,Used,"Chattogram, Oxygen",07/08,https://bikroy.com/oxygen/mobile-phones/oneplus-13-256-gb-blue-uhu1Fn06okWg0bVnRFCoGvLd.html,5,2026-09-20T07:05:12.874343+00:00,individual,"OnePlus 13 (Global Version)
Used: 8 Months
Condition: Excellent (One-Hand Use)
Battery Health: 97%
No Damage / No Issues
Overall Condition: 10/10 – Everything perfectly
What's Included:
Full Box
Original Charger
2 Mobile Covers (Free)"
New OnePlus Nord 6 512 GB Black,70000,Brand New,"Chattogram, Chawkbazar",1 hour ago,https://bikroy.com/chawkbazar/mobile-phones/new-oneplus-nord-6-512-gb-black-rOv3lyxvBHhlLyKlP6ooyNAt.html,3,2026-09-20T07:05:13.512103+00:00,individual,"OnePlus Nord 6
12/512GB
It's new and sealed pack."
OnePlus 13s 256 GB Green,65000,Used,"Chattogram, Halishahar",27/07,https://bikroy.com/halishahar/mobile-phones/oneplus-13s-256-gb-green-6i0VeIAFvsdsvUsIkzYw1mFA.html,3,2026-09-20T07:05:14.132720+00:00,individual,"12/256, brand new condition. 100% Battery Health."
OnePlus 15 512 GB Black,97000,Used,"Chattogram, Kotwali, Chattogram",30/08,https://bikroy.com/kotwali/mobile-phones/oneplus-15-512-gb-black-s3XwSdMjMJfYUDxWtmkLm89d.html,5,2026-09-20T07:05:14.832392+00:00,individual,"Ekdom fresh, 6month used, official warranty,  24-02-2027 porjonto official warranty active thakbe with charging adaptor include in same official warranty 🙂
Kohinoor city One pluser official outlet theke buy kora hoyechilo

Brand	:OnePlus
Model	15 (16GB/512GB)"
OnePlus 15 256 GB White,88000,Used,"Chattogram, Chawkbazar",58 min ago,https://bikroy.com/chawkbazar/mobile-phones/oneplus-15-256-gb-white-pl1reY905NpdBohOQb1qvLIh.html,3,2026-09-20T07:05:15.549190+00:00,individual,"Oneplus 15
12/256
Full Boxed
with Charger"
New OnePlus 15 256 GB Black,80000,Brand New,"Chattogram, Chandanaish",02/09,https://bikroy.com/chandanaish/mobile-phones/new-oneplus-15-256-gb-black-rn0AHzpB07ct2YjotNlp0OzO.html,3,2026-09-20T07:05:15.989222+00:00,individual,Get a brand new device complete with its full box and charger! Experience like-new longevity with a battery cycle count of only 22 times.
OnePlus 7T Pro McLaren Edition 256 GB Black,21999,Used,"Chattogram, Agrabad",31/07,https://bikroy.com/agrabad/mobile-phones/oneplus-7t-pro-mclaren-edition-256-gb-black-ajcuzTBgKIP7rHlVgqSukj6p.html,3,2026-09-20T07:05:16.738384+00:00,individual,"RAM/ROM - 12/256 
For sale"
New OnePlus 12R 128 GB Black,29999,Brand New,"Chattogram, Patenga",23/08,https://bikroy.com/patenga/mobile-phones/new-oneplus-12r-128-gb-black-l2DSstJjoicy5u4OBa8JdV2z.html,5,2026-09-20T07:05:17.471245+00:00,individual,"The phone is practically brand new in a word. Not a single hair-sized scratch anywhere. And it will 10,000% never get a green line guarantee. You can check it for as long as you want. A killer phone for camera and gaming. Selling because I will buy an iPhone. Only phone, you can check and take it for as long as you want. I will give everything needed for security, no problem."
OnePlus 10R 128 GB Black,21000,Used,"Chattogram, Agrabad",1 hour ago,https://bikroy.com/agrabad/mobile-phones/oneplus-10r-128-gb-black-hly0Kltnth5XkyXPdxEvwGrX.html,3,2026-09-20T07:05:18.094242+00:00,individual,"Set in fully fresh condition
200% OK
All parts 100% original
RAM 8+128
With original charger
The performance of the set is very good"
OnePlus Nord CE4 Lite 256 GB Black,20800,Used,"Chattogram, Muradpur",1 hour ago,https://bikroy.com/muradpur/mobile-phones/oneplus-nord-ce4-lite-256-gb-black-8JEQMCf3D6SQOIuXjJfuGYEX.html,4,2026-09-20T07:05:18.511791+00:00,individual,"OnePlus Nord CE 4 lite 5G 
Official 
8/256 
Full box... 
Super Amoled display 
Display fingerprint... 
 সুবিধা:
 ১৫ দিনের রিপ্লেসমেন্ট গ্যারান্টি
 Device – 
 Shop No: 319, 3rd Floor (Lift 2 )
 CPDL RB Midtown Market, মুরাদপুর, চট্টগ্রাম (মক্কা হোটেলের পাশে)"
OnePlus 11R 128 GB Blue,22000,Used,"Chattogram, Chawkbazar",08/07,https://bikroy.com/chawkbazar/mobile-phones/oneplus-11r-128-gb-blue-l1yfMy2aLA6C8KzDCRe1hvoe.html,5,2026-09-20T07:05:19.241875+00:00,individual,"This OnePlus 11R has been used nicely. The processor is the 8 Gen 1, a full gaming processor. I need money urgently, which is why I am selling it.
Must knock on WhatsApp 019XXXXXXXX"
OnePlus 12 R Indian version (Used),31500,Used,"Chattogram, Chawkbazar",22/04,https://bikroy.com/chawkbazar/mobile-phones/oneplus-12-r-indian-version-used-f0lUDg20BYWtIc9Ot6HPDNGj.html,5,2026-09-20T07:05:19.850230+00:00,individual,"ONEPLUS 12R 16/256 GB BH 94%
CONDITION 98% FRESH 
EXCHANGE POSSIBLE BUT GAMING PHONE 8GEN 3 CHIPSET MUST BE ,, 
ADD ONLY 100W CHARGER 
Price almost fixed, 
There is no problem with the mobile. I want to buy a gaming phone like - iqoo 12 or 13
-"
OnePlus 13R 256 GB Silver,45000,Used,"Chattogram, Agrabad",16/09,https://bikroy.com/agrabad/mobile-phones/oneplus-13r-256-gb-silver-7Yf0PMWKt54pimRPDmkXpjI.html,5,2026-09-20T07:05:20.427539+00:00,individual,"Oneplus 13r 12gb 256gb set 100% fresh 99% battery health all over fresh set, lamination and tempered glass applied, cash memo and cover will be provided"
OnePlus 13R 512 GB Silver,48500,Used,"Chattogram, Rangunia",06/09,https://bikroy.com/rangunia/mobile-phones/oneplus-13r-512-gb-silver-BimuH69fH5QsfdfOPj4P3Fbh.html,4,2026-09-20T07:05:21.139081+00:00,individual,"*Device , Cover & Charger will be given.
 16GB RAM + 512GB Storage — Power & Storage-এর দিক থেকে একদম beast!
 Location: Rangunia thanar pashe,Rowajarhat rangunia upazilla."
OnePlus 13 256 GB White,59000,Used,"Chattogram, Kajir Dewry",31/08,https://bikroy.com/kajir-dewry/mobile-phones/oneplus-13-256-gb-white-5aySVHHSIYeptabWxUjBQ74h.html,3,2026-09-20T07:05:21.706249+00:00,individual,"Phone is in totally fresh condition with no scratches.
Only the device, a few covers, and the cash memo are included.
The device is the Global Variant."
OnePlus 12 512 GB Black,46000,Used,"Chattogram, Chandgaon",26/03,https://bikroy.com/chandgaon/mobile-phones/oneplus-12-512-gb-black-2vwnlsKpBczfS2GadOQRvXDK.html,3,2026-09-20T07:05:22.458383+00:00,individual,"OnePlus 12, 16/512GB. Fresh Condition. No box, no charger. Set + Cash Memo only. Price Fixed. Those who do not have the budget, please stay away. Request not to quote absurd prices. Location: Riazuddin Bazar, Chittagong. Contact 016XXXXXXXX"
OnePlus 11 256 GB,34000,Used,"Chattogram, Lohagara",14/09,https://bikroy.com/lohagara/mobile-phones/oneplus-11-256-gb-1114NcoHB5MSnn03ZRt52YN9.html,3,2026-09-20T07:05:22.938419+00:00,individual,Oneplus 11
New OnePlus 128 GB Black,41000,Brand New,"Chattogram, Chawkbazar",59 min ago,https://bikroy.com/chawkbazar/mobile-phones/new-oneplus-128-gb-black-e0B33vLLj5Ngrys7ozNScU7f.html,3,2026-09-20T07:05:23.663626+00:00,individual,"OnePlus Nord CE6
8/128
Brand New"
OnePlus 9RT 5G 128 GB Black,29000,Used,"Chattogram, Halishahar",1 day ago,https://bikroy.com/halishahar/mobile-phones/oneplus-9rt-5g-128-gb-black-fcM7T66Ck59S9ikJ8AtfeMTf.html,4,2026-09-20T07:05:24.325115+00:00,individual,"1. You can check the mobile thoroughly before purchasing.
2. The power button and volume buttons of the mobile work a bit less.
3. Both the box and charger of the mobile are available.
4. It has been used for 1.5 years.
5. You must come to the location.
Location - Eidgah kancha rasta, Rupsa bakery."
New OnePlus 15R 512 GB Green,54000,Brand New,"Chattogram, Pahartali",15 hours ago,https://bikroy.com/pahartali/mobile-phones/new-oneplus-15r-512-gb-green-b3r06mrmEh2y1D8GveAPyMJa.html,4,2026-09-20T07:05:25.027877+00:00,individual,"Only set
Set all ok 
Must be location aste hobe"
OnePlus 13 256 GB Blue,55000,Used,"Dhaka, Bangshal",1 day ago,https://bikroy.com/bangshal/mobile-phones/oneplus-13-256-gb-blue-zjslgl8QEOY5dRdbjW89Nh3c.html,5,2026-09-20T07:05:25.705967+00:00,individual,"Fully fresh condition
With OnePlus Original Charger 
(Personal Device not for business purposes)
Battery Health 97%
Snapdragon 8 Elite Processor 
Price is almost fixed (Slightly Negotiable)
Location: Bangshal (Pakistan Math) Near Walton Showroom... 
Security: 
NID Card 
Or 
My Business Visiting Card 
Or
Passport Copy 016XXXXXXXX"
OnePlus 13R 256 GB Black,45000,Used,"Dhaka, Mirpur",27/08,https://bikroy.com/mirpur/mobile-phones/oneplus-13r-256-gb-black-4Ye9TCchHKpwL3yEAmTFgx4b.html,4,2026-09-20T07:05:26.297755+00:00,individual,Phone full fresh condition Chek kore nite parben .Ekhono phone a kono service korano hoy nee .emarjency Taka dorkar taii phone ta sell kora .Location. Dhaka Mirpur 6 016XXXXXXXX 017XXXXXXXX
OnePlus 15R 512 GB Black,55000,Used,"Dhaka, Mirpur",30/08,https://bikroy.com/mirpur/mobile-phones/oneplus-15r-512-gb-black-xtZXPjtbdfjG3i1i5atQoGLq.html,5,2026-09-20T07:05:26.762354+00:00,individual,"• হালকা কিছু rash/ব্যবহারের দাগ আছে
• সবসময় cover ব্যবহার করা হয়েছে
• Overall very good condition
📦 Original 65W OnePlus Genuine Adapter Included ⚡
🧾 Purchase: Jamuna Future Park
✅ Original Purchase Invoice Available
📍 Location: Mirpur, Kazipara
💎 Premium Device • Genuine Invoice • Genuine Adapter"
New OnePlus 256 GB,62999,Brand New,"Dhaka, Bashundhara City",4 hours ago,https://bikroy.com/bashundhara-city/mobile-phones/new-oneplus-256-gb-ppsVFtWgCSk3YKQt0BV1LjAo.html,2,2026-09-20T07:05:27.205082+00:00,individual,"10-day replacement guarantee
 2-year service warranty
 Fast and secure courier service across the country
 Attractive exchange offers available
 Emon Gadget Point
Basement-1, Shop-84
Bashundhara City Shopping Mall"
OnePlus 15 256 GB Black,74999,Used,"Dhaka, Bosila",05/09,https://bikroy.com/bosila/mobile-phones/oneplus-15-256-gb-black-Bv1pRLpgNHBN448vNi88rJMT.html,3,2026-09-20T07:05:27.634267+00:00,individual,"Most powerful phone 
Camera awesome 
Battery health 100%
Full box charge available 
China version 
To see the phone you have to come to Ghataccor 
Price fixed"
OnePlus 15 256 GB Black,82990,Used,"Dhaka, Shyamoli",1 hour ago,https://bikroy.com/shyamoli/mobile-phones/oneplus-15-256-gb-black-gbk2XF8YvCtEyqOhu6u4ShMY.html,3,2026-09-20T07:05:28.226094+00:00,business,"OnePlus 15 12/256 
 99% Customised Global 
 Condition: Full Box | Intact Conditions
  EXCHANGE POSSIBLE
 100% Authentic Product
 EMI Facility (on cards of 36 banks)
 Cash On Delivery Nationwide
⸻
 Shop Location:
Phone-e
Shop No: 573, Level-5
Shyamoli Square Shopping Mall, Dhaka"
OnePlus Nord 6 256 GB Silver,49999,Used,"Dhaka, Mirpur",1 day ago,https://bikroy.com/mirpur/mobile-phones/oneplus-nord-6-256-gb-silver-WvbRRmFdkJ7k75zMs4ty6na.html,5,2026-09-20T07:05:28.850660+00:00,individual,"OnePlus Nord purchased from Jamuna Future Park on this date. The phone has no issues, scratches, or dents. Charging cycle is only 45 times and battery health is 100%.
Original charger, cable, memo, and lifetime security papers can be provided. Exchange is not possible.
**(Price Fixed)**
Location: Army Camp, Puraton Banijya Mela Math, Zia Uddan, Sher-e-Bangla Nagar, Dhaka"
OnePlus 13 256 GB Black,55990,Used,"Dhaka, Shyamoli",4 hours ago,https://bikroy.com/shyamoli/mobile-phones/oneplus-13-256-gb-black-Be4a4ZYwBZJ2PFZcffLd2e5a.html,5,2026-09-20T07:05:29.590163+00:00,individual,"New Arrival best Price 
Get #NEW_ One Plus 13 5G 12/256GB Chinese BATTERY HEALTH 99 %
#_USED_NEW_CONDITION_FULL_BOX
Exchange Possible 
We sell 100% Original Product
You can check it however you like. 
Warranty Policy  
7 Days Parts Replacement Warranty 
2 Year Service Warranty Without LCD, Software & Physical Damage"
OnePlus 11 256 GB Black,45000,Used,"Dhaka, Uttara",05/09,https://bikroy.com/uttara/mobile-phones/oneplus-11-256-gb-black-b7W0VkQiRlbkIJSjDi9FydEV.html,3,2026-09-20T07:05:30.271131+00:00,individual,ফোনটি আমি কিছুদিন আগে কিনেছিলাম। এখন জরুরি টাকার প্রয়োজন তাই মোবাইলটি বিক্রি করতে চাচ্ছি।
OnePlus Nord 6 256 GB Black,52490,Used,"Dhaka, Shyamoli",1 hour ago,https://bikroy.com/shyamoli/mobile-phones/oneplus-nord-6-256-gb-black-glOLKjl7mRJM4jfhOiQ07eDf.html,5,2026-09-20T07:05:30.744285+00:00,business,"#OnePlus_Nord_6 8/256

100% | Charging Cycle: 08
Condition: Full Box | Intact conditions
Indian Official Warranty Available

⸻
EXCHANGE AVAILABLE
100% Authentic Product
⸻
EMI Facility (Available on cards from 36 banks)
⸻
Cash On Delivery Nationwide
⸻
Shop Location:
Phone-e
Shop No: 573, Level-5
Shyamoli Square Shopping Mall, Dhaka"
OnePlus 256 GB Silver,52500,Used,"Dhaka, Jatrabari",1 hour ago,https://bikroy.com/jatrabari/mobile-phones/oneplus-256-gb-silver-tQ9iYhO9NGmifpIZsP91c99M.html,5,2026-09-20T07:05:31.535113+00:00,individual,"Oneplus Ace 6.
Ram - 12 gb.
Rom - 256 gb.
Bh - 100%.
Full box."
OnePlus 15 256 GB White,87000,Used,"Dhaka, Baridhara",4 hours ago,https://bikroy.com/baridhara/mobile-phones/oneplus-15-256-gb-white-d7b2JnypLwzOjR4xaqnuSgoM.html,4,2026-09-20T07:05:32.192239+00:00,individual,"one plus 15
Custom Global 
full box 
full fresh condition"
OnePlus 15 256 GB Graphite,78000,Used,"Dhaka, Jamuna Future Park",07/09,https://bikroy.com/jamuna-future-park/mobile-phones/oneplus-15-256-gb-graphite-cZaPDl6bwiYnbaAWmZYuNUGS.html,4,2026-09-20T07:05:32.853758+00:00,individual,Onepluss 15 12/256 gb fresh condition with box charger
New OnePlus 15R 256 GB,67499,Brand New,"Dhaka, Bashundhara City",4 hours ago,https://bikroy.com/bashundhara-city/mobile-phones/new-oneplus-15r-256-gb-jH8JFKtmwzXfcpNFHIOC4fb3.html,3,2026-09-20T07:05:33.478932+00:00,individual,"10-day replacement guarantee
 2-year service warranty
 Safe courier facility across the country
 Attractive exchange offers
 Basement-1, Shop-84, Bashundhara City Shopping Mall
 Prices are subject to change. Please contact us on WhatsApp before visiting."
OnePlus 9RT 5G 256 GB Black,20000,Used,"Dhaka, Badda",22 hours ago,https://bikroy.com/badda/mobile-phones/oneplus-9rt-5g-256-gb-black-mP6ypVXK0MRnsIFXuZCmklag.html,5,2026-09-20T07:05:34.254194+00:00,individual,Full box ase  kono problem nai
OnePlus Nord 5 256 GB Blue,34999,Used,"Dhaka, Gulshan",1 hour ago,https://bikroy.com/gulshan/mobile-phones/oneplus-nord-5-256-gb-blue-pQvexR1OMtd501vc115p9yP1.html,5,2026-09-20T07:05:34.867679+00:00,individual,"One plus nord 5 5G full fresh 
Ram 8Gb Rom 256Gb 
Processor snapdragon 8s gen 3
Battery 6800 mah 
80wt charger support 
10 days replesment guaranty ace 
1 year service warranty ace 
Location Gulshan 2 land view shopping center shop number 24 ist floor 
Phone exchange kora hoy 
Friday market close 
Emi korta parben credit card dia"
OnePlus 10 Pro 256 GB Black,26990,Used,"Dhaka, Rampura",1 hour ago,https://bikroy.com/rampura/mobile-phones/oneplus-10-pro-256-gb-black-nrS8n1jNJj6ty5QXv8DYrTOd.html,3,2026-09-20T07:05:35.331178+00:00,individual,"Oneplus 10 Pro 12+256GB Like new condition 
No internal or external problem 
Only device and cash memo 
More information call 
Address: Molla Tower Shopping complex, Rampura, Dhaka. 
Opposite BTV centar 
3rd floor, shop no-406."
OnePlus Nord CE4 128 GB,22500,Used,"Dhaka, Jatrabari",4 hours ago,https://bikroy.com/jatrabari/mobile-phones/oneplus-nord-ce4-128-gb-xgINrUQsdZhQqlyi9Fzz0ZhF.html,4,2026-09-20T07:05:35.936534+00:00,individual,"Assalamu Alaikum
Welcome to Gadget Exchange BD
 
 All perfect working
 Buying/selling and exchange means Gadget Exchange BD
 Come to our shop to get 100% genuine products
 With cash memo
 7 Days Replacement
 1 Year service warranty without Parts
 Gadget Exchange BD 
Shop No. 67 (3rd Floor)
Vikrampur Plaza, Jurain Railgate, Dhaka-1204"
OnePlus Nord 3 128 GB Black,20990,Used,"Dhaka, Shyamoli",4 hours ago,https://bikroy.com/shyamoli/mobile-phones/oneplus-nord-3-128-gb-black-jVQlUE4NyTe313KsIKtKLkQE.html,5,2026-09-20T07:05:36.476325+00:00,individual,"Guarantee - Warranty
Every phone of ours comes with a 10-day guarantee and a 1-year service warranty.
 If you find any issue, you can change the model.
 Our shop address
 Maa Enterprise
 Shyamoli Khan Plaza Mobile Market
 Shop Number: 22
 Ring Road, Shyamoli, Mohammadpur Dhaka-1207
 Above Sundarban Courier Service."
OnePlus 11 256 GB Green,24000,Used,"Dhaka, Mirpur",05/09,https://bikroy.com/mirpur/mobile-phones/oneplus-11-256-gb-green-mu90F1UfufmCwlyvnvwdX0jT.html,5,2026-09-20T07:05:37.115029+00:00,individual,"Oneplus 11 5g for sell
16gb lpddr5x ram (expendable upto 12gb) and 256gb storage .
Display has greenline.
Other than that the phone is top notch. No major scratches.
No repair history. Never opened.
Original 100w charger will be given with the phone.
Location is mirpur 12 dhaka.
Can courier at any location in bd with cash on delivery."
OnePlus Ace 2V 256 GB Gray,25000,Used,"Dhaka, Motijheel",01/09,https://bikroy.com/motijheel/mobile-phones/oneplus-ace-2v-256-gb-gray-18BJKBqQX7HzG2IVeOA7N6cr.html,4,2026-09-20T07:05:37.808136+00:00,individual,"ফোন এখনো পর্যন্ত খোলা হয় নাই। একদম নতুন আছে সামনে পিছনে full fresh আছে শুধু কভার ব্যবহার করার জন্য সাইটে হালকা দাগ আছে। gaming এর জন্য বেষ্ট একটা ফোন . সাথে ৬৫ charger আছে শুধু . বিপদে পড়ে বেচতাছি ফোন এ কোন সমস্যা নাই।
Prosesor.. Diamondcity 9000
Ram..12+12
Rom... 256"
OnePlus 9R 256 GB Blue,20000,Used,"Dhaka, Uttara",28/08,https://bikroy.com/uttara/mobile-phones/oneplus-9r-256-gb-blue-yJUPZanD3nr7t1cUInAL8YVi.html,5,2026-09-20T07:05:38.481258+00:00,individual,"OnePlus 9R 5G 
8+8gb ram
256gb rom
Camera 🔥
ফোনের কোন সমস্যা নাই 016XXXXXXXX"
OnePlus 11R 128 GB Black,25000,Used,"Dhaka, Savar",4 hours ago,https://bikroy.com/savar/mobile-phones/oneplus-11r-128-gb-black-zWYWLhO9fwRivZ159G65436T.html,5,2026-09-20T07:05:39.172511+00:00,individual,"Display: 6.74"" amoled, 120hz
processor: snapdragon 8+ gen 1
camera: 50mp + 8mp + 2mp, front 16mp
battery: 5000mah
charging: 100w supervooc
ram/storage: 8gb ram, 128gb storage
5g: available
os: android"
OnePlus 9 Pro 256 GB Green,23000,Used,"Dhaka, Khilgaon",03/09,https://bikroy.com/khilgaon/mobile-phones/oneplus-9-pro-256-gb-green-18E27AEJL6mVPL0pmshZbHUC.html,5,2026-09-20T07:05:39.820337+00:00,individual,"Phone a Kono issues nei! Shob thik ache kono kichu change nei.. phone er performance and camera onek Bhalo 4k 60/120 fps video supported.. performance ow onek smooth with gaming 
Storage:12/256gb
Ultapalta daam bola Manush post ignore koren ❗❗
Price olpo kichu kom rakhaa jabe"
OnePlus 10R 128 GB Black,19500,Used,"Dhaka, Khilgaon",1 hour ago,https://bikroy.com/khilgaon/mobile-phones/oneplus-10r-128-gb-black-ffOg6rYi6XoYovqBjGtia4hP.html,3,2026-09-20T07:05:40.435576+00:00,individual,"Assalamu Alaikum. Greetings from ""Mobo Live Bd"". Oneplus 10r 8/128GB Black Full Factory unlock 100% original device Dear Honourable Customer. Now you can purchase with Emi of 21 Banks credit card. Thanks for being with us."
OnePlus 11R 512 GB Red,26500,Used,"Dhaka, Jatrabari",4 hours ago,https://bikroy.com/jatrabari/mobile-phones/oneplus-11r-512-gb-red-oQHtKU60odRxxGjrjkG3Yz2V.html,4,2026-09-20T07:05:41.051332+00:00,individual,"Condition:Full Fresh Body Unfresh Slightly
Ram:18GB Special Edition
Rom:512GB
Amoled Display 
Snapdragon 8+ Gen 1
Price:Fixed
(যাত্রাবাড়ী আমাদের সাপ্তাহিক বন্ধ সোমবার) 
ঠিকানা:ঢাকা যাত্রাবাড়ী, শহীদ ফারুক রোড, তাজ-তানভীর সুপার মার্কেট, ২য় তলা, দোকান নাম্বার:১০ (MobileHub)"
OnePlus 9RT 5G 256 GB Green,25000,Used,"Dhaka, Dhanmondi",08/09,https://bikroy.com/dhanmondi/mobile-phones/oneplus-9rt-5g-256-gb-green-uYznLe88USc9GRmmUCBcQvNF.html,5,2026-09-20T07:05:41.636156+00:00,individual,"Original charger 
Box 
Kono problem nai
Fresh condition"
OnePlus 9 Pro 256 GB Green,28900,Used,"Dhaka, Mirpur",1 hour ago,https://bikroy.com/mirpur/mobile-phones/oneplus-9-pro-256-gb-green-9TrbSL9P0DebXCGa2itsv8KD.html,5,2026-09-20T07:05:42.372647+00:00,individual,"OnePlus 9pro 12/256GB International Global Variant.
All Authentic Original Parts.
Kono Problem nai, All Okay.
Super Fast Mobile, Super Camera
Dhaka Mirpur Pallabi Notun thana"
Xiaomi Redmi Turbo 4 Pro 256 GB Black,35000,Used,"Rajshahi, Hatemkha",20 hours ago,https://bikroy.com/hatemkha/mobile-phones/xiaomi-redmi-turbo-4-pro-256-gb-black-vbmEAuCx2jeUD5c0rJZ9cwUY.html,3,2026-09-20T07:05:43.079506+00:00,individual,Fully fresh Battery health 98%
Xiaomi Redmi Turbo 4 256 GB Blue,35000,Used,"Rajshahi, Nawdapara",08/09,https://bikroy.com/nawdapara/mobile-phones/xiaomi-redmi-turbo-4-256-gb-blue-d4vpq2VJxd6iiszVJ9Yp6Fcv.html,4,2026-09-20T07:05:43.755197+00:00,individual,"Redmi Turbo 4 
16/256
 BH Health 94%
Super fresh condition 
No scratches or dents
No repair history 
Full box available"
Xiaomi Redmi Note 13 Pro+ 256 GB White,28000,Used,"Rajshahi, Court Station",06/09,https://bikroy.com/court-station/mobile-phones/xiaomi-redmi-note-13-pro-256-gb-white-w6nkvfxESFjDdNLEvJ2toQR8.html,5,2026-09-20T07:05:44.467772+00:00,individual,টাকার দরকার তাই ফোন বিক্রি করছি
Xiaomi Redmi Pro 256 GB White,27000,Used,"Rajshahi, Rajpara",18/06,https://bikroy.com/rajpara/mobile-phones/xiaomi-redmi-pro-256-gb-white-Bw1sSRFHoy0O4w2jQtjiuNpz.html,2,2026-09-20T07:05:45.189443+00:00,individual,"Redmi K40 Gaming (White/12-256GB)
 Dimensity 1200 | 120Hz OLED | 5065mAh
• Condition: Fresh (no scratches/dents or internal issues).
• Gaming: Pop-up triggers are 100% working. PUBG, Free Fire, COD run smoothly.
• Included: Back cover."
Xiaomi Redmi Turbo 4 Pro 256 GB Black,34999,Used,"Rajshahi, Hatemkha",22 hours ago,https://bikroy.com/hatemkha/mobile-phones/xiaomi-redmi-turbo-4-pro-256-gb-black-scv8R2P7tZxe57Ubzcz19btn.html,3,2026-09-20T07:05:45.884441+00:00,individual,Battery health 98% brand new condition no scratch with box and original charger
New Xiaomi Redmi Turbo 5 Max 256 GB White,52000,Brand New,"Rajshahi, Kazihata",17/09,https://bikroy.com/kazihata/mobile-phones/new-xiaomi-redmi-turbo-5-max-256-gb-white-ilYJdOW4H3a3gxDJ2NnetvyC.html,4,2026-09-20T07:05:46.569401+00:00,individual,"Purchased on September 2, 2026, full fresh, battery health 100%, battery count was given around 26 times. The reason for selling the phone is I will shift from a Chinese ROM to another flagship ROM."
Xiaomi Redmi Note 14 Pro+ 256 GB Black,28500,Used,"Rajshahi, Court Station",5 hours ago,https://bikroy.com/court-station/mobile-phones/xiaomi-redmi-note-14-pro-256-gb-black-s4Ggj7xyStkVRs3JSFrFYhBo.html,5,2026-09-20T07:05:47.122729+00:00,individual,"My elder brother brought this phone from India. I am selling it due to my financial problems. If anyone wants to buy it, please contact. There are no problems with the phone, it is completely fresh 018XXXXXXXX"
Xiaomi 13 Lite 256 GB Gray,41000,Used,"Rajshahi, Kazla",11/09,https://bikroy.com/kazla/mobile-phones/xiaomi-13-lite-256-gb-gray-BkyZxjzmpg9fNKo69tic8eCs.html,5,2026-09-20T07:05:47.707805+00:00,individual,"Absolute best phone.
Selling it because I bought a new phone.
Used for 4 months.
67W charger + box will be given with it."
Xiaomi Redmi Turbo 4 Pro 256 GB White,35800,Used,"Rajshahi, Uposahar",17/09,https://bikroy.com/uposahar/mobile-phones/xiaomi-redmi-turbo-4-pro-256-gb-white-iOWgCE7iyCzrfrM45mjMp9HV.html,3,2026-09-20T07:05:48.421602+00:00,individual,"Redmi Turbo 4 Pro 12/256GB - Sell Post
Redmi Turbo 4 Pro will be sold in absolutely fresh condition.
RAM: 12GB
ROM: 256GB
Variant: Chinese
Used: A few months
Condition: Fresh / No major scratches
Performance: Completely smooth
Battery: Good backup
Box + Charger: Available
No problem, you can check everything if you want."
Xiaomi Redmi Note 15 Pro+ 512 GB Black,42000,Used,"Rajshahi, Shaheb Bazar",14/09,https://bikroy.com/shaheb-bazar/mobile-phones/xiaomi-redmi-note-15-pro-512-gb-black-1g84IXGfBbz12jwf83hj48Cl.html,4,2026-09-20T07:05:48.971550+00:00,individual,"Model : Redmi Note 15 pro plus 5g 
Ram : 16 Gb / Rom : 512 Gb 
Battery Health : 99% 
Used : 6 months 
Condition : Full fresh 100% 
Box and Charger are available -/ China Variant"
Xiaomi Redmi Note 15 Pro+ 256 GB Silver,35000,Used,"Rajshahi, Boalia",04/09,https://bikroy.com/boalia/mobile-phones/xiaomi-redmi-note-15-pro-256-gb-silver-dwzp36PX9NTRHVEpowKH5Kbs.html,4,2026-09-20T07:05:49.552884+00:00,individual,"একদম নতুন কন্ডিশন । 
মেমো দেওয়া হবে ।
 যোগাযোগ 016XXXXXXXX 015XXXXXXXX"
New Xiaomi Redmi Note 15 256 GB Purple,27500,Brand New,"Rajshahi, Boalia",08/09,https://bikroy.com/boalia/mobile-phones/new-xiaomi-redmi-note-15-256-gb-purple-yMNy5fPeKKNWRv9t6J02StVR.html,5,2026-09-20T07:05:50.305674+00:00,individual,ফোনটি ছয় মাস ব্যবহৃত হয়নি একবারেই নতুন ফোনটি বিক্রি করব টাকার প্রয়োজনে যদি কোন ব্যক্তি ফোনটি কিনতে চায় তাহলে আমার নাম্বারে যোগাযোগ করুন ফুল ফ্রেশ কন্ডিশন
Xiaomi Redmi Note 13 Pro 5G 256 GB Red,27000,Used,"Rajshahi, Boalia",25/08,https://bikroy.com/boalia/mobile-phones/xiaomi-redmi-note-13-pro-5g-256-gb-red-bsftR31rsF0RxgRoJi9E4EEx.html,3,2026-09-20T07:05:51.030336+00:00,individual,"*Redmi Note 13 Pro 5G *
 *Main Camera Sensor-এ হালকা দাগ আছে**, তাই ছবি তুললে পাতলা দাগ দেখা যায়। Wide-angle ও অন্যান্য সবকিছু ঠিক আছে।*
 *Box + ২টি Cover দেওয়া হবে*

 যতক্ষণ ইচ্ছা দেখে ও চেক করে নিতে পারবেন।

*Price Negotiable*
 *Location: Alokar More, Rajshahi*
*গেমিং এর জন্য খুব ভালো ফোন । আমি গেম খেলার জন্য কিনেছিলাম কিন্তু গেম খেলিনা*"
Xiaomi Poco C85 4G 128 GB Blue,19999,Used,"Rajshahi, Motihar",01/09,https://bikroy.com/motihar/mobile-phones/xiaomi-poco-c85-4g-128-gb-blue-kBo1lZVwFINQgxbJ6lBNCT1V.html,5,2026-09-20T07:05:51.774154+00:00,individual,ফোনে কোন সমস্যা নাই ফুল ফ্রেশ ফোনের সাথে বক্স নাই চার্জার আছে
Xiaomi Redmi Note 13 256 GB Black,17000,Used,"Rajshahi, Kadirgonj",4 hours ago,https://bikroy.com/kadirgonj/mobile-phones/xiaomi-redmi-note-13-256-gb-black-6qDJ9xPEfJza9Ok3d6Aormz2.html,5,2026-09-20T07:05:52.536719+00:00,individual,"Assalamu Alaikum Warahmatullahi Wabarakatuh
Fresh condition
Box: Only Device
Cash Memo: Available
Replacement Guarantee: Up to 7 days (subject to conditions)
Location: Rajshahi Kadirganj Chalpotti, beside Large Farmer, behind Shopnochura Plaza, Nagar Bhaban.
Shop No: 123 - Ground Floor beside lift
Shop Name: Rajshahi Mobile Bari 019XXXXXXXX"
Xiaomi Redmi Note 15 256 GB Pink,27000,Used,"Rajshahi, Court Station",02/09,https://bikroy.com/court-station/mobile-phones/xiaomi-redmi-note-15-256-gb-pink-e1J8Oru7Kj8gfPT1A3ikoJM4.html,3,2026-09-20T07:05:53.198070+00:00,individual,"২মাস হয়েছে ফোন কিনা বক্স চার্জ সব আছে,, 
এক বছরের ওয়ারেন্টি আছে,, 
জরুরী টাকার প্রয়োজন এজন্য বিক্রি করতেছি"
Xiaomi Redmi Note 14 Pro 256 GB Red,23000,Used,"Rajshahi, Court Station",15/09,https://bikroy.com/court-station/mobile-phones/xiaomi-redmi-note-14-pro-256-gb-red-dUKnZyC6PjKJI56me4QeL3Ul.html,3,2026-09-20T07:05:53.671947+00:00,individual,Nite chaile sms diben... Valo phn... Nid card dibo plm nai
Xiaomi 11 Lite 5G NE 128 GB Pink,15000,Used,"Rajshahi, Court Station",07/09,https://bikroy.com/court-station/mobile-phones/xiaomi-11-lite-5g-ne-128-gb-pink-eLLuil2RmYOEb2BYf2CFmtw5.html,3,2026-09-20T07:05:54.426491+00:00,individual,"Redmi 10 Power 8/128, no problems, phone is all ok, full box, fixed price 15k"
Xiaomi Redmi Note 13 Pro 5G 256 GB Red,20000,Used,"Rajshahi, Boalia",08/09,https://bikroy.com/boalia/mobile-phones/xiaomi-redmi-note-13-pro-5g-256-gb-red-1HphW0qfhpderxA3XvQmhk2X.html,5,2026-09-20T07:05:55.010638+00:00,individual,Urgent Money Needed-
Xiaomi Redmi 13C 128 GB Blue,17500,Used,"Rajshahi, Paba",06/09,https://bikroy.com/paba/mobile-phones/xiaomi-redmi-13c-128-gb-blue-dDfe8RAMUzaEVrgqOTpW3fZg.html,5,2026-09-20T07:05:55.576912+00:00,individual,"নাম মাত্র ২ মাস ব্যবহৃত,  ফোন প্রায় ব্রান্ড নিউ এবং অফিসিয়াল,  কোন প্রকার সমস্যা নাই।"
Xiaomi Redmi Note 11 Pro 5G 128 GB Blue,15000,Used,"Rajshahi, Court Station",06/09,https://bikroy.com/court-station/mobile-phones/xiaomi-redmi-note-11-pro-5g-128-gb-blue-kklOPR3sCm80ZZ4mt4bx1jW5.html,5,2026-09-20T07:05:56.203038+00:00,individual,"Model:Redmi Note 11 Pro 5g
Ram:6+6 Gb
Storage:128 Gb
Phone full fresh nijer use kora phone!
Phone full authentic kono din khula hoi nai!
No repair history!
Cameraa 100 te 100 raw mal!"
Xiaomi Redmi Note 13 256 GB Black,18999,Used,"Rajshahi, Kazla",4 hours ago,https://bikroy.com/kazla/mobile-phones/xiaomi-redmi-note-13-256-gb-black-wCZIz7KOcmx7MZxDbzSrq4PF.html,5,2026-09-20T07:05:56.598748+00:00,individual,"Redmi note 13 5G 
8/256GB Indan phone 
Call me"
Xiaomi Redmi 15C 128 GB Blue,16499,Used,"Rajshahi, Rajpara",53 min ago,https://bikroy.com/rajpara/mobile-phones/xiaomi-redmi-15c-128-gb-blue-zZjAkVIurnvYu7TJuFla1cEt.html,4,2026-09-20T07:05:57.193172+00:00,individual,Redmi 15 c 5g 4+4 128 Akdom new 13 din boyos r phone r akdom fresh all ok full box kio nile call fast emergency tk r dorkar tai sell korbo
Xiaomi Redmi Note 15 256 GB Pink,26500,Used,"Rajshahi, Shaheb Bazar",01/09,https://bikroy.com/shaheb-bazar/mobile-phones/xiaomi-redmi-note-15-256-gb-pink-5INoIaNdEW2PXZro8lUZntzn.html,5,2026-09-20T07:05:57.743527+00:00,individual,"Phone bought 2 months ago, box and charger all available,, selling because I need money, 26,500 fixed price"
Xiaomi 12T Pro 256 GB Black,17000,Used,"Rajshahi, Puthia",25/08,https://bikroy.com/puthia/mobile-phones/xiaomi-12t-pro-256-gb-black-f552F1LDeUG36aE1UiNYBjBL.html,3,2026-09-20T07:05:58.233093+00:00,individual,ফোনে ডিসপ্লে গ্রিন লাইন। মাইক্রফোনে একটু সমস্যা।
Xiaomi Mi 10T 128 GB Blue,15000,Used,"Rajshahi, Mohanpur",4 hours ago,https://bikroy.com/mohanpur/mobile-phones/xiaomi-mi-10t-128-gb-blue-18dhZEfef9stXKXQP6bTBaSV.html,5,2026-09-20T07:05:58.737989+00:00,individual,"The phone is completely fresh and will be sold only due to the need for money. If you wish to buy, please call 018XXXXXXXX"
Xiaomi 14 Ultra 512 GB Black,70000,Used,"Chattogram, Cornelhat",02/05,https://bikroy.com/cornelhat/mobile-phones/xiaomi-14-ultra-512-gb-black-BzHrSBx0gTVVk20uDrWvsikO.html,4,2026-09-20T07:05:59.302449+00:00,individual,"Set is in full fresh condition. Used for 1 year, imported from abroad. Comes with full box. Has a minor scratch on the bumper, otherwise everything is okay and in full fresh condition."
Xiaomi Redmi Turbo 4 Pro 256 GB White,39000,Used,"Chattogram, Fatikchari",15/09,https://bikroy.com/fatikchari/mobile-phones/xiaomi-redmi-turbo-4-pro-256-gb-white-iOfIzFckfG6fZygTjzjc6qFn.html,5,2026-09-20T07:06:00.097271+00:00,individual,"(Price fixed, please do not call for bargaining) Redmi Turbo 4 Pro (16GB/256GB) – Like New
Used for only 1 month
10/10 condition, no scratches or any issues
Everything works perfectly
Comes with original box, original charger, and all accessories
Personal use phone"
Xiaomi Redmi Turbo 4 Pro 256 GB Green,35500,Used,"Chattogram, Muradpur",14/09,https://bikroy.com/muradpur/mobile-phones/xiaomi-redmi-turbo-4-pro-256-gb-green-8ZXf08MmYOgMQnEtht3QbwR4.html,4,2026-09-20T07:06:00.820831+00:00,individual,"Redmi Turbo 4 Pro — Absolutely Fresh Condition
Used: Only 3 months
Full Fresh Condition
No Dents / Scratches
Used with utmost care
Original Box available
Original Charger + Cable available
Memo/Invoice available
No problems with the phone
Opportunity to see and check will be available
Condition: 10/10
Price: ৳36,000 (Negotiable)
Location: Chattogram"
Xiaomi 15T Pro 512 GB Bronze,75000,Used,"Chattogram, Chawkbazar",1 hour ago,https://bikroy.com/chawkbazar/mobile-phones/xiaomi-15t-pro-512-gb-bronze-fdYks0bIJEFupMHqg6rDoqTK.html,3,2026-09-20T07:06:01.520026+00:00,individual,"Xiaomi 15T pro with Box
12/512
12/256 available 
Global Edition 
Few days Used."
New Xiaomi Redmi Note 15 Pro+ 256 GB Blue,37999,Brand New,"Chattogram, Agrabad",1 hour ago,https://bikroy.com/agrabad/mobile-phones/new-xiaomi-redmi-note-15-pro-256-gb-blue-8jgKGdvR61B79ooFhPmRAJjZ.html,3,2026-09-20T07:06:02.269907+00:00,individual,"Stay with us by liking our page to get the price of any updated product. Our page link: 
Address:
Shop- 537, Level-5 (4th from capsule lift,
Go straight after exiting the lift, JojoBD)
Akhtaruzzaman Center,
Agrabad, Chittagong."
Xiaomi Redmi 512 GB Black,49000,Used,"Chattogram, Pahartali",08/06,https://bikroy.com/pahartali/mobile-phones/xiaomi-redmi-512-gb-black-feRPJ6Q42ZlXAoPXFjKjfH4P.html,5,2026-09-20T07:06:02.946754+00:00,individual,"Assalamu Alaikum.
Only those who are interested in taking the mobile should call or message. Please quote the price considering the market. This is not 256 GB storage, it is 512 GB storage, so please check the price accordingly. I have given the price I can offer. If you are interested at 49 thousand, please inbox me. If you want to know anything else, that can also be discussed."
New Xiaomi Redmi Note 17 Pro 256 GB Black,40500,Brand New,"Chattogram, Agrabad",1 hour ago,https://bikroy.com/agrabad/mobile-phones/new-xiaomi-redmi-note-17-pro-256-gb-black-feZnPZJKTKFat7lytkLptJ6r.html,3,2026-09-20T07:06:03.593079+00:00,individual,"** REDMI NOTE 17 PRO 5G (8/256) New, 
9000 MAH BATTERY. 
Address:
Shop-537, Level-5 (4th floor of capsule lift), 
Go straight after exiting the lift to JojoBD.
Akhtaruzzaman Center, 
Agrabad, Chittagong."
New Xiaomi Redmi Note 14 Pro+ 256 GB Red,36999,Brand New,"Chattogram, Agrabad",1 hour ago,https://bikroy.com/agrabad/mobile-phones/new-xiaomi-redmi-note-14-pro-256-gb-red-gl5pUl918BoCGRN4eNxCO70M.html,3,2026-09-20T07:06:04.310647+00:00,individual,"Stay with us by liking and following our page to get the latest product prices. Our page link – 
** Call or WhatsApp. 
** REDMI NOTE 14 PRO PLUS (12/256) GLOBAL
 
----------------------------- Address :
Shop- 537, Level -5 (Capsule lift 4, go straight after exiting the lift, JojoBD)
Akhtaruzzaman Center, Agrabad, CTG."
New Xiaomi Redmi Note 15 Pro+ 256 GB Black,42999,Brand New,"Chattogram, Agrabad",1 hour ago,https://bikroy.com/agrabad/mobile-phones/new-xiaomi-redmi-note-15-pro-256-gb-black-d3Ujl6ZAXp2p3YEHED5lbycC.html,3,2026-09-20T07:06:04.781842+00:00,individual,"Stay with us by liking and following our page to get updates on product prices. Our page link - 
** Call or message us on WhatsApp at the number provided on Bikroy to buy a phone on installment.
---------------
Address:
Shop- 537, Level-5 (4th floor of capsule lift, 
Go straight after exiting the lift, JojoBD)
Akhtaruzzaman Center, 
Agrabad, Chittagong."
Xiaomi 13 Pro China Global (Used),38000,Used,"Chattogram, Kotwali, Chattogram",23/05,https://bikroy.com/kotwali/mobile-phones/xiaomi-13-pro-chin-global-used-8w7vo1pyRcusVMX7GyTTXVec.html,4,2026-09-20T07:06:05.497846+00:00,individual,The phone is in pristine condition; feel free to inspect it thoroughly before purchasing. It comes with a 67W charger and features a DSLR-like camera. WhatsApp for more details. The phone is completely scratch-free.
Xiaomi Redmi Turbo 4 Pro 256 GB Gold,36000,Used,"Chattogram, Agrabad",2 days ago,https://bikroy.com/agrabad/mobile-phones/xiaomi-redmi-turbo-4-pro-256-gb-gold-wI7z3fAZMoQKHWf36itmnUHX.html,3,2026-09-20T07:06:06.028291+00:00,individual,"Full box, there are no problems."
Xiaomi 17 256 GB Green,85000,Used,"Chattogram, Chawkbazar",1 hour ago,https://bikroy.com/chawkbazar/mobile-phones/xiaomi-17-256-gb-green-8Xup8fLAEpIqYC1vPEFxOsxq.html,3,2026-09-20T07:06:06.486585+00:00,individual,"Xiaomi 17
Just open Box,
like new condition
with Box and everything"
Xiaomi 13 512 GB White,34500,Used,"Chattogram, Khulshi",13/09,https://bikroy.com/khulshi/mobile-phones/xiaomi-13-512-gb-white-rCpSxY3pazD6T4mhLEmER1Pp.html,5,2026-09-20T07:06:07.149780+00:00,individual,"Xiaomi 13 — 12GB RAM / 512GB Storage
Water-resistant
100% Genuine Device
Condition: very good
Location: Khulshi Town Center, Chattogram
Interested? Feel free to message for details.
Phone 018XXXXXXXX"
Xiaomi 13T Pro 1 TB Blue,50000,Used,"Chattogram, Bandar, Chattogram",2 days ago,https://bikroy.com/bandar/mobile-phones/xiaomi-13t-pro-1-tb-blue-aaL4VdtYELgflhLlYeJFO5M1.html,5,2026-09-20T07:06:07.898825+00:00,individual,"Xiaomi 13T Pro 1TB
Full fresh, no scratches or cracks, completely fresh like new, 120W fast charger, full charge in 20 minutes, supports two nano SIMs and one e-SIM, you can check before buying, only the mobile will be given
Security can be provided
Mobile was gifted from abroad and used by a single person"
New Xiaomi 15 Pro 256 GB Black,32000,Brand New,"Chattogram, Mirsharai",15/09,https://bikroy.com/mirsharai/mobile-phones/new-xiaomi-15-pro-256-gb-black-wBSW18Q0WHJYfcCfV1gnC3D4.html,4,2026-09-20T07:06:08.524404+00:00,individual,Brought from Dubai. Never used.
Xiaomi Redmi Note 15 128 GB Black,20000,Used,"Chattogram, Halishahar",10/09,https://bikroy.com/halishahar/mobile-phones/xiaomi-redmi-note-15-128-gb-black-jOGCAV3aZgsYGKZYrzQkoFy9.html,5,2026-09-20T07:06:09.186901+00:00,individual,"Peace, mercy, and blessings of Allah be upon you. Redmi Note 15 will be sold. This is my favorite set, but I am selling it now due to the need for money. Used for only three months, completely boxed mobile. Along with it, you will get the box, original charger, charger cord, and all documents. Whoever takes it will be given everything."
New Xiaomi Redmi 17 128 GB Green,24999,Brand New,"Chattogram, Agrabad",1 hour ago,https://bikroy.com/agrabad/mobile-phones/new-xiaomi-redmi-17-128-gb-green-oWRkTTLmGY0tYJ4QOUTKm8wD.html,3,2026-09-20T07:06:09.872530+00:00,individual,"Stay with us by liking & following our page to get updates on any product prices. Our page link –
** Call or message us on WhatsApp at the number provided on Bikroy to buy a phone on instalment.
_____________________________________
Address:
Shop-537, Level-5
Akhtaruzzaman Center,
Agrabad, Chittagong."
Xiaomi Redmi Note 14 Pro 256 GB Black,25500,Used,"Chattogram, Muradpur",1 hour ago,https://bikroy.com/muradpur/mobile-phones/xiaomi-redmi-note-14-pro-256-gb-black-fsM6uOMUuL9Y9k0AFqYKnpFv.html,3,2026-09-20T07:06:10.616086+00:00,individual,"Redmi note 14 pro 
Official full box... 
8/256 
 Benefits:
 15 days replacement guarantee
 Device – Trusted Mobile Shop
 Shop No: 319, 3rd Floor (Lift 2 )
 CPDL RB Midtown Market, Muradpur, Chittagong (Next to Makkah Hotel)"
Xiaomi Redmi Note 15 128 GB Black,26000,Used,"Chattogram, Chandgaon",31/08,https://bikroy.com/chandgaon/mobile-phones/xiaomi-redmi-note-15-128-gb-black-ywJDNiFSBV6L1oh1vHpUCpI5.html,3,2026-09-20T07:06:11.338473+00:00,individual,"Full box
Location : bahadarhat 018XXXXXXXX"
New Xiaomi Redmi Note 17 128 GB Black,32999,Brand New,"Chattogram, Agrabad",1 hour ago,https://bikroy.com/agrabad/mobile-phones/new-xiaomi-redmi-note-17-128-gb-black-wh7Xtijlj3o83aNHfzGYvM8H.html,3,2026-09-20T07:06:12.006009+00:00,individual,"Offer: 2000 Taka discount if taken on installments.
One thousand Taka Bata gift voucher if taken in cash.
Address:
Shop-537, Level-5
Akhtaruzzaman Center,
Agrabad, Chittagong."
New Xiaomi 128 GB Black,29500,Brand New,"Chattogram, Agrabad",1 hour ago,https://bikroy.com/agrabad/mobile-phones/new-xiaomi-128-gb-black-wuicv6XYyPPUKy5z0nXV4a57.html,3,2026-09-20T07:06:12.568616+00:00,individual,"NOTE 17 5G (6/128).
Address:
Shop-537, Level-5
Akhtaruzzaman Center,
Agrabad, Chittagong."
Xiaomi Redmi Note 14 Pro 256 GB Black,24900,Used,"Chattogram, Muradpur",57 min ago,https://bikroy.com/muradpur/mobile-phones/xiaomi-redmi-note-14-pro-256-gb-black-rffYLKHM7KGnMh9sJgKtRjq3.html,4,2026-09-20T07:06:13.149684+00:00,individual,"Redmi Note 14 Pro 
Official 
8/256 
Full box with original charger... 
 Benefits:
 15-day replacement guarantee
 Device – Trusted Mobile Shop
 Shop No: 319, 3rd Floor (Lift 2 )
 CPDL RB Midtown Market, Muradpur, Chattogram (Beside Mecca Hotel)"
Xiaomi Redmi Note 15 128 GB Blue,22000,Used,"Chattogram, Agrabad",03/09,https://bikroy.com/agrabad/mobile-phones/xiaomi-redmi-note-15-128-gb-blue-92YZtQ12zDYmG06uBiAth7gb.html,3,2026-09-20T07:06:13.618100+00:00,individual,"REDMI NOTE 15
6/128
2 MONTH USED"
Xiaomi Poco X3 128 GB Blue,18000,Used,"Chattogram, Bakoliya",23/08,https://bikroy.com/bakoliya/mobile-phones/xiaomi-poco-x3-128-gb-blue-f4Boi5BRTnP3B8mCt7kZxcwd.html,3,2026-09-20T07:06:14.108998+00:00,individual,"The phone has been running for 2 years, there are some minor issues, but you need to talk directly and take it"
Xiaomi Redmi Note 14 Pro 128 GB Black,25000,Used,"Chattogram, Mirsharai",1 day ago,https://bikroy.com/mirsharai/mobile-phones/xiaomi-redmi-note-14-pro-128-gb-black-rXmH2KA22P2ezM6qdQfkdidH.html,4,2026-09-20T07:06:14.486213+00:00,individual,"Bought from Dazzel, still has replacement warranty. 
Still like new. 
You will get everything just like a new mobile. 
Location must be mirersorai or abutora bazar"
Mobile Phone 128 GB White,24000,Used,"Chattogram, Alankar",06/09,https://bikroy.com/alankar/mobile-phones/mobile-phone-128-gb-white-ac3HQgFWiHxyLepKpQqrvV9L.html,5,2026-09-20T07:06:14.858410+00:00,individual,"For Sale: Xiaomi Redmi Note 14 5G 
জরুরি প্রয়োজনে একদম ফ্রেশ Xiaomi Redmi Note 14 5G বিক্রি হবে। ফোনে কোনো সমস্যা নেই, ১০০% ওকে।
RAM/ROM: 8GB / 128GB
Display: 6.67"" FHD+ AMOLED (120Hz)
Camera: 50MP (OIS) + 8MP + 20MP Selfie
Processor: Dimensity 7025 Ultra (5G)
Battery: 5110 mAh (45W Fast Charger)
Condition: 
 Call/WhatsApp 019XXXXXXXX"
