raw_title,price,condition_raw,location,posted_date,url,photo_count,scraped_at,seller_type,description
Apple iPhone 16 Pro 256 GB Gold,100000,Used,"Chattogram, Chandgaon",27/08,https://bikroy.com/chandgaon/mobile-phones/apple-iphone-16-pro-256-gb-gold-tutAnbEKeP00WFh0NuHjgWo3.html,5,2026-09-12T02:14:19.844581+00:00,individual,Experience completely fresh condition! Comes with box and browser.
Apple iPhone 14 Plus 256 GB Blue,70000,Used,"Rajshahi, Shaheb Bazar",06/09,https://bikroy.com/shaheb-bazar/mobile-phones/apple-iphone-14-plus-256-gb-blue-oViUzd8ix51YG8Xi8fWYzpg6.html,3,2026-09-12T02:14:21.582888+00:00,individual,Onek valo phone.original
Samsung Galaxy S23 256 GB,24500,Used,"Chattogram, Jamalkhan",01/09,https://bikroy.com/jamalkhan/mobile-phones/samsung-galaxy-s23-256-gb-6pIeRUKTcuhCKfP9Nd9OCnMo.html,4,2026-09-12T02:14:23.936125+00:00,individual,"Phone কখনো খোলা হয়নি / কোনো fitting বা repair করা হয়নি
 Box নেই
 যা যা দেওয়া হ
 Adapter+Charging Cable
 Display Issue
Display-এর green-line issue আগেই পরিষ্কারভাবে উল্লেখ করা হচ্ছে। কোনো কিছু লুকানো হচ্ছে না। Buyer চাইলে সামনাসামনি এসে ফোনের সবকিছু check/test করে নিতে পারবেন।
 Asking Price: ৳23,500
 Reasonable offer হলে আলোচনা করা যাবে।"
Samsung Galaxy A35 256 GB White,25000,Used,"Rajshahi, Court Station",31/08,https://bikroy.com/court-station/mobile-phones/samsung-galaxy-a35-256-gb-white-v208dryl8YUMK1Heezxozo5g.html,5,2026-09-12T02:14:25.081661+00:00,individual,একদম ফ্রেশ কন্ডিশন নতুনের মতো। যত খুশি চেক করে নিতে পারবেন৷  ইন্ডিয়ান ফোন।  তাই শুধু ফোন পাবেন।  বডিতে সামান্য কিছু দাগ আছে । ব্যাটারি ব্যাকাপ + গামিং + ফোটোর জন্য বেস্ট৷ শুধু মাত্র প্রকৃত ক্রেতারাই ফোন দিবেন{phone=০১৫২১৭৯৯১৭৫}
Xiaomi 14 Ultra 512 GB White,59500,Used,"Dhaka, Jatrabari",20 hours ago,https://bikroy.com/jatrabari/mobile-phones/xiaomi-14-ultra-512-gb-white-hESQSvuuedxViILeNrGOX3M6.html,5,2026-09-12T02:14:26.880147+00:00,individual,"Xiaomi 14 Ultra (16-512) full fresh condition
Memo available
Location: Dhaka Jurain Bikrampur Plaza, Level-3, Shop-42
Call/WhatsApp 019XXXXXXXX"
New Xiaomi Redmi Note 15 Pro+ 256 GB Blue,38990,Brand New,"Dhaka, Jatrabari",11 hours ago,https://bikroy.com/jatrabari/mobile-phones/new-xiaomi-redmi-note-15-pro-256-gb-blue-4XCKxPZRXHmIk9C1Hw4V9UW9.html,5,2026-09-12T02:14:27.624164+00:00,individual,"Condition: Like New 3 Month Used
Ram: 8GB Rom: 256GB
Snapdragon 7s Gen 4
Camera: 200MP
FullBox
Price: Fixed
Address: Dhaka, Jatrabari, Shahid Faruk Road, Taj-Tanvir Super Market, 2nd Floor, Shop Number: 10 (MobileHub)
#Buy the right product at the right price instead of getting cheated by buying cheap products to save some money."
Xiaomi 13 Ultra 256 GB Green,45000,Used,"Dhaka, Mohammadpur",01/09,https://bikroy.com/mohammadpur/mobile-phones/xiaomi-13-ultra-256-gb-green-ieKf314ZpqgPQrdkSl8oI3i8.html,5,2026-09-12T02:14:28.342294+00:00,individual,"📱🔥 Xiaomi 13 Ultra (6/128GB) used 
no box
📸 অসাধারণ Leica Camera Experience
China varriant 
💾 RAM/ROM: 6/128GB
মূল্য: ৪৫,০০০ টাকা
🏷️ New Price: ৯৪,০০০ টাকা

✅ Only Device
✅ Back Cover
✅ Premium Super Strong Glass
📍 লোকেশন: সাভার সেনা শপিং কমপ্লেক্স
SMS Gadget
🚨 মাত্র ১ পিস Available!
⚠️ আসার আগে অবশ্যই কল করে Booking করে আসতে হবে।"
Xiaomi Poco F3 Pro 256 GB Orange,19000,Used,"Dhaka, Savar",29/08,https://bikroy.com/savar/mobile-phones/xiaomi-poco-f3-pro-256-gb-orange-f8Cbt75NxVaShPMcmz8HzhL5.html,4,2026-09-12T02:14:29.061200+00:00,individual,"কোন প্রবলেম নেই শুধু ফোন পাবেন ডকুমেন্টস হিসেবে এনআইডি কার্ডের ছবি পাবেন  নিতে হলে  লোকেশন আসতে হবে
 WhatsApp /IMO 018XXXXXXXX"
Xiaomi Mi 11 Ultra 256 GB Black,31990,Used,"Dhaka, Shyamoli",12 hours ago,https://bikroy.com/shyamoli/mobile-phones/xiaomi-mi-11-ultra-256-gb-black-fyCFesclc5hsYqaLfawTfQM2.html,5,2026-09-12T02:14:29.468289+00:00,individual,"Guarantee - Warranty 

 Every phone of ours has a 10-day guarantee and a 1-year service warranty.
  If you find any issues, you can change the model.

 Our Shop Address 
  Ma Enterprise 
Shyamoli Khan Plaza Mobile Market
 Shop Number: 22
Ring Road, Shyamoli, Mohammadpur Dhaka-1207 019XXXXXXXX"
Xiaomi Redmi Turbo 4 256 GB White,32000,Used,"Dhaka, Mirpur",16/08,https://bikroy.com/mirpur/mobile-phones/xiaomi-redmi-turbo-4-256-gb-white-k8JR5FSvK1xEVivgwISwehjd.html,4,2026-09-12T02:14:30.184142+00:00,individual,"Redmi turbo 4
13/256
Battery Health 95%
Activation date: December 2025
Location:
Kazipara / Kochukhet / Police Staff - any of these places"
Samsung Galaxy S23 256 GB Purple,29500,Used,"Rajshahi, Shaheb Bazar",31/08,https://bikroy.com/shaheb-bazar/mobile-phones/samsung-galaxy-s23-256-gb-purple-z0vMn9k4kvnPJvXvVSF1GmO8.html,3,2026-09-12T02:14:30.599850+00:00,individual,"ফোন ফুল ফ্রেশ আছে আউটলুক ফ্রেশ আছে। সবমিলে অলমোস্ট ৯০% ফ্রেশ ফোন। Docomo veriant এর ফোন এইটা Storage: 256 জিবি। 

Note: প্রব্লেম জাস্ট ডিস্প্লে এক সাইডে গোল্ডেন কিছু দাগ আছে যেটা খালি চখে বা ডিস্প্লে ওন হলে বুঝা জাইনা। এইটা অনেকদিন থেকে আছে আর বড়বে না এটা গারেন্টি।  

👉 Exchange করা যাবে।"
Samsung Galaxy S23 Ultra 256 GB White,37600,Used,"Rajshahi, Shaheb Bazar",25/08,https://bikroy.com/shaheb-bazar/mobile-phones/samsung-galaxy-s23-ultra-256-gb-white-13KEfPF1nqFXGx3OZI2UhPe9.html,5,2026-09-12T02:14:31.315831+00:00,individual,"SAMSUNG Galaxy S23 Ultra
Flagship • 200MP Camera • Snapdragon 8 Gen 2 • S Pen
Price: ৳____ (37,600)
Details: Dual sim + e-sim
RAM/ROM: 12GB / 256GB
Display: 6.8"" Dynamic AMOLED 2X, 120Hz
Camera: 200MP + 10x Zoom
Battery: 5000mAh, 45W Fast Charging
Built-in S Pen
PTA Approved
Condition: 90% Fresh No major issue | Personally used
Inbox if interested!"
Samsung Galaxy S21 5G 256 GB Black,25000,Used,"Chattogram, Hathazari",19/08,https://bikroy.com/hathazari/mobile-phones/samsung-galaxy-s21-5g-256-gb-black-1fGNyeFGas0EEyo5sQim6jTF.html,3,2026-09-12T02:14:31.819561+00:00,individual,"The mobile has its original charger, but since it was brought from abroad, there is no box. The mobile has been used with great care."
Samsung Galaxy A35 128 GB Pink,23990,Used,"Chattogram, Agrabad",20 hours ago,https://bikroy.com/agrabad/mobile-phones/samsung-galaxy-a35-128-gb-pink-uoH420XnoQFDCFqm5XQP5yAC.html,2,2026-09-12T02:14:32.436719+00:00,individual,"Set in fully fresh condition 
100% ok
Ram 8+128
With charger and cash memo"
Samsung Galaxy S24 Ultra 512 GB Gold,77000,Used,"Dhaka, Dhanmondi",26/08,https://bikroy.com/dhanmondi/mobile-phones/samsung-galaxy-s24-ultra-512-gb-gold-wT1Tfk5bySxjFMZ4A7X57s3m.html,5,2026-09-12T02:14:32.946941+00:00,individual,"Full fresh condition not any single scratch or dent on display and body parts...
10 days replacement guarantee and cash memo will provide."
Samsung Galaxy S25 Ultra 256 GB Gray,79999,Used,"Dhaka, Gulshan",2 hours ago,https://bikroy.com/gulshan/mobile-phones/samsung-galaxy-s25-ultra-256-gb-gray-pVwIaas0BDQCwZvjKxFKtqRW.html,5,2026-09-12T02:14:33.563109+00:00,individual,"Samsung s25 ultra full fresh 
Ram 12Gb Rom 256Gb 
Processor snapdragon 8 Elite 
Battery 5000 mah 
10 days replesment guaranty ace 
1 year service warranty ace 
Location Gulshan 2 land view shopping center shop number 24 ist floor 
Phone exchange kora hoy 
Friday market close 
Emi korta parben credit card dia"
Samsung Galaxy S25 512 GB Black,110000,Used,"Dhaka, Jatrabari",26/08,https://bikroy.com/jatrabari/mobile-phones/samsung-galaxy-s25-512-gb-black-8ay5FXBWzTrTrp3E9ry7PlQr.html,3,2026-09-12T02:14:34.021245+00:00,individual,Just Call me 017XXXXXXXX
Samsung Galaxy S21 Ultra 5G 256 GB Black,22599,Used,"Dhaka, Savar",29/08,https://bikroy.com/savar/mobile-phones/samsung-galaxy-s21-ultra-5g-256-gb-black-Ivz8A2HPPF8lkn4kw8nbLAt.html,4,2026-09-12T02:14:34.781124+00:00,individual,SamSung Galaxy S21 Ultra 5G ফোন টা সবকিছু ওকে আছে শুধু ডিস্প্লেতে গ্রিন লাইন আর হাল্কা ফাটা আছে তাছাড়া বাকি সবকিছু ওকে
Samsung Galaxy S23 Ultra 256 GB Black,57000,Used,"Dhaka, Khilgaon",14/08,https://bikroy.com/khilgaon/mobile-phones/samsung-galaxy-s23-ultra-256-gb-black-pBQwi7QOdDuqJ8W6hyiBULua.html,4,2026-09-12T02:14:35.410117+00:00,individual,"Used Samsung S23 ultra with Box & papers.
No repair history, Bought as a brand new device & now want to upgrade to S26 ultra. The price is slightly negotiable if the buyer is ready to buy right now. Any kind of security documents will be provided to make sure you're dealing with the right person. Fast selling is preferred."
Samsung Galaxy S10 Plus 128 GB Green,25000,Used,"Dhaka, Uttara",29/08,https://bikroy.com/uttara/mobile-phones/samsung-galaxy-s10-plus-128-gb-green-wcGu1bukCwlqakORfEk9qgcg.html,5,2026-09-12T02:14:36.056876+00:00,individual,"Brought with me from abroad, no fault in the phone. Never worked on, fully intact. 
Need upgrade so selling this unit. 
No box available, just a complete phone and charger will be given. 
Location: Uttara , sector 5."
Apple iPhone 16 Pro Max 256 GB Bronze,115000,Used,"Rajshahi, Shaheb Bazar",20 hours ago,https://bikroy.com/shaheb-bazar/mobile-phones/apple-iphone-16-pro-max-256-gb-bronze-dkozXQRyhyMTwlV9REij7Sfr.html,3,2026-09-12T02:14:36.861169+00:00,individual,"iPhone 16 Pro Max, 256 GB, 91% battery health, USA version, super condition, 7 days replacement guarantee, 1 year service warranty. Exchange possible. Our Address: Smart Choice, Shop No. 211, City Center, Beside Rajshahi College, Sonadighi Mor, Rajshahi. Call for details."
Apple iPhone 14 Pro 256 GB Gold,66000,Used,Rajshahi,26/08,https://bikroy.com/rajshahi/mobile-phones/apple-iphone-14-pro-256-gb-gold-r2tPhtgWHAfy1ZB81bICrIKf.html,4,2026-09-12T02:14:37.342289+00:00,individual,"iPhone14 Pro — 256GB | Golden Colour
একদম Super Fresh Condition হাতে নিলেই পছন্দ হবে।
Model: iPhone 14 Pro, Storage: 256GB, Colour: Golden,Battery Health: 89%, Variant: USA

ফোনের কন্ডিশন একদম ফ্রেশ ও সুন্দর। যারা ভালো কন্ডিশনের iPhone 14 Pro খুঁজছেন, তাদের জন্য দারুণ একটি ডিল 

Address: Shaheb Bazar, Rajshahi
Call: [hidden information]"
Apple iPhone 14 Pro 256 GB Purple,55000,Used,"Rajshahi, Uposahar",03/09,https://bikroy.com/uposahar/mobile-phones/apple-iphone-14-pro-256-gb-purple-D9ejrwXN4AWWMP5ltXbAsfd.html,4,2026-09-12T02:14:37.807717+00:00,individual,"I phone 14 pro for sell
Colour: purple 
Battery health:87%
Parts : original 
Variant: Singapore 
Srotge :256gb
Just 2 month used. Box ache ,display te I land er niche ekta dot ache. All Okey , emergency tai kom e sell dewa hobe"
Apple iPhone 13 128 GB Green,35999,Used,"Rajshahi, Charghat",05/09,https://bikroy.com/charghat/mobile-phones/apple-iphone-13-128-gb-green-z4S7oMD7mVLaeAazwvGzHgxP.html,3,2026-09-12T02:14:38.526543+00:00,individual,"Iphone 13
Full fresh
Authentic waterproof Bh 76% face id true tone okay 
Exchange possible
Sathe charger cable paben.
Security ja lage diya jabe"
Apple iPhone 11 128 GB Purple,28000,Used,"Rajshahi, Shaheb Bazar",20 hours ago,https://bikroy.com/shaheb-bazar/mobile-phones/apple-iphone-11-128-gb-purple-v5LqCD6lqgnInI19TJCJFWNE.html,3,2026-09-12T02:14:38.919207+00:00,individual,"iPhone 11
128 GB, 88% Battery Health
Super condition
7 days replacement guarantee
1 year service warranty
#exchange possible
Our Address:
Smart Choice, Shop No. 211,
City Center, Beside Rajshahi College, Sonadighi Mor, Rajshahi
Call for any details:"
Apple iPhone 15 Pro Max 256 GB,95000,Used,"Chattogram, Alankar",29/08,https://bikroy.com/alankar/mobile-phones/apple-iphone-15-pro-max-256-gb-pO5ZYMnZUKynFj9ZuTS2oiBg.html,3,2026-09-12T02:14:39.606963+00:00,individual,"All must new because i'm not to much users, i never played video games.
Battery health 86% backup normal, i bought this phone from saudi Arabia, i came back from Saudi now i need some money that's why i want to sell this phone with box cable Orginal magsafe i phone case & 2 other case
If you are interested pls call me 018XXXXXXXX"
Apple iPhone 15 Pro Max 256 GB Gray,75000,Used,"Chattogram, Chawkbazar",29/08,https://bikroy.com/chawkbazar/mobile-phones/apple-iphone-15-pro-max-256-gb-gray-5mbNVKxoQ1t4cJthLfoCwxvT.html,4,2026-09-12T02:14:40.219251+00:00,individual,"IPhone 15pro max 256 natural titanium With box and catalogue stickers
The phone is my personal use and I bought it from DUBAI UAE.
Not scratch but phones screen change. I replaced it good once from Dubai cost around BDT 16k
If anyone are interested please contact on 018XXXXXXXX"
Apple iPhone 11 Pro 256 GB Graphite,22500,Used,"Chattogram, Nasirabad",28/08,https://bikroy.com/nasirabad/mobile-phones/apple-iphone-11-pro-256-gb-graphite-uW5WyLDjVypauopg8DAtOi3C.html,3,2026-09-12T02:14:41.018855+00:00,individual,"iPhone 11 pro for sell 
No exchange display battery changed kintu onk bhalo display battery lagano face id tru tone everything working halka patla scratch ase location must only device but security dibo"
Apple iPhone 11 Pro Max 256 GB Silver,30000,Used,"Chattogram, Agrabad",04/09,https://bikroy.com/agrabad/mobile-phones/apple-iphone-11-pro-max-256-gb-silver-ax3QcNtt3WVkQyt72iHQBhYV.html,5,2026-09-12T02:14:41.344933+00:00,individual,"Kono issues nei phone chalay moja paben ar ha kono sommosa  nai phone a just old model 
79% bh"
Apple iPhone 13 Pro 256 GB Blue,42000,Used,"Chattogram, Karnaphuli",28/08,https://bikroy.com/karnaphuli/mobile-phones/apple-iphone-13-pro-256-gb-blue-dNSOzZB4LWv6sF5MylHzTWaw.html,5,2026-09-12T02:14:42.057372+00:00,individual,"IPhone 13 Pro
Set full Frash 
256 Gb 
Face ID✅
True tone ✅
Face ID✅
New Bettari lagano aca ❌
All ok aca 
Display change ❌
Just original glass fata aca kintu buja jai na 🚫"
Apple iPhone 17 Pro Max 256 GB Blue,140000,Used,"Dhaka, Keraniganj",19/08,https://bikroy.com/keraniganj/mobile-phones/apple-iphone-17-pro-max-256-gb-blue-B6ohE7vfjlb1KiWYlAGMhgwB.html,3,2026-09-12T02:14:42.777325+00:00,individual,"iPhone 17 Pro Max (Blue) – For Sale
Your favorite iPhone 17 Pro Max (Blue) is now in great condition!
Phone Details:
Model: iPhone 17 Pro Max
Color: Blue
Storage: [256GB/512GB/1TB]
Battery Health: 99%
All features including Camera, Face ID, Display, Speaker are 100% working
No repair history"
Apple iPhone 17 Pro 256 GB Orange,137990,Used,"Dhaka, Uttara",2 hours ago,https://bikroy.com/uttara/mobile-phones/apple-iphone-17-pro-256-gb-orange-neGR2oVekap4hupW6iXbG1Wa.html,3,2026-09-12T02:14:43.292946+00:00,individual,"Western Mobile Fair
Shop No. 614/622/623/625 (Level #6) Tropical Alauddin Tower, Uttara
Dear Honourable Customer,
100% original device
Full factory unlocked
EMI available on credit cards from 31 banks. Thanks for being with us."
Apple iPhone 16 Pro Max 256 GB Gray,120000,Used,"Dhaka, Uttara",02/09,https://bikroy.com/uttara/mobile-phones/apple-iphone-16-pro-max-256-gb-gray-nFh6ccGla2NYvJbK6GVwtiqA.html,4,2026-09-12T02:14:44.007889+00:00,individual,"Singapore Variant, Almost New Condition, Battery Health: 95%, 100% Waterproof, Original Box, Cash Memo, Charger, Back Cover. You are welcome to check the phone thoroughly before purchasing. The phone is in excellent condition, almost like new. Price: ৳120,000 (Slightly negotiable for genuine buyers). Only serious buyers 015XXXXXXXX"
Apple iPhone 14 Pro Max 128 GB Black,65000,Refurbished,"Dhaka, Uttara",16/08,https://bikroy.com/uttara/mobile-phones/apple-iphone-14-pro-max-128-gb-black-tOUNe3bsGSs9izhp8f0yJaEt.html,5,2026-09-12T02:14:44.621261+00:00,individual,Mobile will be sold 65000
Apple iPhone 14 Pro Max 256 GB Black,55000,Used,"Dhaka, Khilgaon",23/08,https://bikroy.com/khilgaon/mobile-phones/apple-iphone-14-pro-max-256-gb-black-n9yYAJAIlZpXEvwnUMUcnH86.html,4,2026-09-12T02:14:45.086621+00:00,individual,"iPhone 14 Pro Max — 256GB | BH 79%
Storage: 256GB
Battery Health: 79%
Physical Condition: Completely full fresh
Repair History: None
There are 3 Green Lines on the display — clearing this up beforehand.
Other than that, everything in the phone is completely okay and in fresh condition.
Face ID
True Tone
Camera
Speaker & Mic
Charging
Buttons
Network
All functions OK"
Apple iPhone 15 Pro Max 256 GB Silver,90000,Used,"Dhaka, Mirpur",13/08,https://bikroy.com/mirpur/mobile-phones/apple-iphone-15-pro-max-256-gb-silver-uWGIeIAaJQhWNBXD8Z9mlcF7.html,4,2026-09-12T02:14:45.746432+00:00,individual,"For sale: iPhone 15 Pro Max, Natural Titanium. Just like new, fully fresh, used by myself. No problems, battery health 81%, 256GB storage. Negotiable / price is slightly reducible"
Apple iPhone 11 128 GB White,25000,Used,"Dhaka, Wari",31/08,https://bikroy.com/wari/mobile-phones/apple-iphone-11-128-gb-white-2Wikgvv11c3OISXhQKmR82Qd.html,3,2026-09-12T02:14:46.359080+00:00,individual,"Full fresh condition....
Battery health-85% 
Kono scratch nei... 
Contact 013XXXXXXXX"
Apple iPhone 12 Pro Max 256 GB Blue,39999,Used,"Dhaka, Mohammadpur Beribadh",26/08,https://bikroy.com/mohammadpur-beribadh/mobile-phones/apple-iphone-12-pro-max-256-gb-blue-dbX9qmJTqrxwv7OBByGhxgMp.html,4,2026-09-12T02:14:46.767699+00:00,individual,"Authentic Phone 
No repair history 
Everything okay 
Kono problem nei 
Joto iccha dekhe niben 
Cable available 
Fixed fixed"
Apple iPhone 13 128 GB Pink,40000,Used,"Dhaka, Mirpur",31/08,https://bikroy.com/mirpur/mobile-phones/apple-iphone-13-128-gb-pink-fcES2Js68PpSgxVX4cSUy1pX.html,3,2026-09-12T02:14:47.355767+00:00,individual,Full fresh kono dent nai . Phone ar sathe box ase
New Xiaomi Redmi Turbo 4 Pro 256 GB,42999,Brand New,"Dhaka, Bashundhara City",11 hours ago,https://bikroy.com/bashundhara-city/mobile-phones/new-xiaomi-redmi-turbo-4-pro-256-gb-yrYnpfgXFaD1Cy5IjYDTJYuK.html,3,2026-09-12T02:14:47.659260+00:00,individual,"10 days replacement guarantee
 2 years service warranty
 Safe courier service across the country
 Attractive exchange offer
 Basement-1, Shop-84, Bashundhara City Shopping Mall
 Price is negotiable. Please contact via WhatsApp before coming."
New Xiaomi 17T 256 GB,67000,Brand New,"Dhaka, Jamuna Future Park",2 hours ago,https://bikroy.com/jamuna-future-park/mobile-phones/new-xiaomi-17t-256-gb-fMbn7o9peT9ED4GfNgDXY0V7.html,5,2026-09-12T02:14:48.164231+00:00,individual,"Xiaomi 17T
BD official 
Cycle count : 8
12GB 256GB
Full Fresh condition 
Price: 67000 Tk
 Paramount Gadget
Jamuna Future Park Shopping Mall
Level 4, Shop No: 006C
Near Lift 7 (নোকিয়া গলি)
 
."
New Xiaomi Civi 5 Pro 256 GB White,65000,Brand New,"Dhaka, Jamuna Future Park",2 hours ago,https://bikroy.com/jamuna-future-park/mobile-phones/new-xiaomi-civi-5-pro-256-gb-white-lgg9I3LoJ0qnCgLHurpr0Rof.html,4,2026-09-12T02:14:48.812191+00:00,individual,"Xiaomi Civi 5 pro– Best condition 
• 128 GB Storage• 
• Color: Nebula Purple
• China Variant
• Battery Health: 100%
• Absolutely fresh, no issues at all 
• Face ID, Camera, True Tone all 100% OK
• Box/Charger: Included 
• Location: Jamuna Future Park, Level 4, 4B-007D"
Xiaomi Redmi Note 15 256 GB Silver,33000,Used,"Dhaka, Mirpur",22/08,https://bikroy.com/mirpur/mobile-phones/xiaomi-redmi-note-15-256-gb-silver-xveqlzfKj3mMO8uamW4j8Ywg.html,5,2026-09-12T02:14:49.537125+00:00,individual,"Urgent Sale: Redmi Note 15 5G (Full Box)
Grab this completely fresh condition Redmi Note 15 5G phone. There are no issues with the phone, it is running as good as new.
Brief Description:
Model: Redmi Note 15 5G
Condition: Completely fresh, no performance or internal issues.
Included: Original charger, original cash memo/box."
Xiaomi 14 Pro 256 GB White,25000,Used,"Dhaka, Savar",04/09,https://bikroy.com/savar/mobile-phones/xiaomi-14-pro-256-gb-white-3mqvZfZzevekr5fUlP4Fpito.html,4,2026-09-12T02:14:50.051693+00:00,individual,মোবাইলটা একদম নতুনের মতই আছে বেশিদিন ব্যবহার করা হয়নি আজ থেকে ৬ মাস টাকার দরকার তাই বিক্রি করে দিব আপনারা যত খুশি দেখে নিতে পারবেন ফোনে কোন সমস্যা থাকলে গাড়ি ভাড়া ফেরত দেওয়া হবে
Xiaomi Redmi 15 128 GB Black,20990,Used,"Dhaka, Tejgaon",26/08,https://bikroy.com/tejgaon/mobile-phones/xiaomi-redmi-15-128-gb-black-dQDLbtMDpXh9JzMqGJhx5MJQ.html,5,2026-09-12T02:14:50.767287+00:00,individual,"Also, all documents will be provided from the showroom where I bought it.
New."
Samsung Galaxy S25 Ultra 512 GB Black,90000,Used,"Rajshahi, Uposahar",14/08,https://bikroy.com/uposahar/mobile-phones/samsung-galaxy-s25-ultra-512-gb-black-ppwzCJIRmhtzGgToFaBSG65f.html,3,2026-09-12T02:14:51.589367+00:00,individual,"Galaxy S25 ultra!
12/512 GB!
98% fresh condition!
You can come to the location and check it as much as you want!"
Samsung Galaxy S23 Ultra 512 GB Green,54000,Used,"Rajshahi, Boalia",21/08,https://bikroy.com/boalia/mobile-phones/samsung-galaxy-s23-ultra-512-gb-green-427UEP95CDG5o2j1QYkQOdDF.html,4,2026-09-12T02:14:51.985238+00:00,individual,"Get a completely fresh phone in immaculate condition! All features work seamlessly. Comes with an official box, and camera condition photos are provided. There is a slight scratch on the back, but no functional issues at all. The phone is laminated, simply peel off the lamination to reveal a pristine, fresh device."
Samsung Galaxy S24 Ultra 256 GB Gold,72000,Used,"Rajshahi, Kadirgonj",11 hours ago,https://bikroy.com/kadirgonj/mobile-phones/samsung-galaxy-s24-ultra-256-gb-gold-8KEL3eEgbxifCQjsARsF0JDD.html,5,2026-09-12T02:14:52.713368+00:00,individual,"Assalamu Alaikum Warahmatullahi Wabarakatuh
Fresh condition
Box: Only Device
Cash Memo: Available
Replacement Guarantee: Get up to 7 days (conditions apply)
Location: Rajshahi Kadirganj Chalpotti, beside Large Farmer, behind Swapnochura Plaza Nagar Bhaban.
Shop No: 123 - Ground floor beside lift
Shop Name: Rajshahi Mobile Bari 019XXXXXXXX"
Samsung Galaxy A36 256 GB Purple,30000,Used,"Rajshahi, Laksimipur",05/09,https://bikroy.com/laksimipur/mobile-phones/samsung-galaxy-a36-256-gb-purple-kEzXHvSVwag157cMah3HDQ2a.html,3,2026-09-12T02:14:53.430219+00:00,individual,100% full fresh and look like brand new condition
Samsung Galaxy A36 256 GB Purple,30000,Used,"Rajshahi, Laksimipur",27/08,https://bikroy.com/laksimipur/mobile-phones/samsung-galaxy-a36-256-gb-purple-8It1fs9QAbmXnEnEEcf19PzG.html,3,2026-09-12T02:14:53.942548+00:00,individual,Olpo kichu din use kora hoyeche.. Fully fresh phone.. Phone ar sathe back cover r phone a privacy protector o piche poli lagano hoyeche..
Samsung Galaxy S21 5G 256 GB Purple,24000,Used,"Rajshahi, Motihar",31/08,https://bikroy.com/motihar/mobile-phones/samsung-galaxy-s21-5g-256-gb-purple-5Db29E34KKOPkChXveRN45ba.html,5,2026-09-12T02:14:54.571893+00:00,individual,টাকার দরকার এজন্য সেল দিচ্ছি ফোন দেখতে হলে অবশ্যই লোকেশনে এসে দেখেশুনে চেক করে নিয়ে যাবেন ধন্যবাদ
Samsung Galaxy S24 Ultra 512 GB Gold,83000,Used,"Chattogram, Nasirabad",13/07,https://bikroy.com/nasirabad/mobile-phones/samsung-galaxy-s24-ultra-512-gb-gold-dxEOFOvZ25AlGnrzJxS32fYG.html,3,2026-09-12T02:14:55.169412+00:00,individual,"Full box given 
12/512 
Vietnam variant
A very little dot in the screen otherwise all ok no scratch"
Samsung Galaxy S24 Ultra (Used),90000,Used,"Chattogram, Khulshi",23/04,https://bikroy.com/khulshi/mobile-phones/samsung-galaxy-s24-ultra-used-7CO4BEAXvKuCTvUK7J1NNbx6.html,3,2026-09-12T02:14:55.688236+00:00,individual,"100% fresh.
Full boxed. Not a single spot. Original cable.
With premium phone case."
Samsung Galaxy S24 Ultra 256 GB Black,85000,Used,"Chattogram, Agrabad",19/07,https://bikroy.com/agrabad/mobile-phones/samsung-galaxy-s24-ultra-256-gb-black-6tG5zsRVYCqTAF5F626HmuwZ.html,5,2026-09-12T02:14:56.093590+00:00,individual,Phone like new. No repair history. Box nai but any kind of security dewa Jabe. Everything works perfectly.Location must.
Samsung Galaxy A56 256 GB Green,35500,Used,"Chattogram, Muradpur",20 hours ago,https://bikroy.com/muradpur/mobile-phones/samsung-galaxy-a56-256-gb-green-IO3H8Zlmn3Mr2TAtBrcmSSB.html,3,2026-09-12T02:14:56.732125+00:00,individual,"Samsung Galaxy A56 5G
 8GB RAM / 256GB Storage
 Full Box
 6.7"" FHD+ Super AMOLED Display
 120Hz Refresh Rate
 Exynos 1580 Processor
 50MP OIS Main Camera
 Benefits:
 15-day replacement guarantee
 Shop No: 319, 3rd Floor
 CPDL RB Midtown Market, Muradpur, Chittagong (Next to Makkah Hotel)"
Samsung Z 16 GB Blue,45000,Used,"Chattogram, Khulshi",31/08,https://bikroy.com/khulshi/mobile-phones/samsung-z-16-gb-blue-mttM7VbSHdRMrG4lwpmor7A5.html,3,2026-09-12T02:14:57.424468+00:00,individual,"SAMSUNG Z FLIP4 
8/128
PRICE NEGOTIABLE"
New Samsung Galaxy S21 5G 128 GB Black,70000,Brand New,"Chattogram, Nasirabad",05/09,https://bikroy.com/nasirabad/mobile-phones/new-samsung-galaxy-s21-5g-128-gb-black-5Qt5ue2Pt56HOlEqR5jpmJwj.html,5,2026-09-12T02:14:58.036998+00:00,individual,New use hoi ni.box shoho ase. Deke check kore nite parbn.just colour deker jonno kula hoica
Samsung Galaxy S25 Ultra 512 GB Green,91000,Used,"Dhaka, Uttara",20 hours ago,https://bikroy.com/uttara/mobile-phones/samsung-galaxy-s25-ultra-512-gb-green-A3LP5lcSPDYcPxqhOBVkXADe.html,3,2026-09-12T02:14:58.755003+00:00,individual,"Samsung Galaxy S25 Ultra 
 RAM: 12GB
 ROM: 512GB
 Color: Titanium Jade Green 
 Condition: Pre-Owned
 Built-in Call Recording
 Price: ৳92,000/-
 Snapdragon 8 Elite
 6.9"" Dynamic AMOLED 2X | 120Hz
 Exchange Hub
 Shop No: 610, 611, 628 & 629, Level-6
Tropical Alauddin Tower, Sector 3, Road 2
Rajlaxmi, Uttara, Dhaka"
Samsung Galaxy S26 Ultra 5G 256 GB Blue,169000,Used,"Dhaka, Farmgate",05/09,https://bikroy.com/farmgate/mobile-phones/samsung-galaxy-s26-ultra-5g-256-gb-blue-ay22vLc0ZHwPL50lKhwUmrQ5.html,5,2026-09-12T02:14:59.403075+00:00,individual,"I bought this phone on July 14, the phone is one month and fifteen days old plus. There is no problem with the phone, I need money so I am selling it. Charger and box everything is available, those who are thinking of getting a new phone can take this phone, it is just like new, not even a hair's breadth of a scratch or any mark. The phone is official, I bought it for 2 taka lakh from Jamuna Future Park."
Samsung Galaxy S25 Ultra 256 GB Blue,90500,Used,"Dhaka, Uttara",20 hours ago,https://bikroy.com/uttara/mobile-phones/samsung-galaxy-s25-ultra-256-gb-blue-cpnMIDpc8xqnq30vZCd4pWAg.html,4,2026-09-12T02:15:00.220977+00:00,individual,"Samsung Galaxy S24 Ultra 12/256GB Titanium SilverBlue. 100% Original. 7 Days Replacement & 1 Year Service Warranty. EMI Facility is also AVAILABLE. Contact Us: Exchange Hub. Shop No: 610, 611, 628 & 629 Level-6, Tropical Alauddin Tower, Sector 3, Road 2, Rajlaxmi, Uttara. Facebook Page:"
Samsung Galaxy A17 5G 128 GB Purple,25000,Used,"Dhaka, Mirpur",01/09,https://bikroy.com/mirpur/mobile-phones/samsung-galaxy-a17-5g-128-gb-purple-rJzbLaLjv5uzTL4qqcVmxllH.html,4,2026-09-12T02:15:00.905521+00:00,individual,Full fredh. All okkke. Box changer sob ase
Samsung Galaxy S22 Ultra 256 GB Rose Gold,50000,Refurbished,"Dhaka, Keraniganj",29/08,https://bikroy.com/keraniganj/mobile-phones/samsung-galaxy-s22-ultra-256-gb-rose-gold-dZ6hWHw5BSNQR7KMJ3E8pN7.html,3,2026-09-12T02:15:01.417741+00:00,individual,Samsung Galaxy S22 Ultra 5G (Original Korean Variant) for Sale জরুরী টাকার প্রয়োজনে আমার ব্যবহৃত Samsung Galaxy S22 Ultra (12GB RAM / 256GB ROM) ফোনটি বিক্রি করা হবে। ফোনটি সম্পূর্ণ ফ্রেশ এবং অফিশিয়াল কোরিয়ান ভ্যারিয়েন্ট (Model: SM-S908N)। দুবাই থেকে ০৯/০৮/২০২৬ তারিখে আনা হয়েছে ।মোবাইল 017XXXXXXXX
Samsung Galaxy S22 Ultra 256 GB Graphite,38000,Used,"Dhaka, Mirpur",29/08,https://bikroy.com/mirpur/mobile-phones/samsung-galaxy-s22-ultra-256-gb-graphite-6xwYPxLUpIyjWiXuZ6mJRBUb.html,5,2026-09-12T02:15:01.967658+00:00,individual,Samsung S22 ultra super fresh 256 gb uae variant official phone with box and orginal charger.. No dent no issue everything ok.. Camera super fresh condition...green line porar karone just display change krsi market orginal ta install kora finger ase..r kokhno green/pink line porbena In Sha Allah...location mirpur 14
Apple iPhone 16 Pro Max International (Used),124000,Used,Rajshahi,20 hours ago,https://bikroy.com/rajshahi/mobile-phones/apple-iphone-16-pro-max-international-used-l8ZYqC5lOYSqnQWAs5WFKEEN.html,0,2026-09-12T02:15:02.542317+00:00,individual,"iPhone 16 Pro Max 🔥

256 GB, 97% Battery Health

International Global Version 🔥

Super condition 🔥🔥

7 days replacement guarantee ✅
1 year service warranty ✅

#exchange possible ✅

Our Address:
Smart Choice, Shop No. 211,
City Center, Beside Rajshahi College, Sonadighi Mor, Rajshahi

Call for any details"
Apple iPhone 17 Pro Max in Super Condition (Used),150000,Used,Rajshahi,20 hours ago,https://bikroy.com/rajshahi/mobile-phones/apple-iphone-17-pro-max-super-conditione-used-oUK24zs9ZHt8SMvtdlPraeFO.html,3,2026-09-12T02:15:03.166417+00:00,individual,"iPhone 17 Pro Max 

256 GB, 100% Battery Health

CC 17, CC 81

Super condition 🔥🔥

Enjoy a 7-day replacement guarantee ✅ 
Get a 1-year service warranty ✅ 

#Exchange possible ✅

Our Address :
Smart Choice, Shop No. 211, 
City Center, Beside Rajshahi College, Sonadigir Mor, Rajshahi

Call for any details"
Apple iPhone 16 Pro Max 256 GB,129999,Used,"Rajshahi, Baharampur",21/06,https://bikroy.com/baharampur/mobile-phones/apple-iphone-16-pro-max-256-gb-fShnzR2EYw90F51LeoKqXDjw.html,5,2026-09-12T02:15:03.786361+00:00,individual,"Apple Limited Warranty till 29 August 2026
Australian Variant
Physical SIM + eSIM
Battery Health: 100%
Cycle Count: 234
No Scratch
No Dent
No Repair History
Never Opened
Box + Original Type-C Cable Available
Reason for Selling:
Upgrade to iPhone 17 Pro Max
Face to Face Deal Preferred
Location: Rajshahi"
Apple iPhone 14 Pro Max 256 GB Purple,75000,Used,"Rajshahi, Shaheb Bazar",21 hours ago,https://bikroy.com/shaheb-bazar/mobile-phones/apple-iphone-14-pro-max-256-gb-purple-dXs04LXCudjcFOC7CJgxaZmS.html,3,2026-09-12T02:15:04.491542+00:00,individual,"iPhone 14 Pro Max

256 GB, 85% Battery Health

Singapore variant

Super condition 

7 days replacement guarantee  
1 year service warranty  

#exchange possible 

Our Address:
Smart Choice, Shop No. 211,
City Center, Beside Rajshahi College, Sonadighi Mor, Rajshahi

Call for any details 017XXXXXXXX"
Apple iPhone 15 Pro 256 GB White,78000,Used,"Rajshahi, Court Station",31/08,https://bikroy.com/court-station/mobile-phones/apple-iphone-15-pro-256-gb-white-cono9XcFX3RrX29miCFTwHwD.html,3,2026-09-12T02:15:05.207655+00:00,individual,￼ battery health 96% sob orjinal no bust oll ok
Apple iPhone 15 Pro 128 GB Gray,78000,Used,"Rajshahi, Boalia",03/09,https://bikroy.com/boalia/mobile-phones/apple-iphone-15-pro-128-gb-gray-dbTRcl4Ba9ZHKJjWt0qVsTvO.html,4,2026-09-12T02:15:05.922439+00:00,individual,Fresh condition. Health 87
Apple iPhone 14 Pro 256 GB Silver,50000,Used,"Rajshahi, Kadirgonj",27/08,https://bikroy.com/kadirgonj/mobile-phones/apple-iphone-14-pro-256-gb-silver-BceWAugklE1PgMpW2mB0wdxB.html,3,2026-09-12T02:15:06.434480+00:00,individual,phn desin thak ea pora glass fata gaca all ok funn orginal
Apple iPhone 14 Plus 256 GB Black,47500,Used,"Rajshahi, Kazla",2 days ago,https://bikroy.com/kazla/mobile-phones/apple-iphone-14-plus-256-gb-black-pfSjZjDyTAvgO69yDTi2dOlW.html,5,2026-09-12T02:15:07.140306+00:00,individual,"iPhone 14 Plus Indian variant
battery 75% original backup still good
storage 256GB 95% fresh
only phone and cash memo and cable
location Katakhali Rajshahi"
Apple iPhone 14 128 GB Black,47000,Used,"Rajshahi, Kadirgonj",11 hours ago,https://bikroy.com/kadirgonj/mobile-phones/apple-iphone-14-128-gb-black-chF73MJfhwcgCcpxis2zLICZ.html,5,2026-09-12T02:15:07.683760+00:00,individual,"আসসালামু আলাইকুম ওয়া রহমাতুল্লহি ওবারকাতুহ 
ফ্রেশ কন্ডিশন
 বক্স: Only Device
 ক্যাশ মেমো: আছে
 রিপ্লেসমেন্ট গ্যারান্টি: ৭ দিন পর্যন্ত পাবেন ( শর্তসাপেক্ষে ) 
লোকেশন: রাজশাহী কাদিরগঞ্জ চালপট্টি, লার্জ ফার্মার পাশে , স্বপ্নচূড়া প্লাজা নগর ভবনের পিছে। 
 শপ নং: ১২৩ - নিচ তলা লিফটের পাশে 
 শপ নাম: Rajshahi Mobile Bari 019XXXXXXXX"
Apple iPhone 17 Pro Max 256GB(100%) FULL BOX (Used),150000,Used,"Chattogram, Chawkbazar",20 hours ago,https://bikroy.com/chawkbazar/mobile-phones/apple-iphone-17-pro-max-256gb-100-full-box-used-zuSca6VzeXTqQ5MIHXbqCgB0.html,2,2026-09-12T02:15:07.985602+00:00,individual,"🔳 TRHEE MONTH USED ONLY AS LIKE AS NEW CONDITION.73% TIME
🔳 Storage: 12/256gb
🔳 Colour: ORRANGE
◾ Original Cable AND BOX




🔰 Our Speciality......................................

◾Original & Non-Refurbished Product
◾Emi Facilities Available*
◾Accept Visa, Master Card
◾Delivery Facility inside & Outside ctg.
◾Phone Exchange Facilities*
◾ All Products Original And Genuine. 
◾Our All Product 7 Days replacement And 1 year Service Warranty



🔰 Our Showroom Address:


Rony Enterprise (Since 2007)
Bali Arcade Shopping Center
4th Floor, Shop no 03(infront of chawkbazar Post Office
Sirajuddula Road, Chawkbazar, Chattogram Show more"
New Apple iPhone 17 Pro Max 256 GB Silver,169000,Brand New,"Chattogram, Chawkbazar",17/05,https://bikroy.com/chawkbazar/mobile-phones/new-apple-iphone-17-pro-max-256-gb-silver-k5Phgq5VyvQCmheUbui1p6It.html,2,2026-09-12T02:15:08.485524+00:00,individual,"If you want the best price, please visit our shop."
Apple iPhone 16 Pro Max 256 GB White,122000,Used,"Chattogram, Oxygen",17/06,https://bikroy.com/oxygen/mobile-phones/apple-iphone-16-pro-max-256-gb-white-tHBhfiK0vPHMY8aHh5TgQSbd.html,5,2026-09-12T02:15:08.890661+00:00,individual,"Iphone 16pro max white titanium 256gb tdra (dubai)
""""brand new condition """" 
bh:- 100%
charging cycle :- 66
5-6month warrant left
full box ache cash memo ache
call 016XXXXXXXX"
Apple iPhone 17 256 GB Purple,91990,Used,"Chattogram, Chawkbazar",20 hours ago,https://bikroy.com/chawkbazar/mobile-phones/apple-iphone-17-256-gb-purple-tYfj4qGzNVum3C9R8Ya2ijiC.html,3,2026-09-12T02:15:09.511668+00:00,individual,"Apple iPhone 17
256GB | LL/A Variant
Battery Health 100%
Cycle Count: 6
Apple Warranty Available
First Use: January 2026
Enjoy 15-day replacement guarantee | Lifetime service -
Finlay Square, Level-4, Shop-406, 2 No Gate, Nasirabad, Chattogram"
Apple iPhone 15 Plus 128 GB,68000,Used,"Chattogram, Pahartali",05/09,https://bikroy.com/pahartali/mobile-phones/apple-iphone-15-plus-128-gb-7WAp5Mw29zIvlDbF6JnHyxN3.html,3,2026-09-12T02:15:10.224631+00:00,individual,"Model Number: MU163HN/A 
• Colour: Ocean Blue
• Battery Health:92% 
• Cycle Count:320 
• Condition: Neat & clean, no scratches
• Performance: Smooth like new
• Camera: Crystal clear photos & video
• Face ID Fully working 
• Display: Original, no spot or line
• Body: Scratch-free"
Apple iPhone 16 128 GB Blue,68000,Used,"Chattogram, New Market, Chattogram",08/09,https://bikroy.com/new-market/mobile-phones/apple-iphone-16-128-gb-blue-deHOwcm6Wf5WxyuH5wVx1wey.html,4,2026-09-12T02:15:10.907411+00:00,individual,"iPhone 16 with box
Full fresh
128 GB
Battery Health: 85% (original)
Face ID
True Tone
Waterproof
Physical SIM + eSIM
Everything is okay
Location: East Madarbari, Chattogram
Must visit location"
Apple iPhone 14 Pro Max 256 GB Black,52000,Used,"Chattogram, Agrabad",03/09,https://bikroy.com/agrabad/mobile-phones/apple-iphone-14-pro-max-256-gb-black-hMp1Uvau7xfjnWN8UUxqh7oJ.html,4,2026-09-12T02:15:11.722255+00:00,individual,"iPhone 14 Pro Max USA Variant - 256 GB

Dull E-Sim👉

Phone Fresh Aca
Change History
Display Change But GX Original
Camera Change But Original
Battery Change But High Capacity Lagano.

Valo Android Mobile thakla Exchange kortha parben📱"
Apple iPhone XS Max 256 GB Rose Gold,22500,Used,"Chattogram, Oxygen",14/08,https://bikroy.com/oxygen/mobile-phones/apple-iphone-xs-max-256-gb-rose-gold-BWUW73wCUWpKIZIOZxITD5If.html,5,2026-09-12T02:15:12.175132+00:00,individual,"Model iPhone XS Max 256 GB UAE variant everything is ok face id True tone Battery health 100% changed. There are no problems with the phone, battery backup is very good. Will reset the phone before handing it over. Must come to the location to pick it up at Oxygen Baluchra, phone only along with NID card for security."
Apple iPhone 13 Pro Max 256 GB Green,52000,Used,"Chattogram, Halishahar",04/09,https://bikroy.com/halishahar/mobile-phones/apple-iphone-13-pro-max-256-gb-green-bp7o8ns6SSs5nOWIePtBEe8x.html,3,2026-09-12T02:15:12.568401+00:00,individual,Green iPhone 13 Pro Max. No box.
Apple iPhone 16 Pro Max 256 GB Rose Gold,115000,Used,"Dhaka, Uttara",08/09,https://bikroy.com/uttara/mobile-phones/apple-iphone-16-pro-max-256-gb-rose-gold-3eKOzn9gVPyqV983G2c65Zd1.html,4,2026-09-12T02:15:13.294374+00:00,individual,"Iphone 16 pro max 
256gb
90%
Cycle count 671 
Box available 
Fresh condition 
Prices negotiable 
Location Uttara ,sector 7 azampur ."
New Apple iPhone 17 256 GB,110000,Brand New,"Dhaka, Bashundhara City",11 hours ago,https://bikroy.com/bashundhara-city/mobile-phones/new-apple-iphone-17-256-gb-ilnVAOWrIZa1jht9gt6ccUZ9.html,2,2026-09-12T02:15:13.703377+00:00,individual,"10 days replacement guarantee
 2 years service warranty
 Courier service available nationwide
 Exchange facility available
 Our Shop Address
For Smartphone 
Basement- 1, Shop- 84
Bashundhara City Shopping Mall"
Apple iPhone 16 Pro Max 512 GB Rose Gold,131000,Used,"Dhaka, Mirpur",01/09,https://bikroy.com/mirpur/mobile-phones/apple-iphone-16-pro-max-512-gb-rose-gold-sJhKqRJLSrtTfllR43VPWX9M.html,3,2026-09-12T02:15:14.423456+00:00,individual,Adapter cable box camera protector glass protector back poly and box availavail
Apple iPhone 16 128 GB Blue,82500,Used,"Dhaka, Mirpur",28/08,https://bikroy.com/mirpur/mobile-phones/apple-iphone-16-128-gb-blue-wcztadToW6YyLDZjVLJTMQLh.html,5,2026-09-12T02:15:15.006721+00:00,individual,"Used: 1 Year
Battery Health: 96%
Charging Cycle: 253 (as of 28.08.2026)
Box & Original Memo: Available
Condition
Entire phone was poly-covered from day one
Single-handedly used by a female user
No gaming history
No scratches or dents
Very carefully and lightly 
Note: Charger/adapter will not be provided."
Apple iPhone 14 Plus 256 GB Blue,55000,Used,"Dhaka, Dhamrai",17/08,https://bikroy.com/dhamrai/mobile-phones/apple-iphone-14-plus-256-gb-blue-rf48c3tJ8BeRMDYFEetkD34p.html,5,2026-09-12T02:15:15.853824+00:00,individual,"iPhone 14 Plus Blue
Mint condition
256 GB
ZP/A
Single SIM
Battery Health-76 original
No issues
Nothing changed, box and everything available"
Apple iPhone 17 256 GB Black,90000,Used,"Dhaka, Savar",23/08,https://bikroy.com/savar/mobile-phones/apple-iphone-17-256-gb-black-l2XRoOc4zwuw3JZFAbIQXVaj.html,3,2026-09-12T02:15:16.470851+00:00,individual,"* Apple iPhone 17 
  Savar Dhaka
* Color: Black
* Storage: 256GB
* Battery Health: 99%
* Battery Cycle Count: 219
* Battery Status: Normal
* First Activated: January 2026
* iOS Version: 26.5.2
* Face ID, Camera, Display, Speakers & All Functions Working Perfectly
* No Repairs | No issues"
Apple iPhone 11 64 GB Black,25500,Used,Dhaka,04/09,https://bikroy.com/dhaka/mobile-phones/apple-iphone-11-64-gb-black-kuOKd4Iq9iKf46dixJBHn3vw.html,5,2026-09-12T02:15:16.935784+00:00,individual,"✅ Model: iPhone 11
✅ Storage: 64GB
✅ Variant: USA
✅ Battery Health: 77%
✅ Face ID: 100% ঠিক আছে
✅ সবকিছু Original
✅ Charger দেওয়া হবে
❌ Box নেই

ফোনটি খুব যত্নসহকারে ব্যবহার করা হয়েছে। ফোন কখনো খোলা হয়নি, তাই যারা Original ও Unopened iPhone খুঁজছেন তাদের জন্য ভালো হবে।
💰 Price: 25,500 fixed"
Apple iPhone 11 128 GB Black,25000,Used,"Dhaka, Kamrangirchar",05/09,https://bikroy.com/kamrangirchar/mobile-phones/apple-iphone-11-128-gb-black-rMVTiIzyYZRsSBILULDSsPqp.html,5,2026-09-12T02:15:17.492073+00:00,individual,"আসসালামুআলাইকুম 
iphone 11 (128gb )
ফোন টি ফুল ফ্রেস কন্ডিশন কোন সমস্যা নাই।
ডিসপ্লে অরিজিনিয়াল।
ফেইস আইডি ওকে।
ট্রুটন ওকে।
বেটারি হেল্থ। ৭৬%
ফোনের সাথে সব ধরনের সিকিউরিটি দেওয়া যাবে।
ফোন টি একচেঞ্জ করতে পারবেন সুধু iphone এর সাথে ।
যারা নিবেন এখুনি যোগাযোগ করুন । ধন্যবাদ"
Apple iPhone 11 Pro Max 64 GB Gray,26000,Used,"Dhaka, New Market, Dhaka",06/09,https://bikroy.com/new-market-dhaka/mobile-phones/apple-iphone-11-pro-max-64-gb-gray-m8z2mMupqrrPeZfFroUsTURI.html,3,2026-09-12T02:15:18.210865+00:00,individual,"Box +2pic cover+ cable 
Everything all ok 
Only display change
Battery 71% orginal
Price 26k fixed"
Xiaomi Redmi Turbo 4 Pro 256 GB Black,35500,Used,"Dhaka, Uttara",25/08,https://bikroy.com/uttara/mobile-phones/xiaomi-redmi-turbo-4-pro-256-gb-black-zx1lkQRRAfHuIOwg3ovsrNW6.html,3,2026-09-12T02:15:18.823888+00:00,individual,"Redmi Turbo 4 Pro, all okay, fully fresh."
Xiaomi Redmi K80 Ultra 256 GB Green,48999,Used,"Dhaka, Savar",28/08,https://bikroy.com/savar/mobile-phones/xiaomi-redmi-k80-ultra-256-gb-green-8TbYBcflB5Sh5vrbQwtv3nEB.html,5,2026-09-12T02:15:19.235204+00:00,individual,Shob ekdm 100% perfect 013XXXXXXXX
Xiaomi 13 Pro 256 GB,39000,Used,"Dhaka, Mirpur",06/09,https://bikroy.com/mirpur/mobile-phones/xiaomi-13-pro-256-gb-n8QmeSj2Fe8bLBDhOMpb1wZy.html,5,2026-09-12T02:15:19.748861+00:00,individual,Fully fresh Condition
New Xiaomi Redmi Turbo 4 Pro 256 GB White,40250,Brand New,"Dhaka, Jatrabari",01/09,https://bikroy.com/jatrabari/mobile-phones/new-xiaomi-redmi-turbo-4-pro-256-gb-white-is2cxc6OkTEQ9ousfMJuypDk.html,3,2026-09-12T02:15:20.465178+00:00,individual,"ফোন সম্পূর্ণ ফ্রেশ,, তো যত ইচ্ছা দেখে নিবেন কোন সমস্যা নেই,, ব্যাটারি হেল্থ ৯৯% ,, ফোনে কোন দাগ নাই।।  ফ্রেশ।"
Xiaomi Mix Flip 256 GB White,77000,Used,"Dhaka, Uttara",20 hours ago,https://bikroy.com/uttara/mobile-phones/xiaomi-mix-flip-256-gb-white-vs56lsJl9wlciERKtMBzVmV.html,4,2026-09-12T02:15:21.182661+00:00,individual,"Xiaomi MIX Flip 2 
 RAM: 12GB
 ROM: 256GB
 Full Box + Original Charger
 Excellent Condition
 Exchange Hub
 Shop No: 610, 611, 628 & 629, Level-6
Tropical Alauddin Tower, Sector 3, Road 2"
Xiaomi 13 Ultra 256 GB Green,47000,Used,"Dhaka, Savar",11 hours ago,https://bikroy.com/savar/mobile-phones/xiaomi-13-ultra-256-gb-green-keNDhC2BIB9AlUbpLBITDYr6.html,5,2026-09-12T02:15:21.998026+00:00,individual,"📌 মোবাইলের তথ্য:
🔹 মডেল: Xiaomi
🔹 RAM: 12GB
🔹 Storage: 256GB

✅ ৭ দিনের রিপ্লেসমেন্ট গ্যারান্টি
✅ ১ বছরের সার্ভিস ওয়ারেন্টি
✅ ফোন কেনার আগে যাচাই করার সুযোগ
✅ বিশ্বস্ততা ও ভালো সার্ভিস দেওয়াই আমাদের প্রধান লক্ষ্য।

📍 ঠিকানা:
E-162, Level-5 (Lift-4),
Sena Shopping Complex,
Nabinaagar, Sayer, Dhaka.

🗓️ সাপ্তাহিক বন্ধ: রবিবার"
New Xiaomi Redmi Turbo 4 Pro 256 GB White,40499,Brand New,"Dhaka, Jatrabari",01/09,https://bikroy.com/jatrabari/mobile-phones/new-xiaomi-redmi-turbo-4-pro-256-gb-white-aXpsvlgItYS8fy0DJyvxhUmY.html,4,2026-09-12T02:15:22.405616+00:00,individual,"Fully fresh phone ,,You can check properly"
Xiaomi Civi 4 Pro 512 GB Green,35000,Used,"Dhaka, Mirpur",21 hours ago,https://bikroy.com/mirpur/mobile-phones/xiaomi-civi-4-pro-512-gb-green-fqS5Vdwi2LrOKtwLEY2PrpYH.html,5,2026-09-12T02:15:23.186659+00:00,individual,"খুবই ভালো একটা ফোন,কোন রকমের সমস্যা নেই,যতক্ষন ইচ্ছা চালিয়ে দেখে নিবেন,১২/৫১২ জিবি,সুপার ক্যামেরা ফোন,সুপার ব্যাকাপ অনেক ফাস্ট একটা ফোন,চাইলে ইউটিউবে রিভিউটা দেখে নেবেন,ফুল ফ্রেশ ফোন,যেকোনো সিকিউরিটি দেয়া হবে,ক্যাশ মেমো,সাথে ১বছরের সার্ভিস ওয়ারেন্টী থাকবে।
ঢাকা মিরপুর পল্লবী নতুন থানা।
কুরিয়ার পসিবল।"
Xiaomi Redmi K90 256 GB Red,49999,Used,"Dhaka, Motalib Plaza",20 hours ago,https://bikroy.com/motalib-laza/mobile-phones/xiaomi-redmi-k90-256-gb-red-3nXbCwNU7U9BbXQufIP8PHEC.html,5,2026-09-12T02:15:23.723051+00:00,individual,"Wholesale & Retail 
Redmi K90 12/256GB (Active)
BH-100%

Mobile, Box & Charger (বক্স, চার্জার পেতে সময় লাগতে পারে ৫/৭ দিন) 

Address: Hridoy Communication, 2nd Floor, Shop no: 338"
Xiaomi 17T 256 GB Purple,53999,Used,"Dhaka, Motalib Plaza",20 hours ago,https://bikroy.com/motalib-laza/mobile-phones/xiaomi-17t-256-gb-purple-dSXmLndKJCSOZjJijJlRKADC.html,3,2026-09-12T02:15:24.385089+00:00,individual,"Wholesale & Retail 
Xiaomi 17T 12/256GB (Active)
BH-100%

Mobile, Box & Charger (বক্স, চার্জার পেতে সময় লাগতে পারে ৫/৭ দিন) 

Address: Hridoy Communication, 2nd Floor, Shop no: 338"
New Xiaomi 12 Pro 256 GB Blue,55000,Brand New,"Dhaka, Mohammadpur",02/09,https://bikroy.com/mohammadpur/mobile-phones/new-xiaomi-12-pro-256-gb-blue-A0A6jyiEgN8ylZJqxGW001rT.html,3,2026-09-12T02:15:24.870270+00:00,individual,Xiaomi 12 pro. Full fresh.
Xiaomi 14 256 GB White,42000,Used,"Dhaka, Khilgaon",05/09,https://bikroy.com/khilgaon/mobile-phones/xiaomi-14-256-gb-white-bOKtFPO2RHctR6s5tlzDG2S.html,3,2026-09-12T02:15:25.534543+00:00,individual,ফুল বক্স চার্জার সাথে পাবেন
Xiaomi 14 512 GB White,40000,Used,"Dhaka, Rampura",04/09,https://bikroy.com/rampura/mobile-phones/xiaomi-14-512-gb-white-iHPuzsYyOu0pY8LGfOlq7SwE.html,5,2026-09-12T02:15:25.892588+00:00,individual,"Full fresh 
Only phone 
Cn model"
Xiaomi 15 Ultra 512 GB Gray,125000,Used,"Dhaka, Basundhara",20 hours ago,https://bikroy.com/basundhara/mobile-phones/xiaomi-15-ultra-512-gb-gray-xyfsEW1wyG4c7q16dk6l4oJo.html,3,2026-09-12T02:15:26.398840+00:00,individual,"Using for last 6 months.
Price is not negotiable. Please do not message, no one will read.
Complete Camera Kit also available.
Exchange possible with Galaxy S26 Ultra in mint condition and boxed, I will add cash
Or Pixel 10 Pro/Pro XL boxed, you have to add cash."
Xiaomi Poco F6 256 GB Gold,30500,Used,"Dhaka, Rampura",28/08,https://bikroy.com/rampura/mobile-phones/xiaomi-poco-f6-256-gb-gold-mSF9lVBxdScENOxStTvDgWzh.html,5,2026-09-12T02:15:27.087588+00:00,individual,"Poco f6 12/256bg
 Indian global Full box  no issue 

ডিসপ্লে বডিতে কোন ধরনের ডেন বা দাগ  নাই 
ফোনের কন্ডিশন সরাসরি এসে যত ইচ্ছে চেক করে নিতে পারবেন 
প্রাইস ৩০৫০০ টাকা সামান্য কিছু কমানো যেতে পারে 

আগ্রহী কেতারা  সরাসরি ইনবক্স অথবা কল করুন ধন্যবাদ"
Xiaomi Mi 11 256 GB Blue,20000,Used,"Dhaka, Savar",31/08,https://bikroy.com/savar/mobile-phones/xiaomi-mi-11-256-gb-blue-laAzyEqblmpHaeIUTFIObqDF.html,4,2026-09-12T02:15:27.630138+00:00,individual,"আসসালামু আলাইকুম 
 ফোনের মধ্যে কোন প্রবলেম নেই এক বছর হয়েছে ইউস করছি টাকার প্রয়োজন তাই ফোনটা বিক্রি করব। ফোনে ১২ জিবি রেম এবং 256 রোম ফোনে ৩০x জুম ক্যামেরা, ফোনটা পুরো নতুনের মত কোনরকম কোন দাগ নেই, চার্জ মোটামুটি আলহামদুলিল্লাহ ভালো থাকে, ইনশাল্লাহ আপনি ফোনের ঠকবেন না"
Xiaomi Redmi Note 15 256 GB Purple,29000,Used,"Dhaka, Tejgaon",2 days ago,https://bikroy.com/tejgaon/mobile-phones/xiaomi-redmi-note-15-256-gb-purple-a9L7Y0zJ79GwNU74FiTQfqzY.html,4,2026-09-12T02:15:28.258999+00:00,individual,"**Xiaomi Redmi Note 15 — 8GB/256GB | Excellent Condition**
বিক্রি হবে আমার ব্যবহৃত **Xiaomi Redmi Note 15 (8GB RAM + 256GB Storage)**। ফোনটি খুব যত্নসহকারে ব্যবহার করা হয়েছে এবং বর্তমানে সম্পূর্ণ ভালো অবস্থায় আছে। ফোনে কোনো ধরনের Fault নেই এবং কোনো Repair History-ও নেই।
 Purchase Date: 29-08-2026
 Selling Price: আলোচনা সাপেক্ষে"
Xiaomi Redmi 15C 4G 256 GB Black,18500,Used,"Dhaka, Dhanmondi",11 hours ago,https://bikroy.com/dhanmondi/mobile-phones/xiaomi-redmi-15c-4g-256-gb-black-r8apdRbv3WGz8W6pKPmpRKEr.html,3,2026-09-12T02:15:28.859590+00:00,individual,"""Welcome to ""Al Aqsa Mobile"" 
 Reach us___________________ 
 *Al Aqsa Mobile*
 Shop No-449 ,Lift -3, Orchard Point, Dhanmondi 7, Dhaka-1209
 Model : 15c
 RAM : 8 
 ROM : 256
 Price Fixed"
Xiaomi 13 128 GB Black,18000,Used,"Dhaka, Jatrabari",24/08,https://bikroy.com/jatrabari/mobile-phones/xiaomi-13-128-gb-black-aRuJK4mXitG636ZeKkcGsDgg.html,4,2026-09-12T02:15:29.268902+00:00,individual,Redmi Note 13. Fully fresh phone. Original charger and mobile box are available.
Xiaomi Mi 11 Ultra 256 GB White,28000,Used,"Dhaka, Savar",28/08,https://bikroy.com/savar/mobile-phones/xiaomi-mi-11-ultra-256-gb-white-b7eLN165U4now4umY7LJJntI.html,4,2026-09-12T02:15:29.988222+00:00,individual,"Assalamu Alaikum. I bought the phone 3 months ago. Everything is fine. There is a green line mark on the display. Other than this, there are no other problems with the phone. There is an opportunity to negotiate the price. Thank you"
Xiaomi Mi 11 Ultra 256 GB Black,35000,Used,"Dhaka, Badda",03/09,https://bikroy.com/badda/mobile-phones/xiaomi-mi-11-ultra-256-gb-black-aqINzstD0IVzolpeFIptyjov.html,5,2026-09-12T02:15:30.459964+00:00,individual,"একটা স্কাচ ও নাই ফোনে, নতুন অবস্থা থেকেই পলি করা দুই পাশেই।  ফোনের সাথে শুধু দোকানের ক্যাশ মেমো পাবেন  এবং  সিকিউরিটি হিসাবে ভোটার আইডি কার্ডের ফটোকপি পাবেন। 
ফোনের সবকিছু একশ একশ। আসবেন দেখবেন যদি ভালো লাগে নিবেন। বিস্তারিত অনলাইনে দেখে নিন।"
Xiaomi 12S Pro 256 GB White,32900,Used,"Dhaka, Mirpur",20 hours ago,https://bikroy.com/mirpur/mobile-phones/xiaomi-12s-pro-256-gb-white-4XVJoMRn9F73pRNQIIfsg3Pp.html,5,2026-09-12T02:15:30.923575+00:00,individual,"Xiaomi 12s Pro 5G
8gen 1 Snapdragon 
Fully Super Fresh 
Only device charger & Cashe memo
7Days Replacement & 1Year Service warranty, location :Mirpur Pallabi Notun thana.Dhaka Cash on Delivery possible All Bangladesh."
Xiaomi Redmi K50 Ultra 256 GB Blue,25499,Used,"Dhaka, Mirpur",11 hours ago,https://bikroy.com/mirpur/mobile-phones/xiaomi-redmi-k50-ultra-256-gb-blue-f8msEn2lMfV3kN2vlcF4ouDu.html,5,2026-09-12T02:15:31.730381+00:00,individual,"S A Gadget Mart. Shop No: 35, 3rd Floor, Baghdad Shopping Complex, Mirpur-1, Dhaka-1216.
Model:Xiaomi K50 Ultra 5g
RAM:12 GB
Storage: 256 GB
Battery: 5000 mAh
PRICE FIXED: 
Device and ,cash memo available
Replacement Guarantee: 7 Days. Service Warranty: 2 Years. Home delivery available all over Bangladesh."
Xiaomi Redmi Note 14 4G 256 GB Black,19000,Used,"Dhaka, Savar",25/08,https://bikroy.com/savar/mobile-phones/xiaomi-redmi-note-14-4g-256-gb-black-saeC89KyVEAibUCJpyy1vxZF.html,3,2026-09-12T02:15:32.242686+00:00,individual,"Redmi Note 14 (8GB+8GB RAM | 256GB) for sale.
Phone is in brand new, fresh condition. No marks, scratches, or dents. Used with care by a single owner, and never opened or repaired.
Phone specifications:
Comes with Original Box and Original Charger.
Perfect for those looking for a like-new phone at a lower price. Please do not bother unnecessarily."
Xiaomi Mi 11 Ultra 256 GB Black,32000,Used,"Dhaka, Khilkhet",30/08,https://bikroy.com/khilkhet/mobile-phones/xiaomi-mi-11-ultra-256-gb-black-2IDTTLZV1zGv3AyJpn0FqCs3.html,3,2026-09-12T02:15:32.850320+00:00,individual,For sale argent money
Xiaomi 12 256 GB,24000,Used,"Dhaka, Keraniganj",04/09,https://bikroy.com/keraniganj/mobile-phones/xiaomi-12-256-gb-CexGNmkQnC73sltqXe4Fb3Nq.html,5,2026-09-12T02:15:33.453479+00:00,individual,"Xiaomi 12 5G | 8GB RAM | 256GB ROM

🔹 Processor: Snapdragon 8 Gen 1
🔹 RAM: 8GB
🔹 ROM: 256GB
🔹 Color: Glow Blue
🔹 Box: নেই
🔹 Charger: নেই
🔹 Price: ৳25,000
🔹 Serious buyer-এর জন্য discount থাকবে।

🔥 Powerful Snapdragon 8 Gen 1 performance
✨ Premium Glow Blue color
💾 8/256GB — ample storage & smooth performance

📩 Interested buyers"
Xiaomi Mi 11 Ultra 256 GB White,32000,Refurbished,"Dhaka, Banglamotor",20 hours ago,https://bikroy.com/banglamotor/mobile-phones/xiaomi-mi-11-ultra-256-gb-white-w3rWwW6FavHQcohpGGtEGNFa.html,5,2026-09-12T02:15:33.978904+00:00,individual,"Xiaomi 11 Ultra 12/256GB
TK 32000/=
FULL FRESH CONDITION
You can check as much as you want
Our shop address Dhaka Elephant Road Motaleb Plaza 1205
Please call me for details 018XXXXXXXX"
Xiaomi Redmi 15C 256 GB Black,17499,Used,"Dhaka, Gulshan",2 hours ago,https://bikroy.com/gulshan/mobile-phones/xiaomi-redmi-15c-256-gb-black-boRxcdHqY3sSt0cjhyq74Uyg.html,4,2026-09-12T02:15:34.672197+00:00,individual,"Redmi 15 official full box 
Ram 8Gb Rom 256Gb 
Official warrenty ace 
Kono problem nai 
Processor dimensity 7050
Battery 5000 mah 
10 days replesment guaranty ace 
1 year service warranty ace 
Location Gulshan 2 land view shopping center shop number 24 ist floor 
Phone exchange kora hoy 
Friday market close 
Emi korta parben credit card dia"
Samsung Galaxy S24 Ultra 256 GB Gray,70000,Used,"Rajshahi, Boalia",23/08,https://bikroy.com/boalia/mobile-phones/samsung-galaxy-s24-ultra-256-gb-gray-C1mD7NUXoZ8rS2u9pjP28OlW.html,5,2026-09-12T02:15:35.118397+00:00,individual,"Used for about 8 months. Everything in the phone is okay, you can check it as much as you want. You will get two covers with the phone. 
The back shell color of the phone has faded. Only phone. NID and bank details can be provided as security."
Samsung Galaxy S26 Ultra 5G 512 GB Blue,115000,Used,"Rajshahi, Shaheb Bazar",20 hours ago,https://bikroy.com/shaheb-bazar/mobile-phones/samsung-galaxy-s26-ultra-5g-512-gb-blue-3tUSQVNHO7P9apzxgC7PxJcd.html,3,2026-09-12T02:15:35.684580+00:00,individual,"Samsung S26 Ultra, 12GB RAM, 512GB storage. Super condition. 7 days replacement guarantee. 1 year service warranty. #exchange possible. Our Address: Smart Choice, Shop No. 211, City Center, Beside Rajshahi College, Sonadighi Mor, Rajshahi. Call for any details:"
Samsung Galaxy S24 Ultra 256 GB Black,74900,Used,"Rajshahi, Shaheb Bazar",01/09,https://bikroy.com/shaheb-bazar/mobile-phones/samsung-galaxy-s24-ultra-256-gb-black-6ccDxNtB0TzJifILDioNAjPK.html,5,2026-09-12T02:15:36.441856+00:00,individual,"Used for 8months,no single scratches or dent.full fresh condition like new. Used very carefully,with back poly, back cover & screen protector.Everything is ok.New phone kinbo tai sell korci."
Samsung Galaxy S24 256 GB Purple,52990,Used,"Rajshahi, Boalia",26/08,https://bikroy.com/boalia/mobile-phones/samsung-galaxy-s24-256-gb-purple-wRML35PybDrFDxnxfeEbJYMF.html,3,2026-09-12T02:15:36.974286+00:00,individual,"ফোন নতুন কিনেছিলান, ফোন এর বক্স মেমো সব আছে, একটা চুল পরিমাণ দাগ নাই। কোন রিপিয়ার হিস্ট্রি নাই।

= কল রেকর্ড হয়।"
Samsung Galaxy Z Fold 5 512 GB Black,50000,Used,"Rajshahi, Hatemkha",03/09,https://bikroy.com/hatemkha/mobile-phones/samsung-galaxy-z-fold-5-512-gb-black-7QsCSHU9qxgDFgtSqDGaGbg9.html,4,2026-09-12T02:15:37.655409+00:00,individual,samsung z fold 5 12/512 all ok location rajshahi jekono sequrity dewa jabe   vlo phon pele exchange kora jbe
Samsung Galaxy S24 Ultra 256 GB White,87000,Used,"Rajshahi, Shaheb Bazar",20 hours ago,https://bikroy.com/shaheb-bazar/mobile-phones/samsung-galaxy-s24-ultra-256-gb-white-p7bmoGm97s1ouC3sSJuomc5V.html,4,2026-09-12T02:15:38.281132+00:00,individual,"Samsung S25 Ultra 
12 / 256 
Super condition 
7 days replacement guarantee  
1 year service warranty  
#exchange possible 
Our Address :
Smart Choice , Shop No. 211 , 
City Center , Beside of Rajshahi College , Sonadigir Mor, Rajshahi
Call for any details:"
Samsung Galaxy S23 Ultra 256 GB Gray,52000,Used,"Rajshahi, Kazla",05/09,https://bikroy.com/kazla/mobile-phones/samsung-galaxy-s23-ultra-256-gb-gray-dDvoPueMFVcMhgJnE6FVep3b.html,3,2026-09-12T02:15:38.893286+00:00,individual,100% fress dakhe niben
Samsung Galaxy S24 Ultra 256 GB Gray,77000,Used,"Rajshahi, Rajpara",02/09,https://bikroy.com/rajpara/mobile-phones/samsung-galaxy-s24-ultra-256-gb-gray-s9oUAIhUtjVoHuZnq6MMbJlK.html,3,2026-09-12T02:15:39.527229+00:00,individual,12/256 gb. Full fresh with full box.
Samsung Galaxy S24 Plus 256 GB Purple,55000,Used,"Rajshahi, Shaheb Bazar",29/08,https://bikroy.com/shaheb-bazar/mobile-phones/samsung-galaxy-s24-plus-256-gb-purple-cUhQT4LW4QP17UOEW64ygnnW.html,3,2026-09-12T02:15:40.152811+00:00,individual,"No issue 
Full fresh 🔥
12/256 
Lagle inbox...!"
Samsung Galaxy S24 Plus 256 GB Black,56500,Used,"Rajshahi, Boalia",03/09,https://bikroy.com/boalia/mobile-phones/samsung-galaxy-s24-plus-256-gb-black-fy5vyFeFE6X5fU9IOSDsBHDe.html,5,2026-09-12T02:15:40.856424+00:00,individual,"Full fresh
12 /256 
With box
Fixed price"
Samsung Galaxy S25 256 GB Silver,56000,Used,"Rajshahi, Durgapur",28/08,https://bikroy.com/durgapur-1/mobile-phones/samsung-galaxy-s25-256-gb-silver-2RAxhkTP7D6zPiPgAw6gdOT0.html,3,2026-09-12T02:15:41.458279+00:00,individual,"100% fresh 2 months used , iPhone Nibo tai sell korsi"
Samsung Galaxy S25 256 GB Blue,57000,Used,"Rajshahi, Kadirgonj",11 hours ago,https://bikroy.com/kadirgonj/mobile-phones/samsung-galaxy-s25-256-gb-blue-4XMUnSWsD8ZTC2HueIjou2ni.html,5,2026-09-12T02:15:42.071390+00:00,individual,"আসসালামু আলাইকুম ওয়া রহমাতুল্লহি ওবারকাতুহ 
ফ্রেশ কন্ডিশন
 বক্স: Only Device
 ক্যাশ মেমো: আছে
 রিপ্লেসমেন্ট গ্যারান্টি: ৭ দিন পর্যন্ত পাবেন ( শর্তসাপেক্ষে ) 
লোকেশন: রাজশাহী কাদিরগঞ্জ চালপট্টি, লার্জ ফার্মার পাশে , স্বপ্নচূড়া প্লাজা নগর ভবনের পিছে। 
 শপ নং: ১২৩ - নিচ তলা লিফটের পাশে 
 শপ নাম: Rajshahi Mobile Bari 019XXXXXXXX"
New Samsung Galaxy S24 Ultra 512 GB Black,74500,Brand New,"Rajshahi, Shaheb Bazar",31/08,https://bikroy.com/shaheb-bazar/mobile-phones/new-samsung-galaxy-s24-ultra-512-gb-black-isGTmyKd1fsh8KIRagRJfsvm.html,5,2026-09-12T02:15:42.883689+00:00,individual,"📱 Samsung Galaxy S24 Ultra — 512GB 🔥

✅ Model: Samsung S24 Ultra
💾 Storage: 512GB
🏪 Shop Name: City Gadget
📍 Location: Rajshahi City Center, 215 Shop
💯 ফোন দেখতে ও ব্যবহার করতে সরাসরি দোকানে আসতে পারবেন।

💰 Price: ৭৪,০০০ টাকা

📩 আগ্রহী হলে Inbox করুন অথবা সরাসরি লোকেশনে এসে দেখে নিন।
📞 যোগাযোগ 018XXXXXXXX"
Samsung Galaxy S25 Ultra 256 GB Silver,89000,Used,"Rajshahi, Rajpara",04/09,https://bikroy.com/rajpara/mobile-phones/samsung-galaxy-s25-ultra-256-gb-silver-3YjC9gw5uhMNsog4ebEswbLx.html,5,2026-09-12T02:15:43.511383+00:00,individual,"Samsung S25 Ultra – 12/256GB
RAM/ROM: 12GB / 256GB
Color: Titanium Silver Blue
Cash Memo: ফোনের সাথে ক্যাশ মেমো পাবেনCondition: একদম ফ্রেশ কন্ডিশন, প্রায় নতুনের মতো। কোনো স্ক্র্যাচ, দাগ বা ডেন্ট নেই। ফোন খুব যত্নসহকারে ব্যবহার করা হয়েছে।
Location: Rajshahi
Price: আলোচনা সাপেক্ষে
আগ্রহী হলে ইনবক্স করুন। সরাসরি দেখে নেওয়া সুযোগ থাকবে"
Samsung Galaxy A17 5G 128 GB Gray,20000,Used,"Rajshahi, Kadirgonj",11 hours ago,https://bikroy.com/kadirgonj/mobile-phones/samsung-galaxy-a17-5g-128-gb-gray-gsFW50WBY4chLVAiDuKhiw7Q.html,5,2026-09-12T02:15:44.117363+00:00,individual,"আসসালামু আলাইকুম ওয়া রহমাতুল্লহি ওবারকাতুহ 
ফ্রেশ কন্ডিশন
 বক্স: Only Device
 ক্যাশ মেমো: আছে
 রিপ্লেসমেন্ট গ্যারান্টি: ৭ দিন পর্যন্ত পাবেন ( শর্তসাপেক্ষে ) 
লোকেশন: রাজশাহী কাদিরগঞ্জ চালপট্টি, লার্জ ফার্মার পাশে , স্বপ্নচূড়া প্লাজা নগর ভবনের পিছে। 
 শপ নং: ১২৩ - নিচ তলা লিফটের পাশে 
 শপ নাম: Rajshahi Mobile Bari 019XXXXXXXX"
Samsung Galaxy S21 FE 5G 128 GB Green,18000,Used,"Rajshahi, Shaheb Bazar",29/08,https://bikroy.com/shaheb-bazar/mobile-phones/samsung-galaxy-s21-fe-5g-128-gb-green-3pbJRRVPKwwC7J0pAFE2lygp.html,5,2026-09-12T02:15:44.631319+00:00,individual,All ok . No issue just Display change full fresh phone Brand new condition
Samsung Galaxy S21 FE 5G 128 GB Gray,18500,Used,Rajshahi,01/09,https://bikroy.com/rajshahi/mobile-phones/samsung-galaxy-s21-fe-5g-128-gb-gray-nsZdBr2QWShGcxKfKSr15kz4.html,5,2026-09-12T02:15:45.040729+00:00,individual,"Samsung Galaxy S21 FE
✅ Model: Samsung Galaxy S21 FE
✅ RAM: 8GB
✅ Storage: 128GB
✅ Display: 6.4”, 120Hz
✅ 5G Supported
✅ Wi-Fi 6 Supported
✅ Fingerprint Sensor
✅ Phone performance & overall condition ভালো
💰 Price: ৳18500
📍 Location: Rajshahi
📩 Interested হলে Inbox করুন।
⚠️ অযথা দামাদামি না করার অনুরোধ। Genuine buyer হলে দেখে-শুনে নিতে পারবেন।"
Samsung Galaxy M12 128 GB Green,18000,Used,"Rajshahi, Rajpara",26/08,https://bikroy.com/rajpara/mobile-phones/samsung-galaxy-m12-128-gb-green-dRLlDkx8a0zGMSVHwSiApldN.html,5,2026-09-12T02:15:45.654045+00:00,individual,"এই দুইটা ফোনের কন্ডিশন একদম ফ্রেশ। দুইটা ফোনের বক্স আছে,ফোনের অর্জিনাল চার্জার নাই নস্ট হয়ে গেচিলো রার্নিং চার্জার দেওয়া হবে।ফোন দুইটা আমি নিজে চালাইতাম ফোনে কোন রকম সমস্যা নাই ফোন দুইটা চার্জ ব্রেকাপ ভালো ফোন সম্পূর্ণ ভালো আছে।লোকেশনে এসে সরাসরি দেখবেন যতক্ষন ইচ্ছা চেকবেক করে নিবেন। সিকিউরিটি হিসেবে যেইটা চাইবেন দেওয়া যাবে।দাম: ১০০০০+৮০০০৳"
New Samsung Galaxy A15 5G 256 GB White,18999,Brand New,"Rajshahi, Vodra",20 hours ago,https://bikroy.com/vodra/mobile-phones/new-samsung-galaxy-a15-5g-256-gb-white-khjzStvu9IVYXPSkuoRxP6hS.html,5,2026-09-12T02:15:46.340026+00:00,individual,"Experience smart design and incredible performance with the Samsung A15, your perfect choice.

Limited stock – first come, first served!
Our Address: Baneswar Shibpur Hat, Puthia, Rajshahi
100% Trustworthiness
Right price, right product
FAHIM mobile zone, your trusted mobile shop"
Samsung Galaxy S21 FE 128 GB Purple,25000,Used,"Rajshahi, Shaheb Bazar",22/08,https://bikroy.com/shaheb-bazar/mobile-phones/samsung-galaxy-s21-fe-128-gb-purple-xpMeSEXU9SbL751vQH1oyysy.html,5,2026-09-12T02:15:46.779134+00:00,individual,"I will sell my used Samsung Galaxy S21 FE 5G phone due to an urgent need. The phone was purchased from 'Sumash Tech' at Bashundhara City in Dhaka. It is completely fresh and in running condition.
Condition and Performance: There are no scratches or dents on the phone's body, back shell, and camera glass. The external outlook is as fresh as new."
Samsung Galaxy A34 5G 128 GB Black,21000,Used,"Rajshahi, Shaheb Bazar",06/09,https://bikroy.com/shaheb-bazar/mobile-phones/samsung-galaxy-a34-5g-128-gb-black-89LJgMUcIK9IL0obG8zrm3NU.html,5,2026-09-12T02:15:47.458447+00:00,individual,"ফোনের কনডিশন একদম নতুন।
ফোনের পিছনে ব্যাক পলি আছে,যার জন্য কোজ ক্র‍্যাচ পড়েনি।
ফোনের সাথে ওরিজিনাল স্যামসাং এর চার্জার আছে।
ফোন কিনার মেমো,বক্স সব আছে।"
Samsung Galaxy S23 256 GB Pink,23500,Used,"Rajshahi, Uposahar",01/09,https://bikroy.com/uposahar/mobile-phones/samsung-galaxy-s23-256-gb-pink-BYx0RZlpeMiBBwMtq0l2bbFe.html,5,2026-09-12T02:15:48.138291+00:00,individual,"Samsung s23 flagship device full offer 23.5k
Just display change
6.5k diye display lagano High quality IPS
Camera agun 

8k video kora jai
Snapdragon 8 gen 2 
8/256GB
Location: Rajshahi"
Samsung Galaxy S21 FE 5G 128 GB Gray,18000,Used,"Rajshahi, Shaheb Bazar",16/08,https://bikroy.com/shaheb-bazar/mobile-phones/samsung-galaxy-s21-fe-5g-128-gb-gray-U8R84gN8sECS5n7Z6giiGkn.html,5,2026-09-12T02:15:48.830118+00:00,individual,"Selling urgently due to needing money.
1. Display replaced due to green line issue. Market original display installed, fingerprint works with very good quality.
2. Everything else is original.
3. Phone has 1% problem. No scratches.
4. Price is slightly negotiable upon discussion.
5. Don't waste time quoting ridiculous prices. Contact quickly if you want to buy."
Samsung Galaxy S10 Plus 128 GB White,20000,Used,"Rajshahi, Paba",30/08,https://bikroy.com/paba/mobile-phones/samsung-galaxy-s10-plus-128-gb-white-oHeK45Cc8v4p1cz6GjlANFaF.html,5,2026-09-12T02:15:49.340158+00:00,individual,emergency sel daw hab  full fresh condition
Samsung Galaxy S21 FE 128 GB Gray,28500,Used,"Rajshahi, Tanore",29/08,https://bikroy.com/tanore/mobile-phones/samsung-galaxy-s21-fe-128-gb-gray-puj3391DSpS1WAK2izLvGQE3.html,3,2026-09-12T02:15:50.057703+00:00,individual,Sorom theke kena akdom notun er moto
Samsung Galaxy S23 Ultra 256 GB White,30000,Used,"Rajshahi, Mohanpur",1 day ago,https://bikroy.com/mohanpur/mobile-phones/samsung-galaxy-s23-ultra-256-gb-white-2AMT4Eldr0oG32e9jJV3Qjcg.html,5,2026-09-12T02:15:50.877699+00:00,individual,"Samsung s23
8-256 no problem only takar proyojo display orgnal"
Samsung Galaxy A34 5G 128 GB Green,19000,Used,"Rajshahi, Kazla",26/08,https://bikroy.com/kazla/mobile-phones/samsung-galaxy-a34-5g-128-gb-green-4WECbbC6zf8NVIwvKo6Y4xKE.html,3,2026-09-12T02:15:51.493860+00:00,individual,ফোনে কোনো ধরনের দাগ বা সমস্যা নাই আমার নিজের ব্যাবহার করা চাপাই থেকে নেওয়া হয়েছে সাথে কিছু নেই এনআইডি কার্ড দেওয়া জাবে দাম কিছু টা কমানো জাবে
New Samsung Galaxy S20+ 5G 256 GB Blue,22000,Brand New,"Rajshahi, Nawdapara",01/09,https://bikroy.com/nawdapara/mobile-phones/new-samsung-galaxy-s20-5g-256-gb-blue-tJfheCLFodkvT5znEt7M8wzo.html,4,2026-09-12T02:15:52.104830+00:00,individual,ফোন একেবারে ওকে।  কোনই সমস্যা নাই। ফোনের অরজিনাল ডিসপ্লে । মাদারবোর্ডে কোন কাজ করা নাই। কেউ নিতে চাইলে এই নাম্বারে ফোন দিবেন 017XXXXXXXX
Samsung Galaxy S24 Ultra 256 GB Silver,83000,Used,"Chattogram, Agrabad",09/05,https://bikroy.com/agrabad/mobile-phones/samsung-galaxy-s24-ultra-256-gb-silver-kh0pyyOSp9vMh32h4kTV7h0k.html,3,2026-09-12T02:15:52.921714+00:00,individual,"• Full fresh - not a single scratch
• Full box available (IMEI & Serial. matched)
• 12GB RAM / 256GB Storage
• Official phone
• First owner (personal use)
• Price fixed
• With original 45W adapter + cable
Serious buyers only inbox me."
Samsung Galaxy S24 Ultra 256 GB Silver,79000,Used,"Chattogram, Kotwali, Chattogram",20/07,https://bikroy.com/kotwali/mobile-phones/samsung-galaxy-s24-ultra-256-gb-silver-aQUrdG3t6ifUqQH27YqbQyQq.html,3,2026-09-12T02:15:53.537612+00:00,individual,No issues. Everything is original. The mobile has a screen protector and a lens protector applied. The memo will be provided with the mobile. You must come to the location to pick up the mobile.
New Samsung Galaxy Z Fold 5 256 GB White,95000,Brand New,"Chattogram, Pahartali",17/08,https://bikroy.com/pahartali/mobile-phones/new-samsung-galaxy-z-fold-5-256-gb-white-v8EDWq1XpUIkn6zAWYReuDh1.html,3,2026-09-12T02:15:54.460382+00:00,individual,Samsung z fold 5 Brand new condition 256 GB
New Samsung Galaxy s26 256 GB,114999,Brand New,"Chattogram, CDA Avenue",11 hours ago,https://bikroy.com/cda-avenue/mobile-phones/new-samsung-galaxy-s26-256-gb-mkbvfDnmZI7W37nvy1yxJadN.html,4,2026-09-12T02:15:54.883011+00:00,individual,"Display: 6.9"" QHD+ Dynamic LTPO AMOLED 2X, 120Hz, HDR10+, 2600 nits (peak)
Processor: Snapdragon 8 Elite Gen 5, 
Camera: 200MP Wide, 50MP Ultrawide, 10MP 3x, 50MP 5x Telephoto, 12MP Selfie, 8K video recording
Battery: Li-Ion 5000 mAh battery,
Enjoy EMI facilities up to 36 months through credit cards from over 20 banks. (*Conditions apply*)"
Samsung Galaxy S25+ 12/256GB FULL BOX (Used),85000,Used,"Chattogram, Chawkbazar",20 hours ago,https://bikroy.com/chawkbazar/mobile-phones/samsung-galaxy-s25-12-256gb-full-box-used-uRUdDTM73SzH6xroD0NgA4Pf.html,0,2026-09-12T02:15:55.477519+00:00,individual,"🔳 TWO MONTH USED ONLY AS LIKE AS NEW CONDITION
🔳 Storage: 12/256gb
🔳 Colour: SILVER
◾ Original Cable AND BOX

🔰 Our Speciality......................................

◾Original & Non-Refurbished Product
◾Emi Facilities Available*
◾Accept Visa, Master Card
◾Delivery Facility inside & Outside ctg.
◾Phone Exchange Facilities*
◾ All Products Original And Genuine.
◾Our All Product 7 Days replacement And 1 year Service Warranty



🔰 Our Showroom Address:


Rony Enterprise (Since 2007)
Bali Arcade Shopping Center
4th Floor, Shop no 03(infront of chawkbazar Post Office
Sirajuddula Road, Chawkbazar, Chattogram Show more"
Samsung Galaxy S25 Ultra 256 GB Blue,103000,Used,Chattogram,11/05,https://bikroy.com/chattogram/mobile-phones/samsung-galaxy-s25-ultra-256-gb-blue-wBM6eUgeyaTvVHJYvkIn3vle.html,3,2026-09-12T02:15:56.206618+00:00,individual,Brand new condition. Not a single scratch. Used for three months. Box and cable included. You must come to my residence for the location. Price is almost fixed.
Samsung Galaxy Z Flip6 512 GB White,130000,Used,"Chattogram, Mirsharai",08/08,https://bikroy.com/mirsharai/mobile-phones/samsung-galaxy-z-flip6-512-gb-white-4YS26EPVWOGhTN4W2Scx1hHv.html,3,2026-09-12T02:15:56.826769+00:00,individual,"Used for two months, still fully fresh, no problems with the mobile, like new"
Samsung Galaxy S25 Ultra 256 GB Blue,85000,Used,"Chattogram, Chandgaon",29/08,https://bikroy.com/chandgaon/mobile-phones/samsung-galaxy-s25-ultra-256-gb-blue-qgJonU3FYSnjfXkrPCF7kGmV.html,3,2026-09-12T02:15:57.433606+00:00,individual,"I live abroad, the mobile is with me, it has not been used, just turned it on, if anyone wants to take it, please send an SMS."
Samsung Galaxy S24 512 GB Black,84990,Used,"Chattogram, CDA Avenue",20 hours ago,https://bikroy.com/cda-avenue/mobile-phones/samsung-galaxy-s24-512-gb-black-dJz194axAQNfQVFkz3a2lh5l.html,2,2026-09-12T02:15:58.124002+00:00,individual,"Samsung Galaxy S24 Ultra (12GB / 512GB). Only used for a few months. Ready stock. Get 20% extra trade-in value for your old phone! Warranty benefits: 15-day replacement guarantee, lifetime service warranty. Call now: Finlay Square, Level-4, Shop-406, 2 No Gate, Nasirabad, Chattogram"
Samsung S26 ULTRA 12/256 NEW (Brand New),138000,Brand New,"Chattogram, Chawkbazar",20 hours ago,https://bikroy.com/chawkbazar/mobile-phones/samsung-s26-ultra-12-256-new-brand-new-2WxjmLrCfvcfsaNHyOY3dzvR.html,0,2026-09-12T02:15:58.788053+00:00,individual,"🔳 INTACT SEAL PACK 
🔳 Storage: 12/256GB
🔳 Colour: BLUE
◾ Box And Original Cable


🔰 Our Speciality......................................

◾Original & Non-Refurbished Product
◾Emi Facilities Available*
◾Accept Visa, Master Card
◾Delivery Facility inside & Outside ctg.
◾Phone Exchange Facilities*
◾Our All Product 7 Days replacement And 1 year Service Warranty



🔰 Our Showroom Address:


Rony Enterprise (Since 2007)
Bali Arcade Shopping Center
4th Floor, Shop no 03(infront of chawkbazar Post Office
Sirajuddula Road, Chawkbazar, Chattogram Show more"
Samsung Galaxy S24 Ultra 256 GB Silver,86000,Used,"Chattogram, Double Mooring",25/06,https://bikroy.com/double-mooring/mobile-phones/samsung-galaxy-s24-ultra-256-gb-silver-8PXh2Gu03AJT1bB0ruDMJrMv.html,5,2026-09-12T02:15:59.567068+00:00,individual,Comes with the original charging cable (unused) and 4 premium covers.
Samsung Galaxy S24 Ultra 256 GB Gray,80000,Used,"Chattogram, Kotwali, Chattogram",2 days ago,https://bikroy.com/kotwali/mobile-phones/samsung-galaxy-s24-ultra-256-gb-gray-gcyFfIPIhuTAarznCVVyoFMf.html,3,2026-09-12T02:16:00.297481+00:00,individual,"Contract - 
(Wp)
Used
Condition
No cracks
Physical Condition
256 GB
Internal Storage
12 GB
Ram
No
Card Slot
Triple 200 MP / 50 MP / 10 MP
Main Camera
12 MP
Selfie Camera
6.8 inches
Screen Size
1440 x 3120
Resolution
AMOLED
Display Type
Dual Nano-SIMs and eSIM
SIM
Android
Operating System
5000 mAh
Battery
Gray
Color"
Samsung Galaxy S24 Ultra 256 GB,79999,Used,"Chattogram, Muradpur",21 hours ago,https://bikroy.com/muradpur/mobile-phones/samsung-galaxy-s24-ultra-256-gb-ARLo6IJ0uVoJnUMQDwWnr42H.html,4,2026-09-12T02:16:00.727288+00:00,individual,"Samsung Galaxy S24 Ultra
12GB RAM / 256GB
Full Box
TDRA Dual SIM
Snapdragon 8 Gen 3
200MP Quad Camera with OIS & 100X Space Zoom
12MP Selfie Camera
Battery: 5000mAh
Benefits:
15-day replacement guarantee
Device – Shop No: 319, 3rd Floor
CPDL RB Midtown Market, Muradpur, Chattogram"
New Samsung Galaxy S25 Ultra 256 GB Black,99999,Brand New,"Chattogram, CDA Avenue",11 hours ago,https://bikroy.com/cda-avenue/mobile-phones/new-samsung-galaxy-s25-ultra-256-gb-black-dQ7YRE6nbI0M4sGPgYb5KYy9.html,3,2026-09-12T02:16:01.427859+00:00,individual,"Brand new Intech box! 
12GB/256GB
Black color

ক্রেডিট কার্ড এর মাধ্যমে ২০ টির অধিক ব্যাংকে ৩৬ মাস পর্যন্ত EMI এর সুবিধা রয়েছে। (*শর্ত প্রযোজ্য*)"
Samsung Galaxy S24 Ultra 256 GB Gray,75990,Used,"Chattogram, CDA Avenue",20 hours ago,https://bikroy.com/cda-avenue/mobile-phones/samsung-galaxy-s24-ultra-256-gb-gray-BhbPjfr2kdancDStmRasDquV.html,3,2026-09-12T02:16:02.111033+00:00,individual,"S24 ultra 12/256 
Duel sim
full fresh 
14 days replacement gurranty 1year service warranty 
Decent,finlay square ,4th ,floor,406
call us 018XXXXXXXX"
Samsung Galaxy S25 512 GB Blue,70000,Used,"Chattogram, Sitakunda",1 day ago,https://bikroy.com/sitakunda/mobile-phones/samsung-galaxy-s25-512-gb-blue-nB8QnLaUgmzxJ1YtfErK8Bbr.html,5,2026-09-12T02:16:02.866294+00:00,individual,"Samsung S25 12/512GB, only phone and cash memo.
Exchange only, no sale: Samsung S24 Ultra / iPhone 15 Pro / Vivo X200 Pro Global variant.
The mobile has not a single spot of issue, fully fresh with lamination, check as much as you like. The mobile was bought from abroad so the box couldn't be brought, but cash memo is available.
Don't bother with unnecessary lowball offers, inbox if you really want to buy."
Samsung Galaxy S24 Ultra 256 GB Black,75990,Used,"Chattogram, Chawkbazar",20 hours ago,https://bikroy.com/chawkbazar/mobile-phones/samsung-galaxy-s24-ultra-256-gb-black-5ora4ajEP6XBgOPqfVpEWN19.html,5,2026-09-12T02:16:03.468406+00:00,individual,"Samsung Galaxy S24 Ultra. Only few days used | Full fresh condition. 12GB RAM | 256GB Storage. Flagship Pro Camera. Premium Titanium Design. Super smooth performance. Price: 75,990৳"
Samsung Galaxy S22 Ultra 256 GB Black,32000,Used,"Chattogram, Boalkhali",28/08,https://bikroy.com/boalkhali/mobile-phones/samsung-galaxy-s22-ultra-256-gb-black-e08hXP35zh8O7znnWycY5GaL.html,5,2026-09-12T02:16:04.084642+00:00,individual,"✨ RAM: 12GB
💾 Storage: 256GB
🟢 Display: ১টি Green Line আছে
✅ Fingerprint: কাজ করে
📦 Case + Memo: আছে
🪪 ID Card: দেওয়া হবে
📱 ফোন: ব্যবহৃত / পলি করা
💰 চাওয়া দাম: ৩৫,০০০ টাকা
🤝 আলোচনা সাপেক্ষে
📍 লোকেশন: চট্টগ্রাম কালুরঘাট 
📞 যোগাযোগ 018XXXXXXXX"
Samsung Galaxy A17 5G 128 GB Black,28500,Used,"Chattogram, Satkania",17/08,https://bikroy.com/satkania/mobile-phones/samsung-galaxy-a17-5g-128-gb-black-iHsW8J0DIoFclIOtwSR2TK7K.html,3,2026-09-12T02:16:04.626695+00:00,individual,"*For Sale - Samsung Galaxy A17 5G (8GB/128GB)*
*Usage:* Only *1 month 24 days* 
*Condition:* *100% Fresh + Official*. Not a single scratch. Exactly like new.
*RAM/ROM:* *8GB RAM + 128GB Storage* + Memory card support"
Samsung Galaxy S24 Ultra 256 GB Silver,72000,Used,"Chattogram, Hathazari",25/08,https://bikroy.com/hathazari/mobile-phones/samsung-galaxy-s24-ultra-256-gb-silver-1iBqKlZRBs6El5rUvG2p10xj.html,5,2026-09-12T02:16:05.313833+00:00,individual,"12gb 256gb without box
Dual physical sim
Call record build in
Cash memo and 2 back cover"
Samsung Galaxy S21 Ultra 5G 256 GB Black,33500,Used,"Chattogram, Chawkbazar",05/09,https://bikroy.com/chawkbazar/mobile-phones/samsung-galaxy-s21-ultra-5g-256-gb-black-CozDVHcDxrItWab40tu16RFa.html,5,2026-09-12T02:16:06.032380+00:00,individual,"Dubai Theka niya aschi 
Set Almost Fresh Condition
Full Box Acha 
Iccah Moto cheak kora nita prbn 
Urgent Tk Dorkar"
New Samsung Galaxy S24 Ultra 256 GB Blue,58000,Brand New,"Chattogram, Double Mooring",08/09,https://bikroy.com/double-mooring/mobile-phones/new-samsung-galaxy-s24-ultra-256-gb-blue-ddLGQcbGQUhQXQAEiSHXFOh2.html,4,2026-09-12T02:16:06.448962+00:00,individual,"Samsung s 24 ultra with box
256 gb
All okh
Note: Display change only.
Other okh
Location: East Madarbari, Chattogram 
Location must
Contact 015XXXXXXXX"
Samsung Galaxy S23 Ultra 256 GB Purple,61500,Used,"Chattogram, Chandgaon",2 days ago,https://bikroy.com/chandgaon/mobile-phones/samsung-galaxy-s23-ultra-256-gb-purple-fwvnZJPgTMbeklDqx36eOrwB.html,3,2026-09-12T02:16:07.147189+00:00,individual,"ফ্রেস কন্ডিশনে মোবাইলটি রয়েছে, কোনরকমে কোন অসুবিধা মোবাইলে নেই। ফুল বক্স এবং চার্জার সহ রয়েছে। দুটো সুন্দর ব্যাক কভার রয়েছে।"
Samsung Galaxy S23 256 GB Green,38999,Used,"Chattogram, Nasirabad",01/09,https://bikroy.com/nasirabad/mobile-phones/samsung-galaxy-s23-256-gb-green-dotL5522wkaJrbB4S7qgQ5Gz.html,4,2026-09-12T02:16:07.901096+00:00,individual,"🔥 Samsung Galaxy S23 | Premium Deal 🔥

💰 Best Deal Available!

📱 Samsung Galaxy S23 — Base Variant
💾 8GB RAM | 256GB Storage
📦 With Full Box
✨ As Like New 

📞 Contact 019XXXXXXXX"
Samsung Galaxy S22 Ultra 256 GB Blue,35000,Used,"Chattogram, Bakoliya",06/09,https://bikroy.com/bakoliya/mobile-phones/samsung-galaxy-s22-ultra-256-gb-blue-B5xZnQ9RNRq3Ay9JDASsWT35.html,5,2026-09-12T02:16:08.504945+00:00,individual,"Samsung S22 Ultra 
Ram :12 
Rom : 256
*ফোন খোলা ফিটিংস হয় নাই, সব অরজিনিনাল।
*একদম ফ্রেশ ফোন,, লেডিস ইউস। 
*ফোনের সাথে বক্স,চার্জার দিবো।
ফোন সবকিছু ঠিক আছে শুধু গ্রীনলাইন ইস্যু ২ টা। আর কোন সমস্যা নাই।"
Samsung Galaxy S23+ 256 GB Black,29000,Used,"Chattogram, Halishahar",06/09,https://bikroy.com/halishahar/mobile-phones/samsung-galaxy-s23-256-gb-black-kv1x9rIFviucJN2IFUD938lU.html,5,2026-09-12T02:16:09.119821+00:00,individual,"Selling my Samsung Galaxy S23 Plus, used for 1.5 years.
Key Specifications:
* Storage/RAM: 8GB RAM / 256GB ROM
* Processor: Snapdragon 8 Gen 2 for Galaxy"
Samsung Galaxy S24 FE 128 GB White,41599,Used,"Chattogram, Agrabad",20 hours ago,https://bikroy.com/agrabad/mobile-phones/samsung-galaxy-s24-fe-128-gb-white-leqdQcuBFXsG6JhGq5r3usE.html,3,2026-09-12T02:16:09.888015+00:00,individual,"Samsung S24 FE 5G
Set in fully fresh condition
200% ok set
RAM 8+128
With charger
100% genuine phone... Not a single security issue please..."
Samsung Galaxy S23 128 GB White,35000,Used,"Chattogram, Chawkbazar",1 day ago,https://bikroy.com/chawkbazar/mobile-phones/samsung-galaxy-s23-128-gb-white-1IZImppXTG5VgahCr1VCJVxr.html,5,2026-09-12T02:16:10.454375+00:00,individual,"Samsung S23
RAM - 8GB
ROM - 128GB
Phone full fresh, one pink line on the display
I will provide box, cable and money receipt
Location: Puran Dhaka (Armanitola)
Must have to come to location"
Samsung Galaxy S25 Ultra 256 GB Black,84990,Used,"Dhaka, Mohammadpur",11 hours ago,https://bikroy.com/mohammadpur/mobile-phones/samsung-galaxy-s25-ultra-256-gb-black-cJV8GWTIv2WBLd6OKwTHNSGB.html,5,2026-09-12T02:16:11.245187+00:00,individual,"New arrival at the best price.
Get the new Samsung Galaxy S25 Ultra 5G Vietnam Global version.
Used in new condition, full box.
Exchange is possible.
We sell 100% original products.
You can check it however you like.
Warranty Policy:
7 days parts replacement warranty
2 years service warranty
Excludes LCD, software, and physical damage."
New Samsung Galaxy S26 512 GB White,195000,Brand New,"Dhaka, Uttara",16/08,https://bikroy.com/uttara/mobile-phones/new-samsung-galaxy-s26-512-gb-white-wIpYEidBB0YWYpDc9kzEfLt5.html,5,2026-09-12T02:16:11.671759+00:00,individual,"Brand New Samsung Galaxy S26 Ultra 12/512 With box, Chinese variant S Pen also included"
Samsung Galaxy S25 Ultra 256 GB,87500,Used,"Dhaka, Dhanmondi",21 hours ago,https://bikroy.com/dhanmondi/mobile-phones/samsung-galaxy-s25-ultra-256-gb-5afAgN2283EelIyyyx6yiDgD.html,5,2026-09-12T02:16:12.377885+00:00,business,"We provide a 15-day replacement guarantee excluding display issues and a lifetime service warranty excluding parts. Our shop location: Dhanmondi-7, Orchard Point Market, Dhaka, Floor-3, Shop: Taher Technology, No-425, Mob 019XXXXXXXX"
Samsung Galaxy S25 Ultra 256 GB White,88000,Used,"Dhaka, Savar",11 hours ago,https://bikroy.com/savar/mobile-phones/samsung-galaxy-s25-ultra-256-gb-white-1i0HcnNpprwDnaV89lvyrZ6u.html,4,2026-09-12T02:16:13.018322+00:00,individual,"Display:6.9′′ QHD+ Dynamic AMOLED 2X.
Resolution:3120 × 1440
Processor:Snapdragon 8 Elite for Galaxy.
RAM:12GB
Storage:256GB
Main Camera:200MP, OIS, f/1.7
Ultra-wide
50MP, f/1.9
Telephoto:50MP 5× Optical Zoom + 10MP 3× Optical Zoom
Front Camera:12MP
Video:সর্বোচ্চ 8K
Battery:5000mAh
Charging:
45W wired, wireless.
Android 15 + One UI 7
Network:5G"
Samsung Galaxy S25 Ultra 256 GB Blue,98000,Used,"Dhaka, Baridhara",11 hours ago,https://bikroy.com/baridhara/mobile-phones/samsung-galaxy-s25-ultra-256-gb-blue-deKepkViJaBCIpBVDY6hlIFe.html,5,2026-09-12T02:16:13.713645+00:00,individual,"Samsung S25 ultra 12/256
Full box, in pristine condition."
New Samsung Galaxy S25 Ultra 256 GB Graphite,81999,Brand New,"Dhaka, Savar",2 hours ago,https://bikroy.com/savar/mobile-phones/new-samsung-galaxy-s25-ultra-256-gb-graphite-be4gTCg0MfOczWD7uRxirDFP.html,3,2026-09-12T02:16:14.124164+00:00,individual,"Samsung S25 Ultra 
✨ একদম ফ্রেশ কন্ডিশন! 💯
🔹 কোনো দাগ নেই, খোলা বা সার্ভিসিং হয়নি। পার্টস ১০০% অরিজিনাল।
🎁 সাথে চার্জার ও শপের ক্যাশ মেমো পাবেন।
🛡️ ৭ দিনের রিপ্লেসমেন্ট ও ১ বছরের সার্ভিস ওয়ারেন্টি!
🏪 Livewire Savar - NTECH BD, সেনা শপিং কমপ্লেক্স, নবীনগর, সাভার।
🚚 সারা দেশে ক্যাশ অন ডেলিভারি।
📞 বিস্তারিত জানতে কল করুন 096XXXXXXXX"
Samsung Galaxy S25 Ultra 256 GB Gray,92000,Used,"Dhaka, Baridhara",12 hours ago,https://bikroy.com/baridhara/mobile-phones/samsung-galaxy-s25-ultra-256-gb-gray-BhTJYKJNxR4Nmy56kgeLHHSZ.html,5,2026-09-12T02:16:14.745209+00:00,individual,Full box and in pristine condition.
New Samsung Galaxy Z Flip7 256 GB,97999,Brand New,"Dhaka, Bashundhara City",11 hours ago,https://bikroy.com/bashundhara-city/mobile-phones/new-samsung-galaxy-z-flip7-256-gb-fZNeUOyNH5E3Xz1NMCEwittK.html,3,2026-09-12T02:16:15.239785+00:00,individual,"10 days replacement guarantee
2 years service warranty
Safe courier facility across the country
Attractive exchange offers
Basement-1, Shop-84, Bashundhara City Shopping Mall
Prices are subject to change. Please contact us on WhatsApp before visiting."
Samsung Galaxy S25 Ultra 256 GB Blue,85990,Used,"Dhaka, Uttara",2 hours ago,https://bikroy.com/uttara/mobile-phones/samsung-galaxy-s25-ultra-256-gb-blue-CvFPzzZdV2i9mjOXGnm3K3Vc.html,3,2026-09-12T02:16:15.952670+00:00,individual,"Western Mobile Fair
 # Shop No. 614/622/623/625 (Level #6) Tropical Alauddin Tower Uttara 
 Dear Honourable Customer 
  100% original device
 Full Factory unlock 
 EMI Available On ...  31 Banks credit card. Thanks for being with us."
Samsung Galaxy S25 Ultra 256 GB Blue,91000,Used,"Dhaka, Dhanmondi",11 hours ago,https://bikroy.com/dhanmondi/mobile-phones/samsung-galaxy-s25-ultra-256-gb-blue-nGGwNCSwm6iKb6fGIiTodBPV.html,5,2026-09-12T02:16:16.678154+00:00,individual,"Description
Welcome to ""Mobile Store""
Our Address:-
Mobile Store
Shop number - 408 (level 4)
Dhanmondi 32 Sukrabad bus stand
Phone number:
Specifications:-
Samsung S25 Ultra
RAM: 12
ROM: 256
>> Li-Ion: 5000
>> Rear: 200+10+50+50 Front: 12
Chipset >> Snapdragon 8 Elite
Display: Dynamic LTPO AMOLED 2X, 120Hz"
New Samsung Galaxy S25 Ultra 256 GB Purple,84990,Brand New,"Dhaka, Mirpur",2 hours ago,https://bikroy.com/mirpur/mobile-phones/new-samsung-galaxy-s25-ultra-256-gb-purple-B5L8TrIpi7TOjES4geI5DDxx.html,5,2026-09-12T02:16:17.385736+00:00,individual,">আদিবা টেলিকম >
দোকান নং: ৩৪, ৩য় তলা, বাগদাদ শপিং কমপ্লেক্স , মিরপুর- ১, ঢাকা- ১২১৬...
ফোনটি ১০০% জেনুইন এবং আমরা ৭দিন রিপ্লেসমেন্ট গ্যারান্টি। ও ১ বছর ফ্রী সার্ভিস ওয়ারেন্টি । ( Without Parts)
সারা বাংলাদেশ  কুরিয়ার চার্জ ফ্রি 
এক্সচেঞ্জ অফার। ডিসকাউন্ট প্রাইস।
100% frish"
Samsung Galaxy Z Flip7 512 GB Blue,210000,Used,"Dhaka, Mirpur",20 hours ago,https://bikroy.com/mirpur/mobile-phones/samsung-galaxy-z-flip7-512-gb-blue-iUFR2i0ILFw2ZnFM5iRf1mJ4.html,4,2026-09-12T02:16:18.114837+00:00,individual,"Brought from Saudi Arabia, selling due to urgent need. Used for only 15 days"
Samsung Galaxy S25 Ultra 256 GB White,91000,Used,"Dhaka, Baridhara",11 hours ago,https://bikroy.com/baridhara/mobile-phones/samsung-galaxy-s25-ultra-256-gb-white-foWlXuDs3rLYnMo1D46XSZ5n.html,5,2026-09-12T02:16:18.833212+00:00,individual,Samsung S25 ultra 12/256 without box fresh condition
Samsung Galaxy Z Fold7 512 GB Blue,139990,Used,"Dhaka, Mohammadpur",2 hours ago,https://bikroy.com/mohammadpur/mobile-phones/samsung-galaxy-z-fold7-512-gb-blue-cNJHUf3HgcCpWHmm1xf2BQzR.html,5,2026-09-12T02:16:19.144050+00:00,individual,"Shop Name :Ab international 
Level -06 Shop number-(657,658)
Tokyo Square,Japan garden city, Mohammadpur
Call us for any question
 USED ফোন কিনে নিয়ে আর কোন দুশ্চিন্তা নয় কারণ আমরা দিচ্ছি ১০০% অরিজিনাল এবং অথেন্টিক ফোন। 
৭ দিনের মধ্যে কোনরকম প্রবলেম হলে রিপ্লেস করে দেওয়া হবে( Expect display issues)
এক বছরের ফ্রি সার্ভিস ওয়ারেন্টি"
Samsung Galaxy S23 Ultra 512 GB Red,60000,Used,"Dhaka, Uttara",02/09,https://bikroy.com/uttara/mobile-phones/samsung-galaxy-s23-ultra-512-gb-red-mlt8L0lwcWKyQbgf1JrbMLtv.html,5,2026-09-12T02:16:19.882564+00:00,individual,"ফ্রেশ কন্ডিশন, কোনো ধরনের দাগ বা স্কেচ নেই। একদম নতুনের মতো যত্ন নিয়ে ব্যবহার করা হয়েছে।
​ব্যাটারি ব্যাকআপ: অসাধারণ ব্যাটারি ব্যাকআপ, চার্জ থাকে অনেকক্ষণ।
​অন্যান্য: ক্যামেরা, পারফরম্যান্স বা সবদিক থেকেই ফোনটি শতভাগ নিখুঁত ও ট্রাবল-ফ্রি।
​জরুরি প্রয়োজনে ফোনটি বিক্রি করা হচ্ছে। আগ্রহী ক্রেতারা ইনবক্সে যোগাযোগ করুন বা সরাসরি কল করুন।"
Samsung Galaxy A34 5G 128 GB Yellow,23000,Used,"Dhaka, Mohammadpur",04/09,https://bikroy.com/mohammadpur/mobile-phones/samsung-galaxy-a34-5g-128-gb-yellow-2vLnHrm5BjAa66wudka1EBMl.html,3,2026-09-12T02:16:20.468042+00:00,individual,"জরুরি ভিত্তিতে আমার Samsung Galaxy A34 5G ফোনটি বিক্রয় করব। ফোনটি সম্পূর্ণ ফ্রেশ ও ১০০% অফিশিয়াল/জেনুইন। ফোনে কোনো ধরনের ইন্টারনাল বা এক্সটারনাল সমস্যা নেই, একদম স্মুথ চলে।
​Model: Samsung Galaxy A34 5G
​Color: Lime Green
​RAM/ROM:  8GB / 128GB
​Condition: ফ্রেশ
​সাথে যা যা পাবেন:
বক্স and ​Samsung Original charger  
​লোকেশন: আদাবর, ১৭ /C"
Samsung Galaxy S23 Ultra 256 GB Green,50000,Used,"Dhaka, Mirpur",09/09,https://bikroy.com/mirpur/mobile-phones/samsung-galaxy-s23-ultra-256-gb-green-8cj1Kwrcwyy8yL8OrP7SH7Nu.html,5,2026-09-12T02:16:21.185843+00:00,individual,Full authentic phone all original parts just main screen minor crack and no other issue camera s pen all perfect 256 gb exchange possible phone comes without box only device
New Samsung Galaxy A56 128 GB Gray,44000,Brand New,"Dhaka, Uttara",20 hours ago,https://bikroy.com/uttara/mobile-phones/new-samsung-galaxy-a56-128-gb-gray-ilMiglVoQqrRbnTPCfAEAp9Q.html,3,2026-09-12T02:16:21.553771+00:00,individual,"Grab the brand new Galaxy A56 5G in Gray with 8/128GB capacity!
100% original and non-refurbished product.
Enjoy a 7-day replacement guarantee and a 1-year service warranty.
Easy EMI facilities are also available.
Contact us today!
Exchange Hub
Shop No: 610, 611, 628 & 629, Level-6, Tropical Alauddin Tower
Sector 3, Road 2, Rajlaxmi, Uttara.
Call for details 017XXXXXXXX"
Samsung Galaxy S23 Plus 256 GB,36000,Used,"Dhaka, Mogbazar",02/09,https://bikroy.com/mogbazar/mobile-phones/samsung-galaxy-s23-plus-256-gb-xb7fi90sm8ji6KGGlsekf6lS.html,5,2026-09-12T02:16:22.301616+00:00,individual,Chikon akta green line porse...R display te dui side e dag ache ta chara all ok..
Samsung Galaxy S23 Ultra 256 GB Green,49000,Used,"Dhaka, Savar",03/09,https://bikroy.com/savar/mobile-phones/samsung-galaxy-s23-ultra-256-gb-green-lfoyhkvSbhZIcLe1GxB8KFnn.html,5,2026-09-12T02:16:23.021034+00:00,individual,"Samsung S23 ultra

12/256gb

1 ta esim/1 ta physical

সব কিছু ওরজিনাল এবং অথেনটিক

Camera 100x পর্যন্ত ওকে, প্রোট্রেট ও আগুন।ক্যাশ মেমো আছে ইমারজেন্সি টাকার প্রয়োজন সে কারণে বিক্রি করতেছি"
Samsung Galaxy S20+ 5G 128 GB Black,23500,Used,"Dhaka, Savar",05/09,https://bikroy.com/savar/mobile-phones/samsung-galaxy-s20-5g-128-gb-black-2NbJ9Q1relzT1z9ciqF1f8oV.html,5,2026-09-12T02:16:23.571624+00:00,individual,"Full Fresh & Intact Condition
Not opened yet condition

 With charger and cable.

Used with a single hand
Everything 100% Authentic
Check as much as you want before buying. Take
it only if you like it-no rush."
New Samsung Galaxy A57 128 GB Blue,46500,Brand New,"Dhaka, Uttara",20 hours ago,https://bikroy.com/uttara/mobile-phones/new-samsung-galaxy-a57-128-gb-blue-nkirJSyijdF8luPGnybehDF1.html,3,2026-09-12T02:16:24.359103+00:00,individual,"Brand New Galaxy A57 8/128GB Navy Blue
Physical Dual Sim 
Made by Vietnam 



🟡 100% Original & Non Refurbished Product

🟡 7 Days Replacement & 1 Year Service Warranty

🟡 EMI Facility is also AVAILABLE

Contact Us

Exchange Hub

Shop No: 610, 611, 628 & 629 Level-6, Tropical Alauddin Tower

Sector 3, Road 2, Rajlaxmi, Uttara."
Samsung Galaxy S24 256 GB Black,44000,Used,"Dhaka, Jamuna Future Park",2 hours ago,https://bikroy.com/jamuna-future-park/mobile-phones/samsung-galaxy-s24-256-gb-black-hVFLfmVhBQiR7n8u6IUKqRS6.html,5,2026-09-12T02:16:25.009670+00:00,individual,"Samsung S24 -Best condition 
•Used (Only Device)
• 8/256 GB Storage
• Color: Black
• Absolutely fresh, no issues
• Box/Charger: None
• Price: ৳44000

We Will Provide:
7 days replacement guarantee
(without display & software update issue)
3 years free service warranty"
Samsung Galaxy S22 5G 256 GB Black,45000,Used,"Dhaka, Mirpur",02/09,https://bikroy.com/mirpur/mobile-phones/samsung-galaxy-s22-5g-256-gb-black-yLw98WA1xAgsskUrjHWdWhDH.html,3,2026-09-12T02:16:25.748266+00:00,individual,"Alhamdulillah, there are no cracks or scratches of any kind on the phone. The phone is in completely fresh condition. It comes with the phone's box and intact original cable. A 3M sticker is applied to the back of the phone. If the sticker is removed, the phone will look 100% like it was just taken out of a showroom. The battery backup is Alhamdulillah very good. The camera quality and sound quality are Alhamdulillah very good. Show more"
Samsung Galaxy S23 Ultra 512 GB Gold,65000,Used,"Dhaka, Kamrangirchar",04/09,https://bikroy.com/kamrangirchar/mobile-phones/samsung-galaxy-s23-ultra-512-gb-gold-vav1YTqGnzQNXNJCe3iQJZsW.html,3,2026-09-12T02:16:26.296204+00:00,individual,"Urgent Sale: Samsung Galaxy S23 Ultra 5G (Cream)
এক বছর অত্যন্ত যত্নসহকারে ব্যবহার করা হয়েছে, ফোনটি একদম সুপার ফ্রেশ কন্ডিশনে আছে (10/10)। কোনো প্রকার স্ক্র্যাচ, ডেন্ট বা ইন্টারনাল সমস্যা নেই। ক্যামেরা ও ডিসপ্লে পারফরম্যান্স সম্পূর্ণ নতুন ফোনের মতোই।
​What You Will Get:
​S-Pen
​Original Type-C Cable
​Cover"
Samsung Galaxy S24 Ultra 256 GB Yellow,73000,Used,"Dhaka, Mohakhali",08/09,https://bikroy.com/mohakhali/mobile-phones/samsung-galaxy-s24-ultra-256-gb-yellow-hHpIbqcW10h7BdLMz0WIrvg9.html,5,2026-09-12T02:16:26.715823+00:00,individual,"Samsung s24 ultra.Korean varient.Korea samsung official theke purchase kora hoyechilo tai sathe box nai. Korean varient sob theke optimized hoi.Sob kichu okay ache.phn a body te kuno scratch ba dents nai.Phn fully poly kora ache.latest update dewa.
Location:mohakhali,dhaka
What'sapp:"
Samsung Galaxy S23 Ultra 256 GB Pink,53000,Used,"Dhaka, Motalib Plaza",20 hours ago,https://bikroy.com/motalib-laza/mobile-phones/samsung-galaxy-s23-ultra-256-gb-pink-dKO6G140MWmoUvuTG8yYXorF.html,5,2026-09-12T02:16:27.323178+00:00,individual,"মোবাইলের বিস্তারিত:
Brand & Model: Samsung S23 Ultra
RAM: 12GB
ROM: 256GB
Condition:Used
Warranty: ৭দিনের গ্যারান্টি ও ২বছরের সার্ভিস ওয়ারেন্টি পাবেন।

✔️ ফোন দেখে ও চেক করে কেনার সুযোগ
✔️ ফোনের কন্ডিশন সম্পর্কে পরিষ্কার তথ্য
✔️ সাশ্রয়ী দামে ভালো ফোন

🏪 Gadget Store
📍 Motalib Plaza, Shop No: 600G, Sonargaon Road, Hatirpool, Dhaka"
S23 Ultra Original Display (Pulled from Phone),25000,Used,"Dhaka, Khilgaon",20 hours ago,https://bikroy.com/khilgaon/cell-phones-tablets-accessories/s23-ultra-original-display-phone-khola-mmsSx7DXreI10SHyOQb2XvOx.html,5,2026-09-12T02:16:28.126004+00:00,individual,"Original Dynamic AMOLED 2X display pulled from a Samsung Galaxy S23 Ultra. Comes with a one-month replacement warranty. This is the display without the frame; waterproof and dustproof stickers are included. Address: Roza Telecom, Shop 225, 2nd Floor, Khilgaon Taltala City Corporation Market, Dhaka. You can visit the shop for professional fitting. Customers outside Dhaka can order via courier with cash on delivery. For a video of the display, message the model number on WhatsApp. The video link is provided above. Show more"
Apple iPhone 16 Pro Max 256 GB White,128550,Used,"Rajshahi, Boalia",09/05,https://bikroy.com/boalia/mobile-phones/apple-iphone-16-pro-max-256-gb-white-5PLV8YML3K5B5UUDTl06edpI.html,2,2026-09-12T02:16:28.456927+00:00,individual,"As like New and fresh condition. 92% BH. Physical dual sim with full box. White titanium. Hong Kong variant. Selling reason: Purchase 17 Pro Max. No exchange, only cash."
Apple iPhone 17 Pro Singapore (Used),138000,Used,Rajshahi,20 hours ago,https://bikroy.com/rajshahi/mobile-phones/apple-iphone-17-pro-singapore-used-gjdXKaTsZXJhreicuen5bawd.html,0,2026-09-12T02:16:28.967533+00:00,individual,"iPhone 17 Pro 🔥 256 GB, 100% Battery Health. Singapore physical SIM version. Super condition. 7 days replacement guarantee. 1-year service warranty. #ExchangePossible. Our Address: Smart Choice, Shop No. 211, City Center, Beside Rajshahi College, Sonadighi Mor, Rajshahi. Call for details."
New Apple iPhone 16 Pro Max 256 GB White,120000,Brand New,"Rajshahi, Shaheb Bazar",20 hours ago,https://bikroy.com/shaheb-bazar/mobile-phones/new-apple-iphone-16-pro-max-256-gb-white-zi5XoCbFn23gTyfK7KKqstGV.html,3,2026-09-12T02:16:29.703445+00:00,individual,"iPhone 16 Pro Max

256 GB, 100% Battery Health

Physical SIM

Experience Super Condition 🔥🔥

Enjoy a 7-day replacement guarantee ✅ 
Get a 1-year service warranty ✅ 

#Exchange possible ✅

Our Address:
Smart Choice, Shop No. 211,
City Center, Beside Rajshahi College, Sonadighi Mor, Rajshahi"
Apple iPhone 17 Pro Max 256 GB Blue,152000,Used,"Rajshahi, Shaheb Bazar",20 hours ago,https://bikroy.com/shaheb-bazar/mobile-phones/apple-iphone-17-pro-max-256-gb-blue-11qaF5s38zvfsBJt5Pcb14B3.html,4,2026-09-12T02:16:30.299740+00:00,individual,"iPhone 17 Pro Max, 256 GB, 100% Battery Health, Cycle Count 105, USA origin. Super condition. 7 days replacement guarantee, 1 year service warranty. Exchange possible. Our Address: Smart Choice, Shop No. 211, City Center, Beside Rajshahi College, Sonadighi Mor, Rajshahi. Call for any details"
New Apple iPhone 16 Pro Max 256 GB Gold,125000,Brand New,"Rajshahi, Kadirgonj",09/05,https://bikroy.com/kadirgonj/mobile-phones/new-apple-iphone-16-pro-max-256-gb-gold-66aAqTrqhBhcLiAWyPR5M47X.html,5,2026-09-12T02:16:30.936007+00:00,business,"iPhone 16 Pro Max. 95% Battery Health, 256GB. Buy your favorite iPhone from TECH LIFE because we offer the best price, premium quality, and hassle-free customer service! Shop Location: Shop number: 121, Sopnochura plaza, kadirgonje."
Apple iPhone 16 Pro Max 512 GB Gold,122000,Used,Rajshahi,03/08,https://bikroy.com/rajshahi/mobile-phones/apple-iphone-16-pro-max-512-gb-gold-xB8vI3tSB2mrLjPvibePbVad.html,5,2026-09-12T02:16:31.572748+00:00,individual,"Full Fresh (fixed price)
Check as much as you want 
BTH 92%
Storage 512
3 covers will come with the phone 
Phone will come with box, NID will be given 
USA variant
iOS version 26.05.02"
Apple iPhone 17 Pro Max 256 GB Orange,140000,Used,"Rajshahi, Shaheb Bazar",21 hours ago,https://bikroy.com/shaheb-bazar/mobile-phones/apple-iphone-17-pro-max-256-gb-orange-6xyIFcf1PbAIJoUmIsUnFsJq.html,2,2026-09-12T02:16:32.179732+00:00,individual,"IPhone 17 Pro Max
256 GB 100% Battery Health
Japan
Super condition
Enjoy 7 days replacement guarantee
Enjoy 1 year service warranty
#exchange possible
Our Address:
Smart Choice, Shop No. 211,
City Center, Beside of Rajshahi College, Sonadigir Mor, Rajshahi
Call for any details"
New Apple iPhone 17 Pro Max 256 GB Orange,140000,Brand New,"Rajshahi, Shaheb Bazar",20 hours ago,https://bikroy.com/shaheb-bazar/mobile-phones/new-apple-iphone-17-pro-max-256-gb-orange-mSZEt9xQ9Fqah5375S8SIsmj.html,5,2026-09-12T02:16:32.645464+00:00,individual,"Iphone 17 pro max
256 100
Cc 110
Super condition 
7 days replacement guarantee  
1 year service waranty  
#exchange possible 
Our Address :
Smart Choice , Shop No. 211 , 
City center , Beside of Rajshahi College , Sonadigir mor Rajshahi
Call for any details:"
Apple iPhone 16 Pro Max 256 GB Black,123000,Used,"Rajshahi, Shaheb Bazar",20 hours ago,https://bikroy.com/shaheb-bazar/mobile-phones/apple-iphone-16-pro-max-256-gb-black-5EdAlqubHMlvpkXPmYzjkxCr.html,2,2026-09-12T02:16:33.356343+00:00,individual,"iPhone 16 Pro Max
256 GB, 99% Battery Health
Australia variant
Super condition
7 days replacement guarantee
1 year service warranty
#exchange possible
Our Address:
Smart Choice, Shop No. 211,
City Center, Beside Rajshahi College, Sonadighi Mor, Rajshahi
Call for any details:"
Apple iPhone 16 Pro Max 512 GB Gray,120000,Used,Rajshahi,20 hours ago,https://bikroy.com/rajshahi/mobile-phones/apple-iphone-16-pro-max-512-gb-gray-ad8jHOosp6iFW36v5PGztkH3.html,3,2026-09-12T02:16:33.865255+00:00,individual,"iPhone 16 Pro Max 
512 GB 100% Battery Health 
Physical SIM 
Super condition 
7 days replacement guarantee  
1 year service warranty  
#exchange possible 
Our Address :
Smart Choice , Shop No. 211 , 
City center , Beside of Rajshahi College , Sonadigir mor Rajshahi
Call for any details"
Apple iPhone 16 Pro Max 256 GB Gold,140000,Used,"Rajshahi, Vodra",11/08,https://bikroy.com/vodra/mobile-phones/apple-iphone-16-pro-max-256-gb-gold-uHlECjiTIiHFZLDRNjIZvy3w.html,3,2026-09-12T02:16:34.488227+00:00,individual,"iPhone 16 Pro Max — Singapore Variant
Storage: 256GB
Battery Health: 97%
Variant: Singapore
Condition: Completely good, no issues
Box & Accessories: Everything is included
Face ID / True Tone / Camera: Everything is working fine
Kept with great care
Only genuinely interested people should contact."
Apple iPhone 16 Pro Max 256 GB Gold,127000,Used,"Rajshahi, Shaheb Bazar",20/08,https://bikroy.com/shaheb-bazar/mobile-phones/apple-iphone-16-pro-max-256-gb-gold-jW7nEm7s3EnN3akTJ229KCvX.html,4,2026-09-12T02:16:35.214465+00:00,individual,"Iphone 16 pro max
box and cash memo available 
warrenty 2 month available
USA varient
256 gb
fully fresh
BH 100%
92 charging cycle"
Apple iPhone 17 Pro Max 512 GB Blue,165000,Used,"Rajshahi, Shaheb Bazar",20 hours ago,https://bikroy.com/shaheb-bazar/mobile-phones/apple-iphone-17-pro-max-512-gb-blue-csV8slMWeD0XUh2vOu3pydkj.html,2,2026-09-12T02:16:35.739345+00:00,individual,"iPhone 17 Pro Max, 512 GB, 100% battery health, cycle count 105. Super condition. Comes with a 7-day replacement guarantee and 1-year service warranty. Exchange possible. Our Address: Smart Choice, Shop No. 211, City Center, Beside Rajshahi College, Sonadighi Mor, Rajshahi. Call for details."
Apple iPhone 17 Pro Max 256 GB Silver,145000,Used,"Rajshahi, Shaheb Bazar",20 hours ago,https://bikroy.com/shaheb-bazar/mobile-phones/apple-iphone-17-pro-max-256-gb-silver-hLhg4H3itM9ABXK04yoqmsQi.html,3,2026-09-12T02:16:36.342346+00:00,individual,"iPhone 17 Pro Max
256 GB, 100% Battery Health
Super condition
7 days replacement guarantee
1 year service warranty
#exchange possible
Our Address:
Smart Choice, Shop No. 211,
City Center, Beside Rajshahi College, Sonadighi Mor, Rajshahi
Call for any details:"
Apple iPhone 14 Pro Max 256 GB White,85500,Used,"Rajshahi, Nawdapara",03/09,https://bikroy.com/nawdapara/mobile-phones/apple-iphone-14-pro-max-256-gb-white-5W2Xz2ilWbrQ1cT2vKcx5Xgr.html,5,2026-09-12T02:16:36.924496+00:00,individual,"আমি প্রথম ইউজার,,,, কোন প্রকার সমস্যা নাই,,,, একদম নতুন ফোন,,,, 15 pro max নিবো তাই সেল করে দিচ্ছি,,,, ব্যাটারি হেল্থ ৯২ 🔋USA varrient,, যত ইচ্ছা চেক করে নিবেন,,,, সাথে ওরিজিনাল চার্জার ও কেবল দেওয়া হবে ❤️ যোগাযোগ নাম্বার 019XXXXXXXX"
Apple iPhone 14 Pro Max 256 GB Black,66500,Used,Rajshahi,04/09,https://bikroy.com/rajshahi/mobile-phones/apple-iphone-14-pro-max-256-gb-black-iGpcdozoRE1E46WZp0kca0jh.html,5,2026-09-12T02:16:37.256840+00:00,individual,"Phone sob kichu original... 2 ta psychical dual sim...
Security hisebe ja chan dewa Jabe ... Memo ache
Dam kichu ta kom rakha Jabe newar moto dam bolben aje baje dam bolben na....

Number 017XXXXXXXX"
New Apple iPhone 15 128 GB Pink,60000,Brand New,"Rajshahi, Shaheb Bazar",20 hours ago,https://bikroy.com/shaheb-bazar/mobile-phones/new-apple-iphone-15-128-gb-pink-53q78tUVolUACOZSUSrcaQgu.html,2,2026-09-12T02:16:37.774886+00:00,individual,"iPhone 15
128 GB, 85-100% Battery Health
Physical SIM
Super condition
Enjoy a 7-day replacement guarantee
1-year service warranty
#Exchange possible
Our Address:
Smart Choice, Shop No. 211,
City Center, Beside Rajshahi College, Sonadighi Mor, Rajshahi
Call for any details:"
Apple iPhone 15 128 GB Black,58500,Used,Rajshahi,26/08,https://bikroy.com/rajshahi/mobile-phones/apple-iphone-15-128-gb-black-a4oEq8ZmlYGLGthLMUs67m2w.html,5,2026-09-12T02:16:38.501740+00:00,individual,"Full Fresh Phone ✅
No Scratches All Ok ✅"
Apple iPhone 16 128 GB White,69000,Used,"Rajshahi, Shaheb Bazar",20 hours ago,https://bikroy.com/shaheb-bazar/mobile-phones/apple-iphone-16-128-gb-white-kf4Ow26G5OQJFaPzAD2zykdL.html,3,2026-09-12T02:16:39.210654+00:00,individual,"iPhone 16
128 GB, 100% Battery Health
Super condition
7 days replacement guarantee
1 year service warranty
#exchange possible
Our Address:
Smart Choice, Shop No. 211,
City Center, Beside Rajshahi College, Sonadighi Mor, Rajshahi
Call for any details:"
Apple iPhone 14 Pro 128 GB Gray,67000,Used,"Rajshahi, Kadirgonj",11 hours ago,https://bikroy.com/kadirgonj/mobile-phones/apple-iphone-14-pro-128-gb-gray-6vTFl9lFg3Q9G4CBlueCeFWN.html,5,2026-09-12T02:16:39.721245+00:00,individual,"আসসালামু আলাইকুম ওয়া রহমাতুল্লহি ওবারকাতুহ 
ফ্রেশ কন্ডিশন
 বক্স: Only Device
 ক্যাশ মেমো: আছে
 রিপ্লেসমেন্ট গ্যারান্টি: ৭ দিন পর্যন্ত পাবেন ( শর্তসাপেক্ষে ) 
লোকেশন: রাজশাহী কাদিরগঞ্জ চালপট্টি, লার্জ ফার্মার পাশে , স্বপ্নচূড়া প্লাজা নগর ভবনের পিছে। 
 শপ নং: ১২৩ - নিচ তলা লিফটের পাশে 
 শপ নাম: Rajshahi Mobile Bari 019XXXXXXXX"
Apple iPhone 15 Plus 128 GB Black,65000,Used,"Rajshahi, Shaheb Bazar",20 hours ago,https://bikroy.com/shaheb-bazar/mobile-phones/apple-iphone-15-plus-128-gb-black-39lMK4kbQi46v2oAe9V2gR8W.html,3,2026-09-12T02:16:40.337552+00:00,individual,"iPhone 15 Plus
128GB / 89% Battery Health
Physical SIM
Super condition
7 days replacement guarantee
1 year service warranty
#exchange possible
Our Address:
Smart Choice, Shop No. 211,
City Center, Beside Rajshahi College, Sonadighi Mor, Rajshahi
Call for any details:"
Apple iPhone 14 Pro Max 256 GB Purple,74000,Used,"Rajshahi, Shaheb Bazar",21 hours ago,https://bikroy.com/shaheb-bazar/mobile-phones/apple-iphone-14-pro-max-256-gb-purple-chrDhW9u7STAZkcpUOjNWLjF.html,3,2026-09-12T02:16:41.053951+00:00,individual,"iPhone 14 Pro Max, 256 GB, 81% battery health. Physical SIM. Super condition. 7 days replacement guarantee. 1 year service warranty. #exchange possible. Our Address: Smart Choice, Shop No. 211, City Center, Beside Rajshahi College, Sonadighi Mor, Rajshahi. Call for any details:"
Apple iPhone 14 Pro Max 256 GB Purple,80000,Used,Rajshahi,28/08,https://bikroy.com/rajshahi/mobile-phones/apple-iphone-14-pro-max-256-gb-purple-r8ScCt13jIenxRe0CZwnkjQZ.html,5,2026-09-12T02:16:41.582301+00:00,individual,"iphone 14 pro max..betrry 85, ফোনটা একদম press, নো চেন্জ সব জেনুয়িন বক্স নাই ,,সিঙ্গাপুর ভেরিয়ান্ড,,"
Apple iPhone 15 Pro Max 256 GB Blue,95000,Used,"Rajshahi, Kadirgonj",11 hours ago,https://bikroy.com/kadirgonj/mobile-phones/apple-iphone-15-pro-max-256-gb-blue-1Kw5xp9PLgIFGcmJ3VxgJj3U.html,5,2026-09-12T02:16:42.276899+00:00,individual,"আসসালামু আলাইকুম ওয়া রহমাতুল্লহি ওবারকাতুহ 
ফ্রেশ কন্ডিশন
📦 বক্স: Only Device
🧾 ক্যাশ মেমো: আছে
🔁 রিপ্লেসমেন্ট গ্যারান্টি: ৭ দিন পর্যন্ত পাবেন ( শর্তসাপেক্ষে ) 
লোকেশন: রাজশাহী কাদিরগঞ্জ চালপট্টি, লার্জ ফার্মার পাশে , স্বপ্নচূড়া প্লাজা নগর ভবনের পিছে।  
🏪 শপ নং: ১২৩ - নিচ তলা লিফটের পাশে 
🏬 শপ নাম: Rajshahi Mobile Bari 019XXXXXXXX"
Apple iPhone 16 Pro Max 256 GB Gold,108000,Used,"Rajshahi, Kadirgonj",11 hours ago,https://bikroy.com/kadirgonj/mobile-phones/apple-iphone-16-pro-max-256-gb-gold-inb0l53dfWKZe5pGtRV0NnL1.html,3,2026-09-12T02:16:42.893350+00:00,individual,"আসসালামু আলাইকুম ওয়া রহমাতুল্লহি ওবারকাতুহ 
ফ্রেশ কন্ডিশন
📦 বক্স: Only Device
🧾 ক্যাশ মেমো: আছে
🔁 রিপ্লেসমেন্ট গ্যারান্টি: ৭ দিন পর্যন্ত পাবেন ( শর্তসাপেক্ষে ) 
লোকেশন: রাজশাহী কাদিরগঞ্জ চালপট্টি, লার্জ ফার্মার পাশে , স্বপ্নচূড়া প্লাজা নগর ভবনের পিছে।  
🏪 শপ নং: ১২৩ - নিচ তলা লিফটের পাশে 
🏬 শপ নাম: Rajshahi Mobile Bari 019XXXXXXXX"
Apple iPhone 15 Pro 256 GB Blue,90000,Used,"Rajshahi, Shaheb Bazar",21 hours ago,https://bikroy.com/shaheb-bazar/mobile-phones/apple-iphone-15-pro-256-gb-blue-wQ01JX61flblQEsEtp0vo4Wi.html,4,2026-09-12T02:16:43.508205+00:00,individual,"IPhone 15 pro 
256 gb 87 bh 
Warranty available until 2031 
Super condition 
7 days replacement guarantee  
1 year service warranty  
#exchange possible 
Our Address :
Smart Choice , Shop No. 211 , 
City center , Beside of Rajshahi College , Sonadigir mor Rajshahi
Call for any details:"
Apple iPhone 14 Pro Max 128 GB Blue,56999,Used,Rajshahi,25/08,https://bikroy.com/rajshahi/mobile-phones/apple-iphone-14-pro-max-128-gb-blue-1AeMIgzsQehaan9Gxj9CaecG.html,4,2026-09-12T02:16:44.122161+00:00,individual,"Please message first.
Condition: iPhone 14 Pro Max (128GB)
Battery: 80%
Physical + eSIM
iOS: 26.6.1
Included with it: Box and good quality charger.
Condition: Only back glass is cracked.
And there is a small dot near the front camera which is not noticeable. Pictures are provided."
Apple iPhone 16 Pro 128 GB Rose Gold,93000,Used,"Rajshahi, Shaheb Bazar",20 hours ago,https://bikroy.com/shaheb-bazar/mobile-phones/apple-iphone-16-pro-128-gb-rose-gold-axUnNwSc7ZwYZ7ffrUbtkoV1.html,3,2026-09-12T02:16:44.811310+00:00,individual,"iPhone 16 Pro
128GB, 91% Battery Health
Physical SIM
Super condition
Enjoy a 7-day replacement guarantee
1-year service warranty
#exchange possible
Our Address:
Smart Choice, Shop No. 211,
City Center, Beside Rajshahi College, Sonadighi Mor, Rajshahi
Call for any details:"
Apple iPhone 13 128 GB,38000,Used,Rajshahi,02/09,https://bikroy.com/rajshahi/mobile-phones/apple-iphone-13-128-gb-dfckkFeXGFzg648T5eIgcFY5.html,4,2026-09-12T02:16:45.338528+00:00,individual,ফোন ১০০% waterproof চেক করে দেখে নিতে পারবেন
Apple iPhone 11 Pro 64 GB Silver,29000,Used,"Rajshahi, Durgapur",29/08,https://bikroy.com/durgapur-1/mobile-phones/apple-iphone-11-pro-64-gb-silver-8rKiZh7fxOfgn1fbrMkYCQgg.html,3,2026-09-12T02:16:46.057506+00:00,individual,"Model: iPhone 11 Pro
Storage: 64GB
Color: Brilliant / Silver
Battery Health: 82%
Condition: Full Fresh
Display: Original
Camera: Fully OK
Face ID: Fully OK
All Functions: 100% Working

Phone দেখতে খুবই fresh এবং কোনো major issue নেই। ছবিতে যেমন দেখছেন, বাস্তবেও একই রকম condition।


Serious buyers only."
Apple iPhone 14 128 GB Black,45000,Used,"Rajshahi, Boalia",02/09,https://bikroy.com/boalia/mobile-phones/apple-iphone-14-128-gb-black-fltkEFXWOajdKjMwgUtDdFJt.html,3,2026-09-12T02:16:46.805887+00:00,individual,"iPhone 14
Variant - Indian
All ok 
Battery Health - 79%"
Apple iPhone 14 128 GB White,46000,Used,"Rajshahi, Shaheb Bazar",20 hours ago,https://bikroy.com/shaheb-bazar/mobile-phones/apple-iphone-14-128-gb-white-3XnQatDC4PfHfWZbV0tHoBAo.html,3,2026-09-12T02:16:47.388708+00:00,individual,"iPhone 14
128 GB, 90% Battery Health
Physical SIM
Super condition
7 days replacement guarantee
1 year service warranty
#exchange possible
Our Address:
Smart Choice, Shop No. 211,
City Center, Beside Rajshahi College, Sonadighi Mor, Rajshahi
Call for any details:"
Apple iPhone 15 128 GB White,55000,Used,"Rajshahi, Shaheb Bazar",20 hours ago,https://bikroy.com/shaheb-bazar/mobile-phones/apple-iphone-15-128-gb-white-fsGLENhcvKogFRSNWMXFMI26.html,3,2026-09-12T02:16:48.113184+00:00,individual,"iPhone 15 
128GB / 97% Battery Health 
Physical SIM 
Experience super condition 
Enjoy a 7-day replacement guarantee 
Get a 1-year service warranty 
#Exchange possible 
Our Address: 
Smart Choice, Shop No. 211, 
City Center, Beside Rajshahi College, Sonadigir Mor, Rajshahi 
Call for details:"
Apple iPhone 12 Pro 128 GB Blue,35500,Used,"Rajshahi, Kazla",07/09,https://bikroy.com/kazla/mobile-phones/apple-iphone-12-pro-128-gb-blue-6cdgJjud2PxgcM3kR0dr47TR.html,5,2026-09-12T02:16:48.952413+00:00,individual,"কোন সমস্যা নেই, দেখে নিতে পারবেন। ব্যাটারি হেলথ ৭৩%। ফোন কখনো খোলা হয়নি। যমুনা ফিউচার পার্ক থেকে কেনা হয়েছে। মানি রিসিট আছে। EVERYTHING ORIGINAL AND OKAY 016XXXXXXXX"
Apple iPhone 13 128 GB Black,35000,Used,Rajshahi,01/09,https://bikroy.com/rajshahi/mobile-phones/apple-iphone-13-128-gb-black-r2G9uzxuKq0DKbsgR4TrdOGQ.html,5,2026-09-12T02:16:49.398941+00:00,individual,"iPhone 13  128gb 
True ton 
Face ID ok
Sate cash memo ace
Only display change bh:77
Phone full fresh 
Nunber 019XXXXXXXX"
Apple iPhone 11 128 GB White,27000,Used,"Rajshahi, Rajpara",04/09,https://bikroy.com/rajpara/mobile-phones/apple-iphone-11-128-gb-white-ef8ruZk9VOFR9BSxXypBQ9k.html,4,2026-09-12T02:16:50.106662+00:00,individual,"iphone-11
Battery health: 74%
Storage:128 GB(USA Variant)

Laptop-HP Elitebook CORE i7 vpro 8th gen 8 GB RAM, 239 GB SSD"
Apple iPhone 12 64 GB,25000,Used,"Rajshahi, Kazla",26/08,https://bikroy.com/kazla/mobile-phones/apple-iphone-12-64-gb-iMtJxZeUQmaRizBHJXpzBx81.html,5,2026-09-12T02:16:50.778481+00:00,individual,বিক্রয় করা হবে ফোনের কোন প্রবলেম নেই ডিসপ্লে চেঞ্জ করা হয়েছে সাড়ে ছয় হাজার টাকা দিয়ে ফেস আইডি টুটনসব ওকে আছে ব্যাটারির চেঞ্জ করা হয়েছে প্রায় ছয় মাস আগে ৩২০০ টাকা দিয়ে যদি নিতে চান তাহলে যোগাযোগ করুন
Apple iPhone 12 128 GB White,30000,Used,"Rajshahi, Uposahar",17/08,https://bikroy.com/uposahar/mobile-phones/apple-iphone-12-128-gb-white-7vNM4jh8kv10nindScKjwSGX.html,5,2026-09-12T02:16:51.391180+00:00,individual,"iPhone 12, everything okay, full fresh, like-new condition... no scratches, battery health 84%, camera is amazing... phone is still waterproof, location is Rajshahi, Katakhali, if you want to buy the phone you have to come to the location, no problems with the phone at all, check it as much as you want, if you want to buy the phone message on WhatsApp, this is the WhatsApp number 018XXXXXXXX"
Apple iPhone 12 Pro 128 GB Blue,36009,Used,Rajshahi,07/09,https://bikroy.com/rajshahi/mobile-phones/apple-iphone-12-pro-128-gb-blue-vXVyD8dyn6mfHTSZTE0SogmU.html,5,2026-09-12T02:16:52.018444+00:00,individual,ফোনে কোন সমস্যা নেই। কখনো খোলা হয়নি। ব্যাটারি হেলথ ৭৩% 018XXXXXXXX
Apple iPhone 12 Pro Max 256 GB White,50000,Used,Rajshahi,20 hours ago,https://bikroy.com/rajshahi/mobile-phones/apple-iphone-12-pro-max-256-gb-white-al4rUSCPA8H1lU2k4kLv3PpT.html,3,2026-09-12T02:16:52.721909+00:00,individual,"iPhone 12 Pro Max
256 GB, 91% Battery Health
Super condition
7 days replacement guarantee
1 year service warranty
#exchange possible
Our Address:
Smart Choice, Shop No. 211,
City Center, Beside Rajshahi College, Sonadighi Mor, Rajshahi
Call for any details:"
Apple iPhone 11 Pro 256 GB Black,27000,Used,"Rajshahi, Bagmara",19/08,https://bikroy.com/bagmara/mobile-phones/apple-iphone-11-pro-256-gb-black-utpA2KCrAYzlTnturU07Uv5f.html,5,2026-09-12T02:16:53.318210+00:00,individual,"Selling due to an emergency need for money for family issues. Price is negotiable, no problem."
Apple iPhone 13 128 GB Pink,40000,Used,"Rajshahi, Boalia",2 days ago,https://bikroy.com/boalia/mobile-phones/apple-iphone-13-128-gb-pink-ypmY3JFbIJXKLlqBsEe0zJvb.html,5,2026-09-12T02:16:53.920112+00:00,individual,"Battery health 80%
Parts genuine 
China variant 
All okay (face id, true tone)"
New Apple iPhone 17 Pro Max 256 GB Orange,160000,Brand New,"Chattogram, Boalkhali",25/06,https://bikroy.com/boalkhali/mobile-phones/new-apple-iphone-17-pro-max-256-gb-orange-14Gjr9fBvTVHsORXpnYMyacL.html,5,2026-09-12T02:16:54.596500+00:00,individual,"Only 3 months used. Cycle count only 35.
First use March 2026. The phone is from Abu Dhabi, UAE. Physical SIM & eSIM available."
Apple iPhone 17 Pro Max 256 GB Blue,145000,Used,"Chattogram, Agrabad",10/08,https://bikroy.com/agrabad/mobile-phones/apple-iphone-17-pro-max-256-gb-blue-snfLGfPzLndHMLxgbki9Y7DI.html,4,2026-09-12T02:16:55.210454+00:00,individual,"Fresh conditions with original box cable
Brought from Kuwait"
New Apple iPhone 17 Pro 256 GB,149999,Brand New,"Chattogram, CDA Avenue",11 hours ago,https://bikroy.com/cda-avenue/mobile-phones/new-apple-iphone-17-pro-256-gb-Bpo6vlfMkzfVEiQlgOyNmRyF.html,3,2026-09-12T02:16:55.542105+00:00,individual,"(JP varient)
Display: 6.3"" LTPO Super Retina XDR OLED, 120Hz, Dolby Vision, 3000 nits peak brightness
Camera: Triple 48MP Pro system with periscope zoom, ultrawide,
Processor: Apple A19 Pro (3nm) with 6-core GPU
Battery: 3998mAh/4252mAh
ক্রেডিট কার্ড এর মাধ্যমে ২০ টির অধিক ব্যাংকে ৩৬ মাস পর্যন্ত EMI এর সুবিধা রয়েছে। (*শর্ত প্রযোজ্য*)"
Apple iPhone 17 Pro 256 GB Purple,131990,Used,"Chattogram, CDA Avenue",20 hours ago,https://bikroy.com/cda-avenue/mobile-phones/apple-iphone-17-pro-256-gb-purple-yKqronSLFaMGrOnHTFv3QpWe.html,3,2026-09-12T02:16:56.151867+00:00,individual,"iPhone 17 Pro 256GB 🇱🇷 USA Variant 📱✨

🔋 Battery Health: 100%

✅ Cycle Count: 152

📍 First Use in MAY 2026

✨ Condition: Full Fresh

🛡️ Apple Warranty Available till May 2027

💰 Offer Price: Only ৳1,31,990/-

আজই Decent থেকে"
Apple iPhone 17 CANADA BRAND NEW (Brand New),120000,Brand New,"Chattogram, Chawkbazar",20 hours ago,https://bikroy.com/chawkbazar/mobile-phones/apple-iphone-17-canada-brand-new-brand-new-dZOMhZI7wxvPld4PST30rdSL.html,0,2026-09-12T02:16:56.931993+00:00,individual,"🔳 INTACT SEAL PACK
🔳 Storage: 12/256GB
🔳 Colour: WHITE
◾ Box And Original Cable


🔰 Our Speciality......................................


◾Original & Non-Refurbished Product
◾Emi Facilities Available*
◾Accept Visa, Master Card
◾Delivery Facility inside & Outside ctg.
◾Phone Exchange Facilities*
◾Our All Products Original And Genuine. 
◾Our All Product 7 Days replacement And 1 year Service Warranty


🔰 Our Showroom Address:

Rony Enterprise (Since 2007)
Bali Arcade Shopping Center
4th Floor, Shop no 03(infront of chawkbazar Post Office
Sirajuddula Road, Chawkbazar, Chattogram Show more"
Apple iPhone 17 Pro Max 256 GB Orange,143000,Used,"Chattogram, Chandgaon",11/06,https://bikroy.com/chandgaon/mobile-phones/apple-iphone-17-pro-max-256-gb-orange-gd0z6KX6kuDnoVtAnfAkJAbK.html,5,2026-09-12T02:16:57.647692+00:00,individual,"iPhone 17 Pro Max with 5 months Dazzle Care, Japan variant.
Dual eSIM.
7 months used.
Battery: 100%.
All okay.
Dazzle official care warranty available for 5 months.
Mobile, original cable, and box will be provided."
Apple iPhone 17 Pro Max 256 GB Orange,143499,Used,"Chattogram, CDA Avenue",20 hours ago,https://bikroy.com/cda-avenue/mobile-phones/apple-iphone-17-pro-max-256-gb-orange-q39DcrXGBK4ZXCVArv9XOrY5.html,3,2026-09-12T02:16:58.357003+00:00,individual,"17 pro max 256gb
Battery-100%
cycle -20
Offer price -143490
Warranty available 27 jun 27"
Apple iPhone 16 Pro Max 512 GB Gold,125000,Used,"Chattogram, Chawkbazar",20 hours ago,https://bikroy.com/chawkbazar/mobile-phones/apple-iphone-16-pro-max-512-gb-gold-NHbPtHOtCvmrJCJKIBhOztI.html,3,2026-09-12T02:16:58.971409+00:00,individual,"iPhone 16 Pro Max, 512GB, Desert Titanium color, comes with box, Global version."
Apple iPhone 16 Pro Max 512 GB Rose Gold,128000,Used,Chattogram,08/09,https://bikroy.com/chattogram/mobile-phones/apple-iphone-16-pro-max-512-gb-rose-gold-fRg22mOFYh4jqnyftdeFk3ut.html,5,2026-09-12T02:16:59.587330+00:00,individual,"Iphone 16 pro Max 512Gb dessert titanium
Phoneta dubai theke ana barely used phone... 100%spotless and fully fresh
Bh 90% but cycle count 351 only
With box
Real buyers only!!
Location must!!"
Apple iPhone 17 Pro Max P-SIM+E-SIM Brand New,172999,Brand New,"Chattogram, Agrabad",20 hours ago,https://bikroy.com/agrabad/mobile-phones/apple-iphone-17-pro-max-p-sim-e-sim-ntun-brand-new-1c1M4oyTA6EwXO5vWGDhrGjL.html,0,2026-09-12T02:17:00.299998+00:00,individual,"Stay updated with our latest product prices by liking 👍 & FOLLOWING our page. Page link - https://www.facebook.com/jojobdctg.

** iPhone 17 Pro Max, 256GB, Australian variant, 100% authentic.
Other Apple models in our store – 17 Pro Max 512GB - Australia, 17 256GB Australia, 16 128GB, 15 128GB Singapore, 14 128GB, MacBooks Singapore Air M4 16/256.

🌍 Variant: global

📦 Condition: New Intact |

✅ 100% Authentic

✅ 7-day replacement, 1-year service warranty.

----------------------------------------------------------------------

Address:

Shop- 537, Level-5 (Capsule lift 4,

Straight after exiting the lift, JoJoBD)

Akhtaruzzaman Center,

Agrabad, Chittagong. Show more"
New Apple iPhone 17 Pro Max 256 GB Silver,165000,Brand New,"Chattogram, Khulshi",12/08,https://bikroy.com/khulshi/mobile-phones/new-apple-iphone-17-pro-max-256-gb-silver-d7FJldVIS9rugoLqUzwYwfVR.html,4,2026-09-12T02:17:01.016558+00:00,individual,"Just opened, brought from outside. With bill, no charge, just open box"
New Apple iPhone 17 Pro Max 256 GB Orange,159999,Brand New,"Chattogram, CDA Avenue",11 hours ago,https://bikroy.com/cda-avenue/mobile-phones/new-apple-iphone-17-pro-max-256-gb-orange-sc78jNGvXnXnCoefIQoTRX1R.html,3,2026-09-12T02:17:01.551517+00:00,individual,"JP variant
Display: 6.9"" LTPO Super Retina XDR OLED, 120Hz with 3000 nits peak brightness
Camera: 48MP triple camera with periscope zoom, LiDAR scanner, and 4K Dolby Vision video
Processor: Apple A19 Pro (3nm) with 6-core GPU
Battery: Up to 5088mAh
EMI facilities are available for up to 36 months through credit cards with more than 20 banks. (*Conditions apply*)"
New Apple iPhone 17 Pro Max 256 GB White,169999,Brand New,"Chattogram, Chandgaon",1 day ago,https://bikroy.com/chandgaon/mobile-phones/new-apple-iphone-17-pro-max-256-gb-white-sj305H3n4ssB0OChjyzbQajx.html,4,2026-09-12T02:17:01.855075+00:00,individual,"iPhone 17 Pro Max 256GB Dual Physical SIM. Available in Cosmic Orange, Silver, and Deep Blue."
Apple iPhone 17 Pro Max 256 GB,160000,Used,"Chattogram, Nasirabad",08/09,https://bikroy.com/nasirabad/mobile-phones/apple-iphone-17-pro-max-256-gb-djlB3kGwEua9LXyiIFUwAb6X.html,4,2026-09-12T02:17:02.545899+00:00,individual,Location a eshe dekhe nite parben. For more details WhatsApp on 018XXXXXXXX
Apple iPhone 15 Pro Max 256 GB Black,84500,Used,"Chattogram, Chandgaon",19/08,https://bikroy.com/chandgaon/mobile-phones/apple-iphone-15-pro-max-256-gb-black-jPAAdAZ96iNhBNyU7R2L76uM.html,4,2026-09-12T02:17:03.068267+00:00,individual,"IPhone 15 Pro Max for Sale
Condition: Like New / Gently Used
Color: Black Titanium 
Storage: 256GB
 Battery Health: 86%
 Only phone.
 Origin : LLA (USA) 
 Dual eSIM
 No scratches
 No issues – fully functional
 Used with care
 Price: 84,500/-
Location: Chandgaon 
Call for more"
Apple iPhone 15 Pro Max 256 GB Blue,90999,Used,"Chattogram, Agrabad",2 days ago,https://bikroy.com/agrabad/mobile-phones/apple-iphone-15-pro-max-256-gb-blue-uaR5kf3pmj5kSXp8GYiJNhy1.html,3,2026-09-12T02:17:03.678880+00:00,individual,"IPhone 15 Pro Max
Storage: 256GB
Bh-89% (J/A varient )
Almost brand-new condition, not any single problem, not any scratch or dent.
FacelD, True-Tone everything working perfectly... 
Price almost fixed, don't say any insulting price and don't insult yourselt... 
Location: Agrabad, Chittagong"
New Apple iPhone 17 256 GB,116999,Brand New,"Chattogram, CDA Avenue",11 hours ago,https://bikroy.com/cda-avenue/mobile-phones/new-apple-iphone-17-256-gb-1CYQAs10kPWrKfvofWtmAhTY.html,3,2026-09-12T02:17:04.305598+00:00,individual,"Indian Variant
Display: 6.3-inch LTPO Super Retina XDR OLED, 120Hz, HDR10,
Chipset: Apple A19 (3 nm), Hexa-core CPU, Apple 5-core GPU
Main Camera: Dual 48 MP rear dual LED flash, HDR, 4K video
Selfie Camera: 18 MP front
Battery: Li-Ion 3692 mAh
ক্রেডিট কার্ড এর মাধ্যমে ২০ টির অধিক ব্যাংকে ৩৬ মাস পর্যন্ত EMI এর সুবিধা রয়েছে। (*শর্ত প্রযোজ্য*)"
Apple iPhone 14 Pro 1 TB Silver,72500,Used,"Chattogram, Hathazari",02/09,https://bikroy.com/hathazari/mobile-phones/apple-iphone-14-pro-1-tb-silver-43Dn4vsf7oNKHaxun7AYZwcN.html,5,2026-09-12T02:17:04.806560+00:00,individual,"Iphone 14 Pro 
1TB
Bettery 86
KH/A
Waterproof 
Only device with cash memo"
Apple iPhone 16 128 GB Black,72000,Used,"Chattogram, Satkania",14/08,https://bikroy.com/satkania/mobile-phones/apple-iphone-16-128-gb-black-aPiTvSyheveqocI7mvWXSz3e.html,5,2026-09-12T02:17:05.524706+00:00,individual,"Model: iPhone 16
Storage: 128 GB
Battery Health: 89%
Variant: Dubai Variant (Bottom physical SIM + eSIM)
Original box is available.
Usage: Used for 1 year.
Price: Taka
What you will get with it: Original box
3 premium covers
 Location: Keranirhat Gol Chattar"
Apple iPhone 15 Pro Max 256 GB Silver,98000,Used,"Chattogram, Raozan",21/08,https://bikroy.com/raozan/mobile-phones/apple-iphone-15-pro-max-256-gb-silver-eUwu8HOIx3JbCYcETjkDsBfc.html,5,2026-09-12T02:17:06.235841+00:00,individual,"Alhamdulillah, no issues at all 
WhatsApp 018XXXXXXXX"
Apple iPhone 16 Pro 128 GB Rose Gold,110000,Used,"Chattogram, Oxygen",2 days ago,https://bikroy.com/oxygen/mobile-phones/apple-iphone-16-pro-128-gb-rose-gold-39Kpz2geyGBN5hC0oKU43H9b.html,5,2026-09-12T02:17:06.648260+00:00,individual,"IPhone 16 Pro
With Box all
128GB Storage
US Variant
Battery Health: 92%
Mobile condition--100% fresh
Contact 013XXXXXXXX"
Apple iPhone 15 Plus 128 GB White,60000,Used,"Chattogram, New Market, Chattogram",1 day ago,https://bikroy.com/new-market/mobile-phones/apple-iphone-15-plus-128-gb-white-tS0x3ek5L5GGGQjuTgvYBZQC.html,4,2026-09-12T02:17:07.341394+00:00,individual,"iPhone 15 Plus 128GB (battery health 84%), Indian official set, cash memo available. All okay, no problem. 100% ok, security NID will be provided."
Apple iPhone 15 Plus 128 GB Black,70000,Used,"Chattogram, Kotwali, Chattogram",01/09,https://bikroy.com/kotwali/mobile-phones/apple-iphone-15-plus-128-gb-black-hKFitFgKBQLDFJAE9xNoherZ.html,3,2026-09-12T02:17:08.040619+00:00,individual,"Selling my iPhone 15 Plus.
✨ 99% fresh condition very well maintained.

📦 Original box 
✅ Everything is working perfectly
🔋 Battery health: 87%
🎨 Color: Black
💾 Storage: 128 GB
💰 Price: 70K
📍 Location: New market, Chittagong 
📩 Serious buyers, please inbox me.
No time-wasters, please. Thank you! 🙏"
Apple iPhone 16 Pro 128 GB Graphite,87000,Used,"Chattogram, Khulshi",15/08,https://bikroy.com/khulshi/mobile-phones/apple-iphone-16-pro-128-gb-graphite-swz6deeAEPVzUGhfTsbKlbec.html,3,2026-09-12T02:17:08.688420+00:00,individual,"Purchased in brand new condition from US apple store in January 2025
Used one and half year
Recently charging IC got damaged. Repaired, which did cost me taka
Now it's fully ok
Otherwise no dent, no scratch,no water issue
Will box and original charging cable"
Apple iPhone 14 Pro Max 128 GB Black,67990,Used,"Chattogram, CDA Avenue",20 hours ago,https://bikroy.com/cda-avenue/mobile-phones/apple-iphone-14-pro-max-128-gb-black-moEX7VePCwU0zRId8UoBc1Fk.html,4,2026-09-12T02:17:08.973507+00:00,individual,"14 pro max usa 128gb
battray 86%
full fresh 
15 days replacement gurranty 
1 year service warranty 
DecDecent,Finlay"
New Apple iPhone 15 Plus 256 GB Pink,79990,Brand New,"Chattogram, Baizid",20 hours ago,https://bikroy.com/baizid/mobile-phones/new-apple-iphone-15-plus-256-gb-pink-zaIvEoNR5e3voQJzpXqd1LzB.html,3,2026-09-12T02:17:09.720682+00:00,individual,"Get the iPhone 15 Plus 256GB (USA Variant) now at an offer price at Decent! 

Decent brings you the iPhone 15 Plus USA Variant — right within your reach 

 iPhone 15 Plus (USA Variant) - 
Finlay Square, Level-4, Shop-406, 2 No Gate, Nasirabad, Chattogram
Finlay South City, Level-5, Shop-525, Bahaddarhat, Chattogram"
Apple iPhone 15 128 GB Green,60000,Used,"Chattogram, Hathazari",21/08,https://bikroy.com/hathazari/mobile-phones/apple-iphone-15-128-gb-green-hqruYq52r8ltNsTJbnijeMrr.html,5,2026-09-12T02:17:10.320701+00:00,individual,"Iphone 15 128GB
With original box, charging cable and Apple's 20w power adapter.
Varient- UK
Battery health- 83%
Charging cycle- 744
True tone works
No visible scratch or dent.
Location- 1 no. gate, University of Chittagong"
Apple iPhone 16 128 GB Blue,70000,Used,"Chattogram, Kotwali, Chattogram",08/09,https://bikroy.com/kotwali/mobile-phones/apple-iphone-16-128-gb-blue-CsKJJ52KXROyVTjWc5UIzygh.html,3,2026-09-12T02:17:10.850752+00:00,individual,"Rom: 128Gb
Colour: Ultramarine
Health: 89
With box& cash memo"
Apple iPhone 11 128 GB,23500,Used,"Chattogram, Chandgaon",18/08,https://bikroy.com/chandgaon/mobile-phones/apple-iphone-11-128-gb-oQyB4RjO6TrOSVx9SxRXDWfu.html,3,2026-09-12T02:17:11.361255+00:00,individual,"Iphone 11
128 gb storage
face id ok
true tone ok
everything is genuine
camera joss
battery health 74%
charger will be given
will run 6 hours plus on full charge
If you want to buy, you must come to the location,
Location: Kaptai Rastar Matha or Kalughat
Phone: (whatsapp available)"
Apple iPhone 11 128 GB Green,21000,Used,"Chattogram, Chawkbazar",10 hours ago,https://bikroy.com/chawkbazar/mobile-phones/apple-iphone-11-128-gb-green-cJy2FRDCnFGkJFDCLO1tJXCO.html,3,2026-09-12T02:17:12.179921+00:00,individual,"Only 21,000 Taka! This is going to be the best deal for you!
iPhone 11 (With box) | 128GB | Mint Green
Original Box + Cover + Screen Protector + Apple 20W Cable!
Display Changed & Face ID Issue is there, but with 128GB Storage + Original Battery (72%), overall absolute value for money!
Chawkbazar, Chattogram
Interested? Inbox us!"
Apple iPhone 12 Pro Max 128 GB Gray,42000,Used,"Chattogram, Chawkbazar",08/09,https://bikroy.com/chawkbazar/mobile-phones/apple-iphone-12-pro-max-128-gb-gray-eNAB777gAcM45kKzk4WMHYKl.html,3,2026-09-12T02:17:12.902292+00:00,individual,"Grey
128 gb
BT 82% authentic 
Cash memo ,cable Nid"
Apple iPhone 14 256 GB Black,45500,Used,"Chattogram, Pahartali",01/09,https://bikroy.com/pahartali/mobile-phones/apple-iphone-14-256-gb-black-fUOqVVo6jfuYFEThcPxnDOty.html,3,2026-09-12T02:17:13.526435+00:00,individual,Chinese Variant fresh condition  Iphone 14 256 GB Midnight Black. Battery health 88%.There is no scratch in the phone. Only genuine buyers please inbox or call directly. Thanks in advance.
Apple iPhone 13 Pro 256 GB Gold,52000,Used,"Chattogram, Baizid",30/08,https://bikroy.com/baizid/mobile-phones/apple-iphone-13-pro-256-gb-gold-eTglSrjdPywk3MyKv3a6DKLy.html,5,2026-09-12T02:17:14.146175+00:00,individual,"📱 iPhone 13 Pro Gold | 256GB | USA 🇺🇸

✨ BH 89% | 99% Fresh
✨ No Dent/Scratch
✨ Water Resistance
✨ Excellent Battery Backup, MashaAllah ❤️
✨ Single Physical SIM + eSIM
✨ প্রায় ২ মাস ব্যবহার
✨ Unique Point থেকে নেওয়া + Cash Memo
✨ Security দেওয়া যাবে

💰 Asking: 52,000৳
📍 Aturar Dipu, Nur Tower 018XXXXXXXX"
Apple iPhone 12 Pro Max 128 GB Blue,42500,Used,"Chattogram, Pahartali",01/09,https://bikroy.com/pahartali/mobile-phones/apple-iphone-12-pro-max-128-gb-blue-mUxvKQpO47HF4CJeJ4a72mKm.html,3,2026-09-12T02:17:14.843417+00:00,individual,Chinese Variant fresh condition Iphone 12 Pro Max 128GB. Battery Health 99%. Only genuine buyers please inbox or call directly. Thanks in advance.
Apple iPhone 13 128 GB White,41000,Used,"Chattogram, Chawkbazar",02/09,https://bikroy.com/chawkbazar/mobile-phones/apple-iphone-13-128-gb-white-5KQRFl6JuDSkUHDpQe21PlHy.html,4,2026-09-12T02:17:15.455561+00:00,individual,"Battery health 86%
Conditions:Fresh 
Variants: japan
Used: 1 months"
Apple iPhone 14 128 GB White,42000,Used,"Chattogram, Patenga",2 days ago,https://bikroy.com/patenga/mobile-phones/apple-iphone-14-128-gb-white-89ass1Ug6zrU1qlDdJkJcyaW.html,3,2026-09-12T02:17:16.174164+00:00,individual,"No issue, 100% authentic. Battery health 85%, used for 3-4 months. Original charger + cash memo will be provided. This is the Japanese variant. RAM 6GB, ROM 128GB. Location: Bandartila Al-Medina Super Market..."
Apple iPhone 11 128 GB White,20000,Used,"Chattogram, Bandar, Chattogram",07/09,https://bikroy.com/bandar/mobile-phones/apple-iphone-11-128-gb-white-ARBGPL7SWLXz8JSheEIfH5v7.html,5,2026-09-12T02:17:16.789356+00:00,individual,"The phone is in full space condition, phone's battery health is 78%, the motherboard was swapped from another phone due to an iCloud block, box is not included."
Apple iPhone 14 128 GB White,44990,Used,"Chattogram, CDA Avenue",20 hours ago,https://bikroy.com/cda-avenue/mobile-phones/apple-iphone-14-128-gb-white-i9wkjm7v34rrOZyc7WVHe3gG.html,3,2026-09-12T02:17:17.142642+00:00,individual,"iPhone 14 — Hot Deal at Decent 

Apple iPhone 14 (Global)

128GB | 🔋 Enjoy 84% Battery Health



Capture stunning photos with a Powerful Camera for daily use

Delivery Available |

15-day replacement guarantee | Lifetime service warranty 018XXXXXXXX"
Apple iPhone XS Max 512 GB Rose Gold,22000,Used,"Chattogram, New Market, Chattogram",03/09,https://bikroy.com/new-market/mobile-phones/apple-iphone-xs-max-512-gb-rose-gold-uOe1jT8Bv5ovorP2qRrFAuEy.html,3,2026-09-12T02:17:17.914642+00:00,individual,"Storage: 512gb 💥
Bettery Health: 75% Original 🔋
Display: gx er orginal ta ✅
Face id ❎
True Tone 🆗
Camera 💥
Silent Buton 🆗
Sim Wifi 🆗
লোকেশনে আসতে হবে ✅"
Apple iPhone XS Max 256 GB White,24000,Used,"Chattogram, Kotwali, Chattogram",03/09,https://bikroy.com/kotwali/mobile-phones/apple-iphone-xs-max-256-gb-white-asqkocoyRDm2XnYjd69wFUL.html,5,2026-09-12T02:17:18.530684+00:00,individual,Original UK version 256GB comes with box cable and charger. Never opened before it's a challenge. Best in condition regarding it's age. No cracks or damage but some marks due it's age on metal frame only. Cash on collection only
Apple iPhone 12 Pro Max 128 GB Black,26999,Used,"Chattogram, Panchlaish",30/08,https://bikroy.com/panchlaish/mobile-phones/apple-iphone-12-pro-max-128-gb-black-8cpQbiEBOdfJhUhgVQXN28nB.html,4,2026-09-12T02:17:19.390583+00:00,individual,"Baypass iphone 12promax
128GB
face id no
troton ok
battery health 73 original
Waterproof available 
Display apple genuine 100%
24k ar oupore hole Message Deban 
Real buyer ra nahole gale kaben
No exchange
what's app 018XXXXXXXX"
New Apple iPhone 12 Pro 256 GB Blue,43000,Brand New,"Chattogram, Alankar",07/09,https://bikroy.com/alankar/mobile-phones/new-apple-iphone-12-pro-256-gb-blue-8cEleiZtrjzhjMyeM8TYh3D5.html,5,2026-09-12T02:17:19.667410+00:00,individual,"iPhone 12 Pro 
256GB
Everything is in perfect working order
Battery Health 82%
No issues at all
Includes Box, Cash Memo, Cable, and 3 covers"
Apple iPhone 16 Pro Max 512 GB Gold,123000,Used,"Dhaka, Mohammadpur",2 hours ago,https://bikroy.com/mohammadpur/mobile-phones/apple-iphone-16-pro-max-512-gb-gold-zqXlarwxO5FLmM6vMU2Xuo9t.html,3,2026-09-12T02:17:20.366192+00:00,individual,"Name: iPhone 16 Pro Max
Color: Desert Titanium Bh91%
Storage: 512GB
Used like new
With Full box
Used Mobile: 3 days replacement & 6 months service warranty or New mobile: 7 days replacement & 1 year service warranty included
Contact number 018XXXXXXXX"
Apple iPhone 17 Pro 256 GB Orange,135000,Used,Dhaka,01/09,https://bikroy.com/dhaka/mobile-phones/apple-iphone-17-pro-256-gb-orange-7WSkLsjwq1EG7DkKwYFkMqXw.html,5,2026-09-12T02:17:20.874646+00:00,individual,"📱 iPhone 17 Pro (256GB) – Singapore Variant | Thailand Purchased 🇹🇭
Thailand Apple Store থেকে কেনা। Battery Health 94%, Cycle Count 298। Face ID, True Tone, Cameraসহ সবকিছু 100% ঠিকভাবে কাজ করে। কোনো hidden issue বা repair history নেই। Purchase documents available।
Purchased new from thiland on December 28
Call 016XXXXXXXX"
Apple iPhone 17 Pro Max 1 TB Blue,186000,Used,"Dhaka, Shyamoli",2 hours ago,https://bikroy.com/shyamoli/mobile-phones/apple-iphone-17-pro-max-1-tb-blue-mxRsJSSu7GpUvJQWhihoKaud.html,3,2026-09-12T02:17:21.615542+00:00,individual,"Apple iPhone 17 Pro Max 1TB Blue
 1TB Storage
 100% Battery Health
Australia Version (Physical SIM + eSIM)
 Like New Condition
 Stunning Blue Color
 Best Price"
Apple iPhone 17 Pro 512 GB Orange,162000,Used,"Dhaka, Baridhara",12 hours ago,https://bikroy.com/baridhara/mobile-phones/apple-iphone-17-pro-512-gb-orange-ufyEPY8ExtudxSrHg7s3LGpG.html,3,2026-09-12T02:17:22.213200+00:00,individual,"IPhone 17 pro GB 512/Bh/100%cc145
Contact 018XXXXXXXX"
Apple iPhone 16 Pro Max 256 GB Silver,118000,Used,"Dhaka, Jatrabari",30/08,https://bikroy.com/jatrabari/mobile-phones/apple-iphone-16-pro-max-256-gb-silver-aCm8HF7uOcOSzKa1ITtnuUFp.html,5,2026-09-12T02:17:22.931513+00:00,individual,"📱 iPhone 16 Pro Max 256GB — Full Fresh Condition 🔥

একদম ফ্রেশ ও যত্নে ব্যবহার করা iPhone 16 Pro Max বিক্রি করা হবে।

✨ Model: iPhone 16 Pro Max
💾 Storage: 256GB
🎨 Color: Natural Titanium
🔋 Battery Health: 91%
💎 Condition: একদম ফ্রেশ 
phone er sathe ja jabe paben 
Box paben 
Cash memo paben
Phone er cover paben 
Price :118000"
Apple iPhone 17 Pro 256 GB Orange,132000,Used,"Dhaka, Mirpur",30/08,https://bikroy.com/mirpur/mobile-phones/apple-iphone-17-pro-256-gb-orange-5npdQSoVgZpn0ybjWYYqzVMa.html,5,2026-09-12T02:17:23.547726+00:00,individual,"All ok about phone
Japan variant"
Apple iPhone 16 Pro Max 256 GB Black,110000,Used,"Dhaka, Uttara",20 hours ago,https://bikroy.com/uttara/mobile-phones/apple-iphone-16-pro-max-256-gb-black-jLdlS7dgtMReFCElYtM7U5L3.html,4,2026-09-12T02:17:24.095023+00:00,individual,"iPhone 16 Pro Max | Pre-Owned
256GB Storage
USA Variant
Box Available
Battery Health: 91%
7 Days Replacement & 1 Year Service Warranty
EMI Facility Available
Exchange Hub
Shop No: 610, 611, 628 & 629, Level-6, Tropical Alauddin Tower, Sector 3, Road 2, Rajlaxmi, Uttara
Call for Details 017XXXXXXXX"
Apple iPhone 16 Pro Max 256 GB Black,115000,Used,"Dhaka, Badda",05/09,https://bikroy.com/badda/mobile-phones/apple-iphone-16-pro-max-256-gb-black-pwuGYdPCC3J1hw7x0QJw1QXO.html,5,2026-09-12T02:17:24.828055+00:00,individual,"Iphone 16 pro max 256gb usa variant 100 bh cycle count 75 .warranty available March,2027 ."
New Apple iPhone 17 Pro 512 GB White,175000,Brand New,"Dhaka, Baridhara",11 hours ago,https://bikroy.com/baridhara/mobile-phones/new-apple-iphone-17-pro-512-gb-white-CpRJoCIo6ZBp6uzqDXI03X9O.html,3,2026-09-12T02:17:25.536716+00:00,individual,"iPhone 17 Pro, Jamuna Future Park."
Apple iPhone 16 Pro Max 512 GB Rose Gold,126000,Used,"Dhaka, Baridhara",12 hours ago,https://bikroy.com/baridhara/mobile-phones/apple-iphone-16-pro-max-512-gb-rose-gold-pFTS2nrnZ8ddsbLZ8MfR7U8q.html,5,2026-09-12T02:17:26.083072+00:00,individual,"iPhone 16 Pro Max 512GB, 92% battery health, Singapore variant, full boxed."
Apple iPhone 16 Pro 256 GB,110000,Used,"Dhaka, Mohammadpur",31/08,https://bikroy.com/mohammadpur/mobile-phones/apple-iphone-16-pro-256-gb-WIoXO5kOg1Ez1of1jaR3IpV.html,4,2026-09-12T02:17:26.944230+00:00,individual,"Single handed use and full authentic 
No repair history 
Still have 1 month warranty"
Apple iPhone 17 Pro 256 GB Orange,130000,Used,"Dhaka, Uttara",20 hours ago,https://bikroy.com/uttara/mobile-phones/apple-iphone-17-pro-256-gb-orange-8P0i5IV54pBElcifYXcFI6sR.html,3,2026-09-12T02:17:27.431467+00:00,individual,"iPhone 17 Pro 
 Storage: 256GB
 Color: Cosmic Orange 
 Battery Health: 99%
 Variant: Global
 SIM: Physical SIM + eSIM
 Excellent Condition
 A19 Pro Chip
 6.3"" Super Retina XDR OLED | ProMotion 120Hz
 Exchange Hub
 Shop No: 610, 611, 628 & 629, Level-6
Tropical Alauddin Tower, Sector 3, Road 2
Rajlaxmi, Uttara, Dhaka"
New Apple iPhone 17 Pro Max 512 GB Orange,209000,Brand New,"Dhaka, Dhanmondi",2 days ago,https://bikroy.com/dhanmondi/mobile-phones/new-apple-iphone-17-pro-max-512-gb-orange-3XrrfzJc2V7wsAbrCFXNsq6O.html,3,2026-09-12T02:17:28.053834+00:00,individual,"Brand new sealed box. Purchased June 20, 2026. Never opened. Factory warranty from Apple 1 year."
Apple iPhone 16 Pro Max 256 GB Silver,119000,Used,"Dhaka, Dhanmondi",1 hour ago,https://bikroy.com/dhanmondi/mobile-phones/apple-iphone-16-pro-max-256-gb-silver-yZEFBaLTpC1d1CwLsoEF25ro.html,5,2026-09-12T02:17:28.794513+00:00,individual,"iPhone 16 Pro Max
256GB
Natural Titanium
With box
89% battery health
Water resistant
602 charging cycles
Singapore variant
1 physical SIM, 1 eSIM
Full fresh condition
Not a single scratch or dent
Location: Dhanmondi 15"
Apple iPhone 15 128 GB White,70000,Used,"Dhaka, Uttara",30/08,https://bikroy.com/uttara/mobile-phones/apple-iphone-15-128-gb-white-5j4owwmmkuz8yUHyCq3VkAuU.html,3,2026-09-12T02:17:29.180837+00:00,individual,"Box nai 
Ami 13 din age dubai theke aaschi... So documents hisebe amar uae reaidential id or bd passport dite parbo. Phoner condition top class...back shell ta halka cracked.."
Apple iPhone 14 Pro 128 GB Gold,65000,Used,"Dhaka, Savar",03/09,https://bikroy.com/savar/mobile-phones/apple-iphone-14-pro-128-gb-gold-n9ALReZMbwWe7pQovgea5faj.html,4,2026-09-12T02:17:29.895733+00:00,individual,"📱 iPhone 128GB — Singapore Variant 🇸🇬



✅ Storage: 128GB
🔋 Battery Health: 72%
📦 Original Box আছে
🇸🇬 Singapore Variant
👤 আমি প্রথম মালিক
🔧 কোনো Repair/Replacement করা হয়নি
✨ ফোনের কন্ডিশন ভালো, দেখে-শুনে নিতে পারবেন

💯 Genuine Buyer হলে যোগাযোগ করুন।
🤝 সামনাসামনি দেখে, চেক করে তারপর নেবেন।

📩 Interested হলে Inbox করুন।"
Apple iPhone 15 Pro 512 GB Black,82000,Used,"Dhaka, Dhanmondi",2 days ago,https://bikroy.com/dhanmondi/mobile-phones/apple-iphone-15-pro-512-gb-black-dKMjBpNccKo1uZImD2Dqorov.html,5,2026-09-12T02:17:30.409448+00:00,individual,"Used with great care, fresh condition. Face ID, all cameras, display, touch, speaker, button, and port are fully functional. No repair or modification has been done. Battery health 77% — Original Apple Battery, never changed or boosted. Comes with Box and 2 Cases | Dhanmondi 7A, Dhaka | Phone can be checked and verified, and reasonable negotiation can be done."
Apple iPhone Air 256 GB Blue,100000,Used,"Dhaka, Uttara",20 hours ago,https://bikroy.com/uttara/mobile-phones/apple-iphone-air-256-gb-blue-cS55esJZbiGeQe3UlAhxyk4X.html,3,2026-09-12T02:17:31.022008+00:00,individual,"iPhone Air 256GB Sky Blue with Box. Dual eSIM. Battery Health 100%. Cycle count 20. 100% Original & Non-Refurbished Product. 7 Days Replacement & 1 Year Service Warranty. EMI Facility is also AVAILABLE. Contact Us: Exchange Hub, Shop No: 610, 611, 628 & 629, Level-6, Tropical Alauddin Tower, Sector 3, Road 2, Rajlaxmi, Uttara. Call for Details 017XXXXXXXX"
Apple iPhone 14 Pro Max 256 GB Purple,70000,Used,"Dhaka, Khilkhet",29/08,https://bikroy.com/khilkhet/mobile-phones/apple-iphone-14-pro-max-256-gb-purple-ahJXsBUqxoiOzDItLWlKf4Na.html,3,2026-09-12T02:17:31.826920+00:00,individual,"iPhone 14 Pro Max 256GB
USA Variant
Battery Health: 92%
ফোন খুবই ফ্রেশ কন্ডিশনে আছে।
Face ID ও True Tone ঠিক আছে।
কোনো সমস্যা নেই।
সবকিছু চেক করে নেওয়া যাবে।
Serious buyer হলে যোগাযোগ করবেন।"
Apple iPhone 14 Pro Max 128 GB Black,80000,Used,"Dhaka, Jatrabari",01/09,https://bikroy.com/jatrabari/mobile-phones/apple-iphone-14-pro-max-128-gb-black-hlOSQ5yvh13e8ioJyvCIq4eD.html,5,2026-09-12T02:17:32.266438+00:00,individual,"iphone 14pro max
bt health-89
hongkong variant
box available"
Apple iPhone 14 Pro Max 512 GB Purple,79999,Used,"Dhaka, Uttara",05/09,https://bikroy.com/uttara/mobile-phones/apple-iphone-14-pro-max-512-gb-purple-zWuX37R70lB14m4FrocPIMJM.html,5,2026-09-12T02:17:32.652584+00:00,individual,Phone full fresh no change no cracks price all most fixed
Apple iPhone 16 128 GB Black,77999,Used,"Dhaka, Bashundhara City",20 hours ago,https://bikroy.com/bashundhara-city/mobile-phones/apple-iphone-16-128-gb-black-q9H1d1Apot1uCNsDaiJOYa73.html,5,2026-09-12T02:17:33.277755+00:00,individual,"✨ iPhone 16 — 128GB ✨
🇸🇬 Singapore Variant
🔋 Battery Health: 100%

🔰7 Days Replacement without display, parts & condition 
🔰 12 months Service Warranty

🏢 Visit Our Shop
Basement-2, Shop No: 94 
Basundhara City Shopping Complex 
Panthapath Dhaka 1215 
👉 Escalator দিয়ে নিচে নামার পর হাতের বাম পাশেই সহজে আমাদের শপটি খুঁজে পাবেন।"
New Apple iPhone 13 Pro Max 128 GB Green,65500,Brand New,"Dhaka, Dhanmondi",20 hours ago,https://bikroy.com/dhanmondi/mobile-phones/new-apple-iphone-13-pro-max-128-gb-green-nBgS9XYEHc1xripgVIivK0Fw.html,5,2026-09-12T02:17:33.998917+00:00,individual,Phone Box cashmemo only
Apple iPhone 14 Pro 128 GB Purple,53999,Used,"Dhaka, Shantinagar",29/08,https://bikroy.com/shantinagar/mobile-phones/apple-iphone-14-pro-128-gb-purple-a7lgAxXjP9ZXvm1I8w5iVe3T.html,3,2026-09-12T02:17:34.713513+00:00,individual,"Iphone 14pro 128gb
Singapore variant
bh 76%
display has a pink line
cash memo available 
price slightly negotiable.
location : shantinagar or bailyroad"
Apple iPhone 17 256 GB White,84999,Used,"Dhaka, Dhanmondi",02/09,https://bikroy.com/dhanmondi/mobile-phones/apple-iphone-17-256-gb-white-myOR9hhOwF6EW6kWPLmbdFF8.html,3,2026-09-12T02:17:35.018138+00:00,individual,"Indian varient!
BH:97%✅
Cash memo ache✅
Box/Cable nai
Location : Tangail/ Dhaka"
Apple iPhone 15 128 GB Black,53000,Used,"Dhaka, Motijheel",08/09,https://bikroy.com/motijheel/mobile-phones/apple-iphone-15-128-gb-black-fSs5FOvQ5eQZfbKM4BKfWr14.html,5,2026-09-12T02:17:35.733147+00:00,individual,"128gb
Authentic device
Water resistance 
Face id true tone ok
Health : 80% 
Cycle: 1070
Kono issue nai
50k fixed price!!!!
Only device and any kind of security paben
Location: Motijheel dhaka fokirapul ashte hobe"
Apple iPhone 15 Pro Max 256 GB Blue,92000,Used,"Dhaka, Uttara",20 hours ago,https://bikroy.com/uttara/mobile-phones/apple-iphone-15-pro-max-256-gb-blue-3nC8LTRIkcMpV8TT1JJkkCln.html,3,2026-09-12T02:17:36.246258+00:00,individual,"iPhone 15 Pro Max 
 Storage: 256GB
 Color: Blue Titanium 
 Variant: Dubai
 SIM: Physical SIM + eSIM
 Battery Health: 84%
 Condition: Pre-Owned
 6.7"" Super Retina XDR OLED | 120Hz
 Exchange Hub
 Shop No: 610, 611, 628 & 629, Level-6
Tropical Alauddin Tower, Sector 3, Road 2
Rajlaxmi, Uttara"
Apple iPhone 15 Pro 256 GB Blue,80000,Used,"Dhaka, Jamuna Future Park",2 hours ago,https://bikroy.com/jamuna-future-park/mobile-phones/apple-iphone-15-pro-256-gb-blue-cjDSIMBgl4fqGs17r94RqcP0.html,5,2026-09-12T02:17:36.856599+00:00,individual,"iPhone 15 Pro -Best condition 
• 256 GB Storage • 
• Color: Deep Blue
• USA(Dual eSIM)
• Battery Health: [86%]
• Absolutely fresh, no issues
• Face ID, Camera, True Tone all 100% OK 
• Box/Charger: None
• Price: 80000

We provide you:
7 days replacement guarantee
(without display & software update issue)
3 years free service warranty"
Apple iPhone 14 128 GB Purple,43500,Used,"Dhaka, Gulshan",07/09,https://bikroy.com/gulshan/mobile-phones/apple-iphone-14-128-gb-purple-d17GT0PEVAMHtHAn8DbcVaq0.html,4,2026-09-12T02:17:37.578808+00:00,individual,আপনি চাইলে আপনার অপছন্দের পুরাতন ফোনটা দিয়ে এক্সচেঞ্জ করে নিতে পারবেন।
Apple iPhone 11 256 GB Rose Gold,23500,Used,"Dhaka, Mirpur",11 hours ago,https://bikroy.com/mirpur/mobile-phones/apple-iphone-11-256-gb-rose-gold-d5fJUN4LgXcU906HgHOkPuM6.html,3,2026-09-12T02:17:38.291971+00:00,individual,"All ok just battery health 69, face id update went away a day before, if you update it will come back, true tone ok Alhamdulillah, all ok, if you want to convert iPhone 11 to 16 pro call me"
Apple iPhone 13 128 GB,39000,Used,"Dhaka, Elephant Road",21 hours ago,https://bikroy.com/elephant-road/mobile-phones/apple-iphone-13-128-gb-rsBusyMhfHXhKL9J6lmPaYoT.html,3,2026-09-12T02:17:38.808264+00:00,individual,"Welcome to Trade Together.
We offer wholesale pricing even if you buy just one piece. If you are a shopkeeper, you will get a special discount.
Warranty Policy: 7-day replacement facility (excluding touch-display and physical condition).
Additionally, a three-month servicing warranty (excluding parts).
Address: Motaleb Plaza, Shop: 600/V
Call 019XXXXXXXX"
Apple iPhone 13 128 GB Black,45000,Used,"Dhaka, Baridhara",11 hours ago,https://bikroy.com/baridhara/mobile-phones/apple-iphone-13-128-gb-black-AQWVa4PUT6eL6tejTMRyfBWJ.html,5,2026-09-12T02:17:39.497766+00:00,individual,"iPhone 13 128GB, 92% battery health, full boxed, Singapore variant, like new condition, authentic."
Apple iPhone 14 128 GB Black,45500,Used,"Dhaka, Uttara",5 hours ago,https://bikroy.com/uttara/mobile-phones/apple-iphone-14-128-gb-black-HO7SyOptK3sU18NVmvlWRK4.html,5,2026-09-12T02:17:40.243551+00:00,individual,"This phone has been personally used by my sister. There is no problem with the phone, the battery health is 77%. There has been a display unknown message since she bought it. True Tone and Face ID are all ok. 
She wants to upgrade to a new one, that's why she is selling this. There are scratches on the camera ring."
Apple iPhone 11 128 GB Black,25000,Used,"Dhaka, Sutrapur",08/09,https://bikroy.com/sutrapur/mobile-phones/apple-iphone-11-128-gb-black-rCHO687vRd1yUfeetqiYn4ZL.html,4,2026-09-12T02:17:41.056266+00:00,individual,I phone 11 128GB fresh condition nijer hate use kora phone kono dag ba scratch nai phone ekhono khola hoynai sob authentic ar bettary health 71% original bettary keu nite chaiale inbox
Apple iPhone 13 128 GB Blue,37000,Used,"Dhaka, Mirpur",1 day ago,https://bikroy.com/mirpur/mobile-phones/apple-iphone-13-128-gb-blue-ozjzZrlT6bgKtuV08Fa5onT3.html,5,2026-09-12T02:17:41.597445+00:00,individual,"iPhone 13 128GB, Blue, Mint Condition, JA, BH 74%
Price: TK. 37000 /-
• Storage: 128GB
• Color: Blue
• Condition: Mint
• Battery Health: 74%
• Japan (JA) Variant
• 1000% Original — No service history, repairs, or replaced parts
Only Device with Cash Memo
Pickup Location: Mirpur-2, Commerce College Road, Dhaka"
Apple iPhone 12 128 GB,34999,Used,"Dhaka, Basundhara",20 hours ago,https://bikroy.com/basundhara/mobile-phones/apple-iphone-12-128-gb-6jIq9lnIlNpdmjfjqlCrYmUA.html,5,2026-09-12T02:17:42.316241+00:00,individual,"iPhone 12 128GB
Battery Health 87%
Full Boxed
Clean condition, smooth performance & premium feel — still a beast for daily use!
Visit Our Shop
Basement-2, Shop No: 94
Bashundhara City Shopping Complex
Panthapath, Dhaka 1215
You can easily find our shop on the left side after going down the escalator."
Apple iPhone 13 128 GB Green,39000,Used,"Dhaka, Savar",11 hours ago,https://bikroy.com/savar/mobile-phones/apple-iphone-13-128-gb-green-noo15NEuEP7Wv26UEjGU4yiZ.html,5,2026-09-12T02:17:42.661115+00:00,individual,"Mobile details:
Model: iPhone 13
USA Variant
Storage: 128GB
Battery Health: 81%
Warranty: Get a 7-day guarantee and a 2-year service warranty.
 Opportunity to view and check the phone before buying
 Clear information about the phone's condition
 Great phone at an affordable price
 N.S Computer & Phone Gadget
 E #40 (Level-5), Sena Shopping Complex, Nabinagar, Savar, Dhaka"
Apple iPhone 13 128 GB,37990,Used,"Dhaka, Shyamoli",1 hour ago,https://bikroy.com/shyamoli/mobile-phones/apple-iphone-13-128-gb-oUXEfM3yMLKLyNav7fOmzW1t.html,3,2026-09-12T02:17:43.070098+00:00,individual,"Apple -13
128 GB=37990/= Fixed Price

Our Address
Mobile Plaza
Shyamoli Tower Complex Market
2nd Floor, Shop No 13, 14
Shyamoli, Mohammadpur, Dhaka
Online Link
You can view and order
Download from Play Store
Mobile Plaza
Our Website
Facebook Page
Facebook/Mobil Plaza"
Apple iPhone 12 Pro Max 256 GB Gold,47000,Used,"Dhaka, Keraniganj",09/09,https://bikroy.com/keraniganj/mobile-phones/apple-iphone-12-pro-max-256-gb-gold-pgJ3tQXntTHkVPtA52K8t8vq.html,5,2026-09-12T02:17:43.725226+00:00,individual,"iPhone 12 Pro Max with cash memo

Storage 256gb

Golden color

Face ID True Tone okay

Battery health 100%

Everything original

Only battery change for ifix

3500 tk lagse battery backup onk bhalo

Adapter ankar

cable

any kind of security provide korbo

Price 47000

Location - keraniganj Kadamtoli"
Apple iPhone 13 256 GB Pink,39999,Used,"Dhaka, Khilgaon",21 hours ago,https://bikroy.com/khilgaon/mobile-phones/apple-iphone-13-256-gb-pink-fDrhRXaEnEcoAemzAkhKGfZk.html,3,2026-09-12T02:17:44.327012+00:00,individual,"Assalamu Alaikum.
Greetings from ""Mobo Live Bd"".
Iphone 13 256GB
Pink
Full Factory unlock
100% original device
Dear Honourable Customer.
Now you can purchase with EMI of 21 Banks credit card. Thanks for being with us."
Apple iPhone 13 128 GB,45000,Used,"Dhaka, Dhanmondi",11 hours ago,https://bikroy.com/dhanmondi/mobile-phones/apple-iphone-13-128-gb-ynl2e1ETlRucL2wejkuqCjYt.html,5,2026-09-12T02:17:44.933865+00:00,individual,"Description
Welcome to ""Mobile Store""
Find us here:-
Mobile Store
Shop number -408(level 4)
Dhanmondi 32 Sukrabad bus stand
Phone number 017XXXXXXXX"
Apple iPhone 11 Pro 256 GB Black,34500,Used,"Dhaka, Mohammadpur",11 hours ago,https://bikroy.com/mohammadpur/mobile-phones/apple-iphone-11-pro-256-gb-black-dNZgpdst4x0e8W2unD1TSvfw.html,2,2026-09-12T02:17:45.688347+00:00,individual,"Iphone 11 Pro 256GB 92% Battery Health, Contact number -"
Apple iPhone 13 128 GB,37499,Used,"Dhaka, Dhanmondi",2 hours ago,https://bikroy.com/dhanmondi/mobile-phones/apple-iphone-13-128-gb-pequDfHHuSWIFbTICQyVnhub.html,3,2026-09-12T02:17:46.190503+00:00,individual,"Iphone 13 
Storage 128gb 
Battery 84 theka 89
Color pink black white blue 
Only device 
Variant china 
Wholesale available"
Xiaomi Redmi Note 13 Pro+ 256 GB,26000,Used,"Chattogram, Hathazari",20/08,https://bikroy.com/hathazari/mobile-phones/xiaomi-redmi-note-13-pro-256-gb-pJCTei16p7w2brwBTlzT8GIR.html,5,2026-09-12T02:17:56.344289+00:00,individual,"The phone is in completely fresh condition.
Looks completely like new.
Works 100% properly.
RAM: 8GB
ROM: 256GB
Display: 1.5K AMOLED 120Hz
Camera: 200MP OIS
Battery: 5000mAh
Charging: 120W
Network: 5G
No scratches
No problems
Phone has never been opened/repaired
Asking price: 29,000 Taka
Price is negotiable. Do not offer unreasonably low prices."
Xiaomi Redmi Note 14 Pro 128 GB Black,25000,Used,"Chattogram, Mirsharai",02/09,https://bikroy.com/mirsharai/mobile-phones/xiaomi-redmi-note-14-pro-128-gb-black-rXmH2KA22P2ezM6qdQfkdidH.html,4,2026-09-12T02:17:57.048312+00:00,individual,"Purchased from Dazzel, still under replacement warranty. It is still like new. You will get everything just like a brand new mobile."
Xiaomi Redmi Note 14 Pro+ 256 GB Gray,28000,Used,"Chattogram, Pahartali",2 days ago,https://bikroy.com/pahartali/mobile-phones/xiaomi-redmi-note-14-pro-256-gb-gray-r1NW6Sb93jAZyTKdi5qeIvqk.html,3,2026-09-12T02:18:06.849226+00:00,individual,"Redmi Note 14 Pro Plus
Storage 12+4/256 GB
Full box with 90W charger
Battery 6200 mAh
In full fresh condition
CN variant
Phone in full fresh condition like new
Camera and glass protector newly installed
Phone price 29,000 approx fixed
To buy the phone, you must come to the location...
Pahartoli, Chittagong"
Xiaomi Redmi Note 14 Pro 256 GB Black,24900,Used,"Chattogram, Muradpur",20 hours ago,https://bikroy.com/muradpur/mobile-phones/xiaomi-redmi-note-14-pro-256-gb-black-rffYLKHM7KGnMh9sJgKtRjq3.html,4,2026-09-12T02:18:07.228362+00:00,individual,"Redmi Note 14 Pro 
Official 
8/256 
Full box with original charger... 
 Benefits:
 15-day replacement guarantee
 Device – Trusted Mobile Shop
 Shop No: 319, 3rd Floor (Lift 2 )
 CPDL RB Midtown Market, Muradpur, Chattogram (Beside Mecca Hotel)"
Xiaomi Redmi Note 13 Pro+ 256 GB Black,26000,Used,"Chattogram, Khulshi",31/08,https://bikroy.com/khulshi/mobile-phones/xiaomi-redmi-note-13-pro-256-gb-black-VKAmVpljP9od9lam5Y4eKxo.html,4,2026-09-12T02:18:07.926549+00:00,individual,"The mobile has no problems at all, completely fresh. Location: you have to come and see it. I need money urgently, so I am selling it. The mobile is completely fresh with no problems. Contact Number 013XXXXXXXX"
OnePlus 11R (Used),24500,Used,"Chattogram, Agrabad",29/04,https://bikroy.com/agrabad/mobile-phones/oneplus-11-r-good-used-zBUjOBzxiHlSAjDDx3wnSnLn.html,5,2026-09-12T02:18:11.890354+00:00,individual,"Assalamu Alaikum. Please read carefully before messaging. OnePlus 11R 8/128GB (Full gaming phone). Processor: Snapdragon® 8+ Gen 1. Battery: 5000mAh. Camera: Excellent. If you are unfamiliar with this phone, please check reviews on YouTube. Condition: The phone has some minor wear. There are scratches on the camera glass as shown in the photos. There are also some minor scratches on the display. Generally, all second-hand phones have some minor wear. Only the phone and cash memo will be provided. Price: 24.5k. Please do not message if your budget is below 20k. Location: Agrabad. Show more"
OnePlus 11 R 8/128 (Used),25000,Used,"Rajshahi, Godagari",30/04,https://bikroy.com/godagari/mobile-phones/oneplus-11-r-8-128-used-6xKaf52KOGvsHGmrpLL7Ped5.html,4,2026-09-12T02:18:12.996975+00:00,individual,"Model: OnePlus 11r 8/128 variant. Bought on the first day of Ramadan, the phone is completely fresh. Feel free to check it as much as you want, there are no issues. Selling because I am shifting to iPhone. The back looks a bit worn due to the back poly, you can remove the poly to check. Exchange not available. You will get the memo with the phone (charger available for an extra cost). If you want to buy, please message or call directly. Show more"
New Nothing Phone 2 256 GB White,39990,Brand New,"Dhaka, Uttara",02/09,https://bikroy.com/uttara/mobile-phones/new-nothing-phone-2-256-gb-white-3cbSLfBhi67ikmBQqgB6qPm6.html,5,2026-09-12T02:18:14.144558+00:00,individual,"Nothing phone 2
 12/ 256 GB, white
Never used ( Shop Display product )"
New Nothing Phone 2a 128 GB White,28999,Brand New,"Dhaka, Khilkhet",2 hours ago,https://bikroy.com/khilkhet/mobile-phones/new-nothing-phone-2a-128-gb-white-avgHjsf5ODkx6LWlYp3Dw1Ww.html,3,2026-09-12T02:18:14.439382+00:00,individual,"Nothing 2a new without box 
 mobile door bd
 shop no: 49, 3rd floor (lift-3)
 rajuk trade center shopping mall
nikunja-2, khilkhet, dhaka-1229"
Nothing Phone 2a 256 GB Black,27500,Used,"Dhaka, Jamuna Future Park",12 hours ago,https://bikroy.com/jamuna-future-park/mobile-phones/nothing-phone-2a-256-gb-black-a6Jqyq5jQNix6XNM645jgbfc.html,5,2026-09-12T02:18:15.374107+00:00,individual,"notging 2a 8/256gb all ok
super fresh condition available

🏃 আমাদের দোকান এ ভিজিট করুন 

 📍 Address :

     "" Appelink ""
     Shop No: 4C-021C1
       Block- C, Level- 4 
     Jamuna Future Park
(Samung customer care er pase
⏰Business Hour: 11:00AM-8:00PM
Whatsup number 016XXXXXXXX"
Xiaomi Redmi Note 15 Pro 256 GB Black,25000,Used,"Chattogram, Kajir Dewry",06/09,https://bikroy.com/kajir-dewry/mobile-phones/xiaomi-redmi-note-15-pro-256-gb-black-l3hCO3DDslHckKV7pPcDbTww.html,3,2026-09-12T02:18:16.898389+00:00,individual,"Bought from Dazzle in April. Brand new. Box, cash memo, warranty, everything is included."
Xiaomi Redmi Note 13 256 GB Blue,18500,Used,"Chattogram, Muradpur",20 hours ago,https://bikroy.com/muradpur/mobile-phones/xiaomi-redmi-note-13-256-gb-blue-fDYIVgLiZJqmhI1LIzRvJ0LT.html,3,2026-09-12T02:18:17.393363+00:00,individual,"Redmi note 13 5G 
8/256 
Full box 
🛡️ সুবিধা:
✔️ ১৫ দিনের রিপ্লেসমেন্ট গ্যারান্টি

📍 Device – Trusted Mobile Shop
📌 Shop No: 319, 3rd Floor (Lift 2 🛗)
🗺️ CPDL RB Midtown Market, মুরাদপুর, চট্টগ্রাম (মক্কা হোটেলের পাশে)"
New Xiaomi Redmi 17 128 GB Green,24999,Brand New,"Chattogram, Agrabad",21 hours ago,https://bikroy.com/agrabad/mobile-phones/new-xiaomi-redmi-17-128-gb-green-oWRkTTLmGY0tYJ4QOUTKm8wD.html,3,2026-09-12T02:18:18.222559+00:00,individual,"Stay with us by liking & following our page to get updates on any product prices. Our page link –
** Call or message us on WhatsApp at the number provided on Bikroy to buy a phone on instalment.
_____________________________________
Address:
Shop-537, Level-5
Akhtaruzzaman Center,
Agrabad, Chittagong."
Xiaomi Redmi Note 13 256 GB Black,17000,Used,"Rajshahi, Kadirgonj",11 hours ago,https://bikroy.com/kadirgonj/mobile-phones/xiaomi-redmi-note-13-256-gb-black-6qDJ9xPEfJza9Ok3d6Aormz2.html,5,2026-09-12T02:18:19.588908+00:00,individual,"Assalamu Alaikum Warahmatullahi Wabarakatuh
Fresh condition
Box: Only Device
Cash Memo: Available
Replacement Guarantee: Up to 7 days (subject to conditions)
Location: Rajshahi Kadirganj Chalpotti, beside Large Farmer, behind Shopnochura Plaza, Nagar Bhaban.
Shop No: 123 - Ground Floor beside lift
Shop Name: Rajshahi Mobile Bari 019XXXXXXXX"
OnePlus 12 512 GB Green,60000,Used,"Dhaka, Farmgate",01/09,https://bikroy.com/farmgate/mobile-phones/oneplus-12-512-gb-green-vbNtM3shdLaq6WKuuGM6Oq93.html,3,2026-09-12T02:18:21.638465+00:00,individual,"Global Variant (CPH-2583)
Model: OnePlus 12
Condition: Very good / Fresh Condition
Provided with complete Full Box
Flagship Performance
Snapdragon 8 Gen 3 Processor
6.82"" 120Hz ProXDR Display
Hasselblad Camera System
5400mAh Battery
Fast Charging Support
The phone is completely original and has been used with care."
OnePlus 13 256 GB Blue,65000,Used,"Dhaka, Baridhara",11 hours ago,https://bikroy.com/baridhara/mobile-phones/oneplus-13-256-gb-blue-ilF1J1zaBR0OTUegsYfij9VN.html,5,2026-09-12T02:18:22.186327+00:00,individual,"One plus 13
only device
full fresh condition"
OnePlus 13 256 GB White,64000,Used,"Dhaka, Jamuna Future Park",2 hours ago,https://bikroy.com/jamuna-future-park/mobile-phones/oneplus-13-256-gb-white-BkTZCMuWOuKcH8aMUrlfJ8Pz.html,3,2026-09-12T02:18:22.933734+00:00,individual,"OnePlus 13 Global
12GB 256GB
Full Fresh condition

 Paramount Gadget
Jamuna Future Park Shopping Mall
Level 4, Shop No: 006C"
OnePlus 10R 128 GB Black,19490,Used,"Dhaka, Mirpur",2 hours ago,https://bikroy.com/mirpur/mobile-phones/oneplus-10r-128-gb-black-tQ8Ab3quw14wKuZgXFOzCffX.html,4,2026-09-12T02:18:23.672424+00:00,individual,">Adiba Telecom >
Shop No: 34, 3rd Floor, Baghdad Shopping Complex, Mirpur- 1, Dhaka- 1216... 
The phone is 100% genuine and we offer a 7-day replacement guarantee and a 1-year free service warranty. (Without Parts)
Free courier charge all over Bangladesh
Exchange offer. Discount price.
Best camera phone"
Nothing Phone 3a Pro 256 GB Black,37000,Used,"Dhaka, Savar",01/09,https://bikroy.com/savar/mobile-phones/nothing-phone-3a-pro-256-gb-black-kod7k6GkXQHGOneus3f2wNnJ.html,5,2026-09-12T02:18:24.787627+00:00,individual,"Phone is completely authentic
No repair history
Price almost fixed"
Nothing Phone 3a Pro 128 GB Gray,45000,Used,"Dhaka, Khilgaon",2 days ago,https://bikroy.com/khilgaon/mobile-phones/nothing-phone-3a-pro-128-gb-gray-dYv8Y71DADmyDkPeGB8mhTsg.html,5,2026-09-12T02:18:25.318854+00:00,individual,"Nothing 3a pro 8/128gb
full box
only exchange
please inbox
you have to come to my location
Khilgaon Chow rasta"
Nothing Phone 3a 128 GB Black,25000,Used,"Dhaka, Mirpur",7 hours ago,https://bikroy.com/mirpur/mobile-phones/nothing-phone-3a-128-gb-black-lgXGpLnTuQRQi5ZEKpyyPYU3.html,5,2026-09-12T02:18:25.818684+00:00,individual,"The phone is fully fresh, just there is a crack on the display and no other issues, the crack is shown in the picture, to take the phone you must come to the location"
OnePlus 9RT 5G 128 GB Black,22999,Used,"Dhaka, Bosila",08/09,https://bikroy.com/bosila/mobile-phones/oneplus-9rt-5g-128-gb-black-5p4EVP9iiDfWh2mTMIZ48DS7.html,5,2026-09-12T02:18:26.587218+00:00,individual,"OnePlus 9RT for sale. 8/128GB. Includes 65W original charger and Snapdragon 888 processor. Guaranteed no green line issues. Original display and back shell. Never opened. Amazing camera quality. Get one full day of battery backup with normal use. Box was lost during house shifting, but I can provide a cash memo and NID copy. Feel free to make an offer."
OnePlus Nord 4 128 GB Black,26999,Used,"Dhaka, Khilgaon",20 hours ago,https://bikroy.com/khilgaon/mobile-phones/oneplus-nord-4-128-gb-black-BrNYnloEslj8zRsdkxMECiBC.html,3,2026-09-12T02:18:27.365611+00:00,individual,"Assalamu alaikum.
Greetings from ""Mobo Live Bd"". 

Black
Full Factory unlock
100% original device 
Dear Honourable Customer,
Now you can purchase with EMI of 21 banks credit card. Thanks for being with us."
Xiaomi Redmi Note 11 Pro 5G 128 GB Blue,15000,Used,"Rajshahi, Court Station",06/09,https://bikroy.com/court-station/mobile-phones/xiaomi-redmi-note-11-pro-5g-128-gb-blue-kklOPR3sCm80ZZ4mt4bx1jW5.html,5,2026-09-12T02:18:28.071113+00:00,individual,"Model:Redmi Note 11 Pro 5g
Ram:6+6 Gb
Storage:128 Gb
Phone full fresh nijer use kora phone!
Phone full authentic kono din khula hoi nai!
No repair history!
Cameraa 100 te 100 raw mal!"
Google Pixel 7 Pro 128 GB Black,34500,Used,"Rajshahi, Shaheb Bazar",14/07,https://bikroy.com/shaheb-bazar/mobile-phones/google-pixel-7-pro-128-gb-black-r7T4dlOZLvqxcwtr8EwCQj2c.html,5,2026-09-12T02:18:28.580819+00:00,individual,"Box, cash memo, OTG, everything is available.
Full authentic, nothing has been changed."
Apple iPhone 12 Pro 256 GB Black,40000,Used,Rajshahi,06/06,https://bikroy.com/rajshahi/mobile-phones/apple-iphone-12-pro-256-gb-black-BRRJ8qHAqnozhKqwiBcscJpj.html,5,2026-09-12T02:18:29.273676+00:00,individual,"Phone 12 Pro (256GB). USA variant. Battery 78% original. Display original. Physical Sim 1, Esim 1. Face ID and True Tone are working. Price: 40,000 BDT. Call only if you are a real buyer; please don't message or call unnecessarily. The phone is fully authentic and nothing has been changed."
Vivo V30e 128 GB Black,26000,Used,"Rajshahi, Kazla",26/06,https://bikroy.com/kazla/mobile-phones/vivo-v30e-128-gb-black-mHxyMeJ5IHyP94Imxd6n1M1M.html,3,2026-09-12T02:18:29.941487+00:00,individual,"Sell Post
Vivo v30e
RAM: 8/128
Processor: Snapdragon 6gen1
Display: Curved 120hz refresh rate
★Only the back cover is provided with the phone, nothing else.
NID card will be provided.
Location: Binodpur/Rajshahi University"
OnePlus 10 Pro 128 GB,25000,Used,"Rajshahi, Shaheb Bazar",28/06,https://bikroy.com/shaheb-bazar/mobile-phones/oneplus-10-pro-128-gb-7ENu4q5WPenmtHH1AJYDJ5N6.html,3,2026-09-12T02:18:30.772920+00:00,individual,"100% authentic phone
5000 mAh battery
Qualcomm Snapdragon 8 Gen 1 processor
Display original, fingerprint okay
8 GB RAM, 128 GB ROM
Price: 25,000
Please do not message unnecessarily
Only phone and charger
NID card will be provided as documentation
Location: Rajshahi Talaimari"
OnePlus Nord CE5 256 GB White,28000,Refurbished,"Rajshahi, Boalia",10/07,https://bikroy.com/boalia/mobile-phones/oneplus-nord-ce5-256-gb-white-wj0WPw73PjMKDKS3F6oGNvwL.html,5,2026-09-12T02:18:31.235690+00:00,individual,"The phone name is OnePlus Nord CE5. It is in full fresh condition, comes with the full box and charger."
OnePlus 11R 128 GB Blue,22000,Used,"Chattogram, Chawkbazar",08/07,https://bikroy.com/chawkbazar/mobile-phones/oneplus-11r-128-gb-blue-l1yfMy2aLA6C8KzDCRe1hvoe.html,5,2026-09-12T02:18:31.643632+00:00,individual,"This OnePlus 11R has been used nicely. The processor is the 8 Gen 1, a full gaming processor. I need money urgently, which is why I am selling it.
Must knock on WhatsApp 019XXXXXXXX"
OnePlus 12 16-512 (Used),58000,Used,"Chattogram, New Market, Chattogram",23/04,https://bikroy.com/new-market/mobile-phones/oneplus-12-16-512-used-kGUDTx3TAovuBpVYTZncV2Kq.html,4,2026-09-12T02:18:32.169172+00:00,individual,"RAM: 16 GB
Storage: 512 GB
The phone has no issues, with only very minor scratches. It was officially purchased from India. You will get the original charger and a cover with it. Any security you require can be provided.
Location: Dhaka, New Market area"
OnePlus 13 256 GB White,90000,Used,"Dhaka, Tejgaon",07/09,https://bikroy.com/tejgaon/mobile-phones/oneplus-13-256-gb-white-yFMgj3s1aLGL6DoCtZoZRm7U.html,5,2026-09-12T02:18:32.673066+00:00,individual,"1.Oneplus 13 5g 
12/256 indian global
Battery-99%
With 4 Case.
Super fresh condition, no dent,no scratch 
2.50w wireless charger
3.Oneplus buds 4 (warranty available) 
4.65w warp charger (Europe edition)
5.100cm cable type [c-c]
6.Ex 3pro 36w Cooler. 
7.100w supervoc dual ports power adepter 
8 150cm cable type [c-c]
9.200cm cable type [c- usb]"
OnePlus 12 256 GB Black,48500,Used,"Dhaka, Jamuna Future Park",2 hours ago,https://bikroy.com/jamuna-future-park/mobile-phones/oneplus-12-256-gb-black-z3Wq34Es9R50poqghIX90mnm.html,3,2026-09-12T02:18:33.881426+00:00,individual,"Oneplus 12
12GB 256GB
Few Month used
Price: Tk
 Paramount Gadget
Jamuna Future Park Shopping Mall
Level 4, Shop No: 006C
Near Lift 7 (Nokia   

#oneplus
#oneplus12"
OnePlus Nord 6 256 GB Black,52490,Used,"Dhaka, Shyamoli",21 hours ago,https://bikroy.com/shyamoli/mobile-phones/oneplus-nord-6-256-gb-black-glOLKjl7mRJM4jfhOiQ07eDf.html,5,2026-09-12T02:18:34.329135+00:00,business,"#OnePlus_Nord_6 8/256

100% | Charging Cycle: 08
Condition: Full Box | Intact conditions
Indian Official Warranty Available

⸻
EXCHANGE AVAILABLE
100% Authentic Product
⸻
EMI Facility (Available on cards from 36 banks)
⸻
Cash On Delivery Nationwide
⸻
Shop Location:
Phone-e
Shop No: 573, Level-5
Shyamoli Square Shopping Mall, Dhaka"
OnePlus 9RT 5G 256 GB Black,20000,Used,"Dhaka, Badda",29/08,https://bikroy.com/badda/mobile-phones/oneplus-9rt-5g-256-gb-black-mP6ypVXK0MRnsIFXuZCmklag.html,5,2026-09-12T02:18:34.941935+00:00,individual,Full box ase  kono problem nai
OnePlus Nord CE4 256 GB Green,22000,Used,"Dhaka, Keraniganj",17/08,https://bikroy.com/keraniganj/mobile-phones/oneplus-nord-ce4-256-gb-green-6wQOSIE0X7ub0WDUFd6lGeKt.html,3,2026-09-12T02:18:35.547806+00:00,individual,"Fully fresh. (No issues) Delivery location _ Notun Sonakanda Oil Pump, Rohitpur, Keraniganj, Dhaka 019XXXXXXXX"
OnePlus Nord 5 256 GB Blue,34999,Used,"Dhaka, Gulshan",2 hours ago,https://bikroy.com/gulshan/mobile-phones/oneplus-nord-5-256-gb-blue-pQvexR1OMtd501vc115p9yP1.html,5,2026-09-12T02:18:35.931078+00:00,individual,"One plus nord 5 5G full fresh 
Ram 8Gb Rom 256Gb 
Processor snapdragon 8s gen 3
Battery 6800 mah 
80wt charger support 
10 days replesment guaranty ace 
1 year service warranty ace 
Location Gulshan 2 land view shopping center shop number 24 ist floor 
Phone exchange kora hoy 
Friday market close 
Emi korta parben credit card dia"
Xiaomi Civi 1S 256 GB Purple,30000,Used,"Rajshahi, Court Station",10/07,https://bikroy.com/court-station/mobile-phones/xiaomi-civi-1s-256-gb-purple-f0oGnarwrhoVLtCSi1Z92mPD.html,4,2026-09-12T02:18:36.478837+00:00,individual,Used phone with no problem
Xiaomi Redmi Note 14 Pro+ 5G 256 GB Black,27000,Used,"Rajshahi, Tanore",24/05,https://bikroy.com/tanore/mobile-phones/xiaomi-redmi-note-14-pro-5g-256-gb-black-5fnQOuVj3YtLyJXH5iQXmftc.html,2,2026-09-12T02:18:36.994408+00:00,individual,Feel free to inspect it as much as you like before buying.
Xiaomi Redmi Note 13 Pro 256 GB Black,27000,Used,"Rajshahi, Court Station",04/06,https://bikroy.com/court-station/mobile-phones/xiaomi-redmi-note-13-pro-256-gb-black-4aXe4AhdhsgxM4Va4x6SxW1q.html,5,2026-09-12T02:18:37.696157+00:00,individual,Full fresh... box and charger all included... phone is like new...
Xiaomi Redmi Note 15 128 GB Silver,21999,Used,"Rajshahi, Kazla",17 hours ago,https://bikroy.com/kazla/mobile-phones/xiaomi-redmi-note-15-128-gb-silver-p4LDuLv6ADrLMWC2isaGLgPE.html,5,2026-09-12T02:18:38.193447+00:00,individual,"Friday dhamaka offer 
Our location is Banesswre Shibpur Hut 
Full box 
Note 15 6+128 
Fixed"
Xiaomi Redmi Note 15 256 GB Pink,26500,Used,"Rajshahi, Shaheb Bazar",01/09,https://bikroy.com/shaheb-bazar/mobile-phones/xiaomi-redmi-note-15-256-gb-pink-5INoIaNdEW2PXZro8lUZntzn.html,5,2026-09-12T02:18:39.037898+00:00,individual,"Phone bought 2 months ago, box and charger all available,, selling because I need money, 26,500 fixed price"
New Xiaomi Redmi Note 15 128 GB Black,23500,Brand New,"Rajshahi, Uposahar",06/09,https://bikroy.com/uposahar/mobile-phones/new-xiaomi-redmi-note-15-128-gb-black-sE5eBuoe2YvTVkriTQ28Q5Go.html,4,2026-09-12T02:18:39.440367+00:00,individual,"The phone is in full fresh condition. Used for 3 months. Selling because a new phone will be bought. Official phone, mobile box, mobile charger all available."
Nothing Phone 2a 8/256 (Used),25000,Used,Rajshahi,30/04,https://bikroy.com/rajshahi/mobile-phones/nothing-phone-2a-8-256-used-8Qx9oov6snBaiX0MTWZAKAkL.html,5,2026-09-12T02:18:40.135943+00:00,individual,"It is 95% fresh with a minor dent on the body. Only the phone and NID copy will be provided. Serious buyers only, please message."
Samsung Galaxy S23 Ultra 256 GB Black,30000,Used,"Rajshahi, Shaheb Bazar",2 days ago,https://bikroy.com/shaheb-bazar/mobile-phones/samsung-galaxy-s23-ultra-256-gb-black-83XtZqtjG2nvhDSV5L51YBLB.html,5,2026-09-12T02:18:40.682851+00:00,individual,"The phone has no issues except for two green lines. It is waterproof, and waterproof testing will be shown. There are no problems, you can check it as much as you want. Super fresh condition. You must come to the location to take the phone. Nothing comes with the phone. Vietnam variant."
Vivo T3 Ultra 256 GB Black,25500,Used,"Rajshahi, Rajpara",09/09,https://bikroy.com/rajpara/mobile-phones/vivo-t3-ultra-256-gb-black-3hzaj1xQh1KB6Ftud4hd81Ae.html,4,2026-09-12T02:18:41.482723+00:00,individual,"Vivo T3 Ultra (12/256). There are scratches on the phone body and the back cover glue has come off, otherwise no issues. Everything is original, nothing has been changed. You can check it as much as you like, security will be provided. To see the phone, you need to come to the location. 25500"
New Nothing Phone 3a Pro 256 GB Black,39000,Brand New,"Rajshahi, Kadirgonj",20/08,https://bikroy.com/kadirgonj/mobile-phones/new-nothing-phone-3a-pro-256-gb-black-64QA5WwklUlaWST2fRb6V1no.html,3,2026-09-12T02:18:42.179780+00:00,individual,"Nothing 3A pro... 12/256
All authentic waterproof
Showroom conditions"
Apple iPhone 13 128 GB Blue,40000,Used,Rajshahi,04/08,https://bikroy.com/rajshahi/mobile-phones/apple-iphone-13-128-gb-blue-38KaikAAWbDBGUKSTuahA2zs.html,5,2026-09-12T02:18:42.824183+00:00,individual,"Nothing has been changed, everything is original, no scratches."
Nothing Phone 1 256 GB White,25000,Used,"Rajshahi, Motihar",03/05,https://bikroy.com/motihar/mobile-phones/nothing-phone-1-256-gb-white-uKGI5jFyaWLFhlpXPK8uIc79.html,3,2026-09-12T02:18:43.332514+00:00,individual,"The phone is in fresh condition, just like new, with no problems. I don't have the box as the memo was lost, but I have the charger. I will provide whatever you need for security. If you want to buy it, please message or call me. If you are not interested, please do not message and cause confusion."
iQOO 256 GB Rose Gold,32000,Used,"Rajshahi, Vodra",21/08,https://bikroy.com/vodra/mobile-phones/iqoo-256-gb-rose-gold-dCaGHqAQVr1WlDUbfaXOkdJK.html,4,2026-09-12T02:18:44.044507+00:00,individual,Iqoo neo 10 8-256 has 3 month warranty. Indian border cross phone. The phone has no kind of problem. Nothing is changed.
Nothing Phone 2a Plus 256 GB Black,25000,Used,"Rajshahi, Laksimipur",7 hours ago,https://bikroy.com/laksimipur/mobile-phones/nothing-phone-2a-plus-256-gb-black-8qc7UnZOCzSRJJ9qezOldBKC.html,4,2026-09-12T02:18:44.644759+00:00,individual,"There is not the slightest problem with the phone, you can check it for as long as you want. 8+2 GB RAM, 256 GB ROM, 100% fresh. You will get only the phone along with a photocopy of the NID for security purposes. (Those who have used Nothing phones know how amazing they are)"
Nothing Phone 2 256 GB Black,28500,Used,"Rajshahi, Chhota Banagram",1 day ago,https://bikroy.com/chhota-banagram/mobile-phones/nothing-phone-2-256-gb-black-rnMsSvOTcSyj8GT6Dqfc0F1u.html,3,2026-09-12T02:18:45.492567+00:00,individual,"The phone is in completely fresh condition. I have been using it for a few months. Everything is OK, no problems at all. It has never been opened or repaired.
Only the phone, whatever is needed for security will be provided."
Nothing Phone 1 128 GB Black,22000,Used,"Rajshahi, Boalia",19/07,https://bikroy.com/boalia/mobile-phones/nothing-phone-1-128-gb-black-x48lq8d6pPsxusgm0p5cSE5T.html,3,2026-09-12T02:18:46.239793+00:00,individual,"Nothing Phone 1 mobile. Everything is okay, no problems, you can check it yourself. The phone gives very good and beautiful backup. It is a water-resistant phone. If you want to see it, come to the location. Only the phone will be given."
Motorola G96 5G 128 GB Pink,21000,Used,"Rajshahi, Godagari",2 days ago,https://bikroy.com/godagari/mobile-phones/motorola-g96-5g-128-gb-pink-5aglwQBwf3guTWiI5oXp9pE5.html,3,2026-09-12T02:18:46.890393+00:00,individual,Indian phone taken from Chapai so nothing will be given with the phone. Phone is in fresh condition a
Google Pixel 7 128 GB Green,30000,Used,"Rajshahi, Shaheb Bazar",04/09,https://bikroy.com/shaheb-bazar/mobile-phones/google-pixel-7-128-gb-green-d6hLAJdF9EAvohUgqi5NX1sG.html,5,2026-09-12T02:18:47.227138+00:00,individual,"Only Exchange with Samsung Galaxy S23 FE/ Nothing CMF 2 PRO/ Iphone 12/ Honor 200/ Redmi Turbo 4 Pro

Pixel 7 
8/128
Box+ Cash Memo Available 
Full Fresh Phone 
All Parts Original No Repair or Service History"
Nothing Phone 3a 256 GB Black,30500,Used,"Rajshahi, Shah Makhdum",15/08,https://bikroy.com/shah-makhdum/mobile-phones/nothing-phone-3a-256-gb-black-3A7BBH5MD457gPA40bKJhLri.html,5,2026-09-12T02:18:47.824699+00:00,individual,"Full Fresh Condition just like new, used for a very few days, matte poly applied, selling because I will buy another phone. Price almost fixed ()"
Nothing Phone 1 128 GB Black,21000,Used,"Rajshahi, Motihar",03/09,https://bikroy.com/motihar/mobile-phones/nothing-phone-1-128-gb-black-cTZ0mAvrIki5s14RX77K8h5F.html,5,2026-09-12T02:18:48.538715+00:00,individual,"The phone is very beautiful to look at and a lot of fun to use. The phone is completely made of glass, and when you get a call, the lights on the back light up, making it look very nice, almost like new."
Nothing Phone 3a Pro 256 GB Black,48000,Used,"Chattogram, Baizid",08/07,https://bikroy.com/baizid/mobile-phones/nothing-phone-3a-pro-256-gb-black-hyjk1eftm2JW3HdAtpB5kCD3.html,3,2026-09-12T02:18:49.181694+00:00,individual,"14 day used only new mobile 
Location: polytechnical, East Delta University Pashe.
Real buyer knock 016XXXXXXXX"
Nothing Phone 3a 256 GB White,33500,Used,"Chattogram, Satkania",21/05,https://bikroy.com/satkania/mobile-phones/nothing-phone-3a-256-gb-white-keDfTMKurYHi3VCnSmKgcAFK.html,3,2026-09-12T02:18:49.882269+00:00,individual,"Nothing Phone 3a (Global)
 4GB RAM / 256GB ROM
 Absolutely clean and fresh condition
 Global version
 Battery and performance are very good
 Camera, display, sound all perfect
 No issues, you can use it worry-free
 Perfect for those looking for a stylish and unique phone
 Inbox if interested."
New Nothing Phone 3a 128 GB White,35000,Brand New,"Chattogram, Kotwali, Chattogram",21 hours ago,https://bikroy.com/kotwali/mobile-phones/new-nothing-phone-3a-128-gb-white-kPg3fQld9D9jAYCNAM8ZsWU5.html,3,2026-09-12T02:18:50.587213+00:00,individual,"Full fresh set (memo done)
Full boxed with original charger
Will give extra 4 covers
No issue!
Location: GEC/Kotwali
Must come to location"
Nothing Phone CMF Phone 2 Pro 128 GB Green,27500,Used,"Chattogram, Patenga",24/07,https://bikroy.com/patenga/mobile-phones/nothing-phone-cmf-phone-2-pro-128-gb-green-BPOnnkYfDRtgMgFOGrCldofW.html,3,2026-09-12T02:18:51.097543+00:00,individual,"Fresh condition, box and charger are all included. Used for a very short time, inbox if you want to buy."
Nothing Phone 3a 256 GB White,37000,Used,"Chattogram, Alankar",04/08,https://bikroy.com/alankar/mobile-phones/nothing-phone-3a-256-gb-white-fLWm2T6CH8W96feo8hhkdd2z.html,3,2026-09-12T02:18:51.831185+00:00,individual,"There is not much to say if someone wants a good phone then this is the perfect place you have come the rest will be understood when you meet face to face 
 
- 100% Original
- No type of problems
- Display, Touch, Camera, Speaker, Microphone, Fingerprint 
Location: Chattogram Sagarika Road Bitak Bazar 
 Only serious buyers please contact
WhatsApp:"
Nothing Phone 3a 256 GB White,35500,Used,"Chattogram, Satkania",15/08,https://bikroy.com/satkania/mobile-phones/nothing-phone-3a-256-gb-white-iF0wsGqNf6RimxNJfobATtz9.html,3,2026-09-12T02:18:52.585907+00:00,individual,"Brand new, comes with everything."
Nothing Phone 4a Pro 256 GB Graphite,60000,Used,"Chattogram, Chawkbazar",20 hours ago,https://bikroy.com/chawkbazar/mobile-phones/nothing-phone-4a-pro-256-gb-graphite-6ggKcyFENqXk13R43sWcpm84.html,3,2026-09-12T02:18:53.113379+00:00,individual,"Nothing 4a Pro
12/256
Few days used
Full boxed."
Nothing Phone 3a Pro 256 GB Gray,35999,Used,"Chattogram, Bandar, Chattogram",06/09,https://bikroy.com/bandar/mobile-phones/nothing-phone-3a-pro-256-gb-gray-84A4j57BZo790jxIUCnfwY2G.html,3,2026-09-12T02:18:53.720729+00:00,individual,"100% fresh
★Cash memo will be given
★Used as secondary phone
★Location must (Bondor, Ctg)
Price 100% fixed"
Nothing Phone 2a Plus 256 GB Gray,27000,Used,"Chattogram, Chandgaon",25/07,https://bikroy.com/chandgaon/mobile-phones/nothing-phone-2a-plus-256-gb-gray-kM0vxehtJVRLoUYfQOKCx7Mf.html,5,2026-09-12T02:18:54.492749+00:00,individual,"No problems at all, you can check and take it after seeing."
Nothing Phone 3a 128 (Used),25990,Used,"Chattogram, Nasirabad",20 hours ago,https://bikroy.com/nasirabad/mobile-phones/nothing-phone-3a-128-used-5SEQXK1X9fVCYj2066b202pY.html,4,2026-09-12T02:18:54.892172+00:00,individual,"Nothing phone 3a 8/128

🔥 Budget King — Everyday Smooth Performer! 🔥



⚡ Enjoy 8GB RAM | 128GB Storage | 5000mAh Battery | Super Clear Camera



👉Only one dot (beside front camera)



💰offer price -25,990💥💥



🚚 Delivery Available | 🔄 Exchange Available | 💳 EMI Available



🛡️ 15-Day Replacement Guarantee | Lifetime Service Warranty



📞 



🌐 www.decentbd.com



📍𝐅𝐢𝐧𝐥𝐚𝐲 𝐒𝐪𝐮𝐚𝐫𝐞, Level-4, Shop-406, 2 No Gate, Nasirabad, Chattogram



📍𝐅𝐢𝐧𝐥𝐚𝐲 𝐒𝐨𝐮𝐭𝐡 𝐂𝐢𝐭𝐲, Level-5, Shop-525, Bahaddarhat, Chattogram



#decentbd Show more"
New Nothing Phone 3a 256 GB Black,29500,Brand New,"Chattogram, Agrabad",23/05,https://bikroy.com/agrabad/mobile-phones/new-nothing-phone-3a-256-gb-black-dN0XrLxrlkCV7yarf0vCYCUt.html,5,2026-09-12T02:18:55.828767+00:00,individual,"Nothing Phone 3a (Black) 
8+8GB RAM 256GB ROM
Condition: Like brand new
Black
Enjoy a smooth and premium experience
Asking Price: 29,500৳ (negotiable)
Only phone available
I can provide a photocopy of my NID for security purposes; the bill and box were lost during a house move.
Exchange possible. Serious buyers only."
Nothing Phone 4a 128 GB White,42500,Used,"Chattogram, Chawkbazar",20 hours ago,https://bikroy.com/chawkbazar/mobile-phones/nothing-phone-4a-128-gb-white-7RSpRTRiw9T4Bc78usoxjTmW.html,3,2026-09-12T02:18:56.336248+00:00,individual,"Nothing phone 4a
8/128
with Box
few days used"
Nothing Phone 3a 128 GB Black,31000,Used,"Chattogram, Alankar",05/09,https://bikroy.com/alankar/mobile-phones/nothing-phone-3a-128-gb-black-wuVyp0c2XbnCxQS21NT9Gwqs.html,4,2026-09-12T02:18:56.984081+00:00,individual,ফুল বক্স ক্যাশ মেমো সহ। কোনবিন্দু পরিমাণ দাগ বা ফাটল নাই পুরো নতুনের মত। প্রাইজ প্রায় ফিক্সড
Apple iPhone 15 128 GB Blue,68000,Used,"Khulna, Khulna Sadar",24/08,https://bikroy.com/khulna-sadar/mobile-phones/apple-iphone-15-128-gb-blue-1eLKo6lIgyuuUA7WQ2QmoIn9.html,5,2026-09-12T02:18:57.681499+00:00,individual,"iPhone 15
Original Battery = 87%
Box available
Cycle = 315 times charged.
The phone is brand new with no scratches, I am the first owner myself. Anyone who wants can take the phone and nothing in the phone has been replaced, everything is genuine.
WhatsApp me at 014XXXXXXXX"
Apple iPhone 16 Pro Max 512 GB White,120000,Used,"Khulna, Paikgachha",2 days ago,https://bikroy.com/paikgachha/mobile-phones/apple-iphone-16-pro-max-512-gb-white-vbbVfrtcBajD1Z0v7JzeC2jp.html,5,2026-09-12T02:18:58.065535+00:00,individual,"Assalamu Alaikum. There are no problems with the phone, everything is okay, nothing has been changed. I am selling it because I need money. If you need it, call the number given below."
New Apple iPhone 16 128 GB Pink,86000,Brand New,"Pabna, Pabna Sadar",03/09,https://bikroy.com/pabna-sadar/mobile-phones/new-apple-iphone-16-128-gb-pink-nVrHH2k8TBxAIIQVsCbB8Zg.html,5,2026-09-12T02:18:58.682441+00:00,individual,"iPhone 16 pink Color🩷 No issues, Not a single dent ❌ 
Battery 100 💯 
Cycle count 78
Nothing change 
New phone 
Camera wow❤️‍🔥
Box cable available 
Warranty ache ekhono

Family problem tai emergency sell dibo🙏🏻"
Apple iPhone 14 Pro Max 256 GB Purple,67000,Used,"Dhaka, Uttara",18/08,https://bikroy.com/uttara/mobile-phones/apple-iphone-14-pro-max-256-gb-purple-9YlfSQtiazmGp7tZJ6UkGjzY.html,3,2026-09-12T02:18:59.391025+00:00,individual,"The phone is completely fresh. Everything is original, nothing has been changed. Phone number 018XXXXXXXX"
Apple iPhone 13 Pro Max 512 GB Gold,65000,Used,"Dhaka, Jatrabari",19 hours ago,https://bikroy.com/jatrabari/mobile-phones/apple-iphone-13-pro-max-512-gb-gold-BjoaJF5XMlVWpnr6oOWxcvi4.html,3,2026-09-12T02:19:00.017751+00:00,individual,"Phone has never been opened, completely waterproof, nothing has been changed, full fresh condition.
No display issue, latest update given, using for 2 years, using for 2 years.
Still looks like an absolutely brand new phone.
Box will be found with it. Brought from USA."
Apple iPhone 12 Pro Max 128 GB White,65000,Used,"Jashore, Jashore Sadar",02/09,https://bikroy.com/jessore-sadar/mobile-phones/apple-iphone-12-pro-max-128-gb-white-B0tWLB1hXk7foXcjNQ77AU5N.html,5,2026-09-12T02:19:00.831030+00:00,individual,"This is my personal phone sent from America. The battery has been replaced. There is no box as it got ruined. There are no police issues whatsoever. The price can be reduced a little bit, but nothing unreasonable. You can call me to know the rest. 
Special Note: Please no media personnel call me."
Samsung Galaxy S24 Ultra 256 GB Gray,75000,Used,"Cox's Bazar, Chakaria",21 hours ago,https://bikroy.com/chakaria/mobile-phones/samsung-galaxy-s24-ultra-256-gb-gray-6olER8mGvJrjTIBuldtA9qiU.html,3,2026-09-12T02:19:01.336264+00:00,individual,"Fresh condition, nothing scratches. Never fall down.
With original box."
Apple iPhone 15 Pro 128 GB,80000,Used,"Dhaka, Savar",21/08,https://bikroy.com/savar/mobile-phones/apple-iphone-15-pro-128-gb-93SMOFpYXk2n0fMpoqUs9ff8.html,3,2026-09-12T02:19:01.744819+00:00,individual,"The phone was brought from the UK.
 1st user
 Original Apple store cash memo and NID can be provided as documents.
 Box not available
 BH: 80%
 European variant
 1 e-SIM / 1 physical
 Everything is original on the phone, nothing has been changed or opened, it is 100% waterproof."
Apple iPhone 14 Pro 128 GB White,65000,Used,"Shariatpur, Naria",18/08,https://bikroy.com/naria/mobile-phones/apple-iphone-14-pro-128-gb-white-dN4xvnGCb0PLhisggwZkOdhe.html,4,2026-09-12T02:19:02.484905+00:00,individual,"There are no problems with the phone, it comes with a cash memo and nothing else. There is no box, charger, or cable. There are no issues with the mobile, please check and test it before taking. Battery health is 82%."
Apple iPhone 14 Pro Max Dual SIM (Used),74500,Used,"Chattogram, Chandgaon",29/04,https://bikroy.com/chandgaon/mobile-phones/apple-iphone-14-pro-max-dual-sim-used-hpJFXYCEfyNKudv2jICvFbH6.html,4,2026-09-12T02:19:02.879273+00:00,individual,"iPhone 14 Pro Max
Full box without cable
100% Waterproof, please check it yourself
100% Authentic
Deep Purple color
(Z/A) Hong Kong Variant (physical SIM use)
Battery Health 85% (original) 🔎
Storage 256GB
No scratches, looks like new🆕
Laminated
Price: 77k, Price Fixed
Face lock ✅🆗
True Tone ✅🆗
More details ⤵️

#The mobile is completely fresh, not a single scratch, nothing has been opened, everything is 100% original, you can check it yourself. I have used the mobile with great care, there is no problem at all. The mobile has the latest update installed.
The mobile is Deep Purple color, looks brand new, no issues, you will understand once you see it.
Whoever buys it will definitely be a winner.
Price Fixed

#Those who want to buy must come to the location.

#Interested buyers please inbox, others please do not disturb. Show more"
Apple iPhone 14 Pro Max 128 GB Purple,74999,Used,"Chattogram, Agrabad",29/06,https://bikroy.com/agrabad/mobile-phones/apple-iphone-14-pro-max-128-gb-purple-3NlBsx7zwrPcwxACxbXYyvJ4.html,5,2026-09-12T02:19:03.383156+00:00,individual,"Everything is fine.
Battery Health: 95%.
Nothing has been changed.
True Tone is OK.
It has been used with a lot of care, that's why the battery health is still 95%."
Apple iPhone 14 Pro Max Good (Used),90000,Used,"Chattogram, Kotwali, Chattogram",29/04,https://bikroy.com/kotwali/mobile-phones/apple-iphone-14-pro-max-good-used-6wztxBd96PpBsphryUOoF6K6.html,3,2026-09-12T02:19:04.070324+00:00,individual,"In excellent condition. Imported from Dubai Apple Store. Get 3 free covers. Nothing has been changed or repaired. Fixed price 90,000 BDT."
Nothing Phone 3 512 GB Black,65000,Used,"Chattogram, Hathazari",12/07,https://bikroy.com/hathazari/mobile-phones/nothing-phone-3-512-gb-black-yxV5AfHeEPwHoU4xsbAO5f8Y.html,5,2026-09-12T02:19:04.476542+00:00,individual,"Only 16 days used, full fresh, I'll provide a new xundd case"
New Apple iPhone 17 Pro Max 256 GB Silver,149999,Brand New,"Dhaka, Tejgaon",31/08,https://bikroy.com/tejgaon/mobile-phones/new-apple-iphone-17-pro-max-256-gb-silver-dy5uCDfSuwBQ1fycjIlthQlt.html,5,2026-09-12T02:19:05.046475+00:00,individual,"The phone has been used for a very short time and with great care. Battery health is 100%, charged 44 times. Includes one physical SIM and one eSIM, along with the full box and cash memo. The phone is like new, nothing to inspect. Do not bargain. iPhone 17 Pro Max 256 GB"
Apple iPhone 13 Pro 256 GB Gold,55000,Used,"Dhaka, Jatrabari",11 hours ago,https://bikroy.com/jatrabari/mobile-phones/apple-iphone-13-pro-256-gb-gold-iN55ewCIkfSL4aA7MXoahoZh.html,5,2026-09-12T02:19:05.370657+00:00,individual,"Price Fixed
IPhone 13 Pro 256Gb Full Box
Color : Golden 
1 physical sim , 1 E sim 
Battery health : 91% (Original )
IOS version : Latest (26.5.2)
True Tone : ok 
Face ID : ok
Model number : MLQP3LL/A
Waterproof device 
Used with case 
IMel Matched Box available 
Charging cable and 20 adapter Available 
 everything original
Nothing repaired /Replace"
Nothing Phone 3 256 GB White,56990,Used,"Dhaka, Badda",11 hours ago,https://bikroy.com/badda/mobile-phones/nothing-phone-3-256-gb-white-yCmtx6pVXNaYbBJAju7PeQ7T.html,3,2026-09-12T02:19:06.038095+00:00,individual,"Processor: Snapdragon 8s gen 4 5g
Ram: 12 GB
Display: 6.67"" OLED 120hz
Camera: Back-50+50+50\Front-50 MP
Battery: 5500 Mah
Device with Cash Memo & Charger.
You will get 7 days replacement and 1 year free service. You can exchange your old mobile with us.
Weekly holiday: Wednesday."
Samsung Galaxy S23 Ultra 256 GB Green,55000,Used,"Dhaka, Dhanmondi",14/08,https://bikroy.com/dhanmondi/mobile-phones/samsung-galaxy-s23-ultra-256-gb-green-coyIy0aoTyRpGLbeFchnEk26.html,5,2026-09-12T02:19:06.687673+00:00,individual,"Phone full fresh. No issue. Nothing changed. Green colour. USA variant. Official device.
Phone will have poly on. And good quality protector attached. Price only 55000.
8gb ram.
256 gb rom.
Extra payment required if you want Samsung original charger and back cover."
Apple iPhone 14 Pro Max 128 GB Gray,72000,Used,"Dhaka, Basabo",19 hours ago,https://bikroy.com/basabo/mobile-phones/apple-iphone-14-pro-max-128-gb-gray-eTaO61PpHLiVmwqh4SDVobpR.html,5,2026-09-12T02:19:07.284626+00:00,individual,"Brand- Apple 
Model- 14 pro max
What you will get with the mobile
Box, charger, 2 good quality covers
The mobile has been used with great care.
BH- 75 Original Battery 
128 GB
HKG, MAC
Nothing of the mobile has been changed
Everything is original.
The mobile must be seen by coming in person.
Dakshin Gaon Road No. 2, Basabo"
Apple iPhone 13 Pro Max 256 GB Black,57000,Used,"Dhaka, Uttara",18/08,https://bikroy.com/uttara/mobile-phones/apple-iphone-13-pro-max-256-gb-black-5Hh8BKTiqTabJPtvfj0kT2UF.html,4,2026-09-12T02:19:07.818543+00:00,individual,"iPhone 13 Pro Max — Singapore Variant 
* 256GB
* Battery Health: 80%
* Only Display has been changed
* Face ID: OK 
* True Tone: OK 
* Nothing else has been changed
* Full fresh condition
* Cash Memo is available 
* You can check as much as you want
* Full authentic condition
If you are serious, please contact."
Apple iPhone 17 Pro Max 256 GB Black,150000,Used,"Dhaka, Badda",28/08,https://bikroy.com/badda/mobile-phones/apple-iphone-17-pro-max-256-gb-black-as6wG8a1pMKfuB2eZe7fYtUK.html,4,2026-09-12T02:19:08.531631+00:00,individual,"iPhone 17 pro Max 
USA variant
Battery health 98%
Storage 256GB 
Negotiable just Kichu scratches and ekta Dent ache nothing else With Box"
Nothing Phone 3 512 GB White,58000,Used,"Dhaka, Baridhara",11 hours ago,https://bikroy.com/baridhara/mobile-phones/nothing-phone-3-512-gb-white-sO7lGwfpb7nF2hjcQGoOXcL.html,4,2026-09-12T02:19:08.974982+00:00,individual,"Nothing 3
Full fresh condition 
only device"
Apple iPhone 14 Pro 128 GB White,62500,Used,"Dhaka, Uttara",24/08,https://bikroy.com/uttara/mobile-phones/apple-iphone-14-pro-128-gb-white-q2fBbIjftjUTlqxmlUCslbWt.html,5,2026-09-12T02:19:09.628404+00:00,individual,"128gb 
USA variant 
Battery Health 80%
All original parts 
Nothing has been changed"
Apple iPhone 15 Pro 256 GB,90000,Used,Dhaka,17/08,https://bikroy.com/dhaka/mobile-phones/apple-iphone-15-pro-256-gb-kEHCYM1J5q9Z2wKsbIzZTALD.html,5,2026-09-12T02:19:10.368148+00:00,individual,"Box available.
256GB
Nothing has been changed.
Face ID, True Tone display all original
BH-85%
Cycle count-826
Can be checked however many times and however you want, brought from Japan. Selling because I will upgrade the phone, no issues.
Price will be fixed"
Apple iPhone 14 Pro Max 128 GB Purple,78999,Used,"Dhaka, Dhanmondi",15/08,https://bikroy.com/dhanmondi/mobile-phones/apple-iphone-14-pro-max-128-gb-purple-wQixEyXW5af2PyKKlRrCPw4x.html,5,2026-09-12T02:19:10.993853+00:00,individual,"Device specifications:
Model-14 pro max 
Variant: Singapore 
Storage-128GB
Color-Deep purple
Battery health-83% 
Physical sim and e sim support 
Face ID and True Tone ok
Phone available with box
Full fresh condition
Everything is full okay
Nothing changed
All thinks are full ok 
No issues"
Nothing Phone 4a Pro 256 GB Silver,56000,Used,"Dhaka, Savar",08/09,https://bikroy.com/savar/mobile-phones/nothing-phone-4a-pro-256-gb-silver-mxNL7Rulwpj1sy3wgpW9Ep8A.html,5,2026-09-12T02:19:11.434213+00:00,individual,"Purchased from Dazzle on July 30, 2026. Used for a short time, absolutely fresh condition.
8/256GB | Silver
 Phone price: ৳58,800
 Dazzle Care+: ৳4,110
 365 days Replacement Guarantee
 Original Memo, Box & Cable are available. Selling because I urgently need money.
 Asking price: ৳56,000 — slightly negotiable.
 Savar Cantonment
Only serious buyers please inbox 016XXXXXXXX"
Nothing Phone 4a Pro 256 GB Silver,58000,Used,"Dhaka, Savar",8 hours ago,https://bikroy.com/savar/mobile-phones/nothing-phone-4a-pro-256-gb-silver-rmUhiwYH5LofThyui6RIgSsR.html,5,2026-09-12T02:19:12.295791+00:00,individual,"Nothing 4A Pro | 8GB RAM + 256GB 
Premium Used Phone now at an attractive Offer Price! Smooth performance, stylish design, fresh condition 
 Muthophone Accessories. 2 E-195A, Level-5 (Lift-4), Sena Shopping Complex, Nabinagar, Savar, Dhaka
 Limited Stock | Order Now!
 
Facebook: MUTHOPHONE ACCESSORIES 2"
Nothing Phone 4a Pro 128 GB Gray,50000,Used,"Dhaka, Savar",20/08,https://bikroy.com/savar/mobile-phones/nothing-phone-4a-pro-128-gb-gray-nvGl50ubrX0B0L7XGttjb39p.html,4,2026-09-12T02:19:12.822285+00:00,individual,"There are no issues with the phone, it's completely like new, used for two months, papers and box are all included along with just the cable that came with the phone. Check it as much as you like, there are no scratches or problems."
Nothing Phone CMF Phone 2 Pro 128 GB White,29490,Used,"Dhaka, Shyamoli",20 hours ago,https://bikroy.com/shyamoli/mobile-phones/nothing-phone-cmf-phone-2-pro-128-gb-white-uRgRQHBxgMrNp40MgZlpxSwS.html,3,2026-09-12T02:19:13.333172+00:00,business,"Nothing CMF 2 Pro 8/128
100% Authentic
Condition: Full Box | Full Fresh
EXCHANGE POSSIBLE
100% Authentic Product
EMI facility (available on 36 bank cards)
Cash On Delivery available nationwide
Shop Location:
Phone-e
Shop No: 573, Level-5
Shyamoli Square Shopping Mall, Dhaka"
Nothing Phone CMF Phone 2 Pro 256 GB White,27000,Used,"Dhaka, Lalbag",26/08,https://bikroy.com/lalbag/mobile-phones/nothing-phone-cmf-phone-2-pro-256-gb-white-cM0FvxbzpToN4SwLlGdfHAII.html,4,2026-09-12T02:19:13.932984+00:00,individual,"মোবাইল কেনার সময় অবশ্যই রশিদে স্বাক্ষর করতে হবে ও NID কার্ডের ফটোকপি দিতে হবে(আমিও দেবো)
দাম:২৭০০০ ফিক্সড (কমানো সম্ভব নয়)
রশিদের ছবি দেয়া আছে। 
লোকেশন: আজিমপুর, রসূলবাগ পার্ক।"
Nothing Phone 3a Pro 256 GB Black,38500,Used,"Dhaka, Jatrabari",11 hours ago,https://bikroy.com/jatrabari/mobile-phones/nothing-phone-3a-pro-256-gb-black-tVwi3Yk0uYUSyZrUS1SZXcaA.html,4,2026-09-12T02:19:14.563205+00:00,individual,"আসসালামু আলাইকুম
Wellcome to Gadget Exchange BD
 
With cash memo
 7 Day's Replacement
 1 Year's service warranty without Parts
 Gadget Exchange BD 
দোকান নং,৬৭ (৩য় তলা)
বিক্রমপুর প্লাজা, জুরাইন রেলগেট ঢাকা-১২০৪"
Nothing Phone 1 256 GB Black,25500,Used,"Dhaka, Mirpur",03/09,https://bikroy.com/mirpur/mobile-phones/nothing-phone-1-256-gb-black-CwAhkgDv1VBe3EaoohR0VR3c.html,5,2026-09-12T02:19:15.279235+00:00,individual,১২/২৫৬ অফিসিয়াল ভেরিয়েন্ট। ফোনে কোনো সিঙ্গেল প্রবলেম নাই। ব্যাক পলি না থাকায় কভারের কারনে সাইডে সামান্য স্ক্র্যাচ আছে। সাথে অরিজিনাল IMEI বক্স পাবেন। আর্জেন্ট টাকার দরকার তাই সেল দিচ্ছি। প্রাইস ফিক্সড। আসলে সামান্য কিছু সম্মান করা হবে।
Nothing Phone 4a 256 GB Blue,40990,Used,"Dhaka, Rampura",2 hours ago,https://bikroy.com/rampura/mobile-phones/nothing-phone-4a-256-gb-blue-8bQe5s49akNvSfWPOzrjyoE1.html,3,2026-09-12T02:19:16.018929+00:00,individual,"Nothing 4a 5G 8+256GB As Like New condition 
No internal or external problem 
Only device and cash memo 
More information call 
Address: Molla Tower Shopping complex, Rampura, Dhaka. 
Opposite BTV centar 
3rd floor, shop no-406."
Nothing Phone 3a 128 GB White,33500,Used,"Dhaka, Savar",06/09,https://bikroy.com/savar/mobile-phones/nothing-phone-3a-128-gb-white-96CLFdj6MhmRxwVoZUrvg10P.html,5,2026-09-12T02:19:16.419648+00:00,individual,"একদম অথেন্টিক Nothing 3a খুঁজছেন?
Nothing 3a 8/128 
•Battery-5000 mh
Available
Book Now  ￼ 
Shop No- E/137 Level-5
Sena sopping complex."
Nothing Phone 3a Lite 256 GB Blue,29990,Used,"Dhaka, Rampura",2 hours ago,https://bikroy.com/rampura/mobile-phones/nothing-phone-3a-lite-256-gb-blue-2WqjIYecNl7sLTNNx62mrbHn.html,3,2026-09-12T02:19:16.976150+00:00,individual,"Nothing 3a Lite  8+256GB As Like New
Only device and cash memo 
More information call 
Address: Molla Tower Shopping complex, Rampura, Dhaka. 
Opposite BTV centar 
3rd floor, shop no-406"
New Nothing Phone 3a Pro 256 GB Black,40000,Brand New,"Dhaka, Mirpur",08/09,https://bikroy.com/mirpur/mobile-phones/new-nothing-phone-3a-pro-256-gb-black-GACIqZPVi5YNjgFhyVnTo8c.html,3,2026-09-12T02:19:17.587019+00:00,individual,নিতে চাইলে যোগাযোগ 017XXXXXXXX
Nothing Phone 3a 128 GB Black,30000,Used,"Dhaka, Kamrangirchar",08/09,https://bikroy.com/kamrangirchar/mobile-phones/nothing-phone-3a-128-gb-black-wSgKIUL4rHNem2mFmvbBLPVH.html,5,2026-09-12T02:19:17.931491+00:00,individual,Only the top is slightly broken. It fell from a child's hand. No other problems. Box is included.
Nothing Phone 2a 128 GB White,25999,Used,"Dhaka, Jatrabari",11 hours ago,https://bikroy.com/jatrabari/mobile-phones/nothing-phone-2a-128-gb-white-aM2KLdGLDp9EDb3bQ4GY13L8.html,3,2026-09-12T02:19:18.569736+00:00,individual,"Jatrabari, Idris super market 
shop no 63"
Nothing Phone 2a 128 GB White,27000,Used,"Dhaka, Demra",26/08,https://bikroy.com/demra/mobile-phones/nothing-phone-2a-128-gb-white-hUld7tOoRcRfeqcnW0Q747fn.html,4,2026-09-12T02:19:19.282389+00:00,individual,"Nothing 2A 
8/128gb
Full fresh condition 
All okh.kono problem nai."
Nothing Phone CMF Phone 2 Pro 256 GB White,32990,Used,"Dhaka, Shyamoli",20 hours ago,https://bikroy.com/shyamoli/mobile-phones/nothing-phone-cmf-phone-2-pro-256-gb-white-dZrSsKktrlZBWs9yN11kN0he.html,5,2026-09-12T02:19:19.993526+00:00,business,"CMF 2 Pro 8/256
100% Authentic
Condition: Full Box | Full Fresh
EXCHANGE POSSIBLE
100% Authentic Product
EMI facility (available on 36 bank cards)
Cash On Delivery available nationwide
Shop Location:
Phone-e
Shop No: 573, Level-5
Shyamoli Square Shopping Mall, Dhaka"
Nothing Phone 3a Pro 256 GB Silver,44000,Used,"Dhaka, Savar",8 hours ago,https://bikroy.com/savar/mobile-phones/nothing-phone-3a-pro-256-gb-silver-rb4esxx9tuUmVrUSHfD6xNG6.html,5,2026-09-12T02:19:20.423725+00:00,individual,"📱 Nothing 3a pro | 8GB RAM | 256GB Storage

An extraordinary smartphone with flagship performance and premium design. Buy with complete confidence after thoroughly checking.

✅ 7 Days Replacement Guarantee ✅ 1 Year Service Warranty ✅ Opportunity to check the phone before purchase

📍 E-195A, Level-5 (Lift-4), Sena Shopping Complex, Nabinagar, Savar, Dhaka. 🗓️ Weekly Closed: Sunday"
OnePlus 12R 256 GB Black,33000,Used,"Rajshahi, Paba",01/08,https://bikroy.com/paba/mobile-phones/oneplus-12r-256-gb-black-wZ0bdwC5lJBly9TlpR5JBylJ.html,3,2026-09-12T02:19:21.118627+00:00,individual,"There is not even a slight problem, lamination is applied on the front and back. Price negotiation is not allowed at all."
OnePlus 11 512 GB Black,35000,Refurbished,"Rajshahi, Boalia",13/08,https://bikroy.com/boalia/mobile-phones/oneplus-11-512-gb-black-8Fk5EfkhQkYXnUDV0VrhMtHc.html,5,2026-09-12T02:19:21.633019+00:00,individual,"Call only Wp & number aptX HD, Bluetooth 5.3, A2DP, LE, Corning Gorilla Glass Victus, Fingerprint, IP64 dust/water resistant, Stereo Speakers, USB Type-C 2.0, OTG"
OnePlus 13R 256 GB Black,44000,Used,"Rajshahi, Paba",2 days ago,https://bikroy.com/paba/mobile-phones/oneplus-13r-256-gb-black-BN1F0ojZujVJOr3INkZMR7NM.html,5,2026-09-12T02:19:22.264541+00:00,individual,"OnePlus 13R 12/256
Full fresh condition
Battery health 100%
(Only phone)
(Price fixed)"
New OnePlus Ace 2 256 GB Silver,30000,Brand New,"Rajshahi, Rajpara",03/07,https://bikroy.com/rajpara/mobile-phones/new-oneplus-ace-2-256-gb-silver-fkj6kLkcSrmn5FAeEpnjh37i.html,5,2026-09-12T02:19:22.825598+00:00,individual,"OnePlus
Model: Ace 2
RAM: 12/256
Full fresh new condition"
OnePlus 12R 256 GB,50000,Used,"Rajshahi, Boalia",17 hours ago,https://bikroy.com/boalia/mobile-phones/oneplus-12r-256-gb-iPdmjwqcpeRtH2eAzdWV43IM.html,5,2026-09-12T02:19:23.484758+00:00,individual,"Being sold for the purpose of buying a bike.
There are no problems with the phone. Check it before buying.
Box
Charger
Memo, everything is available.
Several phone covers are included and all will be given."
OnePlus 12 /256 (Used),42999,Used,Rajshahi,21 hours ago,https://bikroy.com/rajshahi/mobile-phones/oneplus-12-256-used-bxePyFSvvMHrpbhRdjPDqfnq.html,3,2026-09-12T02:19:24.123677+00:00,individual,"Oneplus 12

16/ 256

Enjoy super condition 🔥🔥

7 days replacement guarantee ✅
1 year service warranty ✅

#exchange possible ✅

Our Address:
Smart Choice, Shop No. 211,
City center, Beside of Rajshahi College, Sonadigir mor Rajshahi

Call for any details:"
OnePlus 13s 256 GB Black,55000,Used,Rajshahi,21 hours ago,https://bikroy.com/rajshahi/mobile-phones/oneplus-13s-256-gb-black-Cbyscqr0tybDLDa2KA9rdghr.html,2,2026-09-12T02:19:24.583688+00:00,individual,"OnePlus 13s
12 256
Super condition
7 days replacement guarantee
1 year service warranty
#exchange possible
Our Address:
Smart Choice, Shop No. 211,
City Center, Beside Rajshahi College, Sonadigir Mor, Rajshahi
Call for any details"
OnePlus 12R 256 GB Black,34500,Used,"Rajshahi, Shaheb Bazar",2 days ago,https://bikroy.com/shaheb-bazar/mobile-phones/oneplus-12r-256-gb-black-BE8PUoVVWBuSZW21wjeMA2zz.html,3,2026-09-12T02:19:25.196978+00:00,individual,"Oneplus 12R 
Ram 16 
Room 256
Battery health 92%
Locetion Rajshahi
Indean phone"
OnePlus 12R 256 GB Black,32000,Used,"Rajshahi, Paba",01/09,https://bikroy.com/paba/mobile-phones/oneplus-12r-256-gb-black-zec7w3QVQd5epd0EvRRbKhic.html,4,2026-09-12T02:19:25.928948+00:00,individual,ফুল ফ্রেশ। কোন ধরনের সমস্যা নাই। যতক্ষণ ইচ্ছা চালিয়ে দেখে নিবেন। ফুল বডি পলি করা আছে। শুধু ফোন আর সিকিউরিটি হিসেবে nid দেওয়া হবে।
OnePlus 11 256 GB Gray,25000,Used,"Rajshahi, Shah Makhdum",20/08,https://bikroy.com/shah-makhdum/mobile-phones/oneplus-11-256-gb-gray-mnOFDBqA960yT6T5w5x2Op4u.html,5,2026-09-12T02:19:26.578969+00:00,individual,"Only a green line has appeared, everything else is okay! 8 128"
New OnePlus 11R 128 GB Silver,25000,Brand New,"Rajshahi, Motihar",19/08,https://bikroy.com/motihar/mobile-phones/new-oneplus-11r-128-gb-silver-yJypAY2OnfDOAc7FyIwCnWP5.html,4,2026-09-12T02:19:27.233458+00:00,individual,"Phone is completely fresh, there are no problems with the phone"
OnePlus Nord CE4 256 GB Blue,22000,Used,"Rajshahi, Kadirgonj",11 hours ago,https://bikroy.com/kadirgonj/mobile-phones/oneplus-nord-ce4-256-gb-blue-gqVLbdpfpdSpbvA4X2C72FHV.html,5,2026-09-12T02:19:27.778814+00:00,individual,"আসসালামু আলাইকুম ওয়া রহমাতুল্লহি ওবারকাতুহ 
ফ্রেশ কন্ডিশন
 বক্স: Only Device
 ক্যাশ মেমো: আছে
 রিপ্লেসমেন্ট গ্যারান্টি: ৭ দিন পর্যন্ত পাবেন ( শর্তসাপেক্ষে ) 
লোকেশন: রাজশাহী কাদিরগঞ্জ চালপট্টি, লার্জ ফার্মার পাশে , স্বপ্নচূড়া প্লাজা নগর ভবনের পিছে। 
 শপ নং: ১২৩ - নিচ তলা লিফটের পাশে 
 শপ নাম: Rajshahi Mobile Bari 019XXXXXXXX"
OnePlus Nord CE4 128 GB Gray,25000,Used,"Rajshahi, Godagari",31/08,https://bikroy.com/godagari/mobile-phones/oneplus-nord-ce4-128-gb-gray-tOPOHsdjpU1HWvdE2K4fWrJx.html,5,2026-09-12T02:19:28.480780+00:00,individual,Sell post. Enjoy a pristine condition phone with no scratches or issues. Model: OnePlus Nord CE 4. RAM/ROM: 8/128. Battery: 5500mAh.
New OnePlus 11R 128 GB Black,28000,Brand New,"Rajshahi, Paba",30/04,https://bikroy.com/paba/mobile-phones/new-oneplus-11r-128-gb-black-mVNayol40JQRQQQAYiTbVtnv.html,4,2026-09-12T02:19:28.884278+00:00,individual,"Check it thoroughly before buying, it is fresh."
OnePlus 11R 256 GB Black,30000,Used,"Rajshahi, Uposahar",16/08,https://bikroy.com/uposahar/mobile-phones/oneplus-11r-256-gb-black-vBjseaIKkyYu61UCJoOOuNs.html,4,2026-09-12T02:19:29.632458+00:00,individual,"Main Camera: 50+8+2MP
Front Camera: 16 MP
Battery: 5000mAh
Chipset: Qualcomm Snapdragon 8 Gen1 plus
Refresh Rate :120 Hz"
OnePlus 11R 256 GB Green,28500,Used,"Rajshahi, Bagmara",08/09,https://bikroy.com/bagmara/mobile-phones/oneplus-11r-256-gb-green-fyZtwbzXkaIifyi5ojbrN67Z.html,5,2026-09-12T02:19:30.333685+00:00,individual,"Assalamu Alaikum,
There is not much to say about the phone, the phone is in completely fresh condition. It has been used very carefully as a secondary phone. No gaming has been done on the phone, no repair issues, no problems. Whoever takes it, check and test it properly before taking.
And if you want to buy the phone, you must come to the location to collect it.
If you want to know anything else, please call or SMS.
Price = 28,500/ Show more"
OnePlus 11R 128 GB Gray,22000,Used,"Rajshahi, Paba",05/09,https://bikroy.com/paba/mobile-phones/oneplus-11r-128-gb-gray-2PwhiRkVjvz1AWBAaZkrYvbT.html,3,2026-09-12T02:19:30.969235+00:00,individual,"আপনি যদি OnePlus 11R 5G-এর কথা বলেন, তাহলে সংক্ষেপে বর্ণনা:
 OnePlus 11R 5G
ডিসপ্লে: 6.74 ইঞ্চি AMOLED, 120Hz রিফ্রেশ রেট
প্রসেসর: Qualcomm Snapdragon 8+ Gen 1
RAM: 8GB / 16GB
স্টোরেজ: 128GB / 256GB
রিয়ার ক্যামেরা: 50MP + 8MP + 2MP
সেলফি ক্যামেরা: 16MP
ব্যাটারি: 5000mAh
চার্জিং: 100W SUPERVOOC
নেটওয়ার্ক: 5G
সিস্টেম: Android OxygenOS"
OnePlus 11R 256 GB Black,27000,Used,"Rajshahi, Kazla",26/08,https://bikroy.com/kazla/mobile-phones/oneplus-11r-256-gb-black-5YoUDRq3Pi6EbohPNJVZMfHv.html,3,2026-09-12T02:19:31.533313+00:00,individual,"Fully fresh phone with no problems 16/256 price fixed, please ignore if you don't like the price"
OnePlus Nord CE5 256 GB White,28000,Used,"Rajshahi, Shiroil",05/09,https://bikroy.com/shiroil/mobile-phones/oneplus-nord-ce5-256-gb-white-eT6J7oHbekmkmmt2PEcCaouj.html,5,2026-09-12T02:19:32.075514+00:00,individual,"OnePlus nord ce5 
Official 
8/256
Super fresh, looks like new"
OnePlus Nord 3 256 GB Black,23000,Used,"Rajshahi, Shaheb Bazar",2 days ago,https://bikroy.com/shaheb-bazar/mobile-phones/oneplus-nord-3-256-gb-black-6iPoSaVFYHU6SZqvdExvIhKM.html,3,2026-09-12T02:19:32.682467+00:00,individual,"Emergency sell. Phone is completely fresh. No problems at all. Everything is authentic. The phone's volume up button does not work. Check as much as you like. Do not negotiate unnecessarily, ignore if you don't like the price. Thank you."
OnePlus 11R 256 GB Black,28000,Used,"Rajshahi, Shaheb Bazar",21 hours ago,https://bikroy.com/shaheb-bazar/mobile-phones/oneplus-11r-256-gb-black-uqi8zxOGRdcfOQPsexSgHj7N.html,3,2026-09-12T02:19:33.281943+00:00,individual,"Oneplus 11r, 16 / 256 GB. Super condition. Enjoy a 7-day replacement guarantee and 1-year service warranty. #exchange possible. Our Address: Smart Choice, Shop No. 211, City Center, Beside Rajshahi College, Sonadighi Mor, Rajshahi. Call for any details:"
OnePlus 11R 256 GB Blue,24500,Used,"Rajshahi, Godagari",08/09,https://bikroy.com/godagari/mobile-phones/oneplus-11r-256-gb-blue-u3gjNTPKjtBe0fd2HhS6Bup1.html,5,2026-09-12T02:19:33.917514+00:00,individual,"16GB ram 
256 GB ROM 
50 MP, f/1.8, 24mm (wide), 1/1.56"", 1.0μm, multi-directional PDAF, OIS
8 MP, f/2.2, 120 ̊ (ultrawide), 1/4.0"", 1.12μm
2 MP (macro)
Features	Color spectrum sensor, LED flash, HDR, panorama
Video	4K/60fps, 1080p/60/240fps, gyro-EIS
120Hz, HDR10+, 1450 nits (peak)
Size	6.74 inches,
Resolution	1240 x 2772 (~451"
OnePlus 12R 128 GB Blue,29000,Used,"Rajshahi, Chhota Banagram",31/08,https://bikroy.com/chhota-banagram/mobile-phones/oneplus-12r-128-gb-blue-Yf7Fi8akXM8Fbq7bBdYBWmd.html,3,2026-09-12T02:19:34.531739+00:00,individual,"ফোনের ব্যাকশেল ফাটা।
এছাড়া ফোনে কোন সমস্যা নেই।
লোকেশন শালবাগান পাওয়ার হাউজ মোড়। সাথে অরজিনাল একটি ফাস্ট সুপারবক চার্জার দেয়া হবে। ক্যাশ মেমো আছে। কিনা দাম ছিল ৩৫ হাজার ৫০০।
বিক্রি দাম ২৯০০০"
OnePlus 13 256 GB Blue,68000,Used,"Chattogram, Oxygen",07/08,https://bikroy.com/oxygen/mobile-phones/oneplus-13-256-gb-blue-uhu1Fn06okWg0bVnRFCoGvLd.html,5,2026-09-12T02:19:35.146589+00:00,individual,"OnePlus 13 (Global Version)
Used: 8 Months
Condition: Excellent (One-Hand Use)
Battery Health: 97%
No Damage / No Issues
Overall Condition: 10/10 – Everything perfectly
What's Included:
Full Box
Original Charger
2 Mobile Covers (Free)"
New OnePlus Nord 6 512 GB Black,70000,Brand New,"Chattogram, Chawkbazar",20 hours ago,https://bikroy.com/chawkbazar/mobile-phones/new-oneplus-nord-6-512-gb-black-rOv3lyxvBHhlLyKlP6ooyNAt.html,3,2026-09-12T02:19:35.434474+00:00,individual,"OnePlus Nord 6
12/512GB
It's new and sealed pack."
OnePlus 13s 256 GB Green,65000,Used,"Chattogram, Halishahar",27/07,https://bikroy.com/halishahar/mobile-phones/oneplus-13s-256-gb-green-6i0VeIAFvsdsvUsIkzYw1mFA.html,3,2026-09-12T02:19:36.070206+00:00,individual,"12/256, brand new condition. 100% Battery Health."
New OnePlus 15 256 GB Black,80000,Brand New,"Chattogram, Chandanaish",02/09,https://bikroy.com/chandanaish/mobile-phones/new-oneplus-15-256-gb-black-rn0AHzpB07ct2YjotNlp0OzO.html,3,2026-09-12T02:19:36.782322+00:00,individual,Get a brand new device complete with its full box and charger! Experience like-new longevity with a battery cycle count of only 22 times.
OnePlus 15 256 GB White,88000,Used,"Chattogram, Chawkbazar",20 hours ago,https://bikroy.com/chawkbazar/mobile-phones/oneplus-15-256-gb-white-pl1reY905NpdBohOQb1qvLIh.html,3,2026-09-12T02:19:37.370789+00:00,individual,"Oneplus 15
12/256
Full Boxed
with Charger"
OnePlus 15 512 GB Black,97000,Used,"Chattogram, Kotwali, Chattogram",30/08,https://bikroy.com/kotwali/mobile-phones/oneplus-15-512-gb-black-s3XwSdMjMJfYUDxWtmkLm89d.html,5,2026-09-12T02:19:38.193905+00:00,individual,"Ekdom fresh, 6month used, official warranty,  24-02-2027 porjonto official warranty active thakbe with charging adaptor include in same official warranty 🙂
Kohinoor city One pluser official outlet theke buy kora hoyechilo

Brand	:OnePlus
Model	15 (16GB/512GB)"
OnePlus 7T Pro McLaren Edition 256 GB Black,21999,Used,"Chattogram, Agrabad",31/07,https://bikroy.com/agrabad/mobile-phones/oneplus-7t-pro-mclaren-edition-256-gb-black-ajcuzTBgKIP7rHlVgqSukj6p.html,3,2026-09-12T02:19:38.873931+00:00,individual,"RAM/ROM - 12/256 
For sale"
New OnePlus 128 GB Black,41000,Brand New,"Chattogram, Chawkbazar",20 hours ago,https://bikroy.com/chawkbazar/mobile-phones/new-oneplus-128-gb-black-e0B33vLLj5Ngrys7ozNScU7f.html,3,2026-09-12T02:19:39.572294+00:00,individual,"OnePlus Nord CE6
8/128
Brand New"
OnePlus 7T Pro 256 GB Blue,20999,Used,"Chattogram, Halishahar",23/08,https://bikroy.com/halishahar/mobile-phones/oneplus-7t-pro-256-gb-blue-Bs9bCbKy8Fq8YnN3xrZBSjvP.html,5,2026-09-12T02:19:40.419271+00:00,individual,"Full Boxed
100% Original working Fluid AMOLED display. (Never changed/Repaired)
RAM/ROM: 8/256 GB
Snapdragon 855+ (Gaming Beast) 
Main Camera 48 MP + 16 MP ultrawide + 8 MP Telephoto
Front Camera 16 MP (Pop Up)
Never changed or repaired any parts of it. And No Green line issues on this phone.
You can check the phone as long as u want before buying."
OnePlus 10R 256 GB Black,21500,Used,"Chattogram, Agrabad",20 hours ago,https://bikroy.com/agrabad/mobile-phones/oneplus-10r-256-gb-black-mhn2cjlDEEz565er2oyXajqp.html,2,2026-09-12T02:19:40.926294+00:00,individual,"Set in fully fresh condition. 200% working. All parts 100% original. RAM 12GB, Storage 256GB. Comes with cash memo. The phone's performance is excellent."
OnePlus 9RT 5G 128 GB Black,20001,Used,"Chattogram, Sitakunda",11/05,https://bikroy.com/sitakunda/mobile-phones/oneplus-9rt-5g-128-gb-black-v9NqpLY480vrOZOvenoQP1aP.html,2,2026-09-12T02:19:41.530942+00:00,individual,Includes box and charger. No green line issue. Fresh condition.
OnePlus 12 R Indian version (Used),31500,Used,"Chattogram, Chawkbazar",22/04,https://bikroy.com/chawkbazar/mobile-phones/oneplus-12-r-indian-version-used-f0lUDg20BYWtIc9Ot6HPDNGj.html,5,2026-09-12T02:19:42.295275+00:00,individual,"ONEPLUS 12R 16/256 GB BH 94%
CONDITION 98% FRESH 
EXCHANGE POSSIBLE BUT GAMING PHONE 8GEN 3 CHIPSET MUST BE ,, 
ADD ONLY 100W CHARGER 
Price almost fixed, 
There is no problem with the mobile. I want to buy a gaming phone like - iqoo 12 or 13
-"
New OnePlus 12R 128 GB Black,29999,Brand New,"Chattogram, Patenga",23/08,https://bikroy.com/patenga/mobile-phones/new-oneplus-12r-128-gb-black-l2DSstJjoicy5u4OBa8JdV2z.html,5,2026-09-12T02:19:42.831722+00:00,individual,"The phone is practically brand new in a word. Not a single hair-sized scratch anywhere. And it will 10,000% never get a green line guarantee. You can check it for as long as you want. A killer phone for camera and gaming. Selling because I will buy an iPhone. Only phone, you can check and take it for as long as you want. I will give everything needed for security, no problem."
OnePlus 13 256 GB White,59000,Used,"Chattogram, Kajir Dewry",31/08,https://bikroy.com/kajir-dewry/mobile-phones/oneplus-13-256-gb-white-5aySVHHSIYeptabWxUjBQ74h.html,3,2026-09-12T02:19:43.674433+00:00,individual,"Phone is in totally fresh condition with no scratches.
Only the device, a few covers, and the cash memo are included.
The device is the Global Variant."
OnePlus 13R 512 GB Silver,48500,Used,"Chattogram, Rangunia",06/09,https://bikroy.com/rangunia/mobile-phones/oneplus-13r-512-gb-silver-BimuH69fH5QsfdfOPj4P3Fbh.html,4,2026-09-12T02:19:43.932355+00:00,individual,"*Device , Cover & Charger will be given.
 16GB RAM + 512GB Storage — Power & Storage-এর দিক থেকে একদম beast!
 Location: Rangunia thanar pashe,Rowajarhat rangunia upazilla."
OnePlus 12 512 GB Black,46000,Used,"Chattogram, Chandgaon",26/03,https://bikroy.com/chandgaon/mobile-phones/oneplus-12-512-gb-black-2vwnlsKpBczfS2GadOQRvXDK.html,3,2026-09-12T02:19:44.463760+00:00,individual,"OnePlus 12, 16/512GB. Fresh Condition. No box, no charger. Set + Cash Memo only. Price Fixed. Those who do not have the budget, please stay away. Request not to quote absurd prices. Location: Riazuddin Bazar, Chittagong. Contact 016XXXXXXXX"
OnePlus 10 Pro 256 GB Blue,20000,Used,"Chattogram, Agrabad",19/08,https://bikroy.com/agrabad/mobile-phones/oneplus-10-pro-256-gb-blue-wQwGbIAkk9oa9sNLRpXQa8Ac.html,5,2026-09-12T02:19:45.176373+00:00,individual,Only display changed that too original set opened fitted and all ok  details
OnePlus 12R 256 GB Blue,35000,Used,"Chattogram, Raozan",19/08,https://bikroy.com/raozan/mobile-phones/oneplus-12r-256-gb-blue-BhvIPAHvpvL0PVIqOD5c9xmm.html,5,2026-09-12T02:19:45.823063+00:00,individual,There is no issue. I need emergency Money. No box
OnePlus Nord CE4 Lite 256 GB Black,20800,Used,"Chattogram, Muradpur",21 hours ago,https://bikroy.com/muradpur/mobile-phones/oneplus-nord-ce4-lite-256-gb-black-8JEQMCf3D6SQOIuXjJfuGYEX.html,4,2026-09-12T02:19:46.388761+00:00,individual,"OnePlus Nord CE 4 lite 5G 
Official 
8/256 
Full box... 
Super Amoled display 
Display fingerprint... 
 সুবিধা:
 ১৫ দিনের রিপ্লেসমেন্ট গ্যারান্টি
 Device – 
 Shop No: 319, 3rd Floor (Lift 2 )
 CPDL RB Midtown Market, মুরাদপুর, চট্টগ্রাম (মক্কা হোটেলের পাশে)"
New OnePlus 15R 512 GB Green,54000,Brand New,"Chattogram, Pahartali",02/09,https://bikroy.com/pahartali/mobile-phones/new-oneplus-15r-512-gb-green-b3r06mrmEh2y1D8GveAPyMJa.html,4,2026-09-12T02:19:47.023533+00:00,individual,"Only set
Set all ok 
Must be location aste hobe"
OnePlus 12 512 GB Green,56000,Used,"Dhaka, Ramna",07/09,https://bikroy.com/ramna/mobile-phones/oneplus-12-512-gb-green-cCFJeTYRCxqff0CYA1bV6C4S.html,3,2026-09-12T02:19:47.432559+00:00,individual,"Body Full Fresh. No Scratch Dent. Never Opened.
Only bottom speaker does not work. No other issue.
Box + Cash Memo + Original 100 watt VOOC charger + Cable + 4 Unique Cover Cases
Battery Health - 94%
Price Slightly Negotiable
বডি একদম ফ্রেশ । কেনার দিন থেকেই প্রটেক্টর দিয়ে ইউস করেছি। প্রাইমারি ফোন হিসেবে আইফোন ব্যবহার করি তাই বিক্রি করছি।"
OnePlus 13R 256 GB Black,45000,Used,"Dhaka, Mirpur",27/08,https://bikroy.com/mirpur/mobile-phones/oneplus-13r-256-gb-black-4Ye9TCchHKpwL3yEAmTFgx4b.html,4,2026-09-12T02:19:47.928212+00:00,individual,Phone full fresh condition Chek kore nite parben .Ekhono phone a kono service korano hoy nee .emarjency Taka dorkar taii phone ta sell kora .Location. Dhaka Mirpur 6 016XXXXXXXX 017XXXXXXXX
OnePlus 15 256 GB Graphite,78000,Used,"Dhaka, Jamuna Future Park",07/09,https://bikroy.com/jamuna-future-park/mobile-phones/oneplus-15-256-gb-graphite-cZaPDl6bwiYnbaAWmZYuNUGS.html,4,2026-09-12T02:19:48.269999+00:00,individual,Onepluss 15 12/256 gb fresh condition with box charger
OnePlus 11 256 GB Black,45000,Used,"Dhaka, Uttara",05/09,https://bikroy.com/uttara/mobile-phones/oneplus-11-256-gb-black-b7W0VkQiRlbkIJSjDi9FydEV.html,3,2026-09-12T02:19:48.866250+00:00,individual,ফোনটি আমি কিছুদিন আগে কিনেছিলাম। এখন জরুরি টাকার প্রয়োজন তাই মোবাইলটি বিক্রি করতে চাচ্ছি।
OnePlus 12 256 GB White,48000,Used,"Dhaka, Jatrabari",27/08,https://bikroy.com/jatrabari/mobile-phones/oneplus-12-256-gb-white-wRtAxgajARomgP3GvxHAMCbT.html,3,2026-09-12T02:19:49.681262+00:00,individual,One plus 12 full white is up for sale. No dent or scratch. Fully fresh. Original box will be provided.
OnePlus 13 256 GB Black,57990,Used,"Dhaka, Shyamoli",12 hours ago,https://bikroy.com/shyamoli/mobile-phones/oneplus-13-256-gb-black-Be4a4ZYwBZJ2PFZcffLd2e5a.html,5,2026-09-12T02:19:50.211400+00:00,individual,"New Arrival best Price 
Get #NEW_ One Plus 13 5G 12/256GB Chinese BATTERY HEALTH 99 %
#_USED_NEW_CONDITION_FULL_BOX
Exchange Possible 
We sell 100% Original Product
You can check it however you like. 
Warranty Policy  
7 Days Parts Replacement Warranty 
2 Year Service Warranty Without LCD, Software & Physical Damage"
OnePlus 15 256 GB White,87000,Used,"Dhaka, Baridhara",11 hours ago,https://bikroy.com/baridhara/mobile-phones/oneplus-15-256-gb-white-d7b2JnypLwzOjR4xaqnuSgoM.html,4,2026-09-12T02:19:50.714061+00:00,individual,"one plus 15
Custom Global 
full box 
full fresh condition"
OnePlus 13 1 TB Black,78000,Used,"Dhaka, Panthapath",20 hours ago,https://bikroy.com/panthapath/mobile-phones/oneplus-13-1-tb-black-C4V4rd7NAdYz0GcpYVEArbEn.html,5,2026-09-12T02:19:51.318792+00:00,individual,"You can inspect and check the phone for as long as you like. This is an Indian Global version. There are no scratches or dents. Tempered glass is applied on the display, protection film on the back, and a protector on the camera. Original charger, box, and cover are included. Location: Bashundhara City, Basement-2, Shop No: 74-75. Please call before coming. A seven-day money-back guarantee is provided. Thank you."
New OnePlus 256 GB,62999,Brand New,"Dhaka, Bashundhara City",11 hours ago,https://bikroy.com/bashundhara-city/mobile-phones/new-oneplus-256-gb-ppsVFtWgCSk3YKQt0BV1LjAo.html,2,2026-09-12T02:19:51.762103+00:00,individual,"10-day replacement guarantee
 2-year service warranty
 Fast and secure courier service across the country
 Attractive exchange offers available
 Emon Gadget Point
Basement-1, Shop-84
Bashundhara City Shopping Mall"
OnePlus 15R 512 GB Black,55000,Used,"Dhaka, Mirpur",30/08,https://bikroy.com/mirpur/mobile-phones/oneplus-15r-512-gb-black-xtZXPjtbdfjG3i1i5atQoGLq.html,5,2026-09-12T02:19:52.276095+00:00,individual,"• হালকা কিছু rash/ব্যবহারের দাগ আছে
• সবসময় cover ব্যবহার করা হয়েছে
• Overall very good condition
📦 Original 65W OnePlus Genuine Adapter Included ⚡
🧾 Purchase: Jamuna Future Park
✅ Original Purchase Invoice Available
📍 Location: Mirpur, Kazipara
💎 Premium Device • Genuine Invoice • Genuine Adapter"
OnePlus 256 GB Silver,52500,Used,"Dhaka, Jatrabari",2 hours ago,https://bikroy.com/jatrabari/mobile-phones/oneplus-256-gb-silver-tQ9iYhO9NGmifpIZsP91c99M.html,5,2026-09-12T02:19:53.034498+00:00,individual,"Oneplus Ace 6.
Ram - 12 gb.
Rom - 256 gb.
Bh - 100%.
Full box."
OnePlus 12 256 GB Black,44000,Used,"Dhaka, Mirpur",13/08,https://bikroy.com/mirpur/mobile-phones/oneplus-12-256-gb-black-4dGofvYlpLoZRw1tmwcUq22.html,5,2026-09-12T02:19:53.680299+00:00,individual,"Urgent sell 
Oneplus 12
Storage : 12/256gb
Update: all the updates are given.last update on 31july.
Battery health : 90%
Except minor scratches on the body frame or glass, everything is pristine. Simply put, the phone is still 90% fresh.

Location: Dhaka.
You will get the device, charger & cable, cash memo & NID for security."
OnePlus Nord 6 256 GB Silver,56000,Used,"Dhaka, Mirpur",08/09,https://bikroy.com/mirpur/mobile-phones/oneplus-nord-6-256-gb-silver-7S1Eaofww0BXBg8odP9CkeHF.html,5,2026-09-12T02:19:54.079368+00:00,individual,"ফোনে কোনো সমস্যা, দাগ বা ডেন্ট নাই।৩ দিনের লিখিত মানি ব্যাক গ্যারান্টি।চার্জিং মাএ ৩৮ বার,ব্যাটারী হেলথ ১০০%,মডেল চেন্জ করবো এই জন্য সেল করবো।এক্সট্রা ভ্যাটের কারনে এয়ারপোর্টে ফোনের বক্স আসতে পারি নাই।
 চার্জার,ক্যাবল,ইনভয়েস,এবং লাইফটাইম সিকিউরিটি কাগজ দেয়া যাবে
লোকেশন: আর্মি ক্যাম্প,পুরাতন বানিজ্য মেলা মাঠ,জিয়া উদ্যান,শেরে বাংলা নগর, ঢাকা।"
New OnePlus 15R 256 GB,67499,Brand New,"Dhaka, Bashundhara City",12 hours ago,https://bikroy.com/bashundhara-city/mobile-phones/new-oneplus-15r-256-gb-jH8JFKtmwzXfcpNFHIOC4fb3.html,3,2026-09-12T02:19:54.783613+00:00,individual,"10-day replacement guarantee
 2-year service warranty
 Safe courier facility across the country
 Attractive exchange offers
 Basement-1, Shop-84, Bashundhara City Shopping Mall
 Prices are subject to change. Please contact us on WhatsApp before visiting."
OnePlus 9 Pro 256 GB Green,28900,Used,"Dhaka, Mirpur",20 hours ago,https://bikroy.com/mirpur/mobile-phones/oneplus-9-pro-256-gb-green-9TrbSL9P0DebXCGa2itsv8KD.html,5,2026-09-12T02:19:55.620229+00:00,individual,"OnePlus 9pro 12/256GB International Global Variant.
All Authentic Original Parts.
Kono Problem nai, All Okay.
Super Fast Mobile, Super Camera
Dhaka Mirpur Pallabi Notun thana"
OnePlus 11R 256 GB Black,25000,Used,"Dhaka, Jatrabari",12 hours ago,https://bikroy.com/jatrabari/mobile-phones/oneplus-11r-256-gb-black-pMGlc8xGVXczgUOaKOHx0GIp.html,4,2026-09-12T02:19:56.129971+00:00,individual,"Assalamu Alaikum
Welcome to Gadget Exchange BD
 
All perfect working
Buying/Selling and Exchange means Gadget Exchange BD
Come to our shop to get 100% genuine products
With cash memo
 7 Days Replacement
 1 Year service warranty without parts
 Gadget Exchange BD 
Shop No. 67 (3rd Floor)
Vikrampur Plaza, Jurain Railgate, Dhaka-1204"
OnePlus 11R 512 GB Red,31500,Used,"Dhaka, Jatrabari",11 hours ago,https://bikroy.com/jatrabari/mobile-phones/oneplus-11r-512-gb-red-oQHtKU60odRxxGjrjkG3Yz2V.html,4,2026-09-12T02:19:56.865709+00:00,individual,"Condition:Full Fresh Body Unfresh Slightly
Ram:18GB Special Edition
Rom:512GB
Amoled Display 
Snapdragon 8+ Gen 1
Price:Fixed
(যাত্রাবাড়ী আমাদের সাপ্তাহিক বন্ধ সোমবার) 
ঠিকানা:ঢাকা যাত্রাবাড়ী, শহীদ ফারুক রোড, তাজ-তানভীর সুপার মার্কেট, ২য় তলা, দোকান নাম্বার:১০ (MobileHub)"
OnePlus 11R 128 GB Black,25000,Used,"Dhaka, Savar",11 hours ago,https://bikroy.com/savar/mobile-phones/oneplus-11r-128-gb-black-zWYWLhO9fwRivZ159G65436T.html,5,2026-09-12T02:19:57.477137+00:00,individual,"Display: 6.74"" amoled, 120hz
processor: snapdragon 8+ gen 1
camera: 50mp + 8mp + 2mp, front 16mp
battery: 5000mah
charging: 100w supervooc
ram/storage: 8gb ram, 128gb storage
5g: available
os: android"
OnePlus Ace 2V 256 GB Gray,25000,Used,"Dhaka, Motijheel",01/09,https://bikroy.com/motijheel/mobile-phones/oneplus-ace-2v-256-gb-gray-18BJKBqQX7HzG2IVeOA7N6cr.html,4,2026-09-12T02:19:58.166098+00:00,individual,"ফোন এখনো পর্যন্ত খোলা হয় নাই। একদম নতুন আছে সামনে পিছনে full fresh আছে শুধু কভার ব্যবহার করার জন্য সাইটে হালকা দাগ আছে। gaming এর জন্য বেষ্ট একটা ফোন . সাথে ৬৫ charger আছে শুধু . বিপদে পড়ে বেচতাছি ফোন এ কোন সমস্যা নাই।
Prosesor.. Diamondcity 9000
Ram..12+12
Rom... 256"
OnePlus 10T 128 GB Black,32000,Used,"Dhaka, Dhaka Uddan",26/08,https://bikroy.com/dhaka-uddan/mobile-phones/oneplus-10t-128-gb-black-6i1YRHlv4b5jTAq5U7zRFTZz.html,3,2026-09-12T02:19:58.779011+00:00,individual,"OnePlus 10T used 1year.
Come from USA."
OnePlus 12R 256 GB Blue,36990,Used,"Dhaka, Jatrabari",11 hours ago,https://bikroy.com/jatrabari/mobile-phones/oneplus-12r-256-gb-blue-1zDgTFMVuTd6P6avfPINs43Y.html,3,2026-09-12T02:19:59.083935+00:00,individual,"Condition:Fully Fresh Like New
Ram:16GB Rom:256GB
Snapdragon 8 Gen 2
Battery:97%
Cash Memo
Price:Fixed
(যাত্রাবাড়ী আমাদের সাপ্তাহিক বন্ধ সোমবার) 
ঠিকানা:ঢাকা যাত্রাবাড়ী, শহীদ ফারুক রোড, তাজ-তানভীর সুপার মার্কেট, ২য় তলা, দোকান নাম্বার:১০ (MobileHub)
#কিছু টাকা বাচানোর জন্য সস্তায় পন্য কিনেt প্রতারিত না হয়ে সঠিক দামে সঠিক পন্য ক্রয় করুন"
OnePlus Nord CE4 128 GB,22500,Used,"Dhaka, Jatrabari",11 hours ago,https://bikroy.com/jatrabari/mobile-phones/oneplus-nord-ce4-128-gb-xgINrUQsdZhQqlyi9Fzz0ZhF.html,4,2026-09-12T02:19:59.877099+00:00,individual,"Assalamu Alaikum
Welcome to Gadget Exchange BD
 
 All perfect working
 Buying/selling and exchange means Gadget Exchange BD
 Come to our shop to get 100% genuine products
 With cash memo
 7 Days Replacement
 1 Year service warranty without Parts
 Gadget Exchange BD 
Shop No. 67 (3rd Floor)
Vikrampur Plaza, Jurain Railgate, Dhaka-1204"
OnePlus 10T 128 GB Silver,25000,Used,"Dhaka, Savar",20 hours ago,https://bikroy.com/savar/mobile-phones/oneplus-10t-128-gb-silver-86ijUbQiY68rCsjYFaDDFKrq.html,5,2026-09-12T02:20:00.634837+00:00,individual,"OnePlus 10t**8/128 in display finger (original display)
আমার মোবাইল ফোনের দোকান আমি সেকেন্ড হ্যান্ড ফোন ক্রয় বিক্রয় করি, কিন্তু এই ফোনটা নিজে ইউজ করতেছি এখন এটি বিক্রি করব, ফোনে শুধু ব্যাকসাইলটাই ফাটা,এছাড়া আর কোন সমস্যা নাই"
OnePlus 9 Pro 256 GB Green,23000,Used,"Dhaka, Khilgaon",03/09,https://bikroy.com/khilgaon/mobile-phones/oneplus-9-pro-256-gb-green-18E27AEJL6mVPL0pmshZbHUC.html,5,2026-09-12T02:20:01.383464+00:00,individual,"Phone a Kono issues nei! Shob thik ache kono kichu change nei.. phone er performance and camera onek Bhalo 4k 60/120 fps video supported.. performance ow onek smooth with gaming 
Storage:12/256gb
Ultapalta daam bola Manush post ignore koren ❗❗
Price olpo kichu kom rakhaa jabe"
OnePlus 10R 128 GB Black,19500,Used,"Dhaka, Khilgaon",20 hours ago,https://bikroy.com/khilgaon/mobile-phones/oneplus-10r-128-gb-black-ffOg6rYi6XoYovqBjGtia4hP.html,3,2026-09-12T02:20:01.977576+00:00,individual,"Assalamu Alaikum. Greetings from ""Mobo Live Bd"". Oneplus 10r 8/128GB Black Full Factory unlock 100% original device Dear Honourable Customer. Now you can purchase with Emi of 21 Banks credit card. Thanks for being with us."
OnePlus 10 Pro 256 GB Black,26990,Used,"Dhaka, Rampura",2 hours ago,https://bikroy.com/rampura/mobile-phones/oneplus-10-pro-256-gb-black-nrS8n1jNJj6ty5QXv8DYrTOd.html,3,2026-09-12T02:20:02.575781+00:00,individual,"Oneplus 10 Pro 12+256GB Like new condition 
No internal or external problem 
Only device and cash memo 
More information call 
Address: Molla Tower Shopping complex, Rampura, Dhaka. 
Opposite BTV centar 
3rd floor, shop no-406."
OnePlus 9RT 5G 256 GB Green,25000,Used,"Dhaka, Dhanmondi",08/09,https://bikroy.com/dhanmondi/mobile-phones/oneplus-9rt-5g-256-gb-green-uYznLe88USc9GRmmUCBcQvNF.html,5,2026-09-12T02:20:03.115368+00:00,individual,"Original charger 
Box 
Kono problem nai
Fresh condition"
OnePlus 9R 256 GB Blue,20000,Used,"Dhaka, Uttara",28/08,https://bikroy.com/uttara/mobile-phones/oneplus-9r-256-gb-blue-yJUPZanD3nr7t1cUInAL8YVi.html,5,2026-09-12T02:20:03.913022+00:00,individual,"OnePlus 9R 5G 
8+8gb ram
256gb rom
Camera 🔥
ফোনের কোন সমস্যা নাই 016XXXXXXXX"
Xiaomi 13 512 GB Blue,40190,Used,"Rajshahi, Boalia",06/09,https://bikroy.com/boalia/mobile-phones/xiaomi-13-512-gb-blue-3aalpNe4ZqDczdZSMmZKXX3u.html,5,2026-09-12T02:20:04.514842+00:00,individual,Xiaomi 13 12/512 chinese varient. Full fresh. Full box. If you want original charger then you have to pay extra. Security NID copy will be provided.
Xiaomi Redmi Turbo 4 Pro 256 GB White,36500,Used,"Rajshahi, Boalia",23/08,https://bikroy.com/boalia/mobile-phones/xiaomi-redmi-turbo-4-pro-256-gb-white-BPXXg8Oghkoc8S0lBB9lrtAL.html,5,2026-09-12T02:20:05.227990+00:00,individual,"Xiaomi Redmi Turbo 4 Pro (256GB, White) for sale.
The phone condition is very good, with no scratches or display issues. Everything works properly. Original box and charger will be provided with it. Battery health 98. Contact"
Xiaomi Redmi Note 15 256 GB Pink,27000,Used,"Rajshahi, Court Station",02/09,https://bikroy.com/court-station/mobile-phones/xiaomi-redmi-note-15-256-gb-pink-e1J8Oru7Kj8gfPT1A3ikoJM4.html,3,2026-09-12T02:20:05.960975+00:00,individual,"২মাস হয়েছে ফোন কিনা বক্স চার্জ সব আছে,, 
এক বছরের ওয়ারেন্টি আছে,, 
জরুরী টাকার প্রয়োজন এজন্য বিক্রি করতেছি"
Xiaomi Redmi Note 13 Pro+ 256 GB White,28000,Used,"Rajshahi, Court Station",06/09,https://bikroy.com/court-station/mobile-phones/xiaomi-redmi-note-13-pro-256-gb-white-w6nkvfxESFjDdNLEvJ2toQR8.html,5,2026-09-12T02:20:06.371318+00:00,individual,টাকার দরকার তাই ফোন বিক্রি করছি
Xiaomi Redmi Pro 256 GB White,27000,Used,"Rajshahi, Rajpara",18/06,https://bikroy.com/rajpara/mobile-phones/xiaomi-redmi-pro-256-gb-white-Bw1sSRFHoy0O4w2jQtjiuNpz.html,2,2026-09-12T02:20:06.775658+00:00,individual,"Redmi K40 Gaming (White/12-256GB)
 Dimensity 1200 | 120Hz OLED | 5065mAh
• Condition: Fresh (no scratches/dents or internal issues).
• Gaming: Pop-up triggers are 100% working. PUBG, Free Fire, COD run smoothly.
• Included: Back cover."
Xiaomi Redmi Note 13 Pro+ 256 GB Blue,29000,Used,"Rajshahi, Boalia",04/06,https://bikroy.com/boalia/mobile-phones/xiaomi-redmi-note-13-pro-256-gb-blue-yPAnY5EqmjA3SPeI4iOvzo6N.html,3,2026-09-12T02:20:07.282147+00:00,individual,Used with one hand. Comes with the original box and charger. It is in fresh condition; you can check it as much as you want before buying.
Xiaomi Redmi Turbo 4 256 GB Blue,35000,Used,"Rajshahi, Nawdapara",08/09,https://bikroy.com/nawdapara/mobile-phones/xiaomi-redmi-turbo-4-256-gb-blue-d4vpq2VJxd6iiszVJ9Yp6Fcv.html,4,2026-09-12T02:20:07.815183+00:00,individual,"Redmi Turbo 4 
16/256
 BH Health 94%
Super fresh condition 
No scratches or dents
No repair history 
Full box available"
New Xiaomi Redmi Note 15 256 GB Purple,27500,Brand New,"Rajshahi, Boalia",08/09,https://bikroy.com/boalia/mobile-phones/new-xiaomi-redmi-note-15-256-gb-purple-yMNy5fPeKKNWRv9t6J02StVR.html,5,2026-09-12T02:20:08.263732+00:00,individual,ফোনটি ছয় মাস ব্যবহৃত হয়নি একবারেই নতুন ফোনটি বিক্রি করব টাকার প্রয়োজনে যদি কোন ব্যক্তি ফোনটি কিনতে চায় তাহলে আমার নাম্বারে যোগাযোগ করুন ফুল ফ্রেশ কন্ডিশন
Xiaomi 13 Lite 256 GB Gray,41000,Used,"Rajshahi, Kazla",15 hours ago,https://bikroy.com/kazla/mobile-phones/xiaomi-13-lite-256-gb-gray-BkyZxjzmpg9fNKo69tic8eCs.html,5,2026-09-12T02:20:08.623010+00:00,individual,"Absolute best phone.
Selling it because I bought a new phone.
Used for 4 months.
67W charger + box will be given with it."
Xiaomi Redmi Turbo 4 256 GB White,27000,Used,"Rajshahi, Boalia",30/07,https://bikroy.com/boalia/mobile-phones/xiaomi-redmi-turbo-4-256-gb-white-wRfaVFKWMUv8rDI2xs56H6N1.html,3,2026-09-12T02:20:09.229965+00:00,individual,Turbo 4 has box and charger
Xiaomi 15 256 GB Black,31000,Used,"Rajshahi, Shaheb Bazar",16/06,https://bikroy.com/shaheb-bazar/mobile-phones/xiaomi-15-256-gb-black-9RfHlgWBchvRXMT7i1ku8fb7.html,2,2026-09-12T02:20:09.624607+00:00,individual,"It has been 1 month since I bought the mobile, it is brand new and fresh, I have the memo, I have the box, everything will be given, it is not an issue, I need money so I will sell it."
Xiaomi Redmi K70 256 GB Graphite,29000,Used,"Rajshahi, Chhota Banagram",04/09,https://bikroy.com/chhota-banagram/mobile-phones/xiaomi-redmi-k70-256-gb-graphite-xkNeFMg9C3cKwXIA00G1QxeS.html,4,2026-09-12T02:20:10.262394+00:00,individual,"ফোন ১০০ ফ্রেশ, ৫ দিন আগে কেনা ইমার্জেন্সি টাকার দরকার তাই সেল দিব, ক্যাশ মেমো আছে, ফোনের কোন প্রকার কোন দাগ নেই হানডেট পারসেন্ট শেষ"
Xiaomi Redmi Note 15 Pro+ 256 GB Silver,35000,Used,"Rajshahi, Boalia",04/09,https://bikroy.com/boalia/mobile-phones/xiaomi-redmi-note-15-pro-256-gb-silver-dwzp36PX9NTRHVEpowKH5Kbs.html,4,2026-09-12T02:20:10.773035+00:00,individual,"একদম নতুন কন্ডিশন । 
মেমো দেওয়া হবে ।
 যোগাযোগ 016XXXXXXXX 015XXXXXXXX"
Xiaomi 12T Pro 256 GB Black,17000,Used,"Rajshahi, Puthia",25/08,https://bikroy.com/puthia/mobile-phones/xiaomi-12t-pro-256-gb-black-f552F1LDeUG36aE1UiNYBjBL.html,3,2026-09-12T02:20:11.119227+00:00,individual,ফোনে ডিসপ্লে গ্রিন লাইন। মাইক্রফোনে একটু সমস্যা।
Xiaomi Redmi Note 13 256 GB Black,18999,Used,"Rajshahi, Kazla",11 hours ago,https://bikroy.com/kazla/mobile-phones/xiaomi-redmi-note-13-256-gb-black-wCZIz7KOcmx7MZxDbzSrq4PF.html,5,2026-09-12T02:20:11.924944+00:00,individual,"Redmi note 13 5G 
8/256GB Indan phone 
Call me"
Xiaomi Redmi Note 13 Pro 5G 256 GB Red,23000,Used,"Rajshahi, Boalia",08/09,https://bikroy.com/boalia/mobile-phones/xiaomi-redmi-note-13-pro-5g-256-gb-red-1HphW0qfhpderxA3XvQmhk2X.html,5,2026-09-12T02:20:12.523676+00:00,individual,Urgent Money Needed-
Xiaomi Redmi Note 13 256 GB White,18500,Used,"Rajshahi, Uposahar",04/09,https://bikroy.com/uposahar/mobile-phones/xiaomi-redmi-note-13-256-gb-white-xignw3rj0NfqneZ99WjxiKqE.html,4,2026-09-12T02:20:13.215055+00:00,individual,"12/256 
Xiaomi note 13 pro 
Location uposhohor rajshahi
Backsell halka fata 
Tachra all ok"
Xiaomi Poco X6 Pro 512 GB White,26500,Used,"Rajshahi, Uposahar",05/09,https://bikroy.com/uposahar/mobile-phones/xiaomi-poco-x6-pro-512-gb-white-cywaIHC8E9sc0yOOSSCZviAC.html,5,2026-09-12T02:20:13.828029+00:00,individual,"POCO X6 Pro 5G
 MediaTek Dimensity 8300-Ultra processor. 
*Chip: Dimensity 8300-Ultra
Process:4nm.CPU: 8-core, up to 3.35 GHz
GPU: Mali-G615 MC6
Ram 12 
Storage: 512"
Xiaomi Redmi 13C 128 GB Blue,17500,Used,"Rajshahi, Paba",06/09,https://bikroy.com/paba/mobile-phones/xiaomi-redmi-13c-128-gb-blue-dDfe8RAMUzaEVrgqOTpW3fZg.html,5,2026-09-12T02:20:14.428656+00:00,individual,"নাম মাত্র ২ মাস ব্যবহৃত,  ফোন প্রায় ব্রান্ড নিউ এবং অফিসিয়াল,  কোন প্রকার সমস্যা নাই।"
Xiaomi Poco C85 4G 128 GB Blue,19999,Used,"Rajshahi, Motihar",01/09,https://bikroy.com/motihar/mobile-phones/xiaomi-poco-c85-4g-128-gb-blue-kBo1lZVwFINQgxbJ6lBNCT1V.html,5,2026-09-12T02:20:15.116363+00:00,individual,ফোনে কোন সমস্যা নাই ফুল ফ্রেশ ফোনের সাথে বক্স নাই চার্জার আছে
Xiaomi Redmi Note 13 Pro 5G 256 GB Red,27000,Used,"Rajshahi, Boalia",25/08,https://bikroy.com/boalia/mobile-phones/xiaomi-redmi-note-13-pro-5g-256-gb-red-bsftR31rsF0RxgRoJi9E4EEx.html,3,2026-09-12T02:20:15.670889+00:00,individual,"*Redmi Note 13 Pro 5G *
 *Main Camera Sensor-এ হালকা দাগ আছে**, তাই ছবি তুললে পাতলা দাগ দেখা যায়। Wide-angle ও অন্যান্য সবকিছু ঠিক আছে।*
 *Box + ২টি Cover দেওয়া হবে*

 যতক্ষণ ইচ্ছা দেখে ও চেক করে নিতে পারবেন।

*Price Negotiable*
 *Location: Alokar More, Rajshahi*
*গেমিং এর জন্য খুব ভালো ফোন । আমি গেম খেলার জন্য কিনেছিলাম কিন্তু গেম খেলিনা*"
Xiaomi 12S Pro 256 GB Graphite,16000,Used,"Rajshahi, Shaheb Bazar",06/09,https://bikroy.com/shaheb-bazar/mobile-phones/xiaomi-12s-pro-256-gb-graphite-oAbbX5OYj16ExOGXwc0OfQjI.html,4,2026-09-12T02:20:16.328500+00:00,individual,"Problem: 3 green line 
Location: sahib Bazar / Ruppur ishwardi"
Xiaomi Redmi Note 13 128 GB Blue,15000,Used,"Rajshahi, Laksimipur",29/08,https://bikroy.com/laksimipur/mobile-phones/xiaomi-redmi-note-13-128-gb-blue-i7gozoPWc8cMGj7KqsHXeMc5.html,5,2026-09-12T02:20:17.028011+00:00,individual,Full fresh with box and cash memo
Xiaomi Redmi Note 13 256 GB Blue,15800,Used,"Rajshahi, Shaheb Bazar",2 days ago,https://bikroy.com/shaheb-bazar/mobile-phones/xiaomi-redmi-note-13-256-gb-blue-vmmXds7Llte1iEDweS4BMFk.html,5,2026-09-12T02:20:17.681576+00:00,individual,"Full fresh phone
Without any issues 
Exchange with iOS only - XS, XR 
Location - Batar Mor, Rajshahi"
Xiaomi Redmi Note 14 Pro 256 GB Red,23000,Used,"Rajshahi, Court Station",07/09,https://bikroy.com/court-station/mobile-phones/xiaomi-redmi-note-14-pro-256-gb-red-dUKnZyC6PjKJI56me4QeL3Ul.html,3,2026-09-12T02:20:18.027209+00:00,individual,Nite chaile sms diben... Valo phn... Nid card dibo plm nai
Xiaomi Redmi Note 13 Pro 5G 256 GB Black,24000,Used,"Rajshahi, Paba",28/08,https://bikroy.com/paba/mobile-phones/xiaomi-redmi-note-13-pro-5g-256-gb-black-p7OufExggkLdLARneERnkoKd.html,5,2026-09-12T02:20:18.558819+00:00,individual,Phone kono problem nai full fresh new phone nibo sei jonne sell korbo excange possible
Xiaomi 11 Lite 5G NE 128 GB Pink,15000,Used,"Rajshahi, Court Station",07/09,https://bikroy.com/court-station/mobile-phones/xiaomi-11-lite-5g-ne-128-gb-pink-eLLuil2RmYOEb2BYf2CFmtw5.html,3,2026-09-12T02:20:18.965565+00:00,individual,"Redmi 10 Power 8/128, no problems, phone is all ok, full box, fixed price 15k"
New Xiaomi Redmi Note 15 Pro+ 256 GB Blue,38999,Brand New,"Chattogram, Agrabad",20 hours ago,https://bikroy.com/agrabad/mobile-phones/new-xiaomi-redmi-note-15-pro-256-gb-blue-8jgKGdvR61B79ooFhPmRAJjZ.html,3,2026-09-12T02:20:19.676220+00:00,individual,"Stay with us by liking our page to get the price of any updated product. Our page link: 
Address:
Shop- 537, Level-5 (4th from capsule lift,
Go straight after exiting the lift, JojoBD)
Akhtaruzzaman Center,
Agrabad, Chittagong."
New Xiaomi 256 GB White,39999,Brand New,"Chattogram, Agrabad",20 hours ago,https://bikroy.com/agrabad/mobile-phones/new-xiaomi-256-gb-white-yL7T2JE6hFTyCSEeveH4a9di.html,2,2026-09-12T02:20:20.276793+00:00,individual,"To know the price of any updated product, like and follow our page to stay with us. Our page link - 
** Call or Whatsapp. 
** Redmi Turbo 5 (12/256) 5G.
 
- Address :
Shop- 537, Level -5 (4th floor of capsule lift, go straight after exiting the lift, JojoBD)
Akhtaruzzaman Center, Agrabad, Chittagong."
Xiaomi 14 Ultra 512 GB Black,70000,Used,"Chattogram, Cornelhat",02/05,https://bikroy.com/cornelhat/mobile-phones/xiaomi-14-ultra-512-gb-black-BzHrSBx0gTVVk20uDrWvsikO.html,4,2026-09-12T02:20:21.223459+00:00,individual,"Set is in full fresh condition. Used for 1 year, imported from abroad. Comes with full box. Has a minor scratch on the bumper, otherwise everything is okay and in full fresh condition."
Xiaomi Redmi Note 14 Pro+ 256 GB Black,35000,Used,"Chattogram, Sitakunda",26/08,https://bikroy.com/sitakunda/mobile-phones/xiaomi-redmi-note-14-pro-256-gb-black-64DinkGUTU55xUj1GyttVAWo.html,4,2026-09-12T02:20:21.724425+00:00,individual,"Model: Redmi note 14 pro+ 5g
RAM:12+4GB
ROM:256 GB
Snapdragon 7s gen 3 processor
Camera:50mp main + 50mp telephoto+8mp ultrawide(front:20mp)
Full fresh condition.
With full box+charger
Mobile dekhar jonno must location e aste hobe."
Xiaomi 15 Ultra 16/512 GB (Used),84999,Used,"Chattogram, Nasirabad",20 hours ago,https://bikroy.com/nasirabad/mobile-phones/xiaomi-15-ultra-16-512-gb-used-2Vd8pN0uvGHT1C1J5CHTxKai.html,4,2026-09-12T02:20:22.164385+00:00,individual,"🔥 Like New Deal — Flagship Beast Ready! 🔥

📱 Xiaomi 15Ultra
✨ Only 1Month Used | Full Fresh Condition

⚡ 16GB RAM | 512GB Storage | 📸 Flagship Leica Camera | ✨ Premium Design

💰 Price: 84,990/- 💥💥

🚚 Delivery Available | 🔄 Exchange Available | 💳 EMI Available

🛡️ 15-Day Replacement Guarantee | Lifetime Service Warranty

📞 
🌐 www.decentbd.com

📍𝐅𝐢𝐧𝐥𝐚𝐲 𝐒𝐪𝐮𝐚𝐫𝐞, Level-4, Shop-406, 2No Gate, Nasirabad, Chattogram
📍𝐅𝐢𝐧𝐥𝐚𝐲 𝐒𝐨𝐮𝐭𝐡 𝐂𝐢𝐭𝐲, Level-5, Shop-525, Bahaddarhat, Chattogram

#Xiaomi15Ultra #FlagshipPhone #UsedPhoneBD #ChattogramDeals #decentbd Show more"
Xiaomi 15T 256 GB Black,62000,Used,"Chattogram, Kotwali, Chattogram",01/06,https://bikroy.com/kotwali/mobile-phones/xiaomi-15t-256-gb-black-3QIHe2Hf3IMHCTw8Kq5CUmU.html,5,2026-09-12T02:20:22.957541+00:00,individual,Full fresh phone without any scratch. Bought 3 months ago but barely used. Right now switching to iPhone that's the only reason I'm selling this phone. Brand new condition. For more information contact with me.
Xiaomi Redmi 512 GB Black,49000,Used,"Chattogram, Pahartali",08/06,https://bikroy.com/pahartali/mobile-phones/xiaomi-redmi-512-gb-black-feRPJ6Q42ZlXAoPXFjKjfH4P.html,5,2026-09-12T02:20:23.574720+00:00,individual,"Assalamu Alaikum.
Only those who are interested in taking the mobile should call or message. Please quote the price considering the market. This is not 256 GB storage, it is 512 GB storage, so please check the price accordingly. I have given the price I can offer. If you are interested at 49 thousand, please inbox me. If you want to know anything else, that can also be discussed."
Xiaomi 17 256 GB Green,85000,Used,"Chattogram, Chawkbazar",20 hours ago,https://bikroy.com/chawkbazar/mobile-phones/xiaomi-17-256-gb-green-8Xup8fLAEpIqYC1vPEFxOsxq.html,3,2026-09-12T02:20:24.024582+00:00,individual,"Xiaomi 17
Just open Box,
like new condition
with Box and everything"
Xiaomi 14T 256 GB Gray,36999,Used,"Chattogram, Patenga",16 hours ago,https://bikroy.com/patenga/mobile-phones/xiaomi-14t-256-gb-gray-hewA0NBuVh5Nnb0qJrKoGy2c.html,5,2026-09-12T02:20:24.663238+00:00,individual,"Sent from Dubai, used for a short while. Selling because I urgently need money, there are no problems with the phone, you can check it out before buying. Box and charger will be provided with the phone. Contact 017XXXXXXXX"
Xiaomi Redmi Turbo 4 Pro 256 GB White,37000,Used,"Chattogram, Fatikchari",12/08,https://bikroy.com/fatikchari/mobile-phones/xiaomi-redmi-turbo-4-pro-256-gb-white-iOfIzFckfG6fZygTjzjc6qFn.html,5,2026-09-12T02:20:25.515766+00:00,individual,"Redmi Turbo 4 Pro (16GB/256GB) – Like New
 Used for only 1 month
 10/10 condition, no scratches or issues
 Everything works perfectly
 Includes original box, original charger, and all accessories
 Personal use phone"
Xiaomi Redmi Note 15 Pro+ 256 GB Silver,45000,Used,"Chattogram, Oxygen",14/07,https://bikroy.com/oxygen/mobile-phones/xiaomi-redmi-note-15-pro-256-gb-silver-63fhz54wSywIc0XpJyJfzslt.html,5,2026-09-12T02:20:26.214263+00:00,individual,I need money urgently. That's why I'm gonna sell my handset. Everything is okay. Device is fresh. For more details Please contact me 019XXXXXXXX
Xiaomi 13 Pro China Global (Used),38000,Used,"Chattogram, Kotwali, Chattogram",23/05,https://bikroy.com/kotwali/mobile-phones/xiaomi-13-pro-chin-global-used-8w7vo1pyRcusVMX7GyTTXVec.html,4,2026-09-12T02:20:26.764184+00:00,individual,The phone is in pristine condition; feel free to inspect it thoroughly before purchasing. It comes with a 67W charger and features a DSLR-like camera. WhatsApp for more details. The phone is completely scratch-free.
Xiaomi 15T Pro 512 GB Bronze,75000,Used,"Chattogram, Chawkbazar",21 hours ago,https://bikroy.com/chawkbazar/mobile-phones/xiaomi-15t-pro-512-gb-bronze-fdYks0bIJEFupMHqg6rDoqTK.html,3,2026-09-12T02:20:27.316395+00:00,individual,"Xiaomi 15T pro with Box
12/512
12/256 available 
Global Edition 
Few days Used."
New Xiaomi Redmi Note 15 Pro+ 256 GB Black,42999,Brand New,"Chattogram, Agrabad",20 hours ago,https://bikroy.com/agrabad/mobile-phones/new-xiaomi-redmi-note-15-pro-256-gb-black-d3Ujl6ZAXp2p3YEHED5lbycC.html,3,2026-09-12T02:20:27.972955+00:00,individual,"Stay with us by liking and following our page to get updates on product prices. Our page link - 
** Call or message us on WhatsApp at the number provided on Bikroy to buy a phone on installment.
---------------
Address:
Shop- 537, Level-5 (4th floor of capsule lift, 
Go straight after exiting the lift, JojoBD)
Akhtaruzzaman Center, 
Agrabad, Chittagong."
Xiaomi Redmi Note 15 256 GB White,29000,Used,"Chattogram, Hathazari",17/08,https://bikroy.com/hathazari/mobile-phones/xiaomi-redmi-note-15-256-gb-white-de1HJMGbDHLQmgQx2SUsIH8H.html,3,2026-09-12T02:20:28.782491+00:00,individual,"I bought the mobile not too long ago, selling it due to a need for money. There are no problems with the mobile, box and charger are all included."
New Xiaomi 15 Pro 256 GB Black,32000,Brand New,"Chattogram, Mirsharai",25/08,https://bikroy.com/mirsharai/mobile-phones/new-xiaomi-15-pro-256-gb-black-wBSW18Q0WHJYfcCfV1gnC3D4.html,4,2026-09-12T02:20:29.320844+00:00,individual,Brought from Dubai. Never used.
New Xiaomi Redmi Note 14 Pro 256 GB,22000,Brand New,"Chattogram, Alankar",04/09,https://bikroy.com/alankar/mobile-phones/new-xiaomi-redmi-note-14-pro-256-gb-zKIjIAsLDKMZ3FxQQlwc8JR6.html,3,2026-09-12T02:20:29.923763+00:00,individual,uses পাঁচ মাস কোন সমস্যা নেই বক্স চার্জার সবকিছু আছে
Xiaomi Redmi Note 15 128 GB Black,26000,Used,"Chattogram, Chandgaon",31/08,https://bikroy.com/chandgaon/mobile-phones/xiaomi-redmi-note-15-128-gb-black-ywJDNiFSBV6L1oh1vHpUCpI5.html,3,2026-09-12T02:20:30.325305+00:00,individual,"Full box
Location : bahadarhat 018XXXXXXXX"
Xiaomi Redmi Note 15 128 GB Black,20000,Used,"Chattogram, Halishahar",1 day ago,https://bikroy.com/halishahar/mobile-phones/xiaomi-redmi-note-15-128-gb-black-jOGCAV3aZgsYGKZYrzQkoFy9.html,5,2026-09-12T02:20:31.131505+00:00,individual,"Peace, mercy, and blessings of Allah be upon you. Redmi Note 15 will be sold. This is my favorite set, but I am selling it now due to the need for money. Used for only three months, completely boxed mobile. Along with it, you will get the box, original charger, charger cord, and all documents. Whoever takes it will be given everything."
Xiaomi Redmi Note 15 128 GB Purple,26000,Used,"Chattogram, Chandgaon",12 hours ago,https://bikroy.com/chandgaon/mobile-phones/xiaomi-redmi-note-15-128-gb-purple-cBWOsAuaGSEsH5dcp0mFU4BO.html,5,2026-09-12T02:20:31.764682+00:00,individual,"Redmi note 15 4g ( official )
6/128gb
One month used
11 months warranty left"
Xiaomi Poco X3 128 GB Blue,18000,Used,"Chattogram, Bakoliya",23/08,https://bikroy.com/bakoliya/mobile-phones/xiaomi-poco-x3-128-gb-blue-f4Boi5BRTnP3B8mCt7kZxcwd.html,3,2026-09-12T02:20:32.373756+00:00,individual,"The phone has been running for 2 years, there are some minor issues, but you need to talk directly and take it"
New Xiaomi 12S 128 GB Purple,25555,Brand New,"Chattogram, Agrabad",21 hours ago,https://bikroy.com/agrabad/mobile-phones/new-xiaomi-12s-128-gb-purple-xcUJjktiR1LrKEzKCyRHTkbX.html,5,2026-09-12T02:20:33.011529+00:00,individual,"only set+cashmemo
Security jnne nid dewa jabe
Location Must
Location Agrabad 
Full fresh mobile 
Cheek kore nite parben all ok
Taka lagbe ty sell kore dicci"
Xiaomi Redmi Note 15 128 GB Blue,22000,Used,"Chattogram, Agrabad",03/09,https://bikroy.com/agrabad/mobile-phones/xiaomi-redmi-note-15-128-gb-blue-92YZtQ12zDYmG06uBiAth7gb.html,3,2026-09-12T02:20:33.724307+00:00,individual,"REDMI NOTE 15
6/128
2 MONTH USED"
Xiaomi Redmi Note 14 Pro 256 GB Black,25500,Used,"Chattogram, Muradpur",20 hours ago,https://bikroy.com/muradpur/mobile-phones/xiaomi-redmi-note-14-pro-256-gb-black-fsM6uOMUuL9Y9k0AFqYKnpFv.html,3,2026-09-12T02:20:34.521805+00:00,individual,"Redmi note 14 pro 
Official full box... 
8/256 
 Benefits:
 15 days replacement guarantee
 Device – Trusted Mobile Shop
 Shop No: 319, 3rd Floor (Lift 2 )
 CPDL RB Midtown Market, Muradpur, Chittagong (Next to Makkah Hotel)"
New Xiaomi Redmi Note 13 Pro 512 GB White,28999,Brand New,"Chattogram, Agrabad",20 hours ago,https://bikroy.com/agrabad/mobile-phones/new-xiaomi-redmi-note-13-pro-512-gb-white-tPHhvfyNmz6MkrkovpiNd1HA.html,2,2026-09-12T02:20:35.255560+00:00,individual,"Call or message us on WhatsApp at our number provided on Bikroy to buy a phone on EMI. 
 REDMI NOTE 13 PRO GLOBAL 12/512
Address: Shop- 537, Level -5 (4th floor of capsule lift, go straight after exiting the lift (JojoBD)), Akhtaruzzaman Center, Agrabad, Chittagong."
Mobile Phone 128 GB White,24000,Used,"Chattogram, Alankar",06/09,https://bikroy.com/alankar/mobile-phones/mobile-phone-128-gb-white-ac3HQgFWiHxyLepKpQqrvV9L.html,5,2026-09-12T02:20:35.862435+00:00,individual,"For Sale: Xiaomi Redmi Note 14 5G 
জরুরি প্রয়োজনে একদম ফ্রেশ Xiaomi Redmi Note 14 5G বিক্রি হবে। ফোনে কোনো সমস্যা নেই, ১০০% ওকে।
RAM/ROM: 8GB / 128GB
Display: 6.67"" FHD+ AMOLED (120Hz)
Camera: 50MP (OIS) + 8MP + 20MP Selfie
Processor: Dimensity 7025 Ultra (5G)
Battery: 5110 mAh (45W Fast Charger)
Condition: 
 Call/WhatsApp 019XXXXXXXX"
