raw_title,price,condition_raw,location,posted_date,url,photo_count,scraped_at,seller_type,description
iQOO Z9 256 GB Black,28999,Used,"Rajshahi, Shaheb Bazar",29/08,https://bikroy.com/shaheb-bazar/mobile-phones/iqoo-z9-256-gb-black-wANBzqw6sWrsvAyg4yfuyPtJ.html,3,2026-09-04T17:59:41.079625+00:00,individual,"📱 Iqoo z9 turbo 
💾 12/256 Variant
🎨 Beautiful Black colour
🎮 Gaming device 🔥
✅ Full genuine nothing change or service history 
🔋 Battery Health : 95%
6000 mhz big battery 🔋 Health 95%🔥
📍 Location: Vodra, Rajshahi
 Full box 
📩 Serious buyer inbox please or call
💸 Price slightly negotiable 🔥
🔄 Exchange Possible"
Google Pixel 7 128 GB Green,30000,Used,"Rajshahi, Shaheb Bazar",23 hours ago,https://bikroy.com/shaheb-bazar/mobile-phones/google-pixel-7-128-gb-green-d6hLAJdF9EAvohUgqi5NX1sG.html,5,2026-09-04T19:00:11.947576+00:00,individual,"Only Exchange with Samsung Galaxy S23 FE/ Nothing CMF 2 PRO/ Iphone 12/ Honor 200/ Redmi Turbo 4 Pro

Pixel 7 
8/128
Box+ Cash Memo Available 
Full Fresh Phone 
All Parts Original No Repair or Service History"
New Nothing Phone 3a Pro 256 GB Black,39000,Brand New,"Rajshahi, Kadirgonj",20/08,https://bikroy.com/kadirgonj/mobile-phones/new-nothing-phone-3a-pro-256-gb-black-64QA5WwklUlaWST2fRb6V1no.html,3,2026-09-04T19:00:30.251496+00:00,individual,"Nothing 3A pro... 12/256
All authentic waterproof
Showroom conditions"
Nothing Phone 2a 256 GB Black,24500,Used,"Rajshahi, Shah Makhdum",26/08,https://bikroy.com/shah-makhdum/mobile-phones/nothing-phone-2a-256-gb-black-rgfe2x3MUZKDUrHdTmUsag1D.html,5,2026-09-04T19:00:36.556397+00:00,individual,"ইউজের কারনে বডিতে ছোটখাটো দাগ আছে, কিন্তু ভিতরে সব ওকে,পলি করা আছে,  পারফরম্যান্স ও ব্যাটারি ব্যাকআপ অনেক ভালো।  ইন্ডিয়ান ফোন তাই সাথে কোন বক্স নেই। ক্যামেরা টাও জোস"
Nothing Phone 1 128 GB Black,22000,Used,"Rajshahi, Boalia",19/07,https://bikroy.com/boalia/mobile-phones/nothing-phone-1-128-gb-black-x48lq8d6pPsxusgm0p5cSE5T.html,3,2026-09-04T19:00:38.303410+00:00,individual,"Nothing Phone 1 mobile. Everything is okay, no problems, you can check it yourself. The phone gives very good and beautiful backup. It is a water-resistant phone. If you want to see it, come to the location. Only the phone will be given."
Apple iPhone 11 64 GB White,21500,Used,"Rajshahi, Bagmara",09/08,https://bikroy.com/bagmara/mobile-phones/apple-iphone-11-64-gb-white-dO1528mdIrxkkOyisFaNKXti.html,5,2026-09-04T19:00:44.081994+00:00,individual,"Super fresh condition
No problems in the phone at all
Only battery and display changed... Very good quality battery installed, gives 7 to 8 hours backup,,
Nothing to say about the camera... Both cameras are masha-allah ""absolute fire""
You will get NID card as security.
Inbox if you want to know anything else"
iQOO 256 GB Rose Gold,32000,Used,"Rajshahi, Vodra",21/08,https://bikroy.com/vodra/mobile-phones/iqoo-256-gb-rose-gold-dCaGHqAQVr1WlDUbfaXOkdJK.html,4,2026-09-04T19:00:45.112484+00:00,individual,Iqoo neo 10 8-256 has 3 month warranty. Indian border cross phone. The phone has no kind of problem. Nothing is changed.
Nothing Phone 3a 256 GB Black,30500,Used,"Rajshahi, Shah Makhdum",15/08,https://bikroy.com/shah-makhdum/mobile-phones/nothing-phone-3a-256-gb-black-3A7BBH5MD457gPA40bKJhLri.html,5,2026-09-04T19:00:45.832026+00:00,individual,"Full Fresh Condition just like new, used for a very few days, matte poly applied, selling because I will buy another phone. Price almost fixed ()"
Nothing Phone 2a Plus 256 GB Black,22500,Used,"Rajshahi, Bagha",30/08,https://bikroy.com/bagha/mobile-phones/nothing-phone-2a-plus-256-gb-black-dFnKV6cCjzP9Nq1fgqJFwW4Q.html,5,2026-09-04T19:00:46.640717+00:00,individual,"Nothing Phone 2a Plus 8/256/5G, dual speakers for loud sound. A 45W charger will be provided with the mobile. As security, it will be written down on an ID card. There are no problems with the mobile."
New Apple iPhone 17 Pro Max 256 GB Silver,149999,Brand New,"Dhaka, Tejgaon",31/08,https://bikroy.com/tejgaon/mobile-phones/new-apple-iphone-17-pro-max-256-gb-silver-dy5uCDfSuwBQ1fycjIlthQlt.html,5,2026-09-04T19:00:48.177579+00:00,individual,"The phone has been used for a very short time and with great care. Battery health is 100%, charged 44 times. Includes one physical SIM and one eSIM, along with the full box and cash memo. The phone is like new, nothing to inspect. Do not bargain. iPhone 17 Pro Max 256 GB"
Apple iPhone 15 128 GB Blue,68000,Used,"Khulna, Khulna Sadar",24/08,https://bikroy.com/khulna-sadar/mobile-phones/apple-iphone-15-128-gb-blue-1eLKo6lIgyuuUA7WQ2QmoIn9.html,5,2026-09-04T19:00:48.810233+00:00,individual,"iPhone 15
Original Battery = 87%
Box available
Cycle = 315 times charged.
The phone is brand new with no scratches, I am the first owner myself. Anyone who wants can take the phone and nothing in the phone has been replaced, everything is genuine.
WhatsApp me at 014XXXXXXXX"
Apple iPhone 14 Pro 128 GB White,65000,Used,"Shariatpur, Naria",18/08,https://bikroy.com/naria/mobile-phones/apple-iphone-14-pro-128-gb-white-dN4xvnGCb0PLhisggwZkOdhe.html,4,2026-09-04T19:00:49.450410+00:00,individual,"There are no problems with the phone, it comes with a cash memo and nothing else. There is no box, charger, or cable. There are no issues with the mobile, please check and test it before taking. Battery health is 82%."
Apple iPhone 12 Pro Max 128 GB White,65000,Used,"Jashore, Jashore Sadar",2 days ago,https://bikroy.com/jessore-sadar/mobile-phones/apple-iphone-12-pro-max-128-gb-white-B0tWLB1hXk7foXcjNQ77AU5N.html,5,2026-09-04T19:00:50.532723+00:00,individual,"This is my personal phone sent from America. The battery has been replaced. There is no box as it got ruined. There are no police issues whatsoever. The price can be reduced a little bit, but nothing unreasonable. You can call me to know the rest. 
Special Note: Please no media personnel call me."
Apple iPhone 14 Pro Max Hongkong Variant (Used),85000,Used,"Kushtia, Daulatpur, Kushtia",20/08,https://bikroy.com/daulatpur/mobile-phones/apple-iphone-14-pro-max-hongkong-variant-used-wIwczwx2hJoEtqMBQQ0KrANn.html,4,2026-09-04T19:00:50.833582+00:00,individual,"iPhone 14 Pro Max (128GB) – Singapore Variant

Condition: Like new, no scratches
Battery Health: 87%

Everything is original, nothing has been changed
Face ID, True Tone everything is working fine

Waterproof check can be done

Accessories: Phone + Box

Location: (Khulna Daulatpur)
Note: You need to come to the location to see the phone

Price: 85,000৳ (slightly negotiable)"
Apple iPhone 14 Pro Max 256 GB Purple,67000,Used,"Dhaka, Uttara",18/08,https://bikroy.com/uttara/mobile-phones/apple-iphone-14-pro-max-256-gb-purple-9YlfSQtiazmGp7tZJ6UkGjzY.html,3,2026-09-04T20:01:20.447954+00:00,individual,"The phone is completely fresh. Everything is original, nothing has been changed. Phone number 018XXXXXXXX"
Apple iPhone 14 Pro Max Dual SIM (Used),74500,Used,"Chattogram, Chandgaon",29/04,https://bikroy.com/chandgaon/mobile-phones/apple-iphone-14-pro-max-dual-sim-used-hpJFXYCEfyNKudv2jICvFbH6.html,4,2026-09-04T20:01:35.199787+00:00,individual,"iPhone 14 Pro Max
Full box without cable
100% Waterproof, please check it yourself
100% Authentic
Deep Purple color
(Z/A) Hong Kong Variant (physical SIM use)
Battery Health 85% (original) 🔎
Storage 256GB
No scratches, looks like new🆕
Laminated
Price: 77k, Price Fixed
Face lock ✅🆗
True Tone ✅🆗
More details ⤵️

#The mobile is completely fresh, not a single scratch, nothing has been opened, everything is 100% original, you can check it yourself. I have used the mobile with great care, there is no problem at all. The mobile has the latest update installed.
The mobile is Deep Purple color, looks brand new, no issues, you will understand once you see it.
Whoever buys it will definitely be a winner.
Price Fixed

#Those who want to buy must come to the location.

#Interested buyers please inbox, others please do not disturb. Show more"
Apple iPhone 14 Pro Max 128 GB Purple,74999,Used,"Chattogram, Agrabad",29/06,https://bikroy.com/agrabad/mobile-phones/apple-iphone-14-pro-max-128-gb-purple-3NlBsx7zwrPcwxACxbXYyvJ4.html,5,2026-09-04T20:01:37.489706+00:00,individual,"Everything is fine.
Battery Health: 95%.
Nothing has been changed.
True Tone is OK.
It has been used with a lot of care, that's why the battery health is still 95%."
Apple iPhone 14 Pro Max Good (Used),90000,Used,"Chattogram, Kotwali, Chattogram",29/04,https://bikroy.com/kotwali/mobile-phones/apple-iphone-14-pro-max-good-used-6wztxBd96PpBsphryUOoF6K6.html,3,2026-09-04T20:01:38.510511+00:00,individual,"In excellent condition. Imported from Dubai Apple Store. Get 3 free covers. Nothing has been changed or repaired. Fixed price 90,000 BDT."
Nothing Phone CMF Phone 2 Pro 128 GB Green,27500,Used,"Chattogram, Patenga",24/07,https://bikroy.com/patenga/mobile-phones/nothing-phone-cmf-phone-2-pro-128-gb-green-BPOnnkYfDRtgMgFOGrCldofW.html,3,2026-09-04T20:01:40.585839+00:00,individual,"Fresh condition, box and charger are all included. Used for a very short time, inbox if you want to buy."
Nothing Phone 3a Pro 256 GB Black,48000,Used,"Chattogram, Baizid",08/07,https://bikroy.com/baizid/mobile-phones/nothing-phone-3a-pro-256-gb-black-hyjk1eftm2JW3HdAtpB5kCD3.html,3,2026-09-04T20:01:41.375553+00:00,individual,"14 day used only new mobile 
Location: polytechnical, East Delta University Pashe.
Real buyer knock 016XXXXXXXX"
New Nothing Phone 3a 256 GB Black,29500,Brand New,"Chattogram, Agrabad",23/05,https://bikroy.com/agrabad/mobile-phones/new-nothing-phone-3a-256-gb-black-dN0XrLxrlkCV7yarf0vCYCUt.html,5,2026-09-04T20:01:42.245209+00:00,individual,"Nothing Phone 3a (Black) 
8+8GB RAM 256GB ROM
Condition: Like brand new
Black
Enjoy a smooth and premium experience
Asking Price: 29,500৳ (negotiable)
Only phone available
I can provide a photocopy of my NID for security purposes; the bill and box were lost during a house move.
Exchange possible. Serious buyers only."
Nothing Phone 3a Pro 256 GB Gray,37999,Used,"Chattogram, Bandar, Chattogram",13/08,https://bikroy.com/bandar/mobile-phones/nothing-phone-3a-pro-256-gb-gray-84A4j57BZo790jxIUCnfwY2G.html,3,2026-09-04T20:01:43.730968+00:00,individual,"100% fresh
★Cashmamo will be given
★Used As secondary phone
★location must (bondor ctg)"
Vivo X200 FE 256 GB Yellow,48000,Used,"Chattogram, Alankar",11/06,https://bikroy.com/alankar/mobile-phones/vivo-x200-fe-256-gb-yellow-pGeNk9jHqEDXssunWT7ELHrk.html,5,2026-09-04T20:01:44.233256+00:00,individual,"I have the cash memo, nothing else. The set is just wow. The camera is deadly. It has never been opened or repaired. There are no problems at all. Only the color has faded on one side of the body due to using a cover, full security will be provided. Battery backup is 2 days. 
Display - LTPO AMOLED 
The mobile is incredibly fast, in a word, extraordinary. There are no problems with the set, you can check it as much as you want. Show more"
Nothing Phone 3a 128 (Used),25990,Used,"Chattogram, Nasirabad",14 hours ago,https://bikroy.com/nasirabad/mobile-phones/nothing-phone-3a-128-used-5SEQXK1X9fVCYj2066b202pY.html,4,2026-09-04T20:01:46.139477+00:00,individual,"Nothing phone 3a 8/128

🔥 Budget King — Everyday Smooth Performer! 🔥



⚡ Enjoy 8GB RAM | 128GB Storage | 5000mAh Battery | Super Clear Camera



👉Only one dot (beside front camera)



💰offer price -25,990💥💥



🚚 Delivery Available | 🔄 Exchange Available | 💳 EMI Available



🛡️ 15-Day Replacement Guarantee | Lifetime Service Warranty



📞 



🌐 www.decentbd.com



📍𝐅𝐢𝐧𝐥𝐚𝐲 𝐒𝐪𝐮𝐚𝐫𝐞, Level-4, Shop-406, 2 No Gate, Nasirabad, Chattogram



📍𝐅𝐢𝐧𝐥𝐚𝐲 𝐒𝐨𝐮𝐭𝐡 𝐂𝐢𝐭𝐲, Level-5, Shop-525, Bahaddarhat, Chattogram



#decentbd Show more"
Nothing Phone 3a 256 GB White,33500,Used,"Chattogram, Satkania",21/05,https://bikroy.com/satkania/mobile-phones/nothing-phone-3a-256-gb-white-keDfTMKurYHi3VCnSmKgcAFK.html,3,2026-09-04T20:01:51.952243+00:00,individual,"Nothing Phone 3a (Global)
 4GB RAM / 256GB ROM
 Absolutely clean and fresh condition
 Global version
 Battery and performance are very good
 Camera, display, sound all perfect
 No issues, you can use it worry-free
 Perfect for those looking for a stylish and unique phone
 Inbox if interested."
Nothing Phone 3a 256 GB White,35500,Used,"Chattogram, Satkania",15/08,https://bikroy.com/satkania/mobile-phones/nothing-phone-3a-256-gb-white-iF0wsGqNf6RimxNJfobATtz9.html,3,2026-09-04T20:01:53.058199+00:00,individual,"Brand new, comes with everything."
Realme GT Neo5 SE 256 GB White,25999,Used,"Chattogram, Agrabad",13/05,https://bikroy.com/agrabad/mobile-phones/realme-gt-neo5-se-256-gb-white-jGo1BjYA97Xu9KoxhxWpvlg6.html,3,2026-09-04T20:01:55.535608+00:00,individual,"Gt neo 6se 
Fixed price
There are some scratches on the body and some light scratches on the back, nothing major. The volume button requires a slightly firmer press, which has been the case since the beginning, but it works fine. Everything else is perfect.
Box, charger, cash memo, and security documents are all available, and a high-quality protective cover will be provided."
Nothing Phone 3a 256 GB White,37000,Used,"Chattogram, Alankar",04/08,https://bikroy.com/alankar/mobile-phones/nothing-phone-3a-256-gb-white-fLWm2T6CH8W96feo8hhkdd2z.html,3,2026-09-04T20:01:56.750490+00:00,individual,"There is not much to say if someone wants a good phone then this is the perfect place you have come the rest will be understood when you meet face to face 
 
- 100% Original
- No type of problems
- Display, Touch, Camera, Speaker, Microphone, Fingerprint 
Location: Chattogram Sagarika Road Bitak Bazar 
 Only serious buyers please contact
WhatsApp:"
Nothing Phone 2a Plus 256 GB Gray,27000,Used,"Chattogram, Chandgaon",25/07,https://bikroy.com/chandgaon/mobile-phones/nothing-phone-2a-plus-256-gb-gray-kM0vxehtJVRLoUYfQOKCx7Mf.html,5,2026-09-04T20:01:56.952739+00:00,individual,"No problems at all, you can check and take it after seeing."
Nothing Phone 4a Pro 256 GB Graphite,60000,Used,"Chattogram, Chawkbazar",16 hours ago,https://bikroy.com/chawkbazar/mobile-phones/nothing-phone-4a-pro-256-gb-graphite-6ggKcyFENqXk13R43sWcpm84.html,3,2026-09-04T21:52:26.632697+00:00,individual,"Nothing 4a Pro
12/256
Few days used
Full boxed."
Nothing Phone 4a 128 GB White,42500,Used,"Chattogram, Chawkbazar",16 hours ago,https://bikroy.com/chawkbazar/mobile-phones/nothing-phone-4a-128-gb-white-7RSpRTRiw9T4Bc78usoxjTmW.html,3,2026-09-04T21:52:26.929071+00:00,individual,"Nothing phone 4a
8/128
with Box
few days used"
Samsung Galaxy S23 Ultra 256 GB Green,55000,Used,"Dhaka, Dhanmondi",14/08,https://bikroy.com/dhanmondi/mobile-phones/samsung-galaxy-s23-ultra-256-gb-green-coyIy0aoTyRpGLbeFchnEk26.html,5,2026-09-04T21:52:27.838489+00:00,individual,"Phone full fresh. No issue. Nothing changed. Green colour. USA variant. Official device.
Phone will have poly on. And good quality protector attached. Price only 55000.
8gb ram.
256 gb rom.
Extra payment required if you want Samsung original charger and back cover."
Apple iPhone 14 Plus 256 GB Blue,55000,Used,"Dhaka, Dhamrai",17/08,https://bikroy.com/dhamrai/mobile-phones/apple-iphone-14-plus-256-gb-blue-rf48c3tJ8BeRMDYFEetkD34p.html,5,2026-09-04T21:52:29.419928+00:00,individual,"iPhone 14 Plus Blue
Mint condition
256 GB
ZP/A
Single SIM
Battery Health-76 original
No issues
Nothing changed, box and everything available"
Apple iPhone 14 Pro Max 256 GB Purple,67899,Used,"Dhaka, Savar",10/08,https://bikroy.com/savar/mobile-phones/apple-iphone-14-pro-max-256-gb-purple-r8c67Df9IADKHwJ6AfH7ouCO.html,5,2026-09-04T21:52:30.316976+00:00,individual,"Iphone 14 pro max 256gb with box
77% battery’s health, physical and esim. nothing changes just Backshall broken. R kono somossa nai, jodi keo kinte chan tobe call ba msg koren, jara real byar na tara plz ignore this post. price almost fixed."
Nothing Phone 4a Pro 256 GB Silver,58000,Used,"Dhaka, Savar",16 hours ago,https://bikroy.com/savar/mobile-phones/nothing-phone-4a-pro-256-gb-silver-rmUhiwYH5LofThyui6RIgSsR.html,5,2026-09-04T21:52:30.817791+00:00,individual,"Nothing 4A Pro | 8GB RAM + 256GB 

Premium Used Phone now at an attractive offer price! Smooth performance, stylish design, fresh condition 
 Muthophone Accessories. 2 E-162, Level-5 (Lift-4), Sena Shopping Complex, Nabinagar, Savar, Dhaka
 Limited Stock | Order Now!
 
Facebook: MUTHOPHONE ACCESSORIES 2"
Apple iPhone 15 Pro 128 GB,80000,Used,"Dhaka, Savar",21/08,https://bikroy.com/savar/mobile-phones/apple-iphone-15-pro-128-gb-93SMOFpYXk2n0fMpoqUs9ff8.html,3,2026-09-04T21:52:32.764350+00:00,individual,"The phone was brought from the UK.
 1st user
 Original Apple store cash memo and NID can be provided as documents.
 Box not available
 BH: 80%
 European variant
 1 e-SIM / 1 physical
 Everything is original on the phone, nothing has been changed or opened, it is 100% waterproof."
Apple iPhone 14 Pro 128 GB White,62500,Used,"Dhaka, Uttara",24/08,https://bikroy.com/uttara/mobile-phones/apple-iphone-14-pro-128-gb-white-q2fBbIjftjUTlqxmlUCslbWt.html,5,2026-09-04T21:52:34.066152+00:00,individual,"128gb 
USA variant 
Battery Health 80%
All original parts 
Nothing has been changed"
Apple iPhone 14 Pro Max 128 GB Purple,78999,Used,"Dhaka, Dhanmondi",15/08,https://bikroy.com/dhanmondi/mobile-phones/apple-iphone-14-pro-max-128-gb-purple-wQixEyXW5af2PyKKlRrCPw4x.html,5,2026-09-04T21:52:35.161535+00:00,individual,"Device specifications:
Model-14 pro max 
Variant: Singapore 
Storage-128GB
Color-Deep purple
Battery health-83% 
Physical sim and e sim support 
Face ID and True Tone ok
Phone available with box
Full fresh condition
Everything is full okay
Nothing changed
All thinks are full ok 
No issues"
Apple iPhone 17 Pro Max 256 GB Black,150000,Used,"Dhaka, Badda",28/08,https://bikroy.com/badda/mobile-phones/apple-iphone-17-pro-max-256-gb-black-as6wG8a1pMKfuB2eZe7fYtUK.html,4,2026-09-04T21:52:35.661212+00:00,individual,"iPhone 17 pro Max 
USA variant
Battery health 98%
Storage 256GB 
Negotiable just Kichu scratches and ekta Dent ache nothing else With Box"
Apple iPhone 13 Pro Max 128 GB Black,62000,Used,"Dhaka, Panthapath",06/08,https://bikroy.com/panthapath/mobile-phones/apple-iphone-13-pro-max-128-gb-black-noesEm86GAxx7yJLLxnj8X3b.html,5,2026-09-04T21:52:37.018028+00:00,individual,"The phone is in absolute brand new condition with no dents or scratches, in one word super fresh, I hope you'll love it at first sight,
With box
Nothing changed
Authentic battery health 96%
Display 100% original
Contact -
Display 100% original"
Apple iPhone 15 Pro 256 GB,90000,Used,Dhaka,17/08,https://bikroy.com/dhaka/mobile-phones/apple-iphone-15-pro-256-gb-kEHCYM1J5q9Z2wKsbIzZTALD.html,5,2026-09-04T21:52:37.437675+00:00,individual,"Box available.
256GB
Nothing has been changed.
Face ID, True Tone display all original
BH-85%
Cycle count-826
Can be checked however many times and however you want, brought from Japan. Selling because I will upgrade the phone, no issues.
Price will be fixed"
Apple iPhone 13 Pro Max 256 GB Black,57000,Used,"Dhaka, Uttara",18/08,https://bikroy.com/uttara/mobile-phones/apple-iphone-13-pro-max-256-gb-black-5Hh8BKTiqTabJPtvfj0kT2UF.html,4,2026-09-04T21:52:38.178740+00:00,individual,"iPhone 13 Pro Max — Singapore Variant 
* 256GB
* Battery Health: 80%
* Only Display has been changed
* Face ID: OK 
* True Tone: OK 
* Nothing else has been changed
* Full fresh condition
* Cash Memo is available 
* You can check as much as you want
* Full authentic condition
If you are serious, please contact."
Nothing Phone 3 256 GB White,56990,Used,"Dhaka, Badda",7 hours ago,https://bikroy.com/badda/mobile-phones/nothing-phone-3-256-gb-white-yCmtx6pVXNaYbBJAju7PeQ7T.html,3,2026-09-04T21:52:38.778281+00:00,individual,"Processor: Snapdragon 8s gen 4 5g
Ram: 12 GB
Display: 6.67"" OLED 120hz
Camera: Back-50+50+50\Front-50 MP
Battery: 5500 Mah
Device with Cash Memo & Charger.
You will get 7 days replacement and 1 year free service. You can exchange your old mobile with us.
Weekly holiday: Wednesday."
Nothing Phone 4a Pro 256 GB Black,57990,Used,"Dhaka, Badda",7 hours ago,https://bikroy.com/badda/mobile-phones/nothing-phone-4a-pro-256-gb-black-hSQ6jtiBfkmE2M9ylZMxwClh.html,3,2026-09-04T21:52:39.428613+00:00,individual,"💥💥Prices are fixed💥💥
Processor : Snapdragon 7 gen 4
Ram: 12 GB
Display: 6.83"" Amoled 144hz
Camera: Back-50+50+8\Front-32 MP
Battery: 7400 mah
Device with Cash Memo.
৭ দিনের রিপ্লেসমেন্ট ও ১ বছরের ফ্রী সার্ভিস পাবেন।আপনার পুরাতন মোবাইল আমাদের সাথে Exchange করতে পারেন।
সাপ্তাহিক বন্ধ:বুধবার।"
OnePlus 12 16-512 (Used),58000,Used,"Chattogram, New Market, Chattogram",23/04,https://bikroy.com/new-market/mobile-phones/oneplus-12-16-512-used-kGUDTx3TAovuBpVYTZncV2Kq.html,4,2026-09-04T21:52:39.670196+00:00,individual,"RAM: 16 GB
Storage: 512 GB
The phone has no issues, with only very minor scratches. It was officially purchased from India. You will get the original charger and a cover with it. Any security you require can be provided.
Location: Dhaka, New Market area"
OnePlus 12 R Indian version (Used),31500,Used,"Chattogram, Chawkbazar",22/04,https://bikroy.com/chawkbazar/mobile-phones/oneplus-12-r-indian-version-used-f0lUDg20BYWtIc9Ot6HPDNGj.html,5,2026-09-04T21:52:40.621425+00:00,individual,"ONEPLUS 12R 16/256 GB BH 94%
CONDITION 98% FRESH 
EXCHANGE POSSIBLE BUT GAMING PHONE 8GEN 3 CHIPSET MUST BE ,, 
ADD ONLY 100W CHARGER 
Price almost fixed, 
There is no problem with the mobile. I want to buy a gaming phone like - iqoo 12 or 13
-"
OnePlus 10 Pro 256 GB Blue,20000,Used,"Chattogram, Agrabad",19/08,https://bikroy.com/agrabad/mobile-phones/oneplus-10-pro-256-gb-blue-wQwGbIAkk9oa9sNLRpXQa8Ac.html,5,2026-09-04T21:52:40.722256+00:00,individual,Only display changed that too original set opened fitted and all ok  details
OnePlus 13 256 GB White,59000,Used,"Chattogram, Kajir Dewry",31/08,https://bikroy.com/kajir-dewry/mobile-phones/oneplus-13-256-gb-white-5aySVHHSIYeptabWxUjBQ74h.html,3,2026-09-04T21:52:41.734664+00:00,individual,"Phone is in totally fresh condition with no scratches.
Only the device, a few covers, and the cash memo are included.
The device is the Global Variant."
OnePlus 7T Pro McLaren Edition 256 GB Black,21999,Used,"Chattogram, Agrabad",31/07,https://bikroy.com/agrabad/mobile-phones/oneplus-7t-pro-mclaren-edition-256-gb-black-ajcuzTBgKIP7rHlVgqSukj6p.html,3,2026-09-04T21:52:42.140257+00:00,individual,"RAM/ROM - 12/256 
For sale"
OnePlus 11R (Used),24500,Used,"Chattogram, Agrabad",29/04,https://bikroy.com/agrabad/mobile-phones/oneplus-11-r-good-used-zBUjOBzxiHlSAjDDx3wnSnLn.html,5,2026-09-04T21:52:42.690097+00:00,individual,"Assalamu Alaikum. Please read carefully before messaging. OnePlus 11R 8/128GB (Full gaming phone). Processor: Snapdragon® 8+ Gen 1. Battery: 5000mAh. Camera: Excellent. If you are unfamiliar with this phone, please check reviews on YouTube. Condition: The phone has some minor wear. There are scratches on the camera glass as shown in the photos. There are also some minor scratches on the display. Generally, all second-hand phones have some minor wear. Only the phone and cash memo will be provided. Price: 24.5k. Please do not message if your budget is below 20k. Location: Agrabad. Show more"
New OnePlus 12R 128 GB Black,29999,Brand New,"Chattogram, Patenga",23/08,https://bikroy.com/patenga/mobile-phones/new-oneplus-12r-128-gb-black-l2DSstJjoicy5u4OBa8JdV2z.html,5,2026-09-04T21:52:43.109112+00:00,individual,"The phone is practically brand new in a word. Not a single hair-sized scratch anywhere. And it will 10,000% never get a green line guarantee. You can check it for as long as you want. A killer phone for camera and gaming. Selling because I will buy an iPhone. Only phone, you can check and take it for as long as you want. I will give everything needed for security, no problem."
OnePlus 12R 256 GB Blue,35000,Used,"Chattogram, Raozan",19/08,https://bikroy.com/raozan/mobile-phones/oneplus-12r-256-gb-blue-BhvIPAHvpvL0PVIqOD5c9xmm.html,5,2026-09-04T21:52:43.837622+00:00,individual,There is no issue. I need emergency Money. No box
OnePlus 10R 256 GB Black,21500,Used,"Chattogram, Agrabad",15 hours ago,https://bikroy.com/agrabad/mobile-phones/oneplus-10r-256-gb-black-mhn2cjlDEEz565er2oyXajqp.html,2,2026-09-04T21:52:44.527765+00:00,individual,"Set in fully fresh condition. 200% working. All parts 100% original. RAM 12GB, Storage 256GB. Comes with cash memo. The phone's performance is excellent."
OnePlus 12 512 GB Black,46000,Used,"Chattogram, Chandgaon",26/03,https://bikroy.com/chandgaon/mobile-phones/oneplus-12-512-gb-black-2vwnlsKpBczfS2GadOQRvXDK.html,3,2026-09-04T21:52:45.316616+00:00,individual,"OnePlus 12, 16/512GB. Fresh Condition. No box, no charger. Set + Cash Memo only. Price Fixed. Those who do not have the budget, please stay away. Request not to quote absurd prices. Location: Riazuddin Bazar, Chittagong. Contact 016XXXXXXXX"
OnePlus 9RT 5G 128 GB Black,20001,Used,"Chattogram, Sitakunda",11/05,https://bikroy.com/sitakunda/mobile-phones/oneplus-9rt-5g-128-gb-black-v9NqpLY480vrOZOvenoQP1aP.html,2,2026-09-04T21:52:46.577602+00:00,individual,Includes box and charger. No green line issue. Fresh condition.
New OnePlus 128 GB Black,41000,Brand New,"Chattogram, Chawkbazar",15 hours ago,https://bikroy.com/chawkbazar/mobile-phones/new-oneplus-128-gb-black-e0B33vLLj5Ngrys7ozNScU7f.html,3,2026-09-04T21:52:47.291684+00:00,individual,"OnePlus Nord CE6
8/128
Brand New"
OnePlus 7T Pro 256 GB Blue,20999,Used,"Chattogram, Halishahar",23/08,https://bikroy.com/halishahar/mobile-phones/oneplus-7t-pro-256-gb-blue-Bs9bCbKy8Fq8YnN3xrZBSjvP.html,5,2026-09-04T21:52:48.240217+00:00,individual,"Full Boxed
100% Original working Fluid AMOLED display. (Never changed/Repaired)
RAM/ROM: 8/256 GB
Snapdragon 855+ (Gaming Beast) 
Main Camera 48 MP + 16 MP ultrawide + 8 MP Telephoto
Front Camera 16 MP (Pop Up)
Never changed or repaired any parts of it. And No Green line issues on this phone.
You can check the phone as long as u want before buying."
New OnePlus 15R 512 GB Green,54000,Brand New,"Chattogram, Pahartali",2 days ago,https://bikroy.com/pahartali/mobile-phones/new-oneplus-15r-512-gb-green-b3r06mrmEh2y1D8GveAPyMJa.html,4,2026-09-04T21:52:48.615969+00:00,individual,"Only set
Set all ok 
Must be location aste hobe"
Nothing Phone 3a Lite 256 GB Blue,29990,Used,"Dhaka, Rampura",1 hour ago,https://bikroy.com/rampura/mobile-phones/nothing-phone-3a-lite-256-gb-blue-2WqjIYecNl7sLTNNx62mrbHn.html,3,2026-09-04T21:52:49.123313+00:00,individual,"Nothing 3a Lite  8+256GB As Like New
Only device and cash memo 
More information call 
Address: Molla Tower Shopping complex, Rampura, Dhaka. 
Opposite BTV centar 
3rd floor, shop no-406"
Nothing Phone 4a Pro 256 GB Silver,55000,Used,"Dhaka, Mohammadpur",3 hours ago,https://bikroy.com/mohammadpur/mobile-phones/nothing-phone-4a-pro-256-gb-silver-i2pMPd5GVvlaATVExLXH0IE9.html,3,2026-09-04T21:52:49.871268+00:00,individual,"Name:Nothing Phone 4a Pro
 Color: silver 
 Storage:8-256GB
  Used like new
 WithFull box
Price:-Call for best price 
Used Mobile: 3Days replacement & 6months service warrenty or New mobile: 7days replacement & 1year service warrenty included  
Contact number 018XXXXXXXX"
Nothing Phone 4a Pro 128 GB Gray,50000,Used,"Dhaka, Savar",20/08,https://bikroy.com/savar/mobile-phones/nothing-phone-4a-pro-128-gb-gray-nvGl50ubrX0B0L7XGttjb39p.html,4,2026-09-04T21:52:50.521412+00:00,individual,"There are no issues with the phone, it's completely like new, used for two months, papers and box are all included along with just the cable that came with the phone. Check it as much as you like, there are no scratches or problems."
Nothing Phone CMF Phone 2 Pro 128 GB White,29490,Used,"Dhaka, Shyamoli",16 hours ago,https://bikroy.com/shyamoli/mobile-phones/nothing-phone-cmf-phone-2-pro-128-gb-white-uRgRQHBxgMrNp40MgZlpxSwS.html,3,2026-09-04T21:52:50.891967+00:00,business,"Nothing CMF 2 Pro 8/128
100% Authentic
Condition: Full Box | Full Fresh
EXCHANGE POSSIBLE
100% Authentic Product
EMI facility (available on 36 bank cards)
Cash On Delivery available nationwide
Shop Location:
Phone-e
Shop No: 573, Level-5
Shyamoli Square Shopping Mall, Dhaka"
Nothing Phone 1 256 GB Black,25500,Used,"Dhaka, Mirpur",1 day ago,https://bikroy.com/mirpur/mobile-phones/nothing-phone-1-256-gb-black-CwAhkgDv1VBe3EaoohR0VR3c.html,5,2026-09-04T21:52:51.678920+00:00,individual,১২/২৫৬ অফিসিয়াল ভেরিয়েন্ট। ফোনে কোনো সিঙ্গেল প্রবলেম নাই। ব্যাক পলি না থাকায় কভারের কারনে সাইডে সামান্য স্ক্র্যাচ আছে। সাথে অরিজিনাল IMEI বক্স পাবেন। আর্জেন্ট টাকার দরকার তাই সেল দিচ্ছি। প্রাইস ফিক্সড। আসলে সামান্য কিছু সম্মান করা হবে।
Nothing Phone CMF Phone 2 Pro 256 GB White,27000,Used,"Dhaka, Lalbag",26/08,https://bikroy.com/lalbag/mobile-phones/nothing-phone-cmf-phone-2-pro-256-gb-white-cM0FvxbzpToN4SwLlGdfHAII.html,4,2026-09-04T21:52:53.279317+00:00,individual,"মোবাইল কেনার সময় অবশ্যই রশিদে স্বাক্ষর করতে হবে ও NID কার্ডের ফটোকপি দিতে হবে(আমিও দেবো)
দাম:২৭০০০ ফিক্সড (কমানো সম্ভব নয়)
রশিদের ছবি দেয়া আছে। 
লোকেশন: আজিমপুর, রসূলবাগ পার্ক।"
Nothing Phone CMF Phone 2 Pro 256 GB White,32990,Used,"Dhaka, Shyamoli",16 hours ago,https://bikroy.com/shyamoli/mobile-phones/nothing-phone-cmf-phone-2-pro-256-gb-white-dZrSsKktrlZBWs9yN11kN0he.html,5,2026-09-04T21:52:54.980032+00:00,business,"CMF 2 Pro 8/256
100% Authentic
Condition: Full Box | Full Fresh
EXCHANGE POSSIBLE
100% Authentic Product
EMI facility (available on 36 bank cards)
Cash On Delivery available nationwide
Shop Location:
Phone-e
Shop No: 573, Level-5
Shyamoli Square Shopping Mall, Dhaka"
Nothing Phone 3a Pro 256 GB Silver,46000,Used,"Dhaka, Savar",15 hours ago,https://bikroy.com/savar/mobile-phones/nothing-phone-3a-pro-256-gb-silver-rb4esxx9tuUmVrUSHfD6xNG6.html,5,2026-09-04T21:52:55.883571+00:00,individual,"📱 Nothing 3a pro | 8GB RAM | 256GB Storage

ফ্ল্যাগশিপ পারফরম্যান্স ও প্রিমিয়াম ডিজাইনের অসাধারণ স্মার্টফোন। সম্পূর্ণ যাচাই করে কিনুন নিশ্চিন্তে।

✅ ৭ দিনের রিপ্লেসমেন্ট গ্যারান্টি ✅ ১ বছরের সার্ভিস ওয়ারেন্টি ✅ কেনার আগে ফোন যাচাই করার সুযোগ

📍 E-162, Level-5 (Lift-4), Sena Shopping Complex, Nabinaagar, Sayer, Dhaka। 🗓️ সাপ্তাহিক বন্ধ: রবিবার"
Nothing Phone 2a 256 GB Black,27500,Used,"Dhaka, Jamuna Future Park",7 hours ago,https://bikroy.com/jamuna-future-park/mobile-phones/nothing-phone-2a-256-gb-black-a6Jqyq5jQNix6XNM645jgbfc.html,5,2026-09-04T21:52:56.633611+00:00,individual,"notging 2a 8/256gb all ok
super fresh condition available

🏃 আমাদের দোকান এ ভিজিট করুন 

 📍 Address :

     "" Appelink ""
     Shop No: 4C-021C1
       Block- C, Level- 4 
     Jamuna Future Park
(Samung customer care er pase
⏰Business Hour: 11:00AM-8:00PM
Whatsup number 016XXXXXXXX"
Nothing Phone 2a 128 GB White,27000,Used,"Dhaka, Demra",26/08,https://bikroy.com/demra/mobile-phones/nothing-phone-2a-128-gb-white-hUld7tOoRcRfeqcnW0Q747fn.html,4,2026-09-04T21:52:56.990898+00:00,individual,"Nothing 2A 
8/128gb
Full fresh condition 
All okh.kono problem nai."
New Nothing Phone 2 128 GB Gray,32500,Brand New,"Dhaka, Sutrapur",07/08,https://bikroy.com/sutrapur/mobile-phones/new-nothing-phone-2-128-gb-gray-kjDrTodJWv2abTthuEw4IN9R.html,5,2026-09-04T21:52:57.572583+00:00,individual,"Nothing Phone 2 (8+128)
Full fresh condition, polly done... selling it because I will buy a new phone."
Nothing Phone 4a 256 GB Black,47000,Used,"Dhaka, Mohammadpur",4 hours ago,https://bikroy.com/mohammadpur/mobile-phones/nothing-phone-4a-256-gb-black-tIT87S6TC4cabySf7wVRDbME.html,3,2026-09-04T21:52:58.521475+00:00,individual,"Name:Nothing Phone 4a
 Color: black 
 Storage:8-256GB
  Just active 
    Full box 
    Cycle 4
Price:-Call for best price 
Used Mobile: 3Days replacement & 6months service warrenty or New mobile: 7days replacement & 1year service warrenty included  
Contact number 018XXXXXXXX"
Nothing Phone 3a Pro 256 GB White,44999,Used,"Dhaka, Mirpur",7 hours ago,https://bikroy.com/mirpur/mobile-phones/nothing-phone-3a-pro-256-gb-white-zWeIatveViBeFJ1PwUQcCOow.html,5,2026-09-04T21:52:59.076854+00:00,individual,"⭕️ Nothing 3a pro With Full Box 12/256 GB

🔰Buy, Sell & Exchange


♦️Original Picture Uploaded♦️

 
💰12/256 Gb - ৳44,999


🔥100% Original & Non Refurbished Product🔥


♦️10 Day's Replacement Guaranty 

♦️1 Year Service warranty 

Mirpur shopping Center 
5th floor
Shop number 639
Mirpur 2 Dhaka 1216"
OnePlus 12 /256 (Used),42999,Used,Rajshahi,16 hours ago,https://bikroy.com/rajshahi/mobile-phones/oneplus-12-256-used-bxePyFSvvMHrpbhRdjPDqfnq.html,3,2026-09-04T21:53:01.118380+00:00,individual,"Oneplus 12

16/ 256

Enjoy super condition 🔥🔥

7 days replacement guarantee ✅
1 year service warranty ✅

#exchange possible ✅

Our Address:
Smart Choice, Shop No. 211,
City center, Beside of Rajshahi College, Sonadigir mor Rajshahi

Call for any details:"
OnePlus 11 512 GB Black,35000,Refurbished,"Rajshahi, Boalia",13/08,https://bikroy.com/boalia/mobile-phones/oneplus-11-512-gb-black-8Fk5EfkhQkYXnUDV0VrhMtHc.html,5,2026-09-04T21:53:01.182358+00:00,individual,"Call only Wp & number aptX HD, Bluetooth 5.3, A2DP, LE, Corning Gorilla Glass Victus, Fingerprint, IP64 dust/water resistant, Stereo Speakers, USB Type-C 2.0, OTG"
OnePlus 12 256 GB White,45000,Used,"Rajshahi, Durgapur",25/07,https://bikroy.com/durgapur-1/mobile-phones/oneplus-12-256-gb-white-nJNPO7TT6P46xaU0mhSMiDSF.html,4,2026-09-04T21:53:01.670263+00:00,individual,"A very, very good phone. I am selling it because I want to switch to an iPhone. There are no issues with the phone at all. I have used it single-handedly with great care. Whoever buys it will get a brand new feel when using it. You can check and test it for as long as you want.
Battery Health 96%
Full fresh like new condition
Only phone
No box, no charger
No issues, genuine 100% fresh authentic device
Number 017XXXXXXXX Show more"
OnePlus 13s 256 GB Black,55000,Used,Rajshahi,16 hours ago,https://bikroy.com/rajshahi/mobile-phones/oneplus-13s-256-gb-black-Cbyscqr0tybDLDa2KA9rdghr.html,2,2026-09-04T21:53:02.280988+00:00,individual,"OnePlus 13s
12 256
Super condition
7 days replacement guarantee
1 year service warranty
#exchange possible
Our Address:
Smart Choice, Shop No. 211,
City Center, Beside Rajshahi College, Sonadigir Mor, Rajshahi
Call for any details"
OnePlus 12R 256 GB Black,33000,Used,"Rajshahi, Paba",01/08,https://bikroy.com/paba/mobile-phones/oneplus-12r-256-gb-black-wZ0bdwC5lJBly9TlpR5JBylJ.html,3,2026-09-04T21:53:03.074615+00:00,individual,"There is not even a slight problem, lamination is applied on the front and back. Price negotiation is not allowed at all."
New OnePlus Ace 2 256 GB Silver,30000,Brand New,"Rajshahi, Rajpara",03/07,https://bikroy.com/rajpara/mobile-phones/new-oneplus-ace-2-256-gb-silver-fkj6kLkcSrmn5FAeEpnjh37i.html,5,2026-09-04T21:53:03.941100+00:00,individual,"OnePlus
Model: Ace 2
RAM: 12/256
Full fresh new condition"
OnePlus 12R 256 GB Black,32000,Used,"Rajshahi, Paba",01/09,https://bikroy.com/paba/mobile-phones/oneplus-12r-256-gb-black-zec7w3QVQd5epd0EvRRbKhic.html,4,2026-09-04T21:53:04.836521+00:00,individual,ফুল ফ্রেশ। কোন ধরনের সমস্যা নাই। যতক্ষণ ইচ্ছা চালিয়ে দেখে নিবেন। ফুল বডি পলি করা আছে। শুধু ফোন আর সিকিউরিটি হিসেবে nid দেওয়া হবে।
,,,,,https://bikroy.com/14-gaming-phones,0,2026-09-04T21:53:07.986885+00:00,individual,
OnePlus 11 256 GB Gray,25000,Used,"Rajshahi, Shah Makhdum",20/08,https://bikroy.com/shah-makhdum/mobile-phones/oneplus-11-256-gb-gray-mnOFDBqA960yT6T5w5x2Op4u.html,5,2026-09-04T21:53:08.070019+00:00,individual,"Only a green line has appeared, everything else is okay! 8 128"
New OnePlus 11R 128 GB Silver,25000,Brand New,"Rajshahi, Motihar",19/08,https://bikroy.com/motihar/mobile-phones/new-oneplus-11r-128-gb-silver-yJypAY2OnfDOAc7FyIwCnWP5.html,4,2026-09-04T21:53:09.922692+00:00,individual,"Phone is completely fresh, there are no problems with the phone"
OnePlus Nord 4 256 GB Green,24500,Used,"Rajshahi, Paba",2 days ago,https://bikroy.com/paba/mobile-phones/oneplus-nord-4-256-gb-green-1pLXYIvjerMQdBYRvdBLawQo.html,3,2026-09-04T21:53:10.385030+00:00,individual,"Nord 4 100% Fresh Body 
8/256 Gb Ufs4.0 🔥
7+Gen 3 Gaming Processor🔥
Camara Sundor 🔥
Display Te 1 Jaigai Skartch Ache Sudu Halka 🥲
Indian Phone Sudu Phone & Security 
Location : Katakhali Bazar, Rajshahi ( Location Asa Lagbe)"
OnePlus Nord CE4 128 GB Black,23500,Used,"Rajshahi, Godagari",26/08,https://bikroy.com/godagari/mobile-phones/oneplus-nord-ce4-128-gb-black-dCRbTgxWtUCQBdkpSOHfvuE3.html,5,2026-09-04T21:53:14.182593+00:00,individual,নতুন ফোন কেনার জন্য মূলত এটা সেল দেওয়া। যারা নিতে ইচ্ছুক যত খুশি সরাসরি চেক করে নিতে পারবেন।
OnePlus 11R 256 GB Silver,29500,Used,"Rajshahi, Rajpara",15/08,https://bikroy.com/rajpara/mobile-phones/oneplus-11r-256-gb-silver-17wYUtfN6PyhG20RCL751txl.html,3,2026-09-04T21:53:15.374123+00:00,individual,"The phone has been used personally. It works perfectly, there are no issues at all. The display, touch, camera, speaker, fingerprint, and all functions are 100% working. Contact me:"
OnePlus 10 Pro 256 GB Black,23500,Used,"Rajshahi, Shaheb Bazar",07/08,https://bikroy.com/shaheb-bazar/mobile-phones/oneplus-10-pro-256-gb-black-5vCCfi2YyR8VURd96RT8lpgQ.html,3,2026-09-04T21:53:15.867585+00:00,individual,"100% authentic phone
5000 mAh battery
Qualcomm Snapdragon 8 Gen 1 processor
In-display fingerprint ok
Full fresh condition
Camera
8GB RAM 256GB ROM
Price 23500 fixed
Do not message unnecessarily
Only phone and charger
NID card will be given as document
Location Rajshahi Saheb Bazar"
OnePlus 11R 256 GB Black,28000,Used,"Rajshahi, Shaheb Bazar",16 hours ago,https://bikroy.com/shaheb-bazar/mobile-phones/oneplus-11r-256-gb-black-uqi8zxOGRdcfOQPsexSgHj7N.html,3,2026-09-04T21:53:16.875304+00:00,individual,"Oneplus 11r, 16 / 256 GB. Super condition. Enjoy a 7-day replacement guarantee and 1-year service warranty. #exchange possible. Our Address: Smart Choice, Shop No. 211, City Center, Beside Rajshahi College, Sonadighi Mor, Rajshahi. Call for any details:"
OnePlus 11R 256 GB Black,27000,Used,"Rajshahi, Kazla",26/08,https://bikroy.com/kazla/mobile-phones/oneplus-11r-256-gb-black-5YoUDRq3Pi6EbohPNJVZMfHv.html,3,2026-09-04T21:53:17.324277+00:00,individual,"Fully fresh phone with no problems 16/256 price fixed, please ignore if you don't like the price"
OnePlus 11R 256 GB Black,30000,Used,"Rajshahi, Uposahar",16/08,https://bikroy.com/uposahar/mobile-phones/oneplus-11r-256-gb-black-vBjseaIKkyYu61UCJoOOuNs.html,4,2026-09-04T21:53:18.072489+00:00,individual,"Main Camera: 50+8+2MP
Front Camera: 16 MP
Battery: 5000mAh
Chipset: Qualcomm Snapdragon 8 Gen1 plus
Refresh Rate :120 Hz"
OnePlus 11R 128 GB Silver,28000,Used,"Rajshahi, Kazla",11/08,https://bikroy.com/kazla/mobile-phones/oneplus-11r-128-gb-silver-hLV124Xn8xN1PDptYir1J67n.html,3,2026-09-04T21:53:18.690770+00:00,individual,"OnePlus 11R 
RAM 8 GB, ROM 128 GB
Fully fresh body just like new... 
No scratches 
Urgent money needed
There are no issues with the phone"
OnePlus 11R 256 GB Green,28500,Used,"Rajshahi, Bagmara",10/08,https://bikroy.com/bagmara/mobile-phones/oneplus-11r-256-gb-green-fyZtwbzXkaIifyi5ojbrN67Z.html,5,2026-09-04T21:53:19.473306+00:00,individual,"Assalamu Alaikum,
There is not much to say about the phone, the phone is in completely fresh condition. It has been used very carefully as a secondary phone. No gaming has been done on the phone, no repair issues, no problems. Whoever takes it, check and test it properly before taking.
And if you want to buy the phone, you must come to the location to collect it.
If you want to know anything else, please call or SMS.
Price = 28,500/ Show more"
OnePlus Nord CE4 128 GB Gray,25000,Used,"Rajshahi, Godagari",31/08,https://bikroy.com/godagari/mobile-phones/oneplus-nord-ce4-128-gb-gray-tOPOHsdjpU1HWvdE2K4fWrJx.html,5,2026-09-04T21:53:20.321631+00:00,individual,Sell post. Enjoy a pristine condition phone with no scratches or issues. Model: OnePlus Nord CE 4. RAM/ROM: 8/128. Battery: 5500mAh.
OnePlus 12R 128 GB Blue,29000,Used,"Rajshahi, Chhota Banagram",31/08,https://bikroy.com/chhota-banagram/mobile-phones/oneplus-12r-128-gb-blue-Yf7Fi8akXM8Fbq7bBdYBWmd.html,3,2026-09-04T21:53:20.382539+00:00,individual,"ফোনের ব্যাকশেল ফাটা।
এছাড়া ফোনে কোন সমস্যা নেই।
লোকেশন শালবাগান পাওয়ার হাউজ মোড়। সাথে অরজিনাল একটি ফাস্ট সুপারবক চার্জার দেয়া হবে। ক্যাশ মেমো আছে। কিনা দাম ছিল ৩৫ হাজার ৫০০।
বিক্রি দাম ২৯০০০"
OnePlus 13s 256 GB Green,65000,Used,"Chattogram, Halishahar",27/07,https://bikroy.com/halishahar/mobile-phones/oneplus-13s-256-gb-green-6i0VeIAFvsdsvUsIkzYw1mFA.html,3,2026-09-04T21:53:20.969418+00:00,individual,"12/256, brand new condition. 100% Battery Health."
OnePlus 15 256 GB White,88000,Used,"Chattogram, Chawkbazar",15 hours ago,https://bikroy.com/chawkbazar/mobile-phones/oneplus-15-256-gb-white-pl1reY905NpdBohOQb1qvLIh.html,3,2026-09-04T21:53:21.369213+00:00,individual,"Oneplus 15
12/256
Full Boxed
with Charger"
OnePlus 13 256 GB Blue,68000,Used,"Chattogram, Oxygen",07/08,https://bikroy.com/oxygen/mobile-phones/oneplus-13-256-gb-blue-uhu1Fn06okWg0bVnRFCoGvLd.html,5,2026-09-04T21:53:21.919917+00:00,individual,"OnePlus 13 (Global Version)
Used: 8 Months
Condition: Excellent (One-Hand Use)
Battery Health: 97%
No Damage / No Issues
Overall Condition: 10/10 – Everything perfectly
What's Included:
Full Box
Original Charger
2 Mobile Covers (Free)"
New OnePlus 15 256 GB Black,80000,Brand New,"Chattogram, Chandanaish",2 days ago,https://bikroy.com/chandanaish/mobile-phones/new-oneplus-15-256-gb-black-rn0AHzpB07ct2YjotNlp0OzO.html,3,2026-09-04T21:53:24.832114+00:00,individual,Get a brand new device complete with its full box and charger! Experience like-new longevity with a battery cycle count of only 22 times.
New OnePlus Nord 6 512 GB Black,70000,Brand New,"Chattogram, Chawkbazar",16 hours ago,https://bikroy.com/chawkbazar/mobile-phones/new-oneplus-nord-6-512-gb-black-rOv3lyxvBHhlLyKlP6ooyNAt.html,3,2026-09-04T21:53:25.284921+00:00,individual,"OnePlus Nord 6
12/512GB
It's new and sealed pack."
OnePlus 15 512 GB Black,97000,Used,"Chattogram, Kotwali, Chattogram",30/08,https://bikroy.com/kotwali/mobile-phones/oneplus-15-512-gb-black-s3XwSdMjMJfYUDxWtmkLm89d.html,5,2026-09-04T21:53:25.536644+00:00,individual,"Ekdom fresh, 6month used, official warranty,  24-02-2027 porjonto official warranty active thakbe with charging adaptor include in same official warranty 🙂
Kohinoor city One pluser official outlet theke buy kora hoyechilo

Brand	:OnePlus
Model	15 (16GB/512GB)"
Apple iPhone 13 Pro Max 512 GB Gray,65000,Used,"Kishoreganj, Bhairab",12/08,https://bikroy.com/bhairab/mobile-phones/apple-iphone-13-pro-max-512-gb-gray-xAV8I8f2yiUSQsmOGGmKzjse.html,5,2026-09-04T21:53:26.633137+00:00,individual,"Alhamdulillah, the phone is totally a new phone. Brought from Japan a year ago out of hobby, but wasn't used much. That is why when the battery health was at 85, it is still at 85.
The phone is totally new in one word, not a single scratch or dent.
*Original fittings, nothing has been opened or repaired.
*Everything that is supposed to be in an original phone including Face ID and True Tone is present.
Location: Bhairab Show more"
New Apple iPhone 16 128 GB Pink,99000,Brand New,"Pabna, Pabna Sadar",1 day ago,https://bikroy.com/pabna-sadar/mobile-phones/new-apple-iphone-16-128-gb-pink-nVrHH2k8TBxAIIQVsCbB8Zg.html,5,2026-09-04T21:53:26.984969+00:00,individual,"iPhone 16 pink Color🩷 No issues, Not a single dent ❌ 
Battery 100 💯 
Cycle count 78
Nothing change 
New phone 
Camera wow❤️‍🔥
Box cable available 
Warranty ache ekhono

Family problem tai emergency sell dibo🙏🏻"
Apple iPhone 14 Pro Max 256 GB Purple,76000,Used,"Dhaka, Mirpur",29/08,https://bikroy.com/mirpur/mobile-phones/apple-iphone-14-pro-max-256-gb-purple-wnHVgBNSJcjx5cEhQot95nVE.html,5,2026-09-04T21:53:27.740271+00:00,individual,"Personal use phone, selling because of upgrading. There are no issues with the phone. If interested, you can come, examine it thoroughly, check it, and then take it.
Dubai variant
_Details_
BH 75% (Original)
No scratch or dent
With Box & Receipt
Cable
Everything Original (nothing has ever been changed)
TrueTone FaceID 100% Work Ofc
Dubai variant (1 eSIM, 1 physical SIM)"
Nothing Phone 1 256 GB White,25000,Used,"Rajshahi, Motihar",03/05,https://bikroy.com/motihar/mobile-phones/nothing-phone-1-256-gb-white-uKGI5jFyaWLFhlpXPK8uIc79.html,3,2026-09-04T21:53:29.427273+00:00,individual,"The phone is in fresh condition, just like new, with no problems. I don't have the box as the memo was lost, but I have the charger. I will provide whatever you need for security. If you want to buy it, please message or call me. If you are not interested, please do not message and cause confusion."
Apple iPhone 12 Pro Max 256 GB Blue,32000,Used,Rajshahi,18/08,https://bikroy.com/rajshahi/mobile-phones/apple-iphone-12-pro-max-256-gb-blue-sncusjFJgITDJgNB1v0Ns0Ib.html,3,2026-09-04T21:53:30.471175+00:00,individual,"iPhone 12 Pro Max is fresh. 
Bypass device 
Everything is original, nothing has been changed."
Google Pixel 7 Pro 128 GB Black,34500,Used,"Rajshahi, Shaheb Bazar",14/07,https://bikroy.com/shaheb-bazar/mobile-phones/google-pixel-7-pro-128-gb-black-r7T4dlOZLvqxcwtr8EwCQj2c.html,5,2026-09-04T21:53:33.427796+00:00,individual,"Box, cash memo, OTG, everything is available.
Full authentic, nothing has been changed."
Nothing Phone 1 128 GB Black,21999,Used,"Rajshahi, Motihar",1 day ago,https://bikroy.com/motihar/mobile-phones/nothing-phone-1-128-gb-black-cTZ0mAvrIki5s14RX77K8h5F.html,5,2026-09-04T21:53:33.926977+00:00,individual,"The phone is very beautiful to look at and a lot of fun to use. The phone is completely made of glass, and when you get a call, the lights on the back light up, making it look very nice, almost like new."
Nothing Phone 2a 8/256 (Used),25000,Used,Rajshahi,30/04,https://bikroy.com/rajshahi/mobile-phones/nothing-phone-2a-8-256-used-8Qx9oov6snBaiX0MTWZAKAkL.html,5,2026-09-04T21:53:34.370700+00:00,individual,"It is 95% fresh with a minor dent on the body. Only the phone and NID copy will be provided. Serious buyers only, please message."
Apple iPhone 13 128 GB Blue,40000,Used,Rajshahi,04/08,https://bikroy.com/rajshahi/mobile-phones/apple-iphone-13-128-gb-blue-38KaikAAWbDBGUKSTuahA2zs.html,5,2026-09-04T21:53:46.580022+00:00,individual,"Nothing has been changed, everything is original, no scratches."
Apple iPhone 12 Pro 256 GB Black,40000,Used,Rajshahi,06/06,https://bikroy.com/rajshahi/mobile-phones/apple-iphone-12-pro-256-gb-black-BRRJ8qHAqnozhKqwiBcscJpj.html,5,2026-09-04T21:53:47.732232+00:00,individual,"Phone 12 Pro (256GB). USA variant. Battery 78% original. Display original. Physical Sim 1, Esim 1. Face ID and True Tone are working. Price: 40,000 BDT. Call only if you are a real buyer; please don't message or call unnecessarily. The phone is fully authentic and nothing has been changed."
Nothing Phone 3a 128 GB Black,30000,Used,"Dhaka, Kamrangirchar",29/08,https://bikroy.com/kamrangirchar/mobile-phones/nothing-phone-3a-128-gb-black-wSgKIUL4rHNem2mFmvbBLPVH.html,5,2026-09-04T21:53:50.022021+00:00,individual,Only the top is slightly broken. It fell from a child's hand. No other problems. Box is included.
OnePlus 10 Pro 128 GB,25000,Used,"Rajshahi, Shaheb Bazar",28/06,https://bikroy.com/shaheb-bazar/mobile-phones/oneplus-10-pro-128-gb-7ENu4q5WPenmtHH1AJYDJ5N6.html,3,2026-09-04T21:53:50.883869+00:00,individual,"100% authentic phone
5000 mAh battery
Qualcomm Snapdragon 8 Gen 1 processor
Display original, fingerprint okay
8 GB RAM, 128 GB ROM
Price: 25,000
Please do not message unnecessarily
Only phone and charger
NID card will be provided as documentation
Location: Rajshahi Talaimari"
Samsung Galaxy S25 Ultra 256 GB,95000,Used,"Rajshahi, Laksimipur",14/08,https://bikroy.com/laksimipur/mobile-phones/samsung-galaxy-s25-ultra-256-gb-dqj8aXAe1StaVzkijUvtsnwG.html,3,2026-09-04T21:53:55.868628+00:00,individual,"Asking. Completely fresh, inspect and check as much as you want."
Samsung Galaxy S23 Ultra 512 GB Green,50000,Used,"Rajshahi, Vodra",22/08,https://bikroy.com/vodra/mobile-phones/samsung-galaxy-s23-ultra-512-gb-green-zW5dg3nTxSqPy29qvovH4Lyi.html,5,2026-09-04T21:53:57.585921+00:00,individual,"This is a running phone. I am selling it because I urgently need some money. Only the charging port of the phone has been replaced once, otherwise there are no problems. And the charging port was also fixed from Samsung's customer care. If anyone needs it, please contact WHATSAPP 018XXXXXXXX"
Samsung Galaxy S24 Ultra 256 GB Gray,77000,Used,"Rajshahi, Rajpara",2 days ago,https://bikroy.com/rajpara/mobile-phones/samsung-galaxy-s24-ultra-256-gb-gray-s9oUAIhUtjVoHuZnq6MMbJlK.html,3,2026-09-04T21:53:57.926542+00:00,individual,12/256 gb. Full fresh with full box.
Samsung Galaxy S24 Plus 256 GB Purple,55000,Used,"Rajshahi, Shaheb Bazar",29/08,https://bikroy.com/shaheb-bazar/mobile-phones/samsung-galaxy-s24-plus-256-gb-purple-cUhQT4LW4QP17UOEW64ygnnW.html,3,2026-09-04T21:53:59.266537+00:00,individual,"No issue 
Full fresh 🔥
12/256 
Lagle inbox...!"
Samsung Galaxy S25 Ultra 512 GB Black,90000,Used,"Rajshahi, Uposahar",14/08,https://bikroy.com/uposahar/mobile-phones/samsung-galaxy-s25-ultra-512-gb-black-ppwzCJIRmhtzGgToFaBSG65f.html,3,2026-09-04T21:53:59.872709+00:00,individual,"Galaxy S25 ultra!
12/512 GB!
98% fresh condition!
You can come to the location and check it as much as you want!"
Nothing Phone 3a Pro 256 GB Black,37000,Used,"Dhaka, Savar",01/09,https://bikroy.com/savar/mobile-phones/nothing-phone-3a-pro-256-gb-black-kod7k6GkXQHGOneus3f2wNnJ.html,5,2026-09-04T21:54:03.568486+00:00,individual,"Phone is completely authentic
No repair history
Price almost fixed"
Nothing Phone 3a Pro 256 GB Black,39500,Used,"Dhaka, Dhanmondi",6 hours ago,https://bikroy.com/dhanmondi/mobile-phones/nothing-phone-3a-pro-256-gb-black-lgQ78UD6suIyx7JB6oxiNU8a.html,3,2026-09-04T21:54:07.068539+00:00,individual,"Welcome to ""Al Aqsa Mobile""
Reach us___________________
*Al Aqsa Mobile*
Shop No-449, Lift-3, Orchard Point, Dhanmondi 7, Dhaka-1209
Model: Nothing 3a Pro
RAM: 8
ROM: 256
Price Fixed CN"
Nothing Phone 2a Plus 256 GB Gray,30000,Used,"Dhaka, Lalbag",01/09,https://bikroy.com/lalbag/mobile-phones/nothing-phone-2a-plus-256-gb-gray-7r7yZsRv97ZTBLJxlN3rbabn.html,5,2026-09-04T21:54:07.983236+00:00,individual,"Nothing Phone 2a Plus 
8/256. Full fresh phone... Box not available only phone... security NID can be given. Location : Lalbag."
Samsung Galaxy S24 Ultra 256 GB Gold,72000,Used,"Rajshahi, Kadirgonj",7 hours ago,https://bikroy.com/kadirgonj/mobile-phones/samsung-galaxy-s24-ultra-256-gb-gold-8KEL3eEgbxifCQjsARsF0JDD.html,5,2026-09-04T21:54:16.683127+00:00,individual,"Assalamu Alaikum Warahmatullahi Wabarakatuh
Fresh condition
Box: Only Device
Cash Memo: Available
Replacement Guarantee: Get up to 7 days (conditions apply)
Location: Rajshahi Kadirganj Chalpotti, beside Large Farmer, behind Swapnochura Plaza Nagar Bhaban.
Shop No: 123 - Ground floor beside lift
Shop Name: Rajshahi Mobile Bari 019XXXXXXXX"
Samsung Galaxy S23 Ultra 512 GB Green,54000,Used,"Rajshahi, Boalia",21/08,https://bikroy.com/boalia/mobile-phones/samsung-galaxy-s23-ultra-512-gb-green-427UEP95CDG5o2j1QYkQOdDF.html,4,2026-09-04T21:54:17.027548+00:00,individual,"Get a completely fresh phone in immaculate condition! All features work seamlessly. Comes with an official box, and camera condition photos are provided. There is a slight scratch on the back, but no functional issues at all. The phone is laminated, simply peel off the lamination to reveal a pristine, fresh device."
Samsung Galaxy Z Fold 5 512 GB Black,50000,Used,"Rajshahi, Hatemkha",1 day ago,https://bikroy.com/hatemkha/mobile-phones/samsung-galaxy-z-fold-5-512-gb-black-7QsCSHU9qxgDFgtSqDGaGbg9.html,4,2026-09-04T21:54:17.422451+00:00,individual,samsung z fold 5 12/512 all ok location rajshahi jekono sequrity dewa jabe   vlo phon pele exchange kora jbe
Samsung Galaxy A34 5G 128 GB Black,21500,Used,"Rajshahi, Kazla",12/08,https://bikroy.com/kazla/mobile-phones/samsung-galaxy-a34-5g-128-gb-black-5PH3CflY2bD35VRthKCU8vI2.html,3,2026-09-04T21:54:17.988869+00:00,individual,"Samsung Galaxy A34 5G (8/128) comes with the original charger. I have been using it for 1.5 years. I bought this from Chapai. It is an Indian variant phone. There are no problems with the phone.
Contact:"
Samsung Galaxy S21 FE 5G 128 GB Green,18000,Used,"Rajshahi, Shaheb Bazar",29/08,https://bikroy.com/shaheb-bazar/mobile-phones/samsung-galaxy-s21-fe-5g-128-gb-green-3pbJRRVPKwwC7J0pAFE2lygp.html,5,2026-09-04T21:54:18.680914+00:00,individual,All ok . No issue just Display change full fresh phone Brand new condition
Samsung Galaxy S20 FE 5G 128 GB Graphite,18000,Used,"Rajshahi, Kazla",27/08,https://bikroy.com/kazla/mobile-phones/samsung-galaxy-s20-fe-5g-128-gb-graphite-3wHMBSICF93jegaFBGjMYNoY.html,3,2026-09-04T21:54:19.424539+00:00,individual,ফোন পুরো নতুন আছে।কোনো ডেন্ট বা দাগ নাই।টাকার প্রয়োজন তাই বিক্রি করছি।
Samsung Galaxy S24 Ultra 512 GB Gold,83000,Used,"Chattogram, Nasirabad",13/07,https://bikroy.com/nasirabad/mobile-phones/samsung-galaxy-s24-ultra-512-gb-gold-dxEOFOvZ25AlGnrzJxS32fYG.html,3,2026-09-04T21:54:20.069937+00:00,individual,"Full box given 
12/512 
Vietnam variant
A very little dot in the screen otherwise all ok no scratch"
Samsung Galaxy S24 Ultra (Used),90000,Used,"Chattogram, Khulshi",23/04,https://bikroy.com/khulshi/mobile-phones/samsung-galaxy-s24-ultra-used-7CO4BEAXvKuCTvUK7J1NNbx6.html,3,2026-09-04T21:54:20.782617+00:00,individual,"100% fresh.
Full boxed. Not a single spot. Original cable.
With premium phone case."
Samsung Galaxy S24 Ultra 256 GB Black,85000,Used,"Chattogram, Agrabad",19/07,https://bikroy.com/agrabad/mobile-phones/samsung-galaxy-s24-ultra-256-gb-black-6tG5zsRVYCqTAF5F626HmuwZ.html,5,2026-09-04T21:54:24.133477+00:00,individual,Phone like new. No repair history. Box nai but any kind of security dewa Jabe. Everything works perfectly.Location must.
Samsung Galaxy S23 256 GB,24500,Used,"Chattogram, Jamalkhan",01/09,https://bikroy.com/jamalkhan/mobile-phones/samsung-galaxy-s23-256-gb-6pIeRUKTcuhCKfP9Nd9OCnMo.html,4,2026-09-04T21:54:25.287205+00:00,individual,"Phone কখনো খোলা হয়নি / কোনো fitting বা repair করা হয়নি
 Box নেই
 যা যা দেওয়া হ
 Adapter+Charging Cable
 Display Issue
Display-এর green-line issue আগেই পরিষ্কারভাবে উল্লেখ করা হচ্ছে। কোনো কিছু লুকানো হচ্ছে না। Buyer চাইলে সামনাসামনি এসে ফোনের সবকিছু check/test করে নিতে পারবেন।
 Asking Price: ৳23,500
 Reasonable offer হলে আলোচনা করা যাবে।"
Samsung Galaxy S21 FE 5G 128 GB Blue,24000,Used,"Chattogram, Agrabad",15 hours ago,https://bikroy.com/agrabad/mobile-phones/samsung-galaxy-s21-fe-5g-128-gb-blue-k3bguO7oc0z9ll06t9JkuMyj.html,3,2026-09-04T21:54:29.635997+00:00,individual,"Set is in fully fresh condition. RAM 8GB, Storage 128GB. Comes with charger."
Samsung Galaxy S23 256 GB Purple,29500,Used,"Rajshahi, Shaheb Bazar",31/08,https://bikroy.com/shaheb-bazar/mobile-phones/samsung-galaxy-s23-256-gb-purple-z0vMn9k4kvnPJvXvVSF1GmO8.html,3,2026-09-04T21:54:30.866799+00:00,individual,"ফোন ফুল ফ্রেশ আছে আউটলুক ফ্রেশ আছে। সবমিলে অলমোস্ট ৯০% ফ্রেশ ফোন। Docomo veriant এর ফোন এইটা Storage: 256 জিবি। 

Note: প্রব্লেম জাস্ট ডিস্প্লে এক সাইডে গোল্ডেন কিছু দাগ আছে যেটা খালি চখে বা ডিস্প্লে ওন হলে বুঝা জাইনা। এইটা অনেকদিন থেকে আছে আর বড়বে না এটা গারেন্টি।  

👉 Exchange করা যাবে।"
Samsung Galaxy A36 128 GB Purple,25500,Used,"Rajshahi, Bagmara",2 days ago,https://bikroy.com/bagmara/mobile-phones/samsung-galaxy-a36-128-gb-purple-zwScRvQGqWjz9dpbsoS1MN4B.html,3,2026-09-04T21:54:31.884930+00:00,individual,New condition phone. Lagle contact me 017XXXXXXXX
Samsung Galaxy A36 256 GB Purple,30000,Used,"Rajshahi, Laksimipur",27/08,https://bikroy.com/laksimipur/mobile-phones/samsung-galaxy-a36-256-gb-purple-8It1fs9QAbmXnEnEEcf19PzG.html,3,2026-09-04T21:54:33.164085+00:00,individual,Olpo kichu din use kora hoyeche.. Fully fresh phone.. Phone ar sathe back cover r phone a privacy protector o piche poli lagano hoyeche..
Samsung Galaxy A36 128 GB White,26500,Used,"Chattogram, Agrabad",16 hours ago,https://bikroy.com/agrabad/mobile-phones/samsung-galaxy-a36-128-gb-white-8nWx3PqRQUuXOHtN2QrNaCEM.html,3,2026-09-04T21:54:33.363790+00:00,individual,"Samsung A36
Super Flagship Device 
Snepdragon 6Gen3
Ram 8+128
With chgr cash mamo"
Samsung Galaxy S21 5G 256 GB Black,25000,Used,"Chattogram, Hathazari",19/08,https://bikroy.com/hathazari/mobile-phones/samsung-galaxy-s21-5g-256-gb-black-1fGNyeFGas0EEyo5sQim6jTF.html,3,2026-09-04T21:54:34.279923+00:00,individual,"The mobile has its original charger, but since it was brought from abroad, there is no box. The mobile has been used with great care."
Samsung Galaxy S25 Ultra 256 GB Black,84990,Used,"Dhaka, Mohammadpur",6 hours ago,https://bikroy.com/mohammadpur/mobile-phones/samsung-galaxy-s25-ultra-256-gb-black-cJV8GWTIv2WBLd6OKwTHNSGB.html,5,2026-09-04T21:54:34.869214+00:00,individual,"New arrival at the best price.
Get the new Samsung Galaxy S25 Ultra 5G Vietnam Global version.
Used in new condition, full box.
Exchange is possible.
We sell 100% original products.
You can check it however you like.
Warranty Policy:
7 days parts replacement warranty
2 years service warranty
Excludes LCD, software, and physical damage."
Samsung Galaxy S25 Ultra 256 GB Blue,98000,Used,"Dhaka, Baridhara",7 hours ago,https://bikroy.com/baridhara/mobile-phones/samsung-galaxy-s25-ultra-256-gb-blue-deKepkViJaBCIpBVDY6hlIFe.html,5,2026-09-04T21:54:35.364741+00:00,individual,"Samsung S25 ultra 12/256
Full box, in pristine condition."
Samsung Galaxy Z Fold7 256 GB Silver,115000,Used,"Dhaka, Baridhara",6 hours ago,https://bikroy.com/baridhara/mobile-phones/samsung-galaxy-z-fold7-256-gb-silver-fp3D4SV2Fm0iC0QYZRGa30J7.html,5,2026-09-04T21:54:41.477360+00:00,individual,"Samsung Z fold 7
Fill box
full fresh"
Samsung Galaxy S21 Ultra 5G 256 GB Black,22599,Used,"Dhaka, Savar",29/08,https://bikroy.com/savar/mobile-phones/samsung-galaxy-s21-ultra-5g-256-gb-black-Ivz8A2HPPF8lkn4kw8nbLAt.html,4,2026-09-04T21:54:41.764630+00:00,individual,SamSung Galaxy S21 Ultra 5G ফোন টা সবকিছু ওকে আছে শুধু ডিস্প্লেতে গ্রিন লাইন আর হাল্কা ফাটা আছে তাছাড়া বাকি সবকিছু ওকে
Samsung Z 16 GB Silver,56000,Used,"Dhaka, Hazaribagh",29/08,https://bikroy.com/hazaribagh/mobile-phones/samsung-z-16-gb-silver-yB9zdSWQIngwfAn2rb4SZDv9.html,5,2026-09-04T21:54:44.480097+00:00,individual,Full fresh only device 12/512gb authentic
Samsung Galaxy S24 Ultra 256 GB Silver,72000,Used,"Chattogram, Hathazari",25/08,https://bikroy.com/hathazari/mobile-phones/samsung-galaxy-s24-ultra-256-gb-silver-1iBqKlZRBs6El5rUvG2p10xj.html,5,2026-09-04T21:54:45.086842+00:00,individual,"12gb 256gb without box
Dual physical sim
Call record build in
Cash memo and 2 back cover"
Samsung Z 16 GB Blue,45000,Used,"Chattogram, Khulshi",31/08,https://bikroy.com/khulshi/mobile-phones/samsung-z-16-gb-blue-mttM7VbSHdRMrG4lwpmor7A5.html,3,2026-09-04T21:54:46.163978+00:00,individual,"SAMSUNG Z FLIP4 
8/128
PRICE NEGOTIABLE"
Samsung Galaxy S24 Ultra 256 GB Bronze,67000,Used,"Dhaka, Keraniganj",31/08,https://bikroy.com/keraniganj/mobile-phones/samsung-galaxy-s24-ultra-256-gb-bronze-s1sZ1Ed5y0y2rEqzxLPkm5VU.html,3,2026-09-04T21:54:51.086205+00:00,individual,"Samsung s24 ultra 
১২/২৫৬/ 
ভিয়েতনাম ভেরিয়েন্ট 
ফোন এর   সাথে অরজিনাল  বক্স আছে 
আমি নতুন কিনছিলাম আমি বাইক কিনবো দেইখা এইটা সেল করতাছি অনেক সখের একটা ফোন ছিলো ফোন ফুল ফ্রেশ জাস্ট হাতের থেকে পরে পিছের বেক সেল ফেটে গেছে এটাই সমস্যা তা সারা কনো সমস্যা নাই জত খুশি চেক করে নিতে পারবেন ইমারজেন্সি দরকার তাই সেল দিয়ে দিতাছি অনেক কমে দিয়ে দিতাছি"
Samsung Galaxy S24 Ultra 512 GB Gray,84000,Used,"Dhaka, Baridhara",6 hours ago,https://bikroy.com/baridhara/mobile-phones/samsung-galaxy-s24-ultra-512-gb-gray-r3lRnYjZxeBvwiOgwBFaTDLi.html,4,2026-09-04T21:54:51.771545+00:00,individual,Samsung s24 Ultra Jamuna future park
Samsung Galaxy S24 Ultra 256 GB Gray,77499,Used,"Dhaka, Bashundhara City",3 hours ago,https://bikroy.com/bashundhara-city/mobile-phones/samsung-galaxy-s24-ultra-256-gb-gray-cSCSpzfGNWgkDC7fRDrIkTFc.html,4,2026-09-04T21:54:52.233204+00:00,individual,"Samsung Galaxy S24 Ultra
12GB RAM | 256GB ROM
Titanium Gray
Fresh Condition
Full Boxed
7 Days Replacement without display, parts
 12 months Service Warranty
 Visit Our Shop
Basement-2, Shop No: 94 
Basundhara City Shopping Complex 
Panthapath Dhaka 1215 
 Escalator দিয়ে নিচে নামার পর হাতের বাম পাশেই সহজে আমাদের শপটি খুঁজে পাবেন।"
Samsung Galaxy S25 Ultra 256 GB Silver,81999,Used,"Dhaka, Savar",1 hour ago,https://bikroy.com/savar/mobile-phones/samsung-galaxy-s25-ultra-256-gb-silver-hB8FhYYfXIlnxONWSMZtFUh2.html,3,2026-09-04T21:54:54.172555+00:00,individual,"Samsung S25 Ultra 12/256GB
✨ একদম ফ্রেশ কন্ডিশন! 💯
🔹 কোনো দাগ নেই, খোলা বা সার্ভিসিং হয়নি। পার্টস ১০০% অরিজিনাল।
🎁 সাথে চার্জার ও শপের ক্যাশ মেমো পাবেন।
🛡️ ৭ দিনের রিপ্লেসমেন্ট ও ১ বছরের সার্ভিস ওয়ারেন্টি!
🏪 Livewire Savar - NTECH BD, সেনা শপিং কমপ্লেক্স, নবীনগর, সাভার।
🚚 সারা দেশে ক্যাশ অন ডেলিভারি।
📞 বিস্তারিত জানতে কল করুন 096XXXXXXXX"
Samsung Galaxy S23 Plus 256 GB,36000,Used,"Dhaka, Mogbazar",02/09,https://bikroy.com/mogbazar/mobile-phones/samsung-galaxy-s23-plus-256-gb-xb7fi90sm8ji6KGGlsekf6lS.html,5,2026-09-04T21:54:57.768267+00:00,individual,Chikon akta green line porse...R display te dui side e dag ache ta chara all ok..
Samsung Galaxy A55 256 GB,32900,Used,"Dhaka, Savar",01/09,https://bikroy.com/savar/mobile-phones/samsung-galaxy-a55-256-gb-7ZNOtBuAh4SHjSUuaPFO7Q6P.html,4,2026-09-04T21:54:58.883766+00:00,individual,"Absolutely fresh condition, no scratches of any kind, used with great care. You will get the original box, cable, and a 2700 taka original Samsung adapter with it. You can check it as much as you want before taking it. Must come to the location to pick it up. Location: Baliarpur, Hemayetpur, Savar."
Samsung Galaxy A17 5G 128 GB Purple,25000,Used,"Dhaka, Mirpur",01/09,https://bikroy.com/mirpur/mobile-phones/samsung-galaxy-a17-5g-128-gb-purple-rJzbLaLjv5uzTL4qqcVmxllH.html,4,2026-09-04T21:55:00.771314+00:00,individual,Full fredh. All okkke. Box changer sob ase
Apple iPhone 16 Pro Max 256 GB White,128550,Used,"Rajshahi, Boalia",09/05,https://bikroy.com/boalia/mobile-phones/apple-iphone-16-pro-max-256-gb-white-5PLV8YML3K5B5UUDTl06edpI.html,2,2026-09-04T21:55:01.582608+00:00,individual,"As like New and fresh condition. 92% BH. Physical dual sim with full box. White titanium. Hong Kong variant. Selling reason: Purchase 17 Pro Max. No exchange, only cash."
Apple iPhone 17 Pro Max in Super Condition (Used),150000,Used,Rajshahi,15 hours ago,https://bikroy.com/rajshahi/mobile-phones/apple-iphone-17-pro-max-super-conditione-used-oUK24zs9ZHt8SMvtdlPraeFO.html,3,2026-09-04T21:55:02.316998+00:00,individual,"iPhone 17 Pro Max 

256 GB, 100% Battery Health

CC 17, CC 81

Super condition 🔥🔥

Enjoy a 7-day replacement guarantee ✅ 
Get a 1-year service warranty ✅ 

#Exchange possible ✅

Our Address :
Smart Choice, Shop No. 211, 
City Center, Beside Rajshahi College, Sonadigir Mor, Rajshahi

Call for any details"
Apple iPhone 17 Pro Singapore (Used),138000,Used,Rajshahi,16 hours ago,https://bikroy.com/rajshahi/mobile-phones/apple-iphone-17-pro-singapore-used-gjdXKaTsZXJhreicuen5bawd.html,0,2026-09-04T21:55:03.014155+00:00,individual,"iPhone 17 Pro 🔥 256 GB, 100% Battery Health. Singapore physical SIM version. Super condition. 7 days replacement guarantee. 1-year service warranty. #ExchangePossible. Our Address: Smart Choice, Shop No. 211, City Center, Beside Rajshahi College, Sonadighi Mor, Rajshahi. Call for details."
Samsung Galaxy S24 Ultra 256 GB Gray,70000,Used,"Rajshahi, Boalia",23/08,https://bikroy.com/boalia/mobile-phones/samsung-galaxy-s24-ultra-256-gb-gray-C1mD7NUXoZ8rS2u9pjP28OlW.html,5,2026-09-04T21:55:03.574724+00:00,individual,"Used for about 8 months. Everything in the phone is okay, you can check it as much as you want. You will get two covers with the phone. 
The back shell color of the phone has faded. Only phone. NID and bank details can be provided as security."
Samsung Galaxy S25 256 GB Silver,56000,Used,"Rajshahi, Durgapur",28/08,https://bikroy.com/durgapur-1/mobile-phones/samsung-galaxy-s25-256-gb-silver-2RAxhkTP7D6zPiPgAw6gdOT0.html,3,2026-09-04T21:55:04.163719+00:00,individual,"100% fresh 2 months used , iPhone Nibo tai sell korsi"
Samsung Galaxy S24 Ultra 256 GB Black,74900,Used,"Rajshahi, Shaheb Bazar",01/09,https://bikroy.com/shaheb-bazar/mobile-phones/samsung-galaxy-s24-ultra-256-gb-black-6ccDxNtB0TzJifILDioNAjPK.html,5,2026-09-04T21:55:05.215539+00:00,individual,"Used for 8months,no single scratches or dent.full fresh condition like new. Used very carefully,with back poly, back cover & screen protector.Everything is ok.New phone kinbo tai sell korci."
Samsung Galaxy S24 256 GB Purple,52990,Used,"Rajshahi, Boalia",26/08,https://bikroy.com/boalia/mobile-phones/samsung-galaxy-s24-256-gb-purple-wRML35PybDrFDxnxfeEbJYMF.html,3,2026-09-04T21:55:05.573733+00:00,individual,"ফোন নতুন কিনেছিলান, ফোন এর বক্স মেমো সব আছে, একটা চুল পরিমাণ দাগ নাই। কোন রিপিয়ার হিস্ট্রি নাই।

= কল রেকর্ড হয়।"
Samsung Galaxy S24 Plus 256 GB Black,56500,Used,"Rajshahi, Boalia",1 day ago,https://bikroy.com/boalia/mobile-phones/samsung-galaxy-s24-plus-256-gb-black-fy5vyFeFE6X5fU9IOSDsBHDe.html,5,2026-09-04T21:55:06.279811+00:00,individual,"Full fresh
12 /256 
With box
Fixed price"
Samsung Galaxy S24 Ultra 256 GB White,87000,Used,"Rajshahi, Shaheb Bazar",16 hours ago,https://bikroy.com/shaheb-bazar/mobile-phones/samsung-galaxy-s24-ultra-256-gb-white-p7bmoGm97s1ouC3sSJuomc5V.html,4,2026-09-04T21:55:06.962817+00:00,individual,"Samsung S25 Ultra 
12 / 256 
Super condition 
7 days replacement guarantee  
1 year service warranty  
#exchange possible 
Our Address :
Smart Choice , Shop No. 211 , 
City Center , Beside of Rajshahi College , Sonadigir Mor, Rajshahi
Call for any details:"
Samsung Galaxy S26 Ultra 5G 512 GB Blue,115000,Used,"Rajshahi, Shaheb Bazar",15 hours ago,https://bikroy.com/shaheb-bazar/mobile-phones/samsung-galaxy-s26-ultra-5g-512-gb-blue-3tUSQVNHO7P9apzxgC7PxJcd.html,3,2026-09-04T21:55:07.363633+00:00,individual,"Samsung S26 Ultra, 12GB RAM, 512GB storage. Super condition. 7 days replacement guarantee. 1 year service warranty. #exchange possible. Our Address: Smart Choice, Shop No. 211, City Center, Beside Rajshahi College, Sonadighi Mor, Rajshahi. Call for any details:"
New Samsung Galaxy S24 Ultra 512 GB Black,74500,Brand New,"Rajshahi, Shaheb Bazar",31/08,https://bikroy.com/shaheb-bazar/mobile-phones/new-samsung-galaxy-s24-ultra-512-gb-black-isGTmyKd1fsh8KIRagRJfsvm.html,5,2026-09-04T21:55:08.027449+00:00,individual,"📱 Samsung Galaxy S24 Ultra — 512GB 🔥

✅ Model: Samsung S24 Ultra
💾 Storage: 512GB
🏪 Shop Name: City Gadget
📍 Location: Rajshahi City Center, 215 Shop
💯 ফোন দেখতে ও ব্যবহার করতে সরাসরি দোকানে আসতে পারবেন।

💰 Price: ৭৪,০০০ টাকা

📩 আগ্রহী হলে Inbox করুন অথবা সরাসরি লোকেশনে এসে দেখে নিন।
📞 যোগাযোগ 018XXXXXXXX"
Samsung Galaxy S25 Ultra 256 GB Silver,89000,Used,"Rajshahi, Rajpara",8 hours ago,https://bikroy.com/rajpara/mobile-phones/samsung-galaxy-s25-ultra-256-gb-silver-3YjC9gw5uhMNsog4ebEswbLx.html,5,2026-09-04T21:55:08.479659+00:00,individual,"Samsung S25 Ultra – 12/256GB
RAM/ROM: 12GB / 256GB
Color: Titanium Silver Blue
Cash Memo: ফোনের সাথে ক্যাশ মেমো পাবেনCondition: একদম ফ্রেশ কন্ডিশন, প্রায় নতুনের মতো। কোনো স্ক্র্যাচ, দাগ বা ডেন্ট নেই। ফোন খুব যত্নসহকারে ব্যবহার করা হয়েছে।
Location: Rajshahi
Price: আলোচনা সাপেক্ষে
আগ্রহী হলে ইনবক্স করুন। সরাসরি দেখে নেওয়া সুযোগ থাকবে"
Samsung Galaxy S10 Plus 128 GB White,20000,Used,"Rajshahi, Paba",30/08,https://bikroy.com/paba/mobile-phones/samsung-galaxy-s10-plus-128-gb-white-oHeK45Cc8v4p1cz6GjlANFaF.html,5,2026-09-04T21:55:09.117511+00:00,individual,emergency sel daw hab  full fresh condition
Samsung Galaxy S21 FE 5G 128 GB Gray,18000,Used,"Rajshahi, Shaheb Bazar",16/08,https://bikroy.com/shaheb-bazar/mobile-phones/samsung-galaxy-s21-fe-5g-128-gb-gray-U8R84gN8sECS5n7Z6giiGkn.html,5,2026-09-04T21:55:09.518030+00:00,individual,"Selling urgently due to needing money.
1. Display replaced due to green line issue. Market original display installed, fingerprint works with very good quality.
2. Everything else is original.
3. Phone has 1% problem. No scratches.
4. Price is slightly negotiable upon discussion.
5. Don't waste time quoting ridiculous prices. Contact quickly if you want to buy."
Samsung Galaxy S23 Ultra 256 GB White,37600,Used,"Rajshahi, Shaheb Bazar",25/08,https://bikroy.com/shaheb-bazar/mobile-phones/samsung-galaxy-s23-ultra-256-gb-white-13KEfPF1nqFXGx3OZI2UhPe9.html,5,2026-09-04T21:55:10.285470+00:00,individual,"SAMSUNG Galaxy S23 Ultra
Flagship • 200MP Camera • Snapdragon 8 Gen 2 • S Pen
Price: ৳____ (37,600)
Details: Dual sim + e-sim
RAM/ROM: 12GB / 256GB
Display: 6.8"" Dynamic AMOLED 2X, 120Hz
Camera: 200MP + 10x Zoom
Battery: 5000mAh, 45W Fast Charging
Built-in S Pen
PTA Approved
Condition: 90% Fresh No major issue | Personally used
Inbox if interested!"
Samsung Galaxy M12 128 GB Green,18000,Used,"Rajshahi, Rajpara",26/08,https://bikroy.com/rajpara/mobile-phones/samsung-galaxy-m12-128-gb-green-dRLlDkx8a0zGMSVHwSiApldN.html,5,2026-09-04T21:55:10.865484+00:00,individual,"এই দুইটা ফোনের কন্ডিশন একদম ফ্রেশ। দুইটা ফোনের বক্স আছে,ফোনের অর্জিনাল চার্জার নাই নস্ট হয়ে গেচিলো রার্নিং চার্জার দেওয়া হবে।ফোন দুইটা আমি নিজে চালাইতাম ফোনে কোন রকম সমস্যা নাই ফোন দুইটা চার্জ ব্রেকাপ ভালো ফোন সম্পূর্ণ ভালো আছে।লোকেশনে এসে সরাসরি দেখবেন যতক্ষন ইচ্ছা চেকবেক করে নিবেন। সিকিউরিটি হিসেবে যেইটা চাইবেন দেওয়া যাবে।দাম: ১০০০০+৮০০০৳"
Samsung Galaxy S23 256 GB White,34000,Used,"Rajshahi, Shiroil",1 day ago,https://bikroy.com/shiroil/mobile-phones/samsung-galaxy-s23-256-gb-white-hTMQR4pNRJf0o0kXfhnsq1au.html,5,2026-09-04T21:55:11.614116+00:00,individual,"১০০% ফ্রেশ হয়ে আছে।
ফোন এর মধ্যে কোনরকম সমস্যা নেই ।
পুরো বডিতে কোনরকম ডেন্ট নাই যত ইচ্ছা দেখেশুনে নিবেন।
দয়া করে লোকেশানে আসতে হবে আসার সময় দুপুর 12 টা থেকে রাত 10 টা পর্যন্ত l"
Samsung Galaxy A34 5G 128 GB Green,19000,Used,"Rajshahi, Kazla",26/08,https://bikroy.com/kazla/mobile-phones/samsung-galaxy-a34-5g-128-gb-green-4WECbbC6zf8NVIwvKo6Y4xKE.html,3,2026-09-04T21:55:12.083156+00:00,individual,ফোনে কোনো ধরনের দাগ বা সমস্যা নাই আমার নিজের ব্যাবহার করা চাপাই থেকে নেওয়া হয়েছে সাথে কিছু নেই এনআইডি কার্ড দেওয়া জাবে দাম কিছু টা কমানো জাবে
Samsung Galaxy S21 FE 128 GB Purple,25000,Used,"Rajshahi, Shaheb Bazar",22/08,https://bikroy.com/shaheb-bazar/mobile-phones/samsung-galaxy-s21-fe-128-gb-purple-xpMeSEXU9SbL751vQH1oyysy.html,5,2026-09-04T21:55:15.315868+00:00,individual,"I will sell my used Samsung Galaxy S21 FE 5G phone due to an urgent need. The phone was purchased from 'Sumash Tech' at Bashundhara City in Dhaka. It is completely fresh and in running condition.
Condition and Performance: There are no scratches or dents on the phone's body, back shell, and camera glass. The external outlook is as fresh as new."
Samsung Galaxy Note 20 Ultra 5G 256 GB Bronze,18000,Used,"Rajshahi, Shaheb Bazar",17 hours ago,https://bikroy.com/shaheb-bazar/mobile-phones/samsung-galaxy-note-20-ultra-5g-256-gb-bronze-mGUIgOGWRTaw6G7azyHt7GJL.html,3,2026-09-04T21:55:15.771823+00:00,individual,"samsung note 20 ultra 5g কোরিয়ান্ট ভেরিয়ান ওয়ান সিম 
১২/২৫৬
বক্স চার্জার ওকে শুধু লাইনে সমস্যা 
এক্সেজ সম্ভব না টাকার দরকার 
সালবাগান আসতে হবে 
ক্যামেরা পারফরমার্স ১০০ ১০০ 
কারভ ডিসপ্লে"
Samsung Galaxy S23 128 GB Black,30000,Used,"Rajshahi, Uposahar",12 hours ago,https://bikroy.com/uposahar/mobile-phones/samsung-galaxy-s23-128-gb-black-fSuJZdkbNJYojeyI1xGlyRE8.html,5,2026-09-04T21:55:16.332475+00:00,individual,ফোনের গ্রীন লাইট ইস্য আছে তাছাড়া ফোনে কোনো সমস্যা নাই একদম ফ্রেশ কন্ডিশন ফোনের সাথে বক্স চার্জার অরজিনাল পাবেন
Samsung Galaxy A35 256 GB White,25000,Used,"Rajshahi, Court Station",31/08,https://bikroy.com/court-station/mobile-phones/samsung-galaxy-a35-256-gb-white-v208dryl8YUMK1Heezxozo5g.html,5,2026-09-04T21:55:17.077278+00:00,individual,একদম ফ্রেশ কন্ডিশন নতুনের মতো। যত খুশি চেক করে নিতে পারবেন৷  ইন্ডিয়ান ফোন।  তাই শুধু ফোন পাবেন।  বডিতে সামান্য কিছু দাগ আছে । ব্যাটারি ব্যাকাপ + গামিং + ফোটোর জন্য বেস্ট৷ শুধু মাত্র প্রকৃত ক্রেতারাই ফোন দিবেন{phone=০১৫২১৭৯৯১৭৫}
Samsung Galaxy S23 256 GB Pink,23500,Used,"Rajshahi, Uposahar",01/09,https://bikroy.com/uposahar/mobile-phones/samsung-galaxy-s23-256-gb-pink-BYx0RZlpeMiBBwMtq0l2bbFe.html,5,2026-09-04T21:55:17.513165+00:00,individual,"Samsung s23 flagship device full offer 23.5k
Just display change
6.5k diye display lagano High quality IPS
Camera agun 

8k video kora jai
Snapdragon 8 gen 2 
8/256GB
Location: Rajshahi"
Samsung Galaxy S21 FE 128 GB Gray,28500,Used,"Rajshahi, Tanore",29/08,https://bikroy.com/tanore/mobile-phones/samsung-galaxy-s21-fe-128-gb-gray-puj3391DSpS1WAK2izLvGQE3.html,3,2026-09-04T21:55:18.211328+00:00,individual,Sorom theke kena akdom notun er moto
Samsung Galaxy S21 FE 5G 128 GB Gray,18500,Used,Rajshahi,01/09,https://bikroy.com/rajshahi/mobile-phones/samsung-galaxy-s21-fe-5g-128-gb-gray-nsZdBr2QWShGcxKfKSr15kz4.html,5,2026-09-04T21:55:18.932284+00:00,individual,"Samsung Galaxy S21 FE
✅ Model: Samsung Galaxy S21 FE
✅ RAM: 8GB
✅ Storage: 128GB
✅ Display: 6.4”, 120Hz
✅ 5G Supported
✅ Wi-Fi 6 Supported
✅ Fingerprint Sensor
✅ Phone performance & overall condition ভালো
💰 Price: ৳18500
📍 Location: Rajshahi
📩 Interested হলে Inbox করুন।
⚠️ অযথা দামাদামি না করার অনুরোধ। Genuine buyer হলে দেখে-শুনে নিতে পারবেন।"
New Samsung Galaxy S20+ 5G 256 GB Blue,22000,Brand New,"Rajshahi, Nawdapara",01/09,https://bikroy.com/nawdapara/mobile-phones/new-samsung-galaxy-s20-5g-256-gb-blue-tJfheCLFodkvT5znEt7M8wzo.html,4,2026-09-04T21:55:19.581551+00:00,individual,ফোন একেবারে ওকে।  কোনই সমস্যা নাই। ফোনের অরজিনাল ডিসপ্লে । মাদারবোর্ডে কোন কাজ করা নাই। কেউ নিতে চাইলে এই নাম্বারে ফোন দিবেন 017XXXXXXXX
Samsung S26 ULTRA 12/256 NEW (Brand New),138000,Brand New,"Chattogram, Chawkbazar",16 hours ago,https://bikroy.com/chawkbazar/mobile-phones/samsung-s26-ultra-12-256-new-brand-new-2WxjmLrCfvcfsaNHyOY3dzvR.html,0,2026-09-04T21:55:20.032157+00:00,individual,"🔳 INTACT SEAL PACK 
🔳 Storage: 12/256GB
🔳 Colour: BLUE
◾ Box And Original Cable


🔰 Our Speciality......................................

◾Original & Non-Refurbished Product
◾Emi Facilities Available*
◾Accept Visa, Master Card
◾Delivery Facility inside & Outside ctg.
◾Phone Exchange Facilities*
◾Our All Product 7 Days replacement And 1 year Service Warranty



🔰 Our Showroom Address:


Rony Enterprise (Since 2007)
Bali Arcade Shopping Center
4th Floor, Shop no 03(infront of chawkbazar Post Office
Sirajuddula Road, Chawkbazar, Chattogram Show more"
Samsung Galaxy S24 Ultra 256 GB Silver,79000,Used,"Chattogram, Kotwali, Chattogram",20/07,https://bikroy.com/kotwali/mobile-phones/samsung-galaxy-s24-ultra-256-gb-silver-aQUrdG3t6ifUqQH27YqbQyQq.html,3,2026-09-04T21:55:20.474395+00:00,individual,No issues. Everything is original. The mobile has a screen protector and a lens protector applied. The memo will be provided with the mobile. You must come to the location to pick up the mobile.
New Samsung Galaxy Z Fold 5 256 GB White,95000,Brand New,"Chattogram, Pahartali",17/08,https://bikroy.com/pahartali/mobile-phones/new-samsung-galaxy-z-fold-5-256-gb-white-v8EDWq1XpUIkn6zAWYReuDh1.html,3,2026-09-04T21:55:21.029653+00:00,individual,Samsung z fold 5 Brand new condition 256 GB
Samsung Galaxy S24 512 GB Black,84990,Used,"Chattogram, CDA Avenue",15 hours ago,https://bikroy.com/cda-avenue/mobile-phones/samsung-galaxy-s24-512-gb-black-dJz194axAQNfQVFkz3a2lh5l.html,2,2026-09-04T21:55:21.865211+00:00,individual,"Samsung Galaxy S24 Ultra (12GB / 512GB). Only used for a few months. Ready stock. Get 20% extra trade-in value for your old phone! Warranty benefits: 15-day replacement guarantee, lifetime service warranty. Call now: Finlay Square, Level-4, Shop-406, 2 No Gate, Nasirabad, Chattogram"
Samsung Galaxy S24 Ultra 256 GB Silver,83000,Used,"Chattogram, Agrabad",09/05,https://bikroy.com/agrabad/mobile-phones/samsung-galaxy-s24-ultra-256-gb-silver-kh0pyyOSp9vMh32h4kTV7h0k.html,3,2026-09-04T21:55:22.377008+00:00,individual,"• Full fresh - not a single scratch
• Full box available (IMEI & Serial. matched)
• 12GB RAM / 256GB Storage
• Official phone
• First owner (personal use)
• Price fixed
• With original 45W adapter + cable
Serious buyers only inbox me."
Samsung Galaxy S25+ 12/256GB FULL BOX (Used),85000,Used,"Chattogram, Chawkbazar",15 hours ago,https://bikroy.com/chawkbazar/mobile-phones/samsung-galaxy-s25-12-256gb-full-box-used-uRUdDTM73SzH6xroD0NgA4Pf.html,0,2026-09-04T21:55:22.723372+00:00,individual,"🔳 TWO MONTH USED ONLY AS LIKE AS NEW CONDITION
🔳 Storage: 12/256gb
🔳 Colour: SILVER
◾ Original Cable AND BOX

🔰 Our Speciality......................................

◾Original & Non-Refurbished Product
◾Emi Facilities Available*
◾Accept Visa, Master Card
◾Delivery Facility inside & Outside ctg.
◾Phone Exchange Facilities*
◾ All Products Original And Genuine.
◾Our All Product 7 Days replacement And 1 year Service Warranty



🔰 Our Showroom Address:


Rony Enterprise (Since 2007)
Bali Arcade Shopping Center
4th Floor, Shop no 03(infront of chawkbazar Post Office
Sirajuddula Road, Chawkbazar, Chattogram Show more"
Samsung Galaxy A13 5G 64 GB Black,90000,Refurbished,"Chattogram, Pahartali",08/08,https://bikroy.com/pahartali/mobile-phones/samsung-galaxy-a13-5g-64-gb-black-p3ISjmwX6LuCUJMdQvHGXYYH.html,5,2026-09-04T21:55:23.178186+00:00,individual,"90.000 cash memo is available, contact if you want to"
Samsung Galaxy S24 Ultra 256 GB,79999,Used,"Chattogram, Muradpur",16 hours ago,https://bikroy.com/muradpur/mobile-phones/samsung-galaxy-s24-ultra-256-gb-ARLo6IJ0uVoJnUMQDwWnr42H.html,4,2026-09-04T21:55:23.826207+00:00,individual,"Samsung Galaxy S24 Ultra
12GB RAM / 256GB
Full Box
TDRA Dual SIM
Snapdragon 8 Gen 3
200MP Quad Camera with OIS & 100X Space Zoom
12MP Selfie Camera
Battery: 5000mAh
Benefits:
15-day replacement guarantee
Device – Shop No: 319, 3rd Floor
CPDL RB Midtown Market, Muradpur, Chattogram"
New Samsung Galaxy S25 Ultra 256 GB Black,99999,Brand New,"Chattogram, CDA Avenue",6 hours ago,https://bikroy.com/cda-avenue/mobile-phones/new-samsung-galaxy-s25-ultra-256-gb-black-dQ7YRE6nbI0M4sGPgYb5KYy9.html,3,2026-09-04T21:55:24.365560+00:00,individual,"Brand new Intech box! 
12GB/256GB
Black color

ক্রেডিট কার্ড এর মাধ্যমে ২০ টির অধিক ব্যাংকে ৩৬ মাস পর্যন্ত EMI এর সুবিধা রয়েছে। (*শর্ত প্রযোজ্য*)"
Samsung Galaxy S25 Ultra 256 GB Blue,103000,Used,Chattogram,11/05,https://bikroy.com/chattogram/mobile-phones/samsung-galaxy-s25-ultra-256-gb-blue-wBM6eUgeyaTvVHJYvkIn3vle.html,3,2026-09-04T21:55:25.020667+00:00,individual,Brand new condition. Not a single scratch. Used for three months. Box and cable included. You must come to my residence for the location. Price is almost fixed.
Samsung Galaxy S24 Ultra 256 GB Silver,86000,Used,"Chattogram, Double Mooring",25/06,https://bikroy.com/double-mooring/mobile-phones/samsung-galaxy-s24-ultra-256-gb-silver-8PXh2Gu03AJT1bB0ruDMJrMv.html,5,2026-09-04T21:55:25.681870+00:00,individual,Comes with the original charging cable (unused) and 4 premium covers.
Samsung Galaxy S25 Ultra 256 GB Blue,85000,Used,"Chattogram, Chandgaon",29/08,https://bikroy.com/chandgaon/mobile-phones/samsung-galaxy-s25-ultra-256-gb-blue-qgJonU3FYSnjfXkrPCF7kGmV.html,3,2026-09-04T21:55:26.371673+00:00,individual,"I live abroad, the mobile is with me, it has not been used, just turned it on, if anyone wants to take it, please send an SMS."
New Samsung Galaxy s26 256 GB,114999,Brand New,"Chattogram, CDA Avenue",6 hours ago,https://bikroy.com/cda-avenue/mobile-phones/new-samsung-galaxy-s26-256-gb-mkbvfDnmZI7W37nvy1yxJadN.html,4,2026-09-04T21:55:27.121447+00:00,individual,"Display: 6.9"" QHD+ Dynamic LTPO AMOLED 2X, 120Hz, HDR10+, 2600 nits (peak)
Processor: Snapdragon 8 Elite Gen 5, 
Camera: 200MP Wide, 50MP Ultrawide, 10MP 3x, 50MP 5x Telephoto, 12MP Selfie, 8K video recording
Battery: Li-Ion 5000 mAh battery,
Enjoy EMI facilities up to 36 months through credit cards from over 20 banks. (*Conditions apply*)"
Samsung Galaxy Z Flip6 512 GB White,130000,Used,"Chattogram, Mirsharai",08/08,https://bikroy.com/mirsharai/mobile-phones/samsung-galaxy-z-flip6-512-gb-white-4YS26EPVWOGhTN4W2Scx1hHv.html,3,2026-09-04T21:55:27.960704+00:00,individual,"Used for two months, still fully fresh, no problems with the mobile, like new"
Samsung Galaxy A35 128 GB Pink,23990,Used,"Chattogram, Agrabad",16 hours ago,https://bikroy.com/agrabad/mobile-phones/samsung-galaxy-a35-128-gb-pink-uoH420XnoQFDCFqm5XQP5yAC.html,2,2026-09-04T21:55:28.631905+00:00,individual,"Set in fully fresh condition 
100% ok
Ram 8+128
With charger and cash memo"
Samsung Galaxy S22 Ultra 256 GB Black,32000,Used,"Chattogram, Boalkhali",28/08,https://bikroy.com/boalkhali/mobile-phones/samsung-galaxy-s22-ultra-256-gb-black-e08hXP35zh8O7znnWycY5GaL.html,5,2026-09-04T21:55:29.314177+00:00,individual,"✨ RAM: 12GB
💾 Storage: 256GB
🟢 Display: ১টি Green Line আছে
✅ Fingerprint: কাজ করে
📦 Case + Memo: আছে
🪪 ID Card: দেওয়া হবে
📱 ফোন: ব্যবহৃত / পলি করা
💰 চাওয়া দাম: ৩৫,০০০ টাকা
🤝 আলোচনা সাপেক্ষে
📍 লোকেশন: চট্টগ্রাম কালুরঘাট 
📞 যোগাযোগ 018XXXXXXXX"
Samsung Galaxy S24 256 GB Black,42000,Used,"Chattogram, New Market, Chattogram",01/09,https://bikroy.com/new-market/mobile-phones/samsung-galaxy-s24-256-gb-black-C0sS7vNgpXQgNpwhtOEL5Xtw.html,3,2026-09-04T21:55:29.585001+00:00,individual,একটি Samsung S24 মোবাইল ফোন আর্জেন্ট বিক্রয় করা হবে
Samsung Galaxy S24 Ultra 256 GB Gray,75990,Used,"Chattogram, CDA Avenue",16 hours ago,https://bikroy.com/cda-avenue/mobile-phones/samsung-galaxy-s24-ultra-256-gb-gray-BhbPjfr2kdancDStmRasDquV.html,3,2026-09-04T21:55:30.128933+00:00,individual,"S24 ultra 12/256 
Duel sim
full fresh 
14 days replacement gurranty 1year service warranty 
Decent,finlay square ,4th ,floor,406
call us 018XXXXXXXX"
Samsung Galaxy S22 Ultra 256 GB Bronze,42000,Used,"Chattogram, Patenga",1 day ago,https://bikroy.com/patenga/mobile-phones/samsung-galaxy-s22-ultra-256-gb-bronze-zjyDYBfR3y5ZVYxFShWMSYrb.html,5,2026-09-04T21:55:30.629177+00:00,individual,Samsung s22 ultra.12/256gb.Batry 5000mah.Samsung er flagship phon. All parts genuine & authentin.Camra panirmoto clear.Full box.Dekta kubi gorgius & Elegent.Nila nita paren
Samsung Galaxy S23 256 GB Green,38999,Used,"Chattogram, Nasirabad",01/09,https://bikroy.com/nasirabad/mobile-phones/samsung-galaxy-s23-256-gb-green-dotL5522wkaJrbB4S7qgQ5Gz.html,4,2026-09-04T21:55:31.910541+00:00,individual,"🔥 Samsung Galaxy S23 | Premium Deal 🔥

💰 Best Deal Available!

📱 Samsung Galaxy S23 — Base Variant
💾 8GB RAM | 256GB Storage
📦 With Full Box
✨ As Like New 

📞 Contact 019XXXXXXXX"
Samsung Galaxy S24 Ultra 256 GB Black,75990,Used,"Chattogram, Chawkbazar",16 hours ago,https://bikroy.com/chawkbazar/mobile-phones/samsung-galaxy-s24-ultra-256-gb-black-5ora4ajEP6XBgOPqfVpEWN19.html,5,2026-09-04T21:55:32.266521+00:00,individual,"Samsung Galaxy S24 Ultra. Only few days used | Full fresh condition. 12GB RAM | 256GB Storage. Flagship Pro Camera. Premium Titanium Design. Super smooth performance. Price: 75,990৳"
Samsung Galaxy S24 Ultra 256 GB Gray,76000,Used,"Chattogram, Alankar",17 hours ago,https://bikroy.com/alankar/mobile-phones/samsung-galaxy-s24-ultra-256-gb-gray-tEblgSjGVobv8Icmxq7MW6RI.html,4,2026-09-04T21:55:32.671465+00:00,individual,"📱 Samsung S24 Ultra 256GB – Titanium Gray

🇦🇪 Dubai থেকে আনা।
✅ সব ফাংশন ঠিকঠাক, Built-in Call Function আছে
📦 Box + Original Cable available
🔋 ফোনের condition খুব ভালো

⚠️ শুধু বক্সের IMEI নম্বরটি ঘষা/আঘাতের কারণে উঠে গেছে। ফোনের IMEI ঠিক আছে, চাইলে চেক করে নিতে পারবেন।

👉 আগ্রহী হলে সরাসরি মেসেজ অথবা কল করুন।"
Samsung Galaxy A17 128 GB Blue,23000,Used,"Chattogram, Patenga",1 day ago,https://bikroy.com/patenga/mobile-phones/samsung-galaxy-a17-128-gb-blue-wKwsFGgar7msE1FHuoW5XVsR.html,5,2026-09-04T21:55:33.413573+00:00,individual,মাত্র এক মাস দশ দিনের মতো ইউজ করা হয়েছে টাকার প্রয়োজন তাই ফেল করে দেব ফুল বক্স ক্যাশ মেমো সব কিছু আছে
Samsung Galaxy S22 Ultra 256 GB Black,35000,Used,"Chattogram, Kotwali, Chattogram",29/08,https://bikroy.com/kotwali/mobile-phones/samsung-galaxy-s22-ultra-256-gb-black-BxygghxCWWavye0Vqu1NwpQ2.html,4,2026-09-04T21:55:34.061994+00:00,individual,Full fresh 12/256 Vietnam variant
Samsung Galaxy S24 FE 128 GB White,41599,Used,"Chattogram, Agrabad",16 hours ago,https://bikroy.com/agrabad/mobile-phones/samsung-galaxy-s24-fe-128-gb-white-leqdQcuBFXsG6JhGq5r3usE.html,3,2026-09-04T21:55:34.769851+00:00,individual,"Samsung S24 FE 5G
Set in fully fresh condition
200% ok set
RAM 8+128
With charger
100% genuine phone... Not a single security issue please..."
Samsung Galaxy A17 5G 128 GB Black,28500,Used,"Chattogram, Satkania",17/08,https://bikroy.com/satkania/mobile-phones/samsung-galaxy-a17-5g-128-gb-black-iHsW8J0DIoFclIOtwSR2TK7K.html,3,2026-09-04T21:55:35.467722+00:00,individual,"*For Sale - Samsung Galaxy A17 5G (8GB/128GB)*
*Usage:* Only *1 month 24 days* 
*Condition:* *100% Fresh + Official*. Not a single scratch. Exactly like new.
*RAM/ROM:* *8GB RAM + 128GB Storage* + Memory card support"
Samsung Galaxy A56 256 GB Green,35500,Used,"Chattogram, Muradpur",16 hours ago,https://bikroy.com/muradpur/mobile-phones/samsung-galaxy-a56-256-gb-green-IO3H8Zlmn3Mr2TAtBrcmSSB.html,3,2026-09-04T21:55:36.180803+00:00,individual,"Samsung Galaxy A56 5G
 8GB RAM / 256GB Storage
 Full Box
 6.7"" FHD+ Super AMOLED Display
 120Hz Refresh Rate
 Exynos 1580 Processor
 50MP OIS Main Camera
 Benefits:
 15-day replacement guarantee
 Shop No: 319, 3rd Floor
 CPDL RB Midtown Market, Muradpur, Chittagong (Next to Makkah Hotel)"
Samsung Galaxy S21 Ultra 5G 256 GB Black,33500,Used,"Chattogram, Chawkbazar",3 hours ago,https://bikroy.com/chawkbazar/mobile-phones/samsung-galaxy-s21-ultra-5g-256-gb-black-CozDVHcDxrItWab40tu16RFa.html,5,2026-09-04T21:55:36.670224+00:00,individual,"Dubai Theka niya aschi 
Set Almost Fresh Condition
Full Box Acha 
Iccah Moto cheak kora nita prbn 
Urgent Tk Dorkar"
Samsung Galaxy S25 Ultra 256 GB Gray,97500,Used,"Dhaka, Mohammadpur",31/08,https://bikroy.com/mohammadpur/mobile-phones/samsung-galaxy-s25-ultra-256-gb-gray-6CMn5aJDA2cbjqnAEQOZeNNX.html,5,2026-09-04T21:55:37.268436+00:00,individual,"Experience a device in full fresh, like-new condition with 256GB storage."
Samsung Galaxy S25 Ultra 256 GB Blue,92500,Used,"Dhaka, Baridhara",7 hours ago,https://bikroy.com/baridhara/mobile-phones/samsung-galaxy-s25-ultra-256-gb-blue-k6uwPe9edJb3D7IhwVShcCTD.html,5,2026-09-04T21:55:37.920144+00:00,individual,"Samsung S25 Ultra 12/256GB. Full boxed, full fresh. 100% fresh like new condition."
Samsung Galaxy S25 Ultra 256 GB,87500,Used,"Dhaka, Dhanmondi",16 hours ago,https://bikroy.com/dhanmondi/mobile-phones/samsung-galaxy-s25-ultra-256-gb-5afAgN2283EelIyyyx6yiDgD.html,5,2026-09-04T21:55:38.421165+00:00,business,"We provide a 15-day replacement guarantee excluding display issues and a lifetime service warranty excluding parts. Our shop location: Dhanmondi-7, Orchard Point Market, Dhaka, Floor-3, Shop: Taher Technology, No-425, Mob 019XXXXXXXX"
Samsung Galaxy S25 Ultra 256 GB White,91000,Used,"Dhaka, Baridhara",7 hours ago,https://bikroy.com/baridhara/mobile-phones/samsung-galaxy-s25-ultra-256-gb-white-foWlXuDs3rLYnMo1D46XSZ5n.html,5,2026-09-04T21:55:39.773721+00:00,individual,Samsung S25 ultra 12/256 without box fresh condition
Samsung Galaxy S25 Ultra 256 GB Black,90000,Used,"Dhaka, Badda",2 days ago,https://bikroy.com/badda/mobile-phones/samsung-galaxy-s25-ultra-256-gb-black-zq8kDGkwnJIXBWgJr3UJxJ25.html,5,2026-09-04T21:55:39.966285+00:00,individual,"অরিজিনাল চার্জার,  বক্স,  হ্যারি পর্টারের ডিজাইনের ব্যাক কাভার প্রোভাইড করা হবে। মোবাইলে কোন ক্র‍্যাক বা কোন ধরণের সমস্যা নাই। মোবাইল খুব যত্ন সহকারে ব্যবহার করা হয়েছে।"
Samsung Galaxy S25 Ultra 256 GB Silver,85000,Used,"Dhaka, Shantinagar",17 hours ago,https://bikroy.com/shantinagar/mobile-phones/samsung-galaxy-s25-ultra-256-gb-silver-wJ3eC9UTZz1EQX9AdFUgInVq.html,5,2026-09-04T21:55:40.419524+00:00,individual,"Samsung Galaxy S25 Ultra 5G — 256GB
Model: Samsung S25 Ultra
Storage: 256GB
Used: 12 Months
Original Box: Available (With Invoice)
Cable: Available
Condition: Very Good, full fresh and wrapped with a full-body protective film.

There are no problems with the phone.
Only serious buyers please contact."
Samsung Galaxy S25 Ultra 256 GB Blue,86900,Used,"Dhaka, Uttara",48 min ago,https://bikroy.com/uttara/mobile-phones/samsung-galaxy-s25-ultra-256-gb-blue-jZbQ3bFe8rBxpqP8uuPEktbM.html,3,2026-09-04T21:55:41.017352+00:00,individual,"🏠 Western Mobile Fair


 # Shop No. 614/622/623/625 (Level #6) Tropical Alauddin  Tower Uttara           


         🌈Dear Honourable Coustomer                        


              🚫 100% original device


              🔓Full Factory unlock 


  🌈EMI Available   On .....🌈🌈  31 Banks credit card. Thanks for being with us."
Samsung Galaxy S25 Ultra 256 GB Gray,92000,Used,"Dhaka, Baridhara",7 hours ago,https://bikroy.com/baridhara/mobile-phones/samsung-galaxy-s25-ultra-256-gb-gray-BhTJYKJNxR4Nmy56kgeLHHSZ.html,5,2026-09-04T21:55:41.719661+00:00,individual,Full box and in pristine condition.
New Samsung Galaxy S25 Ultra 256 GB Purple,84990,Brand New,"Dhaka, Mirpur",3 hours ago,https://bikroy.com/mirpur/mobile-phones/new-samsung-galaxy-s25-ultra-256-gb-purple-B5L8TrIpi7TOjES4geI5DDxx.html,5,2026-09-04T21:55:42.364421+00:00,individual,">আদিবা টেলিকম >
দোকান নং: ৩৪, ৩য় তলা, বাগদাদ শপিং কমপ্লেক্স , মিরপুর- ১, ঢাকা- ১২১৬...
ফোনটি ১০০% জেনুইন এবং আমরা ৭দিন রিপ্লেসমেন্ট গ্যারান্টি। ও ১ বছর ফ্রী সার্ভিস ওয়ারেন্টি । ( Without Parts)
সারা বাংলাদেশ  কুরিয়ার চার্জ ফ্রি 
এক্সচেঞ্জ অফার। ডিসকাউন্ট প্রাইস।
100% frish"
Samsung Galaxy S25 Ultra 256 GB Silver,90000,Used,"Dhaka, Basabo",20/08,https://bikroy.com/basabo/mobile-phones/samsung-galaxy-s25-ultra-256-gb-silver-kanMCRQdMn3L1qUGfmmiShtE.html,4,2026-09-04T21:55:43.119230+00:00,individual,"Phone purchased from KRY International, Bashundhara Branch.
Purchase date: December 1, 2025.
From the very beginning, I have been using an ERS screen protector, ERS camera protector, and ERS back cover, so there isn't a single scratch.
Price is almost fixed.
If you want to buy, call me directly."
Samsung Galaxy S25 Ultra 256 GB Black,91999,Used,"Dhaka, Bashundhara City",16 hours ago,https://bikroy.com/bashundhara-city/mobile-phones/samsung-galaxy-s25-ultra-256-gb-black-jOwoXcwWHDhkB1SYXwEjjsIV.html,5,2026-09-04T21:55:43.815462+00:00,individual,"Samsung Galaxy S25 Ultra
 Titanium Black
 12GB RAM | 256GB Storage
 Full Boxed
 Inbox now for the latest price.
 Visit Our Shop
Basement-2, Shop No: 94 
Basundhara City Shopping Complex 
Panthapath Dhaka 1215 
 You can easily find our shop on the left side after going down the escalator."
New Samsung Galaxy S26 512 GB White,195000,Brand New,"Dhaka, Uttara",16/08,https://bikroy.com/uttara/mobile-phones/new-samsung-galaxy-s26-512-gb-white-wIpYEidBB0YWYpDc9kzEfLt5.html,5,2026-09-04T21:55:44.468739+00:00,individual,"Brand New Samsung Galaxy S26 Ultra 12/512 With box, Chinese variant S Pen also included"
New Samsung Galaxy Z Flip7 256 GB,97999,Brand New,"Dhaka, Bashundhara City",7 hours ago,https://bikroy.com/bashundhara-city/mobile-phones/new-samsung-galaxy-z-flip7-256-gb-fZNeUOyNH5E3Xz1NMCEwittK.html,3,2026-09-04T21:55:45.030149+00:00,individual,"10 days replacement guarantee
2 years service warranty
Safe courier facility across the country
Attractive exchange offers
Basement-1, Shop-84, Bashundhara City Shopping Mall
Prices are subject to change. Please contact us on WhatsApp before visiting."
New Samsung Galaxy S25 Ultra 256 GB Graphite,81999,Brand New,"Dhaka, Savar",1 hour ago,https://bikroy.com/savar/mobile-phones/new-samsung-galaxy-s25-ultra-256-gb-graphite-be4gTCg0MfOczWD7uRxirDFP.html,3,2026-09-04T21:55:45.574425+00:00,individual,"Samsung S25 Ultra 
✨ একদম ফ্রেশ কন্ডিশন! 💯
🔹 কোনো দাগ নেই, খোলা বা সার্ভিসিং হয়নি। পার্টস ১০০% অরিজিনাল।
🎁 সাথে চার্জার ও শপের ক্যাশ মেমো পাবেন।
🛡️ ৭ দিনের রিপ্লেসমেন্ট ও ১ বছরের সার্ভিস ওয়ারেন্টি!
🏪 Livewire Savar - NTECH BD, সেনা শপিং কমপ্লেক্স, নবীনগর, সাভার।
🚚 সারা দেশে ক্যাশ অন ডেলিভারি।
📞 বিস্তারিত জানতে কল করুন 096XXXXXXXX"
Samsung Galaxy S23 Ultra 256 GB Green,49999,Used,"Dhaka, Savar",1 day ago,https://bikroy.com/savar/mobile-phones/samsung-galaxy-s23-ultra-256-gb-green-lfoyhkvSbhZIcLe1GxB8KFnn.html,5,2026-09-04T21:55:46.318915+00:00,individual,"Samsung S23 ultra

12/256gb

1 ta esim/1 ta physical

সব কিছু ওরজিনাল এবং অথেনটিক

Camera 100x পর্যন্ত ওকে, প্রোট্রেট ও আগুন।ক্যাশ মেমো আছে ইমারজেন্সি টাকার প্রয়োজন সে কারণে বিক্রি করতেছি"
Samsung Galaxy A56 256 GB Black,31000,Used,"Dhaka, Wari",18 hours ago,https://bikroy.com/wari/mobile-phones/samsung-galaxy-a56-256-gb-black-g5dDF64FXZCG0IgcjvHWyO29.html,5,2026-09-04T21:55:46.833253+00:00,individual,"samsung A56 5g 12/256 gb
খুব ভালো এবং পাওয়ার ফুল একটা ফোন।
চাজ বেকাপ ও খুব ভালো ৪মাস ইউজ।
একেবারে সব কিছু অরিজিনাল অথেনটিক আছে। যদি কেও প্রফ করতে পারেন খোলা হয়েছে ফোন ফ্রি দিয়ে দিব।সেকেন্ডহেন্ড শপ থেকে নিয়েছিলাম বক্স নাই কেশ মেমো আছে।সাথে চারজার আর কভার ও আছে দিয়ে দিব।কেও দামাদামি করবেন না প্রাইজ ফিক্সেড।১০০ পারছেন্ট ওয়াটারপ্রুফ চেক করে দিব"
Samsung Galaxy S21+ 5G 128 GB Purple,23999,Used,"Dhaka, Savar",15 hours ago,https://bikroy.com/savar/mobile-phones/samsung-galaxy-s21-5g-128-gb-purple-BQovCcEKSoGZ2UmGNfIZ4Ghd.html,5,2026-09-04T21:55:47.568799+00:00,individual,"S21+ 5G (128GB) in super fresh condition

Location: Savar, Nobinogor, Sena Shopping Complex
Shop name: Apple Gadgets & Care
Shop no: D/43, Lift 3"
Samsung Galaxy A26 128 GB White,23499,Used,"Dhaka, Mirpur",4 hours ago,https://bikroy.com/mirpur/mobile-phones/samsung-galaxy-a26-128-gb-white-rzAtrdjtsSmmSzxvpPUnHkjP.html,5,2026-09-04T21:55:48.122126+00:00,individual,"এস আর টেলিকম
Shop 29
Level 3
Bagdad shopping complex, mirpur1 
​RAM:8GB
Room:128GB
With: ক্যাশমেমো বক্স
​আমাদেরবিশেষসুবিধাসমূহ:
​১০০%জেনুইন মোবাইল 
​৭ দিনের রিপ্লেসমেন্টগ্যারান্টি।
​১ বছরের ফ্রি সার্ভিসওয়ারেন্টি,পার্টসব্যতীত 
​৩৭টি ব্যাংকের EMIসুবিধা।
​হোম ডেলিভারি ও কুরিয়ারসুবিধা।
মাত্র৫০০টাকা পেমেন্ট করে নিশ্চিতকরুন।
Call018659620"
Samsung Galaxy S23 Plus 256 GB Black,40000,Used,"Dhaka, Khilgaon",2 days ago,https://bikroy.com/khilgaon/mobile-phones/samsung-galaxy-s23-plus-256-gb-black-v1FM7YSMxGc8cKKs1KAmYYiA.html,3,2026-09-04T21:55:48.713530+00:00,individual,"Phone er sthe box paben and charger paben.20din use kora hoise.
Must be location e aste hobe."
Samsung Galaxy S23 Ultra 512 GB Gold,65000,Used,"Dhaka, Kamrangirchar",1 day ago,https://bikroy.com/kamrangirchar/mobile-phones/samsung-galaxy-s23-ultra-512-gb-gold-vav1YTqGnzQNXNJCe3iQJZsW.html,3,2026-09-04T21:55:49.323577+00:00,individual,"Urgent Sale: Samsung Galaxy S23 Ultra 5G (Cream)
এক বছর অত্যন্ত যত্নসহকারে ব্যবহার করা হয়েছে, ফোনটি একদম সুপার ফ্রেশ কন্ডিশনে আছে (10/10)। কোনো প্রকার স্ক্র্যাচ, ডেন্ট বা ইন্টারনাল সমস্যা নেই। ক্যামেরা ও ডিসপ্লে পারফরম্যান্স সম্পূর্ণ নতুন ফোনের মতোই।
​What You Will Get:
​S-Pen
​Original Type-C Cable
​Cover"
Samsung Galaxy S23 Ultra 256 GB Pink,53000,Used,"Dhaka, Motalib Plaza",16 hours ago,https://bikroy.com/motalib-laza/mobile-phones/samsung-galaxy-s23-ultra-256-gb-pink-dKO6G140MWmoUvuTG8yYXorF.html,5,2026-09-04T21:55:49.677329+00:00,individual,"মোবাইলের বিস্তারিত:
Brand & Model: Samsung S23 Ultra
RAM: 12GB
ROM: 256GB
Condition:Used
Warranty: ৭দিনের গ্যারান্টি ও ২বছরের সার্ভিস ওয়ারেন্টি পাবেন।

✔️ ফোন দেখে ও চেক করে কেনার সুযোগ
✔️ ফোনের কন্ডিশন সম্পর্কে পরিষ্কার তথ্য
✔️ সাশ্রয়ী দামে ভালো ফোন

🏪 Gadget Store
📍 Motalib Plaza, Shop No: 600G, Sonargaon Road, Hatirpool, Dhaka"
Samsung Galaxy A34 5G 128 GB Black,24500,Used,"Dhaka, Uttara",7 hours ago,https://bikroy.com/uttara/mobile-phones/samsung-galaxy-a34-5g-128-gb-black-kW7GbPyd8nxzlgUU8AKgifvp.html,4,2026-09-04T21:55:50.118736+00:00,individual,"সম্পূর্ণ নতুন ফোন, এখনো ব্যবহার করা হয়নি,বক্স চার্জার না থাকার কারনে Used হিসেবে বিক্রি করছি। আমাদের দোকান আছে, সিকিউরিটি হিসেবে ক্যাশম্যামো পাবেন এবং ৭ দিনের গ্যারান্টি পাবেন।

দোকানের ঠিকানা : দোকান নং ৪৯,৪র্থ তলা, আমির কমপ্লেক্স, আজমপুর, উত্তরা, ঢাকা ১২৩০.

WhatsApp 016XXXXXXXX"
Samsung Galaxy Z Flip 5 256 GB Green,36990,Used,"Dhaka, Mohammadpur",1 hour ago,https://bikroy.com/mohammadpur/mobile-phones/samsung-galaxy-z-flip-5-256-gb-green-gifJzKKlHXJwZJPBgu1pQJfh.html,5,2026-09-04T21:55:50.871155+00:00,individual,"Shop Name :Ab international 
Level -06 Shop number-(657,658)
Tokyo Square,Japan garden city, Mohammadpur
Call us for any question

Buy a used phone with complete peace of mind because we offer 100% original and authentic phones.
If any problem occurs within 7 days, it will be replaced (Except display issues).
One year of free service warranty."
Samsung Galaxy S22 5G 256 GB Black,45000,Used,"Dhaka, Mirpur",2 days ago,https://bikroy.com/mirpur/mobile-phones/samsung-galaxy-s22-5g-256-gb-black-yLw98WA1xAgsskUrjHWdWhDH.html,3,2026-09-04T21:55:51.659201+00:00,individual,আলহামদুলিল্লাহ্‌ ফোনে কোন ধরনের ফাটল বা কোন দাগ নেই। ফোন সম্পুর্ন ফ্রেশ কন্ডিশনে আছে। ফোনের বক্স এবং ইন্টেক অরিজিনাল ক্যাবল আছে। ফোনের ব্যাকপার্টে 3M স্টিকার করা। স্টিকার তুলে ফেললে ফোন দেখতে শোরুম থেকে বের করা মনে হবে ১০০%। ব্যাটারি ব্যাকআপ আলহামদুলিল্লাহ্‌ খুব ভালো। ক্যামেরা কোয়ালিটি+সাউন্ড কোয়ালিটি আলহামদুলিল্লাহ্‌ অনেক ভালো।
Samsung Galaxy A34 5G 128 GB Yellow,23000,Used,"Dhaka, Mohammadpur",18 hours ago,https://bikroy.com/mohammadpur/mobile-phones/samsung-galaxy-a34-5g-128-gb-yellow-2vLnHrm5BjAa66wudka1EBMl.html,3,2026-09-04T21:55:52.229011+00:00,individual,"জরুরি ভিত্তিতে আমার Samsung Galaxy A34 5G ফোনটি বিক্রয় করব। ফোনটি সম্পূর্ণ ফ্রেশ ও ১০০% অফিশিয়াল/জেনুইন। ফোনে কোনো ধরনের ইন্টারনাল বা এক্সটারনাল সমস্যা নেই, একদম স্মুথ চলে।
​Model: Samsung Galaxy A34 5G
​Color: Lime Green
​RAM/ROM:  8GB / 128GB
​Condition: ফ্রেশ
​সাথে যা যা পাবেন:
বক্স and ​Samsung Original charger  
​লোকেশন: আদাবর, ১৭ /C"
New Samsung Galaxy A56 128 GB Gray,44000,Brand New,"Dhaka, Uttara",16 hours ago,https://bikroy.com/uttara/mobile-phones/new-samsung-galaxy-a56-128-gb-gray-ilMiglVoQqrRbnTPCfAEAp9Q.html,3,2026-09-04T21:55:53.080437+00:00,individual,"Grab the brand new Galaxy A56 5G in Gray with 8/128GB capacity!
100% original and non-refurbished product.
Enjoy a 7-day replacement guarantee and a 1-year service warranty.
Easy EMI facilities are also available.
Contact us today!
Exchange Hub
Shop No: 610, 611, 628 & 629, Level-6, Tropical Alauddin Tower
Sector 3, Road 2, Rajlaxmi, Uttara.
Call for details 017XXXXXXXX"
Samsung Galaxy A35 128 GB Black,28000,Used,"Dhaka, Savar",7 hours ago,https://bikroy.com/savar/mobile-phones/samsung-galaxy-a35-128-gb-black-rD3Pvm6Lz0BRHjXqVsDAFU2P.html,4,2026-09-04T21:55:53.572625+00:00,individual,"📌 স্পেসিফিকেশন:

Model:Galaxy A35
RAM:8 GB
ROM:128 GB
Battery:5000

Guarantee/Warranty: 7days replacement guarantee And 1year service warranty.


🔄 **Used Phone Buy | Sell | Exchange**
পুরাতন মোবাইল বিক্রি বা এক্সচেঞ্জ করার সুবিধা রয়েছে।

🏪 MODINA MOBILE ZONE

📍 Shop # E-180 (Level-5), Sena Shopping Complex, Nabinagar, Savar, Dhaka."
S23 Ultra Original Display (Pulled from Phone),25000,Used,"Dhaka, Khilgaon",16 hours ago,https://bikroy.com/khilgaon/cell-phones-tablets-accessories/s23-ultra-original-display-phone-khola-mmsSx7DXreI10SHyOQb2XvOx.html,5,2026-09-04T21:55:54.129092+00:00,individual,"Original Dynamic AMOLED 2X display pulled from a Samsung Galaxy S23 Ultra. Comes with a one-month replacement warranty. This is the display without the frame; waterproof and dustproof stickers are included. Address: Roza Telecom, Shop 225, 2nd Floor, Khilgaon Taltala City Corporation Market, Dhaka. You can visit the shop for professional fitting. Customers outside Dhaka can order via courier with cash on delivery. For a video of the display, message the model number on WhatsApp. The video link is provided above. Show more"
Apple iPhone 16 Pro Max International (Used),124000,Used,Rajshahi,16 hours ago,https://bikroy.com/rajshahi/mobile-phones/apple-iphone-16-pro-max-international-used-l8ZYqC5lOYSqnQWAs5WFKEEN.html,0,2026-09-04T21:55:54.963110+00:00,individual,"iPhone 16 Pro Max 🔥

256 GB, 97% Battery Health

International Global Version 🔥

Super condition 🔥🔥

7 days replacement guarantee ✅
1 year service warranty ✅

#exchange possible ✅

Our Address:
Smart Choice, Shop No. 211,
City Center, Beside Rajshahi College, Sonadighi Mor, Rajshahi

Call for any details"
Apple iPhone 17 Pro Max 256 GB Orange,140000,Used,"Rajshahi, Shaheb Bazar",16 hours ago,https://bikroy.com/shaheb-bazar/mobile-phones/apple-iphone-17-pro-max-256-gb-orange-6xyIFcf1PbAIJoUmIsUnFsJq.html,2,2026-09-04T21:55:55.883392+00:00,individual,"IPhone 17 Pro Max
256 GB 100% Battery Health
Japan
Super condition
Enjoy 7 days replacement guarantee
Enjoy 1 year service warranty
#exchange possible
Our Address:
Smart Choice, Shop No. 211,
City Center, Beside of Rajshahi College, Sonadigir Mor, Rajshahi
Call for any details"
New Apple iPhone 17 Pro Max 256 GB Orange,140000,Brand New,"Rajshahi, Shaheb Bazar",16 hours ago,https://bikroy.com/shaheb-bazar/mobile-phones/new-apple-iphone-17-pro-max-256-gb-orange-mSZEt9xQ9Fqah5375S8SIsmj.html,5,2026-09-04T21:55:56.212503+00:00,individual,"Iphone 17 pro max
256 100
Cc 110
Super condition 
7 days replacement guarantee  
1 year service waranty  
#exchange possible 
Our Address :
Smart Choice , Shop No. 211 , 
City center , Beside of Rajshahi College , Sonadigir mor Rajshahi
Call for any details:"
Apple iPhone 16 Pro Max 256 GB Black,123000,Used,"Rajshahi, Shaheb Bazar",16 hours ago,https://bikroy.com/shaheb-bazar/mobile-phones/apple-iphone-16-pro-max-256-gb-black-5EdAlqubHMlvpkXPmYzjkxCr.html,2,2026-09-04T21:55:56.812100+00:00,individual,"iPhone 16 Pro Max
256 GB, 99% Battery Health
Australia variant
Super condition
7 days replacement guarantee
1 year service warranty
#exchange possible
Our Address:
Smart Choice, Shop No. 211,
City Center, Beside Rajshahi College, Sonadighi Mor, Rajshahi
Call for any details:"
Apple iPhone 16 Pro Max 512 GB Gold,122000,Used,Rajshahi,03/08,https://bikroy.com/rajshahi/mobile-phones/apple-iphone-16-pro-max-512-gb-gold-xB8vI3tSB2mrLjPvibePbVad.html,5,2026-09-04T21:55:57.331561+00:00,individual,"Full Fresh (fixed price)
Check as much as you want 
BTH 92%
Storage 512
3 covers will come with the phone 
Phone will come with box, NID will be given 
USA variant
iOS version 26.05.02"
New Apple iPhone 16 Pro Max 256 GB Gold,125000,Brand New,"Rajshahi, Kadirgonj",09/05,https://bikroy.com/kadirgonj/mobile-phones/new-apple-iphone-16-pro-max-256-gb-gold-66aAqTrqhBhcLiAWyPR5M47X.html,5,2026-09-04T21:55:58.375985+00:00,business,"iPhone 16 Pro Max. 95% Battery Health, 256GB. Buy your favorite iPhone from TECH LIFE because we offer the best price, premium quality, and hassle-free customer service! Shop Location: Shop number: 121, Sopnochura plaza, kadirgonje."
Apple iPhone 16 Pro Max 256 GB Gold,127000,Used,"Rajshahi, Shaheb Bazar",20/08,https://bikroy.com/shaheb-bazar/mobile-phones/apple-iphone-16-pro-max-256-gb-gold-jW7nEm7s3EnN3akTJ229KCvX.html,4,2026-09-04T21:55:59.119765+00:00,individual,"Iphone 16 pro max
box and cash memo available 
warrenty 2 month available
USA varient
256 gb
fully fresh
BH 100%
92 charging cycle"
Apple iPhone 16 Pro Max 256 GB Gold,140000,Used,"Rajshahi, Vodra",11/08,https://bikroy.com/vodra/mobile-phones/apple-iphone-16-pro-max-256-gb-gold-uHlECjiTIiHFZLDRNjIZvy3w.html,3,2026-09-04T21:55:59.182318+00:00,individual,"iPhone 16 Pro Max — Singapore Variant
Storage: 256GB
Battery Health: 97%
Variant: Singapore
Condition: Completely good, no issues
Box & Accessories: Everything is included
Face ID / True Tone / Camera: Everything is working fine
Kept with great care
Only genuinely interested people should contact."
Apple iPhone 17 Pro Max 512 GB Blue,165000,Used,"Rajshahi, Shaheb Bazar",16 hours ago,https://bikroy.com/shaheb-bazar/mobile-phones/apple-iphone-17-pro-max-512-gb-blue-csV8slMWeD0XUh2vOu3pydkj.html,2,2026-09-04T21:55:59.526487+00:00,individual,"iPhone 17 Pro Max, 512 GB, 100% battery health, cycle count 105. Super condition. Comes with a 7-day replacement guarantee and 1-year service warranty. Exchange possible. Our Address: Smart Choice, Shop No. 211, City Center, Beside Rajshahi College, Sonadighi Mor, Rajshahi. Call for details."
Apple iPhone 16 Pro Max 256 GB,129999,Used,"Rajshahi, Baharampur",21/06,https://bikroy.com/baharampur/mobile-phones/apple-iphone-16-pro-max-256-gb-fShnzR2EYw90F51LeoKqXDjw.html,5,2026-09-04T21:56:00.173853+00:00,individual,"Apple Limited Warranty till 29 August 2026
Australian Variant
Physical SIM + eSIM
Battery Health: 100%
Cycle Count: 234
No Scratch
No Dent
No Repair History
Never Opened
Box + Original Type-C Cable Available
Reason for Selling:
Upgrade to iPhone 17 Pro Max
Face to Face Deal Preferred
Location: Rajshahi"
Apple iPhone 16 Pro Max 512 GB Gray,120000,Used,Rajshahi,15 hours ago,https://bikroy.com/rajshahi/mobile-phones/apple-iphone-16-pro-max-512-gb-gray-ad8jHOosp6iFW36v5PGztkH3.html,3,2026-09-04T21:56:00.825405+00:00,individual,"iPhone 16 Pro Max 
512 GB 100% Battery Health 
Physical SIM 
Super condition 
7 days replacement guarantee  
1 year service warranty  
#exchange possible 
Our Address :
Smart Choice , Shop No. 211 , 
City center , Beside of Rajshahi College , Sonadigir mor Rajshahi
Call for any details"
New Apple iPhone 16 Pro Max 256 GB White,120000,Brand New,"Rajshahi, Shaheb Bazar",16 hours ago,https://bikroy.com/shaheb-bazar/mobile-phones/new-apple-iphone-16-pro-max-256-gb-white-zi5XoCbFn23gTyfK7KKqstGV.html,3,2026-09-04T21:56:01.418429+00:00,individual,"iPhone 16 Pro Max

256 GB, 100% Battery Health

Physical SIM

Experience Super Condition 🔥🔥

Enjoy a 7-day replacement guarantee ✅ 
Get a 1-year service warranty ✅ 

#Exchange possible ✅

Our Address:
Smart Choice, Shop No. 211,
City Center, Beside Rajshahi College, Sonadighi Mor, Rajshahi"
Apple iPhone 17 Pro Max 256 GB Blue,152000,Used,"Rajshahi, Shaheb Bazar",16 hours ago,https://bikroy.com/shaheb-bazar/mobile-phones/apple-iphone-17-pro-max-256-gb-blue-11qaF5s38zvfsBJt5Pcb14B3.html,4,2026-09-04T21:56:02.161803+00:00,individual,"iPhone 17 Pro Max, 256 GB, 100% Battery Health, Cycle Count 105, USA origin. Super condition. 7 days replacement guarantee, 1 year service warranty. Exchange possible. Our Address: Smart Choice, Shop No. 211, City Center, Beside Rajshahi College, Sonadighi Mor, Rajshahi. Call for any details"
Apple iPhone 17 Pro Max 256 GB Silver,145000,Used,"Rajshahi, Shaheb Bazar",16 hours ago,https://bikroy.com/shaheb-bazar/mobile-phones/apple-iphone-17-pro-max-256-gb-silver-hLhg4H3itM9ABXK04yoqmsQi.html,3,2026-09-04T21:56:02.679952+00:00,individual,"iPhone 17 Pro Max
256 GB, 100% Battery Health
Super condition
7 days replacement guarantee
1 year service warranty
#exchange possible
Our Address:
Smart Choice, Shop No. 211,
City Center, Beside Rajshahi College, Sonadighi Mor, Rajshahi
Call for any details:"
OnePlus 11R 256 GB Black,28000,Used,"Rajshahi, Kadirgonj",17/08,https://bikroy.com/kadirgonj/mobile-phones/oneplus-11r-256-gb-black-r2wBt0SS3gohwdGsj89HdcEx.html,5,2026-09-04T21:56:03.175868+00:00,individual,OnePlus 11R 5G 16GB RAM 256GB Storage
OnePlus 11 R (Used),27000,Used,Rajshahi,30/04,https://bikroy.com/rajshahi/mobile-phones/oneplus-11-r-used-89RycEg7jLtitykMFWywQHL0.html,4,2026-09-04T21:56:04.080710+00:00,individual,"16+256 GB. Device only. Price: 27,500."
Nothing Phone 3a Lite 128 GB White,29499,Used,"Dhaka, Jatrabari",8 hours ago,https://bikroy.com/jatrabari/mobile-phones/nothing-phone-3a-lite-128-gb-white-B5iIClvKFchprASobynKEuFF.html,4,2026-09-04T21:56:05.014673+00:00,individual,"মাত্র 2 মাস ব্যাবহার করা 
বক্স কেবল সব আছে 
একদম 29499 টাকা
যাত্রাবাড়ীত কুতুব খালি বড় মাদ্রাসা"
New Nothing Phone 2 256 GB White,39990,Brand New,"Dhaka, Uttara",02/09,https://bikroy.com/uttara/mobile-phones/new-nothing-phone-2-256-gb-white-3cbSLfBhi67ikmBQqgB6qPm6.html,5,2026-09-04T21:56:06.209911+00:00,individual,"Nothing phone 2
 12/ 256 GB, white
Never used ( Shop Display product )"
Nothing Phone 4a 256 GB Blue,40990,Used,"Dhaka, Rampura",50 min ago,https://bikroy.com/rampura/mobile-phones/nothing-phone-4a-256-gb-blue-8bQe5s49akNvSfWPOzrjyoE1.html,3,2026-09-04T21:56:06.474664+00:00,individual,"Nothing 4a 5G 8+256GB As Like New condition 
No internal or external problem 
Only device and cash memo 
More information call 
Address: Molla Tower Shopping complex, Rampura, Dhaka. 
Opposite BTV centar 
3rd floor, shop no-406."
OnePlus 11R 128 GB Blue,22000,Used,"Chattogram, Chawkbazar",08/07,https://bikroy.com/chawkbazar/mobile-phones/oneplus-11r-128-gb-blue-l1yfMy2aLA6C8KzDCRe1hvoe.html,5,2026-09-04T21:56:06.517835+00:00,individual,"This OnePlus 11R has been used nicely. The processor is the 8 Gen 1, a full gaming processor. I need money urgently, which is why I am selling it.
Must knock on WhatsApp 019XXXXXXXX"
OnePlus Nord 256 GB Gray,28000,Used,"Chattogram, Baizid",14/07,https://bikroy.com/baizid/mobile-phones/oneplus-nord-256-gb-gray-k87GZWGrrGlakwbdelexjzSE.html,3,2026-09-04T21:56:06.875139+00:00,individual,"OnePlus Nord 2T 5G (12/256GB). 12GB RAM / 256GB ROM. Used for 1.5 years. No issues at all. Display, camera, fingerprint, and battery are all in perfect condition. Personally used phone. Location: Chittagong 019XXXXXXXX"
Apple iPhone 15 128 GB White,55000,Used,"Dhaka, Uttara",17/08,https://bikroy.com/uttara/mobile-phones/apple-iphone-15-128-gb-white-hiQP7MKeFe5g5uycAuH03k9d.html,3,2026-09-04T21:56:07.363349+00:00,individual,"iPhone 15 / 128 GB storage
Nothing has been changed, all original -
Battery 84% (real)
Original display (full fresh)
No scratches, completely fresh
Must come to the location to buy - (Uttarkhan Mazar)"
Vivo V30e 128 GB Black,26000,Used,"Rajshahi, Kazla",26/06,https://bikroy.com/kazla/mobile-phones/vivo-v30e-128-gb-black-mHxyMeJ5IHyP94Imxd6n1M1M.html,3,2026-09-04T21:56:08.064171+00:00,individual,"Sell Post
Vivo v30e
RAM: 8/128
Processor: Snapdragon 6gen1
Display: Curved 120hz refresh rate
★Only the back cover is provided with the phone, nothing else.
NID card will be provided.
Location: Binodpur/Rajshahi University"
Nothing Phone 3 512 GB Black,65000,Used,"Chattogram, Hathazari",12/07,https://bikroy.com/hathazari/mobile-phones/nothing-phone-3-512-gb-black-yxV5AfHeEPwHoU4xsbAO5f8Y.html,5,2026-09-04T21:56:08.775690+00:00,individual,"Only 16 days used, full fresh, I'll provide a new xundd case"
Xiaomi 12 Pro 256 GB Blue,22500,Used,"Dhaka, 60 Feet Road",01/09,https://bikroy.com/60-feet-road/mobile-phones/xiaomi-12-pro-256-gb-blue-dA19s276aLjL5XH7X0ILR17O.html,3,2026-09-04T21:56:20.158968+00:00,individual,"100% Ok
Only phone, charger NID"
Xiaomi Mi 11 Ultra 256 GB Black,18000,Used,"Dhaka, Jatrabari",26/08,https://bikroy.com/jatrabari/mobile-phones/xiaomi-mi-11-ultra-256-gb-black-ktTUzdoxx5141ptHyMvj0C7I.html,5,2026-09-04T21:56:30.410952+00:00,individual,"Xiaomi mi 11 ultra
Ram:12gb
Rom:256gb
Processor: snapdragon 888
Phone a just 7ta gree line ache echara full fressh condition phone er ekdom notuner moto....green line chara kono problem nai.
Security hishebe cash memo dewa jabe. 
Location:jatrabari dholairpar
(Must be location a ashte hobe)"
New Xiaomi Redmi Note 14 Pro 256 GB,22000,Brand New,"Chattogram, Alankar",1 day ago,https://bikroy.com/alankar/mobile-phones/new-xiaomi-redmi-note-14-pro-256-gb-zKIjIAsLDKMZ3FxQQlwc8JR6.html,3,2026-09-04T21:56:32.165700+00:00,individual,uses পাঁচ মাস কোন সমস্যা নেই বক্স চার্জার সবকিছু আছে
New Xiaomi Redmi Note 15 128 GB Black,25000,Brand New,"Dhaka, New Market, Dhaka",2 days ago,https://bikroy.com/new-market-dhaka/mobile-phones/new-xiaomi-redmi-note-15-128-gb-black-i13O8i6VrDr7HfFgjFPe7R0F.html,3,2026-09-04T21:56:40.666631+00:00,individual,"Purchased only 1 month ago, box and charger included. No single problem. I am selling it because I want to buy an updated phone."
Xiaomi Redmi Note 13 Pro+ 256 GB Black,26000,Used,"Chattogram, Khulshi",31/08,https://bikroy.com/khulshi/mobile-phones/xiaomi-redmi-note-13-pro-256-gb-black-VKAmVpljP9od9lam5Y4eKxo.html,4,2026-09-04T21:56:42.347600+00:00,individual,"The mobile has no problems at all, completely fresh. Location: you have to come and see it. I need money urgently, so I am selling it. The mobile is completely fresh with no problems. Contact Number 013XXXXXXXX"
Xiaomi Redmi Note 13 Pro 5G 256 GB White,22500,Used,"Rajshahi, Shaheb Bazar",21/08,https://bikroy.com/shaheb-bazar/mobile-phones/xiaomi-redmi-note-13-pro-5g-256-gb-white-oAT7D8C7SEgvkwucFaXhwkf4.html,5,2026-09-04T21:56:43.692337+00:00,individual,Only for sell sob kichu original ache dekhe sune niben
OnePlus Nord 3 256 GB Blue,28500,Used,"Dhaka, Jamuna Future Park",15 hours ago,https://bikroy.com/jamuna-future-park/mobile-phones/oneplus-nord-3-256-gb-blue-pvRfOZcHJirPJVrKkNUsA9eq.html,5,2026-09-04T21:56:44.750344+00:00,individual,"Oneplus nord 3 5G
ram-16
Rom-256
Camera king🔥 budget friendly✅￼
price-28500৳
Call 013XXXXXXXX"
Apple iPhone 16 Pro 256 GB Gold,100000,Used,"Chattogram, Chandgaon",27/08,https://bikroy.com/chandgaon/mobile-phones/apple-iphone-16-pro-256-gb-gold-tutAnbEKeP00WFh0NuHjgWo3.html,5,2026-09-04T21:56:46.909479+00:00,individual,Experience completely fresh condition! Comes with box and browser.
New Apple iPhone 11 64 GB Black,33000,Brand New,"Chattogram, Karnafuly",10/08,https://bikroy.com/karnafuly/mobile-phones/new-apple-iphone-11-64-gb-black-mxTZCsQMsfn2jPRZiC4BuHJ5.html,3,2026-09-04T21:56:49.717829+00:00,individual,"Battery Health: 100%
Box will be given, full fresh condition mobile, unused.
Color: Black.
Price is negotiable.
You can check the mobile on the spot."
Apple iPhone 13 Pro 256 GB Gold,52000,Used,"Chattogram, Baizid",30/08,https://bikroy.com/baizid/mobile-phones/apple-iphone-13-pro-256-gb-gold-eTglSrjdPywk3MyKv3a6DKLy.html,5,2026-09-04T21:56:50.460536+00:00,individual,"📱 iPhone 13 Pro Gold | 256GB | USA 🇺🇸

✨ BH 89% | 99% Fresh
✨ No Dent/Scratch
✨ Water Resistance
✨ Excellent Battery Backup, MashaAllah ❤️
✨ Single Physical SIM + eSIM
✨ প্রায় ২ মাস ব্যবহার
✨ Unique Point থেকে নেওয়া + Cash Memo
✨ Security দেওয়া যাবে

💰 Asking: 52,000৳
📍 Aturar Dipu, Nur Tower 018XXXXXXXX"
Apple iPhone 12 Pro 256 GB White,40000,Used,"Chattogram, Anderkilla",01/09,https://bikroy.com/anderkilla/mobile-phones/apple-iphone-12-pro-256-gb-white-8nrmOUBMx9BCge0JkK8mjyuk.html,4,2026-09-04T21:56:51.199514+00:00,individual,"Prize: 40k asking (35k+ Budget takLei inbx korben)☑️

All in Ok nd 100% Good Condition
All parts 100% Orginal,, you can Check everything🖤

Rom 256
Battery 80% (Orginal)
Display Genuine✅
True Tone,face ID✅
Single Sim + esim✅
Only Set+Cover+ my Security (national certificate + My clg ID)
Location Must (andorkilla),"
Apple iPhone 17 Pro 256 GB Blue,136999,Used,"Dhaka, Bashundhara City",16 hours ago,https://bikroy.com/bashundhara-city/mobile-phones/apple-iphone-17-pro-256-gb-blue-uojP8vlNMfnYEvtJVxAWEBiZ.html,5,2026-09-04T21:56:51.709739+00:00,individual,"Apple iPhone 17 Pro 256GB Blue Titanium
Physical SIM + eSIM
Battery Health 96%
Charging Cycle 200
Full Boxed
HK/Singapore Variant
Visit Our Shop
Basement-2, Shop No: 94
Basundhara City Shopping Complex
Panthapath Dhaka 1215
You can easily find our shop on the left side after getting off the escalator."
Apple iPhone 17 Pro Max 256 GB Orange,149000,Used,"Dhaka, Savar",2 days ago,https://bikroy.com/savar/mobile-phones/apple-iphone-17-pro-max-256-gb-orange-kdcheCe8aoiL8U77iAhIX7L1.html,5,2026-09-04T21:56:52.112229+00:00,individual,"Variant: Australia
Warranty: Till 3rd January, 2027
Battery Health: 98%, Count 180
Face ID: 100% OK
True Tone: 100% OK 
Box: IMEI Matched Box, original cable & soft clear cover
Condition: Full Fresh not a single scratch/dent
Location: Savar, Dhaka
Price: ১৩০-১৩৫ বলে সময় নষ্ট করবেন না।
দেখে, চেক করে নিবেন।ফোন নিতে লোকেশনে আসতে হবে।"
Apple iPhone 17 Pro Max 256 GB Orange,155990,Used,"Dhaka, Mohammadpur",16 hours ago,https://bikroy.com/mohammadpur/mobile-phones/apple-iphone-17-pro-max-256-gb-orange-fl68yC6ZEbseM6SOViN3Sgq5.html,3,2026-09-04T21:56:52.658737+00:00,individual,"Apple iPhone 17 Pro Max 256GB Singapore
Physical Sim + eSIM
Pre-Owned Device
Battery Health 100% Cycle Count 41
Full Boxed
Orange Color

Reach Us
Phonomania
Shop No: 623, Level-6
Tokyo Square
Japan Garden City, Ring Road
Mohammadpur, 1207"
Apple iPhone 14 Pro Max 256 GB Purple,75000,Used,"Rajshahi, Shaheb Bazar",16 hours ago,https://bikroy.com/shaheb-bazar/mobile-phones/apple-iphone-14-pro-max-256-gb-purple-dXs04LXCudjcFOC7CJgxaZmS.html,3,2026-09-04T21:56:53.325196+00:00,individual,"iPhone 14 Pro Max

256 GB, 85% Battery Health

Singapore variant

Super condition 

7 days replacement guarantee  
1 year service warranty  

#exchange possible 

Our Address:
Smart Choice, Shop No. 211,
City Center, Beside Rajshahi College, Sonadighi Mor, Rajshahi

Call for any details 017XXXXXXXX"
Apple iPhone 14 Pro 256 GB Gold,66000,Used,Rajshahi,26/08,https://bikroy.com/rajshahi/mobile-phones/apple-iphone-14-pro-256-gb-gold-r2tPhtgWHAfy1ZB81bICrIKf.html,4,2026-09-04T21:56:54.008060+00:00,individual,"iPhone14 Pro — 256GB | Golden Colour
একদম Super Fresh Condition হাতে নিলেই পছন্দ হবে।
Model: iPhone 14 Pro, Storage: 256GB, Colour: Golden,Battery Health: 89%, Variant: USA

ফোনের কন্ডিশন একদম ফ্রেশ ও সুন্দর। যারা ভালো কন্ডিশনের iPhone 14 Pro খুঁজছেন, তাদের জন্য দারুণ একটি ডিল 

Address: Shaheb Bazar, Rajshahi
Call: [hidden information]"
Apple iPhone 13 Pro Max 256 GB Gold,59500,Used,"Rajshahi, Motihar",26/08,https://bikroy.com/motihar/mobile-phones/apple-iphone-13-pro-max-256-gb-gold-isDieHEPGw4Qc6QzNUbao2xk.html,5,2026-09-04T21:56:54.760983+00:00,individual,"iPhone 13 Pro Max - 256 GB (With Box and Cash Memo)
Color: Golden
Condition: Full Fresh -Like New (No scratch or dent) Waterproof
Battery Health: 75 (Genuine)
Variant: Hongkong
Location: Binodpur Bazar, Rajshahi
Price: Almost Fixed (Slightly Negotiable)"
Apple iPhone 11 Pro Max 256 GB Green,28000,Used,"Rajshahi, Rani Nagar",27/08,https://bikroy.com/rani-nagar/mobile-phones/apple-iphone-11-pro-max-256-gb-green-cyUMyN9zVvJsFqgCwNTfJ5XY.html,3,2026-09-04T21:56:55.499626+00:00,individual,"sell post 
iPhone 11 pro max 
Battery 71(original) 🔋
Green colour 🟩
Condition fresh 
Storage 256
display battery All oky📱✅
Issue🔴
 Face lock naii ❌
Baki sob oky"
Apple iPhone 12 128 GB White,30000,Used,"Rajshahi, Uposahar",17/08,https://bikroy.com/uposahar/mobile-phones/apple-iphone-12-128-gb-white-7vNM4jh8kv10nindScKjwSGX.html,5,2026-09-04T21:56:56.175870+00:00,individual,"iPhone 12, everything okay, full fresh, like-new condition... no scratches, battery health 84%, camera is amazing... phone is still waterproof, location is Rajshahi, Katakhali, if you want to buy the phone you have to come to the location, no problems with the phone at all, check it as much as you want, if you want to buy the phone message on WhatsApp, this is the WhatsApp number 018XXXXXXXX"
Apple iPhone 13 128 GB White,46000,Used,"Rajshahi, Shaheb Bazar",16 hours ago,https://bikroy.com/shaheb-bazar/mobile-phones/apple-iphone-13-128-gb-white-BZp4A9O4jdwlZv9xmHsHDKUo.html,3,2026-09-04T21:56:56.640214+00:00,individual,"iPhone 13 
128GB, 99% Battery Health 
Warranty available, used for only 4 months 
Super condition 
Enjoy a 7-day replacement guarantee 
Get a 1-year service warranty 
#Exchange possible 
Our Address: 
Smart Choice, Shop No. 211, 
City Center, Beside Rajshahi College, Sonadigir Mor, Rajshahi 
Call for details:"
Apple iPhone 17 256 GB Purple,91990,Used,"Chattogram, Chawkbazar",16 hours ago,https://bikroy.com/chawkbazar/mobile-phones/apple-iphone-17-256-gb-purple-tYfj4qGzNVum3C9R8Ya2ijiC.html,3,2026-09-04T21:56:57.321702+00:00,individual,"Apple iPhone 17
256GB | LL/A Variant
Battery Health 100%
Cycle Count: 6
Apple Warranty Available
First Use: January 2026
Enjoy 15-day replacement guarantee | Lifetime service -
Finlay Square, Level-4, Shop-406, 2 No Gate, Nasirabad, Chattogram"
Apple iPhone 15 Plus 128 GB,68000,Used,"Chattogram, Pahartali",2 hours ago,https://bikroy.com/pahartali/mobile-phones/apple-iphone-15-plus-128-gb-7WAp5Mw29zIvlDbF6JnHyxN3.html,3,2026-09-04T21:56:58.063862+00:00,individual,"Model Number: MU163HN/A 
• Colour: Ocean Blue
• Battery Health:92% 
• Cycle Count:320 
• Condition: Neat & clean, no scratches
• Performance: Smooth like new
• Camera: Crystal clear photos & video
• Face ID Fully working 
• Display: Original, no spot or line
• Body: Scratch-free"
Apple iPhone 13 Pro 256 GB Black,52000,Used,"Dhaka, Mogbazar",15/08,https://bikroy.com/mogbazar/mobile-phones/apple-iphone-13-pro-256-gb-black-94z79tZVuJEpdtdKFF2qwGS8.html,5,2026-09-04T21:56:58.802595+00:00,individual,"USA variant, 256GB, Graphite Black, Battery Health 74% (original), Display, True Tone, Body all OK (never opened), Box available. Charger, cable, headphones not included."
Apple iPhone 16 128 GB Blue,82500,Used,"Dhaka, Mirpur",28/08,https://bikroy.com/mirpur/mobile-phones/apple-iphone-16-128-gb-blue-wcztadToW6YyLDZjVLJTMQLh.html,5,2026-09-04T21:56:59.810546+00:00,individual,"Used: 1 Year
Battery Health: 96%
Charging Cycle: 253 (as of 28.08.2026)
Box & Original Memo: Available
Condition
Entire phone was poly-covered from day one
Single-handedly used by a female user
No gaming history
No scratches or dents
Very carefully and lightly 
Note: Charger/adapter will not be provided."
Apple iPhone 13 128 GB Blue,39500,Used,"Dhaka, Kazipara",12 hours ago,https://bikroy.com/kazipara/mobile-phones/apple-iphone-13-128-gb-blue-mt4Wv7E8RuDeErDeMPifNlPT.html,3,2026-09-04T21:57:00.106594+00:00,individual,"I am selling this iPhone mainly because I want to buy another phone with this money and I want to upgrade. That is why I want to sell this phone. Battery health is 83 percent. There are no scratches of any kind, and it will come with a cash memo."
Apple iPhone 13 128 GB White,38990,Used,"Dhaka, Dhanmondi",1 hour ago,https://bikroy.com/dhanmondi/mobile-phones/apple-iphone-13-128-gb-white-fRF8WBlhOXOXtMfVaMKwBCDs.html,5,2026-09-04T21:57:00.798159+00:00,individual,"Visit our showroom directly:

KMS MOBILE SHOP 
Metro Shopping Mall
Shop No- 419 (4th Floor)
Dhanmondi 32 Bus Stand, Mirpur Road."
Apple iPhone 13 128 GB,37990,Used,"Dhaka, Shyamoli",38 min ago,https://bikroy.com/shyamoli/mobile-phones/apple-iphone-13-128-gb-oUXEfM3yMLKLyNav7fOmzW1t.html,3,2026-09-04T21:57:01.607698+00:00,individual,"Apple -13
128 GB=37990/= Fixed Price

Our Address
Mobile Plaza
Shyamoli Tower Complex Market
2nd Floor, Shop No 13, 14
Shyamoli, Mohammadpur, Dhaka
Online Link
You can view and order
Download from Play Store
Mobile Plaza
Our Website
Facebook Page
Facebook/Mobil Plaza"
OnePlus 8 Pro 128 GB Blue,19500,Used,"Dhaka, New Market, Dhaka",27/08,https://bikroy.com/new-market-dhaka/mobile-phones/oneplus-8-pro-128-gb-blue-moKGNyEnF9TE60QEg4uULF6X.html,5,2026-09-04T21:57:02.526201+00:00,individual,"Oneplus 8 Pro 8/128 gb 
All ok [ Only back shell fata ]
ফোন পাবেন ফোনের সাথে  box original charger clash memo আছে সাথে
ফোনের ডিসপ্লে original  back shell ছাড়া অন্য কোন সমস্যা নেই 
লোকেশন : ঢাকা নিউ মার্কেট আজিমপুর 2nd কামরাঙ্গীরচর location Aste ahe most...!"
OnePlus 9 Pro 256 GB Green,23000,Used,"Dhaka, Khilgaon",1 day ago,https://bikroy.com/khilgaon/mobile-phones/oneplus-9-pro-256-gb-green-18E27AEJL6mVPL0pmshZbHUC.html,5,2026-09-04T21:57:02.719133+00:00,individual,"Phone a Kono issues nei! Shob thik ache kono kichu change nei.. phone er performance and camera onek Bhalo 4k 60/120 fps video supported.. performance ow onek smooth with gaming 
Storage:12/256gb
Ultapalta daam bola Manush post ignore koren ❗❗
Price olpo kichu kom rakhaa jabe"
Xiaomi Redmi Note 13 256 GB White,15000,Used,Rajshahi,31/08,https://bikroy.com/rajshahi/mobile-phones/xiaomi-redmi-note-13-256-gb-white-bqvmaX4v95l39xCsG2CwDqjO.html,4,2026-09-04T21:57:03.314296+00:00,individual,"Xiaomi Redmi Note 13 5G 8GB Ram 256 GB ROM. Indian Variant. With full box and original fast charger. No physical damage or scratches. Battery has been replaced.

Bought from Dazzle in 2024."
Xiaomi Redmi Note 13 256 GB Black,17000,Used,"Rajshahi, Kadirgonj",7 hours ago,https://bikroy.com/kadirgonj/mobile-phones/xiaomi-redmi-note-13-256-gb-black-6qDJ9xPEfJza9Ok3d6Aormz2.html,5,2026-09-04T21:57:03.847257+00:00,individual,"Assalamu Alaikum Warahmatullahi Wabarakatuh
Fresh condition
Box: Only Device
Cash Memo: Available
Replacement Guarantee: Up to 7 days (subject to conditions)
Location: Rajshahi Kadirganj Chalpotti, beside Large Farmer, behind Shopnochura Plaza, Nagar Bhaban.
Shop No: 123 - Ground Floor beside lift
Shop Name: Rajshahi Mobile Bari 019XXXXXXXX"
Xiaomi Redmi Note 14 Pro+ 5G 256 GB Gray,28000,Used,"Chattogram, Pahartali",1 day ago,https://bikroy.com/pahartali/mobile-phones/xiaomi-redmi-note-14-pro-5g-256-gb-gray-rJUJAQ5BXavjrZMrN0sqrenO.html,3,2026-09-04T21:57:04.466595+00:00,individual,"Redmi note 14 pro plu 5g full box 
Phone 100% fresh ace kono scrathc nai dent nai
Bahir theke ana hoice tai sathe box 90w original charger and 1 cover deowa hobe
Phone camera glass lagano ace and protector new lagano hoice just niben r used korben...
Battery 6200 mah (typ battery)
Phone nite hole must location aste hobe... Pahartoli"
Xiaomi Redmi Note 13 256 GB Blue,18500,Used,"Chattogram, Muradpur",16 hours ago,https://bikroy.com/muradpur/mobile-phones/xiaomi-redmi-note-13-256-gb-blue-fDYIVgLiZJqmhI1LIzRvJ0LT.html,3,2026-09-04T21:57:05.317856+00:00,individual,"Redmi note 13 5G 
8/256 
Full box 
🛡️ সুবিধা:
✔️ ১৫ দিনের রিপ্লেসমেন্ট গ্যারান্টি

📍 Device – Trusted Mobile Shop
📌 Shop No: 319, 3rd Floor (Lift 2 🛗)
🗺️ CPDL RB Midtown Market, মুরাদপুর, চট্টগ্রাম (মক্কা হোটেলের পাশে)"
Xiaomi Redmi Turbo 4 Pro 256 GB White,35000,Used,"Dhaka, Savar",15 hours ago,https://bikroy.com/savar/mobile-phones/xiaomi-redmi-turbo-4-pro-256-gb-white-BoJHj5k6ssW1lqAddzHsL2Vd.html,3,2026-09-04T21:57:05.859923+00:00,individual,"ছবিতে যেমন দেখছেন ঠিক তেমনই পাবেন ১০০% ফ্রেশ। এখনো কোনো সার্ভিস করা হয়নি। বেটারি হ্যালথ ৯৬% আছে সাথে সব পাবেন। দামাদামি করার হলে কষ্ট করে মেসেজ দিবেন না। এটা এখন আমাদের দোকানে আছে নিতে হলে দোকানে আসতে হবে। লোকেশন :Shaymoli square level 5 shop no 531,  আরেকটা অফার পাবেন সেটা হলো ৭ দিনের পার্টস রিপ্লেসম্যান গেরান্টি আর ২ বছরের সার্ভিস ওয়ারেন্টি"
Xiaomi 17T 256 GB Purple,53999,Used,"Dhaka, Motalib Plaza",16 hours ago,https://bikroy.com/motalib-laza/mobile-phones/xiaomi-17t-256-gb-purple-dSXmLndKJCSOZjJijJlRKADC.html,3,2026-09-04T21:57:06.516366+00:00,individual,"Wholesale & Retail 
Xiaomi 17T 12/256GB (Active)
BH-100%

Mobile, Box & Charger (বক্স, চার্জার পেতে সময় লাগতে পারে ৫/৭ দিন) 

Address: Hridoy Communication, 2nd Floor, Shop no: 338"
Xiaomi 17 Ultra 1 TB Black,170000,Used,"Dhaka, Uttara",15 hours ago,https://bikroy.com/uttara/mobile-phones/xiaomi-17-ultra-1-tb-black-GWEcoKQbmxnLCLLhjBK1X2x.html,3,2026-09-04T21:57:07.343716+00:00,individual,"✨ Xiaomi 17 Ultra | Pre-Owned ✨

🔥 16GB RAM | 1TB ROM 🔥
🔋 Battery Health: 100%
🔄 Cycle Count: 26
📦 Box Available
🔌 Charger Included
🖥️ Premium High-Resolution Display
🔋 Long-Lasting Battery
💾 Massive 1TB Storage

🏪 Exchange Hub
📍 Shop No: 610, 611, 628 & 629, Level-6, Tropical Alauddin Tower, Sector 3, Road 2, Rajlaxmi, Uttara"
Xiaomi Redmi Note 13 Pro+ 512 GB Black,25000,Used,"Dhaka, Tejgaon",01/09,https://bikroy.com/tejgaon/mobile-phones/xiaomi-redmi-note-13-pro-512-gb-black-62UnJXok1nB1sIOR67uHuHKH.html,3,2026-09-04T21:57:07.970931+00:00,individual,Fixed Price Original Box & Charger Available
New Xiaomi Redmi Note 15 256 GB,32000,Brand New,"Dhaka, Banglamotor",49 min ago,https://bikroy.com/banglamotor/mobile-phones/new-xiaomi-redmi-note-15-256-gb-ena1gCa6jdm86pXQ1lOisGo.html,4,2026-09-04T21:57:08.700473+00:00,individual,"Dhaka Hatirpool Motaleb Plaza, shop number 592. Buy a mobile on installment using your NID card. Redmi Note 15 8/256 official mobile."
Apple iPhone 11 128 GB White,30000,Used,"Chattogram, Bandar, Chattogram",01/09,https://bikroy.com/bandar/mobile-phones/apple-iphone-11-128-gb-white-hyqj3QzlP9Zy8XEBS7myhEUA.html,5,2026-09-04T21:57:09.006864+00:00,individual,"Urgent sell. One hand use, secure, battery health 91%"
Apple iPhone 11 Pro 64 GB White,27000,Used,"Chattogram, Chandgaon",30/08,https://bikroy.com/chandgaon/mobile-phones/apple-iphone-11-pro-64-gb-white-rizAFIviNcVL4cH5RXpL348a.html,5,2026-09-04T21:57:09.448591+00:00,individual,"Model: Iphone 11 Pro
Storage:64gb
Battery health:72%(orginal)
Varrient:Japan
Price:27k
Mobile+cashmemo
Location:chandgao bohoddarhat chotoogram(location must)
Mobile ta 8 month use korsi.99% fresh. Kono issue nai.display 100% orginal guarantee.True tone and face id all everything okay.tana 5 hours+ use kora jai.battery o orginal.mbl finlay thke nsi"
Apple iPhone 11 128 GB Red,25000,Used,"Chattogram, Nasirabad",30/08,https://bikroy.com/nasirabad/mobile-phones/apple-iphone-11-128-gb-red-prMJ7ngVIzaTE6fVvo65j0qn.html,5,2026-09-04T21:57:10.156227+00:00,individual,কোনো সমস্যা নাই দেখে নিবেন যত খন ইচ্ছা চেক করে নিতে পারেন
Apple iPhone 16 Pro Max 512 GB Rose Gold,126000,Used,"Dhaka, Baridhara",7 hours ago,https://bikroy.com/baridhara/mobile-phones/apple-iphone-16-pro-max-512-gb-rose-gold-pFTS2nrnZ8ddsbLZ8MfR7U8q.html,5,2026-09-04T21:57:10.570359+00:00,individual,"iPhone 16 Pro Max 512GB, 92% battery health, Singapore variant, full boxed."
Apple iPhone 17 Pro Max 512 GB Orange,173000,Used,"Dhaka, Baridhara",7 hours ago,https://bikroy.com/baridhara/mobile-phones/apple-iphone-17-pro-max-512-gb-orange-clVA1kzCgUkCwCSrGREymfN5.html,5,2026-09-04T21:57:11.104816+00:00,individual,iPhone 17 Pro Max 512gb 100% health full boxed global physical + esim UK variant as like new condition
Apple iPhone 17 Pro Max 256 GB Blue,1320000,Used,"Dhaka, Mirpur",29/08,https://bikroy.com/mirpur/mobile-phones/apple-iphone-17-pro-max-256-gb-blue-grNyUu44QHtwohW8o0XTBtoA.html,5,2026-09-04T21:57:11.914992+00:00,individual,"iPhone 17 pro max 256gb Singapore variant 
One physical sim one e sim
Battery health 97 phone active February 2026
Note:phone have some dent in body you can
see the picture
Everything is ok full fresh water register
Only phone and memo will be given bought it from bosundhora city shopping mall
Location: Mirpur 2 Rupnagar abashik 
Number 019XXXXXXXX"
New Apple iPhone 15 128 GB Pink,60000,Brand New,"Rajshahi, Shaheb Bazar",16 hours ago,https://bikroy.com/shaheb-bazar/mobile-phones/new-apple-iphone-15-128-gb-pink-53q78tUVolUACOZSUSrcaQgu.html,2,2026-09-04T21:57:12.418793+00:00,individual,"iPhone 15
128 GB, 85-100% Battery Health
Physical SIM
Super condition
Enjoy a 7-day replacement guarantee
1-year service warranty
#Exchange possible
Our Address:
Smart Choice, Shop No. 211,
City Center, Beside Rajshahi College, Sonadighi Mor, Rajshahi
Call for any details:"
Apple iPhone 16 128 GB White,69000,Used,"Rajshahi, Shaheb Bazar",15 hours ago,https://bikroy.com/shaheb-bazar/mobile-phones/apple-iphone-16-128-gb-white-kf4Ow26G5OQJFaPzAD2zykdL.html,3,2026-09-04T21:57:12.862302+00:00,individual,"iPhone 16
128 GB, 100% Battery Health
Super condition
7 days replacement guarantee
1 year service warranty
#exchange possible
Our Address:
Smart Choice, Shop No. 211,
City Center, Beside Rajshahi College, Sonadighi Mor, Rajshahi
Call for any details:"
Apple iPhone 15 Pro 256 GB Blue,90000,Used,"Rajshahi, Shaheb Bazar",16 hours ago,https://bikroy.com/shaheb-bazar/mobile-phones/apple-iphone-15-pro-256-gb-blue-wQ01JX61flblQEsEtp0vo4Wi.html,4,2026-09-04T21:57:13.560223+00:00,individual,"IPhone 15 pro 
256 gb 87 bh 
Warranty available until 2031 
Super condition 
7 days replacement guarantee  
1 year service warranty  
#exchange possible 
Our Address :
Smart Choice , Shop No. 211 , 
City center , Beside of Rajshahi College , Sonadigir mor Rajshahi
Call for any details:"
Apple iPhone 13 Pro 128 GB White,53000,Used,"Rajshahi, Shaheb Bazar",15 hours ago,https://bikroy.com/shaheb-bazar/mobile-phones/apple-iphone-13-pro-128-gb-white-6wGvvIJEvgb9NqTBCIEbblP7.html,3,2026-09-04T21:57:14.162758+00:00,individual,"iPhone 13 Pro

128 GB, 90% Battery Health

USA Version

Experience Super Condition 🔥🔥

Enjoy 7 days replacement guarantee ✅ 
Enjoy 1 year service warranty ✅ 

#exchange possible ✅

Our Address :
Smart Choice, Shop No. 211, 
City Center, Beside Rajshahi College, Sonadigir Mor, Rajshahi"
Apple iPhone 14 Pro 256 GB Purple,55000,Used,"Rajshahi, Uposahar",2 days ago,https://bikroy.com/uposahar/mobile-phones/apple-iphone-14-pro-256-gb-purple-D9ejrwXN4AWWMP5ltXbAsfd.html,4,2026-09-04T21:57:14.910097+00:00,individual,"I phone 14 pro for sell
Colour: purple 
Battery health:87%
Parts : original 
Variant: Singapore 
Srotge :256gb
Just 2 month used. Box ache ,display te I land er niche ekta dot ache. All Okey , emergency tai kom e sell dewa hobe"
Apple iPhone 12 64 GB Blue,30000,Used,Rajshahi,1 day ago,https://bikroy.com/rajshahi/mobile-phones/apple-iphone-12-64-gb-blue-3ntSAKpgZXxFFzl9hva26NTI.html,5,2026-09-04T21:57:15.163765+00:00,individual,"IPhone 12 – 64GB | Full Box Set | Excellent Condition!
Key Details:
• Model: iPhone 12
• Storage: 64GB
• Color: Blue (99% Fresh Condition)
• Battery Health: 78% (Authentic)
• True Tone: Working 
• Face ID: Fully Functional 
• Display: Replaced with 100% Genuine Apple Display (Serviced at Apple Gadgets Care)"
Apple iPhone 17 Pro Max 256GB(100%) FULL BOX (Used),150000,Used,"Chattogram, Chawkbazar",16 hours ago,https://bikroy.com/chawkbazar/mobile-phones/apple-iphone-17-pro-max-256gb-100-full-box-used-zuSca6VzeXTqQ5MIHXbqCgB0.html,2,2026-09-04T21:57:15.793914+00:00,individual,"🔳 TRHEE MONTH USED ONLY AS LIKE AS NEW CONDITION.73% TIME
🔳 Storage: 12/256gb
🔳 Colour: ORRANGE
◾ Original Cable AND BOX




🔰 Our Speciality......................................

◾Original & Non-Refurbished Product
◾Emi Facilities Available*
◾Accept Visa, Master Card
◾Delivery Facility inside & Outside ctg.
◾Phone Exchange Facilities*
◾ All Products Original And Genuine. 
◾Our All Product 7 Days replacement And 1 year Service Warranty



🔰 Our Showroom Address:


Rony Enterprise (Since 2007)
Bali Arcade Shopping Center
4th Floor, Shop no 03(infront of chawkbazar Post Office
Sirajuddula Road, Chawkbazar, Chattogram Show more"
Apple iPhone 16 Pro Max 256 GB White,122000,Used,"Chattogram, Oxygen",17/06,https://bikroy.com/oxygen/mobile-phones/apple-iphone-16-pro-max-256-gb-white-tHBhfiK0vPHMY8aHh5TgQSbd.html,5,2026-09-04T21:57:16.312709+00:00,individual,"Iphone 16pro max white titanium 256gb tdra (dubai)
""""brand new condition """" 
bh:- 100%
charging cycle :- 66
5-6month warrant left
full box ache cash memo ache
call 016XXXXXXXX"
New Apple iPhone 17 Pro Max 256 GB White,169999,Brand New,"Chattogram, Chandgaon",19/06,https://bikroy.com/chandgaon/mobile-phones/new-apple-iphone-17-pro-max-256-gb-white-sj305H3n4ssB0OChjyzbQajx.html,4,2026-09-04T21:57:17.026130+00:00,individual,"iPhone 17 Pro Max 256GB Dual Physical SIM. Available in Cosmic Orange, Silver, and Deep Blue."
Apple iPhone 16 128 GB Black,72000,Used,"Chattogram, Kotwali, Chattogram",18/08,https://bikroy.com/kotwali/mobile-phones/apple-iphone-16-128-gb-black-oADDvKztqTP1fRKZDsGjJEJz.html,5,2026-09-04T21:57:17.505161+00:00,individual,"Iphone -16
HN/A variant
BH-89
Storage-128gb
Box and cashmemo available
Contact Number:
Location: Firingibazar Avoymitraghat Road"
Apple iPhone 15 Pro Max 256 GB,95000,Used,"Chattogram, Alankar",29/08,https://bikroy.com/alankar/mobile-phones/apple-iphone-15-pro-max-256-gb-pO5ZYMnZUKynFj9ZuTS2oiBg.html,3,2026-09-04T21:57:18.298766+00:00,individual,"All must new because i'm not to much users, i never played video games.
Battery health 86% backup normal, i bought this phone from saudi Arabia, i came back from Saudi now i need some money that's why i want to sell this phone with box cable Orginal magsafe i phone case & 2 other case
If you are interested pls call me 018XXXXXXXX"
Apple iPhone 15 Pro Max 256 GB Silver,98000,Used,"Chattogram, Raozan",21/08,https://bikroy.com/raozan/mobile-phones/apple-iphone-15-pro-max-256-gb-silver-eUwu8HOIx3JbCYcETjkDsBfc.html,5,2026-09-04T21:57:18.459473+00:00,individual,"Alhamdulillah, no issues at all 
WhatsApp 018XXXXXXXX"
Apple iPhone 15 Pro Max 256 GB Blue,83000,Used,"Dhaka, Mohammadpur",17/08,https://bikroy.com/mohammadpur/mobile-phones/apple-iphone-15-pro-max-256-gb-blue-nAmJIglHOC4MhE5D1A9vjlKY.html,3,2026-09-04T21:57:18.949210+00:00,individual,"iPhone 15 Pro Max 256 GB at a very low price
Just the backshell changed because of an accident
Battery health - 90% fully authentic
Phone fully fresh not a single scratch on the device
Japan variant
Camera is very beautiful
Everything is authentic"
Apple iPhone 15 128 GB White,70000,Used,"Dhaka, Uttara",30/08,https://bikroy.com/uttara/mobile-phones/apple-iphone-15-128-gb-white-5j4owwmmkuz8yUHyCq3VkAuU.html,3,2026-09-04T21:57:19.358579+00:00,individual,"Box nai 
Ami 13 din age dubai theke aaschi... So documents hisebe amar uae reaidential id or bd passport dite parbo. Phoner condition top class...back shell ta halka cracked.."
Apple iPhone 14 Pro Max 128 GB Black,80000,Used,"Dhaka, Jatrabari",01/09,https://bikroy.com/jatrabari/mobile-phones/apple-iphone-14-pro-max-128-gb-black-hlOSQ5yvh13e8ioJyvCIq4eD.html,5,2026-09-04T21:57:19.953568+00:00,individual,"iphone 14pro max
bt health-89
hongkong variant
box available"
Apple iPhone 12 Pro Max 256 GB Blue,39999,Used,"Dhaka, Mohammadpur Beribadh",26/08,https://bikroy.com/mohammadpur-beribadh/mobile-phones/apple-iphone-12-pro-max-256-gb-blue-dbX9qmJTqrxwv7OBByGhxgMp.html,4,2026-09-04T21:57:20.408753+00:00,individual,"Authentic Phone 
No repair history 
Everything okay 
Kono problem nei 
Joto iccha dekhe niben 
Cable available 
Fixed fixed"
Apple iPhone 12 Pro Max 128 GB Purple,45000,Used,"Dhaka, Uttara",16/08,https://bikroy.com/uttara/mobile-phones/apple-iphone-12-pro-max-128-gb-purple-zWvQnDxWNcBuvPDo5U2JRiPq.html,5,2026-09-04T21:57:21.098366+00:00,individual,"There are no problems whatsoever with the phone, selling only for money. There is no box with the phone, only the cash memo."
Apple iPhone 13 128 GB Blue,30000,Used,"Dhaka, Banasree",1 day ago,https://bikroy.com/banasree/mobile-phones/apple-iphone-13-128-gb-blue-fyFKizaWwPJsBtvtuHWE304g.html,4,2026-09-04T21:57:21.365012+00:00,individual,"IPhone 13
128gb
Battery 78%
Face id okey
True tone okey
Note: display has a thin line
No box and memo
Whatever you want will be given as security
Inbox for more details
Location: Dhaka Rampura Bansree"
OnePlus 13s 256 GB Green,58000,Used,"Dhaka, Dhanmondi",16 hours ago,https://bikroy.com/dhanmondi/mobile-phones/oneplus-13s-256-gb-green-fXBFMIuV0Ho6XUuWnUKhjMz9.html,5,2026-09-04T21:57:22.101270+00:00,individual,"Used conditions 
Phone all ok"
OnePlus Ace 256 GB,49500,Used,"Dhaka, Jatrabari",16 hours ago,https://bikroy.com/jatrabari/mobile-phones/oneplus-ace-256-gb-mxUPjYKvLcgpem6iFgNqglGr.html,5,2026-09-04T21:57:22.654378+00:00,individual,"Oneplus ACE 6T (12-256) full fresh condition
73 charging cycle 
Box memo available
Location: Dhaka jurain bikrampur Plaza.Level-3.Shop-42
Call.WhatsApp 019XXXXXXXX"
OnePlus 13R 256 GB Silver,43000,Used,"Dhaka, Uttara",16 hours ago,https://bikroy.com/uttara/mobile-phones/oneplus-13r-256-gb-silver-oHRzixJYdR1k1EQL43UrDAnc.html,3,2026-09-04T21:57:23.161340+00:00,individual,"Oneplus 13r 12/256GB
Physical Dual Sim
100% Original & Non Refurbished Product
7 Days Replacement & 1 Year Service Warranty
EMI Facility is also AVAILABLE
Contact Us
Exchange Hub
Shop No: 610, 611, 628 & 629 Level-6, Tropical Alauddin Tower
Sector 3, Road 2, Rajlaxmi, Uttara.
Call for Details 017XXXXXXXX"
OnePlus 12R 256 GB Blue,31500,Used,"Dhaka, Wari",29/08,https://bikroy.com/wari/mobile-phones/oneplus-12r-256-gb-blue-mISZx0k31hZ8ztHsZi2EoZke.html,5,2026-09-04T21:57:23.946700+00:00,individual,I bought this phone an year ago from jamuna future park. I only have the cash memo of the phone and no box it dosent have any scratch it is perfect selling cause i will buy an iphone 15 pro
OnePlus Nord CE4 256 GB Green,23990,Used,"Dhaka, Jatrabari",7 hours ago,https://bikroy.com/jatrabari/mobile-phones/oneplus-nord-ce4-256-gb-green-2UXAFZjZ4qQGTukacyS8fomb.html,4,2026-09-04T21:57:24.658406+00:00,individual,"Condition: Fully Fresh
RAM: 8GB, ROM: 256GB
Camera Supper Quality
Cash memo + Shop Warranty
Address: Dhaka Jatrabari, Shahid Faruk Road, Taj-Tanvir Super Market, 2nd Floor, Shop Number: 10 (MobileHub)
*Don't get cheated by buying cheap products to save some money; buy the right product at the right price.
Please do not call for bargain negotiation."
OnePlus 11 256 GB Green,24000,Used,"Dhaka, Mirpur",2 hours ago,https://bikroy.com/mirpur/mobile-phones/oneplus-11-256-gb-green-mu90F1UfufmCwlyvnvwdX0jT.html,5,2026-09-04T21:57:25.360197+00:00,individual,"Oneplus 11 5g for sell
16gb lpddr5x ram (expendable upto 12gb) and 256gb storage .
Display has greenline.
Other than that the phone is top notch. No major scratches.
No repair history. Never opened.
Original 100w charger will be given with the phone.
Location is mirpur 12 dhaka.
Can courier at any location in bd with cash on delivery."
Xiaomi Redmi Note 14 Pro+ 5G 256 GB Black,27000,Used,"Rajshahi, Tanore",24/05,https://bikroy.com/tanore/mobile-phones/xiaomi-redmi-note-14-pro-5g-256-gb-black-5fnQOuVj3YtLyJXH5iQXmftc.html,2,2026-09-04T21:57:25.839071+00:00,individual,Feel free to inspect it as much as you like before buying.
Xiaomi Redmi Note 15 256 GB Purple,27000,Used,"Rajshahi, Kazla",13/07,https://bikroy.com/kazla/mobile-phones/xiaomi-redmi-note-15-256-gb-purple-2B2TjnxQ8cXOyZFvfY8kev3s.html,3,2026-09-04T21:57:26.354154+00:00,individual,"Brand new phone, used for 4 months... An amazing phone, the battery life is Alhamdulillah very good... You get a premium feel the moment you hold it, thanks to the curved display... It runs very smoothly... No issues at all, no scratches... The only reason for selling is that I want to switch to another model... However, I won't sell it if I don't get a good price. The market price is currently 33 thousand and it will increase further. Show more"
Xiaomi 12X 256 GB,28000,Used,"Rajshahi, Boalia",05/05,https://bikroy.com/boalia/mobile-phones/xiaomi-12x-256-gb-tvCzmg3O0ZmJLpaloOMjlvFa.html,2,2026-09-04T21:57:26.806663+00:00,individual,"For Sale: Redmi 12X (Good Condition)
I want to sell my Redmi 12X smartphone. The phone is in good condition and works perfectly—no problems at all.
 Smooth performance
 No hardware issues
 Clean and well-maintained
 Comes with: Box & Memo (receipt)
If anyone is interested, please inbox or call me."
Xiaomi Poco F6 512 GB White,25000,Used,"Rajshahi, Mohanpur",16/08,https://bikroy.com/mohanpur/mobile-phones/xiaomi-poco-f6-512-gb-white-aR7mJDQauvsNDMrFiQwlkWXF.html,3,2026-09-04T21:57:27.491063+00:00,individual,"Gaming phone ( Snapdragon 8s gen 3 )
A small computer setup 
Just like you see in the pictures, the mobile is like new"
Xiaomi Redmi Note 13 Pro 256 GB White,24000,Used,"Rajshahi, Nawdapara",31/08,https://bikroy.com/nawdapara/mobile-phones/xiaomi-redmi-note-13-pro-256-gb-white-pdPDBXepXrlD9NYMyKcZgGRR.html,3,2026-09-04T21:57:28.200011+00:00,individual,"Valo phone. 
Problem nai"
Xiaomi Redmi Note 13 Pro 5G 256 GB Black,22000,Used,"Rajshahi, Boalia",31/08,https://bikroy.com/boalia/mobile-phones/xiaomi-redmi-note-13-pro-5g-256-gb-black-42ue3ZBOZsWGh2IPbdSSW5JI.html,5,2026-09-04T21:57:29.797023+00:00,individual,ফোনে কোন প্রকার কোন ইস্যু নেই। সম্পন্ন ফুল ফ্রেশ ফোন। ফুল বক্স সহ নিতে পারবেন।
New Xiaomi Redmi 17 128 GB Green,24999,Brand New,"Chattogram, Agrabad",16 hours ago,https://bikroy.com/agrabad/mobile-phones/new-xiaomi-redmi-17-128-gb-green-oWRkTTLmGY0tYJ4QOUTKm8wD.html,3,2026-09-04T21:57:30.297599+00:00,individual,"Stay with us by liking & following our page to get updates on any product prices. Our page link –
** Call or message us on WhatsApp at the number provided on Bikroy to buy a phone on instalment.
_____________________________________
Address:
Shop-537, Level-5
Akhtaruzzaman Center,
Agrabad, Chittagong."
Xiaomi Redmi Note 15 256 GB Black,31000,Used,"Chattogram, Baizid",09/08,https://bikroy.com/baizid/mobile-phones/xiaomi-redmi-note-15-256-gb-black-C3Cungfif9rjmvLA76kSEQxT.html,3,2026-09-04T21:57:30.788157+00:00,individual,"Brought from China a few months ago. It is in absolute fresh condition, not used very much. The phone is very light and has a slim body. Supports 6000mAh battery and 33W fast turbo charging."
Xiaomi Redmi K90 256 GB Red,49999,Used,"Dhaka, Motalib Plaza",15 hours ago,https://bikroy.com/motalib-laza/mobile-phones/xiaomi-redmi-k90-256-gb-red-3nXbCwNU7U9BbXQufIP8PHEC.html,5,2026-09-04T21:57:31.221971+00:00,individual,"Wholesale & Retail 
Redmi K90 12/256GB (Active)
BH-100%

Mobile, Box & Charger (বক্স, চার্জার পেতে সময় লাগতে পারে ৫/৭ দিন) 

Address: Hridoy Communication, 2nd Floor, Shop no: 338"
Xiaomi Civi 4 Pro 512 GB Green,35000,Used,"Dhaka, Mirpur",16 hours ago,https://bikroy.com/mirpur/mobile-phones/xiaomi-civi-4-pro-512-gb-green-fqS5Vdwi2LrOKtwLEY2PrpYH.html,5,2026-09-04T21:57:31.878362+00:00,individual,"খুবই ভালো একটা ফোন,কোন রকমের সমস্যা নেই,যতক্ষন ইচ্ছা চালিয়ে দেখে নিবেন,১২/৫১২ জিবি,সুপার ক্যামেরা ফোন,সুপার ব্যাকাপ অনেক ফাস্ট একটা ফোন,চাইলে ইউটিউবে রিভিউটা দেখে নেবেন,ফুল ফ্রেশ ফোন,যেকোনো সিকিউরিটি দেয়া হবে,ক্যাশ মেমো,সাথে ১বছরের সার্ভিস ওয়ারেন্টী থাকবে।
ঢাকা মিরপুর পল্লবী নতুন থানা।
কুরিয়ার পসিবল।"
Xiaomi 15 256 GB Black,35000,Used,"Dhaka, Savar",19/08,https://bikroy.com/savar/mobile-phones/xiaomi-15-256-gb-black-f272SEiE1hMsTONRT5jJ6zou.html,2,2026-09-04T21:57:32.369876+00:00,individual,"There are no dents, scratches, or any issues. It was bought new and used for only one to two months. I am selling it because I want to get another phone. This is an official phone."
Xiaomi Redmi Note 14 4G 256 GB Black,20000,Used,"Dhaka, Mirpur",16/08,https://bikroy.com/mirpur/mobile-phones/xiaomi-redmi-note-14-4g-256-gb-black-2Pkn1nunP6HOxKE6spOvJ8j7.html,5,2026-09-04T21:57:33.191764+00:00,individual,"Redmi Note 14 (Global Version) | 8GB RAM + 256GB ROM 
Location: Mirpur-12, Dhaka
Came from Abroad
Used for around 6 Months
No Repair History
Excellent Condition – No Scratch, No Dent
Battery Health Excellent.
Full Phone Protected with Poly
Device & Original 33W Charger
No Box & Cash Memo
Any securities will be given"
New Xiaomi Redmi 15C 4G 256 GB,16990,Brand New,"Dhaka, Shyamoli",1 hour ago,https://bikroy.com/shyamoli/mobile-phones/new-xiaomi-redmi-15c-4g-256-gb-xjwywOTL7TzNEOLZp3GOsRYl.html,2,2026-09-04T21:57:33.825264+00:00,individual,"Redmi 15c
6+128 GB=16990/= Fixed Price
8+256 GB=19990/= Fixed Price
Our Address
Mobile Plaza
Shyamoli Tower Complex Market
2nd Floor, Shop No 13, 14
Shyamoli, Mohammadpur, Dhaka
Online Link
You can view and order
Download from Play Store
Mobile Plaza
Our Website
Facebook Page
Facebook/Mobil Plaza"
Apple iPhone XS 256 GB Gold,21000,Used,"Chattogram, Chawkbazar",07/08,https://bikroy.com/chawkbazar/mobile-phones/apple-iphone-xs-256-gb-gold-pHHvMiBOFaLwPzlfg2CZhlVf.html,5,2026-09-04T21:57:34.292937+00:00,individual,"My personally used iPhone XS!
Everything that is 100% ok:
Face ID
Camera
Display
Touch
Speaker
True Tone
!!Battery Health 100% (Original battery replaced in February 2026. Has 18 months warranty and Guarantee Card.
!!Only Display Glass is broken, but Display and Touch are 100% ok. Just replacing the glass will do."
Apple iPhone 11 Pro 64 GB Black,23000,Used,"Chattogram, New Market, Chattogram",2 days ago,https://bikroy.com/new-market/mobile-phones/apple-iphone-11-pro-64-gb-black-uxxf0j95tkigkutxD5PSDGpB.html,3,2026-09-04T21:57:34.999927+00:00,individual,"without box 
BH 66
all okay but display glue halka loose hoye geche"
Apple iPhone 11 128 GB White,20000,Used,"Chattogram, Bandar, Chattogram",22/08,https://bikroy.com/bandar/mobile-phones/apple-iphone-11-128-gb-white-ARBGPL7SWLXz8JSheEIfH5v7.html,5,2026-09-04T21:57:35.795658+00:00,individual,"The phone is in full space condition, phone's battery health is 78%, the motherboard was swapped from another phone due to an iCloud block, box is not included."
Apple iPhone 11 Pro Max 256 GB Gray,35000,Used,"Chattogram, Chawkbazar",1 day ago,https://bikroy.com/chawkbazar/mobile-phones/apple-iphone-11-pro-max-256-gb-gray-wykyVPpp6rYre6Et4jUCirya.html,5,2026-09-04T21:57:36.263883+00:00,individual,"🍎 iPhone 11 Pro Max 256GB — For Sale
Model: iPhone 11 Pro Max
Storage: 256GB
Battery Health: 72% 🔋
Condition: ভালো, খুব যত্নে ব্যবহার করা হয়েছে
Parts: ✅ সব Parts Original
Display: Original
Face ID: ✅ Working
True Tone: ✅ Working
Camera: ✅ Perfect
Network: ✅ সব ঠিকঠাক
Box: ✅ Available 📦
📌 ফোনে কোনো Parts change করা হয়নি।"
Apple iPhone 13 128 GB White,35500,Used,"Chattogram, Mirsharai",2 days ago,https://bikroy.com/mirsharai/mobile-phones/apple-iphone-13-128-gb-white-7oLoJsPW3AoPnundMpSarIQe.html,3,2026-09-04T21:57:37.168688+00:00,individual,"📱 iPhone 13 128GB বিক্রি হবে — Excellent
Model: iPhone 13
Storage: 128GB
Condition: খুবই ভালো, বডিতে বড় কোনো সমস্যা নেই
✅ Face ID সম্পূর্ণ ঠিক আছে
✅ True Tone কাজ করে
✅ Camera একদম ঠিক
✅ Speaker/Mic ঠিক
✅ Charging ঠিক
✅ সব ফাংশন ঠিকভাবে কাজ করে
✅ বডির অবস্থা ভালো
🔋 Battery: পরিবর্তন করা হয়েছে (Original নয়)
📺 Display: GX Display লাগানো হয়েছে"
Apple iPhone 13 Pro 256 GB Blue,42000,Used,"Chattogram, Karnaphuli",28/08,https://bikroy.com/karnaphuli/mobile-phones/apple-iphone-13-pro-256-gb-blue-dNSOzZB4LWv6sF5MylHzTWaw.html,5,2026-09-04T21:57:37.562972+00:00,individual,"IPhone 13 Pro
Set full Frash 
256 Gb 
Face ID✅
True tone ✅
Face ID✅
New Bettari lagano aca ❌
All ok aca 
Display change ❌
Just original glass fata aca kintu buja jai na 🚫"
Apple iPhone XS Max 512 GB Rose Gold,24000,Used,"Chattogram, New Market, Chattogram",2 days ago,https://bikroy.com/new-market/mobile-phones/apple-iphone-xs-max-512-gb-rose-gold-uOe1jT8Bv5ovorP2qRrFAuEy.html,3,2026-09-04T21:57:38.391836+00:00,individual,"Storage: 512gb 💥
Bettery Health: 75% Original 🔋
Display: gx er orginal ta ✅
Face id ❎
True Tone 🆗
Camera 💥
Silent Buton 🆗
Sim Wifi 🆗
লোকেশনে আসতে হবে ✅"
New Apple iPhone 12 Pro 256 GB Blue,43000,Brand New,"Chattogram, Alankar",21/08,https://bikroy.com/alankar/mobile-phones/new-apple-iphone-12-pro-256-gb-blue-8cEleiZtrjzhjMyeM8TYh3D5.html,5,2026-09-04T21:57:38.694124+00:00,individual,"iPhone 12 Pro 
256GB
Everything is in perfect working order
Battery Health 82%
No issues at all
Includes Box, Cash Memo, Cable, and 3 covers"
Apple iPhone 13 Pro Max 256 GB Green,52000,Used,"Chattogram, Halishahar",17 hours ago,https://bikroy.com/halishahar/mobile-phones/apple-iphone-13-pro-max-256-gb-green-bp7o8ns6SSs5nOWIePtBEe8x.html,3,2026-09-04T21:57:39.201042+00:00,individual,Green iPhone 13 Pro Max. No box.
Apple iPhone 11 128 GB,23500,Used,"Chattogram, Chandgaon",18/08,https://bikroy.com/chandgaon/mobile-phones/apple-iphone-11-128-gb-oQyB4RjO6TrOSVx9SxRXDWfu.html,3,2026-09-04T21:57:39.709885+00:00,individual,"Iphone 11
128 gb storage
face id ok
true tone ok
everything is genuine
camera joss
battery health 74%
charger will be given
will run 6 hours plus on full charge
If you want to buy, you must come to the location,
Location: Kaptai Rastar Matha or Kalughat
Phone: (whatsapp available)"
Apple iPhone 11 Pro 256 GB Rose Gold,25000,Used,"Chattogram, Muradpur",29/08,https://bikroy.com/muradpur/mobile-phones/apple-iphone-11-pro-256-gb-rose-gold-BMcRfmi6AuxGMmYa9VZ4vyqo.html,4,2026-09-04T21:57:40.560956+00:00,individual,"256 GB 
Battery Health = 77% 
Face ID 
Silent Mode 
True Tone 
All OK 
Golden Color 
Price - 25k Fixed"
Apple iPhone 13 Pro 256 GB Blue,53500,Used,"Chattogram, Anderkilla",21/08,https://bikroy.com/anderkilla/mobile-phones/apple-iphone-13-pro-256-gb-blue-6nqOYTlcImdFL1KIEIguvcYL.html,3,2026-09-04T21:57:40.825807+00:00,individual,Iphone 13 pro available for 40 thousand and 60 thousand. High quality product with a higher price.
Apple iPhone 14 Pro Max 256 GB Black,52000,Used,"Chattogram, Agrabad",1 day ago,https://bikroy.com/agrabad/mobile-phones/apple-iphone-14-pro-max-256-gb-black-hMp1Uvau7xfjnWN8UUxqh7oJ.html,4,2026-09-04T21:57:41.414464+00:00,individual,"iPhone 14 Pro Max USA Variant - 256 GB

Dull E-Sim👉

Phone Fresh Aca
Change History
Display Change But GX Original
Camera Change But Original
Battery Change But High Capacity Lagano.

Valo Android Mobile thakla Exchange kortha parben📱"
Apple iPhone 11 Pro Max 256 GB Silver,30000,Used,"Chattogram, Agrabad",8 hours ago,https://bikroy.com/agrabad/mobile-phones/apple-iphone-11-pro-max-256-gb-silver-ax3QcNtt3WVkQyt72iHQBhYV.html,5,2026-09-04T21:57:42.418910+00:00,individual,"Kono issues nei phone chalay moja paben ar ha kono sommosa  nai phone a just old model 
79% bh"
Apple iPhone 16 Pro Max 256 GB Black,118500,Used,"Dhaka, Jatrabari",28/08,https://bikroy.com/jatrabari/mobile-phones/apple-iphone-16-pro-max-256-gb-black-dyXqqiBBlFsrbqCzbYTgLK.html,3,2026-09-04T21:57:43.019304+00:00,individual,"iPhone 16 promax 256gb

•Singapore  Variant 
•Original All Parts
•No Issue
•Water Resistant ok
•All buttons Working
•Face id Working
•Truetone Working
•86bh (585cycle count only)

Inclusions: Full,box
MEET UP ONLY!"
Apple iPhone 17 Pro Max 256 GB Blue,130000,Used,"Dhaka, Mirpur",01/09,https://bikroy.com/mirpur/mobile-phones/apple-iphone-17-pro-max-256-gb-blue-n4e637Y1zwqyaPGd9rNobEdV.html,5,2026-09-04T21:57:43.315629+00:00,individual,"Phone a kono problem nay 
Phone ar sathe cash memo paben 
Battery health 97"
Apple iPhone 17 Pro Max 256 GB Silver,145990,Used,"Dhaka, Sutrapur",2 hours ago,https://bikroy.com/sutrapur/mobile-phones/apple-iphone-17-pro-max-256-gb-silver-BWJR671mJLypp2tFcJJu1463.html,4,2026-09-04T21:57:43.807568+00:00,business,"iPhone 17 Pro Max //256 //Japan 
 100 Charging time: 109
 Condition: Full Box | Like New 
 Price: In Comment box
 #EXCHANGE_সুবিধা_আছে
 ১০০% অথেনটিক প্রোডাক্ট
 EMI সুবিধা (৩৬টি ব্যাংকের কার্ডে)
 সারা দেশে Cash On Delivery
⸻
 Shop Location:
Phone-e
Shop No: 573, Level-5
Shyamoli Square Shopping Mall, Dhaka"
New Apple iPhone 17 Pro Max 512 GB Orange,200000,Brand New,"Dhaka, Mirpur",27/08,https://bikroy.com/mirpur/mobile-phones/new-apple-iphone-17-pro-max-512-gb-orange-3XrrfzJc2V7wsAbrCFXNsq6O.html,3,2026-09-04T21:57:44.612774+00:00,individual,"Brand new sealed box. Purchased June 20, 2026. Never opened. Factory warranty from Apple 1 year."
Apple iPhone 16 Pro Max 256 GB,124000,Used,"Dhaka, Mirpur",26/08,https://bikroy.com/mirpur/mobile-phones/apple-iphone-16-pro-max-256-gb-czs75pHy8PuWZ2P8lLI7nARU.html,3,2026-09-04T21:57:45.909307+00:00,individual,"iphone 16pro max-256gb
arab variant
colure: desert
BH:97%
cycle count:205
cash mamo + box included
no one single scratch on phone
3month warranty still have"
Apple iPhone 16 Pro Max 256 GB Rose Gold,110000,Used,"Dhaka, Motijheel",29/08,https://bikroy.com/motijheel/mobile-phones/apple-iphone-16-pro-max-256-gb-rose-gold-p1nxuL5lBMLEYhGcNFUS7Ac0.html,5,2026-09-04T21:57:46.303466+00:00,individual,"📱 iPhone 16 Pro Max — For Sale

✨ Colour: Rose Gold
🌍 Variant: Singapore
💾 Storage: 256GB
🔋 Battery Health: 91%
📦 Condition: ভালো কন্ডিশন
🛒 New Purchase Price: ৳1,65,000
💰 Selling Price: ৳1,10,000 — PRICE FIXED ❌ No Bargaining

📍 Location: Motijheel, AGB Colony
📞 Contact 016XXXXXXXX"
Apple iPhone 16 Pro Max 512 GB Rose Gold,131000,Used,"Dhaka, Mirpur",01/09,https://bikroy.com/mirpur/mobile-phones/apple-iphone-16-pro-max-512-gb-rose-gold-sJhKqRJLSrtTfllR43VPWX9M.html,3,2026-09-04T21:57:46.425723+00:00,individual,Adapter cable box camera protector glass protector back poly and box availavail
Apple iPhone 16 Pro Max 256 GB Gold,111990,Used,"Dhaka, Mohammadpur",1 hour ago,https://bikroy.com/mohammadpur/mobile-phones/apple-iphone-16-pro-max-256-gb-gold-aIIxXf5pSeXXYkU2IY2M6umo.html,5,2026-09-04T21:57:47.075232+00:00,individual,"Shop Name :Ab international 
Level -06 Shop number-(657,658)
Tokyo Square,Japan garden city, Mohammadpur
Call us for any question

👉 USED ফোন কিনে নিয়ে আর কোন দুশ্চিন্তা নয় কারণ আমরা দিচ্ছি ১০০% অরিজিনাল এবং অথেন্টিক ফোন। 
👉৭ দিনের মধ্যে কোনরকম প্রবলেম হলে রিপ্লেস করে দেওয়া হবে( Expect display issues)
👉এক বছরের ফ্রি সার্ভিস ওয়ারেন্টি"
New Apple iPhone 17 Pro 512 GB White,175000,Brand New,"Dhaka, Baridhara",7 hours ago,https://bikroy.com/baridhara/mobile-phones/new-apple-iphone-17-pro-512-gb-white-CpRJoCIo6ZBp6uzqDXI03X9O.html,3,2026-09-04T21:57:47.762470+00:00,individual,"iPhone 17 Pro, Jamuna Future Park."
Apple iPhone 16 Pro Max 256 GB Gray,120000,Used,"Dhaka, Uttara",2 days ago,https://bikroy.com/uttara/mobile-phones/apple-iphone-16-pro-max-256-gb-gray-nFh6ccGla2NYvJbK6GVwtiqA.html,4,2026-09-04T21:57:48.363369+00:00,individual,"Singapore Variant, Almost New Condition, Battery Health: 95%, 100% Waterproof, Original Box, Cash Memo, Charger, Back Cover. You are welcome to check the phone thoroughly before purchasing. The phone is in excellent condition, almost like new. Price: ৳120,000 (Slightly negotiable for genuine buyers). Only serious buyers 015XXXXXXXX"
Apple iPhone 16 Pro Max 256 GB Silver,118000,Used,"Dhaka, Jatrabari",30/08,https://bikroy.com/jatrabari/mobile-phones/apple-iphone-16-pro-max-256-gb-silver-aCm8HF7uOcOSzKa1ITtnuUFp.html,5,2026-09-04T21:57:49.073531+00:00,individual,"📱 iPhone 16 Pro Max 256GB — Full Fresh Condition 🔥

একদম ফ্রেশ ও যত্নে ব্যবহার করা iPhone 16 Pro Max বিক্রি করা হবে।

✨ Model: iPhone 16 Pro Max
💾 Storage: 256GB
🎨 Color: Natural Titanium
🔋 Battery Health: 91%
💎 Condition: একদম ফ্রেশ 
phone er sathe ja jabe paben 
Box paben 
Cash memo paben
Phone er cover paben 
Price :118000"
New Apple iPhone 17 256 GB,110000,Brand New,"Dhaka, Bashundhara City",7 hours ago,https://bikroy.com/bashundhara-city/mobile-phones/new-apple-iphone-17-256-gb-ilnVAOWrIZa1jht9gt6ccUZ9.html,2,2026-09-04T21:57:49.906522+00:00,individual,"10 days replacement guarantee
 2 years service warranty
 Courier service available nationwide
 Exchange facility available
 Our Shop Address
For Smartphone 
Basement- 1, Shop- 84
Bashundhara City Shopping Mall"
Apple iPhone 16 Pro Max 256 GB Silver,119000,Used,"Dhaka, Dhanmondi",39 min ago,https://bikroy.com/dhanmondi/mobile-phones/apple-iphone-16-pro-max-256-gb-silver-yZEFBaLTpC1d1CwLsoEF25ro.html,5,2026-09-04T21:57:50.469783+00:00,individual,"iPhone 16 Pro Max
256GB
Natural Titanium
With box
89% battery health
Water resistant
602 charging cycles
Singapore variant
1 physical SIM, 1 eSIM
Full fresh condition
Not a single scratch or dent
Location: Dhanmondi 15"
Apple iPhone 17 Pro 256 GB Orange,137990,Used,"Dhaka, Uttara",1 hour ago,https://bikroy.com/uttara/mobile-phones/apple-iphone-17-pro-256-gb-orange-neGR2oVekap4hupW6iXbG1Wa.html,3,2026-09-04T21:57:51.020209+00:00,individual,"Western Mobile Fair
Shop No. 614/622/623/625 (Level #6) Tropical Alauddin Tower, Uttara
Dear Honourable Customer,
100% original device
Full factory unlocked
EMI available on credit cards from 31 banks. Thanks for being with us."
Apple iPhone 14 Pro Max 256 GB Purple,78500,Used,Rajshahi,01/09,https://bikroy.com/rajshahi/mobile-phones/apple-iphone-14-pro-max-256-gb-purple-pIWYbP0PC04AqPi9SEG7fnnH.html,3,2026-09-04T21:57:51.709364+00:00,individual,সিঙ্গাপুর ভেরিয়েন্ট ফোনে কোন ধরনের কোন সমস্যা নাই যত ইচ্ছা দেখে নিবেন নিজের পার্সোনাল কিছু ব্যক্তিগত কারণে ফোনটা আমাকে সেল করা লাগছে তাছাড়া কোন কারণ নেই ফোন বিক্রি করার । ব্যক্তিগত কিছু কারণে টাকা দরকার তাই ফোনটা সেল করব । লোকেশনে এসে ইচ্ছামত ফোন দেখে নিয়ে যাবেন প্রয়োজনে ওয়াটারপ্রুফ চেক করে নেবেন । ফোন দেখতে আসলে অবশ্যই ফোন পছন্দ হবে।
Apple iPhone 16 Pro Max 256 GB Gold,108000,Used,"Rajshahi, Kadirgonj",7 hours ago,https://bikroy.com/kadirgonj/mobile-phones/apple-iphone-16-pro-max-256-gb-gold-inb0l53dfWKZe5pGtRV0NnL1.html,3,2026-09-04T21:57:52.415168+00:00,individual,"আসসালামু আলাইকুম ওয়া রহমাতুল্লহি ওবারকাতুহ 
ফ্রেশ কন্ডিশন
📦 বক্স: Only Device
🧾 ক্যাশ মেমো: আছে
🔁 রিপ্লেসমেন্ট গ্যারান্টি: ৭ দিন পর্যন্ত পাবেন ( শর্তসাপেক্ষে ) 
লোকেশন: রাজশাহী কাদিরগঞ্জ চালপট্টি, লার্জ ফার্মার পাশে , স্বপ্নচূড়া প্লাজা নগর ভবনের পিছে।  
🏪 শপ নং: ১২৩ - নিচ তলা লিফটের পাশে 
🏬 শপ নাম: Rajshahi Mobile Bari 019XXXXXXXX"
Apple iPhone 15 Plus 128 GB Black,65000,Used,"Rajshahi, Shaheb Bazar",16 hours ago,https://bikroy.com/shaheb-bazar/mobile-phones/apple-iphone-15-plus-128-gb-black-39lMK4kbQi46v2oAe9V2gR8W.html,3,2026-09-04T21:57:53.057881+00:00,individual,"iPhone 15 Plus
128GB / 89% Battery Health
Physical SIM
Super condition
7 days replacement guarantee
1 year service warranty
#exchange possible
Our Address:
Smart Choice, Shop No. 211,
City Center, Beside Rajshahi College, Sonadighi Mor, Rajshahi
Call for any details:"
Apple iPhone 15 128 GB Black,58500,Used,Rajshahi,26/08,https://bikroy.com/rajshahi/mobile-phones/apple-iphone-15-128-gb-black-a4oEq8ZmlYGLGthLMUs67m2w.html,5,2026-09-04T21:57:53.659220+00:00,individual,"Full Fresh Phone ✅
No Scratches All Ok ✅"
Apple iPhone 14 Pro Max 256 GB Black,66500,Used,"Rajshahi, Charghat",16 hours ago,https://bikroy.com/charghat/mobile-phones/apple-iphone-14-pro-max-256-gb-black-iGpcdozoRE1E46WZp0kca0jh.html,5,2026-09-04T21:57:54.353904+00:00,individual,"Phone sob kichu original... 2 ta psychical dual sim...
Security hisebe ja chan dewa Jabe ... Memo ache
Dam kichu ta kom rakha Jabe newar moto dam bolben aje baje dam bolben na....

Number 017XXXXXXXX"
Apple iPhone 16 Pro Max 256 GB Bronze,115000,Used,"Rajshahi, Shaheb Bazar",16 hours ago,https://bikroy.com/shaheb-bazar/mobile-phones/apple-iphone-16-pro-max-256-gb-bronze-dkozXQRyhyMTwlV9REij7Sfr.html,3,2026-09-04T21:57:54.755507+00:00,individual,"iPhone 16 Pro Max, 256 GB, 91% battery health, USA version, super condition, 7 days replacement guarantee, 1 year service warranty. Exchange possible. Our Address: Smart Choice, Shop No. 211, City Center, Beside Rajshahi College, Sonadighi Mor, Rajshahi. Call for details."
Apple iPhone 15 Pro Max 256 GB Blue,95000,Used,"Rajshahi, Kadirgonj",7 hours ago,https://bikroy.com/kadirgonj/mobile-phones/apple-iphone-15-pro-max-256-gb-blue-1Kw5xp9PLgIFGcmJ3VxgJj3U.html,5,2026-09-04T21:57:55.588845+00:00,individual,"আসসালামু আলাইকুম ওয়া রহমাতুল্লহি ওবারকাতুহ 
ফ্রেশ কন্ডিশন
📦 বক্স: Only Device
🧾 ক্যাশ মেমো: আছে
🔁 রিপ্লেসমেন্ট গ্যারান্টি: ৭ দিন পর্যন্ত পাবেন ( শর্তসাপেক্ষে ) 
লোকেশন: রাজশাহী কাদিরগঞ্জ চালপট্টি, লার্জ ফার্মার পাশে , স্বপ্নচূড়া প্লাজা নগর ভবনের পিছে।  
🏪 শপ নং: ১২৩ - নিচ তলা লিফটের পাশে 
🏬 শপ নাম: Rajshahi Mobile Bari 019XXXXXXXX"
Apple iPhone 14 Pro Max 128 GB Blue,56999,Used,Rajshahi,25/08,https://bikroy.com/rajshahi/mobile-phones/apple-iphone-14-pro-max-128-gb-blue-1AeMIgzsQehaan9Gxj9CaecG.html,4,2026-09-04T21:57:56.096834+00:00,individual,"Please message first.
Condition: iPhone 14 Pro Max (128GB)
Battery: 80%
Physical + eSIM
iOS: 26.6.1
Included with it: Box and good quality charger.
Condition: Only back glass is cracked.
And there is a small dot near the front camera which is not noticeable. Pictures are provided."
Apple iPhone 14 Pro Max 256 GB Purple,80000,Used,Rajshahi,28/08,https://bikroy.com/rajshahi/mobile-phones/apple-iphone-14-pro-max-256-gb-purple-r8ScCt13jIenxRe0CZwnkjQZ.html,5,2026-09-04T21:57:56.789361+00:00,individual,"iphone 14 pro max..betrry 85, ফোনটা একদম press, নো চেন্জ সব জেনুয়িন বক্স নাই ,,সিঙ্গাপুর ভেরিয়ান্ড,,"
Apple iPhone 14 Pro Max 128 GB Purple,59000,Used,"Rajshahi, Nawdapara",30/08,https://bikroy.com/nawdapara/mobile-phones/apple-iphone-14-pro-max-128-gb-purple-84zpHG9PTVYhlxMpTrfEa5JB.html,4,2026-09-04T21:57:57.305992+00:00,individual,"Face id 
Display change ( True tone )
Box + cash memo available 
Bh 76% (charge onk valo thake original Battery)
Price akdom fixed"
Apple iPhone 16 128 GB Black,67999,Used,"Rajshahi, Motihar",7 hours ago,https://bikroy.com/motihar/mobile-phones/apple-iphone-16-128-gb-black-G1eLaCEXbsYPI3FI1B84yxM.html,5,2026-09-04T21:57:58.058933+00:00,individual,"I phone 16 
128GB 
100% battery 116 bar charger 
Waterproof 
Call me"
Apple iPhone 15 Pro 256 GB White,78000,Used,"Rajshahi, Court Station",31/08,https://bikroy.com/court-station/mobile-phones/apple-iphone-15-pro-256-gb-white-cono9XcFX3RrX29miCFTwHwD.html,3,2026-09-04T21:57:58.321555+00:00,individual,￼ battery health 96% sob orjinal no bust oll ok
Apple iPhone 14 Pro Max 256 GB Purple,74000,Used,"Rajshahi, Shaheb Bazar",16 hours ago,https://bikroy.com/shaheb-bazar/mobile-phones/apple-iphone-14-pro-max-256-gb-purple-chrDhW9u7STAZkcpUOjNWLjF.html,3,2026-09-04T21:57:59.006264+00:00,individual,"iPhone 14 Pro Max, 256 GB, 81% battery health. Physical SIM. Super condition. 7 days replacement guarantee. 1 year service warranty. #exchange possible. Our Address: Smart Choice, Shop No. 211, City Center, Beside Rajshahi College, Sonadighi Mor, Rajshahi. Call for any details:"
Apple iPhone 16 Pro 128 GB Rose Gold,93000,Used,"Rajshahi, Shaheb Bazar",16 hours ago,https://bikroy.com/shaheb-bazar/mobile-phones/apple-iphone-16-pro-128-gb-rose-gold-axUnNwSc7ZwYZ7ffrUbtkoV1.html,3,2026-09-04T21:57:59.507516+00:00,individual,"iPhone 16 Pro
128GB, 91% Battery Health
Physical SIM
Super condition
Enjoy a 7-day replacement guarantee
1-year service warranty
#exchange possible
Our Address:
Smart Choice, Shop No. 211,
City Center, Beside Rajshahi College, Sonadighi Mor, Rajshahi
Call for any details:"
Apple iPhone 13 128 GB White,40000,Used,"Rajshahi, Shaheb Bazar",2 days ago,https://bikroy.com/shaheb-bazar/mobile-phones/apple-iphone-13-128-gb-white-jZCbsrSaM1fQio8bpyLfFSyk.html,3,2026-09-04T21:58:00.120439+00:00,individual,"iPhone 13 
storage 128
True tone ✅
face id ✅
Sim ✅
Wifi ✅ 
Battery 81%✅"
Apple iPhone 13 Pro Max 256 GB,51000,Used,"Rajshahi, Shaheb Bazar",26/08,https://bikroy.com/shaheb-bazar/mobile-phones/apple-iphone-13-pro-max-256-gb-wmIrr5QhyuJNO8XknC4dBuFp.html,4,2026-09-04T21:58:00.645515+00:00,individual,"iPhone 13 Pro Max 256 GB
Varrient: Canada🇭🇰
Genuine✅
Dual Sim (1 physical+ 1eSim)✅
Camera💯
Face Id & True Tone✅
Bh 98
Just Display Changed
If anyone Interested Pls Inbox Me💌
Phone 019XXXXXXXX 013XXXXXXXX"
Apple iPhone 12 Pro Max 256 GB White,50000,Used,Rajshahi,16 hours ago,https://bikroy.com/rajshahi/mobile-phones/apple-iphone-12-pro-max-256-gb-white-al4rUSCPA8H1lU2k4kLv3PpT.html,3,2026-09-04T21:58:01.344894+00:00,individual,"iPhone 12 Pro Max
256 GB, 91% Battery Health
Super condition
7 days replacement guarantee
1 year service warranty
#exchange possible
Our Address:
Smart Choice, Shop No. 211,
City Center, Beside Rajshahi College, Sonadighi Mor, Rajshahi
Call for any details:"
Apple iPhone 12 64 GB,25000,Used,"Rajshahi, Kazla",26/08,https://bikroy.com/kazla/mobile-phones/apple-iphone-12-64-gb-iMtJxZeUQmaRizBHJXpzBx81.html,5,2026-09-04T21:58:01.925896+00:00,individual,বিক্রয় করা হবে ফোনের কোন প্রবলেম নেই ডিসপ্লে চেঞ্জ করা হয়েছে সাড়ে ছয় হাজার টাকা দিয়ে ফেস আইডি টুটনসব ওকে আছে ব্যাটারির চেঞ্জ করা হয়েছে প্রায় ছয় মাস আগে ৩২০০ টাকা দিয়ে যদি নিতে চান তাহলে যোগাযোগ করুন
Apple iPhone 13 128 GB Green,35999,Used,"Rajshahi, Charghat",1 hour ago,https://bikroy.com/charghat/mobile-phones/apple-iphone-13-128-gb-green-z4S7oMD7mVLaeAazwvGzHgxP.html,3,2026-09-04T21:58:02.352610+00:00,individual,"Iphone 13
Full fresh
Authentic waterproof Bh 76% face id true tone okay 
Exchange possible
Sathe charger cable paben.
Security ja lage diya jabe"
Apple iPhone 14 128 GB Black,45000,Used,"Rajshahi, Boalia",2 days ago,https://bikroy.com/boalia/mobile-phones/apple-iphone-14-128-gb-black-fltkEFXWOajdKjMwgUtDdFJt.html,3,2026-09-04T21:58:02.855289+00:00,individual,"iPhone 14
Variant - Indian
All ok 
Battery Health - 79%"
Apple iPhone 12 64 GB Blue,28000,Used,"Rajshahi, Kadirgonj",2 days ago,https://bikroy.com/kadirgonj/mobile-phones/apple-iphone-12-64-gb-blue-yRbRwpfXWSbHUcmpMbzMic1l.html,5,2026-09-04T21:58:03.475524+00:00,individual,Phone full fresh . original parts . model change korbo tai
Apple iPhone 11 Pro 256 GB Black,27000,Used,"Rajshahi, Bagmara",19/08,https://bikroy.com/bagmara/mobile-phones/apple-iphone-11-pro-256-gb-black-utpA2KCrAYzlTnturU07Uv5f.html,5,2026-09-04T21:58:04.124878+00:00,individual,"Selling due to an emergency need for money for family issues. Price is negotiable, no problem."
Apple iPhone 14 128 GB White,46000,Used,"Rajshahi, Shaheb Bazar",16 hours ago,https://bikroy.com/shaheb-bazar/mobile-phones/apple-iphone-14-128-gb-white-3XnQatDC4PfHfWZbV0tHoBAo.html,3,2026-09-04T21:58:04.941732+00:00,individual,"iPhone 14
128 GB, 90% Battery Health
Physical SIM
Super condition
7 days replacement guarantee
1 year service warranty
#exchange possible
Our Address:
Smart Choice, Shop No. 211,
City Center, Beside Rajshahi College, Sonadighi Mor, Rajshahi
Call for any details:"
Apple iPhone 13 128 GB,38000,Used,Rajshahi,2 days ago,https://bikroy.com/rajshahi/mobile-phones/apple-iphone-13-128-gb-dfckkFeXGFzg648T5eIgcFY5.html,4,2026-09-04T21:58:05.506627+00:00,individual,ফোন ১০০% waterproof চেক করে দেখে নিতে পারবেন
Apple iPhone 12 64 GB Blue,31000,Used,"Rajshahi, Rajpara",24/08,https://bikroy.com/rajpara/mobile-phones/apple-iphone-12-64-gb-blue-xr6eXaAJkOftGQEMTyE7LPXA.html,4,2026-09-04T21:58:05.987094+00:00,individual,"Iphone 12
Battery 88%
Check waterproof before taking"
Apple iPhone 15 128 GB White,55000,Used,"Rajshahi, Shaheb Bazar",16 hours ago,https://bikroy.com/shaheb-bazar/mobile-phones/apple-iphone-15-128-gb-white-fsGLENhcvKogFRSNWMXFMI26.html,3,2026-09-04T21:58:06.656788+00:00,individual,"iPhone 15 
128GB / 97% Battery Health 
Physical SIM 
Experience super condition 
Enjoy a 7-day replacement guarantee 
Get a 1-year service warranty 
#Exchange possible 
Our Address: 
Smart Choice, Shop No. 211, 
City Center, Beside Rajshahi College, Sonadigir Mor, Rajshahi 
Call for details:"
Apple iPhone 13 128 GB Pink,32500,Used,"Rajshahi, Kazla",26/08,https://bikroy.com/kazla/mobile-phones/apple-iphone-13-128-gb-pink-cJw4XsCbLtBP1dugd9ec7AcS.html,3,2026-09-04T21:58:07.364404+00:00,individual,ফুল ফ্রেশ আছে ফোনটি নিলে সরাসরি ফোন দিবেন ফোনের ব্যাটারি হানডেট পারসেন ব্যাটারি চেঞ্জ করা হয়েছে অরজিনাল ব্যাটারিটাও আছে ছিয়াত্তর পাচ্ছেন ফোনের ফেইস আইডি ইসু  বাদবাকি সব ফুল ওকে
Apple iPhone 11 128 GB White,27000,Used,"Rajshahi, Rajpara",8 hours ago,https://bikroy.com/rajpara/mobile-phones/apple-iphone-11-128-gb-white-ef8ruZk9VOFR9BSxXypBQ9k.html,4,2026-09-04T21:58:07.975855+00:00,individual,"iphone-11
Battery health: 74%
Storage:128 GB(USA Variant)

Laptop-HP Elitebook CORE i7 vpro 8th gen 8 GB RAM, 239 GB SSD"
Apple iPhone 17 AIR 256GB INTACT (Brand New),120000,Brand New,"Chattogram, Chawkbazar",15 hours ago,https://bikroy.com/chawkbazar/mobile-phones/apple-iphone-17-air-256gb-intact-brand-new-8bPAcmG1pmjkGNibZcyoAMMq.html,0,2026-09-04T21:58:08.620951+00:00,individual,"🔳 INTACT SEAL PACK
🔳 Storage: 12/256GB
🔳 Colour: BLUE
◾ Box And Original Cable


🔰 Our Speciality......................................


◾Original & Non-Refurbished Product
◾Emi Facilities Available*
◾Accept Visa, Master Card
◾Delivery Facility inside & Outside ctg.
◾Phone Exchange Facilities*
◾Our All Products Original And Genuine. 
◾Our All Product 7 Days replacement And 1 year Service Warranty

🔰 Our Showroom Address:

Rony Enterprise (Since 2007)
Bali Arcade Shopping Center
4th Floor, Shop no 03(infront of chawkbazar Post Office
Sirajuddula Road, Chawkbazar, Chattogram Show more"
Apple iPhone 17 Pro Max 256 GB Orange,143499,Used,"Chattogram, CDA Avenue",16 hours ago,https://bikroy.com/cda-avenue/mobile-phones/apple-iphone-17-pro-max-256-gb-orange-q39DcrXGBK4ZXCVArv9XOrY5.html,3,2026-09-04T21:58:09.253183+00:00,individual,"17 pro max 256gb
Battery-100%
cycle -20
Offer price -143490
Warranty available 27 jun 27"
New Apple iPhone 17 Pro Max 256 GB Orange,159999,Brand New,"Chattogram, CDA Avenue",6 hours ago,https://bikroy.com/cda-avenue/mobile-phones/new-apple-iphone-17-pro-max-256-gb-orange-sc78jNGvXnXnCoefIQoTRX1R.html,3,2026-09-04T21:58:09.906631+00:00,individual,"JP variant
Display: 6.9"" LTPO Super Retina XDR OLED, 120Hz with 3000 nits peak brightness
Camera: 48MP triple camera with periscope zoom, LiDAR scanner, and 4K Dolby Vision video
Processor: Apple A19 Pro (3nm) with 6-core GPU
Battery: Up to 5088mAh
EMI facilities are available for up to 36 months through credit cards with more than 20 banks. (*Conditions apply*)"
Apple iPhone 17 Pro 256 GB Purple,131990,Used,"Chattogram, CDA Avenue",15 hours ago,https://bikroy.com/cda-avenue/mobile-phones/apple-iphone-17-pro-256-gb-purple-yKqronSLFaMGrOnHTFv3QpWe.html,3,2026-09-04T21:58:10.603495+00:00,individual,"iPhone 17 Pro 256GB 🇱🇷 USA Variant 📱✨

🔋 Battery Health: 100%

✅ Cycle Count: 152

📍 First Use in MAY 2026

✨ Condition: Full Fresh

🛡️ Apple Warranty Available till May 2027

💰 Offer Price: Only ৳1,31,990/-

আজই Decent থেকে"
Apple iPhone 17 Pro Max 256 GB Orange,143000,Used,"Chattogram, Chandgaon",11/06,https://bikroy.com/chandgaon/mobile-phones/apple-iphone-17-pro-max-256-gb-orange-gd0z6KX6kuDnoVtAnfAkJAbK.html,5,2026-09-04T21:58:11.345602+00:00,individual,"iPhone 17 Pro Max with 5 months Dazzle Care, Japan variant.
Dual eSIM.
7 months used.
Battery: 100%.
All okay.
Dazzle official care warranty available for 5 months.
Mobile, original cable, and box will be provided."
New Apple iPhone 17 Pro Max 256 GB Orange,160000,Brand New,"Chattogram, Boalkhali",25/06,https://bikroy.com/boalkhali/mobile-phones/new-apple-iphone-17-pro-max-256-gb-orange-14Gjr9fBvTVHsORXpnYMyacL.html,5,2026-09-04T21:58:12.017016+00:00,individual,"Only 3 months used. Cycle count only 35.
First use March 2026. The phone is from Abu Dhabi, UAE. Physical SIM & eSIM available."
Apple iPhone 17 Pro Max 256 GB Blue,137000,Used,"Chattogram, New Market, Chattogram",12/08,https://bikroy.com/new-market/mobile-phones/apple-iphone-17-pro-max-256-gb-blue-pVNL83KOCNBwdIGRYBGObLn2.html,5,2026-09-04T21:58:12.743732+00:00,individual,"Ami ★With full box
★Physical sim + e sim
★291 cycle count
★96% bh
★(Just niche ektah choto scratch ase)
	 Chobite include kora ase picture. 
★Still apple Warranty available"
Apple iPhone 16 Pro Max 512 GB Gold,125000,Used,"Chattogram, Chawkbazar",16 hours ago,https://bikroy.com/chawkbazar/mobile-phones/apple-iphone-16-pro-max-512-gb-gold-NHbPtHOtCvmrJCJKIBhOztI.html,3,2026-09-04T21:58:13.361677+00:00,individual,"iPhone 16 Pro Max, 512GB, Desert Titanium color, comes with box, Global version."
Apple iPhone 16 Pro Max 512 GB Rose Gold,128000,Used,Chattogram,16 hours ago,https://bikroy.com/chattogram/mobile-phones/apple-iphone-16-pro-max-512-gb-rose-gold-fRg22mOFYh4jqnyftdeFk3ut.html,5,2026-09-04T21:58:14.139932+00:00,individual,"iPhone 16 Pro Max 512GB Desert Titanium
Phone brought from Dubai, barely used phone... 100% spotless and fully fresh
Battery Health 90% but cycle count 351 only
With box
Real buyers only!!
Location must!!"
Apple iPhone 17 Pro Max P-SIM+E-SIM Brand New,172999,Brand New,"Chattogram, Agrabad",16 hours ago,https://bikroy.com/agrabad/mobile-phones/apple-iphone-17-pro-max-p-sim-e-sim-ntun-brand-new-1c1M4oyTA6EwXO5vWGDhrGjL.html,0,2026-09-04T21:58:14.604382+00:00,individual,"Stay updated with our latest product prices by liking 👍 & FOLLOWING our page. Page link - https://www.facebook.com/jojobdctg.

** iPhone 17 Pro Max, 256GB, Australian variant, 100% authentic.
Other Apple models in our store – 17 Pro Max 512GB - Australia, 17 256GB Australia, 16 128GB, 15 128GB Singapore, 14 128GB, MacBooks Singapore Air M4 16/256.

🌍 Variant: global

📦 Condition: New Intact |

✅ 100% Authentic

✅ 7-day replacement, 1-year service warranty.

----------------------------------------------------------------------

Address:

Shop- 537, Level-5 (Capsule lift 4,

Straight after exiting the lift, JoJoBD)

Akhtaruzzaman Center,

Agrabad, Chittagong. Show more"
Apple iPhone 17 CANADA BRAND NEW (Brand New),120000,Brand New,"Chattogram, Chawkbazar",16 hours ago,https://bikroy.com/chawkbazar/mobile-phones/apple-iphone-17-canada-brand-new-brand-new-dZOMhZI7wxvPld4PST30rdSL.html,0,2026-09-04T21:58:15.103939+00:00,individual,"🔳 INTACT SEAL PACK
🔳 Storage: 12/256GB
🔳 Colour: WHITE
◾ Box And Original Cable


🔰 Our Speciality......................................


◾Original & Non-Refurbished Product
◾Emi Facilities Available*
◾Accept Visa, Master Card
◾Delivery Facility inside & Outside ctg.
◾Phone Exchange Facilities*
◾Our All Products Original And Genuine. 
◾Our All Product 7 Days replacement And 1 year Service Warranty


🔰 Our Showroom Address:

Rony Enterprise (Since 2007)
Bali Arcade Shopping Center
4th Floor, Shop no 03(infront of chawkbazar Post Office
Sirajuddula Road, Chawkbazar, Chattogram Show more"
New Apple iPhone 17 Pro 256 GB,149999,Brand New,"Chattogram, CDA Avenue",7 hours ago,https://bikroy.com/cda-avenue/mobile-phones/new-apple-iphone-17-pro-256-gb-Bpo6vlfMkzfVEiQlgOyNmRyF.html,3,2026-09-04T21:58:15.493271+00:00,individual,"(JP varient)
Display: 6.3"" LTPO Super Retina XDR OLED, 120Hz, Dolby Vision, 3000 nits peak brightness
Camera: Triple 48MP Pro system with periscope zoom, ultrawide,
Processor: Apple A19 Pro (3nm) with 6-core GPU
Battery: 3998mAh/4252mAh
ক্রেডিট কার্ড এর মাধ্যমে ২০ টির অধিক ব্যাংকে ৩৬ মাস পর্যন্ত EMI এর সুবিধা রয়েছে। (*শর্ত প্রযোজ্য*)"
New Apple iPhone 17 Pro Max 256 GB Silver,165000,Brand New,"Chattogram, Khulshi",12/08,https://bikroy.com/khulshi/mobile-phones/new-apple-iphone-17-pro-max-256-gb-silver-d7FJldVIS9rugoLqUzwYwfVR.html,4,2026-09-04T21:58:16.067570+00:00,individual,"Just opened, brought from outside. With bill, no charge, just open box"
Apple iPhone 17 Pro Max 256 GB Blue,145000,Used,"Chattogram, Agrabad",10/08,https://bikroy.com/agrabad/mobile-phones/apple-iphone-17-pro-max-256-gb-blue-snfLGfPzLndHMLxgbki9Y7DI.html,4,2026-09-04T21:58:16.775283+00:00,individual,"Fresh conditions with original box cable
Brought from Kuwait"
Apple iPhone 16 Pro 128 GB Graphite,87000,Used,"Chattogram, Khulshi",15/08,https://bikroy.com/khulshi/mobile-phones/apple-iphone-16-pro-128-gb-graphite-swz6deeAEPVzUGhfTsbKlbec.html,3,2026-09-04T21:58:17.418158+00:00,individual,"Purchased in brand new condition from US apple store in January 2025
Used one and half year
Recently charging IC got damaged. Repaired, which did cost me taka
Now it's fully ok
Otherwise no dent, no scratch,no water issue
Will box and original charging cable"
New Apple iPhone 15 Plus 256 GB Pink,79990,Brand New,"Chattogram, Baizid",16 hours ago,https://bikroy.com/baizid/mobile-phones/new-apple-iphone-15-plus-256-gb-pink-zaIvEoNR5e3voQJzpXqd1LzB.html,3,2026-09-04T21:58:18.068903+00:00,individual,"Get the iPhone 15 Plus 256GB (USA Variant) now at an offer price at Decent! 

Decent brings you the iPhone 15 Plus USA Variant — right within your reach 

 iPhone 15 Plus (USA Variant) - 
Finlay Square, Level-4, Shop-406, 2 No Gate, Nasirabad, Chattogram
Finlay South City, Level-5, Shop-525, Bahaddarhat, Chattogram"
Apple iPhone 14 Pro 256 GB White,65000,Used,"Chattogram, Banskhali",01/09,https://bikroy.com/banskhali/mobile-phones/apple-iphone-14-pro-256-gb-white-bxQ6xmZ2ZL81T3MStIFHYFOs.html,4,2026-09-04T21:58:18.791142+00:00,individual,"iPhone 14 Pro

Battery Health: 94%

Everything is OK

Original Box: নেই

 Purchased From: Russia

 Location: Chittagong, Banshkhali"
Apple iPhone 14 Pro 1 TB Silver,72500,Used,"Chattogram, Hathazari",02/09,https://bikroy.com/hathazari/mobile-phones/apple-iphone-14-pro-1-tb-silver-43Dn4vsf7oNKHaxun7AYZwcN.html,5,2026-09-04T21:58:19.402883+00:00,individual,"Iphone 14 Pro 
1TB
Bettery 86
KH/A
Waterproof 
Only device with cash memo"
Apple iPhone 14 Pro 128 GB Black,68000,Used,"Chattogram, Alankar",1 day ago,https://bikroy.com/alankar/mobile-phones/apple-iphone-14-pro-128-gb-black-oIc7HbOmJZEc3RUl0jaCFZqR.html,5,2026-09-04T21:58:20.115176+00:00,individual,"The phone is in absolutely top-notch condition, super smooth, and fresh!
All parts are genuine (Never opened)
Battery health 88%(Genuine)
Great battery backup
Storage: 128GB
3u tools rating 98
Variant: J/A (Japan)
Single physical sim
Face ID & True Tone: 100%
Only Phone (Without Box)
Security will be provided
Note: No Exchange only sell need Money urgently"
Apple iPhone 16 128 GB Black,72000,Used,"Chattogram, Satkania",14/08,https://bikroy.com/satkania/mobile-phones/apple-iphone-16-128-gb-black-aPiTvSyheveqocI7mvWXSz3e.html,5,2026-09-04T21:58:20.766955+00:00,individual,"Model: iPhone 16
Storage: 128 GB
Battery Health: 89%
Variant: Dubai Variant (Bottom physical SIM + eSIM)
Original box is available.
Usage: Used for 1 year.
Price: Taka
What you will get with it: Original box
3 premium covers
 Location: Keranirhat Gol Chattar"
Apple iPhone 14 Pro Max 128 GB Black,67990,Used,"Chattogram, CDA Avenue",15 hours ago,https://bikroy.com/cda-avenue/mobile-phones/apple-iphone-14-pro-max-128-gb-black-moEX7VePCwU0zRId8UoBc1Fk.html,4,2026-09-04T21:58:21.868730+00:00,individual,"14 pro max usa 128gb
battray 86%
full fresh 
15 days replacement gurranty 
1 year service warranty 
DecDecent,Finlay"
Apple iPhone 15 Pro 128 GB White,88000,Used,Chattogram,16 hours ago,https://bikroy.com/chattogram/mobile-phones/apple-iphone-15-pro-128-gb-white-3HIbFQQl7f7uoFgNfR2G1eCQ.html,3,2026-09-04T21:58:22.463332+00:00,individual,"IPhone 15 pro is in Pristine condition👌
Bh 100% only charged 17 cycles
Brought from usa not used very much cz i used to have another phone it is like a newly purchased phone!!️
Location must to check and buy my device!!️"
New Apple iPhone 17 256 GB,116999,Brand New,"Chattogram, CDA Avenue",7 hours ago,https://bikroy.com/cda-avenue/mobile-phones/new-apple-iphone-17-256-gb-1CYQAs10kPWrKfvofWtmAhTY.html,3,2026-09-04T21:58:22.816869+00:00,individual,"Indian Variant
Display: 6.3-inch LTPO Super Retina XDR OLED, 120Hz, HDR10,
Chipset: Apple A19 (3 nm), Hexa-core CPU, Apple 5-core GPU
Main Camera: Dual 48 MP rear dual LED flash, HDR, 4K video
Selfie Camera: 18 MP front
Battery: Li-Ion 3692 mAh
ক্রেডিট কার্ড এর মাধ্যমে ২০ টির অধিক ব্যাংকে ৩৬ মাস পর্যন্ত EMI এর সুবিধা রয়েছে। (*শর্ত প্রযোজ্য*)"
Apple iPhone 15 Pro Max 256 GB Black,84500,Used,"Chattogram, Chandgaon",19/08,https://bikroy.com/chandgaon/mobile-phones/apple-iphone-15-pro-max-256-gb-black-jPAAdAZ96iNhBNyU7R2L76uM.html,4,2026-09-04T21:58:23.460214+00:00,individual,"IPhone 15 Pro Max for Sale
Condition: Like New / Gently Used
Color: Black Titanium 
Storage: 256GB
 Battery Health: 86%
 Only phone.
 Origin : LLA (USA) 
 Dual eSIM
 No scratches
 No issues – fully functional
 Used with care
 Price: 84,500/-
Location: Chandgaon 
Call for more"
Apple iPhone 13 Pro Max 128 GB Blue,57000,Used,"Chattogram, Patenga",13/08,https://bikroy.com/patenga/mobile-phones/apple-iphone-13-pro-max-128-gb-blue-hGsG3jKPWvTw96THwOt3eQxE.html,5,2026-09-04T21:58:24.116203+00:00,individual,"The phone is completely flawless and has no internal or external issues.
* Authenticity: 100% Full Authentic (Never opened or parts changed)
* Condition: Super fresh and smooth performance. [1]
Charge Backup:
Even with 74% battery health, its backup is awesome
* iPhone 13 Pro Max * Original cable/box
Location: Bandartilla, Epz
Location Must"
Apple iPhone 15 128 GB Green,61000,Used,"Chattogram, Halishahar",18/08,https://bikroy.com/halishahar/mobile-phones/apple-iphone-15-128-gb-green-giY2JpFmtOTOqUrrzBafgHeP.html,3,2026-09-04T21:58:24.775513+00:00,individual,"Everything ok. 
Fully fresh as like new...
> Apple Official Warranty available 5 Months.
> Cycle count - 350
> Battery health - 89%
> Cash memo... full box... + 3 pcs premium back cover..."
Apple iPhone 15 128 GB Green,60000,Used,"Chattogram, Hathazari",21/08,https://bikroy.com/hathazari/mobile-phones/apple-iphone-15-128-gb-green-hqruYq52r8ltNsTJbnijeMrr.html,5,2026-09-04T21:58:25.460058+00:00,individual,"Iphone 15 128GB
With original box, charging cable and Apple's 20w power adapter.
Varient- UK
Battery health- 83%
Charging cycle- 744
True tone works
No visible scratch or dent.
Location- 1 no. gate, University of Chittagong"
Apple iPhone 15 Plus 128 GB Black,70000,Used,"Chattogram, Kotwali, Chattogram",01/09,https://bikroy.com/kotwali/mobile-phones/apple-iphone-15-plus-128-gb-black-hKFitFgKBQLDFJAE9xNoherZ.html,3,2026-09-04T21:58:25.815232+00:00,individual,"Selling my iPhone 15 Plus.
✨ 99% fresh condition very well maintained.

📦 Original box 
✅ Everything is working perfectly
🔋 Battery health: 87%
🎨 Color: Black
💾 Storage: 128 GB
💰 Price: 70K
📍 Location: New market, Chittagong 
📩 Serious buyers, please inbox me.
No time-wasters, please. Thank you! 🙏"
Apple iPhone 17 256 GB White,84999,Used,"Dhaka, Dhanmondi",2 days ago,https://bikroy.com/dhanmondi/mobile-phones/apple-iphone-17-256-gb-white-myOR9hhOwF6EW6kWPLmbdFF8.html,3,2026-09-04T21:58:26.370936+00:00,individual,"Indian varient!
BH:97%✅
Cash memo ache✅
Box/Cable nai
Location : Tangail/ Dhaka"
Apple iPhone 15 Pro Max 512 GB Gray,100000,Used,"Dhaka, Mohammadpur",1 day ago,https://bikroy.com/mohammadpur/mobile-phones/apple-iphone-15-pro-max-512-gb-gray-r3Qmj1jo7ABmsjrTMXbQskDb.html,5,2026-09-04T21:58:26.818677+00:00,individual,"USA Variant
original adapter (3500), phone magsafe cover (6000), torras screen protector (2200) - money receipt for all of them Battery Health: 84%, No problems No repair history, Box + Cable + Memo everything available, Completely clean & well-maintained phone.
Whoever buys-
Location - Mohammadpur Lalmatia or Basila"
New Apple iPhone 15 Pro Max 256 GB Blue,89000,Brand New,"Dhaka, Bashundhara City",16 hours ago,https://bikroy.com/bashundhara-city/mobile-phones/new-apple-iphone-15-pro-max-256-gb-blue-cyt7eG21DrgRZcWHnlIsE0AM.html,3,2026-09-04T21:58:27.314038+00:00,individual,"In fresh conditions, no spots, dents, or scratches ✅ 
Battery health 91%
Cycle Count 473
Indian variant
Without box
Only geniune buyers, please inbox"
Apple iPhone 12 Pro Max 256 GB Blue,53000,Used,"Dhaka, Farmgate",7 hours ago,https://bikroy.com/farmgate/mobile-phones/apple-iphone-12-pro-max-256-gb-blue-aRsLH1NamiWlxD0frAU1gy2G.html,2,2026-09-04T21:58:28.011649+00:00,individual,"Singapore Variant
256GB
10-day replacement guarantee
2-year service warranty
Fast and secure courier service across the country
Attractive exchange offers
Emon Gadget Point
Basement-1, Shop-84
Bashundhara City Shopping Mall"
Apple iPhone 13 Pro 256 GB Blue,53000,Used,"Dhaka, Mirpur",2 hours ago,https://bikroy.com/mirpur/mobile-phones/apple-iphone-13-pro-256-gb-blue-3LaBCAQmb7L6D25tpK7F5QPM.html,3,2026-09-04T21:58:28.854591+00:00,individual,"iPhone 13 Pro | 256GB |  USA Variant
 Battery Health: 77%
 Face ID & True Tone fully working
 Original Purchase Memo available
 Box not available
 Anker Charger + Hoco Cable included
 Mirpur 2, Dhaka 1216
 Interested? Inbox me for details.
 Serious buyers only! Phone can be checked before purchase."
Apple iPhone 15 Pro 128 GB Blue,76000,Used,"Dhaka, Mirpur",2 days ago,https://bikroy.com/mirpur/mobile-phones/apple-iphone-15-pro-128-gb-blue-2Up1Ep3APCNic4vZZUhm2TvO.html,5,2026-09-04T21:58:29.411479+00:00,individual,"🇺🇸 USA Variant Directly Bought from USA
✅ 100% Authentic / Genuine Apple Device
💾 128GB Storage
🔋 85% Battery Health
📶 Dual eSIM Support
🔐 Face ID — Fully Working
🎨 True Tone — Fully Working
🛠️ No Repair History
💯 All Functions Working Perfectly
✨ No Dent • No Scratch
🛡️ Full Body Poly Applied
💧 Water Resistant
📦 Original Box Available"
Apple iPhone Air 256 GB Blue,100000,Used,"Dhaka, Uttara",16 hours ago,https://bikroy.com/uttara/mobile-phones/apple-iphone-air-256-gb-blue-cS55esJZbiGeQe3UlAhxyk4X.html,3,2026-09-04T21:58:30.116195+00:00,individual,"iPhone Air 256GB Sky Blue with Box. Dual eSIM. Battery Health 100%. Cycle count 20. 100% Original & Non-Refurbished Product. 7 Days Replacement & 1 Year Service Warranty. EMI Facility is also AVAILABLE. Contact Us: Exchange Hub, Shop No: 610, 611, 628 & 629, Level-6, Tropical Alauddin Tower, Sector 3, Road 2, Rajlaxmi, Uttara. Call for Details 017XXXXXXXX"
Apple iPhone 16 Pro Max 256 GB Black,109500,Used,"Dhaka, Jatrabari",6 hours ago,https://bikroy.com/jatrabari/mobile-phones/apple-iphone-16-pro-max-256-gb-black-7oLLlkhq7dGS7B2EZeq2nO9J.html,3,2026-09-04T21:58:30.557072+00:00,individual,"আসসালামু আলাইকুম
Wellcome to Gadget Exchange BD
 
♦️All perfect working

🔰 ক্রয়/বিক্রয় ও এক্সচেঞ্জ মানেই gadget Exchange BD

🔷100% জেনুইন প্রোডাক্ট পেতে চলে আসুন আমাদের দোকানে

📝With cash memo

✅ 7 Day's Replacement

✅ 1 Year's service warranty without Parts


Gadget Exchange BD 
দোকান নং,৬৭ (৩য় তলা)
বিক্রমপুর প্লাজা, জুরাইন রেলগেট ঢাকা-১২০৪"
Apple iPhone 14 Pro Max 256 GB Purple,80000,Used,"Dhaka, Jamuna Future Park",1 hour ago,https://bikroy.com/jamuna-future-park/mobile-phones/apple-iphone-14-pro-max-256-gb-purple-dNEXy2edmMe18w3Yw9aL9vEt.html,5,2026-09-04T21:58:31.051355+00:00,individual,"iPhone 14 Pro Max– Best condition 
• 256 GB Storage • 
• Color: Deep Purple
• Singapure(1 eSIM+1 physical sim)
• Battery Health: [86%]
• Absolutely fresh, no issues
• Face ID, Camera, True Tone all 100% OK 
• Box/Charger: None
• Price: ৳80000

7 days replacement guarantee
(without display & software update issue)
3 years free service warranty"
Apple iPhone 16e 256 GB Black,60000,Used,"Dhaka, Dhanmondi",2 days ago,https://bikroy.com/dhanmondi/mobile-phones/apple-iphone-16e-256-gb-black-BXRxecMORoC18DgiRfhHvAd3.html,4,2026-09-04T21:58:31.606682+00:00,individual,"Apple iPhone 16e
Storage : 256gb
Condition : full fresh with no scratch or dent.
Accessories like protector, back cover, screen protector, adapter, cable worth around 10000 will be provided for free. 
Purchase receipt available. 
Warranty Available
Battery Health : 96%
No box
Price : 60000"
Apple iPhone 14 128 GB Blue,53500,Used,"Dhaka, Dhanmondi",16 hours ago,https://bikroy.com/dhanmondi/mobile-phones/apple-iphone-14-128-gb-blue-w3OlY4Xr1JNSGD90kifdGFTa.html,5,2026-09-04T21:58:33.121794+00:00,individual,"iPhone 14 
128 GB
84% BH
Without box
Price :"
Apple iPhone 15 128 GB Black,72000,Used,"Dhaka, Mirpur",8 hours ago,https://bikroy.com/mirpur/mobile-phones/apple-iphone-15-128-gb-black-doOWZKSdXDBEg1vzJK5dmkUH.html,5,2026-09-04T21:58:33.471785+00:00,individual,"Iphone 15 Only 45 time charged 💕

Verrient Singapure 



Battery health 99% CC 45 times 



activation Date : December 2025 



With box , Cable , memo , cover , lense protector and Glass protector 🎶



এই ফোন টি সেকেন্ডারি হিসেবে উসড করা , ১০০% অথেন্টিক এন্ড ফ্রেশ ❤️ 



লোকেশন : মিরপুর ১৪ 



প্রাইস জানতে ওয়াটস্যাপ এ নক করুন 016XXXXXXXX"
Apple iPhone 13 Pro Max 128 GB White,62000,Used,"Dhaka, Mirpur",6 hours ago,https://bikroy.com/mirpur/mobile-phones/apple-iphone-13-pro-max-128-gb-white-zgRBPkk51EfvE4Wa24yGYqQ8.html,3,2026-09-04T21:58:34.118230+00:00,individual,"Iphone 13 pro max full fresh 
kono issues nai 
face id true tone all 100/100
battery health 90% all authentic 
waterproof ase cash memo deya hobe"
Apple iPhone 16 Pro Max 256 GB Black,103000,Used,"Dhaka, Gulshan",7 hours ago,https://bikroy.com/gulshan/mobile-phones/apple-iphone-16-pro-max-256-gb-black-iLADKrkmBEBCf6TgpvcL0CsT.html,3,2026-09-04T21:58:34.814022+00:00,individual,"Shop: Bangkok Tech
Location: Police Plaza, Gulshan 1, Dhaka.

★Iphone 16 Pro Max
Better √
Camera √
Display √
Sound √"
Apple iPhone 12 128 GB White,29500,Used,"Dhaka, Uttara",01/09,https://bikroy.com/uttara/mobile-phones/apple-iphone-12-128-gb-white-5QQ75FumogCEb4tNb5jcHhVf.html,4,2026-09-04T21:58:35.223828+00:00,individual,iPhone 12 All okay just silent button has a little problem that is fixed all okay silent button has been newly installed no problem
Apple iPhone 12 128 GB Green,40000,Used,"Dhaka, Eskaton",1 day ago,https://bikroy.com/eskaton/mobile-phones/apple-iphone-12-128-gb-green-hNZodoOUVVNID4X18WRzkZvI.html,4,2026-09-04T21:58:35.870674+00:00,individual,I have used this phone for 3 years and the internal condition is really good. The backshell was once cracked so I changed it. It’s all good starting from camera to other features. I am selling it off since I took a new phone.
Apple iPhone 12 128 GB,34999,Used,"Dhaka, Basundhara",16 hours ago,https://bikroy.com/basundhara/mobile-phones/apple-iphone-12-128-gb-6jIq9lnIlNpdmjfjqlCrYmUA.html,5,2026-09-04T21:58:36.671029+00:00,individual,"iPhone 12 128GB
Battery Health 87%
Full Boxed
Clean condition, smooth performance & premium feel — still a beast for daily use!
Visit Our Shop
Basement-2, Shop No: 94
Bashundhara City Shopping Complex
Panthapath, Dhaka 1215
You can easily find our shop on the left side after going down the escalator."
Apple iPhone 11 Pro 256 GB Black,34500,Used,"Dhaka, Mohammadpur",7 hours ago,https://bikroy.com/mohammadpur/mobile-phones/apple-iphone-11-pro-256-gb-black-dNZgpdst4x0e8W2unD1TSvfw.html,2,2026-09-04T21:58:37.260281+00:00,individual,"Iphone 11 Pro 256GB 92% Battery Health, Contact number -"
Apple iPhone 12 Pro Max 256 GB Gold,47000,Used,"Dhaka, Keraniganj",29/08,https://bikroy.com/keraniganj/mobile-phones/apple-iphone-12-pro-max-256-gb-gold-pgJ3tQXntTHkVPtA52K8t8vq.html,5,2026-09-04T21:58:37.950620+00:00,individual,"iPhone 12 Pro Max with cash memo

Storage 256gb

Golden color

Face ID True Tone okay

Battery health 100%

Everything original

Only battery change for ifix

3500 tk lagse battery backup onk bhalo

Adapter ankar

cable

any kind of security provide korbo

Price 47000

Location - keraniganj Kadamtoli"
Apple iPhone XS Max 256 GB Black,23000,Used,"Dhaka, Uttara",01/09,https://bikroy.com/uttara/mobile-phones/apple-iphone-xs-max-256-gb-black-d6IU0TJ1wIdNbZs53uddGXI6.html,5,2026-09-04T21:58:38.258972+00:00,individual,"Fresh condition
Rom:256
Bettery change❌
Camera sundor
Location :uttarai
Number 013XXXXXXXX"
Apple iPhone 12 Pro Max 256 GB Gold,47000,Used,"Dhaka, Jatrabari",1 day ago,https://bikroy.com/jatrabari/mobile-phones/apple-iphone-12-pro-max-256-gb-gold-zLxioLDHRNXTqSaTzELYtFHa.html,5,2026-09-04T21:58:38.761780+00:00,individual,"Phone valo
Battery 72 no repair history have one small dent in corner which is shown 
Only box & cable. 
Phone butter smooth 
I need cash"
Apple iPhone 12 128 GB White,27990,Used,"Dhaka, Badda",7 hours ago,https://bikroy.com/badda/mobile-phones/apple-iphone-12-128-gb-white-kuZg5hLojguDaqY4EhLd7frT.html,3,2026-09-04T21:58:39.420178+00:00,individual,"Description:Camera Changed 
Battery Health: 86%
Chipset: A14 Bionic
Display: 6.1""Super Retina XDR OLED
Camera: Back-12+12\Front-12 MP
Battery: 2815 Mah
Device with Cash Memo. 
৭ দিনের রিপ্লেসমেন্ট ও ১ বছরের ফ্রী সার্ভিস পাবেন।আপনার পুরাতন মোবাইল আমাদের সাথে Exchange করতে পারেন।
সাপ্তাহিক বন্ধ:বুধবার।"
Apple iPhone 11 64 GB Black,25500,Used,Dhaka,5 hours ago,https://bikroy.com/dhaka/mobile-phones/apple-iphone-11-64-gb-black-kuOKd4Iq9iKf46dixJBHn3vw.html,5,2026-09-04T21:58:39.815779+00:00,individual,"✅ Model: iPhone 11
✅ Storage: 64GB
✅ Variant: USA
✅ Battery Health: 77%
✅ Face ID: 100% ঠিক আছে
✅ সবকিছু Original
✅ Charger দেওয়া হবে
❌ Box নেই

ফোনটি খুব যত্নসহকারে ব্যবহার করা হয়েছে। ফোন কখনো খোলা হয়নি, তাই যারা Original ও Unopened iPhone খুঁজছেন তাদের জন্য ভালো হবে।
💰 Price: 25,500 fixed"
New Apple iPhone X 256 GB Black,20500,Brand New,"Dhaka, Jatrabari",01/09,https://bikroy.com/jatrabari/mobile-phones/new-apple-iphone-x-256-gb-black-Ckj0OKGrV0hiwcLtzDIAGKV3.html,4,2026-09-04T21:58:40.520769+00:00,individual,"All okay no issue
Imported from Dubai
Storage 256 GB
Face id ✅
Display✅
True tone✅
Front Camera✅
Back Camera ✅
Battery ✅
Only real buyer inbox"
Apple iPhone 12 64 GB Blue,25000,Used,"Dhaka, Uttara",02/09,https://bikroy.com/uttara/mobile-phones/apple-iphone-12-64-gb-blue-yLTdx5R8j6eDxudrQBwpWdJC.html,5,2026-09-04T21:58:41.261224+00:00,individual,"i Phone 12 
সেল পোস্ট 
বেটারি চেঞ্জ  
আর ফেস id নাই 
আর সবকিছু ফুল ওকে  
25k fixed  
শুধুমাত্র যাদের লাগবে তারা ইনবক্স  করুন"
Apple iPhone 13 Pro 256 GB White,49000,Used,"Dhaka, Dhanmondi",16 hours ago,https://bikroy.com/dhanmondi/mobile-phones/apple-iphone-13-pro-256-gb-white-6fuuvRe47F9sevcfoA9rYzIW.html,5,2026-09-04T21:58:41.958417+00:00,individual,"iPhone 13 pro
Without box
256 GB
65% BH"
Apple iPhone 13 128 GB White,37000,Used,"Dhaka, Mirpur",7 hours ago,https://bikroy.com/mirpur/mobile-phones/apple-iphone-13-128-gb-white-C3xNlUJAVmrOrcTrF6cPrNDu.html,5,2026-09-04T21:58:42.664954+00:00,individual,"Iphone 13 / 128gb
Battery health 76% genuine ✅
Variant- Japan / single physical sim .
Full fresh condition!!
Box, cash memo Avilable ✅
Price kichu tah komano jabe !!
Ulta falta price bole time loss korben nah🙏🏻
Real buyer rah knk dben !!!!!!"
Apple iPhone 11 128 GB Black,25000,Used,"Dhaka, Kamrangirchar",3 hours ago,https://bikroy.com/kamrangirchar/mobile-phones/apple-iphone-11-128-gb-black-rMVTiIzyYZRsSBILULDSsPqp.html,5,2026-09-04T21:58:43.352545+00:00,individual,"আসসালামুআলাইকুম 
iphone 11 (128gb )
ফোন টি ফুল ফ্রেস কন্ডিশন কোন সমস্যা নাই।
ডিসপ্লে অরিজিনিয়াল।
ফেইস আইডি ওকে।
ট্রুটন ওকে।
বেটারি হেল্থ। ৭৬%
ফোনের সাথে সব ধরনের সিকিউরিটি দেওয়া যাবে।
ফোন টি একচেঞ্জ করতে পারবেন সুধু iphone এর সাথে ।
যারা নিবেন এখুনি যোগাযোগ করুন । ধন্যবাদ"
OnePlus 15 256 GB White,87000,Used,"Dhaka, Mohammadpur",30/08,https://bikroy.com/mohammadpur/mobile-phones/oneplus-15-256-gb-white-vZkoJUDfIW6V0oDpquH8ZCt7.html,3,2026-09-04T21:58:44.006336+00:00,individual,"OnePlus 15
12/256gb
Full box 
Global variant 
Super smooth & super fresh 
No dent & scratch 
NB: phone dekhte hole or nite hole must be location a aste hobe"
OnePlus 12 256 GB Black,45000,Used,"Dhaka, Uttara",27/08,https://bikroy.com/uttara/mobile-phones/oneplus-12-256-gb-black-xkL82JPgEYlyaoDXSW8Y3p72.html,3,2026-09-04T21:58:44.753057+00:00,individual,"OnePlus 12/255.
No issue.all ok
Cash Memo provided 
*Only Devie*
সব দেখে বুঝে শুনে নিবেন- FULL FRESH"
OnePlus 12 256 GB Black,44000,Used,"Dhaka, Mirpur",13/08,https://bikroy.com/mirpur/mobile-phones/oneplus-12-256-gb-black-4dGofvYlpLoZRw1tmwcUq22.html,5,2026-09-04T21:58:45.409721+00:00,individual,"Urgent sell 
Oneplus 12
Storage : 12/256gb
Update: all the updates are given.last update on 31july.
Battery health : 90%
Except minor scratches on the body frame or glass, everything is pristine. Simply put, the phone is still 90% fresh.

Location: Dhaka.
You will get the device, charger & cable, cash memo & NID for security."
OnePlus 12 512 GB Black,50000,Used,"Dhaka, Bashundhara City",28/08,https://bikroy.com/bashundhara-city/mobile-phones/oneplus-12-512-gb-black-3zxtjZ7WZ7FaOO2KzLh9WiVs.html,5,2026-09-04T21:58:46.004999+00:00,individual,"OnePlus 12 — 16GB RAM / 512GB Storage
 Condition: Clean & fresh No scratches or dents
Battery Health: 84%
Used for: 2 years
RAM/Storage: 16GB / 512GB
Fully functional — no issues

Interested buyers can inbox for details."
OnePlus 13 256 GB White,64000,Used,"Dhaka, Jamuna Future Park",4 hours ago,https://bikroy.com/jamuna-future-park/mobile-phones/oneplus-13-256-gb-white-BkTZCMuWOuKcH8aMUrlfJ8Pz.html,3,2026-09-04T21:58:46.551097+00:00,individual,"OnePlus 13 Global
12GB 256GB
Full Fresh condition

 Paramount Gadget
Jamuna Future Park Shopping Mall
Level 4, Shop No: 006C"
OnePlus 15R 512 GB Black,55000,Used,"Dhaka, Mirpur",30/08,https://bikroy.com/mirpur/mobile-phones/oneplus-15r-512-gb-black-xtZXPjtbdfjG3i1i5atQoGLq.html,5,2026-09-04T21:58:47.246621+00:00,individual,"• হালকা কিছু rash/ব্যবহারের দাগ আছে
• সবসময় cover ব্যবহার করা হয়েছে
• Overall very good condition
📦 Original 65W OnePlus Genuine Adapter Included ⚡
🧾 Purchase: Jamuna Future Park
✅ Original Purchase Invoice Available
📍 Location: Mirpur, Kazipara
💎 Premium Device • Genuine Invoice • Genuine Adapter"
OnePlus 13 256 GB Black,57990,Used,"Dhaka, Shyamoli",7 hours ago,https://bikroy.com/shyamoli/mobile-phones/oneplus-13-256-gb-black-Be4a4ZYwBZJ2PFZcffLd2e5a.html,5,2026-09-04T21:58:47.898290+00:00,individual,"New Arrival best Price 
Get #NEW_ One Plus 13 5G 12/256GB Chinese BATTERY HEALTH 99 %
#_USED_NEW_CONDITION_FULL_BOX
Exchange Possible 
We sell 100% Original Product
You can check it however you like. 
Warranty Policy  
7 Days Parts Replacement Warranty 
2 Year Service Warranty Without LCD, Software & Physical Damage"
New OnePlus 256 GB,62999,Brand New,"Dhaka, Bashundhara City",7 hours ago,https://bikroy.com/bashundhara-city/mobile-phones/new-oneplus-256-gb-ppsVFtWgCSk3YKQt0BV1LjAo.html,2,2026-09-04T21:58:48.350949+00:00,individual,"10-day replacement guarantee
 2-year service warranty
 Fast and secure courier service across the country
 Attractive exchange offers available
 Emon Gadget Point
Basement-1, Shop-84
Bashundhara City Shopping Mall"
OnePlus Nord 6 256 GB Black,49990,Used,"Dhaka, Dhanmondi",6 hours ago,https://bikroy.com/dhanmondi/mobile-phones/oneplus-nord-6-256-gb-black-xcfmdXn9BjlfsnHL7Tl71AvC.html,3,2026-09-04T21:58:49.084575+00:00,individual,"""Welcome to ""Al Aqsa Mobile"" 
 Reach us___________________ 
 *Al Aqsa Mobile*
 Shop No-449 ,Lift -3, Orchard Point, Dhanmondi 7, Dhaka-1209
 Model :
 RAM : 8 
 ROM : 256
 Price Fixed"
OnePlus 12 256 GB Green,46000,Used,"Dhaka, Uttara",23/08,https://bikroy.com/uttara/mobile-phones/oneplus-12-256-gb-green-cpmPiiAd8HjCtfrdFEvwYi3T.html,5,2026-09-04T21:58:49.640136+00:00,individual,"OnePlus 12 12-256 full fresh phone 
Battery health 87%
No problems at all
You can check it as much as you want. Comes with the box, 80W original charger, and a cover.
Price almost fixed
Please do not act petty by offering ridiculous prices
If you want to know anything, feel free to call directly"
OnePlus 12 256 GB White,48000,Used,"Dhaka, Jatrabari",27/08,https://bikroy.com/jatrabari/mobile-phones/oneplus-12-256-gb-white-wRtAxgajARomgP3GvxHAMCbT.html,3,2026-09-04T21:58:50.051073+00:00,individual,One plus 12 full white is up for sale. No dent or scratch. Fully fresh. Original box will be provided.
OnePlus 15 256 GB White,87000,Used,"Dhaka, Baridhara",7 hours ago,https://bikroy.com/baridhara/mobile-phones/oneplus-15-256-gb-white-d7b2JnypLwzOjR4xaqnuSgoM.html,4,2026-09-04T21:58:50.506770+00:00,individual,"one plus 15
Custom Global 
full box 
full fresh condition"
OnePlus 13R 256 GB Black,45000,Used,"Dhaka, Mirpur",27/08,https://bikroy.com/mirpur/mobile-phones/oneplus-13r-256-gb-black-4Ye9TCchHKpwL3yEAmTFgx4b.html,4,2026-09-04T21:58:51.206565+00:00,individual,Phone full fresh condition Chek kore nite parben .Ekhono phone a kono service korano hoy nee .emarjency Taka dorkar taii phone ta sell kora .Location. Dhaka Mirpur 6 016XXXXXXXX 017XXXXXXXX
New OnePlus 15R 256 GB,67499,Brand New,"Dhaka, Bashundhara City",7 hours ago,https://bikroy.com/bashundhara-city/mobile-phones/new-oneplus-15r-256-gb-jH8JFKtmwzXfcpNFHIOC4fb3.html,3,2026-09-04T21:58:51.918826+00:00,individual,"10-day replacement guarantee
 2-year service warranty
 Safe courier facility across the country
 Attractive exchange offers
 Basement-1, Shop-84, Bashundhara City Shopping Mall
 Prices are subject to change. Please contact us on WhatsApp before visiting."
OnePlus 9 256 GB Black,25000,Used,"Dhaka, Jatrabari",31/08,https://bikroy.com/jatrabari/mobile-phones/oneplus-9-256-gb-black-d6MbaNu1hWgnHF98tc92Eu0x.html,5,2026-09-04T21:58:52.363928+00:00,individual,"Name : Oneplus 9 5G
Model : LE2115
OxygenOS 14.0
Ram : 12GB+ extra 12GB
Rom : 256GB
Processor : Qualcomm Snapdragon 888 Octa-core
Battery: 4500 mAh
Camera: Front 16MP
                Rear 48MP+50MP+2MP
Android Version: 14
Price : 25k

Display Change But Oreginal .
Backshell change.
Charging stability is good .
Best gaming performance."
OnePlus Nord 4 128 GB Black,26999,Used,"Dhaka, Khilgaon",16 hours ago,https://bikroy.com/khilgaon/mobile-phones/oneplus-nord-4-128-gb-black-BrNYnloEslj8zRsdkxMECiBC.html,3,2026-09-04T21:58:52.856398+00:00,individual,"Assalamu alaikum.
Greetings from ""Mobo Live Bd"". 

Black
Full Factory unlock
100% original device 
Dear Honourable Customer,
Now you can purchase with EMI of 21 banks credit card. Thanks for being with us."
OnePlus 11R 128 GB Black,25000,Used,"Dhaka, Savar",7 hours ago,https://bikroy.com/savar/mobile-phones/oneplus-11r-128-gb-black-zWYWLhO9fwRivZ159G65436T.html,5,2026-09-04T21:58:53.559940+00:00,individual,"Display: 6.74"" amoled, 120hz
processor: snapdragon 8+ gen 1
camera: 50mp + 8mp + 2mp, front 16mp
battery: 5000mah
charging: 100w supervooc
ram/storage: 8gb ram, 128gb storage
5g: available
os: android"
OnePlus 10T 128 GB Silver,25000,Used,"Dhaka, Savar",16 hours ago,https://bikroy.com/savar/mobile-phones/oneplus-10t-128-gb-silver-86ijUbQiY68rCsjYFaDDFKrq.html,5,2026-09-04T21:58:54.009393+00:00,individual,"OnePlus 10t**8/128 in display finger (original display)
আমার মোবাইল ফোনের দোকান আমি সেকেন্ড হ্যান্ড ফোন ক্রয় বিক্রয় করি, কিন্তু এই ফোনটা নিজে ইউজ করতেছি এখন এটি বিক্রি করব, ফোনে শুধু ব্যাকসাইলটাই ফাটা,এছাড়া আর কোন সমস্যা নাই"
OnePlus Nord 2T 128 GB,30000,Used,"Dhaka, Dhamrai",17/08,https://bikroy.com/dhamrai/mobile-phones/oneplus-nord-2t-128-gb-6rhcepOi5naaIuMv12jJ2C3I.html,4,2026-09-04T21:58:54.672020+00:00,individual,"Assalamu Alaikum, I am using this phone myself, newly purchased, no type of problem at all, has in-display fingerprint, never opened, front and back cameras are okay, feel free to check thoroughly, box and charger are included, must come to the location to pick it up, Location: Bypail, Palli Bidyut"
OnePlus Nord 4 256 GB Black,29999,Used,"Dhaka, Paltan",2 days ago,https://bikroy.com/paltan/mobile-phones/oneplus-nord-4-256-gb-black-i5HQK1u2UZPKeD9CKcE9OplC.html,5,2026-09-04T21:58:55.299788+00:00,individual,"Oneplus nord4
8/256
Snapdragon 7plus gen3
Full friesh / no any problem"
OnePlus 10R 128 GB Black,19490,Used,"Dhaka, Mirpur",4 hours ago,https://bikroy.com/mirpur/mobile-phones/oneplus-10r-128-gb-black-tQ8Ab3quw14wKuZgXFOzCffX.html,4,2026-09-04T21:58:55.660821+00:00,individual,">Adiba Telecom >
Shop No: 34, 3rd Floor, Baghdad Shopping Complex, Mirpur- 1, Dhaka- 1216... 
The phone is 100% genuine and we offer a 7-day replacement guarantee and a 1-year free service warranty. (Without Parts)
Free courier charge all over Bangladesh
Exchange offer. Discount price.
Best camera phone"
OnePlus 8 Pro 128 GB Blue,27000,Used,"Dhaka, Sutrapur",10/08,https://bikroy.com/sutrapur/mobile-phones/oneplus-8-pro-128-gb-blue-2DzLRwQPBW9kW5NCqvnJP7cQ.html,3,2026-09-04T21:58:56.221072+00:00,individual,"In very fresh condition, comes with box and charger. Battery backup is quite good, Alhamdulillah. Camera condition is good. 
Selling because I have been using it for a long time and want to get a new phone. 
Not possible to give a huge discount, maybe an amount equivalent to a good cup of tea can be considered."
OnePlus 11R 512 GB Red,31500,Used,"Dhaka, Jatrabari",7 hours ago,https://bikroy.com/jatrabari/mobile-phones/oneplus-11r-512-gb-red-oQHtKU60odRxxGjrjkG3Yz2V.html,4,2026-09-04T21:58:56.864827+00:00,individual,"Condition:Full Fresh Body Unfresh Slightly
Ram:18GB Special Edition
Rom:512GB
Amoled Display 
Snapdragon 8+ Gen 1
Price:Fixed
(যাত্রাবাড়ী আমাদের সাপ্তাহিক বন্ধ সোমবার) 
ঠিকানা:ঢাকা যাত্রাবাড়ী, শহীদ ফারুক রোড, তাজ-তানভীর সুপার মার্কেট, ২য় তলা, দোকান নাম্বার:১০ (MobileHub)"
OnePlus 9RT 5G 128 GB Black,22999,Used,"Dhaka, Bosila",24/08,https://bikroy.com/bosila/mobile-phones/oneplus-9rt-5g-128-gb-black-5p4EVP9iiDfWh2mTMIZ48DS7.html,5,2026-09-04T21:58:57.620620+00:00,individual,"OnePlus 9RT for sale. 8/128GB. Includes 65W original charger and Snapdragon 888 processor. Guaranteed no green line issues. Original display and back shell. Never opened. Amazing camera quality. Get one full day of battery backup with normal use. Box was lost during house shifting, but I can provide a cash memo and NID copy. Feel free to make an offer."
OnePlus 11R 256 GB Black,27500,Used,"Dhaka, Jatrabari",1 day ago,https://bikroy.com/jatrabari/mobile-phones/oneplus-11r-256-gb-black-33Rn3UpnF4zgOaihKq3XbIBR.html,5,2026-09-04T21:58:58.320932+00:00,individual,"Oneplus 11R 5G
টাকা দরকার তাই বিক্রি করব 
Processor, Snapdragon® 8+ Gen 1
Battery, 5000 mAh (TYP) হেল্ত,৮২%
RAM,16 GB 
ROM, 256
Cameras,Front 16MP,Rear 50MP+8MP+2MP
ফোনে কোন প্রবলেম নেই যত খুশি চেক করে নিবেন,
 অনলি ফোন পাবেন সিকিউরিটি হিসাবে যা চান তাই পাবেন 
নিতে হলে আমার দোকানে আসতে হবে 
লোকেশন, শনিআখরা পলাশপুর ১নং রোড, দোকানের নাম,M,A,laundry"
OnePlus 9R 256 GB Blue,20000,Used,"Dhaka, Uttara",28/08,https://bikroy.com/uttara/mobile-phones/oneplus-9r-256-gb-blue-yJUPZanD3nr7t1cUInAL8YVi.html,5,2026-09-04T21:58:59.169439+00:00,individual,"OnePlus 9R 5G 
8+8gb ram
256gb rom
Camera 🔥
ফোনের কোন সমস্যা নাই 016XXXXXXXX"
OnePlus 9 Pro 256 GB Green,28900,Used,"Dhaka, Mirpur",16 hours ago,https://bikroy.com/mirpur/mobile-phones/oneplus-9-pro-256-gb-green-9TrbSL9P0DebXCGa2itsv8KD.html,5,2026-09-04T21:58:59.771425+00:00,individual,"OnePlus 9pro 12/256GB International Global Variant.
All Authentic Original Parts.
Kono Problem nai, All Okay.
Super Fast Mobile, Super Camera
Dhaka Mirpur Pallabi Notun thana"
OnePlus Nord CE4 128 GB,22500,Used,"Dhaka, Jatrabari",7 hours ago,https://bikroy.com/jatrabari/mobile-phones/oneplus-nord-ce4-128-gb-xgINrUQsdZhQqlyi9Fzz0ZhF.html,4,2026-09-04T21:59:00.518990+00:00,individual,"Assalamu Alaikum
Welcome to Gadget Exchange BD
 
 All perfect working
 Buying/selling and exchange means Gadget Exchange BD
 Come to our shop to get 100% genuine products
 With cash memo
 7 Days Replacement
 1 Year service warranty without Parts
 Gadget Exchange BD 
Shop No. 67 (3rd Floor)
Vikrampur Plaza, Jurain Railgate, Dhaka-1204"
Xiaomi Redmi Note 13 Pro 256 GB Black,27000,Used,"Rajshahi, Court Station",04/06,https://bikroy.com/court-station/mobile-phones/xiaomi-redmi-note-13-pro-256-gb-black-4aXe4AhdhsgxM4Va4x6SxW1q.html,5,2026-09-04T21:59:01.359955+00:00,individual,Full fresh... box and charger all included... phone is like new...
Xiaomi 15 256 GB Black,31000,Used,"Rajshahi, Shaheb Bazar",16/06,https://bikroy.com/shaheb-bazar/mobile-phones/xiaomi-15-256-gb-black-9RfHlgWBchvRXMT7i1ku8fb7.html,2,2026-09-04T21:59:02.052491+00:00,individual,"It has been 1 month since I bought the mobile, it is brand new and fresh, I have the memo, I have the box, everything will be given, it is not an issue, I need money so I will sell it."
Xiaomi Redmi Turbo 4 Pro 256 GB White,36500,Used,"Rajshahi, Boalia",23/08,https://bikroy.com/boalia/mobile-phones/xiaomi-redmi-turbo-4-pro-256-gb-white-BPXXg8Oghkoc8S0lBB9lrtAL.html,5,2026-09-04T21:59:02.561500+00:00,individual,"Xiaomi Redmi Turbo 4 Pro (256GB, White) for sale.
The phone condition is very good, with no scratches or display issues. Everything works properly. Original box and charger will be provided with it. Battery health 98. Contact"
Xiaomi Redmi Turbo 4 256 GB White,27000,Used,"Rajshahi, Boalia",30/07,https://bikroy.com/boalia/mobile-phones/xiaomi-redmi-turbo-4-256-gb-white-wRfaVFKWMUv8rDI2xs56H6N1.html,3,2026-09-04T21:59:03.200432+00:00,individual,Turbo 4 has box and charger
Xiaomi Redmi Pro 256 GB White,27000,Used,"Rajshahi, Rajpara",18/06,https://bikroy.com/rajpara/mobile-phones/xiaomi-redmi-pro-256-gb-white-Bw1sSRFHoy0O4w2jQtjiuNpz.html,2,2026-09-04T21:59:03.750915+00:00,individual,"Redmi K40 Gaming (White/12-256GB)
 Dimensity 1200 | 120Hz OLED | 5065mAh
• Condition: Fresh (no scratches/dents or internal issues).
• Gaming: Pop-up triggers are 100% working. PUBG, Free Fire, COD run smoothly.
• Included: Back cover."
Xiaomi Redmi Turbo 4 Pro 256 GB Rose Gold,38000,Used,"Rajshahi, Laksimipur",31/08,https://bikroy.com/laksimipur/mobile-phones/xiaomi-redmi-turbo-4-pro-256-gb-rose-gold-rMXmMLNj7vp9JrzEbiVgXBVH.html,4,2026-09-04T21:59:04.495567+00:00,individual,"All ok. No problem. Box charger everything is there, can be given."
New Xiaomi Redmi Turbo 5 Max 256 GB Orange,42000,Brand New,"Rajshahi, Uposahar",2 days ago,https://bikroy.com/uposahar/mobile-phones/new-xiaomi-redmi-turbo-5-max-256-gb-orange-b4lcMifO9MKFH0djR8MdH0f9.html,4,2026-09-04T21:59:04.902143+00:00,individual,"full fresh as like brand new, with full box."
Xiaomi Redmi Note 15 Pro+ 256 GB Silver,35000,Used,"Rajshahi, Boalia",9 hours ago,https://bikroy.com/boalia/mobile-phones/xiaomi-redmi-note-15-pro-256-gb-silver-dwzp36PX9NTRHVEpowKH5Kbs.html,4,2026-09-04T21:59:05.549953+00:00,individual,"একদম নতুন কন্ডিশন । 
মেমো দেওয়া হবে ।
 যোগাযোগ 016XXXXXXXX 015XXXXXXXX"
Xiaomi Civi 1S 256 GB Purple,30000,Used,"Rajshahi, Court Station",10/07,https://bikroy.com/court-station/mobile-phones/xiaomi-civi-1s-256-gb-purple-f0oGnarwrhoVLtCSi1Z92mPD.html,4,2026-09-04T21:59:06.300307+00:00,individual,Used phone with no problem
Xiaomi Redmi Note 13 Pro+ 256 GB Blue,29000,Used,"Rajshahi, Boalia",04/06,https://bikroy.com/boalia/mobile-phones/xiaomi-redmi-note-13-pro-256-gb-blue-yPAnY5EqmjA3SPeI4iOvzo6N.html,3,2026-09-04T21:59:06.820165+00:00,individual,Used with one hand. Comes with the original box and charger. It is in fresh condition; you can check it as much as you want before buying.
Xiaomi 13 256 GB Silver,30000,Used,"Rajshahi, Shaheb Bazar",11/08,https://bikroy.com/shaheb-bazar/mobile-phones/xiaomi-13-256-gb-silver-q3bM65LVyA1waULhg10aaYWa.html,3,2026-09-04T21:59:07.440150+00:00,individual,"A very good phone with no problems. Check and take it as much as you want. The camera is very good, the phone works great, and there are no kinds of problems."
Xiaomi Redmi K70 256 GB Graphite,29000,Used,"Rajshahi, Chhota Banagram",15 hours ago,https://bikroy.com/chhota-banagram/mobile-phones/xiaomi-redmi-k70-256-gb-graphite-xkNeFMg9C3cKwXIA00G1QxeS.html,4,2026-09-04T21:59:08.155899+00:00,individual,"ফোন ১০০ ফ্রেশ, ৫ দিন আগে কেনা ইমার্জেন্সি টাকার দরকার তাই সেল দিব, ক্যাশ মেমো আছে, ফোনের কোন প্রকার কোন দাগ নেই হানডেট পারসেন্ট শেষ"
Xiaomi Poco M6 Pro 128 GB Silver,15499,Used,"Rajshahi, Vodra",16 hours ago,https://bikroy.com/vodra/mobile-phones/xiaomi-poco-m6-pro-128-gb-silver-Cpvn7wzDNDaOVQ4amJgl2F15.html,4,2026-09-04T21:59:08.820874+00:00,individual,"Limited stock – First come, first served!

Our Address: Baneshwar Shibpur Hat, Puthia, Rajshahi 
100% Trust
Right price, right product
FAHIM mobile zone, your trusted mobile shop"
Xiaomi 12T Pro 256 GB Black,17000,Used,"Rajshahi, Puthia",25/08,https://bikroy.com/puthia/mobile-phones/xiaomi-12t-pro-256-gb-black-f552F1LDeUG36aE1UiNYBjBL.html,3,2026-09-04T21:59:09.362263+00:00,individual,ফোনে ডিসপ্লে গ্রিন লাইন। মাইক্রফোনে একটু সমস্যা।
Xiaomi Redmi Note 13 Pro 5G 256 GB Red,27000,Used,"Rajshahi, Boalia",25/08,https://bikroy.com/boalia/mobile-phones/xiaomi-redmi-note-13-pro-5g-256-gb-red-bsftR31rsF0RxgRoJi9E4EEx.html,3,2026-09-04T21:59:09.845953+00:00,individual,"*Redmi Note 13 Pro 5G *
 *Main Camera Sensor-এ হালকা দাগ আছে**, তাই ছবি তুললে পাতলা দাগ দেখা যায়। Wide-angle ও অন্যান্য সবকিছু ঠিক আছে।*
 *Box + ২টি Cover দেওয়া হবে*

 যতক্ষণ ইচ্ছা দেখে ও চেক করে নিতে পারবেন।

*Price Negotiable*
 *Location: Alokar More, Rajshahi*
*গেমিং এর জন্য খুব ভালো ফোন । আমি গেম খেলার জন্য কিনেছিলাম কিন্তু গেম খেলিনা*"
Xiaomi Redmi Note 13 128 GB Blue,15000,Used,"Rajshahi, Laksimipur",29/08,https://bikroy.com/laksimipur/mobile-phones/xiaomi-redmi-note-13-128-gb-blue-i7gozoPWc8cMGj7KqsHXeMc5.html,5,2026-09-04T21:59:10.369221+00:00,individual,Full fresh with box and cash memo
Xiaomi Poco F3 128 GB Black,15000,Used,"Rajshahi, Shaheb Bazar",30/08,https://bikroy.com/shaheb-bazar/mobile-phones/xiaomi-poco-f3-128-gb-black-a5VWRW9xjYPk6q1SXUYWAWRR.html,4,2026-09-04T21:59:11.103006+00:00,individual,"৮/১২৮
ফোনটি ইন্ডিয়ান ফোন, ফোনে কোন সমস্যা নাই শুধু ব্যাটারি ব্যাকআপ একটু কম দেয়, এবং অল ওকে গেমিং ফোন, 
অফার মূল্যে ছেড়ে দেবো"
Xiaomi Redmi Note 15 256 GB Pink,26500,Used,"Rajshahi, Shaheb Bazar",01/09,https://bikroy.com/shaheb-bazar/mobile-phones/xiaomi-redmi-note-15-256-gb-pink-5INoIaNdEW2PXZro8lUZntzn.html,5,2026-09-04T21:59:11.639349+00:00,individual,"Phone bought 2 months ago, box and charger all available,, selling because I need money, 26,500 fixed price"
Xiaomi Redmi Note 13 Pro 5G 256 GB Black,24000,Used,"Rajshahi, Paba",28/08,https://bikroy.com/paba/mobile-phones/xiaomi-redmi-note-13-pro-5g-256-gb-black-p7OufExggkLdLARneERnkoKd.html,5,2026-09-04T21:59:12.222999+00:00,individual,Phone kono problem nai full fresh new phone nibo sei jonne sell korbo excange possible
Xiaomi Redmi Note 13 256 GB White,20500,Used,"Rajshahi, Uposahar",13 hours ago,https://bikroy.com/uposahar/mobile-phones/xiaomi-redmi-note-13-256-gb-white-xignw3rj0NfqneZ99WjxiKqE.html,4,2026-09-04T21:59:13.021143+00:00,individual,"12/256 
Xiaomi note 13 pro 
Location uposhohor rajshahi
Backsell halka fata 
Tachra all ok"
New Xiaomi Redmi Note 13 128 GB White,16000,Brand New,"Rajshahi, Motihar",31/08,https://bikroy.com/motihar/mobile-phones/new-xiaomi-redmi-note-13-128-gb-white-rYeQdQgs9Cpe2oAnQsLRBLgv.html,5,2026-09-04T21:59:13.454777+00:00,individual,বক্স চার্জার মেমো সবকিছু আছে কোন ধরনের সমস্যা নাই জতোখুশি চেক করে নিবেন  বেকসেল সাইডে স্কেচ আছে বোঝা যায় না
Xiaomi Redmi Note 15 256 GB Pink,27000,Used,"Rajshahi, Court Station",2 days ago,https://bikroy.com/court-station/mobile-phones/xiaomi-redmi-note-15-256-gb-pink-e1J8Oru7Kj8gfPT1A3ikoJM4.html,3,2026-09-04T21:59:13.962189+00:00,individual,"২মাস হয়েছে ফোন কিনা বক্স চার্জ সব আছে,, 
এক বছরের ওয়ারেন্টি আছে,, 
জরুরী টাকার প্রয়োজন এজন্য বিক্রি করতেছি"
Xiaomi Redmi 13C 128 GB Blue,17500,Used,"Rajshahi, Paba",30/08,https://bikroy.com/paba/mobile-phones/xiaomi-redmi-13c-128-gb-blue-dDfe8RAMUzaEVrgqOTpW3fZg.html,5,2026-09-04T21:59:14.514637+00:00,individual,"নাম মাত্র ২ মাস ব্যবহৃত,  ফোন প্রায় ব্রান্ড নিউ এবং অফিসিয়াল,  কোন প্রকার সমস্যা নাই।"
Xiaomi 11 Lite 5G NE 128 GB Pink,15000,Used,"Rajshahi, Court Station",23/08,https://bikroy.com/court-station/mobile-phones/xiaomi-11-lite-5g-ne-128-gb-pink-eLLuil2RmYOEb2BYf2CFmtw5.html,3,2026-09-04T21:59:15.238825+00:00,individual,"Redmi 10 Power 8/128, no problems, phone is all ok, full box, fixed price 15k"
Xiaomi Redmi Note 13 256 GB Black,18999,Used,"Rajshahi, Kazla",7 hours ago,https://bikroy.com/kazla/mobile-phones/xiaomi-redmi-note-13-256-gb-black-wCZIz7KOcmx7MZxDbzSrq4PF.html,5,2026-09-04T21:59:15.894117+00:00,individual,"Redmi note 13 5G 
8/256GB Indan phone 
Call me"
Xiaomi Poco C85 4G 128 GB Blue,19999,Used,"Rajshahi, Motihar",01/09,https://bikroy.com/motihar/mobile-phones/xiaomi-poco-c85-4g-128-gb-blue-kBo1lZVwFINQgxbJ6lBNCT1V.html,5,2026-09-04T21:59:16.435105+00:00,individual,ফোনে কোন সমস্যা নাই ফুল ফ্রেশ ফোনের সাথে বক্স নাই চার্জার আছে
Xiaomi 15T 256 GB Black,62000,Used,"Chattogram, Kotwali, Chattogram",01/06,https://bikroy.com/kotwali/mobile-phones/xiaomi-15t-256-gb-black-3QIHe2Hf3IMHCTw8Kq5CUmU.html,5,2026-09-04T21:59:17.153512+00:00,individual,Full fresh phone without any scratch. Bought 3 months ago but barely used. Right now switching to iPhone that's the only reason I'm selling this phone. Brand new condition. For more information contact with me.
New Xiaomi 256 GB White,39999,Brand New,"Chattogram, Agrabad",16 hours ago,https://bikroy.com/agrabad/mobile-phones/new-xiaomi-256-gb-white-yL7T2JE6hFTyCSEeveH4a9di.html,2,2026-09-04T21:59:17.852809+00:00,individual,"To know the price of any updated product, like and follow our page to stay with us. Our page link - 
** Call or Whatsapp. 
** Redmi Turbo 5 (12/256) 5G.
 
- Address :
Shop- 537, Level -5 (4th floor of capsule lift, go straight after exiting the lift, JojoBD)
Akhtaruzzaman Center, Agrabad, Chittagong."
Xiaomi Redmi 512 GB Black,49000,Used,"Chattogram, Pahartali",08/06,https://bikroy.com/pahartali/mobile-phones/xiaomi-redmi-512-gb-black-feRPJ6Q42ZlXAoPXFjKjfH4P.html,5,2026-09-04T21:59:18.499733+00:00,individual,"Assalamu Alaikum.
Only those who are interested in taking the mobile should call or message. Please quote the price considering the market. This is not 256 GB storage, it is 512 GB storage, so please check the price accordingly. I have given the price I can offer. If you are interested at 49 thousand, please inbox me. If you want to know anything else, that can also be discussed."
Xiaomi Redmi Note 14 Pro+ 256 GB Black,35000,Used,"Chattogram, Sitakunda",26/08,https://bikroy.com/sitakunda/mobile-phones/xiaomi-redmi-note-14-pro-256-gb-black-64DinkGUTU55xUj1GyttVAWo.html,4,2026-09-04T21:59:19.162737+00:00,individual,"Model: Redmi note 14 pro+ 5g
RAM:12+4GB
ROM:256 GB
Snapdragon 7s gen 3 processor
Camera:50mp main + 50mp telephoto+8mp ultrawide(front:20mp)
Full fresh condition.
With full box+charger
Mobile dekhar jonno must location e aste hobe."
Xiaomi 15 Ultra 16/512 GB (Used),84999,Used,"Chattogram, Nasirabad",15 hours ago,https://bikroy.com/nasirabad/mobile-phones/xiaomi-15-ultra-16-512-gb-used-2Vd8pN0uvGHT1C1J5CHTxKai.html,4,2026-09-04T21:59:19.696992+00:00,individual,"🔥 Like New Deal — Flagship Beast Ready! 🔥

📱 Xiaomi 15Ultra
✨ Only 1Month Used | Full Fresh Condition

⚡ 16GB RAM | 512GB Storage | 📸 Flagship Leica Camera | ✨ Premium Design

💰 Price: 84,990/- 💥💥

🚚 Delivery Available | 🔄 Exchange Available | 💳 EMI Available

🛡️ 15-Day Replacement Guarantee | Lifetime Service Warranty

📞 
🌐 www.decentbd.com

📍𝐅𝐢𝐧𝐥𝐚𝐲 𝐒𝐪𝐮𝐚𝐫𝐞, Level-4, Shop-406, 2No Gate, Nasirabad, Chattogram
📍𝐅𝐢𝐧𝐥𝐚𝐲 𝐒𝐨𝐮𝐭𝐡 𝐂𝐢𝐭𝐲, Level-5, Shop-525, Bahaddarhat, Chattogram

#Xiaomi15Ultra #FlagshipPhone #UsedPhoneBD #ChattogramDeals #decentbd Show more"
Xiaomi Redmi Note 15 Pro+ 256 GB Silver,45000,Used,"Chattogram, Oxygen",14/07,https://bikroy.com/oxygen/mobile-phones/xiaomi-redmi-note-15-pro-256-gb-silver-63fhz54wSywIc0XpJyJfzslt.html,5,2026-09-04T21:59:20.322610+00:00,individual,I need money urgently. That's why I'm gonna sell my handset. Everything is okay. Device is fresh. For more details Please contact me 019XXXXXXXX
Xiaomi 13 Pro China Global (Used),38000,Used,"Chattogram, Kotwali, Chattogram",23/05,https://bikroy.com/kotwali/mobile-phones/xiaomi-13-pro-chin-global-used-8w7vo1pyRcusVMX7GyTTXVec.html,4,2026-09-04T21:59:21.045596+00:00,individual,The phone is in pristine condition; feel free to inspect it thoroughly before purchasing. It comes with a 67W charger and features a DSLR-like camera. WhatsApp for more details. The phone is completely scratch-free.
Xiaomi 17 256 GB Green,85000,Used,"Chattogram, Chawkbazar",16 hours ago,https://bikroy.com/chawkbazar/mobile-phones/xiaomi-17-256-gb-green-8Xup8fLAEpIqYC1vPEFxOsxq.html,3,2026-09-04T21:59:21.564236+00:00,individual,"Xiaomi 17
Just open Box,
like new condition
with Box and everything"
New Xiaomi Redmi Note 15 Pro+ 256 GB Black,42999,Brand New,"Chattogram, Agrabad",16 hours ago,https://bikroy.com/agrabad/mobile-phones/new-xiaomi-redmi-note-15-pro-256-gb-black-d3Ujl6ZAXp2p3YEHED5lbycC.html,3,2026-09-04T21:59:22.337815+00:00,individual,"Stay with us by liking and following our page to get updates on product prices. Our page link - 
** Call or message us on WhatsApp at the number provided on Bikroy to buy a phone on installment.
---------------
Address:
Shop- 537, Level-5 (4th floor of capsule lift, 
Go straight after exiting the lift, JojoBD)
Akhtaruzzaman Center, 
Agrabad, Chittagong."
Xiaomi Redmi Turbo 4 Pro 256 GB White,37000,Used,"Chattogram, Fatikchari",12/08,https://bikroy.com/fatikchari/mobile-phones/xiaomi-redmi-turbo-4-pro-256-gb-white-iOfIzFckfG6fZygTjzjc6qFn.html,5,2026-09-04T21:59:22.798179+00:00,individual,"Redmi Turbo 4 Pro (16GB/256GB) – Like New
 Used for only 1 month
 10/10 condition, no scratches or issues
 Everything works perfectly
 Includes original box, original charger, and all accessories
 Personal use phone"
New Xiaomi Redmi Note 15 Pro+ 256 GB Blue,38999,Brand New,"Chattogram, Agrabad",16 hours ago,https://bikroy.com/agrabad/mobile-phones/new-xiaomi-redmi-note-15-pro-256-gb-blue-8jgKGdvR61B79ooFhPmRAJjZ.html,3,2026-09-04T21:59:23.412438+00:00,individual,"Stay with us by liking our page to get the price of any updated product. Our page link: 
Address:
Shop- 537, Level-5 (4th from capsule lift,
Go straight after exiting the lift, JojoBD)
Akhtaruzzaman Center,
Agrabad, Chittagong."
Xiaomi 14 Ultra 512 GB Black,70000,Used,"Chattogram, Cornelhat",02/05,https://bikroy.com/cornelhat/mobile-phones/xiaomi-14-ultra-512-gb-black-BzHrSBx0gTVVk20uDrWvsikO.html,4,2026-09-04T21:59:23.867730+00:00,individual,"Set is in full fresh condition. Used for 1 year, imported from abroad. Comes with full box. Has a minor scratch on the bumper, otherwise everything is okay and in full fresh condition."
Xiaomi 15T Pro 512 GB Bronze,75000,Used,"Chattogram, Chawkbazar",16 hours ago,https://bikroy.com/chawkbazar/mobile-phones/xiaomi-15t-pro-512-gb-bronze-fdYks0bIJEFupMHqg6rDoqTK.html,3,2026-09-04T21:59:24.514518+00:00,individual,"Xiaomi 15T pro with Box
12/512
12/256 available 
Global Edition 
Few days Used."
Xiaomi Redmi Turbo 4 Pro 256 GB Black,36500,Used,"Chattogram, Agrabad",19/08,https://bikroy.com/agrabad/mobile-phones/xiaomi-redmi-turbo-4-pro-256-gb-black-dNeFnojajb5ftjA6J7xIoPqj.html,5,2026-09-04T21:59:25.021314+00:00,individual,Xiaomi Redmi Turbo 4 Pro. Color: Black. 12/256GB. Box: IMEI matching Fullbox. Condition: No Internal issues (Carefully used). Usage: 09 months. Reason for selling: Upgrading. Key Features: - Military-grade rugged design - AMOLED display 120Hz - Long battery life 7650 mAh - Snapdragon 8s Gen 4 - Original IMEI matching box
Xiaomi Redmi Note 14 Pro+ 5G 512 GB Blue,32000,Used,"Chattogram, Anwara",26/08,https://bikroy.com/anwara/mobile-phones/xiaomi-redmi-note-14-pro-5g-512-gb-blue-zFIYz1SmCh8vRkC6D9Az0i3K.html,5,2026-09-04T21:59:25.699006+00:00,individual,"Redmi Note 14 Pro+ 5G
RAM: 12GB
Storage: 512GB
Battery: 5110 mAh
Battery Health: 99%
Battery Cycle Count: 238
Phone first opened: August 2025
Phone is in full fresh condition
Comes with Cash Memo & Charger"
Xiaomi Redmi Note 14 Pro 128 GB Black,25000,Used,"Chattogram, Mirsharai",2 days ago,https://bikroy.com/mirsharai/mobile-phones/xiaomi-redmi-note-14-pro-128-gb-black-rXmH2KA22P2ezM6qdQfkdidH.html,4,2026-09-04T21:59:26.203533+00:00,individual,"Purchased from Dazzel, still under replacement warranty. It is still like new. You will get everything just like a brand new mobile."
New Xiaomi 12S 128 GB Purple,25555,Brand New,"Chattogram, Agrabad",16 hours ago,https://bikroy.com/agrabad/mobile-phones/new-xiaomi-12s-128-gb-purple-xcUJjktiR1LrKEzKCyRHTkbX.html,5,2026-09-04T21:59:26.701280+00:00,individual,"only set+cashmemo
Security jnne nid dewa jabe
Location Must
Location Agrabad 
Full fresh mobile 
Cheek kore nite parben all ok
Taka lagbe ty sell kore dicci"
Xiaomi Redmi Note 15 Special 128 GB Black,24500,Used,"Chattogram, Halishahar",15 hours ago,https://bikroy.com/halishahar/mobile-phones/xiaomi-redmi-note-15-special-128-gb-black-q1bl6zhgWmRTQ8SEHF9IItsJ.html,3,2026-09-04T21:59:27.343435+00:00,individual,"ফোন ফুল ফ্রেশ, ইচ্ছামত চেক করে নিতে পারবেন।"
Xiaomi Redmi Note 14 Pro 256 GB Black,24900,Used,"Chattogram, Muradpur",15 hours ago,https://bikroy.com/muradpur/mobile-phones/xiaomi-redmi-note-14-pro-256-gb-black-rffYLKHM7KGnMh9sJgKtRjq3.html,4,2026-09-04T21:59:27.971453+00:00,individual,"Redmi Note 14 Pro 
Official 
8/256 
Full box with original charger... 
 Benefits:
 15-day replacement guarantee
 Device – Trusted Mobile Shop
 Shop No: 319, 3rd Floor (Lift 2 )
 CPDL RB Midtown Market, Muradpur, Chattogram (Beside Mecca Hotel)"
Xiaomi Redmi Note 13 Pro+ 256 GB,26000,Used,"Chattogram, Hathazari",20/08,https://bikroy.com/hathazari/mobile-phones/xiaomi-redmi-note-13-pro-256-gb-pJCTei16p7w2brwBTlzT8GIR.html,5,2026-09-04T21:59:28.756001+00:00,individual,"The phone is in completely fresh condition.
Looks completely like new.
Works 100% properly.
RAM: 8GB
ROM: 256GB
Display: 1.5K AMOLED 120Hz
Camera: 200MP OIS
Battery: 5000mAh
Charging: 120W
Network: 5G
No scratches
No problems
Phone has never been opened/repaired
Asking price: 29,000 Taka
Price is negotiable. Do not offer unreasonably low prices."
Xiaomi Redmi Note 14 Pro 256 GB Black,25500,Used,"Chattogram, Muradpur",15 hours ago,https://bikroy.com/muradpur/mobile-phones/xiaomi-redmi-note-14-pro-256-gb-black-fsM6uOMUuL9Y9k0AFqYKnpFv.html,3,2026-09-04T21:59:29.100178+00:00,individual,"Redmi note 14 pro 
Official full box... 
8/256 
 Benefits:
 15 days replacement guarantee
 Device – Trusted Mobile Shop
 Shop No: 319, 3rd Floor (Lift 2 )
 CPDL RB Midtown Market, Muradpur, Chittagong (Next to Makkah Hotel)"
New Xiaomi 15 Pro 256 GB Black,32000,Brand New,"Chattogram, Mirsharai",25/08,https://bikroy.com/mirsharai/mobile-phones/new-xiaomi-15-pro-256-gb-black-wBSW18Q0WHJYfcCfV1gnC3D4.html,4,2026-09-04T21:59:29.699448+00:00,individual,Brought from Dubai. Never used.
Xiaomi Redmi Note 15 256 GB White,29000,Used,"Chattogram, Hathazari",17/08,https://bikroy.com/hathazari/mobile-phones/xiaomi-redmi-note-15-256-gb-white-de1HJMGbDHLQmgQx2SUsIH8H.html,3,2026-09-04T21:59:30.441358+00:00,individual,"I bought the mobile not too long ago, selling it due to a need for money. There are no problems with the mobile, box and charger are all included."
Xiaomi Redmi Note 15 128 GB Blue,22000,Used,"Chattogram, Agrabad",1 day ago,https://bikroy.com/agrabad/mobile-phones/xiaomi-redmi-note-15-128-gb-blue-92YZtQ12zDYmG06uBiAth7gb.html,3,2026-09-04T21:59:31.095153+00:00,individual,"REDMI NOTE 15
6/128
2 MONTH USED"
Xiaomi Redmi Note 15 128 GB Black,20000,Used,"Chattogram, Halishahar",26/08,https://bikroy.com/halishahar/mobile-phones/xiaomi-redmi-note-15-128-gb-black-jOGCAV3aZgsYGKZYrzQkoFy9.html,5,2026-09-04T21:59:31.756343+00:00,individual,"Redmi Note 15 will be sold. Official set, used for only 3 months, absolutely fresh condition. Since it is an installment phone, the box is at the shop and will be given once the installments are finished. For the buyer's protection, a video statement and NID copy can be provided. It is my full responsibility to hand over the original box to the buyer as soon as the installment is completed.
NID 
Mo 019XXXXXXXX"
New Xiaomi Redmi Note 13 Pro 512 GB White,28999,Brand New,"Chattogram, Agrabad",16 hours ago,https://bikroy.com/agrabad/mobile-phones/new-xiaomi-redmi-note-13-pro-512-gb-white-tPHhvfyNmz6MkrkovpiNd1HA.html,2,2026-09-04T21:59:32.450090+00:00,individual,"Call or message us on WhatsApp at our number provided on Bikroy to buy a phone on EMI. 
 REDMI NOTE 13 PRO GLOBAL 12/512
Address: Shop- 537, Level -5 (4th floor of capsule lift, go straight after exiting the lift (JojoBD)), Akhtaruzzaman Center, Agrabad, Chittagong."
Xiaomi Poco X3 128 GB Blue,18000,Used,"Chattogram, Bakoliya",23/08,https://bikroy.com/bakoliya/mobile-phones/xiaomi-poco-x3-128-gb-blue-f4Boi5BRTnP3B8mCt7kZxcwd.html,3,2026-09-04T21:59:32.998110+00:00,individual,"The phone has been running for 2 years, there are some minor issues, but you need to talk directly and take it"
Xiaomi Redmi Note 15 128 GB Black,26000,Used,"Chattogram, Chandgaon",31/08,https://bikroy.com/chandgaon/mobile-phones/xiaomi-redmi-note-15-128-gb-black-ywJDNiFSBV6L1oh1vHpUCpI5.html,3,2026-09-04T21:59:33.647149+00:00,individual,"Full box
Location : bahadarhat 018XXXXXXXX"
Xiaomi Mi 11 Ultra 256 GB Black,35000,Used,"Dhaka, Badda",1 day ago,https://bikroy.com/badda/mobile-phones/xiaomi-mi-11-ultra-256-gb-black-aqINzstD0IVzolpeFIptyjov.html,5,2026-09-04T21:59:34.333017+00:00,individual,"একটা স্কাচ ও নাই ফোনে, নতুন অবস্থা থেকেই পলি করা দুই পাশেই।  ফোনের সাথে শুধু দোকানের ক্যাশ মেমো পাবেন  এবং  সিকিউরিটি হিসাবে ভোটার আইডি কার্ডের ফটোকপি পাবেন। 
ফোনের সবকিছু একশ একশ। আসবেন দেখবেন যদি ভালো লাগে নিবেন। বিস্তারিত অনলাইনে দেখে নিন।"
Xiaomi Civi 4 Pro 512 GB Blue,36000,Used,"Dhaka, Dhanmondi",7 hours ago,https://bikroy.com/dhanmondi/mobile-phones/xiaomi-civi-4-pro-512-gb-blue-daZQhMw4sDL7xcEm3hxZXPAl.html,5,2026-09-04T21:59:34.850724+00:00,individual,"🌷🌷Welcome to""Mobile Store ""🌷🌷

আামাদের ঠিকানাঃ-

Mobile Store

Shop number -408(level 4)

Dhanmondi 32 Sukrabad bus stand
Phone number 017XXXXXXXX 018XXXXXXXX"
New Xiaomi Redmi Turbo 4 Pro 256 GB White,40499,Brand New,"Dhaka, Jatrabari",01/09,https://bikroy.com/jatrabari/mobile-phones/new-xiaomi-redmi-turbo-4-pro-256-gb-white-aXpsvlgItYS8fy0DJyvxhUmY.html,4,2026-09-04T21:59:35.512364+00:00,individual,"Fully fresh phone ,,You can check properly"
New Xiaomi 12 Pro 256 GB Blue,55000,Brand New,"Dhaka, Mohammadpur",02/09,https://bikroy.com/mohammadpur/mobile-phones/new-xiaomi-12-pro-256-gb-blue-A0A6jyiEgN8ylZJqxGW001rT.html,3,2026-09-04T21:59:35.867788+00:00,individual,Xiaomi 12 pro. Full fresh.
Xiaomi 17 256 GB White,72000,Used,"Dhaka, Jamuna Future Park",4 hours ago,https://bikroy.com/jamuna-future-park/mobile-phones/xiaomi-17-256-gb-white-u8dUORkV27oAWxH2jSLaBeg2.html,3,2026-09-04T21:59:36.637625+00:00,individual,"Xiaomi Mi 17

12GB 256 GB
Cycle = 37
Battery Health: 100%


 Exchange Available
 100% Original Device
 With Original Box
 EMI Available (3–36 Months) (T&C Apply)
 Delivery Available Outside Dhaka

Jamuna Future Park Shopping mall
Level 4, shop No: 006C"
Xiaomi 14 512 GB White,40000,Used,"Dhaka, Rampura",17 hours ago,https://bikroy.com/rampura/mobile-phones/xiaomi-14-512-gb-white-iHPuzsYyOu0pY8LGfOlq7SwE.html,5,2026-09-04T21:59:37.339174+00:00,individual,"Full fresh 
Only phone 
Cn model"
Xiaomi Redmi Turbo 4 Pro 256 GB Black,35500,Used,"Dhaka, Uttara",25/08,https://bikroy.com/uttara/mobile-phones/xiaomi-redmi-turbo-4-pro-256-gb-black-zx1lkQRRAfHuIOwg3ovsrNW6.html,3,2026-09-04T21:59:37.899761+00:00,individual,"Redmi Turbo 4 Pro, all okay, fully fresh."
Xiaomi Civi 5 Pro 256 GB Graphite,41000,Used,"Dhaka, Savar",16 hours ago,https://bikroy.com/savar/mobile-phones/xiaomi-civi-5-pro-256-gb-graphite-NRXTw823trQKQKA1x5FBL2N.html,5,2026-09-04T21:59:38.605302+00:00,individual,"Xiaomi Civi 5 pro
99% health
Chinese variant
12/256gb"
Xiaomi 15 256 GB Black,49500,Used,"Dhaka, Mirpur",1 day ago,https://bikroy.com/mirpur/mobile-phones/xiaomi-15-256-gb-black-uiteYXgdL71a9jsMRzmAURBW.html,5,2026-09-04T21:59:39.064159+00:00,individual,"Xiaomi 15  Global... 12 /256 storage... Full fresh condition... Qualcomm Snapdragon 8 elite🔥🔥..Supper fast 🔥 without box.. Camera 📸 just awesome 😎..  phone All ok💯 cash memo dawa jabe..
[বি:দ্র: শাওমির 90w একটি অরিজিনাল চার্জার আছে.. যা মূল্য নির্ধারণের পরে নিতে চাইলে এক্সট্রা ১০০০ টাকা এড করতে হবে]"
Xiaomi 17 Ultra 512 GB White,139990,Used,"Dhaka, Mohammadpur",3 hours ago,https://bikroy.com/mohammadpur/mobile-phones/xiaomi-17-ultra-512-gb-white-w9yiusJLx3bHvd4rZVs6zs5b.html,3,2026-09-04T21:59:39.544947+00:00,individual,"Xiaomi 17 Ultra Leica Edition (Dual Satellite Communication) (Global Rom)
Color: Silver Black, Black Silver, Beige
Storage: 16GB 512GB

Used Like New
With FullBox
EMI Available
SK mobile gator
Shop No: 670, Level-6
Tokyo Square Market
Japan Garden City, Ring Road
Mohammadpur, 1207"
New Xiaomi 17 Pro Max 512 GB Purple,89999,Brand New,"Dhaka, Dhanmondi",15 hours ago,https://bikroy.com/dhanmondi/mobile-phones/new-xiaomi-17-pro-max-512-gb-purple-C7hrv4akWQiogyvkDWl8gT61.html,5,2026-09-04T21:59:40.053523+00:00,individual,"ফোনটা ফুল ফ্রেশ ফুল বডি পলি করেন ফোনে কোন দাগ বা ডেন্ট নাই 
battery health 100 
charging cycle 89"
Xiaomi Redmi Turbo 5 Max 256 GB Red,44500,Used,"Dhaka, Panthapath",31/08,https://bikroy.com/panthapath/mobile-phones/xiaomi-redmi-turbo-5-max-256-gb-red-hYaZe4MB3EbEUjTwhwhdVmBY.html,5,2026-09-04T21:59:40.748558+00:00,individual,"Name redmi turbo 5 max
Version china 12.256
Battery 100 65 cycle
Prossesor mediatek dimansity 9500s
Location dhanmondi panthapath"
Xiaomi Redmi K80 Ultra 256 GB Green,48999,Used,"Dhaka, Savar",28/08,https://bikroy.com/savar/mobile-phones/xiaomi-redmi-k80-ultra-256-gb-green-8TbYBcflB5Sh5vrbQwtv3nEB.html,5,2026-09-04T21:59:41.436027+00:00,individual,Shob ekdm 100% perfect 013XXXXXXXX
Xiaomi 13 Ultra 256 GB Green,47000,Used,"Dhaka, Savar",16 hours ago,https://bikroy.com/savar/mobile-phones/xiaomi-13-ultra-256-gb-green-keNDhC2BIB9AlUbpLBITDYr6.html,5,2026-09-04T21:59:42.098345+00:00,individual,"📌 মোবাইলের তথ্য:
🔹 মডেল: Xiaomi
🔹 RAM: 12GB
🔹 Storage: 256GB

✅ ৭ দিনের রিপ্লেসমেন্ট গ্যারান্টি
✅ ১ বছরের সার্ভিস ওয়ারেন্টি
✅ ফোন কেনার আগে যাচাই করার সুযোগ
✅ বিশ্বস্ততা ও ভালো সার্ভিস দেওয়াই আমাদের প্রধান লক্ষ্য।

📍 ঠিকানা:
E-162, Level-5 (Lift-4),
Sena Shopping Complex,
Nabinaagar, Sayer, Dhaka.

🗓️ সাপ্তাহিক বন্ধ: রবিবার"
Xiaomi 15 Ultra 512 GB Gray,125000,Used,"Dhaka, Basundhara",15 hours ago,https://bikroy.com/basundhara/mobile-phones/xiaomi-15-ultra-512-gb-gray-xyfsEW1wyG4c7q16dk6l4oJo.html,3,2026-09-04T21:59:42.744905+00:00,individual,"Using for last 6 months.
Price is not negotiable. Please do not message, no one will read.
Complete Camera Kit also available.
Exchange possible with Galaxy S26 Ultra in mint condition and boxed, I will add cash
Or Pixel 10 Pro/Pro XL boxed, you have to add cash."
Xiaomi Mi 11 256 GB White,20000,Used,"Dhaka, Jatrabari",1 day ago,https://bikroy.com/jatrabari/mobile-phones/xiaomi-mi-11-256-gb-white-oTYM5pAXLHqzOi86oLzE7NKH.html,3,2026-09-04T21:59:43.396811+00:00,individual,"আমার নিজের ব্যবহার করা ফোন
ফোনের শুধু ব্যাকসেলটা ফাটা
তাছাড়া কোন প্রবলেম নাই
ক্যামেরা অনেক ভালো
ফোনের গেমিং পারফর্ম আর ফিচার গুলাও সুন্দর
অন্য অন্য xiaomi 11 এ (hyper os 1) এর আপডেট নাই আমার টায় hyper os 1 আপডেট দেওয়া আছে
শুধু ফোন আর কিছু নেই
অন্য একটা xiaomi ফোনের official 67w এর চার্জার আছে ২০০০ টাকা
বেশি দামাদামি করবেন নাহ
ভালো লাগলে ইনবক্স"
New Xiaomi 256 GB Rose Gold,19000,Brand New,"Dhaka, Savar",16 hours ago,https://bikroy.com/savar/mobile-phones/new-xiaomi-256-gb-rose-gold-7VkIj9yZ6pQFOoU1IO8gmYfn.html,2,2026-09-04T21:59:44.107460+00:00,business,"Mi Civi 1
Ram 8GB
Rom 256GB
Enjoy 100% secure home delivery across Bangladesh within 24 hours via RedX, SA Paribahan, and Sundarban Courier Service.
Shop Location
✯ Apple Gadgets & Care (Savar)
✯ Shop 1:- D43 4Th Floor (Lift-3)
✯ Sena Shopping Complex, Savar, Dhaka✯"
Xiaomi 12 Pro 256 GB Blue,32000,Used,"Dhaka, Mohammadpur",4 hours ago,https://bikroy.com/mohammadpur/mobile-phones/xiaomi-12-pro-256-gb-blue-a71Z079FyX3LQg22j1x9jl6U.html,2,2026-09-04T21:59:44.608536+00:00,individual,"Name: Xiaomi 12 Pro 
Color: Blue 
Storage: 12GB 256GB 
Used like New With Full Box 
Price: Call for best price 
Home Delivery inside Dhaka, Courier Order all over Bangladesh 
We Accept Visa, American Express, Master & JCB Card. 
Used Mobile: 3 Days replacement & 6 months service warranty"
Xiaomi 13 256 GB Black,30000,Used,"Dhaka, Uttara",29/08,https://bikroy.com/uttara/mobile-phones/xiaomi-13-256-gb-black-p2RI9CT9BwttTP5vOTI0tJLa.html,5,2026-09-04T21:59:45.398403+00:00,individual,"Xiaomi 13 (8/128GB) বিক্রি হবে

🔹 Model: Xiaomi 13 🔹 RAM/ROM: 8GB / 128GB 🔹 Performance: একদম স্মুথ ও ফাস্ট 🔹 Camera: Excellent flagship camera 🔹 Display: সুন্দর ও smooth 🔹 Condition: Used 🔹 Problem: Back shell/back glass ফাটা আছে (ছবিতে দেখা যাবে)"
Xiaomi Redmi Note 13 Pro 256 GB Purple,22000,Used,"Dhaka, Savar",01/09,https://bikroy.com/savar/mobile-phones/xiaomi-redmi-note-13-pro-256-gb-purple-kIc90ntLS0SIPIWFi9wHas1c.html,5,2026-09-04T21:59:45.997186+00:00,individual,ফোনটি একদম ফ্রেশ এক চুল পরিমাণ কোন সমস্যা নেই। ফোনটি যত খুশি এসে দেখে চালিয়ে নিবেন। ৮/২৫৬ ক্যামেরা ২০০ মেগাপিক্সেল। ফোনটির সাথে কিছু নেই বক্স চার্জার কিছুই নেই শুধু ফোন পাবেন আর সাথে সিকিউরিটি। ফোন নিতে হলে অবশ্য লোকেশন আসতে হবে লোকেশন সাভার বাজার বাস স্ট্যান্ড বাজার রোড
Xiaomi Poco F6 256 GB Black,23000,Used,"Dhaka, Mirpur",1 day ago,https://bikroy.com/mirpur/mobile-phones/xiaomi-poco-f6-256-gb-black-n3OAES68Dm56tvGouJFHxElo.html,5,2026-09-04T21:59:46.638127+00:00,individual,"Poco F6 8/256GB full fresh
Phone is rooted, you can use any custom ROM if you want
Box and charger are all available
Location: Mirpur 14, Vasantek Bazar
Snapdragon 8s Gen 3 Gaming phone

8/256GB

Pubg 120FPS unlocked
Please do not message for bargaining"
Xiaomi Redmi Note 14 Pro 256 GB Blue,24500,Used,"Dhaka, Savar",8 hours ago,https://bikroy.com/savar/mobile-phones/xiaomi-redmi-note-14-pro-256-gb-blue-uZsaWP9iRDRpzOFvf3e3IFl5.html,5,2026-09-04T21:59:47.247765+00:00,individual,"সব ওকে । 
দাগ স্পট নাই। বক্স চার্জার ক্যাশ মেম সব আছে।"
Xiaomi Redmi 15 128 GB Purple,16500,Used,"Dhaka, Jatrabari",2 hours ago,https://bikroy.com/jatrabari/mobile-phones/xiaomi-redmi-15-128-gb-purple-fxbAbuWwgc2OfV312wHYFTjo.html,5,2026-09-04T21:59:47.997075+00:00,individual,"আগে সম্পূর্ন লেখা গুলো পড়বেন।আমার এই ফোন টা বিক্রি করতে চাচ্ছি। কিছু টাকার প্রয়োজন তাই, ইমার্জেন্সি টাকা টা খুব দরকার। আপনাদের যদি কারো পছন্দ হয় নিতে পারেন। ফোনটি আলহামদুলিল্লাহ ভালো আছে। ভালো ফ্রেস আছে, ফোনের সাথে কিছু নাই। শুধু ফোন,আর কিছু পাবেন না, বক্স চার্জার নাই। দাম মোটামুটি ফিক্সড, আরো কিছু জানতে চাইলে কল দিয়েন ওকে। আল্লাহ হাফেজ"
Xiaomi 12 Pro 256 GB Gray,25000,Used,"Dhaka, Dhanmondi",30/08,https://bikroy.com/dhanmondi/mobile-phones/xiaomi-12-pro-256-gb-gray-kv4lY7aGbWrng1CRmM4T2W0v.html,5,2026-09-04T21:59:48.662523+00:00,individual,"Only display changed (Oled display installed)
Inbox us for more details."
New Xiaomi Civi 1S 128 GB Gray,22000,Brand New,"Dhaka, Badda",2 days ago,https://bikroy.com/badda/mobile-phones/new-xiaomi-civi-1s-128-gb-gray-iDU21MohzKjtO12SPEkYkzwR.html,3,2026-09-04T21:59:49.397426+00:00,individual,সম্পূর্ণ নতুন মোবাইল মাত্র ২২ হাজার টাকায় । শাওমি মোবাইল।
Xiaomi 12 256 GB Gray,20500,Used,"Dhaka, Motalib Plaza",16 hours ago,https://bikroy.com/motalib-laza/mobile-phones/xiaomi-12-256-gb-gray-uKHSp9xEX1H8WD6aRZmra7Dm.html,5,2026-09-04T21:59:49.990959+00:00,individual,"মোবাইলের বিস্তারিত:
Brand & Model: Xiaomi 12x
RAM: 8GB
ROM: 256GB
Condition:Used
Warranty: ৭দিনের গ্যারান্টি ও ২বছরের সার্ভিস ওয়ারেন্টি পাবেন।

✔️ ফোন দেখে ও চেক করে কেনার সুযোগ
✔️ ফোনের কন্ডিশন সম্পর্কে পরিষ্কার তথ্য
✔️ সাশ্রয়ী দামে ভালো ফোন

🏪 Gadget Store
📍 Motalib Plaza, Shop No: 600G, Sonargaon Road, Hatirpool, Dhaka"
Xiaomi Civi 1S 128 GB,18999,Used,"Dhaka, Mirpur",7 hours ago,https://bikroy.com/mirpur/mobile-phones/xiaomi-civi-1s-128-gb-uNO9T6bVwndpBnL98rSTv5YD.html,5,2026-09-04T21:59:50.598161+00:00,individual,"S A Gadget Mart
Shop No: 35, 3rd Floor, Baghdad Shopping Complex, Mirpur-1, Dhaka-1216
Model: Xiaomi Civi 1s 5g 
RAM: 8 GB
Storage: 128 GB
Battery: 4500 mAh
Device and cash memo available.
Replacement Guarantee: 7 Days
Service Warranty: 2 Years
Home delivery available all over Bangladesh."
Xiaomi 256 GB White,27999,Used,"Dhaka, Mirpur DOHS",45 min ago,https://bikroy.com/mirpur-dohs/mobile-phones/xiaomi-256-gb-white-pmqYDFGSo4MfXnTRCM9vJVVF.html,4,2026-09-04T21:59:51.130892+00:00,individual,"AR Gallery BD 
Shop-76, Lift-4, Shah Ali Plaza, Mirpur-10,Dhaka-1216,
Xiaomi Redmi K60 Ultra - Only Phone + Cash Memo.
★Ram:- 16GB ★Rom:-256GB 
★Back Camera:-50+8+2MP 
★Front Camera:- 20MP
★Battery:-5000mAh
★ Charging: 120W wired,
■ 5 দিনর রিপ্লেসমেন্ট গ্যারান্টি । 
■ 1 বছরের সার্ভিস ওয়ারেন্টি ( Without parts)"
