raw_title,price,condition_raw,location,posted_date,url,photo_count,scraped_at,seller_type,description
Apple iPhone 16 128 GB Black,72000,Used,"Chattogram, Kotwali, Chattogram",18/08,https://bikroy.com/kotwali/mobile-phones/apple-iphone-16-128-gb-black-oADDvKztqTP1fRKZDsGjJEJz.html,5,2026-09-08T12:03:31.521397+00:00,individual,"Iphone -16
HN/A variant
BH-89
Storage-128gb
Box and cashmemo available
Contact Number:
Location: Firingibazar Avoymitraghat Road"
Apple iPhone 14 Plus 256 GB Blue,70000,Used,"Rajshahi, Shaheb Bazar",2 days ago,https://bikroy.com/shaheb-bazar/mobile-phones/apple-iphone-14-plus-256-gb-blue-oViUzd8ix51YG8Xi8fWYzpg6.html,3,2026-09-08T12:03:33.177723+00:00,individual,Onek valo phone.original
Samsung Galaxy A56 256 GB Green,35500,Used,"Chattogram, Muradpur",6 hours ago,https://bikroy.com/muradpur/mobile-phones/samsung-galaxy-a56-256-gb-green-IO3H8Zlmn3Mr2TAtBrcmSSB.html,3,2026-09-08T12:03:35.418435+00:00,individual,"Samsung Galaxy A56 5G
 8GB RAM / 256GB Storage
 Full Box
 6.7"" FHD+ Super AMOLED Display
 120Hz Refresh Rate
 Exynos 1580 Processor
 50MP OIS Main Camera
 Benefits:
 15-day replacement guarantee
 Shop No: 319, 3rd Floor
 CPDL RB Midtown Market, Muradpur, Chittagong (Next to Makkah Hotel)"
New Samsung Galaxy A26 256 GB Black,20000,Brand New,"Rajshahi, Shaheb Bazar",10/08,https://bikroy.com/shaheb-bazar/mobile-phones/new-samsung-galaxy-a26-256-gb-black-9PYtxOMsoaMdsgGvqIZf8720.html,3,2026-09-08T12:03:36.482232+00:00,individual,Samsung A 26 5g 8/256: New Indian phone 013XXXXXXXX
New Xiaomi Civi 5 Pro 256 GB White,65000,Brand New,"Dhaka, Jamuna Future Park",3 hours ago,https://bikroy.com/jamuna-future-park/mobile-phones/new-xiaomi-civi-5-pro-256-gb-white-lgg9I3LoJ0qnCgLHurpr0Rof.html,4,2026-09-08T12:03:38.418376+00:00,individual,"Xiaomi Civi 5 pro– Best condition 
• 128 GB Storage• 
• Color: Nebula Purple
• China Variant
• Battery Health: 100%
• Absolutely fresh, no issues at all 
• Face ID, Camera, True Tone all 100% OK
• Box/Charger: Included 
• Location: Jamuna Future Park, Level 4, 4B-007D"
New Xiaomi Redmi Turbo 4 Pro 256 GB,42999,Brand New,"Dhaka, Bashundhara City",9 hours ago,https://bikroy.com/bashundhara-city/mobile-phones/new-xiaomi-redmi-turbo-4-pro-256-gb-yrYnpfgXFaD1Cy5IjYDTJYuK.html,3,2026-09-08T12:03:39.267615+00:00,individual,"10 days replacement guarantee
 2 years service warranty
 Safe courier service across the country
 Attractive exchange offer
 Basement-1, Shop-84, Bashundhara City Shopping Mall
 Price is negotiable. Please contact via WhatsApp before coming."
New Xiaomi 17T 256 GB,67000,Brand New,"Dhaka, Jamuna Future Park",5 hours ago,https://bikroy.com/jamuna-future-park/mobile-phones/new-xiaomi-17t-256-gb-fMbn7o9peT9ED4GfNgDXY0V7.html,5,2026-09-08T12:03:39.460950+00:00,individual,"Xiaomi 17T
BD official 
Cycle count : 8
12GB 256GB
Full Fresh condition 
Price: 67000 Tk
 Paramount Gadget
Jamuna Future Park Shopping Mall
Level 4, Shop No: 006C
Near Lift 7 (নোকিয়া গলি)
 
."
Xiaomi Civi 2 256 GB Pink,21000,Used,"Dhaka, Mirpur",11/08,https://bikroy.com/mirpur/mobile-phones/xiaomi-civi-2-256-gb-pink-l74yPjfpRKmq7jT0BBHzi0B6.html,5,2026-09-08T12:03:40.303052+00:00,individual,"The phone has no problems and is completely fresh
You will get only the phone, location: Mirpur 1, behind Shah Ali Police Station, Nababer Bag"
Xiaomi Civi 1S 256 GB Black,19990,Used,"Dhaka, Mirpur",3 hours ago,https://bikroy.com/mirpur/mobile-phones/xiaomi-civi-1s-256-gb-black-WiCpQiMZjXx5j3FjPt7tbZn.html,5,2026-09-08T12:03:41.268997+00:00,individual,"ঠিকানা :- > নাহার ইলেকট্রনিক্স < 
দোকান নং: ৩০, ৩য় তলা, বাগদাদ শপিং কমপ্লেক্স,মিরপুর- ১,ঢাকা- ১২১৬
★With:- Original Full Box & Charger + Data Cable
সাথে পাবেন:- মোবাইল, চার্জার, ডাটা কেবল, বক্স।
★Model:- Xiaomi Civi 1s
★Ram:- 8GB
★Rom:- 256GB
★Back Camera:- 64+8+2MP
★Front Camera:- 32MP
★Battery:- 4500Mah"
New Xiaomi Redmi 15C 4G 256 GB,16990,Brand New,"Dhaka, Shyamoli",3 hours ago,https://bikroy.com/shyamoli/mobile-phones/new-xiaomi-redmi-15c-4g-256-gb-xjwywOTL7TzNEOLZp3GOsRYl.html,2,2026-09-08T12:03:42.566972+00:00,individual,"Redmi 15c
6+128 GB=16990/= Fixed Price
8+256 GB=19990/= Fixed Price
Our Address
Mobile Plaza
Shyamoli Tower Complex Market
2nd Floor, Shop No 13, 14
Shyamoli, Mohammadpur, Dhaka
Online Link
You can view and order
Download from Play Store
Mobile Plaza
Our Website
Facebook Page
Facebook/Mobil Plaza"
Samsung Galaxy S23 128 GB White,28000,Used,"Rajshahi, Kadirgonj",9 hours ago,https://bikroy.com/kadirgonj/mobile-phones/samsung-galaxy-s23-128-gb-white-uXxYFbcMQJRp2OtgOjw4Bz20.html,5,2026-09-08T12:03:42.862490+00:00,individual,"আসসালামু আলাইকুম ওয়া রহমাতুল্লহি ওবারকাতুহ 
ফ্রেশ কন্ডিশন
 বক্স: Only Device
 ক্যাশ মেমো: আছে
 রিপ্লেসমেন্ট গ্যারান্টি: ৭ দিন পর্যন্ত পাবেন ( শর্তসাপেক্ষে ) 
লোকেশন: রাজশাহী কাদিরগঞ্জ চালপট্টি, লার্জ ফার্মার পাশে , স্বপ্নচূড়া প্লাজা নগর ভবনের পিছে। 
 শপ নং: ১২৩ - নিচ তলা লিফটের পাশে 
 শপ নাম: Rajshahi Mobile Bari 019XXXXXXXX"
Samsung Galaxy A36 256 GB Purple,30000,Used,"Rajshahi, Laksimipur",27/08,https://bikroy.com/laksimipur/mobile-phones/samsung-galaxy-a36-256-gb-purple-8It1fs9QAbmXnEnEEcf19PzG.html,3,2026-09-08T12:03:43.366812+00:00,individual,Olpo kichu din use kora hoyeche.. Fully fresh phone.. Phone ar sathe back cover r phone a privacy protector o piche poli lagano hoyeche..
Samsung Galaxy S23 Ultra 256 GB Green,45000,Used,"Chattogram, Alankar",2 days ago,https://bikroy.com/alankar/mobile-phones/samsung-galaxy-s23-ultra-256-gb-green-zY548IGmvUimJc4Ax88x8Yx.html,5,2026-09-08T12:03:45.525551+00:00,individual,"Samsung Galaxy S23 Ultra
 RAM: 12GB
 Storage: 256GB
 Display: Changed to Top-Quality OLED Display 
 Fingerprint: Working 
 Box: Full Box
 Condition: Good
 Asking Price: 45,000৳
 Location: Halishahar, Bisso Road, Chattogram
 Interested হলে inbox করুন।
Serious buyers only."
New Samsung Galaxy S21 5G 128 GB Black,70000,Brand New,"Chattogram, Nasirabad",05/09,https://bikroy.com/nasirabad/mobile-phones/new-samsung-galaxy-s21-5g-128-gb-black-5Qt5ue2Pt56HOlEqR5jpmJwj.html,5,2026-09-08T12:03:46.515900+00:00,individual,New use hoi ni.box shoho ase. Deke check kore nite parbn.just colour deker jonno kula hoica
Samsung Galaxy S25 Ultra 256 GB Black,90000,Used,"Dhaka, Gulshan",26/08,https://bikroy.com/gulshan/mobile-phones/samsung-galaxy-s25-ultra-256-gb-black-jFwyOBWGrkiV0aPQrBGHxaJ2.html,3,2026-09-08T12:03:46.601230+00:00,individual,Only 4.5 months Used gently. Fully Fresh condition.Bought it from Sumas Tech.Box & memo available.
Samsung Galaxy S25 512 GB Black,110000,Used,"Dhaka, Jatrabari",26/08,https://bikroy.com/jatrabari/mobile-phones/samsung-galaxy-s25-512-gb-black-8ay5FXBWzTrTrp3E9ry7PlQr.html,3,2026-09-08T12:03:48.018533+00:00,individual,Just Call me 017XXXXXXXX
Samsung Galaxy S24 Ultra 512 GB Gold,77000,Used,"Dhaka, Dhanmondi",26/08,https://bikroy.com/dhanmondi/mobile-phones/samsung-galaxy-s24-ultra-512-gb-gold-wT1Tfk5bySxjFMZ4A7X57s3m.html,5,2026-09-08T12:03:48.615794+00:00,individual,"Full fresh condition not any single scratch or dent on display and body parts...
10 days replacement guarantee and cash memo will provide."
Samsung Z 16 GB Silver,56000,Used,"Dhaka, Hazaribagh",29/08,https://bikroy.com/hazaribagh/mobile-phones/samsung-z-16-gb-silver-yB9zdSWQIngwfAn2rb4SZDv9.html,5,2026-09-08T12:03:48.730224+00:00,individual,Full fresh only device 12/512gb authentic
Samsung Galaxy S10 Plus 128 GB Green,25000,Used,"Dhaka, Uttara",29/08,https://bikroy.com/uttara/mobile-phones/samsung-galaxy-s10-plus-128-gb-green-wcGu1bukCwlqakORfEk9qgcg.html,5,2026-09-08T12:03:49.666879+00:00,individual,"Brought with me from abroad, no fault in the phone. Never worked on, fully intact. 
Need upgrade so selling this unit. 
No box available, just a complete phone and charger will be given. 
Location: Uttara , sector 5."
Samsung Galaxy S21 Ultra 5G 256 GB Black,22599,Used,"Dhaka, Savar",29/08,https://bikroy.com/savar/mobile-phones/samsung-galaxy-s21-ultra-5g-256-gb-black-Ivz8A2HPPF8lkn4kw8nbLAt.html,4,2026-09-08T12:03:50.477635+00:00,individual,SamSung Galaxy S21 Ultra 5G ফোন টা সবকিছু ওকে আছে শুধু ডিস্প্লেতে গ্রিন লাইন আর হাল্কা ফাটা আছে তাছাড়া বাকি সবকিছু ওকে
Apple iPhone 16 128 GB Black,67999,Used,"Rajshahi, Motihar",9 hours ago,https://bikroy.com/motihar/mobile-phones/apple-iphone-16-128-gb-black-G1eLaCEXbsYPI3FI1B84yxM.html,5,2026-09-08T12:03:51.229465+00:00,individual,"I phone 16 
128GB 
100% battery 116 bar charger 
Waterproof 
Call me"
Apple iPhone 16 Pro Max 256 GB Bronze,115000,Used,"Rajshahi, Shaheb Bazar",6 hours ago,https://bikroy.com/shaheb-bazar/mobile-phones/apple-iphone-16-pro-max-256-gb-bronze-dkozXQRyhyMTwlV9REij7Sfr.html,3,2026-09-08T12:03:51.970255+00:00,individual,"iPhone 16 Pro Max, 256 GB, 91% battery health, USA version, super condition, 7 days replacement guarantee, 1 year service warranty. Exchange possible. Our Address: Smart Choice, Shop No. 211, City Center, Beside Rajshahi College, Sonadighi Mor, Rajshahi. Call for details."
Apple iPhone 13 128 GB Black,35000,Used,Rajshahi,01/09,https://bikroy.com/rajshahi/mobile-phones/apple-iphone-13-128-gb-black-r2G9uzxuKq0DKbsgR4TrdOGQ.html,5,2026-09-08T12:03:52.497864+00:00,individual,"iPhone 13  128gb 
True ton 
Face ID ok
Sate cash memo ace
Only display change bh:77
Phone full fresh 
Nunber 019XXXXXXXX"
Apple iPhone 14 Pro 256 GB Purple,55000,Used,"Rajshahi, Uposahar",03/09,https://bikroy.com/uposahar/mobile-phones/apple-iphone-14-pro-256-gb-purple-D9ejrwXN4AWWMP5ltXbAsfd.html,4,2026-09-08T12:03:53.217558+00:00,individual,"I phone 14 pro for sell
Colour: purple 
Battery health:87%
Parts : original 
Variant: Singapore 
Srotge :256gb
Just 2 month used. Box ache ,display te I land er niche ekta dot ache. All Okey , emergency tai kom e sell dewa hobe"
Apple iPhone 11 Pro 64 GB White,30500,Used,"Rajshahi, Boalia",1 day ago,https://bikroy.com/boalia/mobile-phones/apple-iphone-11-pro-64-gb-white-hTDZiZrFQXFXqtFN5tG19t9B.html,4,2026-09-08T12:03:53.818164+00:00,individual,"Phone full fresh ace 
Bettery health 99%
True Tone, Face ID all ok but Display unknown part/ battery change"
Apple iPhone 17 256 GB Purple,91990,Used,"Chattogram, Chawkbazar",6 hours ago,https://bikroy.com/chawkbazar/mobile-phones/apple-iphone-17-256-gb-purple-tYfj4qGzNVum3C9R8Ya2ijiC.html,3,2026-09-08T12:03:54.428115+00:00,individual,"Apple iPhone 17
256GB | LL/A Variant
Battery Health 100%
Cycle Count: 6
Apple Warranty Available
First Use: January 2026
Enjoy 15-day replacement guarantee | Lifetime service -
Finlay Square, Level-4, Shop-406, 2 No Gate, Nasirabad, Chattogram"
Apple iPhone 16 128 GB Blue,68000,Used,"Chattogram, New Market, Chattogram",2 hours ago,https://bikroy.com/new-market/mobile-phones/apple-iphone-16-128-gb-blue-deHOwcm6Wf5WxyuH5wVx1wey.html,4,2026-09-08T12:03:54.872238+00:00,individual,"iPhone 16 with box
Full fresh
128 GB
Battery Health: 85% (original)
Face ID
True Tone
Waterproof
Physical SIM + eSIM
Everything is okay
Location: East Madarbari, Chattogram
Must visit location"
Apple iPhone 13 Pro Max 256 GB Silver,40000,Used,"Chattogram, Halishahar",5 hours ago,https://bikroy.com/halishahar/mobile-phones/apple-iphone-13-pro-max-256-gb-silver-pgkLj5PhiaKGlv8LiqPJbl2l.html,5,2026-09-08T12:03:55.375858+00:00,individual,"আসসালামু আলাইকুম... 
এটা আজকে আমি প্রায় ১০/১১ মাস হয়েছে ইউজ করতেছি... ডিসপ্লে চেঞ্জড,ব্যাটারি হেলথ ৭৩%... শুধু মাত্র গেমিং এর জন্য ইউজ করছি... এখন ৩/৪ মাস যাবত ইউজ করা কমিয়ে দিছি... 
 কল... লোকেশন মাস্ট বি আসতে হবে... সিকিউরিটি পারপাসে যা লাগবে দেওয়া যাবে"
Apple iPhone 14 128 GB White,49999,Used,"Chattogram, Chawkbazar",29/08,https://bikroy.com/chawkbazar/mobile-phones/apple-iphone-14-128-gb-white-ufX9gmWgc44Tjv21LZmuPgn7.html,5,2026-09-08T12:03:56.105541+00:00,individual,"iPhone 14 - Fresh Condition ☑️

✅128gb Storage 

✅88% genuine battery (593times Charging cycle)

☑️ Dual Sim Slot

✅No dents, no scratches 

✅With original box 

✅CH/A Variant 

✅ Starlight color🤍

Phone niben ar Chalaben ekdom fresh. Use kora hoyeche kom ar eitar shob parts original guarantee shathe✅ .

Security and box deya hobe shathe."
Apple iPhone 12 Pro 256 GB Gold,37000,Used,Chattogram,8 hours ago,https://bikroy.com/chattogram/mobile-phones/apple-iphone-12-pro-256-gb-gold-g2lfeMnvh60tTqH6yhJRbzmX.html,5,2026-09-08T12:03:56.671179+00:00,individual,"Battery 78  iPhone 12 Pro বিক্রি হবে
ফোনটি সম্পূর্ণ ভালো অবস্থায় আছে।
 Battery Health: 78%
 সকল ফাংশন ঠিকঠাক আছে।
আগ্রহী হলে ইনবক্সে যোগাযোগ করুন।"
Apple iPhone 16 Pro Max 256 GB Gold,121000,Used,"Dhaka, Uttara",31/08,https://bikroy.com/uttara/mobile-phones/apple-iphone-16-pro-max-256-gb-gold-1pCCFPxu67jHyL7XJ34EkYXI.html,4,2026-09-08T12:03:57.329503+00:00,individual,"ফোন একদম নতুনের মতন! একদম ফুল ফ্রেশ, ব্যাটারি হেলথ ৯৭%,  সাইকেল কাউন্ট ২৬০+
বক্স ক্যাবল সহ! যত খুশি তত চেক করে নিবেন।লোকেশন উত্তরা সেক্টর ১০।  
দাম সামান্য কিছু সম্মান করা যাবে।"
Apple iPhone 16 Pro Max 512 GB White,111000,Used,"Dhaka, Uttara",6 hours ago,https://bikroy.com/uttara/mobile-phones/apple-iphone-16-pro-max-512-gb-white-3hwuTYIk04pOo81rXiDFOMWG.html,4,2026-09-08T12:03:57.903288+00:00,individual,"iPhone 16 Pro Max | Pre-Owned 
 512GB Storage
 USA Variant
 Box Available
 Battery Health: 87%
 100% Original & Non-Refurbished Product
 Exchange Hub
 Shop No: 610, 611, 628 & 629, Level-6
Tropical Alauddin Tower, Sector 3, Road 2
Rajlaxmi, Uttara, Dhaka"
Apple iPhone 16 Pro 256 GB,110000,Used,"Dhaka, Mohammadpur",31/08,https://bikroy.com/mohammadpur/mobile-phones/apple-iphone-16-pro-256-gb-WIoXO5kOg1Ez1of1jaR3IpV.html,4,2026-09-08T12:03:58.512133+00:00,individual,"Single handed use and full authentic 
No repair history 
Still have 1 month warranty"
Apple iPhone 16 128 GB Blue,82500,Used,"Dhaka, Mirpur",28/08,https://bikroy.com/mirpur/mobile-phones/apple-iphone-16-128-gb-blue-wcztadToW6YyLDZjVLJTMQLh.html,5,2026-09-08T12:03:59.252256+00:00,individual,"Used: 1 Year
Battery Health: 96%
Charging Cycle: 253 (as of 28.08.2026)
Box & Original Memo: Available
Condition
Entire phone was poly-covered from day one
Single-handedly used by a female user
No gaming history
No scratches or dents
Very carefully and lightly 
Note: Charger/adapter will not be provided."
Apple iPhone 14 Pro Max 128 GB Black,65000,Refurbished,"Dhaka, Uttara",16/08,https://bikroy.com/uttara/mobile-phones/apple-iphone-14-pro-max-128-gb-black-tOUNe3bsGSs9izhp8f0yJaEt.html,5,2026-09-08T12:04:00.467141+00:00,individual,Mobile will be sold 65000
Apple iPhone 14 Plus 256 GB Blue,55000,Used,"Dhaka, Dhamrai",17/08,https://bikroy.com/dhamrai/mobile-phones/apple-iphone-14-plus-256-gb-blue-rf48c3tJ8BeRMDYFEetkD34p.html,5,2026-09-08T12:04:00.904232+00:00,individual,"iPhone 14 Plus Blue
Mint condition
256 GB
ZP/A
Single SIM
Battery Health-76 original
No issues
Nothing changed, box and everything available"
Apple iPhone 12 Pro Max 256 GB Blue,39999,Used,"Dhaka, Mohammadpur Beribadh",26/08,https://bikroy.com/mohammadpur-beribadh/mobile-phones/apple-iphone-12-pro-max-256-gb-blue-dbX9qmJTqrxwv7OBByGhxgMp.html,4,2026-09-08T12:04:01.211756+00:00,individual,"Authentic Phone 
No repair history 
Everything okay 
Kono problem nei 
Joto iccha dekhe niben 
Cable available 
Fixed fixed"
Apple iPhone 12 Pro Max 128 GB Purple,45000,Used,"Dhaka, Uttara",16/08,https://bikroy.com/uttara/mobile-phones/apple-iphone-12-pro-max-128-gb-purple-zWvQnDxWNcBuvPDo5U2JRiPq.html,5,2026-09-08T12:04:01.713759+00:00,individual,"There are no problems whatsoever with the phone, selling only for money. There is no box with the phone, only the cash memo."
Apple iPhone 12 256 GB Black,31000,Used,"Dhaka, Savar",22/08,https://bikroy.com/savar/mobile-phones/apple-iphone-12-256-gb-black-z0gYIAmNYnFzD68FWfjZyt7x.html,3,2026-09-08T12:04:02.173594+00:00,individual,"No problem 
No parts changed
Completely authentic
No box only back cover"
Xiaomi 17T 256 GB Purple,53999,Used,"Dhaka, Motalib Plaza",6 hours ago,https://bikroy.com/motalib-laza/mobile-phones/xiaomi-17t-256-gb-purple-dSXmLndKJCSOZjJijJlRKADC.html,3,2026-09-08T12:04:02.767310+00:00,individual,"Wholesale & Retail 
Xiaomi 17T 12/256GB (Active)
BH-100%

Mobile, Box & Charger (বক্স, চার্জার পেতে সময় লাগতে পারে ৫/৭ দিন) 

Address: Hridoy Communication, 2nd Floor, Shop no: 338"
Xiaomi 17 Ultra 1 TB Black,170000,Used,"Dhaka, Uttara",6 hours ago,https://bikroy.com/uttara/mobile-phones/xiaomi-17-ultra-1-tb-black-GWEcoKQbmxnLCLLhjBK1X2x.html,3,2026-09-08T12:04:03.501225+00:00,individual,"✨ Xiaomi 17 Ultra | Pre-Owned ✨

🔥 16GB RAM | 1TB ROM 🔥
🔋 Battery Health: 100%
🔄 Cycle Count: 26
📦 Box Available
🔌 Charger Included
🖥️ Premium High-Resolution Display
🔋 Long-Lasting Battery
💾 Massive 1TB Storage

🏪 Exchange Hub
📍 Shop No: 610, 611, 628 & 629, Level-6, Tropical Alauddin Tower, Sector 3, Road 2, Rajlaxmi, Uttara"
Xiaomi Redmi Turbo 4 Pro 256 GB Black,35500,Used,"Dhaka, Uttara",25/08,https://bikroy.com/uttara/mobile-phones/xiaomi-redmi-turbo-4-pro-256-gb-black-zx1lkQRRAfHuIOwg3ovsrNW6.html,3,2026-09-08T12:04:04.018471+00:00,individual,"Redmi Turbo 4 Pro, all okay, fully fresh."
Xiaomi Civi 2 128 GB Pink,17500,Used,"Dhaka, Malibag",22/08,https://bikroy.com/malibag/mobile-phones/xiaomi-civi-2-128-gb-pink-pzOgD0Tm919luvluWevg1zOf.html,4,2026-09-08T12:04:04.669840+00:00,individual,"The phone box is missing, but the cash memo is available. It is 100% authentic and has no scratches of any kind."
Xiaomi Poco X7 Pro 256 GB Black,18000,Used,"Dhaka, Mirpur",20/08,https://bikroy.com/mirpur/mobile-phones/xiaomi-poco-x7-pro-256-gb-black-m9GzAqbGEndtp5H5U3UBeNDC.html,5,2026-09-08T12:04:05.223858+00:00,individual,"There is a slight crack on the phone screen which is hard to notice unless you look closely from up close, otherwise there are no issues. The charger is lost, but the box is available. Price is almost fixed. Those who want to buy should contact this number - -"
Samsung Galaxy S25 Ultra 512 GB Black,90000,Used,"Rajshahi, Uposahar",14/08,https://bikroy.com/uposahar/mobile-phones/samsung-galaxy-s25-ultra-512-gb-black-ppwzCJIRmhtzGgToFaBSG65f.html,3,2026-09-08T12:04:05.961306+00:00,individual,"Galaxy S25 ultra!
12/512 GB!
98% fresh condition!
You can come to the location and check it as much as you want!"
Samsung Galaxy S23 Ultra 512 GB Green,54000,Used,"Rajshahi, Boalia",21/08,https://bikroy.com/boalia/mobile-phones/samsung-galaxy-s23-ultra-512-gb-green-427UEP95CDG5o2j1QYkQOdDF.html,4,2026-09-08T12:04:06.618495+00:00,individual,"Get a completely fresh phone in immaculate condition! All features work seamlessly. Comes with an official box, and camera condition photos are provided. There is a slight scratch on the back, but no functional issues at all. The phone is laminated, simply peel off the lamination to reveal a pristine, fresh device."
Samsung Galaxy Z Fold 5 512 GB Black,50000,Used,"Rajshahi, Hatemkha",03/09,https://bikroy.com/hatemkha/mobile-phones/samsung-galaxy-z-fold-5-512-gb-black-7QsCSHU9qxgDFgtSqDGaGbg9.html,4,2026-09-08T12:04:07.376097+00:00,individual,samsung z fold 5 12/512 all ok location rajshahi jekono sequrity dewa jabe   vlo phon pele exchange kora jbe
Samsung Galaxy S21 FE 5G 128 GB Green,18000,Used,"Rajshahi, Shaheb Bazar",29/08,https://bikroy.com/shaheb-bazar/mobile-phones/samsung-galaxy-s21-fe-5g-128-gb-green-3pbJRRVPKwwC7J0pAFE2lygp.html,5,2026-09-08T12:04:08.007925+00:00,individual,All ok . No issue just Display change full fresh phone Brand new condition
Samsung Galaxy S21 FE 128 GB Purple,25000,Used,"Rajshahi, Shaheb Bazar",22/08,https://bikroy.com/shaheb-bazar/mobile-phones/samsung-galaxy-s21-fe-128-gb-purple-xpMeSEXU9SbL751vQH1oyysy.html,5,2026-09-08T12:04:08.563583+00:00,individual,"I will sell my used Samsung Galaxy S21 FE 5G phone due to an urgent need. The phone was purchased from 'Sumash Tech' at Bashundhara City in Dhaka. It is completely fresh and in running condition.
Condition and Performance: There are no scratches or dents on the phone's body, back shell, and camera glass. The external outlook is as fresh as new."
Samsung Galaxy S21 FE 128 GB Gray,28500,Used,"Rajshahi, Tanore",29/08,https://bikroy.com/tanore/mobile-phones/samsung-galaxy-s21-fe-128-gb-gray-puj3391DSpS1WAK2izLvGQE3.html,3,2026-09-08T12:04:09.063565+00:00,individual,Sorom theke kena akdom notun er moto
Samsung Galaxy S24 Ultra 256 GB Black,85000,Used,"Chattogram, Agrabad",19/07,https://bikroy.com/agrabad/mobile-phones/samsung-galaxy-s24-ultra-256-gb-black-6tG5zsRVYCqTAF5F626HmuwZ.html,5,2026-09-08T12:04:09.758811+00:00,individual,Phone like new. No repair history. Box nai but any kind of security dewa Jabe. Everything works perfectly.Location must.
Samsung Galaxy Z Fold 6 (12/256) DUAL SIM BOX (Used),120000,Used,"Chattogram, Chawkbazar",6 hours ago,https://bikroy.com/chawkbazar/mobile-phones/samsung-galaxy-z-fold-6-12-256-dual-sim-box-used-zcU1KIkG3VDPt1bIhFEOOgY4.html,2,2026-09-08T12:04:10.158958+00:00,individual,"🔳 Used abroad for 2/3 months. As good as new condition.
🔳 Storage: 12/256GB
🔳 Colour: Silver
◾ Box and original cable included

🔰 Our Speciality......................................

◾ Original & Non-Refurbished Product
◾ EMI Facilities Available*
◾ Accept Visa, Master Card
◾ Delivery facility inside & outside Chattogram
◾ Phone exchange facilities*
◾ All products are original and genuine.
◾ 7-day replacement and 1-year service warranty on all products

🔰 Our Showroom Address:

Rony Enterprise (Since 2007)
Bali Arcade Shopping Center
4th Floor, Shop no 03 (in front of Chawkbazar Post Office)
Sirajuddula Road, Chawkbazar, Chattogram Show more"
Samsung Galaxy S24 Ultra (Used),90000,Used,"Chattogram, Khulshi",23/04,https://bikroy.com/khulshi/mobile-phones/samsung-galaxy-s24-ultra-used-7CO4BEAXvKuCTvUK7J1NNbx6.html,3,2026-09-08T12:04:10.567770+00:00,individual,"100% fresh.
Full boxed. Not a single spot. Original cable.
With premium phone case."
Samsung Galaxy A17 5G 128 GB Black,28500,Used,"Chattogram, Satkania",17/08,https://bikroy.com/satkania/mobile-phones/samsung-galaxy-a17-5g-128-gb-black-iHsW8J0DIoFclIOtwSR2TK7K.html,3,2026-09-08T12:04:11.067382+00:00,individual,"*For Sale - Samsung Galaxy A17 5G (8GB/128GB)*
*Usage:* Only *1 month 24 days* 
*Condition:* *100% Fresh + Official*. Not a single scratch. Exactly like new.
*RAM/ROM:* *8GB RAM + 128GB Storage* + Memory card support"
Samsung Galaxy S22 Ultra 256 GB Bronze,42000,Used,"Chattogram, Patenga",1 day ago,https://bikroy.com/patenga/mobile-phones/samsung-galaxy-s22-ultra-256-gb-bronze-zjyDYBfR3y5ZVYxFShWMSYrb.html,5,2026-09-08T12:04:11.728531+00:00,individual,Samsung s22 ultra.12/256gb.Batry 5000mah.Samsung er flagship phon. All parts genuine & authentin.Camra panirmoto clear.Full box.Dekta kubi gorgius & Elegent.Nila nita paren
Samsung Galaxy A54 5G 128 GB,25500,Used,"Chattogram, Agrabad",01/09,https://bikroy.com/agrabad/mobile-phones/samsung-galaxy-a54-5g-128-gb-323411VNLrNWpzLiZ5BJYwT.html,4,2026-09-08T12:04:12.466398+00:00,individual,"Assalamualaikum 
Mobile ta ekdom new binddu porimaner o kono somossha nei ami use o kori nai, saudi theke amar vaiya anche 2 mas hocche. Amar emergency taka lagche tai sell korchi.."
Samsung Galaxy S25 Ultra 256 GB Black,84990,Used,"Dhaka, Mohammadpur",8 hours ago,https://bikroy.com/mohammadpur/mobile-phones/samsung-galaxy-s25-ultra-256-gb-black-cJV8GWTIv2WBLd6OKwTHNSGB.html,5,2026-09-08T12:04:13.151620+00:00,individual,"New arrival at the best price.
Get the new Samsung Galaxy S25 Ultra 5G Vietnam Global version.
Used in new condition, full box.
Exchange is possible.
We sell 100% original products.
You can check it however you like.
Warranty Policy:
7 days parts replacement warranty
2 years service warranty
Excludes LCD, software, and physical damage."
Samsung Galaxy S25 Ultra 256 GB Silver,86990,Used,"Dhaka, Dhanmondi",9 hours ago,https://bikroy.com/dhanmondi/mobile-phones/samsung-galaxy-s25-ultra-256-gb-silver-aTj79hwwOSBnyRkQjCoY4JIn.html,3,2026-09-08T12:04:13.715111+00:00,individual,"Welcome to ""Al Aqsa Mobile""
 Reach us___________________
 *Al Aqsa Mobile*
 Shop No-449, Lift-3, Orchard Point, Dhanmondi 7, Dhaka-1209
 Model: Samsung S25 Ultra Dual physical sim & Call Record Available
 RAM: 12
 ROM: 256
 Price Fixed"
Samsung Galaxy S25 Ultra 256 GB Blue,91000,Used,"Dhaka, Dhanmondi",9 hours ago,https://bikroy.com/dhanmondi/mobile-phones/samsung-galaxy-s25-ultra-256-gb-blue-nGGwNCSwm6iKb6fGIiTodBPV.html,5,2026-09-08T12:04:14.255873+00:00,individual,"Description
Welcome to ""Mobile Store""
Our Address:-
Mobile Store
Shop number - 408 (level 4)
Dhanmondi 32 Sukrabad bus stand
Phone number:
Specifications:-
Samsung S25 Ultra
RAM: 12
ROM: 256
>> Li-Ion: 5000
>> Rear: 200+10+50+50 Front: 12
Chipset >> Snapdragon 8 Elite
Display: Dynamic LTPO AMOLED 2X, 120Hz"
Samsung Galaxy A55 256 GB,32900,Used,"Dhaka, Savar",01/09,https://bikroy.com/savar/mobile-phones/samsung-galaxy-a55-256-gb-7ZNOtBuAh4SHjSUuaPFO7Q6P.html,4,2026-09-08T12:04:15.112833+00:00,individual,"Absolutely fresh condition, no scratches of any kind, used with great care. You will get the original box, cable, and a 2700 taka original Samsung adapter with it. You can check it as much as you want before taking it. Must come to the location to pick it up. Location: Baliarpur, Hemayetpur, Savar."
Samsung Galaxy S22 Ultra 256 GB Rose Gold,50000,Refurbished,"Dhaka, Keraniganj",29/08,https://bikroy.com/keraniganj/mobile-phones/samsung-galaxy-s22-ultra-256-gb-rose-gold-dZ6hWHw5BSNQR7KMJ3E8pN7.html,3,2026-09-08T12:04:15.718598+00:00,individual,Samsung Galaxy S22 Ultra 5G (Original Korean Variant) for Sale জরুরী টাকার প্রয়োজনে আমার ব্যবহৃত Samsung Galaxy S22 Ultra (12GB RAM / 256GB ROM) ফোনটি বিক্রি করা হবে। ফোনটি সম্পূর্ণ ফ্রেশ এবং অফিশিয়াল কোরিয়ান ভ্যারিয়েন্ট (Model: SM-S908N)। দুবাই থেকে ০৯/০৮/২০২৬ তারিখে আনা হয়েছে ।মোবাইল 017XXXXXXXX
Samsung Galaxy S24 Ultra 256 GB Bronze,67000,Used,"Dhaka, Keraniganj",31/08,https://bikroy.com/keraniganj/mobile-phones/samsung-galaxy-s24-ultra-256-gb-bronze-s1sZ1Ed5y0y2rEqzxLPkm5VU.html,3,2026-09-08T12:04:16.359709+00:00,individual,"Samsung s24 ultra 
১২/২৫৬/ 
ভিয়েতনাম ভেরিয়েন্ট 
ফোন এর   সাথে অরজিনাল  বক্স আছে 
আমি নতুন কিনছিলাম আমি বাইক কিনবো দেইখা এইটা সেল করতাছি অনেক সখের একটা ফোন ছিলো ফোন ফুল ফ্রেশ জাস্ট হাতের থেকে পরে পিছের বেক সেল ফেটে গেছে এটাই সমস্যা তা সারা কনো সমস্যা নাই জত খুশি চেক করে নিতে পারবেন ইমারজেন্সি দরকার তাই সেল দিয়ে দিতাছি অনেক কমে দিয়ে দিতাছি"
Apple iPhone 16 Pro Max International (Used),124000,Used,Rajshahi,6 hours ago,https://bikroy.com/rajshahi/mobile-phones/apple-iphone-16-pro-max-international-used-l8ZYqC5lOYSqnQWAs5WFKEEN.html,0,2026-09-08T12:04:16.959788+00:00,individual,"iPhone 16 Pro Max 🔥

256 GB, 97% Battery Health

International Global Version 🔥

Super condition 🔥🔥

7 days replacement guarantee ✅
1 year service warranty ✅

#exchange possible ✅

Our Address:
Smart Choice, Shop No. 211,
City Center, Beside Rajshahi College, Sonadighi Mor, Rajshahi

Call for any details"
Apple iPhone 17 Pro Max super condition (Used),159000,Used,Rajshahi,6 hours ago,https://bikroy.com/rajshahi/mobile-phones/apple-iphone-17-pro-max-super-condition-used-hTk4IKkvO4s3bsD26ueDovzb.html,0,2026-09-08T12:04:17.964093+00:00,individual,"Iphone 17 pro max 256 gb 100 bh. Physical sim 🔥🔥🔥. Super condition 🔥🔥. Enjoy a 7-day replacement guarantee ✅ and 1-year service warranty ✅. #exchange possible ✅. Our Address: Smart Choice, Shop No. 211, City center, Beside of Rajshahi College, Sonadigir mor Rajshahi. Call for any details."
Apple iPhone 16 Pro Max 256 GB,129999,Used,"Rajshahi, Baharampur",21/06,https://bikroy.com/baharampur/mobile-phones/apple-iphone-16-pro-max-256-gb-fShnzR2EYw90F51LeoKqXDjw.html,5,2026-09-08T12:04:18.766989+00:00,individual,"Apple Limited Warranty till 29 August 2026
Australian Variant
Physical SIM + eSIM
Battery Health: 100%
Cycle Count: 234
No Scratch
No Dent
No Repair History
Never Opened
Box + Original Type-C Cable Available
Reason for Selling:
Upgrade to iPhone 17 Pro Max
Face to Face Deal Preferred
Location: Rajshahi"
Apple iPhone 16 Pro Max 256 GB Gold,108000,Used,"Rajshahi, Kadirgonj",9 hours ago,https://bikroy.com/kadirgonj/mobile-phones/apple-iphone-16-pro-max-256-gb-gold-inb0l53dfWKZe5pGtRV0NnL1.html,3,2026-09-08T12:04:19.929296+00:00,individual,"আসসালামু আলাইকুম ওয়া রহমাতুল্লহি ওবারকাতুহ 
ফ্রেশ কন্ডিশন
📦 বক্স: Only Device
🧾 ক্যাশ মেমো: আছে
🔁 রিপ্লেসমেন্ট গ্যারান্টি: ৭ দিন পর্যন্ত পাবেন ( শর্তসাপেক্ষে ) 
লোকেশন: রাজশাহী কাদিরগঞ্জ চালপট্টি, লার্জ ফার্মার পাশে , স্বপ্নচূড়া প্লাজা নগর ভবনের পিছে।  
🏪 শপ নং: ১২৩ - নিচ তলা লিফটের পাশে 
🏬 শপ নাম: Rajshahi Mobile Bari 019XXXXXXXX"
Apple iPhone 14 Pro Max 256 GB White,85500,Used,"Rajshahi, Nawdapara",03/09,https://bikroy.com/nawdapara/mobile-phones/apple-iphone-14-pro-max-256-gb-white-5W2Xz2ilWbrQ1cT2vKcx5Xgr.html,5,2026-09-08T12:04:19.961103+00:00,individual,"আমি প্রথম ইউজার,,,, কোন প্রকার সমস্যা নাই,,,, একদম নতুন ফোন,,,, 15 pro max নিবো তাই সেল করে দিচ্ছি,,,, ব্যাটারি হেল্থ ৯২ 🔋USA varrient,, যত ইচ্ছা চেক করে নিবেন,,,, সাথে ওরিজিনাল চার্জার ও কেবল দেওয়া হবে ❤️ যোগাযোগ নাম্বার 019XXXXXXXX"
Apple iPhone 14 Pro 128 GB Black,63000,Used,Rajshahi,03/09,https://bikroy.com/rajshahi/mobile-phones/apple-iphone-14-pro-128-gb-black-aFAd3tlyWtQCoAgs26q34T3B.html,4,2026-09-08T12:04:20.020055+00:00,individual,Iphone 14 pro bettery 77 %
Apple iPhone 13 Pro 128 GB White,53000,Used,"Rajshahi, Shaheb Bazar",5 hours ago,https://bikroy.com/shaheb-bazar/mobile-phones/apple-iphone-13-pro-128-gb-white-6wGvvIJEvgb9NqTBCIEbblP7.html,3,2026-09-08T12:04:20.629953+00:00,individual,"iPhone 13 Pro

128 GB, 90% Battery Health

USA Version

Experience Super Condition 🔥🔥

Enjoy 7 days replacement guarantee ✅ 
Enjoy 1 year service warranty ✅ 

#exchange possible ✅

Our Address :
Smart Choice, Shop No. 211, 
City Center, Beside Rajshahi College, Sonadigir Mor, Rajshahi"
Apple iPhone 11 Pro 256 GB Black,26000,Used,"Rajshahi, Chhota Banagram",03/09,https://bikroy.com/chhota-banagram/mobile-phones/apple-iphone-11-pro-256-gb-black-aaJjt5oS2RN0ImBMgdrI6hjm.html,5,2026-09-08T12:04:21.307003+00:00,individual,"I phon 11 pro 256 battry 77%
শুধু ডিসপ্লে  পরিবতন করা হাইকলিটি ডিসপ্লে
বোঝাই যাই না ডিসপ্লে পরিবতন করা। আর কোনো সমসা নায়।ব্যবহার করার জন্য অরজিনাল লাগিয়েছি।কিন্তু অ্যান্ড্রয়েড ব্যাবহার করে Apple ঝামেলার ফোন মনে হচ্ছে।সইডিয়ারপ থেকে আনা।"
Apple iPhone 14 128 GB Black,27500,Used,"Rajshahi, Uposahar",23 hours ago,https://bikroy.com/uposahar/mobile-phones/apple-iphone-14-128-gb-black-tKOO7eZa3O0Gz9jZz1jIs5sr.html,4,2026-09-08T12:04:21.959530+00:00,individual,"ফোনটি Wi-Fi দিয়ে ব্যবহার করা যায়। Face ID ঠিকঠাক কাজ করে। Display পরিবর্তন করা হয়েছে—তাই নেওয়ার আগে সবকিছু ভালোভাবে চেক করে নিতে পারবেন। ফোনটি Wi-Fi Bypass, তাই SIM/Cellular ব্যবহারযোগ্যতার বিষয়টি আগে থেকেই পরিষ্কারভাবে জানানো হলো। আগ্রহী হলে সামনে থেকে দেখে-শুনে ও সবকিছু পরীক্ষা করে নিতে পারবেন।"
New Apple iPhone 17 Pro Max 256 GB White,169999,Brand New,"Chattogram, Chandgaon",19/06,https://bikroy.com/chandgaon/mobile-phones/new-apple-iphone-17-pro-max-256-gb-white-sj305H3n4ssB0OChjyzbQajx.html,4,2026-09-08T12:04:22.564775+00:00,individual,"iPhone 17 Pro Max 256GB Dual Physical SIM. Available in Cosmic Orange, Silver, and Deep Blue."
New Apple iPhone 17 Pro Max 256 GB Silver,169000,Brand New,"Chattogram, Chawkbazar",17/05,https://bikroy.com/chawkbazar/mobile-phones/new-apple-iphone-17-pro-max-256-gb-silver-k5Phgq5VyvQCmheUbui1p6It.html,2,2026-09-08T12:04:23.175662+00:00,individual,"If you want the best price, please visit our shop."
Apple iPhone 16 Pro Max 256 GB White,122000,Used,"Chattogram, Oxygen",17/06,https://bikroy.com/oxygen/mobile-phones/apple-iphone-16-pro-max-256-gb-white-tHBhfiK0vPHMY8aHh5TgQSbd.html,5,2026-09-08T12:04:23.871773+00:00,individual,"Iphone 16pro max white titanium 256gb tdra (dubai)
""""brand new condition """" 
bh:- 100%
charging cycle :- 66
5-6month warrant left
full box ache cash memo ache
call 016XXXXXXXX"
Apple iPhone 15 Pro Max 256 GB Silver,98000,Used,"Chattogram, Raozan",21/08,https://bikroy.com/raozan/mobile-phones/apple-iphone-15-pro-max-256-gb-silver-eUwu8HOIx3JbCYcETjkDsBfc.html,5,2026-09-08T12:04:24.563374+00:00,individual,"Alhamdulillah, no issues at all 
WhatsApp 018XXXXXXXX"
Apple iPhone 14 Pro 128 GB Black,68000,Used,"Chattogram, Alankar",03/09,https://bikroy.com/alankar/mobile-phones/apple-iphone-14-pro-128-gb-black-oIc7HbOmJZEc3RUl0jaCFZqR.html,5,2026-09-08T12:04:25.032050+00:00,individual,"The phone is in absolutely top-notch condition, super smooth, and fresh!
All parts are genuine (Never opened)
Battery health 88%(Genuine)
Great battery backup
Storage: 128GB
3u tools rating 98
Variant: J/A (Japan)
Single physical sim
Face ID & True Tone: 100%
Only Phone (Without Box)
Security will be provided
Note: No Exchange only sell need Money urgently"
Apple iPhone 15 Pro Max 256 GB,95000,Used,"Chattogram, Alankar",29/08,https://bikroy.com/alankar/mobile-phones/apple-iphone-15-pro-max-256-gb-pO5ZYMnZUKynFj9ZuTS2oiBg.html,3,2026-09-08T12:04:25.717878+00:00,individual,"All must new because i'm not to much users, i never played video games.
Battery health 86% backup normal, i bought this phone from saudi Arabia, i came back from Saudi now i need some money that's why i want to sell this phone with box cable Orginal magsafe i phone case & 2 other case
If you are interested pls call me 018XXXXXXXX"
Apple iPhone XS Max 256 GB White,24000,Used,"Chattogram, Kotwali, Chattogram",03/09,https://bikroy.com/kotwali/mobile-phones/apple-iphone-xs-max-256-gb-white-asqkocoyRDm2XnYjd69wFUL.html,5,2026-09-08T12:04:26.169958+00:00,individual,Original UK version 256GB comes with box cable and charger. Never opened before it's a challenge. Best in condition regarding it's age. No cracks or damage but some marks due it's age on metal frame only. Cash on collection only
Apple iPhone 13 Pro 256 GB Blue,42000,Used,"Chattogram, Karnaphuli",28/08,https://bikroy.com/karnaphuli/mobile-phones/apple-iphone-13-pro-256-gb-blue-dNSOzZB4LWv6sF5MylHzTWaw.html,5,2026-09-08T12:04:26.705819+00:00,individual,"IPhone 13 Pro
Set full Frash 
256 Gb 
Face ID✅
True tone ✅
Face ID✅
New Bettari lagano aca ❌
All ok aca 
Display change ❌
Just original glass fata aca kintu buja jai na 🚫"
Apple iPhone 11 Pro Max 256 GB Gray,35000,Used,"Chattogram, Chawkbazar",03/09,https://bikroy.com/chawkbazar/mobile-phones/apple-iphone-11-pro-max-256-gb-gray-wykyVPpp6rYre6Et4jUCirya.html,5,2026-09-08T12:04:27.480721+00:00,individual,"🍎 iPhone 11 Pro Max 256GB — For Sale
Model: iPhone 11 Pro Max
Storage: 256GB
Battery Health: 72% 🔋
Condition: ভালো, খুব যত্নে ব্যবহার করা হয়েছে
Parts: ✅ সব Parts Original
Display: Original
Face ID: ✅ Working
True Tone: ✅ Working
Camera: ✅ Perfect
Network: ✅ সব ঠিকঠাক
Box: ✅ Available 📦
📌 ফোনে কোনো Parts change করা হয়নি।"
Apple iPhone 16 Pro Max 256 GB Black,110000,Used,"Dhaka, Uttara",6 hours ago,https://bikroy.com/uttara/mobile-phones/apple-iphone-16-pro-max-256-gb-black-jLdlS7dgtMReFCElYtM7U5L3.html,4,2026-09-08T12:04:28.074590+00:00,individual,"iPhone 16 Pro Max | Pre-Owned
256GB Storage
USA Variant
Box Available
Battery Health: 91%
7 Days Replacement & 1 Year Service Warranty
EMI Facility Available
Exchange Hub
Shop No: 610, 611, 628 & 629, Level-6, Tropical Alauddin Tower, Sector 3, Road 2, Rajlaxmi, Uttara
Call for Details 017XXXXXXXX"
Apple iPhone 17 Pro 256 GB Orange,135000,Used,Dhaka,01/09,https://bikroy.com/dhaka/mobile-phones/apple-iphone-17-pro-256-gb-orange-7WSkLsjwq1EG7DkKwYFkMqXw.html,5,2026-09-08T12:04:28.723449+00:00,individual,"📱 iPhone 17 Pro (256GB) – Singapore Variant | Thailand Purchased 🇹🇭
Thailand Apple Store থেকে কেনা। Battery Health 94%, Cycle Count 298। Face ID, True Tone, Cameraসহ সবকিছু 100% ঠিকভাবে কাজ করে। কোনো hidden issue বা repair history নেই। Purchase documents available।
Purchased new from thiland on December 28
Call 016XXXXXXXX"
Apple iPhone 17 Pro Max 256 GB Orange,138000,Used,"Dhaka, Baridhara",9 hours ago,https://bikroy.com/baridhara/mobile-phones/apple-iphone-17-pro-max-256-gb-orange-iRSBTOgelbKq5KaC3wSOUozq.html,3,2026-09-08T12:04:29.008252+00:00,individual,"iPhone 17 Pro Max, available at Jamuna Future Park."
Apple iPhone 15 128 GB White,70000,Used,"Dhaka, Uttara",30/08,https://bikroy.com/uttara/mobile-phones/apple-iphone-15-128-gb-white-5j4owwmmkuz8yUHyCq3VkAuU.html,3,2026-09-08T12:04:29.718673+00:00,individual,"Box nai 
Ami 13 din age dubai theke aaschi... So documents hisebe amar uae reaidential id or bd passport dite parbo. Phoner condition top class...back shell ta halka cracked.."
Apple iPhone 14 Pro Max 128 GB Black,80000,Used,"Dhaka, Jatrabari",01/09,https://bikroy.com/jatrabari/mobile-phones/apple-iphone-14-pro-max-128-gb-black-hlOSQ5yvh13e8ioJyvCIq4eD.html,5,2026-09-08T12:04:30.181930+00:00,individual,"iphone 14pro max
bt health-89
hongkong variant
box available"
Apple iPhone 14 Pro 128 GB Purple,53999,Used,"Dhaka, Shantinagar",29/08,https://bikroy.com/shantinagar/mobile-phones/apple-iphone-14-pro-128-gb-purple-a7lgAxXjP9ZXvm1I8w5iVe3T.html,3,2026-09-08T12:04:30.875478+00:00,individual,"Iphone 14pro 128gb
Singapore variant
bh 76%
display has a pink line
cash memo available 
price slightly negotiable.
location : shantinagar or bailyroad"
Apple iPhone 13 128 GB Pink,43000,Used,"Dhaka, Mirpur",31/08,https://bikroy.com/mirpur/mobile-phones/apple-iphone-13-128-gb-pink-fcES2Js68PpSgxVX4cSUy1pX.html,3,2026-09-08T12:04:31.479731+00:00,individual,Full fresh kono dent nai . Phone ar sathe box ase
Apple iPhone 12 128 GB Black,25000,Used,"Dhaka, Lalbag",28/08,https://bikroy.com/lalbag/mobile-phones/apple-iphone-12-128-gb-black-l2vBrisKJoUt2rHyT6FyfG8u.html,3,2026-09-08T12:04:31.866503+00:00,individual,"Iphone 12 128 Black
Nothing changed
Bh 84
Must be location ey aste hobe"
Apple iPhone 12 Pro Max 256 GB Gold,47000,Used,"Dhaka, Keraniganj",29/08,https://bikroy.com/keraniganj/mobile-phones/apple-iphone-12-pro-max-256-gb-gold-pgJ3tQXntTHkVPtA52K8t8vq.html,5,2026-09-08T12:04:32.523444+00:00,individual,"iPhone 12 Pro Max with cash memo

Storage 256gb

Golden color

Face ID True Tone okay

Battery health 100%

Everything original

Only battery change for ifix

3500 tk lagse battery backup onk bhalo

Adapter ankar

cable

any kind of security provide korbo

Price 47000

Location - keraniganj Kadamtoli"
Xiaomi Redmi K80 Ultra 256 GB Green,48999,Used,"Dhaka, Savar",28/08,https://bikroy.com/savar/mobile-phones/xiaomi-redmi-k80-ultra-256-gb-green-8TbYBcflB5Sh5vrbQwtv3nEB.html,5,2026-09-08T12:04:33.169957+00:00,individual,Shob ekdm 100% perfect 013XXXXXXXX
Xiaomi 13 Pro 256 GB,39000,Used,"Dhaka, Mirpur",1 day ago,https://bikroy.com/mirpur/mobile-phones/xiaomi-13-pro-256-gb-n8QmeSj2Fe8bLBDhOMpb1wZy.html,5,2026-09-08T12:04:34.053317+00:00,individual,Fully fresh Condition
Xiaomi 17 256 GB White,72000,Used,"Dhaka, Jamuna Future Park",6 hours ago,https://bikroy.com/jamuna-future-park/mobile-phones/xiaomi-17-256-gb-white-u8dUORkV27oAWxH2jSLaBeg2.html,3,2026-09-08T12:04:34.370400+00:00,individual,"Xiaomi Mi 17

12GB 256 GB
Cycle = 37
Battery Health: 100%


 Exchange Available
 100% Original Device
 With Original Box
 EMI Available (3–36 Months) (T&C Apply)
 Delivery Available Outside Dhaka

Jamuna Future Park Shopping mall
Level 4, shop No: 006C"
Xiaomi 14 512 GB White,40000,Used,"Dhaka, Rampura",04/09,https://bikroy.com/rampura/mobile-phones/xiaomi-14-512-gb-white-iHPuzsYyOu0pY8LGfOlq7SwE.html,5,2026-09-08T12:04:35.070094+00:00,individual,"Full fresh 
Only phone 
Cn model"
Xiaomi Redmi K90 256 GB Red,49999,Used,"Dhaka, Motalib Plaza",5 hours ago,https://bikroy.com/motalib-laza/mobile-phones/xiaomi-redmi-k90-256-gb-red-3nXbCwNU7U9BbXQufIP8PHEC.html,5,2026-09-08T12:04:36.259730+00:00,individual,"Wholesale & Retail 
Redmi K90 12/256GB (Active)
BH-100%

Mobile, Box & Charger (বক্স, চার্জার পেতে সময় লাগতে পারে ৫/৭ দিন) 

Address: Hridoy Communication, 2nd Floor, Shop no: 338"
Xiaomi 17 Pro Max 512 GB Gray,87000,Used,"Dhaka, Dhanmondi",8 hours ago,https://bikroy.com/dhanmondi/mobile-phones/xiaomi-17-pro-max-512-gb-gray-wate4OrYHfrTEGcgZDblLJ8o.html,5,2026-09-08T12:04:37.126479+00:00,individual,"Xiaomi 17 pro Max
Exchange possible 
 
Ram 12 GB
Rom 512 GB
Battery Health 100%
White color
Phone is in totally brand new condition.
Taking this is the same as buying a new one because the phone is completely intact. It hasn't been used yet, just unboxed.
We will provide:
 Phone
 Adapter
 Cable
 Cash memo
 Box"
New Xiaomi Redmi Turbo 4 Pro 256 GB White,40499,Brand New,"Dhaka, Jatrabari",01/09,https://bikroy.com/jatrabari/mobile-phones/new-xiaomi-redmi-turbo-4-pro-256-gb-white-aXpsvlgItYS8fy0DJyvxhUmY.html,4,2026-09-08T12:04:37.155008+00:00,individual,"Fully fresh phone ,,You can check properly"
Xiaomi 15 256 GB Black,35000,Used,"Dhaka, Savar",19/08,https://bikroy.com/savar/mobile-phones/xiaomi-15-256-gb-black-f272SEiE1hMsTONRT5jJ6zou.html,2,2026-09-08T12:04:37.717858+00:00,individual,"There are no dents, scratches, or any issues. It was bought new and used for only one to two months. I am selling it because I want to get another phone. This is an official phone."
Xiaomi 14 256 GB White,42000,Used,"Dhaka, Khilgaon",05/09,https://bikroy.com/khilgaon/mobile-phones/xiaomi-14-256-gb-white-bOKtFPO2RHctR6s5tlzDG2S.html,3,2026-09-08T12:04:38.307596+00:00,individual,ফুল বক্স চার্জার সাথে পাবেন
Xiaomi Mix Flip 256 GB White,77000,Used,"Dhaka, Uttara",6 hours ago,https://bikroy.com/uttara/mobile-phones/xiaomi-mix-flip-256-gb-white-vs56lsJl9wlciERKtMBzVmV.html,4,2026-09-08T12:04:38.871586+00:00,individual,"Xiaomi MIX Flip 2 
 RAM: 12GB
 ROM: 256GB
 Full Box + Original Charger
 Excellent Condition
 Exchange Hub
 Shop No: 610, 611, 628 & 629, Level-6
Tropical Alauddin Tower, Sector 3, Road 2"
New Xiaomi 12 Pro 256 GB Blue,55000,Brand New,"Dhaka, Mohammadpur",02/09,https://bikroy.com/mohammadpur/mobile-phones/new-xiaomi-12-pro-256-gb-blue-A0A6jyiEgN8ylZJqxGW001rT.html,3,2026-09-08T12:04:39.400414+00:00,individual,Xiaomi 12 pro. Full fresh.
Xiaomi 13 Ultra 256 GB Green,47000,Used,"Dhaka, Savar",9 hours ago,https://bikroy.com/savar/mobile-phones/xiaomi-13-ultra-256-gb-green-keNDhC2BIB9AlUbpLBITDYr6.html,5,2026-09-08T12:04:39.812826+00:00,individual,"📌 মোবাইলের তথ্য:
🔹 মডেল: Xiaomi
🔹 RAM: 12GB
🔹 Storage: 256GB

✅ ৭ দিনের রিপ্লেসমেন্ট গ্যারান্টি
✅ ১ বছরের সার্ভিস ওয়ারেন্টি
✅ ফোন কেনার আগে যাচাই করার সুযোগ
✅ বিশ্বস্ততা ও ভালো সার্ভিস দেওয়াই আমাদের প্রধান লক্ষ্য।

📍 ঠিকানা:
E-162, Level-5 (Lift-4),
Sena Shopping Complex,
Nabinaagar, Sayer, Dhaka.

🗓️ সাপ্তাহিক বন্ধ: রবিবার"
Xiaomi Civi 4 Pro 512 GB Blue,36000,Used,"Dhaka, Dhanmondi",9 hours ago,https://bikroy.com/dhanmondi/mobile-phones/xiaomi-civi-4-pro-512-gb-blue-daZQhMw4sDL7xcEm3hxZXPAl.html,5,2026-09-08T12:04:40.468288+00:00,individual,"🌷🌷Welcome to""Mobile Store ""🌷🌷

আামাদের ঠিকানাঃ-

Mobile Store

Shop number -408(level 4)

Dhanmondi 32 Sukrabad bus stand
Phone number 017XXXXXXXX 018XXXXXXXX"
Xiaomi 15 Ultra 512 GB Gray,125000,Used,"Dhaka, Basundhara",6 hours ago,https://bikroy.com/basundhara/mobile-phones/xiaomi-15-ultra-512-gb-gray-xyfsEW1wyG4c7q16dk6l4oJo.html,3,2026-09-08T12:04:41.161916+00:00,individual,"Using for last 6 months.
Price is not negotiable. Please do not message, no one will read.
Complete Camera Kit also available.
Exchange possible with Galaxy S26 Ultra in mint condition and boxed, I will add cash
Or Pixel 10 Pro/Pro XL boxed, you have to add cash."
Xiaomi Redmi Note 14 4G 256 GB Black,19000,Used,"Dhaka, Savar",25/08,https://bikroy.com/savar/mobile-phones/xiaomi-redmi-note-14-4g-256-gb-black-saeC89KyVEAibUCJpyy1vxZF.html,3,2026-09-08T12:04:41.803334+00:00,individual,"Redmi Note 14 (8GB+8GB RAM | 256GB) for sale.
Phone is in brand new, fresh condition. No marks, scratches, or dents. Used with care by a single owner, and never opened or repaired.
Phone specifications:
Comes with Original Box and Original Charger.
Perfect for those looking for a like-new phone at a lower price. Please do not bother unnecessarily."
Xiaomi Mi 11 Ultra 256 GB White,28000,Used,"Dhaka, Savar",28/08,https://bikroy.com/savar/mobile-phones/xiaomi-mi-11-ultra-256-gb-white-b7eLN165U4now4umY7LJJntI.html,4,2026-09-08T12:04:42.508497+00:00,individual,"Assalamu Alaikum. I bought the phone 3 months ago. Everything is fine. There is a green line mark on the display. Other than this, there are no other problems with the phone. There is an opportunity to negotiate the price. Thank you"
Xiaomi 12 256 GB,24000,Used,"Dhaka, Keraniganj",04/09,https://bikroy.com/keraniganj/mobile-phones/xiaomi-12-256-gb-CexGNmkQnC73sltqXe4Fb3Nq.html,5,2026-09-08T12:04:42.919049+00:00,individual,"Xiaomi 12 5G | 8GB RAM | 256GB ROM

🔹 Processor: Snapdragon 8 Gen 1
🔹 RAM: 8GB
🔹 ROM: 256GB
🔹 Color: Glow Blue
🔹 Box: নেই
🔹 Charger: নেই
🔹 Price: ৳25,000
🔹 Serious buyer-এর জন্য discount থাকবে।

🔥 Powerful Snapdragon 8 Gen 1 performance
✨ Premium Glow Blue color
💾 8/256GB — ample storage & smooth performance

📩 Interested buyers"
Xiaomi Redmi 15C 256 GB Black,17499,Used,"Dhaka, Gulshan",3 hours ago,https://bikroy.com/gulshan/mobile-phones/xiaomi-redmi-15c-256-gb-black-boRxcdHqY3sSt0cjhyq74Uyg.html,4,2026-09-08T12:04:44.812326+00:00,individual,"Redmi 15 official full box 
Ram 8Gb Rom 256Gb 
Official warrenty ace 
Kono problem nai 
Processor dimensity 7050
Battery 5000 mah 
10 days replesment guaranty ace 
1 year service warranty ace 
Location Gulshan 2 land view shopping center shop number 24 ist floor 
Phone exchange kora hoy 
Friday market close 
Emi korta parben credit card dia"
Xiaomi Redmi Note 15 256 GB Silver,33000,Used,"Dhaka, Mirpur",22/08,https://bikroy.com/mirpur/mobile-phones/xiaomi-redmi-note-15-256-gb-silver-xveqlzfKj3mMO8uamW4j8Ywg.html,5,2026-09-08T12:04:45.018911+00:00,individual,"Urgent Sale: Redmi Note 15 5G (Full Box)
Grab this completely fresh condition Redmi Note 15 5G phone. There are no issues with the phone, it is running as good as new.
Brief Description:
Model: Redmi Note 15 5G
Condition: Completely fresh, no performance or internal issues.
Included: Original charger, original cash memo/box."
Xiaomi Poco F6 256 GB Gold,30500,Used,"Dhaka, Rampura",28/08,https://bikroy.com/rampura/mobile-phones/xiaomi-poco-f6-256-gb-gold-mSF9lVBxdScENOxStTvDgWzh.html,5,2026-09-08T12:04:45.179802+00:00,individual,"Poco f6 12/256bg
 Indian global Full box  no issue 

ডিসপ্লে বডিতে কোন ধরনের ডেন বা দাগ  নাই 
ফোনের কন্ডিশন সরাসরি এসে যত ইচ্ছে চেক করে নিতে পারবেন 
প্রাইস ৩০৫০০ টাকা সামান্য কিছু কমানো যেতে পারে 

আগ্রহী কেতারা  সরাসরি ইনবক্স অথবা কল করুন ধন্যবাদ"
Xiaomi Mi 11 256 GB Blue,20000,Used,"Dhaka, Savar",31/08,https://bikroy.com/savar/mobile-phones/xiaomi-mi-11-256-gb-blue-laAzyEqblmpHaeIUTFIObqDF.html,4,2026-09-08T12:04:45.716910+00:00,individual,"আসসালামু আলাইকুম 
 ফোনের মধ্যে কোন প্রবলেম নেই এক বছর হয়েছে ইউস করছি টাকার প্রয়োজন তাই ফোনটা বিক্রি করব। ফোনে ১২ জিবি রেম এবং 256 রোম ফোনে ৩০x জুম ক্যামেরা, ফোনটা পুরো নতুনের মত কোনরকম কোন দাগ নেই, চার্জ মোটামুটি আলহামদুলিল্লাহ ভালো থাকে, ইনশাল্লাহ আপনি ফোনের ঠকবেন না"
Xiaomi Redmi K50 Ultra 256 GB Blue,25499,Used,"Dhaka, Mirpur",9 hours ago,https://bikroy.com/mirpur/mobile-phones/xiaomi-redmi-k50-ultra-256-gb-blue-f8msEn2lMfV3kN2vlcF4ouDu.html,5,2026-09-08T12:04:46.467993+00:00,individual,"S A Gadget Mart. Shop No: 35, 3rd Floor, Baghdad Shopping Complex, Mirpur-1, Dhaka-1216.
Model:Xiaomi K50 Ultra 5g
RAM:12 GB
Storage: 256 GB
Battery: 5000 mAh
PRICE FIXED: 
Device and ,cash memo available
Replacement Guarantee: 7 Days. Service Warranty: 2 Years. Home delivery available all over Bangladesh."
New Xiaomi Redmi Note 15 256 GB,25999,Brand New,"Dhaka, Banglamotor",3 hours ago,https://bikroy.com/banglamotor/mobile-phones/new-xiaomi-redmi-note-15-256-gb-hmloTb7j0CwxlM4HWWq1Mt5f.html,4,2026-09-08T12:04:47.079537+00:00,individual,"Redmi note 15 8/256 full box
Nirob telecom
Shop-592"
Xiaomi 13 128 GB Black,18000,Used,"Dhaka, Jatrabari",24/08,https://bikroy.com/jatrabari/mobile-phones/xiaomi-13-128-gb-black-aRuJK4mXitG636ZeKkcGsDgg.html,4,2026-09-08T12:04:47.704890+00:00,individual,Redmi Note 13. Fully fresh phone. Original charger and mobile box are available.
Xiaomi Civi 4 Pro 256 GB Black,29000,Used,"Dhaka, Mirpur",28/08,https://bikroy.com/mirpur/mobile-phones/xiaomi-civi-4-pro-256-gb-black-hWGeujOWfruy7klYj6KY7B3.html,4,2026-09-08T12:04:48.377454+00:00,individual,"Sell and exchange  with iphone 13/14 and upper model will add cash,, 
Phone ekdom fresh."
Xiaomi Mi 11 Ultra 256 GB Black,35000,Used,"Dhaka, Badda",03/09,https://bikroy.com/badda/mobile-phones/xiaomi-mi-11-ultra-256-gb-black-aqINzstD0IVzolpeFIptyjov.html,5,2026-09-08T12:04:49.167598+00:00,individual,"একটা স্কাচ ও নাই ফোনে, নতুন অবস্থা থেকেই পলি করা দুই পাশেই।  ফোনের সাথে শুধু দোকানের ক্যাশ মেমো পাবেন  এবং  সিকিউরিটি হিসাবে ভোটার আইডি কার্ডের ফটোকপি পাবেন। 
ফোনের সবকিছু একশ একশ। আসবেন দেখবেন যদি ভালো লাগে নিবেন। বিস্তারিত অনলাইনে দেখে নিন।"
Xiaomi Redmi 15C 4G 256 GB Black,18500,Used,"Dhaka, Dhanmondi",9 hours ago,https://bikroy.com/dhanmondi/mobile-phones/xiaomi-redmi-15c-4g-256-gb-black-r8apdRbv3WGz8W6pKPmpRKEr.html,3,2026-09-08T12:04:50.018463+00:00,individual,"""Welcome to ""Al Aqsa Mobile"" 
 Reach us___________________ 
 *Al Aqsa Mobile*
 Shop No-449 ,Lift -3, Orchard Point, Dhanmondi 7, Dhaka-1209
 Model : 15c
 RAM : 8 
 ROM : 256
 Price Fixed"
Xiaomi Redmi Note 14 4G 128 GB Black,19999,Used,"Dhaka, Jatrabari",3 hours ago,https://bikroy.com/jatrabari/mobile-phones/xiaomi-redmi-note-14-4g-128-gb-black-tRUZvsLHG9yRATVlEAd1ewZW.html,3,2026-09-08T12:04:50.524609+00:00,individual,"Box charger all okay
6/128 GB"
Samsung Galaxy S24 Plus 256 GB Black,56500,Used,"Rajshahi, Boalia",03/09,https://bikroy.com/boalia/mobile-phones/samsung-galaxy-s24-plus-256-gb-black-fy5vyFeFE6X5fU9IOSDsBHDe.html,5,2026-09-08T12:04:51.213441+00:00,individual,"Full fresh
12 /256 
With box
Fixed price"
Samsung Galaxy S26 Ultra 5G 512 GB Blue,115000,Used,"Rajshahi, Shaheb Bazar",5 hours ago,https://bikroy.com/shaheb-bazar/mobile-phones/samsung-galaxy-s26-ultra-5g-512-gb-blue-3tUSQVNHO7P9apzxgC7PxJcd.html,3,2026-09-08T12:04:51.776427+00:00,individual,"Samsung S26 Ultra, 12GB RAM, 512GB storage. Super condition. 7 days replacement guarantee. 1 year service warranty. #exchange possible. Our Address: Smart Choice, Shop No. 211, City Center, Beside Rajshahi College, Sonadighi Mor, Rajshahi. Call for any details:"
Samsung Galaxy S24 Ultra 256 GB Gray,77000,Used,"Rajshahi, Rajpara",02/09,https://bikroy.com/rajpara/mobile-phones/samsung-galaxy-s24-ultra-256-gb-gray-s9oUAIhUtjVoHuZnq6MMbJlK.html,3,2026-09-08T12:04:52.473438+00:00,individual,12/256 gb. Full fresh with full box.
Samsung Galaxy S24 Plus 256 GB Purple,55000,Used,"Rajshahi, Shaheb Bazar",29/08,https://bikroy.com/shaheb-bazar/mobile-phones/samsung-galaxy-s24-plus-256-gb-purple-cUhQT4LW4QP17UOEW64ygnnW.html,3,2026-09-08T12:04:53.179656+00:00,individual,"No issue 
Full fresh 🔥
12/256 
Lagle inbox...!"
Samsung Galaxy S24 Ultra 256 GB Gray,70000,Used,"Rajshahi, Boalia",23/08,https://bikroy.com/boalia/mobile-phones/samsung-galaxy-s24-ultra-256-gb-gray-C1mD7NUXoZ8rS2u9pjP28OlW.html,5,2026-09-08T12:04:53.818459+00:00,individual,"Used for about 8 months. Everything in the phone is okay, you can check it as much as you want. You will get two covers with the phone. 
The back shell color of the phone has faded. Only phone. NID and bank details can be provided as security."
Samsung Galaxy S24 Ultra 256 GB White,87000,Used,"Rajshahi, Shaheb Bazar",6 hours ago,https://bikroy.com/shaheb-bazar/mobile-phones/samsung-galaxy-s24-ultra-256-gb-white-p7bmoGm97s1ouC3sSJuomc5V.html,4,2026-09-08T12:04:54.314480+00:00,individual,"Samsung S25 Ultra 
12 / 256 
Super condition 
7 days replacement guarantee  
1 year service warranty  
#exchange possible 
Our Address :
Smart Choice , Shop No. 211 , 
City Center , Beside of Rajshahi College , Sonadigir Mor, Rajshahi
Call for any details:"
Samsung Galaxy S23 Ultra 256 GB Gray,52000,Used,"Rajshahi, Kazla",05/09,https://bikroy.com/kazla/mobile-phones/samsung-galaxy-s23-ultra-256-gb-gray-dDvoPueMFVcMhgJnE6FVep3b.html,3,2026-09-08T12:04:54.956975+00:00,individual,100% fress dakhe niben
Samsung Galaxy S24 Ultra 256 GB Black,74900,Used,"Rajshahi, Shaheb Bazar",01/09,https://bikroy.com/shaheb-bazar/mobile-phones/samsung-galaxy-s24-ultra-256-gb-black-6ccDxNtB0TzJifILDioNAjPK.html,5,2026-09-08T12:04:55.512944+00:00,individual,"Used for 8months,no single scratches or dent.full fresh condition like new. Used very carefully,with back poly, back cover & screen protector.Everything is ok.New phone kinbo tai sell korci."
Samsung Galaxy S25 Ultra 256 GB Silver,89000,Used,"Rajshahi, Rajpara",04/09,https://bikroy.com/rajpara/mobile-phones/samsung-galaxy-s25-ultra-256-gb-silver-3YjC9gw5uhMNsog4ebEswbLx.html,5,2026-09-08T12:04:56.001966+00:00,individual,"Samsung S25 Ultra – 12/256GB
RAM/ROM: 12GB / 256GB
Color: Titanium Silver Blue
Cash Memo: ফোনের সাথে ক্যাশ মেমো পাবেনCondition: একদম ফ্রেশ কন্ডিশন, প্রায় নতুনের মতো। কোনো স্ক্র্যাচ, দাগ বা ডেন্ট নেই। ফোন খুব যত্নসহকারে ব্যবহার করা হয়েছে।
Location: Rajshahi
Price: আলোচনা সাপেক্ষে
আগ্রহী হলে ইনবক্স করুন। সরাসরি দেখে নেওয়া সুযোগ থাকবে"
Samsung Galaxy S24 Ultra 256 GB Gold,72000,Used,"Rajshahi, Kadirgonj",9 hours ago,https://bikroy.com/kadirgonj/mobile-phones/samsung-galaxy-s24-ultra-256-gb-gold-8KEL3eEgbxifCQjsARsF0JDD.html,5,2026-09-08T12:04:56.668539+00:00,individual,"Assalamu Alaikum Warahmatullahi Wabarakatuh
Fresh condition
Box: Only Device
Cash Memo: Available
Replacement Guarantee: Get up to 7 days (conditions apply)
Location: Rajshahi Kadirganj Chalpotti, beside Large Farmer, behind Swapnochura Plaza Nagar Bhaban.
Shop No: 123 - Ground floor beside lift
Shop Name: Rajshahi Mobile Bari 019XXXXXXXX"
Samsung Galaxy S25 256 GB Silver,56000,Used,"Rajshahi, Durgapur",28/08,https://bikroy.com/durgapur-1/mobile-phones/samsung-galaxy-s25-256-gb-silver-2RAxhkTP7D6zPiPgAw6gdOT0.html,3,2026-09-08T12:04:57.318965+00:00,individual,"100% fresh 2 months used , iPhone Nibo tai sell korsi"
Samsung Galaxy S25 256 GB Blue,57000,Used,"Rajshahi, Kadirgonj",9 hours ago,https://bikroy.com/kadirgonj/mobile-phones/samsung-galaxy-s25-256-gb-blue-4XMUnSWsD8ZTC2HueIjou2ni.html,5,2026-09-08T12:04:58.766074+00:00,individual,"আসসালামু আলাইকুম ওয়া রহমাতুল্লহি ওবারকাতুহ 
ফ্রেশ কন্ডিশন
 বক্স: Only Device
 ক্যাশ মেমো: আছে
 রিপ্লেসমেন্ট গ্যারান্টি: ৭ দিন পর্যন্ত পাবেন ( শর্তসাপেক্ষে ) 
লোকেশন: রাজশাহী কাদিরগঞ্জ চালপট্টি, লার্জ ফার্মার পাশে , স্বপ্নচূড়া প্লাজা নগর ভবনের পিছে। 
 শপ নং: ১২৩ - নিচ তলা লিফটের পাশে 
 শপ নাম: Rajshahi Mobile Bari 019XXXXXXXX"
Samsung Galaxy S24 256 GB Purple,52990,Used,"Rajshahi, Boalia",26/08,https://bikroy.com/boalia/mobile-phones/samsung-galaxy-s24-256-gb-purple-wRML35PybDrFDxnxfeEbJYMF.html,3,2026-09-08T12:04:59.764041+00:00,individual,"ফোন নতুন কিনেছিলান, ফোন এর বক্স মেমো সব আছে, একটা চুল পরিমাণ দাগ নাই। কোন রিপিয়ার হিস্ট্রি নাই।

= কল রেকর্ড হয়।"
New Samsung Galaxy S24 Ultra 512 GB Black,74500,Brand New,"Rajshahi, Shaheb Bazar",31/08,https://bikroy.com/shaheb-bazar/mobile-phones/new-samsung-galaxy-s24-ultra-512-gb-black-isGTmyKd1fsh8KIRagRJfsvm.html,5,2026-09-08T12:05:00.949765+00:00,individual,"📱 Samsung Galaxy S24 Ultra — 512GB 🔥

✅ Model: Samsung S24 Ultra
💾 Storage: 512GB
🏪 Shop Name: City Gadget
📍 Location: Rajshahi City Center, 215 Shop
💯 ফোন দেখতে ও ব্যবহার করতে সরাসরি দোকানে আসতে পারবেন।

💰 Price: ৭৪,০০০ টাকা

📩 আগ্রহী হলে Inbox করুন অথবা সরাসরি লোকেশনে এসে দেখে নিন।
📞 যোগাযোগ 018XXXXXXXX"
Samsung Galaxy S23 Ultra 256 GB White,37600,Used,"Rajshahi, Shaheb Bazar",25/08,https://bikroy.com/shaheb-bazar/mobile-phones/samsung-galaxy-s23-ultra-256-gb-white-13KEfPF1nqFXGx3OZI2UhPe9.html,5,2026-09-08T12:05:02.619335+00:00,individual,"SAMSUNG Galaxy S23 Ultra
Flagship • 200MP Camera • Snapdragon 8 Gen 2 • S Pen
Price: ৳____ (37,600)
Details: Dual sim + e-sim
RAM/ROM: 12GB / 256GB
Display: 6.8"" Dynamic AMOLED 2X, 120Hz
Camera: 200MP + 10x Zoom
Battery: 5000mAh, 45W Fast Charging
Built-in S Pen
PTA Approved
Condition: 90% Fresh No major issue | Personally used
Inbox if interested!"
Samsung Galaxy A34 5G 128 GB Green,19000,Used,"Rajshahi, Kazla",26/08,https://bikroy.com/kazla/mobile-phones/samsung-galaxy-a34-5g-128-gb-green-4WECbbC6zf8NVIwvKo6Y4xKE.html,3,2026-09-08T12:05:03.922007+00:00,individual,ফোনে কোনো ধরনের দাগ বা সমস্যা নাই আমার নিজের ব্যাবহার করা চাপাই থেকে নেওয়া হয়েছে সাথে কিছু নেই এনআইডি কার্ড দেওয়া জাবে দাম কিছু টা কমানো জাবে
Samsung Galaxy S22 5G 128 GB Gray,25000,Used,"Rajshahi, Laksimipur",1 day ago,https://bikroy.com/laksimipur/mobile-phones/samsung-galaxy-s22-5g-128-gb-gray-gcBMLIx8urCGDcGWCu7rfBbg.html,3,2026-09-08T12:05:04.699961+00:00,individual,নতুন মোবাইল নিবো টাই বিক্রয় করতে চাচ্ছি । একটা গ্রিন লাইন আছে । তাছাড়া কোনো সমস্যা নাই
Samsung Galaxy S21 FE 5G 128 GB Gray,18000,Used,"Rajshahi, Shaheb Bazar",16/08,https://bikroy.com/shaheb-bazar/mobile-phones/samsung-galaxy-s21-fe-5g-128-gb-gray-U8R84gN8sECS5n7Z6giiGkn.html,5,2026-09-08T12:05:05.571179+00:00,individual,"Selling urgently due to needing money.
1. Display replaced due to green line issue. Market original display installed, fingerprint works with very good quality.
2. Everything else is original.
3. Phone has 1% problem. No scratches.
4. Price is slightly negotiable upon discussion.
5. Don't waste time quoting ridiculous prices. Contact quickly if you want to buy."
Samsung Galaxy S10 Plus 128 GB White,20000,Used,"Rajshahi, Paba",30/08,https://bikroy.com/paba/mobile-phones/samsung-galaxy-s10-plus-128-gb-white-oHeK45Cc8v4p1cz6GjlANFaF.html,5,2026-09-08T12:05:07.219526+00:00,individual,emergency sel daw hab  full fresh condition
Samsung Galaxy S21 FE 5G 128 GB Gray,18500,Used,Rajshahi,01/09,https://bikroy.com/rajshahi/mobile-phones/samsung-galaxy-s21-fe-5g-128-gb-gray-nsZdBr2QWShGcxKfKSr15kz4.html,5,2026-09-08T12:05:07.975899+00:00,individual,"Samsung Galaxy S21 FE
✅ Model: Samsung Galaxy S21 FE
✅ RAM: 8GB
✅ Storage: 128GB
✅ Display: 6.4”, 120Hz
✅ 5G Supported
✅ Wi-Fi 6 Supported
✅ Fingerprint Sensor
✅ Phone performance & overall condition ভালো
💰 Price: ৳18500
📍 Location: Rajshahi
📩 Interested হলে Inbox করুন।
⚠️ অযথা দামাদামি না করার অনুরোধ। Genuine buyer হলে দেখে-শুনে নিতে পারবেন।"
Samsung Galaxy M12 128 GB Green,18000,Used,"Rajshahi, Rajpara",26/08,https://bikroy.com/rajpara/mobile-phones/samsung-galaxy-m12-128-gb-green-dRLlDkx8a0zGMSVHwSiApldN.html,5,2026-09-08T12:05:08.270330+00:00,individual,"এই দুইটা ফোনের কন্ডিশন একদম ফ্রেশ। দুইটা ফোনের বক্স আছে,ফোনের অর্জিনাল চার্জার নাই নস্ট হয়ে গেচিলো রার্নিং চার্জার দেওয়া হবে।ফোন দুইটা আমি নিজে চালাইতাম ফোনে কোন রকম সমস্যা নাই ফোন দুইটা চার্জ ব্রেকাপ ভালো ফোন সম্পূর্ণ ভালো আছে।লোকেশনে এসে সরাসরি দেখবেন যতক্ষন ইচ্ছা চেকবেক করে নিবেন। সিকিউরিটি হিসেবে যেইটা চাইবেন দেওয়া যাবে।দাম: ১০০০০+৮০০০৳"
Samsung Galaxy S22 5G 128 GB Pink,19000,Used,"Rajshahi, Rajpara",2 days ago,https://bikroy.com/rajpara/mobile-phones/samsung-galaxy-s22-5g-128-gb-pink-mMm69LEOfq4TcXtLfJpFH4np.html,5,2026-09-08T12:05:08.872025+00:00,individual,"Samsung s22 
8/128 gb 
ফ্রেশ কন্ডিশন , কোনো সার্ভিস হিসট্রোরি নেই। 
বক্স নেই, সিকিউরিটি দেয়া হবে।
দাম - ১৯০০০ ( আলোচনা সাপেক্ষে )
লোকেশন- ভেরিপাড়া মোড়, রাজপাড়া থানা, রাজশাহী"
Samsung Galaxy S23 Ultra 256 GB Green,35000,Used,Rajshahi,20 hours ago,https://bikroy.com/rajshahi/mobile-phones/samsung-galaxy-s23-ultra-256-gb-green-fAGfQVeobdDZa7GMSsFUHpu7.html,4,2026-09-08T12:05:09.268862+00:00,individual,"Box Available 
Vietnam  
 Waterproof 
 Hat theke pore display corner ta fete gese crack and 2 ta green line ache 
 Contact 016XXXXXXXX"
Samsung Galaxy A34 5G 128 GB Black,21000,Used,"Rajshahi, Shaheb Bazar",2 days ago,https://bikroy.com/shaheb-bazar/mobile-phones/samsung-galaxy-a34-5g-128-gb-black-89LJgMUcIK9IL0obG8zrm3NU.html,5,2026-09-08T12:05:10.060565+00:00,individual,"ফোনের কনডিশন একদম নতুন।
ফোনের পিছনে ব্যাক পলি আছে,যার জন্য কোজ ক্র‍্যাচ পড়েনি।
ফোনের সাথে ওরিজিনাল স্যামসাং এর চার্জার আছে।
ফোন কিনার মেমো,বক্স সব আছে।"
Samsung Galaxy S20 FE 5G 128 GB Graphite,18000,Used,"Rajshahi, Kazla",27/08,https://bikroy.com/kazla/mobile-phones/samsung-galaxy-s20-fe-5g-128-gb-graphite-3wHMBSICF93jegaFBGjMYNoY.html,3,2026-09-08T12:05:10.769172+00:00,individual,ফোন পুরো নতুন আছে।কোনো ডেন্ট বা দাগ নাই।টাকার প্রয়োজন তাই বিক্রি করছি।
Samsung Galaxy S23 128 GB Black,30000,Used,"Rajshahi, Uposahar",04/09,https://bikroy.com/uposahar/mobile-phones/samsung-galaxy-s23-128-gb-black-fSuJZdkbNJYojeyI1xGlyRE8.html,5,2026-09-08T12:05:11.169319+00:00,individual,ফোনের গ্রীন লাইট ইস্য আছে তাছাড়া ফোনে কোনো সমস্যা নাই একদম ফ্রেশ কন্ডিশন ফোনের সাথে বক্স চার্জার অরজিনাল পাবেন
Samsung Galaxy S23 256 GB Pink,23500,Used,"Rajshahi, Uposahar",01/09,https://bikroy.com/uposahar/mobile-phones/samsung-galaxy-s23-256-gb-pink-BYx0RZlpeMiBBwMtq0l2bbFe.html,5,2026-09-08T12:05:11.811305+00:00,individual,"Samsung s23 flagship device full offer 23.5k
Just display change
6.5k diye display lagano High quality IPS
Camera agun 

8k video kora jai
Snapdragon 8 gen 2 
8/256GB
Location: Rajshahi"
New Samsung Galaxy S20+ 5G 256 GB Blue,22000,Brand New,"Rajshahi, Nawdapara",01/09,https://bikroy.com/nawdapara/mobile-phones/new-samsung-galaxy-s20-5g-256-gb-blue-tJfheCLFodkvT5znEt7M8wzo.html,4,2026-09-08T12:05:12.669626+00:00,individual,ফোন একেবারে ওকে।  কোনই সমস্যা নাই। ফোনের অরজিনাল ডিসপ্লে । মাদারবোর্ডে কোন কাজ করা নাই। কেউ নিতে চাইলে এই নাম্বারে ফোন দিবেন 017XXXXXXXX
Samsung S26 ULTRA 12/256 NEW (Brand New),138000,Brand New,"Chattogram, Chawkbazar",6 hours ago,https://bikroy.com/chawkbazar/mobile-phones/samsung-s26-ultra-12-256-new-brand-new-2WxjmLrCfvcfsaNHyOY3dzvR.html,0,2026-09-08T12:05:13.076907+00:00,individual,"🔳 INTACT SEAL PACK 
🔳 Storage: 12/256GB
🔳 Colour: BLUE
◾ Box And Original Cable


🔰 Our Speciality......................................

◾Original & Non-Refurbished Product
◾Emi Facilities Available*
◾Accept Visa, Master Card
◾Delivery Facility inside & Outside ctg.
◾Phone Exchange Facilities*
◾Our All Product 7 Days replacement And 1 year Service Warranty



🔰 Our Showroom Address:


Rony Enterprise (Since 2007)
Bali Arcade Shopping Center
4th Floor, Shop no 03(infront of chawkbazar Post Office
Sirajuddula Road, Chawkbazar, Chattogram Show more"
Samsung Galaxy S24 Ultra 256 GB Silver,86000,Used,"Chattogram, Double Mooring",25/06,https://bikroy.com/double-mooring/mobile-phones/samsung-galaxy-s24-ultra-256-gb-silver-8PXh2Gu03AJT1bB0ruDMJrMv.html,5,2026-09-08T12:05:13.670671+00:00,individual,Comes with the original charging cable (unused) and 4 premium covers.
New Samsung Galaxy Z Fold 5 256 GB White,95000,Brand New,"Chattogram, Pahartali",17/08,https://bikroy.com/pahartali/mobile-phones/new-samsung-galaxy-z-fold-5-256-gb-white-v8EDWq1XpUIkn6zAWYReuDh1.html,3,2026-09-08T12:05:14.169639+00:00,individual,Samsung z fold 5 Brand new condition 256 GB
New Samsung Galaxy s26 256 GB,114999,Brand New,"Chattogram, CDA Avenue",8 hours ago,https://bikroy.com/cda-avenue/mobile-phones/new-samsung-galaxy-s26-256-gb-mkbvfDnmZI7W37nvy1yxJadN.html,4,2026-09-08T12:05:14.860786+00:00,individual,"Display: 6.9"" QHD+ Dynamic LTPO AMOLED 2X, 120Hz, HDR10+, 2600 nits (peak)
Processor: Snapdragon 8 Elite Gen 5, 
Camera: 200MP Wide, 50MP Ultrawide, 10MP 3x, 50MP 5x Telephoto, 12MP Selfie, 8K video recording
Battery: Li-Ion 5000 mAh battery,
Enjoy EMI facilities up to 36 months through credit cards from over 20 banks. (*Conditions apply*)"
Samsung Galaxy S24 Ultra 512 GB Gold,83000,Used,"Chattogram, Nasirabad",13/07,https://bikroy.com/nasirabad/mobile-phones/samsung-galaxy-s24-ultra-512-gb-gold-dxEOFOvZ25AlGnrzJxS32fYG.html,3,2026-09-08T12:05:15.518245+00:00,individual,"Full box given 
12/512 
Vietnam variant
A very little dot in the screen otherwise all ok no scratch"
Samsung Galaxy S24 Ultra 256 GB Silver,83000,Used,"Chattogram, Agrabad",09/05,https://bikroy.com/agrabad/mobile-phones/samsung-galaxy-s24-ultra-256-gb-silver-kh0pyyOSp9vMh32h4kTV7h0k.html,3,2026-09-08T12:05:16.321584+00:00,individual,"• Full fresh - not a single scratch
• Full box available (IMEI & Serial. matched)
• 12GB RAM / 256GB Storage
• Official phone
• First owner (personal use)
• Price fixed
• With original 45W adapter + cable
Serious buyers only inbox me."
Samsung Galaxy S24 Ultra 256 GB Silver,79000,Used,"Chattogram, Kotwali, Chattogram",20/07,https://bikroy.com/kotwali/mobile-phones/samsung-galaxy-s24-ultra-256-gb-silver-aQUrdG3t6ifUqQH27YqbQyQq.html,3,2026-09-08T12:05:16.616429+00:00,individual,No issues. Everything is original. The mobile has a screen protector and a lens protector applied. The memo will be provided with the mobile. You must come to the location to pick up the mobile.
Samsung Galaxy S25 Ultra 256 GB Blue,85000,Used,"Chattogram, Chandgaon",29/08,https://bikroy.com/chandgaon/mobile-phones/samsung-galaxy-s25-ultra-256-gb-blue-qgJonU3FYSnjfXkrPCF7kGmV.html,3,2026-09-08T12:05:17.299993+00:00,individual,"I live abroad, the mobile is with me, it has not been used, just turned it on, if anyone wants to take it, please send an SMS."
Samsung Galaxy S24 512 GB Black,84990,Used,"Chattogram, CDA Avenue",5 hours ago,https://bikroy.com/cda-avenue/mobile-phones/samsung-galaxy-s24-512-gb-black-dJz194axAQNfQVFkz3a2lh5l.html,2,2026-09-08T12:05:17.668621+00:00,individual,"Samsung Galaxy S24 Ultra (12GB / 512GB). Only used for a few months. Ready stock. Get 20% extra trade-in value for your old phone! Warranty benefits: 15-day replacement guarantee, lifetime service warranty. Call now: Finlay Square, Level-4, Shop-406, 2 No Gate, Nasirabad, Chattogram"
Samsung Galaxy S25+ 12/256GB FULL BOX (Used),85000,Used,"Chattogram, Chawkbazar",6 hours ago,https://bikroy.com/chawkbazar/mobile-phones/samsung-galaxy-s25-12-256gb-full-box-used-uRUdDTM73SzH6xroD0NgA4Pf.html,0,2026-09-08T12:05:18.320622+00:00,individual,"🔳 TWO MONTH USED ONLY AS LIKE AS NEW CONDITION
🔳 Storage: 12/256gb
🔳 Colour: SILVER
◾ Original Cable AND BOX

🔰 Our Speciality......................................

◾Original & Non-Refurbished Product
◾Emi Facilities Available*
◾Accept Visa, Master Card
◾Delivery Facility inside & Outside ctg.
◾Phone Exchange Facilities*
◾ All Products Original And Genuine.
◾Our All Product 7 Days replacement And 1 year Service Warranty



🔰 Our Showroom Address:


Rony Enterprise (Since 2007)
Bali Arcade Shopping Center
4th Floor, Shop no 03(infront of chawkbazar Post Office
Sirajuddula Road, Chawkbazar, Chattogram Show more"
Samsung Galaxy S25 Ultra 256 GB Blue,103000,Used,Chattogram,11/05,https://bikroy.com/chattogram/mobile-phones/samsung-galaxy-s25-ultra-256-gb-blue-wBM6eUgeyaTvVHJYvkIn3vle.html,3,2026-09-08T12:05:19.027048+00:00,individual,Brand new condition. Not a single scratch. Used for three months. Box and cable included. You must come to my residence for the location. Price is almost fixed.
Samsung Galaxy Z Flip6 512 GB White,130000,Used,"Chattogram, Mirsharai",08/08,https://bikroy.com/mirsharai/mobile-phones/samsung-galaxy-z-flip6-512-gb-white-4YS26EPVWOGhTN4W2Scx1hHv.html,3,2026-09-08T12:05:19.720583+00:00,individual,"Used for two months, still fully fresh, no problems with the mobile, like new"
Samsung Galaxy S24 Ultra 256 GB,79999,Used,"Chattogram, Muradpur",6 hours ago,https://bikroy.com/muradpur/mobile-phones/samsung-galaxy-s24-ultra-256-gb-ARLo6IJ0uVoJnUMQDwWnr42H.html,4,2026-09-08T12:05:20.480712+00:00,individual,"Samsung Galaxy S24 Ultra
12GB RAM / 256GB
Full Box
TDRA Dual SIM
Snapdragon 8 Gen 3
200MP Quad Camera with OIS & 100X Space Zoom
12MP Selfie Camera
Battery: 5000mAh
Benefits:
15-day replacement guarantee
Device – Shop No: 319, 3rd Floor
CPDL RB Midtown Market, Muradpur, Chattogram"
New Samsung Galaxy S25 Ultra 256 GB Black,99999,Brand New,"Chattogram, CDA Avenue",8 hours ago,https://bikroy.com/cda-avenue/mobile-phones/new-samsung-galaxy-s25-ultra-256-gb-black-dQ7YRE6nbI0M4sGPgYb5KYy9.html,3,2026-09-08T12:05:21.070342+00:00,individual,"Brand new Intech box! 
12GB/256GB
Black color

ক্রেডিট কার্ড এর মাধ্যমে ২০ টির অধিক ব্যাংকে ৩৬ মাস পর্যন্ত EMI এর সুবিধা রয়েছে। (*শর্ত প্রযোজ্য*)"
Samsung Galaxy S24 Ultra 256 GB Gray,76000,Used,"Chattogram, Alankar",04/09,https://bikroy.com/alankar/mobile-phones/samsung-galaxy-s24-ultra-256-gb-gray-tEblgSjGVobv8Icmxq7MW6RI.html,4,2026-09-08T12:05:21.668795+00:00,individual,"📱 Samsung S24 Ultra 256GB – Titanium Gray

🇦🇪 Dubai থেকে আনা।
✅ সব ফাংশন ঠিকঠাক, Built-in Call Function আছে
📦 Box + Original Cable available
🔋 ফোনের condition খুব ভালো

⚠️ শুধু বক্সের IMEI নম্বরটি ঘষা/আঘাতের কারণে উঠে গেছে। ফোনের IMEI ঠিক আছে, চাইলে চেক করে নিতে পারবেন।

👉 আগ্রহী হলে সরাসরি মেসেজ অথবা কল করুন।"
Samsung Galaxy S22 Ultra 256 GB Black,35000,Used,"Chattogram, Kotwali, Chattogram",29/08,https://bikroy.com/kotwali/mobile-phones/samsung-galaxy-s22-ultra-256-gb-black-BxygghxCWWavye0Vqu1NwpQ2.html,4,2026-09-08T12:05:22.448697+00:00,individual,Full fresh 12/256 Vietnam variant
Samsung Galaxy S24 Ultra 256 GB Silver,72000,Used,"Chattogram, Hathazari",25/08,https://bikroy.com/hathazari/mobile-phones/samsung-galaxy-s24-ultra-256-gb-silver-1iBqKlZRBs6El5rUvG2p10xj.html,5,2026-09-08T12:05:23.098942+00:00,individual,"12gb 256gb without box
Dual physical sim
Call record build in
Cash memo and 2 back cover"
Samsung Galaxy A17 128 GB Blue,23000,Used,"Chattogram, Patenga",03/09,https://bikroy.com/patenga/mobile-phones/samsung-galaxy-a17-128-gb-blue-wKwsFGgar7msE1FHuoW5XVsR.html,5,2026-09-08T12:05:24.018395+00:00,individual,মাত্র এক মাস দশ দিনের মতো ইউজ করা হয়েছে টাকার প্রয়োজন তাই ফেল করে দেব ফুল বক্স ক্যাশ মেমো সব কিছু আছে
Samsung Galaxy S23 256 GB Green,38999,Used,"Chattogram, Nasirabad",01/09,https://bikroy.com/nasirabad/mobile-phones/samsung-galaxy-s23-256-gb-green-dotL5522wkaJrbB4S7qgQ5Gz.html,4,2026-09-08T12:05:24.602997+00:00,individual,"🔥 Samsung Galaxy S23 | Premium Deal 🔥

💰 Best Deal Available!

📱 Samsung Galaxy S23 — Base Variant
💾 8GB RAM | 256GB Storage
📦 With Full Box
✨ As Like New 

📞 Contact 019XXXXXXXX"
Samsung Galaxy S24 Ultra 256 GB Gray,75990,Used,"Chattogram, CDA Avenue",6 hours ago,https://bikroy.com/cda-avenue/mobile-phones/samsung-galaxy-s24-ultra-256-gb-gray-BhbPjfr2kdancDStmRasDquV.html,3,2026-09-08T12:05:25.320399+00:00,individual,"S24 ultra 12/256 
Duel sim
full fresh 
14 days replacement gurranty 1year service warranty 
Decent,finlay square ,4th ,floor,406
call us 018XXXXXXXX"
Samsung Galaxy A35 128 GB Pink,23990,Used,"Chattogram, Agrabad",6 hours ago,https://bikroy.com/agrabad/mobile-phones/samsung-galaxy-a35-128-gb-pink-uoH420XnoQFDCFqm5XQP5yAC.html,2,2026-09-08T12:05:25.917793+00:00,individual,"Set in fully fresh condition 
100% ok
Ram 8+128
With charger and cash memo"
Samsung Galaxy S22 Ultra 256 GB Blue,35000,Used,"Chattogram, Bakoliya",2 days ago,https://bikroy.com/bakoliya/mobile-phones/samsung-galaxy-s22-ultra-256-gb-blue-B5xZnQ9RNRq3Ay9JDASsWT35.html,5,2026-09-08T12:05:26.319049+00:00,individual,"Samsung S22 Ultra 
Ram :12 
Rom : 256
*ফোন খোলা ফিটিংস হয় নাই, সব অরজিনিনাল।
*একদম ফ্রেশ ফোন,, লেডিস ইউস। 
*ফোনের সাথে বক্স,চার্জার দিবো।
ফোন সবকিছু ঠিক আছে শুধু গ্রীনলাইন ইস্যু ২ টা। আর কোন সমস্যা নাই।"
Samsung Galaxy S22 Ultra 256 GB Black,32000,Used,"Chattogram, Boalkhali",28/08,https://bikroy.com/boalkhali/mobile-phones/samsung-galaxy-s22-ultra-256-gb-black-e08hXP35zh8O7znnWycY5GaL.html,5,2026-09-08T12:05:26.923004+00:00,individual,"✨ RAM: 12GB
💾 Storage: 256GB
🟢 Display: ১টি Green Line আছে
✅ Fingerprint: কাজ করে
📦 Case + Memo: আছে
🪪 ID Card: দেওয়া হবে
📱 ফোন: ব্যবহৃত / পলি করা
💰 চাওয়া দাম: ৩৫,০০০ টাকা
🤝 আলোচনা সাপেক্ষে
📍 লোকেশন: চট্টগ্রাম কালুরঘাট 
📞 যোগাযোগ 018XXXXXXXX"
Samsung Galaxy S24 256 GB Black,42000,Used,"Chattogram, New Market, Chattogram",01/09,https://bikroy.com/new-market/mobile-phones/samsung-galaxy-s24-256-gb-black-C0sS7vNgpXQgNpwhtOEL5Xtw.html,3,2026-09-08T12:05:27.768520+00:00,individual,একটি Samsung S24 মোবাইল ফোন আর্জেন্ট বিক্রয় করা হবে
Samsung Galaxy S23+ 256 GB Black,29000,Used,"Chattogram, Halishahar",2 days ago,https://bikroy.com/halishahar/mobile-phones/samsung-galaxy-s23-256-gb-black-kv1x9rIFviucJN2IFUD938lU.html,5,2026-09-08T12:05:28.221471+00:00,individual,"Selling my Samsung Galaxy S23 Plus, used for 1.5 years.
Key Specifications:
* Storage/RAM: 8GB RAM / 256GB ROM
* Processor: Snapdragon 8 Gen 2 for Galaxy"
Samsung Galaxy S24 FE 128 GB White,41599,Used,"Chattogram, Agrabad",6 hours ago,https://bikroy.com/agrabad/mobile-phones/samsung-galaxy-s24-fe-128-gb-white-leqdQcuBFXsG6JhGq5r3usE.html,3,2026-09-08T12:05:28.720807+00:00,individual,"Samsung S24 FE 5G
Set in fully fresh condition
200% ok set
RAM 8+128
With charger
100% genuine phone... Not a single security issue please..."
Samsung Galaxy S21 Ultra 5G 256 GB Black,33500,Used,"Chattogram, Chawkbazar",05/09,https://bikroy.com/chawkbazar/mobile-phones/samsung-galaxy-s21-ultra-5g-256-gb-black-CozDVHcDxrItWab40tu16RFa.html,5,2026-09-08T12:05:29.621928+00:00,individual,"Dubai Theka niya aschi 
Set Almost Fresh Condition
Full Box Acha 
Iccah Moto cheak kora nita prbn 
Urgent Tk Dorkar"
Samsung Galaxy S24 Ultra 256 GB Black,75990,Used,"Chattogram, Chawkbazar",6 hours ago,https://bikroy.com/chawkbazar/mobile-phones/samsung-galaxy-s24-ultra-256-gb-black-5ora4ajEP6XBgOPqfVpEWN19.html,5,2026-09-08T12:05:30.063288+00:00,individual,"Samsung Galaxy S24 Ultra. Only few days used | Full fresh condition. 12GB RAM | 256GB Storage. Flagship Pro Camera. Premium Titanium Design. Super smooth performance. Price: 75,990৳"
Samsung Galaxy S25 Ultra 256 GB Blue,98000,Used,"Dhaka, Baridhara",9 hours ago,https://bikroy.com/baridhara/mobile-phones/samsung-galaxy-s25-ultra-256-gb-blue-deKepkViJaBCIpBVDY6hlIFe.html,5,2026-09-08T12:05:30.772760+00:00,individual,"Samsung S25 ultra 12/256
Full box, in pristine condition."
Samsung Galaxy S25 Ultra 256 GB Blue,90500,Used,"Dhaka, Uttara",6 hours ago,https://bikroy.com/uttara/mobile-phones/samsung-galaxy-s25-ultra-256-gb-blue-cpnMIDpc8xqnq30vZCd4pWAg.html,4,2026-09-08T12:05:31.504897+00:00,individual,"Samsung Galaxy S24 Ultra 12/256GB Titanium SilverBlue. 100% Original. 7 Days Replacement & 1 Year Service Warranty. EMI Facility is also AVAILABLE. Contact Us: Exchange Hub. Shop No: 610, 611, 628 & 629 Level-6, Tropical Alauddin Tower, Sector 3, Road 2, Rajlaxmi, Uttara. Facebook Page:"
Samsung Galaxy S25 Ultra 256 GB White,88000,Used,"Dhaka, Savar",9 hours ago,https://bikroy.com/savar/mobile-phones/samsung-galaxy-s25-ultra-256-gb-white-1i0HcnNpprwDnaV89lvyrZ6u.html,4,2026-09-08T12:05:32.017665+00:00,individual,"Display:6.9′′ QHD+ Dynamic AMOLED 2X.
Resolution:3120 × 1440
Processor:Snapdragon 8 Elite for Galaxy.
RAM:12GB
Storage:256GB
Main Camera:200MP, OIS, f/1.7
Ultra-wide
50MP, f/1.9
Telephoto:50MP 5× Optical Zoom + 10MP 3× Optical Zoom
Front Camera:12MP
Video:সর্বোচ্চ 8K
Battery:5000mAh
Charging:
45W wired, wireless.
Android 15 + One UI 7
Network:5G"
Samsung Galaxy S25 Ultra 256 GB Gray,92000,Used,"Dhaka, Baridhara",9 hours ago,https://bikroy.com/baridhara/mobile-phones/samsung-galaxy-s25-ultra-256-gb-gray-BhTJYKJNxR4Nmy56kgeLHHSZ.html,5,2026-09-08T12:05:32.618098+00:00,individual,Full box and in pristine condition.
Samsung Galaxy Z Fold7 256 GB Silver,115000,Used,"Dhaka, Baridhara",9 hours ago,https://bikroy.com/baridhara/mobile-phones/samsung-galaxy-z-fold7-256-gb-silver-fp3D4SV2Fm0iC0QYZRGa30J7.html,5,2026-09-08T12:05:33.062451+00:00,individual,"Samsung Z fold 7
Fill box
full fresh"
Samsung Galaxy S25 Ultra 512 GB Green,91000,Used,"Dhaka, Uttara",6 hours ago,https://bikroy.com/uttara/mobile-phones/samsung-galaxy-s25-ultra-512-gb-green-A3LP5lcSPDYcPxqhOBVkXADe.html,3,2026-09-08T12:05:33.851344+00:00,individual,"Samsung Galaxy S25 Ultra 
 RAM: 12GB
 ROM: 512GB
 Color: Titanium Jade Green 
 Condition: Pre-Owned
 Built-in Call Recording
 Price: ৳92,000/-
 Snapdragon 8 Elite
 6.9"" Dynamic AMOLED 2X | 120Hz
 Exchange Hub
 Shop No: 610, 611, 628 & 629, Level-6
Tropical Alauddin Tower, Sector 3, Road 2
Rajlaxmi, Uttara, Dhaka"
New Samsung Galaxy Z Flip7 256 GB,97999,Brand New,"Dhaka, Bashundhara City",9 hours ago,https://bikroy.com/bashundhara-city/mobile-phones/new-samsung-galaxy-z-flip7-256-gb-fZNeUOyNH5E3Xz1NMCEwittK.html,3,2026-09-08T12:05:34.303625+00:00,individual,"10 days replacement guarantee
2 years service warranty
Safe courier facility across the country
Attractive exchange offers
Basement-1, Shop-84, Bashundhara City Shopping Mall
Prices are subject to change. Please contact us on WhatsApp before visiting."
Samsung Galaxy S25 Ultra 256 GB,87500,Used,"Dhaka, Dhanmondi",6 hours ago,https://bikroy.com/dhanmondi/mobile-phones/samsung-galaxy-s25-ultra-256-gb-5afAgN2283EelIyyyx6yiDgD.html,5,2026-09-08T12:05:35.023862+00:00,business,"We provide a 15-day replacement guarantee excluding display issues and a lifetime service warranty excluding parts. Our shop location: Dhanmondi-7, Orchard Point Market, Dhaka, Floor-3, Shop: Taher Technology, No-425, Mob 019XXXXXXXX"
New Samsung Galaxy Z Fold8 Ultra 256 GB,213999,Brand New,"Dhaka, Bashundhara City",9 hours ago,https://bikroy.com/bashundhara-city/mobile-phones/new-samsung-galaxy-z-fold8-ultra-256-gb-gr9ahicm9z0eQOiiX3hx6unE.html,3,2026-09-08T12:05:35.674551+00:00,individual,"10-day replacement guarantee
2 years service warranty
Safe courier service all over the country
Attractive exchange offer
Basement-1, Shop-84, Bashundhara City Shopping Mall
Price is subject to change. Please contact via WhatsApp before coming."
Samsung Galaxy S24 Ultra 256 GB Gray,77499,Used,"Dhaka, Bashundhara City",6 hours ago,https://bikroy.com/bashundhara-city/mobile-phones/samsung-galaxy-s24-ultra-256-gb-gray-cSCSpzfGNWgkDC7fRDrIkTFc.html,4,2026-09-08T12:05:36.518523+00:00,individual,"Samsung Galaxy S24 Ultra
12GB RAM | 256GB ROM
Titanium Gray
Fresh Condition
Full Boxed
7 Days Replacement without display, parts
 12 months Service Warranty
 Visit Our Shop
Basement-2, Shop No: 94 
Basundhara City Shopping Complex 
Panthapath Dhaka 1215 
 Escalator দিয়ে নিচে নামার পর হাতের বাম পাশেই সহজে আমাদের শপটি খুঁজে পাবেন।"
New Samsung Galaxy S26 512 GB White,195000,Brand New,"Dhaka, Uttara",16/08,https://bikroy.com/uttara/mobile-phones/new-samsung-galaxy-s26-512-gb-white-wIpYEidBB0YWYpDc9kzEfLt5.html,5,2026-09-08T12:05:36.868151+00:00,individual,"Brand New Samsung Galaxy S26 Ultra 12/512 With box, Chinese variant S Pen also included"
Samsung Galaxy S25 Ultra 256 GB White,91000,Used,"Dhaka, Baridhara",9 hours ago,https://bikroy.com/baridhara/mobile-phones/samsung-galaxy-s25-ultra-256-gb-white-foWlXuDs3rLYnMo1D46XSZ5n.html,5,2026-09-08T12:05:37.569279+00:00,individual,Samsung S25 ultra 12/256 without box fresh condition
Samsung Galaxy Z Fold7 512 GB Blue,139990,Used,"Dhaka, Mohammadpur",3 hours ago,https://bikroy.com/mohammadpur/mobile-phones/samsung-galaxy-z-fold7-512-gb-blue-cNJHUf3HgcCpWHmm1xf2BQzR.html,5,2026-09-08T12:05:38.315365+00:00,individual,"Shop Name :Ab international 
Level -06 Shop number-(657,658)
Tokyo Square,Japan garden city, Mohammadpur
Call us for any question
 USED ফোন কিনে নিয়ে আর কোন দুশ্চিন্তা নয় কারণ আমরা দিচ্ছি ১০০% অরিজিনাল এবং অথেন্টিক ফোন। 
৭ দিনের মধ্যে কোনরকম প্রবলেম হলে রিপ্লেস করে দেওয়া হবে( Expect display issues)
এক বছরের ফ্রি সার্ভিস ওয়ারেন্টি"
Samsung Galaxy S22 5G 256 GB Black,45000,Used,"Dhaka, Mirpur",02/09,https://bikroy.com/mirpur/mobile-phones/samsung-galaxy-s22-5g-256-gb-black-yLw98WA1xAgsskUrjHWdWhDH.html,3,2026-09-08T12:05:38.964013+00:00,individual,"Alhamdulillah, there are no cracks or scratches of any kind on the phone. The phone is in completely fresh condition. It comes with the phone's box and intact original cable. A 3M sticker is applied to the back of the phone. If the sticker is removed, the phone will look 100% like it was just taken out of a showroom. The battery backup is Alhamdulillah very good. The camera quality and sound quality are Alhamdulillah very good. Show more"
Samsung Galaxy A34 5G 128 GB Yellow,23000,Used,"Dhaka, Mohammadpur",04/09,https://bikroy.com/mohammadpur/mobile-phones/samsung-galaxy-a34-5g-128-gb-yellow-2vLnHrm5BjAa66wudka1EBMl.html,3,2026-09-08T12:05:39.568086+00:00,individual,"জরুরি ভিত্তিতে আমার Samsung Galaxy A34 5G ফোনটি বিক্রয় করব। ফোনটি সম্পূর্ণ ফ্রেশ ও ১০০% অফিশিয়াল/জেনুইন। ফোনে কোনো ধরনের ইন্টারনাল বা এক্সটারনাল সমস্যা নেই, একদম স্মুথ চলে।
​Model: Samsung Galaxy A34 5G
​Color: Lime Green
​RAM/ROM:  8GB / 128GB
​Condition: ফ্রেশ
​সাথে যা যা পাবেন:
বক্স and ​Samsung Original charger  
​লোকেশন: আদাবর, ১৭ /C"
Samsung Galaxy S23 256 GB Rose Gold,35000,Used,"Dhaka, Mirpur",1 day ago,https://bikroy.com/mirpur/mobile-phones/samsung-galaxy-s23-256-gb-rose-gold-A5BB3XtqsMuMnOsomImQin1P.html,5,2026-09-08T12:05:40.202986+00:00,individual,"Device Name:Samsung Galaxy S23
Storage:256
Phone fully fresh condition,Female Used korche.
Update dewyar por ekta Chikon Line aysha porche buja jay na dekhte brightness barayle bujha jay.Phone Er protector fatse shudu otherwise kono problem nai phone e
Asking price:35,000 
Mirpur 1 Mazar Road 016XXXXXXXX"
New Samsung Galaxy A57 128 GB Blue,48500,Brand New,"Dhaka, Uttara",6 hours ago,https://bikroy.com/uttara/mobile-phones/new-samsung-galaxy-a57-128-gb-blue-nkirJSyijdF8luPGnybehDF1.html,3,2026-09-08T12:05:40.769128+00:00,individual,"Brand New Galaxy A57 8/128GB Navy Blue
Physical Dual Sim 
Made by Vietnam 



🟡 100% Original & Non Refurbished Product

🟡 7 Days Replacement & 1 Year Service Warranty

🟡 EMI Facility is also AVAILABLE

Contact Us

Exchange Hub

Shop No: 610, 611, 628 & 629 Level-6, Tropical Alauddin Tower

Sector 3, Road 2, Rajlaxmi, Uttara."
Samsung Galaxy A17 5G 128 GB Purple,25000,Used,"Dhaka, Mirpur",01/09,https://bikroy.com/mirpur/mobile-phones/samsung-galaxy-a17-5g-128-gb-purple-rJzbLaLjv5uzTL4qqcVmxllH.html,4,2026-09-08T12:05:41.217163+00:00,individual,Full fredh. All okkke. Box changer sob ase
Samsung Galaxy S23 Ultra 256 GB Green,49000,Used,"Dhaka, Savar",03/09,https://bikroy.com/savar/mobile-phones/samsung-galaxy-s23-ultra-256-gb-green-lfoyhkvSbhZIcLe1GxB8KFnn.html,5,2026-09-08T12:05:41.868981+00:00,individual,"Samsung S23 ultra

12/256gb

1 ta esim/1 ta physical

সব কিছু ওরজিনাল এবং অথেনটিক

Camera 100x পর্যন্ত ওকে, প্রোট্রেট ও আগুন।ক্যাশ মেমো আছে ইমারজেন্সি টাকার প্রয়োজন সে কারণে বিক্রি করতেছি"
Samsung Galaxy S20+ 5G 128 GB Black,23500,Used,"Dhaka, Savar",2 days ago,https://bikroy.com/savar/mobile-phones/samsung-galaxy-s20-5g-128-gb-black-2NbJ9Q1relzT1z9ciqF1f8oV.html,5,2026-09-08T12:05:42.553951+00:00,individual,"Full Fresh & Intact Condition
Not opened yet condition

 With charger and cable.

Used with a single hand
Everything 100% Authentic
Check as much as you want before buying. Take
it only if you like it-no rush."
Samsung Galaxy S23 Ultra 256 GB Pink,53000,Used,"Dhaka, Motalib Plaza",6 hours ago,https://bikroy.com/motalib-laza/mobile-phones/samsung-galaxy-s23-ultra-256-gb-pink-dKO6G140MWmoUvuTG8yYXorF.html,5,2026-09-08T12:05:43.168215+00:00,individual,"মোবাইলের বিস্তারিত:
Brand & Model: Samsung S23 Ultra
RAM: 12GB
ROM: 256GB
Condition:Used
Warranty: ৭দিনের গ্যারান্টি ও ২বছরের সার্ভিস ওয়ারেন্টি পাবেন।

✔️ ফোন দেখে ও চেক করে কেনার সুযোগ
✔️ ফোনের কন্ডিশন সম্পর্কে পরিষ্কার তথ্য
✔️ সাশ্রয়ী দামে ভালো ফোন

🏪 Gadget Store
📍 Motalib Plaza, Shop No: 600G, Sonargaon Road, Hatirpool, Dhaka"
Samsung Galaxy Z Flip 5 256 GB Green,36990,Used,"Dhaka, Mohammadpur",3 hours ago,https://bikroy.com/mohammadpur/mobile-phones/samsung-galaxy-z-flip-5-256-gb-green-gifJzKKlHXJwZJPBgu1pQJfh.html,5,2026-09-08T12:05:43.854418+00:00,individual,"Shop Name :Ab international 
Level -06 Shop number-(657,658)
Tokyo Square,Japan garden city, Mohammadpur
Call us for any question

Buy a used phone with complete peace of mind because we offer 100% original and authentic phones.
If any problem occurs within 7 days, it will be replaced (Except display issues).
One year of free service warranty."
Samsung Galaxy S23 Plus 256 GB,36000,Used,"Dhaka, Mogbazar",02/09,https://bikroy.com/mogbazar/mobile-phones/samsung-galaxy-s23-plus-256-gb-xb7fi90sm8ji6KGGlsekf6lS.html,5,2026-09-08T12:05:44.617500+00:00,individual,Chikon akta green line porse...R display te dui side e dag ache ta chara all ok..
Samsung Galaxy S23 Ultra 512 GB Gold,65000,Used,"Dhaka, Kamrangirchar",04/09,https://bikroy.com/kamrangirchar/mobile-phones/samsung-galaxy-s23-ultra-512-gb-gold-vav1YTqGnzQNXNJCe3iQJZsW.html,3,2026-09-08T12:05:45.267099+00:00,individual,"Urgent Sale: Samsung Galaxy S23 Ultra 5G (Cream)
এক বছর অত্যন্ত যত্নসহকারে ব্যবহার করা হয়েছে, ফোনটি একদম সুপার ফ্রেশ কন্ডিশনে আছে (10/10)। কোনো প্রকার স্ক্র্যাচ, ডেন্ট বা ইন্টারনাল সমস্যা নেই। ক্যামেরা ও ডিসপ্লে পারফরম্যান্স সম্পূর্ণ নতুন ফোনের মতোই।
​What You Will Get:
​S-Pen
​Original Type-C Cable
​Cover"
Samsung Galaxy S22 Ultra 256 GB Black,25500,Used,"Dhaka, Dhanmondi",1 day ago,https://bikroy.com/dhanmondi/mobile-phones/samsung-galaxy-s22-ultra-256-gb-black-BBRlyp1h6eo2eVNJr6bLYLOI.html,5,2026-09-08T12:05:46.024822+00:00,individual,"অবস্থা):
গ্রিন লাইন সমস্যা আর বেক্সেল চেঞ্জ এ ছারা আর কোন সমস্যা নাই গ্রিন লাইনের কারনে টাচে কোন সমস্যা হয় না স্মুথ কাজ করে
ফোনের সাথে বক্স আর ৪৫ ওয়াডের অরিজিনাল চাজার 
রাম /রোম ১২/২৫৬ জিবি 
লোকেশন : ধানমন্ডি ১৯ নাম্বার"
New Samsung Galaxy A56 128 GB Gray,44000,Brand New,"Dhaka, Uttara",6 hours ago,https://bikroy.com/uttara/mobile-phones/new-samsung-galaxy-a56-128-gb-gray-ilMiglVoQqrRbnTPCfAEAp9Q.html,3,2026-09-08T12:05:46.702653+00:00,individual,"Grab the brand new Galaxy A56 5G in Gray with 8/128GB capacity!
100% original and non-refurbished product.
Enjoy a 7-day replacement guarantee and a 1-year service warranty.
Easy EMI facilities are also available.
Contact us today!
Exchange Hub
Shop No: 610, 611, 628 & 629, Level-6, Tropical Alauddin Tower
Sector 3, Road 2, Rajlaxmi, Uttara.
Call for details 017XXXXXXXX"
S23 Ultra Original Display (Pulled from Phone),25000,Used,"Dhaka, Khilgaon",6 hours ago,https://bikroy.com/khilgaon/cell-phones-tablets-accessories/s23-ultra-original-display-phone-khola-mmsSx7DXreI10SHyOQb2XvOx.html,5,2026-09-08T12:05:47.325305+00:00,individual,"Original Dynamic AMOLED 2X display pulled from a Samsung Galaxy S23 Ultra. Comes with a one-month replacement warranty. This is the display without the frame; waterproof and dustproof stickers are included. Address: Roza Telecom, Shop 225, 2nd Floor, Khilgaon Taltala City Corporation Market, Dhaka. You can visit the shop for professional fitting. Customers outside Dhaka can order via courier with cash on delivery. For a video of the display, message the model number on WhatsApp. The video link is provided above. Show more"
Apple iPhone 17 Pro Singapore (Used),138000,Used,Rajshahi,6 hours ago,https://bikroy.com/rajshahi/mobile-phones/apple-iphone-17-pro-singapore-used-gjdXKaTsZXJhreicuen5bawd.html,0,2026-09-08T12:05:47.868766+00:00,individual,"iPhone 17 Pro 🔥 256 GB, 100% Battery Health. Singapore physical SIM version. Super condition. 7 days replacement guarantee. 1-year service warranty. #ExchangePossible. Our Address: Smart Choice, Shop No. 211, City Center, Beside Rajshahi College, Sonadighi Mor, Rajshahi. Call for details."
Apple iPhone 17 Pro Max 256 GB Orange,140000,Used,"Rajshahi, Shaheb Bazar",6 hours ago,https://bikroy.com/shaheb-bazar/mobile-phones/apple-iphone-17-pro-max-256-gb-orange-6xyIFcf1PbAIJoUmIsUnFsJq.html,2,2026-09-08T12:05:48.507127+00:00,individual,"IPhone 17 Pro Max
256 GB 100% Battery Health
Japan
Super condition
Enjoy 7 days replacement guarantee
Enjoy 1 year service warranty
#exchange possible
Our Address:
Smart Choice, Shop No. 211,
City Center, Beside of Rajshahi College, Sonadigir Mor, Rajshahi
Call for any details"
New Apple iPhone 17 Pro Max 256 GB Orange,140000,Brand New,"Rajshahi, Shaheb Bazar",6 hours ago,https://bikroy.com/shaheb-bazar/mobile-phones/new-apple-iphone-17-pro-max-256-gb-orange-mSZEt9xQ9Fqah5375S8SIsmj.html,5,2026-09-08T12:05:49.118042+00:00,individual,"Iphone 17 pro max
256 100
Cc 110
Super condition 
7 days replacement guarantee  
1 year service waranty  
#exchange possible 
Our Address :
Smart Choice , Shop No. 211 , 
City center , Beside of Rajshahi College , Sonadigir mor Rajshahi
Call for any details:"
Apple iPhone 17 Pro Max 256 GB Blue,152000,Used,"Rajshahi, Shaheb Bazar",6 hours ago,https://bikroy.com/shaheb-bazar/mobile-phones/apple-iphone-17-pro-max-256-gb-blue-11qaF5s38zvfsBJt5Pcb14B3.html,4,2026-09-08T12:05:49.718791+00:00,individual,"iPhone 17 Pro Max, 256 GB, 100% Battery Health, Cycle Count 105, USA origin. Super condition. 7 days replacement guarantee, 1 year service warranty. Exchange possible. Our Address: Smart Choice, Shop No. 211, City Center, Beside Rajshahi College, Sonadighi Mor, Rajshahi. Call for any details"
Apple iPhone 16 Pro Max 256 GB White,128550,Used,"Rajshahi, Boalia",09/05,https://bikroy.com/boalia/mobile-phones/apple-iphone-16-pro-max-256-gb-white-5PLV8YML3K5B5UUDTl06edpI.html,2,2026-09-08T12:05:50.316544+00:00,individual,"As like New and fresh condition. 92% BH. Physical dual sim with full box. White titanium. Hong Kong variant. Selling reason: Purchase 17 Pro Max. No exchange, only cash."
New Apple iPhone 16 Pro Max 256 GB Gold,125000,Brand New,"Rajshahi, Kadirgonj",09/05,https://bikroy.com/kadirgonj/mobile-phones/new-apple-iphone-16-pro-max-256-gb-gold-66aAqTrqhBhcLiAWyPR5M47X.html,5,2026-09-08T12:05:50.918397+00:00,business,"iPhone 16 Pro Max. 95% Battery Health, 256GB. Buy your favorite iPhone from TECH LIFE because we offer the best price, premium quality, and hassle-free customer service! Shop Location: Shop number: 121, Sopnochura plaza, kadirgonje."
Apple iPhone 16 Pro Max 256 GB Gold,127000,Used,"Rajshahi, Shaheb Bazar",20/08,https://bikroy.com/shaheb-bazar/mobile-phones/apple-iphone-16-pro-max-256-gb-gold-jW7nEm7s3EnN3akTJ229KCvX.html,4,2026-09-08T12:05:51.565862+00:00,individual,"Iphone 16 pro max
box and cash memo available 
warrenty 2 month available
USA varient
256 gb
fully fresh
BH 100%
92 charging cycle"
Apple iPhone 16 Pro Max 256 GB Gold,140000,Used,"Rajshahi, Vodra",11/08,https://bikroy.com/vodra/mobile-phones/apple-iphone-16-pro-max-256-gb-gold-uHlECjiTIiHFZLDRNjIZvy3w.html,3,2026-09-08T12:05:52.273766+00:00,individual,"iPhone 16 Pro Max — Singapore Variant
Storage: 256GB
Battery Health: 97%
Variant: Singapore
Condition: Completely good, no issues
Box & Accessories: Everything is included
Face ID / True Tone / Camera: Everything is working fine
Kept with great care
Only genuinely interested people should contact."
Apple iPhone 17 Pro Max 512 GB Blue,165000,Used,"Rajshahi, Shaheb Bazar",6 hours ago,https://bikroy.com/shaheb-bazar/mobile-phones/apple-iphone-17-pro-max-512-gb-blue-csV8slMWeD0XUh2vOu3pydkj.html,2,2026-09-08T12:05:52.965920+00:00,individual,"iPhone 17 Pro Max, 512 GB, 100% battery health, cycle count 105. Super condition. Comes with a 7-day replacement guarantee and 1-year service warranty. Exchange possible. Our Address: Smart Choice, Shop No. 211, City Center, Beside Rajshahi College, Sonadighi Mor, Rajshahi. Call for details."
Apple iPhone 16 Pro Max 512 GB Gold,122000,Used,Rajshahi,03/08,https://bikroy.com/rajshahi/mobile-phones/apple-iphone-16-pro-max-512-gb-gold-xB8vI3tSB2mrLjPvibePbVad.html,5,2026-09-08T12:05:53.426454+00:00,individual,"Full Fresh (fixed price)
Check as much as you want 
BTH 92%
Storage 512
3 covers will come with the phone 
Phone will come with box, NID will be given 
USA variant
iOS version 26.05.02"
Apple iPhone 16 Pro Max 512 GB Gray,120000,Used,Rajshahi,6 hours ago,https://bikroy.com/rajshahi/mobile-phones/apple-iphone-16-pro-max-512-gb-gray-ad8jHOosp6iFW36v5PGztkH3.html,3,2026-09-08T12:05:53.920146+00:00,individual,"iPhone 16 Pro Max 
512 GB 100% Battery Health 
Physical SIM 
Super condition 
7 days replacement guarantee  
1 year service warranty  
#exchange possible 
Our Address :
Smart Choice , Shop No. 211 , 
City center , Beside of Rajshahi College , Sonadigir mor Rajshahi
Call for any details"
New Apple iPhone 16 Pro Max 256 GB White,120000,Brand New,"Rajshahi, Shaheb Bazar",6 hours ago,https://bikroy.com/shaheb-bazar/mobile-phones/new-apple-iphone-16-pro-max-256-gb-white-zi5XoCbFn23gTyfK7KKqstGV.html,3,2026-09-08T12:05:54.518958+00:00,individual,"iPhone 16 Pro Max

256 GB, 100% Battery Health

Physical SIM

Experience Super Condition 🔥🔥

Enjoy a 7-day replacement guarantee ✅ 
Get a 1-year service warranty ✅ 

#Exchange possible ✅

Our Address:
Smart Choice, Shop No. 211,
City Center, Beside Rajshahi College, Sonadighi Mor, Rajshahi"
Apple iPhone 16 Pro Max 256 GB Black,123000,Used,"Rajshahi, Shaheb Bazar",6 hours ago,https://bikroy.com/shaheb-bazar/mobile-phones/apple-iphone-16-pro-max-256-gb-black-5EdAlqubHMlvpkXPmYzjkxCr.html,2,2026-09-08T12:05:54.860614+00:00,individual,"iPhone 16 Pro Max
256 GB, 99% Battery Health
Australia variant
Super condition
7 days replacement guarantee
1 year service warranty
#exchange possible
Our Address:
Smart Choice, Shop No. 211,
City Center, Beside Rajshahi College, Sonadighi Mor, Rajshahi
Call for any details:"
Apple iPhone 17 Pro Max 256 GB Silver,145000,Used,"Rajshahi, Shaheb Bazar",6 hours ago,https://bikroy.com/shaheb-bazar/mobile-phones/apple-iphone-17-pro-max-256-gb-silver-hLhg4H3itM9ABXK04yoqmsQi.html,3,2026-09-08T12:05:55.562243+00:00,individual,"iPhone 17 Pro Max
256 GB, 100% Battery Health
Super condition
7 days replacement guarantee
1 year service warranty
#exchange possible
Our Address:
Smart Choice, Shop No. 211,
City Center, Beside Rajshahi College, Sonadighi Mor, Rajshahi
Call for any details:"
Apple iPhone 15 Pro Max 256 GB Blue,95000,Used,"Rajshahi, Kadirgonj",9 hours ago,https://bikroy.com/kadirgonj/mobile-phones/apple-iphone-15-pro-max-256-gb-blue-1Kw5xp9PLgIFGcmJ3VxgJj3U.html,5,2026-09-08T12:05:56.321233+00:00,individual,"আসসালামু আলাইকুম ওয়া রহমাতুল্লহি ওবারকাতুহ 
ফ্রেশ কন্ডিশন
📦 বক্স: Only Device
🧾 ক্যাশ মেমো: আছে
🔁 রিপ্লেসমেন্ট গ্যারান্টি: ৭ দিন পর্যন্ত পাবেন ( শর্তসাপেক্ষে ) 
লোকেশন: রাজশাহী কাদিরগঞ্জ চালপট্টি, লার্জ ফার্মার পাশে , স্বপ্নচূড়া প্লাজা নগর ভবনের পিছে।  
🏪 শপ নং: ১২৩ - নিচ তলা লিফটের পাশে 
🏬 শপ নাম: Rajshahi Mobile Bari 019XXXXXXXX"
Apple iPhone 15 Pro 256 GB Blue,90000,Used,"Rajshahi, Shaheb Bazar",6 hours ago,https://bikroy.com/shaheb-bazar/mobile-phones/apple-iphone-15-pro-256-gb-blue-wQ01JX61flblQEsEtp0vo4Wi.html,4,2026-09-08T12:05:57.004353+00:00,individual,"IPhone 15 pro 
256 gb 87 bh 
Warranty available until 2031 
Super condition 
7 days replacement guarantee  
1 year service warranty  
#exchange possible 
Our Address :
Smart Choice , Shop No. 211 , 
City center , Beside of Rajshahi College , Sonadigir mor Rajshahi
Call for any details:"
Apple iPhone 15 Pro 256 GB White,78000,Used,"Rajshahi, Court Station",31/08,https://bikroy.com/court-station/mobile-phones/apple-iphone-15-pro-256-gb-white-cono9XcFX3RrX29miCFTwHwD.html,3,2026-09-08T12:05:57.469282+00:00,individual,￼ battery health 96% sob orjinal no bust oll ok
Apple iPhone 14 Pro Max 256 GB Purple,80000,Used,Rajshahi,28/08,https://bikroy.com/rajshahi/mobile-phones/apple-iphone-14-pro-max-256-gb-purple-r8ScCt13jIenxRe0CZwnkjQZ.html,5,2026-09-08T12:05:57.822947+00:00,individual,"iphone 14 pro max..betrry 85, ফোনটা একদম press, নো চেন্জ সব জেনুয়িন বক্স নাই ,,সিঙ্গাপুর ভেরিয়ান্ড,,"
Apple iPhone 16 128 GB White,69000,Used,"Rajshahi, Shaheb Bazar",6 hours ago,https://bikroy.com/shaheb-bazar/mobile-phones/apple-iphone-16-128-gb-white-kf4Ow26G5OQJFaPzAD2zykdL.html,3,2026-09-08T12:05:58.368890+00:00,individual,"iPhone 16
128 GB, 100% Battery Health
Super condition
7 days replacement guarantee
1 year service warranty
#exchange possible
Our Address:
Smart Choice, Shop No. 211,
City Center, Beside Rajshahi College, Sonadighi Mor, Rajshahi
Call for any details:"
Apple iPhone 14 Pro Max 256 GB Black,66500,Used,"Rajshahi, Charghat",04/09,https://bikroy.com/charghat/mobile-phones/apple-iphone-14-pro-max-256-gb-black-iGpcdozoRE1E46WZp0kca0jh.html,5,2026-09-08T12:05:58.815420+00:00,individual,"Phone sob kichu original... 2 ta psychical dual sim...
Security hisebe ja chan dewa Jabe ... Memo ache
Dam kichu ta kom rakha Jabe newar moto dam bolben aje baje dam bolben na....

Number 017XXXXXXXX"
Apple iPhone 14 Pro 128 GB Gray,67000,Used,"Rajshahi, Kadirgonj",9 hours ago,https://bikroy.com/kadirgonj/mobile-phones/apple-iphone-14-pro-128-gb-gray-6vTFl9lFg3Q9G4CBlueCeFWN.html,5,2026-09-08T12:05:59.366696+00:00,individual,"আসসালামু আলাইকুম ওয়া রহমাতুল্লহি ওবারকাতুহ 
ফ্রেশ কন্ডিশন
 বক্স: Only Device
 ক্যাশ মেমো: আছে
 রিপ্লেসমেন্ট গ্যারান্টি: ৭ দিন পর্যন্ত পাবেন ( শর্তসাপেক্ষে ) 
লোকেশন: রাজশাহী কাদিরগঞ্জ চালপট্টি, লার্জ ফার্মার পাশে , স্বপ্নচূড়া প্লাজা নগর ভবনের পিছে। 
 শপ নং: ১২৩ - নিচ তলা লিফটের পাশে 
 শপ নাম: Rajshahi Mobile Bari 019XXXXXXXX"
Apple iPhone 14 Pro Max 128 GB Blue,56999,Used,Rajshahi,25/08,https://bikroy.com/rajshahi/mobile-phones/apple-iphone-14-pro-max-128-gb-blue-1AeMIgzsQehaan9Gxj9CaecG.html,4,2026-09-08T12:06:00.100616+00:00,individual,"Please message first.
Condition: iPhone 14 Pro Max (128GB)
Battery: 80%
Physical + eSIM
iOS: 26.6.1
Included with it: Box and good quality charger.
Condition: Only back glass is cracked.
And there is a small dot near the front camera which is not noticeable. Pictures are provided."
Apple iPhone 16 Pro 128 GB Rose Gold,93000,Used,"Rajshahi, Shaheb Bazar",6 hours ago,https://bikroy.com/shaheb-bazar/mobile-phones/apple-iphone-16-pro-128-gb-rose-gold-axUnNwSc7ZwYZ7ffrUbtkoV1.html,3,2026-09-08T12:06:00.711709+00:00,individual,"iPhone 16 Pro
128GB, 91% Battery Health
Physical SIM
Super condition
Enjoy a 7-day replacement guarantee
1-year service warranty
#exchange possible
Our Address:
Smart Choice, Shop No. 211,
City Center, Beside Rajshahi College, Sonadighi Mor, Rajshahi
Call for any details:"
Apple iPhone 14 Pro Max 256 GB Purple,75000,Used,"Rajshahi, Shaheb Bazar",6 hours ago,https://bikroy.com/shaheb-bazar/mobile-phones/apple-iphone-14-pro-max-256-gb-purple-dXs04LXCudjcFOC7CJgxaZmS.html,3,2026-09-08T12:06:01.501633+00:00,individual,"iPhone 14 Pro Max

256 GB, 85% Battery Health

Singapore variant

Super condition 

7 days replacement guarantee  
1 year service warranty  

#exchange possible 

Our Address:
Smart Choice, Shop No. 211,
City Center, Beside Rajshahi College, Sonadighi Mor, Rajshahi

Call for any details 017XXXXXXXX"
New Apple iPhone 15 128 GB Pink,60000,Brand New,"Rajshahi, Shaheb Bazar",6 hours ago,https://bikroy.com/shaheb-bazar/mobile-phones/new-apple-iphone-15-128-gb-pink-53q78tUVolUACOZSUSrcaQgu.html,2,2026-09-08T12:06:02.062459+00:00,individual,"iPhone 15
128 GB, 85-100% Battery Health
Physical SIM
Super condition
Enjoy a 7-day replacement guarantee
1-year service warranty
#Exchange possible
Our Address:
Smart Choice, Shop No. 211,
City Center, Beside Rajshahi College, Sonadighi Mor, Rajshahi
Call for any details:"
Apple iPhone 15 Plus 128 GB Black,65000,Used,"Rajshahi, Shaheb Bazar",6 hours ago,https://bikroy.com/shaheb-bazar/mobile-phones/apple-iphone-15-plus-128-gb-black-39lMK4kbQi46v2oAe9V2gR8W.html,3,2026-09-08T12:06:02.752983+00:00,individual,"iPhone 15 Plus
128GB / 89% Battery Health
Physical SIM
Super condition
7 days replacement guarantee
1 year service warranty
#exchange possible
Our Address:
Smart Choice, Shop No. 211,
City Center, Beside Rajshahi College, Sonadighi Mor, Rajshahi
Call for any details:"
Apple iPhone 15 128 GB Black,58500,Used,Rajshahi,26/08,https://bikroy.com/rajshahi/mobile-phones/apple-iphone-15-128-gb-black-a4oEq8ZmlYGLGthLMUs67m2w.html,5,2026-09-08T12:06:03.566618+00:00,individual,"Full Fresh Phone ✅
No Scratches All Ok ✅"
Apple iPhone 14 Pro Max 256 GB Purple,74000,Used,"Rajshahi, Shaheb Bazar",6 hours ago,https://bikroy.com/shaheb-bazar/mobile-phones/apple-iphone-14-pro-max-256-gb-purple-chrDhW9u7STAZkcpUOjNWLjF.html,3,2026-09-08T12:06:04.279386+00:00,individual,"iPhone 14 Pro Max, 256 GB, 81% battery health. Physical SIM. Super condition. 7 days replacement guarantee. 1 year service warranty. #exchange possible. Our Address: Smart Choice, Shop No. 211, City Center, Beside Rajshahi College, Sonadighi Mor, Rajshahi. Call for any details:"
Apple iPhone 13 128 GB Pink,32500,Used,"Rajshahi, Kazla",26/08,https://bikroy.com/kazla/mobile-phones/apple-iphone-13-128-gb-pink-cJw4XsCbLtBP1dugd9ec7AcS.html,3,2026-09-08T12:06:04.817320+00:00,individual,ফুল ফ্রেশ আছে ফোনটি নিলে সরাসরি ফোন দিবেন ফোনের ব্যাটারি হানডেট পারসেন ব্যাটারি চেঞ্জ করা হয়েছে অরজিনাল ব্যাটারিটাও আছে ছিয়াত্তর পাচ্ছেন ফোনের ফেইস আইডি ইসু  বাদবাকি সব ফুল ওকে
Apple iPhone 13 Pro 128 GB Green,49999,Used,"Rajshahi, Shaheb Bazar",05/09,https://bikroy.com/shaheb-bazar/mobile-phones/apple-iphone-13-pro-128-gb-green-bl8hhL72yv1tozhVv2HISwIU.html,5,2026-09-08T12:06:05.405610+00:00,individual,ফোনের ব্যাটারি হেলথ ৮৪ পার্সেন্ট জেনুইন।ফোন একদম ফুল ফ্রেশ আছে।ফোনের ট্রু টোন ফেস আইডি সবকিছু ওকে আছে।ওয়াটার রেজিস্ট্যান্স আছে।নতুন ফোন নিবো তাই সেল দিচ্ছি।ফোন টা এসএমএস গ্যাজেট রাজশাহী ব্রাঞ্চ থেকে নিয়েছিলাম ৫ মাস হলো ক্যাশ মেমো আছে।ফোন এ একটা বিন্দু পরিমাণ কোনো প্রবলেম যতক্ষণ খুশী চেক করে নিতে পারবেন।কেও অযথা দাম বলবেন না ধন্যবাদ
Apple iPhone 15 128 GB White,55000,Used,"Rajshahi, Shaheb Bazar",6 hours ago,https://bikroy.com/shaheb-bazar/mobile-phones/apple-iphone-15-128-gb-white-fsGLENhcvKogFRSNWMXFMI26.html,3,2026-09-08T12:06:06.018276+00:00,individual,"iPhone 15 
128GB / 97% Battery Health 
Physical SIM 
Experience super condition 
Enjoy a 7-day replacement guarantee 
Get a 1-year service warranty 
#Exchange possible 
Our Address: 
Smart Choice, Shop No. 211, 
City Center, Beside Rajshahi College, Sonadigir Mor, Rajshahi 
Call for details:"
Apple iPhone 11 Pro 256 GB Black,27000,Used,"Rajshahi, Bagmara",19/08,https://bikroy.com/bagmara/mobile-phones/apple-iphone-11-pro-256-gb-black-utpA2KCrAYzlTnturU07Uv5f.html,5,2026-09-08T12:06:06.819919+00:00,individual,"Selling due to an emergency need for money for family issues. Price is negotiable, no problem."
Apple iPhone 14 128 GB Black,47000,Used,"Rajshahi, Kadirgonj",9 hours ago,https://bikroy.com/kadirgonj/mobile-phones/apple-iphone-14-128-gb-black-chF73MJfhwcgCcpxis2zLICZ.html,5,2026-09-08T12:06:07.322331+00:00,individual,"আসসালামু আলাইকুম ওয়া রহমাতুল্লহি ওবারকাতুহ 
ফ্রেশ কন্ডিশন
 বক্স: Only Device
 ক্যাশ মেমো: আছে
 রিপ্লেসমেন্ট গ্যারান্টি: ৭ দিন পর্যন্ত পাবেন ( শর্তসাপেক্ষে ) 
লোকেশন: রাজশাহী কাদিরগঞ্জ চালপট্টি, লার্জ ফার্মার পাশে , স্বপ্নচূড়া প্লাজা নগর ভবনের পিছে। 
 শপ নং: ১২৩ - নিচ তলা লিফটের পাশে 
 শপ নাম: Rajshahi Mobile Bari 019XXXXXXXX"
Apple iPhone 11 Pro 64 GB Silver,29000,Used,"Rajshahi, Durgapur",29/08,https://bikroy.com/durgapur-1/mobile-phones/apple-iphone-11-pro-64-gb-silver-8rKiZh7fxOfgn1fbrMkYCQgg.html,3,2026-09-08T12:06:07.766892+00:00,individual,"Model: iPhone 11 Pro
Storage: 64GB
Color: Brilliant / Silver
Battery Health: 82%
Condition: Full Fresh
Display: Original
Camera: Fully OK
Face ID: Fully OK
All Functions: 100% Working

Phone দেখতে খুবই fresh এবং কোনো major issue নেই। ছবিতে যেমন দেখছেন, বাস্তবেও একই রকম condition।


Serious buyers only."
Apple iPhone 12 Pro 128 GB Blue,35500,Used,"Rajshahi, Kazla",1 day ago,https://bikroy.com/kazla/mobile-phones/apple-iphone-12-pro-128-gb-blue-6cdgJjud2PxgcM3kR0dr47TR.html,5,2026-09-08T12:06:08.356039+00:00,individual,"কোন সমস্যা নেই, দেখে নিতে পারবেন। ব্যাটারি হেলথ ৭৩%। ফোন কখনো খোলা হয়নি। যমুনা ফিউচার পার্ক থেকে কেনা হয়েছে। মানি রিসিট আছে। EVERYTHING ORIGINAL AND OKAY 016XXXXXXXX"
Apple iPhone 12 Pro Max 256 GB White,50000,Used,Rajshahi,6 hours ago,https://bikroy.com/rajshahi/mobile-phones/apple-iphone-12-pro-max-256-gb-white-al4rUSCPA8H1lU2k4kLv3PpT.html,3,2026-09-08T12:06:08.966700+00:00,individual,"iPhone 12 Pro Max
256 GB, 91% Battery Health
Super condition
7 days replacement guarantee
1 year service warranty
#exchange possible
Our Address:
Smart Choice, Shop No. 211,
City Center, Beside Rajshahi College, Sonadighi Mor, Rajshahi
Call for any details:"
Apple iPhone 12 64 GB,25000,Used,"Rajshahi, Kazla",26/08,https://bikroy.com/kazla/mobile-phones/apple-iphone-12-64-gb-iMtJxZeUQmaRizBHJXpzBx81.html,5,2026-09-08T12:06:09.707018+00:00,individual,বিক্রয় করা হবে ফোনের কোন প্রবলেম নেই ডিসপ্লে চেঞ্জ করা হয়েছে সাড়ে ছয় হাজার টাকা দিয়ে ফেস আইডি টুটনসব ওকে আছে ব্যাটারির চেঞ্জ করা হয়েছে প্রায় ছয় মাস আগে ৩২০০ টাকা দিয়ে যদি নিতে চান তাহলে যোগাযোগ করুন
Apple iPhone 12 128 GB White,30000,Used,"Rajshahi, Uposahar",17/08,https://bikroy.com/uposahar/mobile-phones/apple-iphone-12-128-gb-white-7vNM4jh8kv10nindScKjwSGX.html,5,2026-09-08T12:06:10.356961+00:00,individual,"iPhone 12, everything okay, full fresh, like-new condition... no scratches, battery health 84%, camera is amazing... phone is still waterproof, location is Rajshahi, Katakhali, if you want to buy the phone you have to come to the location, no problems with the phone at all, check it as much as you want, if you want to buy the phone message on WhatsApp, this is the WhatsApp number 018XXXXXXXX"
Apple iPhone 14 128 GB Black,45000,Used,"Rajshahi, Boalia",02/09,https://bikroy.com/boalia/mobile-phones/apple-iphone-14-128-gb-black-fltkEFXWOajdKjMwgUtDdFJt.html,3,2026-09-08T12:06:11.066699+00:00,individual,"iPhone 14
Variant - Indian
All ok 
Battery Health - 79%"
Apple iPhone 12 Pro 128 GB Blue,36009,Used,Rajshahi,1 day ago,https://bikroy.com/rajshahi/mobile-phones/apple-iphone-12-pro-128-gb-blue-vXVyD8dyn6mfHTSZTE0SogmU.html,5,2026-09-08T12:06:11.862464+00:00,individual,ফোনে কোন সমস্যা নেই। কখনো খোলা হয়নি। ব্যাটারি হেলথ ৭৩% 018XXXXXXXX
Apple iPhone 14 128 GB White,46000,Used,"Rajshahi, Shaheb Bazar",6 hours ago,https://bikroy.com/shaheb-bazar/mobile-phones/apple-iphone-14-128-gb-white-3XnQatDC4PfHfWZbV0tHoBAo.html,3,2026-09-08T12:06:12.559485+00:00,individual,"iPhone 14
128 GB, 90% Battery Health
Physical SIM
Super condition
7 days replacement guarantee
1 year service warranty
#exchange possible
Our Address:
Smart Choice, Shop No. 211,
City Center, Beside Rajshahi College, Sonadighi Mor, Rajshahi
Call for any details:"
Apple iPhone 11 128 GB White,27000,Used,"Rajshahi, Rajpara",04/09,https://bikroy.com/rajpara/mobile-phones/apple-iphone-11-128-gb-white-ef8ruZk9VOFR9BSxXypBQ9k.html,4,2026-09-08T12:06:13.313222+00:00,individual,"iphone-11
Battery health: 74%
Storage:128 GB(USA Variant)

Laptop-HP Elitebook CORE i7 vpro 8th gen 8 GB RAM, 239 GB SSD"
Apple iPhone 17 Pro Max P-SIM+E-SIM Brand New,172999,Brand New,"Chattogram, Agrabad",6 hours ago,https://bikroy.com/agrabad/mobile-phones/apple-iphone-17-pro-max-p-sim-e-sim-ntun-brand-new-1c1M4oyTA6EwXO5vWGDhrGjL.html,0,2026-09-08T12:06:13.758108+00:00,individual,"Stay updated with our latest product prices by liking 👍 & FOLLOWING our page. Page link - https://www.facebook.com/jojobdctg.

** iPhone 17 Pro Max, 256GB, Australian variant, 100% authentic.
Other Apple models in our store – 17 Pro Max 512GB - Australia, 17 256GB Australia, 16 128GB, 15 128GB Singapore, 14 128GB, MacBooks Singapore Air M4 16/256.

🌍 Variant: global

📦 Condition: New Intact |

✅ 100% Authentic

✅ 7-day replacement, 1-year service warranty.

----------------------------------------------------------------------

Address:

Shop- 537, Level-5 (Capsule lift 4,

Straight after exiting the lift, JoJoBD)

Akhtaruzzaman Center,

Agrabad, Chittagong. Show more"
Apple iPhone 17 Pro Max 256 GB Blue,137000,Used,"Chattogram, New Market, Chattogram",12/08,https://bikroy.com/new-market/mobile-phones/apple-iphone-17-pro-max-256-gb-blue-pVNL83KOCNBwdIGRYBGObLn2.html,5,2026-09-08T12:06:14.421242+00:00,individual,"Ami ★With full box
★Physical sim + e sim
★291 cycle count
★96% bh
★(Just niche ektah choto scratch ase)
	 Chobite include kora ase picture. 
★Still apple Warranty available"
New Apple iPhone 17 Pro 256 GB,149999,Brand New,"Chattogram, CDA Avenue",9 hours ago,https://bikroy.com/cda-avenue/mobile-phones/new-apple-iphone-17-pro-256-gb-Bpo6vlfMkzfVEiQlgOyNmRyF.html,3,2026-09-08T12:06:15.224909+00:00,individual,"(JP varient)
Display: 6.3"" LTPO Super Retina XDR OLED, 120Hz, Dolby Vision, 3000 nits peak brightness
Camera: Triple 48MP Pro system with periscope zoom, ultrawide,
Processor: Apple A19 Pro (3nm) with 6-core GPU
Battery: 3998mAh/4252mAh
ক্রেডিট কার্ড এর মাধ্যমে ২০ টির অধিক ব্যাংকে ৩৬ মাস পর্যন্ত EMI এর সুবিধা রয়েছে। (*শর্ত প্রযোজ্য*)"
Apple iPhone 17 Pro 256 GB Purple,131990,Used,"Chattogram, CDA Avenue",5 hours ago,https://bikroy.com/cda-avenue/mobile-phones/apple-iphone-17-pro-256-gb-purple-yKqronSLFaMGrOnHTFv3QpWe.html,3,2026-09-08T12:06:15.809292+00:00,individual,"iPhone 17 Pro 256GB 🇱🇷 USA Variant 📱✨

🔋 Battery Health: 100%

✅ Cycle Count: 152

📍 First Use in MAY 2026

✨ Condition: Full Fresh

🛡️ Apple Warranty Available till May 2027

💰 Offer Price: Only ৳1,31,990/-

আজই Decent থেকে"
Apple iPhone 17 CANADA BRAND NEW (Brand New),120000,Brand New,"Chattogram, Chawkbazar",6 hours ago,https://bikroy.com/chawkbazar/mobile-phones/apple-iphone-17-canada-brand-new-brand-new-dZOMhZI7wxvPld4PST30rdSL.html,0,2026-09-08T12:06:17.258631+00:00,individual,"🔳 INTACT SEAL PACK
🔳 Storage: 12/256GB
🔳 Colour: WHITE
◾ Box And Original Cable


🔰 Our Speciality......................................


◾Original & Non-Refurbished Product
◾Emi Facilities Available*
◾Accept Visa, Master Card
◾Delivery Facility inside & Outside ctg.
◾Phone Exchange Facilities*
◾Our All Products Original And Genuine. 
◾Our All Product 7 Days replacement And 1 year Service Warranty


🔰 Our Showroom Address:

Rony Enterprise (Since 2007)
Bali Arcade Shopping Center
4th Floor, Shop no 03(infront of chawkbazar Post Office
Sirajuddula Road, Chawkbazar, Chattogram Show more"
Apple iPhone 17 Pro Max 256GB(100%) FULL BOX (Used),150000,Used,"Chattogram, Chawkbazar",6 hours ago,https://bikroy.com/chawkbazar/mobile-phones/apple-iphone-17-pro-max-256gb-100-full-box-used-zuSca6VzeXTqQ5MIHXbqCgB0.html,2,2026-09-08T12:06:17.497116+00:00,individual,"🔳 TRHEE MONTH USED ONLY AS LIKE AS NEW CONDITION.73% TIME
🔳 Storage: 12/256gb
🔳 Colour: ORRANGE
◾ Original Cable AND BOX




🔰 Our Speciality......................................

◾Original & Non-Refurbished Product
◾Emi Facilities Available*
◾Accept Visa, Master Card
◾Delivery Facility inside & Outside ctg.
◾Phone Exchange Facilities*
◾ All Products Original And Genuine. 
◾Our All Product 7 Days replacement And 1 year Service Warranty



🔰 Our Showroom Address:


Rony Enterprise (Since 2007)
Bali Arcade Shopping Center
4th Floor, Shop no 03(infront of chawkbazar Post Office
Sirajuddula Road, Chawkbazar, Chattogram Show more"
Apple iPhone 17 Pro Max 256 GB Orange,143499,Used,"Chattogram, CDA Avenue",6 hours ago,https://bikroy.com/cda-avenue/mobile-phones/apple-iphone-17-pro-max-256-gb-orange-q39DcrXGBK4ZXCVArv9XOrY5.html,3,2026-09-08T12:06:17.898365+00:00,individual,"17 pro max 256gb
Battery-100%
cycle -20
Offer price -143490
Warranty available 27 jun 27"
Apple iPhone 16 Pro Max 512 GB Gold,125000,Used,"Chattogram, Chawkbazar",6 hours ago,https://bikroy.com/chawkbazar/mobile-phones/apple-iphone-16-pro-max-512-gb-gold-NHbPtHOtCvmrJCJKIBhOztI.html,3,2026-09-08T12:06:18.760265+00:00,individual,"iPhone 16 Pro Max, 512GB, Desert Titanium color, comes with box, Global version."
Apple iPhone 16 Pro Max 512 GB Rose Gold,128000,Used,Chattogram,6 hours ago,https://bikroy.com/chattogram/mobile-phones/apple-iphone-16-pro-max-512-gb-rose-gold-fRg22mOFYh4jqnyftdeFk3ut.html,5,2026-09-08T12:06:19.352032+00:00,individual,"iPhone 16 Pro Max 512GB Desert Titanium
Phone brought from Dubai, barely used phone... 100% spotless and fully fresh
Battery Health 90% but cycle count 351 only
With box
Real buyers only!!
Location must!!"
Apple iPhone 17 Pro Max 256 GB Orange,143000,Used,"Chattogram, Chandgaon",11/06,https://bikroy.com/chandgaon/mobile-phones/apple-iphone-17-pro-max-256-gb-orange-gd0z6KX6kuDnoVtAnfAkJAbK.html,5,2026-09-08T12:06:20.054598+00:00,individual,"iPhone 17 Pro Max with 5 months Dazzle Care, Japan variant.
Dual eSIM.
7 months used.
Battery: 100%.
All okay.
Dazzle official care warranty available for 5 months.
Mobile, original cable, and box will be provided."
New Apple iPhone 17 Pro Max 256 GB Orange,160000,Brand New,"Chattogram, Boalkhali",25/06,https://bikroy.com/boalkhali/mobile-phones/new-apple-iphone-17-pro-max-256-gb-orange-14Gjr9fBvTVHsORXpnYMyacL.html,5,2026-09-08T12:06:20.666146+00:00,individual,"Only 3 months used. Cycle count only 35.
First use March 2026. The phone is from Abu Dhabi, UAE. Physical SIM & eSIM available."
New Apple iPhone 17 Pro Max 256 GB Orange,159999,Brand New,"Chattogram, CDA Avenue",9 hours ago,https://bikroy.com/cda-avenue/mobile-phones/new-apple-iphone-17-pro-max-256-gb-orange-sc78jNGvXnXnCoefIQoTRX1R.html,3,2026-09-08T12:06:21.819576+00:00,individual,"JP variant
Display: 6.9"" LTPO Super Retina XDR OLED, 120Hz with 3000 nits peak brightness
Camera: 48MP triple camera with periscope zoom, LiDAR scanner, and 4K Dolby Vision video
Processor: Apple A19 Pro (3nm) with 6-core GPU
Battery: Up to 5088mAh
EMI facilities are available for up to 36 months through credit cards with more than 20 banks. (*Conditions apply*)"
New Apple iPhone 17 Pro Max 256 GB Silver,165000,Brand New,"Chattogram, Khulshi",12/08,https://bikroy.com/khulshi/mobile-phones/new-apple-iphone-17-pro-max-256-gb-silver-d7FJldVIS9rugoLqUzwYwfVR.html,4,2026-09-08T12:06:21.906066+00:00,individual,"Just opened, brought from outside. With bill, no charge, just open box"
Apple iPhone 17 Pro Max 256 GB Blue,145000,Used,"Chattogram, Agrabad",10/08,https://bikroy.com/agrabad/mobile-phones/apple-iphone-17-pro-max-256-gb-blue-snfLGfPzLndHMLxgbki9Y7DI.html,4,2026-09-08T12:06:23.361913+00:00,individual,"Fresh conditions with original box cable
Brought from Kuwait"
Apple iPhone 16 Pro 128 GB Graphite,87000,Used,"Chattogram, Khulshi",15/08,https://bikroy.com/khulshi/mobile-phones/apple-iphone-16-pro-128-gb-graphite-swz6deeAEPVzUGhfTsbKlbec.html,3,2026-09-08T12:06:23.551519+00:00,individual,"Purchased in brand new condition from US apple store in January 2025
Used one and half year
Recently charging IC got damaged. Repaired, which did cost me taka
Now it's fully ok
Otherwise no dent, no scratch,no water issue
Will box and original charging cable"
New Apple iPhone 15 Plus 256 GB Pink,79990,Brand New,"Chattogram, Baizid",6 hours ago,https://bikroy.com/baizid/mobile-phones/new-apple-iphone-15-plus-256-gb-pink-zaIvEoNR5e3voQJzpXqd1LzB.html,3,2026-09-08T12:06:23.661077+00:00,individual,"Get the iPhone 15 Plus 256GB (USA Variant) now at an offer price at Decent! 

Decent brings you the iPhone 15 Plus USA Variant — right within your reach 

 iPhone 15 Plus (USA Variant) - 
Finlay Square, Level-4, Shop-406, 2 No Gate, Nasirabad, Chattogram
Finlay South City, Level-5, Shop-525, Bahaddarhat, Chattogram"
Apple iPhone 15 128 GB Green,60000,Used,"Chattogram, Hathazari",21/08,https://bikroy.com/hathazari/mobile-phones/apple-iphone-15-128-gb-green-hqruYq52r8ltNsTJbnijeMrr.html,5,2026-09-08T12:06:25.079009+00:00,individual,"Iphone 15 128GB
With original box, charging cable and Apple's 20w power adapter.
Varient- UK
Battery health- 83%
Charging cycle- 744
True tone works
No visible scratch or dent.
Location- 1 no. gate, University of Chittagong"
New Apple iPhone 17 256 GB,116999,Brand New,"Chattogram, CDA Avenue",9 hours ago,https://bikroy.com/cda-avenue/mobile-phones/new-apple-iphone-17-256-gb-1CYQAs10kPWrKfvofWtmAhTY.html,3,2026-09-08T12:06:25.661374+00:00,individual,"Indian Variant
Display: 6.3-inch LTPO Super Retina XDR OLED, 120Hz, HDR10,
Chipset: Apple A19 (3 nm), Hexa-core CPU, Apple 5-core GPU
Main Camera: Dual 48 MP rear dual LED flash, HDR, 4K video
Selfie Camera: 18 MP front
Battery: Li-Ion 3692 mAh
ক্রেডিট কার্ড এর মাধ্যমে ২০ টির অধিক ব্যাংকে ৩৬ মাস পর্যন্ত EMI এর সুবিধা রয়েছে। (*শর্ত প্রযোজ্য*)"
Apple iPhone 15 Pro Max 256 GB Black,84500,Used,"Chattogram, Chandgaon",19/08,https://bikroy.com/chandgaon/mobile-phones/apple-iphone-15-pro-max-256-gb-black-jPAAdAZ96iNhBNyU7R2L76uM.html,4,2026-09-08T12:06:25.918464+00:00,individual,"IPhone 15 Pro Max for Sale
Condition: Like New / Gently Used
Color: Black Titanium 
Storage: 256GB
 Battery Health: 86%
 Only phone.
 Origin : LLA (USA) 
 Dual eSIM
 No scratches
 No issues – fully functional
 Used with care
 Price: 84,500/-
Location: Chandgaon 
Call for more"
Apple iPhone 13 Pro Max 128 GB Blue,57000,Used,"Chattogram, Patenga",13/08,https://bikroy.com/patenga/mobile-phones/apple-iphone-13-pro-max-128-gb-blue-hGsG3jKPWvTw96THwOt3eQxE.html,5,2026-09-08T12:06:26.660915+00:00,individual,"The phone is completely flawless and has no internal or external issues.
* Authenticity: 100% Full Authentic (Never opened or parts changed)
* Condition: Super fresh and smooth performance. [1]
Charge Backup:
Even with 74% battery health, its backup is awesome
* iPhone 13 Pro Max * Original cable/box
Location: Bandartilla, Epz
Location Must"
Apple iPhone 15 Pro Max 256 GB Blue,95000,Used,"Chattogram, Agrabad",56 min ago,https://bikroy.com/agrabad/mobile-phones/apple-iphone-15-pro-max-256-gb-blue-uaR5kf3pmj5kSXp8GYiJNhy1.html,3,2026-09-08T12:06:27.410248+00:00,individual,"IPhone 15 Pro Max
Storage: 256GB
Bh-89% (J/A varient )
Almost brand-new condition, not any single problem, not any scratch or dent.
FacelD, True-Tone everything working perfectly... 
Price almost fixed, don't say any insulting price and don't insult yourselt... 
Location: Agrabad, Chittagong"
Apple iPhone 14 Pro 1 TB Silver,72500,Used,"Chattogram, Hathazari",02/09,https://bikroy.com/hathazari/mobile-phones/apple-iphone-14-pro-1-tb-silver-43Dn4vsf7oNKHaxun7AYZwcN.html,5,2026-09-08T12:06:28.016532+00:00,individual,"Iphone 14 Pro 
1TB
Bettery 86
KH/A
Waterproof 
Only device with cash memo"
Apple iPhone 15 Plus 128 GB Black,70000,Used,"Chattogram, Kotwali, Chattogram",01/09,https://bikroy.com/kotwali/mobile-phones/apple-iphone-15-plus-128-gb-black-hKFitFgKBQLDFJAE9xNoherZ.html,3,2026-09-08T12:06:28.466051+00:00,individual,"Selling my iPhone 15 Plus.
✨ 99% fresh condition very well maintained.

📦 Original box 
✅ Everything is working perfectly
🔋 Battery health: 87%
🎨 Color: Black
💾 Storage: 128 GB
💰 Price: 70K
📍 Location: New market, Chittagong 
📩 Serious buyers, please inbox me.
No time-wasters, please. Thank you! 🙏"
Apple iPhone 16 128 GB Black,72000,Used,"Chattogram, Satkania",14/08,https://bikroy.com/satkania/mobile-phones/apple-iphone-16-128-gb-black-aPiTvSyheveqocI7mvWXSz3e.html,5,2026-09-08T12:06:29.401321+00:00,individual,"Model: iPhone 16
Storage: 128 GB
Battery Health: 89%
Variant: Dubai Variant (Bottom physical SIM + eSIM)
Original box is available.
Usage: Used for 1 year.
Price: Taka
What you will get with it: Original box
3 premium covers
 Location: Keranirhat Gol Chattar"
Apple iPhone 14 Pro Max 128 GB Black,67990,Used,"Chattogram, CDA Avenue",6 hours ago,https://bikroy.com/cda-avenue/mobile-phones/apple-iphone-14-pro-max-128-gb-black-moEX7VePCwU0zRId8UoBc1Fk.html,4,2026-09-08T12:06:29.874991+00:00,individual,"14 pro max usa 128gb
battray 86%
full fresh 
15 days replacement gurranty 
1 year service warranty 
DecDecent,Finlay"
Apple iPhone 15 Pro 128 GB White,88000,Used,Chattogram,6 hours ago,https://bikroy.com/chattogram/mobile-phones/apple-iphone-15-pro-128-gb-white-3HIbFQQl7f7uoFgNfR2G1eCQ.html,3,2026-09-08T12:06:30.859565+00:00,individual,"IPhone 15 pro is in Pristine condition👌
Bh 100% only charged 17 cycles
Brought from usa not used very much cz i used to have another phone it is like a newly purchased phone!!️
Location must to check and buy my device!!️"
Apple iPhone 16 Pro Max 256 GB White,112000,Used,"Chattogram, Bakoliya",1 hour ago,https://bikroy.com/bakoliya/mobile-phones/apple-iphone-16-pro-max-256-gb-white-aZWxRMjlXvkA7QmVMR9KmBRW.html,3,2026-09-08T12:06:30.910736+00:00,individual,"IPhone 16pro max, Japan variant,256gb, looking New. Box & cable.thank you."
Apple iPhone 16 128 GB Blue,70000,Used,"Chattogram, Kotwali, Chattogram",6 hours ago,https://bikroy.com/kotwali/mobile-phones/apple-iphone-16-128-gb-blue-CsKJJ52KXROyVTjWc5UIzygh.html,3,2026-09-08T12:06:31.360574+00:00,individual,"Rom: 128Gb
Colour: Ultramarine
Health: 89
With box& cash memo"
Apple iPhone 11 Pro Max 256 GB Silver,30000,Used,"Chattogram, Agrabad",04/09,https://bikroy.com/agrabad/mobile-phones/apple-iphone-11-pro-max-256-gb-silver-ax3QcNtt3WVkQyt72iHQBhYV.html,5,2026-09-08T12:06:32.071362+00:00,individual,"Kono issues nei phone chalay moja paben ar ha kono sommosa  nai phone a just old model 
79% bh"
Apple iPhone XS Max 512 GB Rose Gold,23000,Used,"Chattogram, New Market, Chattogram",03/09,https://bikroy.com/new-market/mobile-phones/apple-iphone-xs-max-512-gb-rose-gold-uOe1jT8Bv5ovorP2qRrFAuEy.html,3,2026-09-08T12:06:32.947261+00:00,individual,"Storage: 512gb 💥
Bettery Health: 75% Original 🔋
Display: gx er orginal ta ✅
Face id ❎
True Tone 🆗
Camera 💥
Silent Buton 🆗
Sim Wifi 🆗
লোকেশনে আসতে হবে ✅"
Apple iPhone 11 128 GB White,20000,Used,"Chattogram, Bandar, Chattogram",1 day ago,https://bikroy.com/bandar/mobile-phones/apple-iphone-11-128-gb-white-ARBGPL7SWLXz8JSheEIfH5v7.html,5,2026-09-08T12:06:34.166254+00:00,individual,"The phone is in full space condition, phone's battery health is 78%, the motherboard was swapped from another phone due to an iCloud block, box is not included."
Apple iPhone 14 Pro Max 256 GB Black,52000,Used,"Chattogram, Agrabad",03/09,https://bikroy.com/agrabad/mobile-phones/apple-iphone-14-pro-max-256-gb-black-hMp1Uvau7xfjnWN8UUxqh7oJ.html,4,2026-09-08T12:06:34.222223+00:00,individual,"iPhone 14 Pro Max USA Variant - 256 GB

Dull E-Sim👉

Phone Fresh Aca
Change History
Display Change But GX Original
Camera Change But Original
Battery Change But High Capacity Lagano.

Valo Android Mobile thakla Exchange kortha parben📱"
Apple iPhone 12 Pro Max 128 GB Blue,42500,Used,"Chattogram, Pahartali",01/09,https://bikroy.com/pahartali/mobile-phones/apple-iphone-12-pro-max-128-gb-blue-mUxvKQpO47HF4CJeJ4a72mKm.html,3,2026-09-08T12:06:34.763559+00:00,individual,Chinese Variant fresh condition Iphone 12 Pro Max 128GB. Battery Health 99%. Only genuine buyers please inbox or call directly. Thanks in advance.
Apple iPhone 11 128 GB,23500,Used,"Chattogram, Chandgaon",18/08,https://bikroy.com/chandgaon/mobile-phones/apple-iphone-11-128-gb-oQyB4RjO6TrOSVx9SxRXDWfu.html,3,2026-09-08T12:06:35.702463+00:00,individual,"Iphone 11
128 gb storage
face id ok
true tone ok
everything is genuine
camera joss
battery health 74%
charger will be given
will run 6 hours plus on full charge
If you want to buy, you must come to the location,
Location: Kaptai Rastar Matha or Kalughat
Phone: (whatsapp available)"
Apple iPhone XS Max 256 GB Rose Gold,22500,Used,"Chattogram, Oxygen",14/08,https://bikroy.com/oxygen/mobile-phones/apple-iphone-xs-max-256-gb-rose-gold-BWUW73wCUWpKIZIOZxITD5If.html,5,2026-09-08T12:06:36.217239+00:00,individual,"Model iPhone XS Max 256 GB UAE variant everything is ok face id True tone Battery health 100% changed. There are no problems with the phone, battery backup is very good. Will reset the phone before handing it over. Must come to the location to pick it up at Oxygen Baluchra, phone only along with NID card for security."
Apple iPhone 13 Pro 256 GB Blue,53500,Used,"Chattogram, Anderkilla",21/08,https://bikroy.com/anderkilla/mobile-phones/apple-iphone-13-pro-256-gb-blue-6nqOYTlcImdFL1KIEIguvcYL.html,3,2026-09-08T12:06:36.726095+00:00,individual,Iphone 13 pro available for 40 thousand and 60 thousand. High quality product with a higher price.
Apple iPhone 12 Pro Max 128 GB Black,26999,Used,"Chattogram, Panchlaish",30/08,https://bikroy.com/panchlaish/mobile-phones/apple-iphone-12-pro-max-128-gb-black-8cpQbiEBOdfJhUhgVQXN28nB.html,4,2026-09-08T12:06:37.354934+00:00,individual,"Baypass iphone 12promax
128GB
face id no
troton ok
battery health 73 original
Waterproof available 
Display apple genuine 100%
24k ar oupore hole Message Deban 
Real buyer ra nahole gale kaben
No exchange
what's app 018XXXXXXXX"
Apple iPhone 11 128 GB Green,21000,Used,"Chattogram, Chawkbazar",1 day ago,https://bikroy.com/chawkbazar/mobile-phones/apple-iphone-11-128-gb-green-cJy2FRDCnFGkJFDCLO1tJXCO.html,3,2026-09-08T12:06:37.915795+00:00,individual,"Only 21,000 Taka! This is going to be the best deal for you!
iPhone 11 (With box) | 128GB | Mint Green
Original Box + Cover + Screen Protector + Apple 20W Cable!
Display Changed & Face ID Issue is there, but with 128GB Storage + Original Battery (72%), overall absolute value for money!
Chawkbazar, Chattogram
Interested? Inbox us!"
Apple iPhone 11 Pro 256 GB Rose Gold,25000,Used,"Chattogram, Muradpur",29/08,https://bikroy.com/muradpur/mobile-phones/apple-iphone-11-pro-256-gb-rose-gold-BMcRfmi6AuxGMmYa9VZ4vyqo.html,4,2026-09-08T12:06:38.362752+00:00,individual,"256 GB 
Battery Health = 77% 
Face ID 
Silent Mode 
True Tone 
All OK 
Golden Color 
Price - 25k Fixed"
Apple iPhone 13 Pro Max 256 GB Green,52000,Used,"Chattogram, Halishahar",04/09,https://bikroy.com/halishahar/mobile-phones/apple-iphone-13-pro-max-256-gb-green-bp7o8ns6SSs5nOWIePtBEe8x.html,3,2026-09-08T12:06:39.016356+00:00,individual,Green iPhone 13 Pro Max. No box.
Apple iPhone 14 256 GB Black,45500,Used,"Chattogram, Pahartali",01/09,https://bikroy.com/pahartali/mobile-phones/apple-iphone-14-256-gb-black-fUOqVVo6jfuYFEThcPxnDOty.html,3,2026-09-08T12:06:39.515254+00:00,individual,Chinese Variant fresh condition  Iphone 14 256 GB Midnight Black. Battery health 88%.There is no scratch in the phone. Only genuine buyers please inbox or call directly. Thanks in advance.
New Apple iPhone 12 Pro 256 GB Blue,43000,Brand New,"Chattogram, Alankar",23 hours ago,https://bikroy.com/alankar/mobile-phones/new-apple-iphone-12-pro-256-gb-blue-8cEleiZtrjzhjMyeM8TYh3D5.html,5,2026-09-08T12:06:40.113235+00:00,individual,"iPhone 12 Pro 
256GB
Everything is in perfect working order
Battery Health 82%
No issues at all
Includes Box, Cash Memo, Cable, and 3 covers"
Apple iPhone 16 Pro Max 256 GB Rose Gold,115000,Used,"Dhaka, Uttara",3 hours ago,https://bikroy.com/uttara/mobile-phones/apple-iphone-16-pro-max-256-gb-rose-gold-3eKOzn9gVPyqV983G2c65Zd1.html,4,2026-09-08T12:06:40.619002+00:00,individual,"Iphone 16 pro max 
256gb
90%
Cycle count 671 
Box available 
Fresh condition 
Prices negotiable 
Location Uttara ,sector 7 azampur ."
Apple iPhone 17 Pro Max 256 GB Blue,130000,Used,"Dhaka, Mirpur",01/09,https://bikroy.com/mirpur/mobile-phones/apple-iphone-17-pro-max-256-gb-blue-n4e637Y1zwqyaPGd9rNobEdV.html,5,2026-09-08T12:06:40.922757+00:00,individual,"Phone a kono problem nay 
Phone ar sathe cash memo paben 
Battery health 97"
Apple iPhone 16 Pro Max 512 GB Rose Gold,126000,Used,"Dhaka, Baridhara",9 hours ago,https://bikroy.com/baridhara/mobile-phones/apple-iphone-16-pro-max-512-gb-rose-gold-pFTS2nrnZ8ddsbLZ8MfR7U8q.html,5,2026-09-08T12:06:41.654118+00:00,individual,"iPhone 16 Pro Max 512GB, 92% battery health, Singapore variant, full boxed."
Apple iPhone 16 Pro Max 256 GB Black,115000,Used,"Dhaka, Badda",2 days ago,https://bikroy.com/badda/mobile-phones/apple-iphone-16-pro-max-256-gb-black-pwuGYdPCC3J1hw7x0QJw1QXO.html,5,2026-09-08T12:06:42.058807+00:00,individual,"Iphone 16 pro max 256gb usa variant 100 bh cycle count 75 .warranty available March,2027 ."
Apple iPhone 17 Pro 256 GB Orange,130000,Used,"Dhaka, Uttara",6 hours ago,https://bikroy.com/uttara/mobile-phones/apple-iphone-17-pro-256-gb-orange-8P0i5IV54pBElcifYXcFI6sR.html,3,2026-09-08T12:06:42.766604+00:00,individual,"iPhone 17 Pro 
 Storage: 256GB
 Color: Cosmic Orange 
 Battery Health: 99%
 Variant: Global
 SIM: Physical SIM + eSIM
 Excellent Condition
 A19 Pro Chip
 6.3"" Super Retina XDR OLED | ProMotion 120Hz
 Exchange Hub
 Shop No: 610, 611, 628 & 629, Level-6
Tropical Alauddin Tower, Sector 3, Road 2
Rajlaxmi, Uttara, Dhaka"
Apple iPhone 16 Pro Max 256 GB Gray,120000,Used,"Dhaka, Uttara",02/09,https://bikroy.com/uttara/mobile-phones/apple-iphone-16-pro-max-256-gb-gray-nFh6ccGla2NYvJbK6GVwtiqA.html,4,2026-09-08T12:06:43.418353+00:00,individual,"Singapore Variant, Almost New Condition, Battery Health: 95%, 100% Waterproof, Original Box, Cash Memo, Charger, Back Cover. You are welcome to check the phone thoroughly before purchasing. The phone is in excellent condition, almost like new. Price: ৳120,000 (Slightly negotiable for genuine buyers). Only serious buyers 015XXXXXXXX"
Apple iPhone 16 Pro Max 512 GB Rose Gold,131000,Used,"Dhaka, Mirpur",01/09,https://bikroy.com/mirpur/mobile-phones/apple-iphone-16-pro-max-512-gb-rose-gold-sJhKqRJLSrtTfllR43VPWX9M.html,3,2026-09-08T12:06:44.116836+00:00,individual,Adapter cable box camera protector glass protector back poly and box availavail
Apple iPhone 17 Pro 256 GB Orange,137990,Used,"Dhaka, Uttara",3 hours ago,https://bikroy.com/uttara/mobile-phones/apple-iphone-17-pro-256-gb-orange-neGR2oVekap4hupW6iXbG1Wa.html,3,2026-09-08T12:06:44.866389+00:00,individual,"Western Mobile Fair
Shop No. 614/622/623/625 (Level #6) Tropical Alauddin Tower, Uttara
Dear Honourable Customer,
100% original device
Full factory unlocked
EMI available on credit cards from 31 banks. Thanks for being with us."
New Apple iPhone 17 Pro 512 GB White,175000,Brand New,"Dhaka, Baridhara",9 hours ago,https://bikroy.com/baridhara/mobile-phones/new-apple-iphone-17-pro-512-gb-white-CpRJoCIo6ZBp6uzqDXI03X9O.html,3,2026-09-08T12:06:45.117296+00:00,individual,"iPhone 17 Pro, Jamuna Future Park."
Apple iPhone 16 Pro Max 256 GB,124000,Used,"Dhaka, Mirpur",26/08,https://bikroy.com/mirpur/mobile-phones/apple-iphone-16-pro-max-256-gb-czs75pHy8PuWZ2P8lLI7nARU.html,3,2026-09-08T12:06:45.804706+00:00,individual,"iphone 16pro max-256gb
arab variant
colure: desert
BH:97%
cycle count:205
cash mamo + box included
no one single scratch on phone
3month warranty still have"
Apple iPhone 16 Pro Max 256 GB Silver,118000,Used,"Dhaka, Jatrabari",30/08,https://bikroy.com/jatrabari/mobile-phones/apple-iphone-16-pro-max-256-gb-silver-aCm8HF7uOcOSzKa1ITtnuUFp.html,5,2026-09-08T12:06:46.358065+00:00,individual,"📱 iPhone 16 Pro Max 256GB — Full Fresh Condition 🔥

একদম ফ্রেশ ও যত্নে ব্যবহার করা iPhone 16 Pro Max বিক্রি করা হবে।

✨ Model: iPhone 16 Pro Max
💾 Storage: 256GB
🎨 Color: Natural Titanium
🔋 Battery Health: 91%
💎 Condition: একদম ফ্রেশ 
phone er sathe ja jabe paben 
Box paben 
Cash memo paben
Phone er cover paben 
Price :118000"
New Apple iPhone 17 256 GB,110000,Brand New,"Dhaka, Bashundhara City",9 hours ago,https://bikroy.com/bashundhara-city/mobile-phones/new-apple-iphone-17-256-gb-ilnVAOWrIZa1jht9gt6ccUZ9.html,2,2026-09-08T12:06:46.915578+00:00,individual,"10 days replacement guarantee
 2 years service warranty
 Courier service available nationwide
 Exchange facility available
 Our Shop Address
For Smartphone 
Basement- 1, Shop- 84
Bashundhara City Shopping Mall"
New Apple iPhone 17 Pro Max 512 GB Orange,200000,Brand New,"Dhaka, Mirpur",27/08,https://bikroy.com/mirpur/mobile-phones/new-apple-iphone-17-pro-max-512-gb-orange-3XrrfzJc2V7wsAbrCFXNsq6O.html,3,2026-09-08T12:06:47.515627+00:00,individual,"Brand new sealed box. Purchased June 20, 2026. Never opened. Factory warranty from Apple 1 year."
Apple iPhone 16 Pro Max 256 GB Silver,119000,Used,"Dhaka, Dhanmondi",2 hours ago,https://bikroy.com/dhanmondi/mobile-phones/apple-iphone-16-pro-max-256-gb-silver-yZEFBaLTpC1d1CwLsoEF25ro.html,5,2026-09-08T12:06:48.310346+00:00,individual,"iPhone 16 Pro Max
256GB
Natural Titanium
With box
89% battery health
Water resistant
602 charging cycles
Singapore variant
1 physical SIM, 1 eSIM
Full fresh condition
Not a single scratch or dent
Location: Dhanmondi 15"
Apple iPhone 14 Pro Max 512 GB Purple,79999,Used,"Dhaka, Uttara",05/09,https://bikroy.com/uttara/mobile-phones/apple-iphone-14-pro-max-512-gb-purple-zWuX37R70lB14m4FrocPIMJM.html,5,2026-09-08T12:06:48.909144+00:00,individual,Phone full fresh no change no cracks price all most fixed
Apple iPhone 14 128 GB,50000,Used,"Dhaka, Savar",2 days ago,https://bikroy.com/savar/mobile-phones/apple-iphone-14-128-gb-fMS8AiDnxjOg3JhGJqCGHptg.html,4,2026-09-08T12:06:49.470382+00:00,individual,"Mobile ta fullfresh condition ,mobile e kono scach nei dag nai valo vabe dekhe nite parben box dewa hobe mobimobile nite hole savar ashte hobe"
Apple iPhone 12 Pro Max 256 GB Blue,53000,Used,"Dhaka, Farmgate",9 hours ago,https://bikroy.com/farmgate/mobile-phones/apple-iphone-12-pro-max-256-gb-blue-aRsLH1NamiWlxD0frAU1gy2G.html,2,2026-09-08T12:06:50.116337+00:00,individual,"Singapore Variant
256GB
10-day replacement guarantee
2-year service warranty
Fast and secure courier service across the country
Attractive exchange offers
Emon Gadget Point
Basement-1, Shop-84
Bashundhara City Shopping Mall"
Apple iPhone 15 Pro Max 256 GB Blue,92000,Used,"Dhaka, Uttara",6 hours ago,https://bikroy.com/uttara/mobile-phones/apple-iphone-15-pro-max-256-gb-blue-3nC8LTRIkcMpV8TT1JJkkCln.html,3,2026-09-08T12:06:50.864529+00:00,individual,"iPhone 15 Pro Max 
 Storage: 256GB
 Color: Blue Titanium 
 Variant: Dubai
 SIM: Physical SIM + eSIM
 Battery Health: 84%
 Condition: Pre-Owned
 6.7"" Super Retina XDR OLED | 120Hz
 Exchange Hub
 Shop No: 610, 611, 628 & 629, Level-6
Tropical Alauddin Tower, Sector 3, Road 2
Rajlaxmi, Uttara"
Apple iPhone 14 Pro Max 256 GB Purple,80000,Used,"Dhaka, Jamuna Future Park",3 hours ago,https://bikroy.com/jamuna-future-park/mobile-phones/apple-iphone-14-pro-max-256-gb-purple-dNEXy2edmMe18w3Yw9aL9vEt.html,5,2026-09-08T12:06:51.468225+00:00,individual,"iPhone 14 Pro Max– Best condition 
• 256 GB Storage • 
• Color: Deep Purple
• Singapure(1 eSIM+1 physical sim)
• Battery Health: [86%]
• Absolutely fresh, no issues
• Face ID, Camera, True Tone all 100% OK 
• Box/Charger: None
• Price: ৳80000

7 days replacement guarantee
(without display & software update issue)
3 years free service warranty"
Apple iPhone 15 Pro Max 256 GB White,96000,Used,"Dhaka, Mirpur",2 days ago,https://bikroy.com/mirpur/mobile-phones/apple-iphone-15-pro-max-256-gb-white-tVHTHd8H1iitmizISNuuXoyU.html,5,2026-09-08T12:06:52.257317+00:00,individual,"Battery Health: 93%
Storage: 256GB
Color: White
Condition: একদম ফ্রেশ
Authenticity: USA VARIENT
True Tone: 100% Functional
Face ID: 100% Functional
3u tools score 100%
Included:** Original Box"
Apple iPhone 13 Pro Max 256 GB Blue,50000,Used,"Dhaka, Mohammadpur",1 day ago,https://bikroy.com/mohammadpur/mobile-phones/apple-iphone-13-pro-max-256-gb-blue-dQMThVP2k9gZma3cI8F9r9Tl.html,5,2026-09-08T12:06:52.799574+00:00,individual,"All Box and Original (Display Has Green Tint) Noticible when dark or Brightness zero. True Tone Face id and everything working fine. 
Battery Health 76%"
Apple iPhone 14 128 GB Blue,53500,Used,"Dhaka, Dhanmondi",6 hours ago,https://bikroy.com/dhanmondi/mobile-phones/apple-iphone-14-128-gb-blue-w3OlY4Xr1JNSGD90kifdGFTa.html,5,2026-09-08T12:06:53.518275+00:00,individual,"iPhone 14 
128 GB
84% BH
Without box
Price :"
Apple iPhone 16e 128 GB Black,54990,Used,"Dhaka, Mohammadpur",5 hours ago,https://bikroy.com/mohammadpur/mobile-phones/apple-iphone-16e-128-gb-black-p4t32QFaRz0h0IbV0M4tkFqV.html,3,2026-09-08T12:06:54.251374+00:00,individual,"Apple iPhone 16e 128Gb Global
Physical Sim + eSIM 
Pre-Owned Device
Battery Health 100% cycle 43
Full Fresh Conditions 
Black Color 
 ৭দিনের রিপ্লেসমেন্ট ও ১বছরের সার্ভিস ওয়ারেন্টি
Reach Us
Phonomania
Shop No: 623, Level-6
Tokyo Square
Japan Garden City, Ring Road
Mohammadpur, 1207"
Apple iPhone 16 Pro Max 256 GB Black,103000,Used,"Dhaka, Gulshan",9 hours ago,https://bikroy.com/gulshan/mobile-phones/apple-iphone-16-pro-max-256-gb-black-iLADKrkmBEBCf6TgpvcL0CsT.html,3,2026-09-08T12:06:54.914416+00:00,individual,"Shop: Bangkok Tech
Location: Police Plaza, Gulshan 1, Dhaka.

★Iphone 16 Pro Max
Better √
Camera √
Display √
Sound √"
Apple iPhone 17 256 GB White,84999,Used,"Dhaka, Dhanmondi",02/09,https://bikroy.com/dhanmondi/mobile-phones/apple-iphone-17-256-gb-white-myOR9hhOwF6EW6kWPLmbdFF8.html,3,2026-09-08T12:06:55.565114+00:00,individual,"Indian varient!
BH:97%✅
Cash memo ache✅
Box/Cable nai
Location : Tangail/ Dhaka"
Apple iPhone 14 Pro 128 GB Purple,59500,Used,"Dhaka, Malibag",2 days ago,https://bikroy.com/malibag/mobile-phones/apple-iphone-14-pro-128-gb-purple-5XDnKNmU7wxoaATCyxwp5rxU.html,3,2026-09-08T12:06:56.165106+00:00,individual,"IPhone 14 Pro, 128GB। Battery Health 87%। ফোনটি ভালো কন্ডিশনে আছে এবং সবকিছু ঠিকঠাক কাজ করে ক্যাশ মেমো আছে। Box ও charger নেই।
ওয়াটস্যাপ নামবে"
Apple iPhone 15 128 GB Black,54500,Used,"Dhaka, Motijheel",16 hours ago,https://bikroy.com/motijheel/mobile-phones/apple-iphone-15-128-gb-black-fSs5FOvQ5eQZfbKM4BKfWr14.html,5,2026-09-08T12:06:56.562157+00:00,individual,"128gb
Authentic device
Water resistance 
Face id true tone ok
Health : 80% 
Cycle: 1070
Kono issue nai
50k fixed price!!!!
Only device and any kind of security paben
Location: Motijheel dhaka fokirapul ashte hobe"
Apple iPhone Air 256 GB Blue,100000,Used,"Dhaka, Uttara",6 hours ago,https://bikroy.com/uttara/mobile-phones/apple-iphone-air-256-gb-blue-cS55esJZbiGeQe3UlAhxyk4X.html,3,2026-09-08T12:06:57.167112+00:00,individual,"iPhone Air 256GB Sky Blue with Box. Dual eSIM. Battery Health 100%. Cycle count 20. 100% Original & Non-Refurbished Product. 7 Days Replacement & 1 Year Service Warranty. EMI Facility is also AVAILABLE. Contact Us: Exchange Hub, Shop No: 610, 611, 628 & 629, Level-6, Tropical Alauddin Tower, Sector 3, Road 2, Rajlaxmi, Uttara. Call for Details 017XXXXXXXX"
Apple iPhone 16 Pro 128 GB Black,87990,Used,"Dhaka, Uttara",3 hours ago,https://bikroy.com/uttara/mobile-phones/apple-iphone-16-pro-128-gb-black-dvzGMbirPUgKRdRerF9xFBrt.html,3,2026-09-08T12:06:57.866048+00:00,individual,"Western Mobile Fair
 # Shop No. 614/622/623/625 (Level #6) Tropical Alauddin Tower Uttara 
 Dear Honourable Coustomer 
 100% original device
 Full Factory unlock 
 EMI Available On . 31 Banks credit card. Thanks for being with us."
Apple iPhone 16 128 GB White,70000,Used,"Dhaka, Wari",9 hours ago,https://bikroy.com/wari/mobile-phones/apple-iphone-16-128-gb-white-kffSgp0Euqft5dGBFQQsfR0R.html,5,2026-09-08T12:06:58.652235+00:00,individual,"Box available
5 months use only 
92% BH 
fresh condition"
Apple iPhone 11 64 GB Black,25500,Used,Dhaka,04/09,https://bikroy.com/dhaka/mobile-phones/apple-iphone-11-64-gb-black-kuOKd4Iq9iKf46dixJBHn3vw.html,5,2026-09-08T12:06:59.363367+00:00,individual,"✅ Model: iPhone 11
✅ Storage: 64GB
✅ Variant: USA
✅ Battery Health: 77%
✅ Face ID: 100% ঠিক আছে
✅ সবকিছু Original
✅ Charger দেওয়া হবে
❌ Box নেই

ফোনটি খুব যত্নসহকারে ব্যবহার করা হয়েছে। ফোন কখনো খোলা হয়নি, তাই যারা Original ও Unopened iPhone খুঁজছেন তাদের জন্য ভালো হবে।
💰 Price: 25,500 fixed"
Apple iPhone 14 128 GB Purple,43500,Used,"Dhaka, Gulshan",1 day ago,https://bikroy.com/gulshan/mobile-phones/apple-iphone-14-128-gb-purple-d17GT0PEVAMHtHAn8DbcVaq0.html,4,2026-09-08T12:06:59.968380+00:00,individual,আপনি চাইলে আপনার অপছন্দের পুরাতন ফোনটা দিয়ে এক্সচেঞ্জ করে নিতে পারবেন।
Apple iPhone 12 128 GB,34999,Used,"Dhaka, Basundhara",6 hours ago,https://bikroy.com/basundhara/mobile-phones/apple-iphone-12-128-gb-6jIq9lnIlNpdmjfjqlCrYmUA.html,5,2026-09-08T12:07:00.399125+00:00,individual,"iPhone 12 128GB
Battery Health 87%
Full Boxed
Clean condition, smooth performance & premium feel — still a beast for daily use!
Visit Our Shop
Basement-2, Shop No: 94
Bashundhara City Shopping Complex
Panthapath, Dhaka 1215
You can easily find our shop on the left side after going down the escalator."
Apple iPhone 12 128 GB,28500,Used,"Dhaka, Banglamotor",3 hours ago,https://bikroy.com/banglamotor/mobile-phones/apple-iphone-12-128-gb-ATbbSD9K8QfEko1S8fzWSLWV.html,4,2026-09-08T12:07:01.008537+00:00,individual,Dhaka Hatirpool Motaleb Plaza shop number 592
Apple iPhone 12 64 GB Blue,25000,Used,"Dhaka, Uttara",02/09,https://bikroy.com/uttara/mobile-phones/apple-iphone-12-64-gb-blue-yLTdx5R8j6eDxudrQBwpWdJC.html,5,2026-09-08T12:07:01.517116+00:00,individual,"i Phone 12 
সেল পোস্ট 
বেটারি চেঞ্জ  
আর ফেস id নাই 
আর সবকিছু ফুল ওকে  
25k fixed  
শুধুমাত্র যাদের লাগবে তারা ইনবক্স  করুন"
Apple iPhone 11 128 GB Black,25000,Used,"Dhaka, Kamrangirchar",05/09,https://bikroy.com/kamrangirchar/mobile-phones/apple-iphone-11-128-gb-black-rMVTiIzyYZRsSBILULDSsPqp.html,5,2026-09-08T12:07:02.198676+00:00,individual,"আসসালামুআলাইকুম 
iphone 11 (128gb )
ফোন টি ফুল ফ্রেস কন্ডিশন কোন সমস্যা নাই।
ডিসপ্লে অরিজিনিয়াল।
ফেইস আইডি ওকে।
ট্রুটন ওকে।
বেটারি হেল্থ। ৭৬%
ফোনের সাথে সব ধরনের সিকিউরিটি দেওয়া যাবে।
ফোন টি একচেঞ্জ করতে পারবেন সুধু iphone এর সাথে ।
যারা নিবেন এখুনি যোগাযোগ করুন । ধন্যবাদ"
Apple iPhone 12 Pro Max 128 GB Blue,44500,Used,"Dhaka, Lalbag",21 hours ago,https://bikroy.com/lalbag/mobile-phones/apple-iphone-12-pro-max-128-gb-blue-8oQQBOgf1yO7F9sFdcZeLzZW.html,5,2026-09-08T12:07:02.652786+00:00,individual,"IPhone 12 pro max 128gb USA variant 
Full fresh 
Face id true tone ok 
Display original 
Battery health 100% (7/8h backup)(changed from ifxfast cost 4600 taka with 1 years guarantee) 
Only device and security 
All ok ase kono problem nai check kore niben
Exchange possible with high device"
Apple iPhone 11 128 GB Black,25000,Used,"Dhaka, Sutrapur",4 hours ago,https://bikroy.com/sutrapur/mobile-phones/apple-iphone-11-128-gb-black-rCHO687vRd1yUfeetqiYn4ZL.html,4,2026-09-08T12:07:03.163727+00:00,individual,I phone 11 128GB fresh condition nijer hate use kora phone kono dag ba scratch nai phone ekhono khola hoynai sob authentic ar bettary health 71% original bettary keu nite chaiale inbox
Apple iPhone 13 128 GB,37990,Used,"Dhaka, Shyamoli",2 hours ago,https://bikroy.com/shyamoli/mobile-phones/apple-iphone-13-128-gb-oUXEfM3yMLKLyNav7fOmzW1t.html,3,2026-09-08T12:07:03.766458+00:00,individual,"Apple -13
128 GB=37990/= Fixed Price

Our Address
Mobile Plaza
Shyamoli Tower Complex Market
2nd Floor, Shop No 13, 14
Shyamoli, Mohammadpur, Dhaka
Online Link
You can view and order
Download from Play Store
Mobile Plaza
Our Website
Facebook Page
Facebook/Mobil Plaza"
Apple iPhone 12 128 GB Green,35000,Used,"Dhaka, Eskaton",03/09,https://bikroy.com/eskaton/mobile-phones/apple-iphone-12-128-gb-green-hNZodoOUVVNID4X18WRzkZvI.html,4,2026-09-08T12:07:04.419140+00:00,individual,I have used this phone for 3 years and the internal condition is really good. The backshell was once cracked so I changed it. It’s all good starting from camera to other features. I am selling it off since I took a new phone.
Apple iPhone 11 Pro Max 64 GB Gray,26000,Used,"Dhaka, New Market, Dhaka",1 day ago,https://bikroy.com/new-market-dhaka/mobile-phones/apple-iphone-11-pro-max-64-gb-gray-m8z2mMupqrrPeZfFroUsTURI.html,3,2026-09-08T12:07:05.199704+00:00,individual,"Box +2pic cover+ cable 
Everything all ok 
Only display change
Battery 71% orginal
Price 26k fixed"
Apple iPhone 11 Pro 256 GB Black,34500,Used,"Dhaka, Mohammadpur",9 hours ago,https://bikroy.com/mohammadpur/mobile-phones/apple-iphone-11-pro-256-gb-black-dNZgpdst4x0e8W2unD1TSvfw.html,2,2026-09-08T12:07:05.809254+00:00,individual,"Iphone 11 Pro 256GB 92% Battery Health, Contact number -"
Apple iPhone 13 128 GB White,38990,Used,"Dhaka, Dhanmondi",3 hours ago,https://bikroy.com/dhanmondi/mobile-phones/apple-iphone-13-128-gb-white-fRF8WBlhOXOXtMfVaMKwBCDs.html,5,2026-09-08T12:07:06.219857+00:00,individual,"Visit our showroom directly:

KMS MOBILE SHOP 
Metro Shopping Mall
Shop No- 419 (4th Floor)
Dhanmondi 32 Bus Stand, Mirpur Road."
Apple iPhone 12 Mini 128 GB,23500,Used,"Dhaka, Jatrabari",1 hour ago,https://bikroy.com/jatrabari/mobile-phones/apple-iphone-12-mini-128-gb-rKT3QSBrowUAZUxA0lV7BZ2Z.html,4,2026-09-08T12:07:06.665864+00:00,individual,"IPhone 12 Mini (128) full fresh condition 
76% battery health.
Location: Dhaka jurain bikrampur plaza.level-3.Shop-42 
Call.WhatsApp 019XXXXXXXX"
Xiaomi Redmi Note 13 Pro+ 256 GB,26000,Used,"Chattogram, Hathazari",20/08,https://bikroy.com/hathazari/mobile-phones/xiaomi-redmi-note-13-pro-256-gb-pJCTei16p7w2brwBTlzT8GIR.html,5,2026-09-08T12:07:16.817972+00:00,individual,"The phone is in completely fresh condition.
Looks completely like new.
Works 100% properly.
RAM: 8GB
ROM: 256GB
Display: 1.5K AMOLED 120Hz
Camera: 200MP OIS
Battery: 5000mAh
Charging: 120W
Network: 5G
No scratches
No problems
Phone has never been opened/repaired
Asking price: 29,000 Taka
Price is negotiable. Do not offer unreasonably low prices."
Xiaomi Redmi Note 14 Pro 128 GB Black,25000,Used,"Chattogram, Mirsharai",02/09,https://bikroy.com/mirsharai/mobile-phones/xiaomi-redmi-note-14-pro-128-gb-black-rXmH2KA22P2ezM6qdQfkdidH.html,4,2026-09-08T12:07:17.473121+00:00,individual,"Purchased from Dazzel, still under replacement warranty. It is still like new. You will get everything just like a brand new mobile."
Xiaomi Redmi Note 13 Pro+ 256 GB Black,26000,Used,"Chattogram, Khulshi",31/08,https://bikroy.com/khulshi/mobile-phones/xiaomi-redmi-note-13-pro-256-gb-black-VKAmVpljP9od9lam5Y4eKxo.html,4,2026-09-08T12:07:26.815246+00:00,individual,"The mobile has no problems at all, completely fresh. Location: you have to come and see it. I need money urgently, so I am selling it. The mobile is completely fresh with no problems. Contact Number 013XXXXXXXX"
New Xiaomi Redmi 17 128 GB Green,24999,Brand New,"Chattogram, Agrabad",6 hours ago,https://bikroy.com/agrabad/mobile-phones/new-xiaomi-redmi-17-128-gb-green-oWRkTTLmGY0tYJ4QOUTKm8wD.html,3,2026-09-08T12:07:27.420755+00:00,individual,"Stay with us by liking & following our page to get updates on any product prices. Our page link –
** Call or message us on WhatsApp at the number provided on Bikroy to buy a phone on instalment.
_____________________________________
Address:
Shop-537, Level-5
Akhtaruzzaman Center,
Agrabad, Chittagong."
Xiaomi Redmi Note 14 Pro+ 5G 512 GB Blue,32000,Used,"Chattogram, Anwara",1 day ago,https://bikroy.com/anwara/mobile-phones/xiaomi-redmi-note-14-pro-5g-512-gb-blue-zFIYz1SmCh8vRkC6D9Az0i3K.html,5,2026-09-08T12:07:28.101701+00:00,individual,"Redmi Note 14 Pro+ 5G
RAM: 12GB
Storage: 512GB
Battery: 5110 mAh
Battery Health: 99%
Battery Cycle Count: 238
Phone first opened: August 2025
Phone is in full fresh condition
Comes with Cash Memo & Charger"
OnePlus 9RT 5G 128 GB Black,20001,Used,"Chattogram, Sitakunda",11/05,https://bikroy.com/sitakunda/mobile-phones/oneplus-9rt-5g-128-gb-black-v9NqpLY480vrOZOvenoQP1aP.html,2,2026-09-08T12:07:31.858331+00:00,individual,Includes box and charger. No green line issue. Fresh condition.
OnePlus 11 R 8/128 (Used),25000,Used,"Rajshahi, Godagari",30/04,https://bikroy.com/godagari/mobile-phones/oneplus-11-r-8-128-used-6xKaf52KOGvsHGmrpLL7Ped5.html,4,2026-09-08T12:07:33.223400+00:00,individual,"Model: OnePlus 11r 8/128 variant. Bought on the first day of Ramadan, the phone is completely fresh. Feel free to check it as much as you want, there are no issues. Selling because I am shifting to iPhone. The back looks a bit worn due to the back poly, you can remove the poly to check. Exchange not available. You will get the memo with the phone (charger available for an extra cost). If you want to buy, please message or call directly. Show more"
Samsung Galaxy S23 Ultra 256 GB Green,55000,Used,"Dhaka, Dhanmondi",14/08,https://bikroy.com/dhanmondi/mobile-phones/samsung-galaxy-s23-ultra-256-gb-green-coyIy0aoTyRpGLbeFchnEk26.html,5,2026-09-08T12:07:35.102644+00:00,individual,"Phone full fresh. No issue. Nothing changed. Green colour. USA variant. Official device.
Phone will have poly on. And good quality protector attached. Price only 55000.
8gb ram.
256 gb rom.
Extra payment required if you want Samsung original charger and back cover."
Apple iPhone 14 Pro Max 256 GB Purple,67000,Used,"Dhaka, Uttara",18/08,https://bikroy.com/uttara/mobile-phones/apple-iphone-14-pro-max-256-gb-purple-9YlfSQtiazmGp7tZJ6UkGjzY.html,3,2026-09-08T12:07:35.613231+00:00,individual,"The phone is completely fresh. Everything is original, nothing has been changed. Phone number 018XXXXXXXX"
Xiaomi 12 256 GB Gray,20000,Used,"Chattogram, Patenga",1 day ago,https://bikroy.com/patenga/mobile-phones/xiaomi-12-256-gb-gray-pixU1w8cidurZGeDqKQKbnFb.html,3,2026-09-08T12:07:37.047107+00:00,individual,"কোন ধরনের সমস্যা নাই 
অল ওকে 
 সাথে চার্জার দোকানের কেশ মেমো
এনআইডি কার্ড পাবেন"
Xiaomi Redmi Note 15 128 GB Blue,22000,Used,"Chattogram, Agrabad",03/09,https://bikroy.com/agrabad/mobile-phones/xiaomi-redmi-note-15-128-gb-blue-92YZtQ12zDYmG06uBiAth7gb.html,3,2026-09-08T12:07:37.561752+00:00,individual,"REDMI NOTE 15
6/128
2 MONTH USED"
New Xiaomi Redmi Note 14 Pro 256 GB,22000,Brand New,"Chattogram, Alankar",04/09,https://bikroy.com/alankar/mobile-phones/new-xiaomi-redmi-note-14-pro-256-gb-zKIjIAsLDKMZ3FxQQlwc8JR6.html,3,2026-09-08T12:07:38.265638+00:00,individual,uses পাঁচ মাস কোন সমস্যা নেই বক্স চার্জার সবকিছু আছে
Xiaomi Redmi Note 13 256 GB Black,17000,Used,"Rajshahi, Kadirgonj",9 hours ago,https://bikroy.com/kadirgonj/mobile-phones/xiaomi-redmi-note-13-256-gb-black-6qDJ9xPEfJza9Ok3d6Aormz2.html,5,2026-09-08T12:07:39.417902+00:00,individual,"Assalamu Alaikum Warahmatullahi Wabarakatuh
Fresh condition
Box: Only Device
Cash Memo: Available
Replacement Guarantee: Up to 7 days (subject to conditions)
Location: Rajshahi Kadirganj Chalpotti, beside Large Farmer, behind Shopnochura Plaza, Nagar Bhaban.
Shop No: 123 - Ground Floor beside lift
Shop Name: Rajshahi Mobile Bari 019XXXXXXXX"
OnePlus 13 256 GB White,64000,Used,"Dhaka, Jamuna Future Park",6 hours ago,https://bikroy.com/jamuna-future-park/mobile-phones/oneplus-13-256-gb-white-BkTZCMuWOuKcH8aMUrlfJ8Pz.html,3,2026-09-08T12:07:41.209134+00:00,individual,"OnePlus 13 Global
12GB 256GB
Full Fresh condition

 Paramount Gadget
Jamuna Future Park Shopping Mall
Level 4, Shop No: 006C"
OnePlus Ace 256 GB,49500,Used,"Dhaka, Jatrabari",6 hours ago,https://bikroy.com/jatrabari/mobile-phones/oneplus-ace-256-gb-mxUPjYKvLcgpem6iFgNqglGr.html,5,2026-09-08T12:07:41.769425+00:00,individual,"Oneplus ACE 6T (12-256) full fresh condition
73 charging cycle 
Box memo available
Location: Dhaka jurain bikrampur Plaza.Level-3.Shop-42
Call.WhatsApp 019XXXXXXXX"
OnePlus 13s 256 GB Green,58000,Used,"Dhaka, Dhanmondi",6 hours ago,https://bikroy.com/dhanmondi/mobile-phones/oneplus-13s-256-gb-green-fXBFMIuV0Ho6XUuWnUKhjMz9.html,5,2026-09-08T12:07:42.465785+00:00,individual,"Used conditions 
Phone all ok"
OnePlus 10R 128 GB Black,19490,Used,"Dhaka, Mirpur",6 hours ago,https://bikroy.com/mirpur/mobile-phones/oneplus-10r-128-gb-black-tQ8Ab3quw14wKuZgXFOzCffX.html,4,2026-09-08T12:07:43.172862+00:00,individual,">Adiba Telecom >
Shop No: 34, 3rd Floor, Baghdad Shopping Complex, Mirpur- 1, Dhaka- 1216... 
The phone is 100% genuine and we offer a 7-day replacement guarantee and a 1-year free service warranty. (Without Parts)
Free courier charge all over Bangladesh
Exchange offer. Discount price.
Best camera phone"
Nothing Phone 1 256 GB Black,25500,Used,"Dhaka, Mirpur",03/09,https://bikroy.com/mirpur/mobile-phones/nothing-phone-1-256-gb-black-CwAhkgDv1VBe3EaoohR0VR3c.html,5,2026-09-08T12:07:44.406663+00:00,individual,১২/২৫৬ অফিসিয়াল ভেরিয়েন্ট। ফোনে কোনো সিঙ্গেল প্রবলেম নাই। ব্যাক পলি না থাকায় কভারের কারনে সাইডে সামান্য স্ক্র্যাচ আছে। সাথে অরিজিনাল IMEI বক্স পাবেন। আর্জেন্ট টাকার দরকার তাই সেল দিচ্ছি। প্রাইস ফিক্সড। আসলে সামান্য কিছু সম্মান করা হবে।
Nothing Phone 3a Pro 256 GB Black,37000,Used,"Dhaka, Savar",01/09,https://bikroy.com/savar/mobile-phones/nothing-phone-3a-pro-256-gb-black-kod7k6GkXQHGOneus3f2wNnJ.html,5,2026-09-08T12:07:45.125143+00:00,individual,"Phone is completely authentic
No repair history
Price almost fixed"
Nothing Phone 1 128 GB Black,26990,Used,"Dhaka, Mirpur",3 hours ago,https://bikroy.com/mirpur/mobile-phones/nothing-phone-1-128-gb-black-greqJYspfBKwcvQiZxvTmYnv.html,5,2026-09-08T12:07:45.820632+00:00,individual,"★ Address :- > Nahar Electronics < 
Shop No: 30, 3rd Floor, Baghdad Shopping Complex,
Mirpur- 1, Dhaka- 1216.
(Only Phone/Without Box)
(You will get only the phone, no box included)
★Model:-Nothing Phone 1

★Ram:- 8GB

★Rom:- 128GB

★Back Camera:- 50+50MP

★Front Camera:- 16MP

★Battery:- 4500 Mah"
OnePlus 13R 512 GB White,41999,Used,"Dhaka, Uttara",1 day ago,https://bikroy.com/uttara/mobile-phones/oneplus-13r-512-gb-white-BrTHnBX6q427V2iRFosYQDSK.html,5,2026-09-08T12:07:46.817171+00:00,individual,"One plus 13r
 One of the best phone
Chipset: snapdragon 8 gen 3 flagship processor 
Ram: 16/ rom 512
Jara niben only tarai knock diben
Box nai tobe charger dewa jabe."
OnePlus Nord 4 128 GB Black,26999,Used,"Dhaka, Khilgaon",6 hours ago,https://bikroy.com/khilgaon/mobile-phones/oneplus-nord-4-128-gb-black-BrNYnloEslj8zRsdkxMECiBC.html,3,2026-09-08T12:07:47.171159+00:00,individual,"Assalamu alaikum.
Greetings from ""Mobo Live Bd"". 

Black
Full Factory unlock
100% original device 
Dear Honourable Customer,
Now you can purchase with EMI of 21 banks credit card. Thanks for being with us."
Xiaomi Poco F3 128 GB Black,15000,Used,"Rajshahi, Shaheb Bazar",30/08,https://bikroy.com/shaheb-bazar/mobile-phones/xiaomi-poco-f3-128-gb-black-a5VWRW9xjYPk6q1SXUYWAWRR.html,4,2026-09-08T12:07:47.913012+00:00,individual,"৮/১২৮
ফোনটি ইন্ডিয়ান ফোন, ফোনে কোন সমস্যা নাই শুধু ব্যাটারি ব্যাকআপ একটু কম দেয়, এবং অল ওকে গেমিং ফোন, 
অফার মূল্যে ছেড়ে দেবো"
Xiaomi Poco M6 Pro 128 GB Silver,15499,Used,"Rajshahi, Vodra",6 hours ago,https://bikroy.com/vodra/mobile-phones/xiaomi-poco-m6-pro-128-gb-silver-Cpvn7wzDNDaOVQ4amJgl2F15.html,4,2026-09-08T12:07:48.466998+00:00,individual,"Limited stock – First come, first served!

Our Address: Baneshwar Shibpur Hat, Puthia, Rajshahi 
100% Trust
Right price, right product
FAHIM mobile zone, your trusted mobile shop"
Apple iPhone 12 Pro Max 256 GB Blue,32000,Used,Rajshahi,18/08,https://bikroy.com/rajshahi/mobile-phones/apple-iphone-12-pro-max-256-gb-blue-sncusjFJgITDJgNB1v0Ns0Ib.html,3,2026-09-08T12:07:49.214697+00:00,individual,"iPhone 12 Pro Max is fresh. 
Bypass device 
Everything is original, nothing has been changed."
Apple iPhone 11 64 GB White,21500,Used,"Rajshahi, Bagmara",09/08,https://bikroy.com/bagmara/mobile-phones/apple-iphone-11-64-gb-white-dO1528mdIrxkkOyisFaNKXti.html,5,2026-09-08T12:07:49.703195+00:00,individual,"Super fresh condition
No problems in the phone at all
Only battery and display changed... Very good quality battery installed, gives 7 to 8 hours backup,,
Nothing to say about the camera... Both cameras are masha-allah ""absolute fire""
You will get NID card as security.
Inbox if you want to know anything else"
Apple iPhone 13 128 GB Blue,37000,Used,"Rajshahi, Shaheb Bazar",11/06,https://bikroy.com/shaheb-bazar/mobile-phones/apple-iphone-13-128-gb-blue-44knIDJqZjh32YoArBHDOb3C.html,5,2026-09-08T12:07:50.465652+00:00,individual,"128GB Blue variant. Only phone, nothing else. Used for around 2 years. For security, I can provide my information. Battery health 76%, True Tone, Face ID, genuine waterproof, never opened. Message me for more information."
Apple iPhone 15 128 GB White,55000,Used,"Dhaka, Uttara",17/08,https://bikroy.com/uttara/mobile-phones/apple-iphone-15-128-gb-white-hiQP7MKeFe5g5uycAuH03k9d.html,3,2026-09-08T12:07:50.999859+00:00,individual,"iPhone 15 / 128 GB storage
Nothing has been changed, all original -
Battery 84% (real)
Original display (full fresh)
No scratches, completely fresh
Must come to the location to buy - (Uttarkhan Mazar)"
New Nothing Phone 2 256 GB White,39990,Brand New,"Dhaka, Uttara",02/09,https://bikroy.com/uttara/mobile-phones/new-nothing-phone-2-256-gb-white-3cbSLfBhi67ikmBQqgB6qPm6.html,5,2026-09-08T12:07:51.667574+00:00,individual,"Nothing phone 2
 12/ 256 GB, white
Never used ( Shop Display product )"
Nothing Phone 4a Pro 128 GB Gray,50000,Used,"Dhaka, Savar",20/08,https://bikroy.com/savar/mobile-phones/nothing-phone-4a-pro-128-gb-gray-nvGl50ubrX0B0L7XGttjb39p.html,4,2026-09-08T12:07:52.403850+00:00,individual,"There are no issues with the phone, it's completely like new, used for two months, papers and box are all included along with just the cable that came with the phone. Check it as much as you like, there are no scratches or problems."
Nothing Phone 3a Lite 256 GB White,32500,Used,"Dhaka, Dhanmondi",9 hours ago,https://bikroy.com/dhanmondi/mobile-phones/nothing-phone-3a-lite-256-gb-white-8oRRaGzAtl88LE1tmjvPN9vO.html,3,2026-09-08T12:07:53.072800+00:00,individual,"""Welcome to ""Al Aqsa Mobile"" 
 Reach us___________________ 
 *Al Aqsa Mobile*
 Shop No-449 ,Lift -3, Orchard Point, Dhanmondi 7, Dhaka-1209
 Model : 3a lite
 RAM : 8 
 ROM : 256
 Price Fixed"
OnePlus 11 R (Used),27000,Used,Rajshahi,30/04,https://bikroy.com/rajshahi/mobile-phones/oneplus-11-r-used-89RycEg7jLtitykMFWywQHL0.html,4,2026-09-08T12:07:53.713789+00:00,individual,"16+256 GB. Device only. Price: 27,500."
OnePlus 12 16-512 (Used),58000,Used,"Chattogram, New Market, Chattogram",23/04,https://bikroy.com/new-market/mobile-phones/oneplus-12-16-512-used-kGUDTx3TAovuBpVYTZncV2Kq.html,4,2026-09-08T12:07:54.422907+00:00,individual,"RAM: 16 GB
Storage: 512 GB
The phone has no issues, with only very minor scratches. It was officially purchased from India. You will get the original charger and a cover with it. Any security you require can be provided.
Location: Dhaka, New Market area"
OnePlus 11R (Used),24500,Used,"Chattogram, Agrabad",29/04,https://bikroy.com/agrabad/mobile-phones/oneplus-11-r-good-used-zBUjOBzxiHlSAjDDx3wnSnLn.html,5,2026-09-08T12:07:55.056756+00:00,individual,"Assalamu Alaikum. Please read carefully before messaging. OnePlus 11R 8/128GB (Full gaming phone). Processor: Snapdragon® 8+ Gen 1. Battery: 5000mAh. Camera: Excellent. If you are unfamiliar with this phone, please check reviews on YouTube. Condition: The phone has some minor wear. There are scratches on the camera glass as shown in the photos. There are also some minor scratches on the display. Generally, all second-hand phones have some minor wear. Only the phone and cash memo will be provided. Price: 24.5k. Please do not message if your budget is below 20k. Location: Agrabad. Show more"
OnePlus 15R 512 GB Black,55000,Used,"Dhaka, Mirpur",30/08,https://bikroy.com/mirpur/mobile-phones/oneplus-15r-512-gb-black-xtZXPjtbdfjG3i1i5atQoGLq.html,5,2026-09-08T12:07:55.616110+00:00,individual,"• হালকা কিছু rash/ব্যবহারের দাগ আছে
• সবসময় cover ব্যবহার করা হয়েছে
• Overall very good condition
📦 Original 65W OnePlus Genuine Adapter Included ⚡
🧾 Purchase: Jamuna Future Park
✅ Original Purchase Invoice Available
📍 Location: Mirpur, Kazipara
💎 Premium Device • Genuine Invoice • Genuine Adapter"
OnePlus 13 256 GB White,90000,Used,"Dhaka, Tejgaon",1 day ago,https://bikroy.com/tejgaon/mobile-phones/oneplus-13-256-gb-white-yFMgj3s1aLGL6DoCtZoZRm7U.html,5,2026-09-08T12:07:56.065460+00:00,individual,"1.Oneplus 13 5g 
12/256 indian global
Battery-99%
With 4 Case.
Super fresh condition, no dent,no scratch 
2.50w wireless charger
3.Oneplus buds 4 (warranty available) 
4.65w warp charger (Europe edition)
5.100cm cable type [c-c]
6.Ex 3pro 36w Cooler. 
7.100w supervoc dual ports power adepter 
8 150cm cable type [c-c]
9.200cm cable type [c- usb]"
OnePlus 12 256 GB White,48000,Used,"Dhaka, Jatrabari",27/08,https://bikroy.com/jatrabari/mobile-phones/oneplus-12-256-gb-white-wRtAxgajARomgP3GvxHAMCbT.html,3,2026-09-08T12:07:56.805869+00:00,individual,One plus 12 full white is up for sale. No dent or scratch. Fully fresh. Original box will be provided.
OnePlus 10T 128 GB Black,32000,Used,"Dhaka, Dhaka Uddan",26/08,https://bikroy.com/dhaka-uddan/mobile-phones/oneplus-10t-128-gb-black-6i1YRHlv4b5jTAq5U7zRFTZz.html,3,2026-09-08T12:07:57.315201+00:00,individual,"OnePlus 10T used 1year.
Come from USA."
OnePlus 9RT 5G 128 GB Black,22999,Used,"Dhaka, Bosila",3 hours ago,https://bikroy.com/bosila/mobile-phones/oneplus-9rt-5g-128-gb-black-5p4EVP9iiDfWh2mTMIZ48DS7.html,5,2026-09-08T12:07:57.752980+00:00,individual,"OnePlus 9RT for sale. 8/128GB. Includes 65W original charger and Snapdragon 888 processor. Guaranteed no green line issues. Original display and back shell. Never opened. Amazing camera quality. Get one full day of battery backup with normal use. Box was lost during house shifting, but I can provide a cash memo and NID copy. Feel free to make an offer."
OnePlus Ace 2V 256 GB Gray,25000,Used,"Dhaka, Motijheel",01/09,https://bikroy.com/motijheel/mobile-phones/oneplus-ace-2v-256-gb-gray-18BJKBqQX7HzG2IVeOA7N6cr.html,4,2026-09-08T12:07:58.115133+00:00,individual,"ফোন এখনো পর্যন্ত খোলা হয় নাই। একদম নতুন আছে সামনে পিছনে full fresh আছে শুধু কভার ব্যবহার করার জন্য সাইটে হালকা দাগ আছে। gaming এর জন্য বেষ্ট একটা ফোন . সাথে ৬৫ charger আছে শুধু . বিপদে পড়ে বেচতাছি ফোন এ কোন সমস্যা নাই।
Prosesor.. Diamondcity 9000
Ram..12+12
Rom... 256"
Xiaomi Redmi Pro 256 GB White,27000,Used,"Rajshahi, Rajpara",18/06,https://bikroy.com/rajpara/mobile-phones/xiaomi-redmi-pro-256-gb-white-Bw1sSRFHoy0O4w2jQtjiuNpz.html,2,2026-09-08T12:07:58.652059+00:00,individual,"Redmi K40 Gaming (White/12-256GB)
 Dimensity 1200 | 120Hz OLED | 5065mAh
• Condition: Fresh (no scratches/dents or internal issues).
• Gaming: Pop-up triggers are 100% working. PUBG, Free Fire, COD run smoothly.
• Included: Back cover."
Xiaomi Redmi Note 14 Pro+ 5G 256 GB Black,27000,Used,"Rajshahi, Tanore",24/05,https://bikroy.com/tanore/mobile-phones/xiaomi-redmi-note-14-pro-5g-256-gb-black-5fnQOuVj3YtLyJXH5iQXmftc.html,2,2026-09-08T12:07:59.271880+00:00,individual,Feel free to inspect it as much as you like before buying.
Xiaomi Redmi Note 13 Pro 256 GB Black,27000,Used,"Rajshahi, Court Station",04/06,https://bikroy.com/court-station/mobile-phones/xiaomi-redmi-note-13-pro-256-gb-black-4aXe4AhdhsgxM4Va4x6SxW1q.html,5,2026-09-08T12:07:59.872202+00:00,individual,Full fresh... box and charger all included... phone is like new...
Xiaomi Redmi Note 15 256 GB Pink,26500,Used,"Rajshahi, Shaheb Bazar",01/09,https://bikroy.com/shaheb-bazar/mobile-phones/xiaomi-redmi-note-15-256-gb-pink-5INoIaNdEW2PXZro8lUZntzn.html,5,2026-09-08T12:08:00.525390+00:00,individual,"Phone bought 2 months ago, box and charger all available,, selling because I need money, 26,500 fixed price"
New Xiaomi Redmi Note 15 128 GB Black,23000,Brand New,"Rajshahi, Uposahar",2 days ago,https://bikroy.com/uposahar/mobile-phones/new-xiaomi-redmi-note-15-128-gb-black-sE5eBuoe2YvTVkriTQ28Q5Go.html,4,2026-09-08T12:08:00.975690+00:00,individual,"The phone is in full fresh condition. Used for 3 months. Selling because a new phone will be bought. Official phone, mobile box, mobile charger all available."
Google Pixel 7 Pro 128 GB Black,34500,Used,"Rajshahi, Shaheb Bazar",14/07,https://bikroy.com/shaheb-bazar/mobile-phones/google-pixel-7-pro-128-gb-black-r7T4dlOZLvqxcwtr8EwCQj2c.html,5,2026-09-08T12:08:01.458885+00:00,individual,"Box, cash memo, OTG, everything is available.
Full authentic, nothing has been changed."
Nothing Phone 2a 8/256 (Used),25000,Used,Rajshahi,30/04,https://bikroy.com/rajshahi/mobile-phones/nothing-phone-2a-8-256-used-8Qx9oov6snBaiX0MTWZAKAkL.html,5,2026-09-08T12:08:01.865692+00:00,individual,"It is 95% fresh with a minor dent on the body. Only the phone and NID copy will be provided. Serious buyers only, please message."
iQOO 256 GB Rose Gold,32000,Used,"Rajshahi, Vodra",21/08,https://bikroy.com/vodra/mobile-phones/iqoo-256-gb-rose-gold-dCaGHqAQVr1WlDUbfaXOkdJK.html,4,2026-09-08T12:08:02.524856+00:00,individual,Iqoo neo 10 8-256 has 3 month warranty. Indian border cross phone. The phone has no kind of problem. Nothing is changed.
New Nothing Phone 3a Pro 256 GB Black,39000,Brand New,"Rajshahi, Kadirgonj",20/08,https://bikroy.com/kadirgonj/mobile-phones/new-nothing-phone-3a-pro-256-gb-black-64QA5WwklUlaWST2fRb6V1no.html,3,2026-09-08T12:08:03.248448+00:00,individual,"Nothing 3A pro... 12/256
All authentic waterproof
Showroom conditions"
Apple iPhone 12 Pro 256 GB Black,40000,Used,Rajshahi,06/06,https://bikroy.com/rajshahi/mobile-phones/apple-iphone-12-pro-256-gb-black-BRRJ8qHAqnozhKqwiBcscJpj.html,5,2026-09-08T12:08:04.065703+00:00,individual,"Phone 12 Pro (256GB). USA variant. Battery 78% original. Display original. Physical Sim 1, Esim 1. Face ID and True Tone are working. Price: 40,000 BDT. Call only if you are a real buyer; please don't message or call unnecessarily. The phone is fully authentic and nothing has been changed."
Apple iPhone 13 128 GB Blue,40000,Used,Rajshahi,04/08,https://bikroy.com/rajshahi/mobile-phones/apple-iphone-13-128-gb-blue-38KaikAAWbDBGUKSTuahA2zs.html,5,2026-09-08T12:08:04.499562+00:00,individual,"Nothing has been changed, everything is original, no scratches."
Nothing Phone 1 256 GB White,25000,Used,"Rajshahi, Motihar",03/05,https://bikroy.com/motihar/mobile-phones/nothing-phone-1-256-gb-white-uKGI5jFyaWLFhlpXPK8uIc79.html,3,2026-09-08T12:08:05.067745+00:00,individual,"The phone is in fresh condition, just like new, with no problems. I don't have the box as the memo was lost, but I have the charger. I will provide whatever you need for security. If you want to buy it, please message or call me. If you are not interested, please do not message and cause confusion."
Google Pixel 7 128 GB Green,30000,Used,"Rajshahi, Shaheb Bazar",04/09,https://bikroy.com/shaheb-bazar/mobile-phones/google-pixel-7-128-gb-green-d6hLAJdF9EAvohUgqi5NX1sG.html,5,2026-09-08T12:08:05.718870+00:00,individual,"Only Exchange with Samsung Galaxy S23 FE/ Nothing CMF 2 PRO/ Iphone 12/ Honor 200/ Redmi Turbo 4 Pro

Pixel 7 
8/128
Box+ Cash Memo Available 
Full Fresh Phone 
All Parts Original No Repair or Service History"
Nothing Phone 1 128 GB Black,21000,Used,"Rajshahi, Motihar",03/09,https://bikroy.com/motihar/mobile-phones/nothing-phone-1-128-gb-black-cTZ0mAvrIki5s14RX77K8h5F.html,5,2026-09-08T12:08:06.214581+00:00,individual,"The phone is very beautiful to look at and a lot of fun to use. The phone is completely made of glass, and when you get a call, the lights on the back light up, making it look very nice, almost like new."
Vivo V30e 128 GB Black,26000,Used,"Rajshahi, Kazla",26/06,https://bikroy.com/kazla/mobile-phones/vivo-v30e-128-gb-black-mHxyMeJ5IHyP94Imxd6n1M1M.html,3,2026-09-08T12:08:06.801173+00:00,individual,"Sell Post
Vivo v30e
RAM: 8/128
Processor: Snapdragon 6gen1
Display: Curved 120hz refresh rate
★Only the back cover is provided with the phone, nothing else.
NID card will be provided.
Location: Binodpur/Rajshahi University"
Nothing Phone 1 128 GB Black,22000,Used,"Rajshahi, Boalia",19/07,https://bikroy.com/boalia/mobile-phones/nothing-phone-1-128-gb-black-x48lq8d6pPsxusgm0p5cSE5T.html,3,2026-09-08T12:08:07.450424+00:00,individual,"Nothing Phone 1 mobile. Everything is okay, no problems, you can check it yourself. The phone gives very good and beautiful backup. It is a water-resistant phone. If you want to see it, come to the location. Only the phone will be given."
Google Pixel 8 128 GB Gray,21700,Used,"Rajshahi, Uposahar",28/08,https://bikroy.com/uposahar/mobile-phones/google-pixel-8-128-gb-gray-tYRaSLBmfDbz7RlEtNT1Hcdu.html,5,2026-09-08T12:08:08.062876+00:00,individual,"Pixel 8 8/128 Display changed and not properly working display.
display change korle all okay tachara bindu matro problem nai.
Camera Battery Excellent no overwhelming issues.
Only need to change the display.
Exchange possible with nothing and samsung.
only phone & security NID."
Nothing Phone 3a 256 GB Black,30500,Used,"Rajshahi, Shah Makhdum",15/08,https://bikroy.com/shah-makhdum/mobile-phones/nothing-phone-3a-256-gb-black-3A7BBH5MD457gPA40bKJhLri.html,5,2026-09-08T12:08:08.664278+00:00,individual,"Full Fresh Condition just like new, used for a very few days, matte poly applied, selling because I will buy another phone. Price almost fixed ()"
Nothing Phone 2a 256 GB Black,24500,Used,"Rajshahi, Shah Makhdum",26/08,https://bikroy.com/shah-makhdum/mobile-phones/nothing-phone-2a-256-gb-black-rgfe2x3MUZKDUrHdTmUsag1D.html,5,2026-09-08T12:08:09.300817+00:00,individual,"ইউজের কারনে বডিতে ছোটখাটো দাগ আছে, কিন্তু ভিতরে সব ওকে,পলি করা আছে,  পারফরম্যান্স ও ব্যাটারি ব্যাকআপ অনেক ভালো।  ইন্ডিয়ান ফোন তাই সাথে কোন বক্স নেই। ক্যামেরা টাও জোস"
New Apple iPhone 16 128 GB Pink,86000,Brand New,"Pabna, Pabna Sadar",03/09,https://bikroy.com/pabna-sadar/mobile-phones/new-apple-iphone-16-128-gb-pink-nVrHH2k8TBxAIIQVsCbB8Zg.html,5,2026-09-08T12:08:09.864908+00:00,individual,"iPhone 16 pink Color🩷 No issues, Not a single dent ❌ 
Battery 100 💯 
Cycle count 78
Nothing change 
New phone 
Camera wow❤️‍🔥
Box cable available 
Warranty ache ekhono

Family problem tai emergency sell dibo🙏🏻"
Apple iPhone 14 Pro 128 GB White,65000,Used,"Shariatpur, Naria",18/08,https://bikroy.com/naria/mobile-phones/apple-iphone-14-pro-128-gb-white-dN4xvnGCb0PLhisggwZkOdhe.html,4,2026-09-08T12:08:10.414642+00:00,individual,"There are no problems with the phone, it comes with a cash memo and nothing else. There is no box, charger, or cable. There are no issues with the mobile, please check and test it before taking. Battery health is 82%."
Apple iPhone 12 Pro Max 128 GB White,65000,Used,"Jashore, Jashore Sadar",02/09,https://bikroy.com/jessore-sadar/mobile-phones/apple-iphone-12-pro-max-128-gb-white-B0tWLB1hXk7foXcjNQ77AU5N.html,5,2026-09-08T12:08:11.058288+00:00,individual,"This is my personal phone sent from America. The battery has been replaced. There is no box as it got ruined. There are no police issues whatsoever. The price can be reduced a little bit, but nothing unreasonable. You can call me to know the rest. 
Special Note: Please no media personnel call me."
Apple iPhone 16 Pro Max 256 GB Gold,107000,Used,"Mymensingh, Muktagacha",2 days ago,https://bikroy.com/muktagacha/mobile-phones/apple-iphone-16-pro-max-256-gb-gold-bxQPu6lMhToUBqshc8NxUvPI.html,3,2026-09-08T12:08:11.673360+00:00,individual,"Apple 16 pro max japan veriant
100% aruthentic phone nothing change any parts
91% BH.cylce count.650.
full box with memo provied kra hbe
location. muktagacha aste hbe"
Samsung Galaxy S24 Ultra 256 GB Gray,75000,Used,"Cox's Bazar, Chakaria",6 hours ago,https://bikroy.com/chakaria/mobile-phones/samsung-galaxy-s24-ultra-256-gb-gray-6olER8mGvJrjTIBuldtA9qiU.html,3,2026-09-08T12:08:12.417715+00:00,individual,"Fresh condition, nothing scratches. Never fall down.
With original box."
Apple iPhone 13 Pro Max 512 GB Gray,65000,Used,"Kishoreganj, Bhairab",12/08,https://bikroy.com/bhairab/mobile-phones/apple-iphone-13-pro-max-512-gb-gray-xAV8I8f2yiUSQsmOGGmKzjse.html,5,2026-09-08T12:08:13.262066+00:00,individual,"Alhamdulillah, the phone is totally a new phone. Brought from Japan a year ago out of hobby, but wasn't used much. That is why when the battery health was at 85, it is still at 85.
The phone is totally new in one word, not a single scratch or dent.
*Original fittings, nothing has been opened or repaired.
*Everything that is supposed to be in an original phone including Face ID and True Tone is present.
Location: Bhairab Show more"
Apple iPhone 16 Pro Max 512 GB White,135000,Used,"Khulna, Paikgachha",1 day ago,https://bikroy.com/paikgachha/mobile-phones/apple-iphone-16-pro-max-512-gb-white-vbbVfrtcBajD1Z0v7JzeC2jp.html,5,2026-09-08T12:08:13.851746+00:00,individual,"As-salamu alaykum. There are no problems with the phone, everything is OK and nothing has been changed. Selling it because I need money. If interested, please call the number given below."
Apple iPhone 14 Pro Max Dual SIM (Used),74500,Used,"Chattogram, Chandgaon",29/04,https://bikroy.com/chandgaon/mobile-phones/apple-iphone-14-pro-max-dual-sim-used-hpJFXYCEfyNKudv2jICvFbH6.html,4,2026-09-08T12:08:14.409743+00:00,individual,"iPhone 14 Pro Max
Full box without cable
100% Waterproof, please check it yourself
100% Authentic
Deep Purple color
(Z/A) Hong Kong Variant (physical SIM use)
Battery Health 85% (original) 🔎
Storage 256GB
No scratches, looks like new🆕
Laminated
Price: 77k, Price Fixed
Face lock ✅🆗
True Tone ✅🆗
More details ⤵️

#The mobile is completely fresh, not a single scratch, nothing has been opened, everything is 100% original, you can check it yourself. I have used the mobile with great care, there is no problem at all. The mobile has the latest update installed.
The mobile is Deep Purple color, looks brand new, no issues, you will understand once you see it.
Whoever buys it will definitely be a winner.
Price Fixed

#Those who want to buy must come to the location.

#Interested buyers please inbox, others please do not disturb. Show more"
Apple iPhone 14 Pro Max 128 GB Purple,74999,Used,"Chattogram, Agrabad",29/06,https://bikroy.com/agrabad/mobile-phones/apple-iphone-14-pro-max-128-gb-purple-3NlBsx7zwrPcwxACxbXYyvJ4.html,5,2026-09-08T12:08:14.864752+00:00,individual,"Everything is fine.
Battery Health: 95%.
Nothing has been changed.
True Tone is OK.
It has been used with a lot of care, that's why the battery health is still 95%."
Apple iPhone 14 Pro Max Good (Used),90000,Used,"Chattogram, Kotwali, Chattogram",29/04,https://bikroy.com/kotwali/mobile-phones/apple-iphone-14-pro-max-good-used-6wztxBd96PpBsphryUOoF6K6.html,3,2026-09-08T12:08:15.617604+00:00,individual,"In excellent condition. Imported from Dubai Apple Store. Get 3 free covers. Nothing has been changed or repaired. Fixed price 90,000 BDT."
Nothing Phone 3a Pro 256 GB Black,48000,Used,"Chattogram, Baizid",08/07,https://bikroy.com/baizid/mobile-phones/nothing-phone-3a-pro-256-gb-black-hyjk1eftm2JW3HdAtpB5kCD3.html,3,2026-09-08T12:08:16.209932+00:00,individual,"14 day used only new mobile 
Location: polytechnical, East Delta University Pashe.
Real buyer knock 016XXXXXXXX"
Nothing Phone 3 512 GB Black,65000,Used,"Chattogram, Hathazari",12/07,https://bikroy.com/hathazari/mobile-phones/nothing-phone-3-512-gb-black-yxV5AfHeEPwHoU4xsbAO5f8Y.html,5,2026-09-08T12:08:16.861881+00:00,individual,"Only 16 days used, full fresh, I'll provide a new xundd case"
Nothing Phone 3a 256 GB White,33500,Used,"Chattogram, Satkania",21/05,https://bikroy.com/satkania/mobile-phones/nothing-phone-3a-256-gb-white-keDfTMKurYHi3VCnSmKgcAFK.html,3,2026-09-08T12:08:17.166352+00:00,individual,"Nothing Phone 3a (Global)
 4GB RAM / 256GB ROM
 Absolutely clean and fresh condition
 Global version
 Battery and performance are very good
 Camera, display, sound all perfect
 No issues, you can use it worry-free
 Perfect for those looking for a stylish and unique phone
 Inbox if interested."
Nothing Phone 3a 128 GB Blue,35000,Used,"Chattogram, Kotwali, Chattogram",7 hours ago,https://bikroy.com/kotwali/mobile-phones/nothing-phone-3a-128-gb-blue-hY5dKYtwcWNYH4NyGT8HaFc9.html,4,2026-09-08T12:08:17.951061+00:00,individual,"Nothing phone 3a
Rom: 128Gb
Colour: Blue
Battery cycle count: 6 time
Full box product
Look like brand new condition"
Nothing Phone CMF Phone 2 Pro 128 GB Green,27500,Used,"Chattogram, Patenga",24/07,https://bikroy.com/patenga/mobile-phones/nothing-phone-cmf-phone-2-pro-128-gb-green-BPOnnkYfDRtgMgFOGrCldofW.html,3,2026-09-08T12:08:18.713853+00:00,individual,"Fresh condition, box and charger are all included. Used for a very short time, inbox if you want to buy."
Nothing Phone 3a 256 GB White,37000,Used,"Chattogram, Alankar",04/08,https://bikroy.com/alankar/mobile-phones/nothing-phone-3a-256-gb-white-fLWm2T6CH8W96feo8hhkdd2z.html,3,2026-09-08T12:08:19.453795+00:00,individual,"There is not much to say if someone wants a good phone then this is the perfect place you have come the rest will be understood when you meet face to face 
 
- 100% Original
- No type of problems
- Display, Touch, Camera, Speaker, Microphone, Fingerprint 
Location: Chattogram Sagarika Road Bitak Bazar 
 Only serious buyers please contact
WhatsApp:"
Nothing Phone 3a 256 GB White,35500,Used,"Chattogram, Satkania",15/08,https://bikroy.com/satkania/mobile-phones/nothing-phone-3a-256-gb-white-iF0wsGqNf6RimxNJfobATtz9.html,3,2026-09-08T12:08:20.257587+00:00,individual,"Brand new, comes with everything."
Nothing Phone 4a Pro 256 GB Graphite,60000,Used,"Chattogram, Chawkbazar",6 hours ago,https://bikroy.com/chawkbazar/mobile-phones/nothing-phone-4a-pro-256-gb-graphite-6ggKcyFENqXk13R43sWcpm84.html,3,2026-09-08T12:08:20.799570+00:00,individual,"Nothing 4a Pro
12/256
Few days used
Full boxed."
Nothing Phone 3a Pro 256 GB Gray,35999,Used,"Chattogram, Bandar, Chattogram",2 days ago,https://bikroy.com/bandar/mobile-phones/nothing-phone-3a-pro-256-gb-gray-84A4j57BZo790jxIUCnfwY2G.html,3,2026-09-08T12:08:21.424845+00:00,individual,"100% fresh
★Cash memo will be given
★Used as secondary phone
★Location must (Bondor, Ctg)
Price 100% fixed"
Nothing Phone 2a Plus 256 GB Gray,27000,Used,"Chattogram, Chandgaon",25/07,https://bikroy.com/chandgaon/mobile-phones/nothing-phone-2a-plus-256-gb-gray-kM0vxehtJVRLoUYfQOKCx7Mf.html,5,2026-09-08T12:08:22.061618+00:00,individual,"No problems at all, you can check and take it after seeing."
Nothing Phone 3a 128 (Used),25990,Used,"Chattogram, Nasirabad",6 hours ago,https://bikroy.com/nasirabad/mobile-phones/nothing-phone-3a-128-used-5SEQXK1X9fVCYj2066b202pY.html,4,2026-09-08T12:08:22.704685+00:00,individual,"Nothing phone 3a 8/128

🔥 Budget King — Everyday Smooth Performer! 🔥



⚡ Enjoy 8GB RAM | 128GB Storage | 5000mAh Battery | Super Clear Camera



👉Only one dot (beside front camera)



💰offer price -25,990💥💥



🚚 Delivery Available | 🔄 Exchange Available | 💳 EMI Available



🛡️ 15-Day Replacement Guarantee | Lifetime Service Warranty



📞 



🌐 www.decentbd.com



📍𝐅𝐢𝐧𝐥𝐚𝐲 𝐒𝐪𝐮𝐚𝐫𝐞, Level-4, Shop-406, 2 No Gate, Nasirabad, Chattogram



📍𝐅𝐢𝐧𝐥𝐚𝐲 𝐒𝐨𝐮𝐭𝐡 𝐂𝐢𝐭𝐲, Level-5, Shop-525, Bahaddarhat, Chattogram



#decentbd Show more"
New Nothing Phone 3a 256 GB Black,29500,Brand New,"Chattogram, Agrabad",23/05,https://bikroy.com/agrabad/mobile-phones/new-nothing-phone-3a-256-gb-black-dN0XrLxrlkCV7yarf0vCYCUt.html,5,2026-09-08T12:08:23.464501+00:00,individual,"Nothing Phone 3a (Black) 
8+8GB RAM 256GB ROM
Condition: Like brand new
Black
Enjoy a smooth and premium experience
Asking Price: 29,500৳ (negotiable)
Only phone available
I can provide a photocopy of my NID for security purposes; the bill and box were lost during a house move.
Exchange possible. Serious buyers only."
Nothing Phone 4a 128 GB White,42500,Used,"Chattogram, Chawkbazar",6 hours ago,https://bikroy.com/chawkbazar/mobile-phones/nothing-phone-4a-128-gb-white-7RSpRTRiw9T4Bc78usoxjTmW.html,3,2026-09-08T12:08:24.051711+00:00,individual,"Nothing phone 4a
8/128
with Box
few days used"
Nothing Phone 3a 128 GB Black,31000,Used,"Chattogram, Alankar",05/09,https://bikroy.com/alankar/mobile-phones/nothing-phone-3a-128-gb-black-wuVyp0c2XbnCxQS21NT9Gwqs.html,4,2026-09-08T12:08:24.517658+00:00,individual,ফুল বক্স ক্যাশ মেমো সহ। কোনবিন্দু পরিমাণ দাগ বা ফাটল নাই পুরো নতুনের মত। প্রাইজ প্রায় ফিক্সড
New Apple iPhone 17 Pro Max 256 GB Silver,149999,Brand New,"Dhaka, Tejgaon",31/08,https://bikroy.com/tejgaon/mobile-phones/new-apple-iphone-17-pro-max-256-gb-silver-dy5uCDfSuwBQ1fycjIlthQlt.html,5,2026-09-08T12:08:25.046801+00:00,individual,"The phone has been used for a very short time and with great care. Battery health is 100%, charged 44 times. Includes one physical SIM and one eSIM, along with the full box and cash memo. The phone is like new, nothing to inspect. Do not bargain. iPhone 17 Pro Max 256 GB"
Apple iPhone 14 Pro Max 128 GB Purple,78999,Used,"Dhaka, Dhanmondi",15/08,https://bikroy.com/dhanmondi/mobile-phones/apple-iphone-14-pro-max-128-gb-purple-wQixEyXW5af2PyKKlRrCPw4x.html,5,2026-09-08T12:08:25.753257+00:00,individual,"Device specifications:
Model-14 pro max 
Variant: Singapore 
Storage-128GB
Color-Deep purple
Battery health-83% 
Physical sim and e sim support 
Face ID and True Tone ok
Phone available with box
Full fresh condition
Everything is full okay
Nothing changed
All thinks are full ok 
No issues"
Apple iPhone 14 Pro Max 256 GB Purple,67899,Used,"Dhaka, Savar",10/08,https://bikroy.com/savar/mobile-phones/apple-iphone-14-pro-max-256-gb-purple-r8c67Df9IADKHwJ6AfH7ouCO.html,5,2026-09-08T12:08:26.413420+00:00,individual,"Iphone 14 pro max 256gb with box
77% battery’s health, physical and esim. nothing changes just Backshall broken. R kono somossa nai, jodi keo kinte chan tobe call ba msg koren, jara real byar na tara plz ignore this post. price almost fixed."
Nothing Phone 3 256 GB White,56990,Used,"Dhaka, Badda",9 hours ago,https://bikroy.com/badda/mobile-phones/nothing-phone-3-256-gb-white-yCmtx6pVXNaYbBJAju7PeQ7T.html,3,2026-09-08T12:08:26.963863+00:00,individual,"Processor: Snapdragon 8s gen 4 5g
Ram: 12 GB
Display: 6.67"" OLED 120hz
Camera: Back-50+50+50\Front-50 MP
Battery: 5500 Mah
Device with Cash Memo & Charger.
You will get 7 days replacement and 1 year free service. You can exchange your old mobile with us.
Weekly holiday: Wednesday."
Apple iPhone 15 Pro 128 GB,80000,Used,"Dhaka, Savar",21/08,https://bikroy.com/savar/mobile-phones/apple-iphone-15-pro-128-gb-93SMOFpYXk2n0fMpoqUs9ff8.html,3,2026-09-08T12:08:27.263981+00:00,individual,"The phone was brought from the UK.
 1st user
 Original Apple store cash memo and NID can be provided as documents.
 Box not available
 BH: 80%
 European variant
 1 e-SIM / 1 physical
 Everything is original on the phone, nothing has been changed or opened, it is 100% waterproof."
New Apple iPhone 14 Pro Max 128 GB Rose Gold,70000,Brand New,"Dhaka, Khilkhet",2 days ago,https://bikroy.com/khilkhet/mobile-phones/new-apple-iphone-14-pro-max-128-gb-rose-gold-OPDHyUHbqOZb7qVvx3oMl1.html,2,2026-09-08T12:08:27.757499+00:00,individual,"14 Pro Max. Battery is original but boosted. Everything is original, nothing has been changed."
Apple iPhone 17 Pro Max 256 GB Black,150000,Used,"Dhaka, Badda",28/08,https://bikroy.com/badda/mobile-phones/apple-iphone-17-pro-max-256-gb-black-as6wG8a1pMKfuB2eZe7fYtUK.html,4,2026-09-08T12:08:28.074958+00:00,individual,"iPhone 17 pro Max 
USA variant
Battery health 98%
Storage 256GB 
Negotiable just Kichu scratches and ekta Dent ache nothing else With Box"
Nothing Phone 4a Pro 256 GB Silver,58000,Used,"Dhaka, Savar",9 hours ago,https://bikroy.com/savar/mobile-phones/nothing-phone-4a-pro-256-gb-silver-rmUhiwYH5LofThyui6RIgSsR.html,5,2026-09-08T12:08:28.551151+00:00,individual,"Nothing 4A Pro | 8GB RAM + 256GB 
Premium Used Phone এখন আকর্ষণীয় Offer Price-এ! Smooth performance, stylish design, fresh condition 
 মুঠোফোন এক্সেসোরিজ.2 E-162, Level-5 (Lift-4), Sena Shopping Complex, Nabinagar, Savar, Dhaka
 Limited Stock | Order Now!
 
Facebook: MUTHOPHONE ACCESSORIES 2"
Apple iPhone 14 Pro 128 GB White,62500,Used,"Dhaka, Uttara",24/08,https://bikroy.com/uttara/mobile-phones/apple-iphone-14-pro-128-gb-white-q2fBbIjftjUTlqxmlUCslbWt.html,5,2026-09-08T12:08:29.163876+00:00,individual,"128gb 
USA variant 
Battery Health 80%
All original parts 
Nothing has been changed"
Apple iPhone 15 Pro 256 GB,90000,Used,Dhaka,17/08,https://bikroy.com/dhaka/mobile-phones/apple-iphone-15-pro-256-gb-kEHCYM1J5q9Z2wKsbIzZTALD.html,5,2026-09-08T12:08:29.765220+00:00,individual,"Box available.
256GB
Nothing has been changed.
Face ID, True Tone display all original
BH-85%
Cycle count-826
Can be checked however many times and however you want, brought from Japan. Selling because I will upgrade the phone, no issues.
Price will be fixed"
Apple iPhone 13 Pro Max 256 GB Black,57000,Used,"Dhaka, Uttara",18/08,https://bikroy.com/uttara/mobile-phones/apple-iphone-13-pro-max-256-gb-black-5Hh8BKTiqTabJPtvfj0kT2UF.html,4,2026-09-08T12:08:30.314928+00:00,individual,"iPhone 13 Pro Max — Singapore Variant 
* 256GB
* Battery Health: 80%
* Only Display has been changed
* Face ID: OK 
* True Tone: OK 
* Nothing else has been changed
* Full fresh condition
* Cash Memo is available 
* You can check as much as you want
* Full authentic condition
If you are serious, please contact."
Nothing Phone 4a Pro 256 GB Silver,56000,Used,"Dhaka, Savar",2 hours ago,https://bikroy.com/savar/mobile-phones/nothing-phone-4a-pro-256-gb-silver-mxNL7Rulwpj1sy3wgpW9Ep8A.html,5,2026-09-08T12:08:30.895748+00:00,individual,"Purchased from Dazzle on July 30, 2026. Used for a short time, absolutely fresh condition.
8GB RAM/256GB Storage | Silver
Phone Price: ৳58,800
Dazzle Care+: ৳4,110
365 Days Replacement Guarantee
Original Memo, Box & Cable included. Selling due to an urgent need for money.
Asking Price: ৳56,000 — Slightly negotiable.
Savar Cantonment
Serious buyers only, please inbox 016XXXXXXXX"
Nothing Phone 4a Pro 256 GB Black,57990,Used,"Dhaka, Badda",9 hours ago,https://bikroy.com/badda/mobile-phones/nothing-phone-4a-pro-256-gb-black-hSQ6jtiBfkmE2M9ylZMxwClh.html,3,2026-09-08T12:08:31.313379+00:00,individual,"💥💥Prices are fixed💥💥
Processor : Snapdragon 7 gen 4
Ram: 12 GB
Display: 6.83"" Amoled 144hz
Camera: Back-50+50+8\Front-32 MP
Battery: 7400 mah
Device with Cash Memo.
৭ দিনের রিপ্লেসমেন্ট ও ১ বছরের ফ্রী সার্ভিস পাবেন।আপনার পুরাতন মোবাইল আমাদের সাথে Exchange করতে পারেন।
সাপ্তাহিক বন্ধ:বুধবার।"
Nothing Phone 3a 128 GB Black,30000,Used,"Dhaka, Kamrangirchar",1 hour ago,https://bikroy.com/kamrangirchar/mobile-phones/nothing-phone-3a-128-gb-black-wSgKIUL4rHNem2mFmvbBLPVH.html,5,2026-09-08T12:08:31.949328+00:00,individual,Only the top is slightly broken. It fell from a child's hand. No other problems. Box is included.
Nothing Phone 3a 128 GB White,33500,Used,"Dhaka, Savar",2 days ago,https://bikroy.com/savar/mobile-phones/nothing-phone-3a-128-gb-white-96CLFdj6MhmRxwVoZUrvg10P.html,5,2026-09-08T12:08:32.707208+00:00,individual,"একদম অথেন্টিক Nothing 3a খুঁজছেন?
Nothing 3a 8/128 
•Battery-5000 mh
Available
Book Now  ￼ 
Shop No- E/137 Level-5
Sena sopping complex."
Nothing Phone CMF Phone 2 Pro 256 GB White,27000,Used,"Dhaka, Lalbag",26/08,https://bikroy.com/lalbag/mobile-phones/nothing-phone-cmf-phone-2-pro-256-gb-white-cM0FvxbzpToN4SwLlGdfHAII.html,4,2026-09-08T12:08:33.458776+00:00,individual,"মোবাইল কেনার সময় অবশ্যই রশিদে স্বাক্ষর করতে হবে ও NID কার্ডের ফটোকপি দিতে হবে(আমিও দেবো)
দাম:২৭০০০ ফিক্সড (কমানো সম্ভব নয়)
রশিদের ছবি দেয়া আছে। 
লোকেশন: আজিমপুর, রসূলবাগ পার্ক।"
Nothing Phone 3a Pro 256 GB Black,38500,Used,"Dhaka, Jatrabari",9 hours ago,https://bikroy.com/jatrabari/mobile-phones/nothing-phone-3a-pro-256-gb-black-tVwi3Yk0uYUSyZrUS1SZXcaA.html,4,2026-09-08T12:08:34.014992+00:00,individual,"আসসালামু আলাইকুম
Wellcome to Gadget Exchange BD
 
With cash memo
 7 Day's Replacement
 1 Year's service warranty without Parts
 Gadget Exchange BD 
দোকান নং,৬৭ (৩য় তলা)
বিক্রমপুর প্লাজা, জুরাইন রেলগেট ঢাকা-১২০৪"
Nothing Phone CMF Phone 2 Pro 128 GB White,29490,Used,"Dhaka, Shyamoli",6 hours ago,https://bikroy.com/shyamoli/mobile-phones/nothing-phone-cmf-phone-2-pro-128-gb-white-uRgRQHBxgMrNp40MgZlpxSwS.html,3,2026-09-08T12:08:34.420036+00:00,business,"Nothing CMF 2 Pro 8/128
100% Authentic
Condition: Full Box | Full Fresh
EXCHANGE POSSIBLE
100% Authentic Product
EMI facility (available on 36 bank cards)
Cash On Delivery available nationwide
Shop Location:
Phone-e
Shop No: 573, Level-5
Shyamoli Square Shopping Mall, Dhaka"
Nothing Phone 2a 128 GB White,25999,Used,"Dhaka, Jatrabari",9 hours ago,https://bikroy.com/jatrabari/mobile-phones/nothing-phone-2a-128-gb-white-aM2KLdGLDp9EDb3bQ4GY13L8.html,3,2026-09-08T12:08:35.213015+00:00,individual,"Jatrabari, Idris super market 
shop no 63"
Nothing Phone 3a Lite 256 GB Blue,29990,Used,"Dhaka, Rampura",3 hours ago,https://bikroy.com/rampura/mobile-phones/nothing-phone-3a-lite-256-gb-blue-2WqjIYecNl7sLTNNx62mrbHn.html,3,2026-09-08T12:08:35.817070+00:00,individual,"Nothing 3a Lite  8+256GB As Like New
Only device and cash memo 
More information call 
Address: Molla Tower Shopping complex, Rampura, Dhaka. 
Opposite BTV centar 
3rd floor, shop no-406"
Nothing Phone CMF Phone 2 Pro 256 GB White,32990,Used,"Dhaka, Shyamoli",6 hours ago,https://bikroy.com/shyamoli/mobile-phones/nothing-phone-cmf-phone-2-pro-256-gb-white-dZrSsKktrlZBWs9yN11kN0he.html,5,2026-09-08T12:08:36.613784+00:00,business,"CMF 2 Pro 8/256
100% Authentic
Condition: Full Box | Full Fresh
EXCHANGE POSSIBLE
100% Authentic Product
EMI facility (available on 36 bank cards)
Cash On Delivery available nationwide
Shop Location:
Phone-e
Shop No: 573, Level-5
Shyamoli Square Shopping Mall, Dhaka"
New Nothing Phone 3a Pro 256 GB Black,40000,Brand New,"Dhaka, Mirpur",8 hours ago,https://bikroy.com/mirpur/mobile-phones/new-nothing-phone-3a-pro-256-gb-black-GACIqZPVi5YNjgFhyVnTo8c.html,3,2026-09-08T12:08:37.299596+00:00,individual,নিতে চাইলে যোগাযোগ 017XXXXXXXX
Nothing Phone 4a 256 GB Blue,40990,Used,"Dhaka, Rampura",3 hours ago,https://bikroy.com/rampura/mobile-phones/nothing-phone-4a-256-gb-blue-8bQe5s49akNvSfWPOzrjyoE1.html,3,2026-09-08T12:08:37.769473+00:00,individual,"Nothing 4a 5G 8+256GB As Like New condition 
No internal or external problem 
Only device and cash memo 
More information call 
Address: Molla Tower Shopping complex, Rampura, Dhaka. 
Opposite BTV centar 
3rd floor, shop no-406."
Nothing Phone 2a 128 GB White,27000,Used,"Dhaka, Demra",26/08,https://bikroy.com/demra/mobile-phones/nothing-phone-2a-128-gb-white-hUld7tOoRcRfeqcnW0Q747fn.html,4,2026-09-08T12:08:38.512478+00:00,individual,"Nothing 2A 
8/128gb
Full fresh condition 
All okh.kono problem nai."
Nothing Phone 2a 256 GB Black,27500,Used,"Dhaka, Jamuna Future Park",9 hours ago,https://bikroy.com/jamuna-future-park/mobile-phones/nothing-phone-2a-256-gb-black-a6Jqyq5jQNix6XNM645jgbfc.html,5,2026-09-08T12:08:39.070490+00:00,individual,"notging 2a 8/256gb all ok
super fresh condition available

🏃 আমাদের দোকান এ ভিজিট করুন 

 📍 Address :

     "" Appelink ""
     Shop No: 4C-021C1
       Block- C, Level- 4 
     Jamuna Future Park
(Samung customer care er pase
⏰Business Hour: 11:00AM-8:00PM
Whatsup number 016XXXXXXXX"
Nothing Phone 4a 256 GB Black,46500,Used,"Dhaka, Mohammadpur",6 hours ago,https://bikroy.com/mohammadpur/mobile-phones/nothing-phone-4a-256-gb-black-tIT87S6TC4cabySf7wVRDbME.html,3,2026-09-08T12:08:39.663866+00:00,individual,"Name:Nothing Phone 4a
 Color: black 
 Storage:8-256GB
  Just active 
    Full box 
    Cycle 4
Price:-Call for best price 
Used Mobile: 3Days replacement & 6months service warrenty or New mobile: 7days replacement & 1year service warrenty included  
Contact number 018XXXXXXXX"
OnePlus 12R 256 GB Black,33000,Used,"Rajshahi, Paba",01/08,https://bikroy.com/paba/mobile-phones/oneplus-12r-256-gb-black-wZ0bdwC5lJBly9TlpR5JBylJ.html,3,2026-09-08T12:08:41.013658+00:00,individual,"There is not even a slight problem, lamination is applied on the front and back. Price negotiation is not allowed at all."
Nothing Phone 3a Pro 256 GB Silver,44000,Used,"Dhaka, Savar",9 hours ago,https://bikroy.com/savar/mobile-phones/nothing-phone-3a-pro-256-gb-silver-rb4esxx9tuUmVrUSHfD6xNG6.html,5,2026-09-08T12:08:41.345708+00:00,individual,"📱 Nothing 3a pro | 8GB RAM | 256GB Storage

ফ্ল্যাগশিপ পারফরম্যান্স ও প্রিমিয়াম ডিজাইনের অসাধারণ স্মার্টফোন। সম্পূর্ণ যাচাই করে কিনুন নিশ্চিন্তে।

✅ ৭ দিনের রিপ্লেসমেন্ট গ্যারান্টি ✅ ১ বছরের সার্ভিস ওয়ারেন্টি ✅ কেনার আগে ফোন যাচাই করার সুযোগ

📍 E-162, Level-5 (Lift-4), Sena Shopping Complex, Nabinaagar, Sayer, Dhaka। 🗓️ সাপ্তাহিক বন্ধ: রবিবার"
OnePlus 11 512 GB Black,35000,Refurbished,"Rajshahi, Boalia",13/08,https://bikroy.com/boalia/mobile-phones/oneplus-11-512-gb-black-8Fk5EfkhQkYXnUDV0VrhMtHc.html,5,2026-09-08T12:08:41.614339+00:00,individual,"Call only Wp & number aptX HD, Bluetooth 5.3, A2DP, LE, Corning Gorilla Glass Victus, Fingerprint, IP64 dust/water resistant, Stereo Speakers, USB Type-C 2.0, OTG"
OnePlus 12 256 GB White,45000,Used,"Rajshahi, Durgapur",25/07,https://bikroy.com/durgapur-1/mobile-phones/oneplus-12-256-gb-white-nJNPO7TT6P46xaU0mhSMiDSF.html,4,2026-09-08T12:08:42.214156+00:00,individual,"A very, very good phone. I am selling it because I want to switch to an iPhone. There are no issues with the phone at all. I have used it single-handedly with great care. Whoever buys it will get a brand new feel when using it. You can check and test it for as long as you want.
Battery Health 96%
Full fresh like new condition
Only phone
No box, no charger
No issues, genuine 100% fresh authentic device
Number 017XXXXXXXX Show more"
New OnePlus Ace 2 256 GB Silver,30000,Brand New,"Rajshahi, Rajpara",03/07,https://bikroy.com/rajpara/mobile-phones/new-oneplus-ace-2-256-gb-silver-fkj6kLkcSrmn5FAeEpnjh37i.html,5,2026-09-08T12:08:42.747232+00:00,individual,"OnePlus
Model: Ace 2
RAM: 12/256
Full fresh new condition"
OnePlus 12 /256 (Used),42999,Used,Rajshahi,6 hours ago,https://bikroy.com/rajshahi/mobile-phones/oneplus-12-256-used-bxePyFSvvMHrpbhRdjPDqfnq.html,3,2026-09-08T12:08:43.068058+00:00,individual,"Oneplus 12

16/ 256

Enjoy super condition 🔥🔥

7 days replacement guarantee ✅
1 year service warranty ✅

#exchange possible ✅

Our Address:
Smart Choice, Shop No. 211,
City center, Beside of Rajshahi College, Sonadigir mor Rajshahi

Call for any details:"
OnePlus 13s 256 GB Black,55000,Used,Rajshahi,6 hours ago,https://bikroy.com/rajshahi/mobile-phones/oneplus-13s-256-gb-black-Cbyscqr0tybDLDa2KA9rdghr.html,2,2026-09-08T12:08:43.807213+00:00,individual,"OnePlus 13s
12 256
Super condition
7 days replacement guarantee
1 year service warranty
#exchange possible
Our Address:
Smart Choice, Shop No. 211,
City Center, Beside Rajshahi College, Sonadigir Mor, Rajshahi
Call for any details"
OnePlus 12R 256 GB Black,32000,Used,"Rajshahi, Paba",01/09,https://bikroy.com/paba/mobile-phones/oneplus-12r-256-gb-black-zec7w3QVQd5epd0EvRRbKhic.html,4,2026-09-08T12:08:44.363472+00:00,individual,ফুল ফ্রেশ। কোন ধরনের সমস্যা নাই। যতক্ষণ ইচ্ছা চালিয়ে দেখে নিবেন। ফুল বডি পলি করা আছে। শুধু ফোন আর সিকিউরিটি হিসেবে nid দেওয়া হবে।
OnePlus 11 256 GB Gray,25000,Used,"Rajshahi, Shah Makhdum",20/08,https://bikroy.com/shah-makhdum/mobile-phones/oneplus-11-256-gb-gray-mnOFDBqA960yT6T5w5x2Op4u.html,5,2026-09-08T12:08:45.114836+00:00,individual,"Only a green line has appeared, everything else is okay! 8 128"
New OnePlus 11R 128 GB Silver,25000,Brand New,"Rajshahi, Motihar",19/08,https://bikroy.com/motihar/mobile-phones/new-oneplus-11r-128-gb-silver-yJypAY2OnfDOAc7FyIwCnWP5.html,4,2026-09-08T12:08:45.503582+00:00,individual,"Phone is completely fresh, there are no problems with the phone"
OnePlus Nord CE4 256 GB Blue,22000,Used,"Rajshahi, Kadirgonj",9 hours ago,https://bikroy.com/kadirgonj/mobile-phones/oneplus-nord-ce4-256-gb-blue-gqVLbdpfpdSpbvA4X2C72FHV.html,5,2026-09-08T12:08:46.163303+00:00,individual,"আসসালামু আলাইকুম ওয়া রহমাতুল্লহি ওবারকাতুহ 
ফ্রেশ কন্ডিশন
 বক্স: Only Device
 ক্যাশ মেমো: আছে
 রিপ্লেসমেন্ট গ্যারান্টি: ৭ দিন পর্যন্ত পাবেন ( শর্তসাপেক্ষে ) 
লোকেশন: রাজশাহী কাদিরগঞ্জ চালপট্টি, লার্জ ফার্মার পাশে , স্বপ্নচূড়া প্লাজা নগর ভবনের পিছে। 
 শপ নং: ১২৩ - নিচ তলা লিফটের পাশে 
 শপ নাম: Rajshahi Mobile Bari 019XXXXXXXX"
OnePlus 11R 256 GB Blue,24500,Used,"Rajshahi, Godagari",6 hours ago,https://bikroy.com/godagari/mobile-phones/oneplus-11r-256-gb-blue-u3gjNTPKjtBe0fd2HhS6Bup1.html,5,2026-09-08T12:08:46.863297+00:00,individual,"16GB ram 
256 GB ROM 
50 MP, f/1.8, 24mm (wide), 1/1.56"", 1.0μm, multi-directional PDAF, OIS
8 MP, f/2.2, 120 ̊ (ultrawide), 1/4.0"", 1.12μm
2 MP (macro)
Features	Color spectrum sensor, LED flash, HDR, panorama
Video	4K/60fps, 1080p/60/240fps, gyro-EIS
120Hz, HDR10+, 1450 nits (peak)
Size	6.74 inches,
Resolution	1240 x 2772 (~451"
New OnePlus 11R 128 GB Black,28000,Brand New,"Rajshahi, Paba",30/04,https://bikroy.com/paba/mobile-phones/new-oneplus-11r-128-gb-black-mVNayol40JQRQQQAYiTbVtnv.html,4,2026-09-08T12:08:47.516358+00:00,individual,"Check it thoroughly before buying, it is fresh."
OnePlus 11R 256 GB Black,30000,Used,"Rajshahi, Uposahar",16/08,https://bikroy.com/uposahar/mobile-phones/oneplus-11r-256-gb-black-vBjseaIKkyYu61UCJoOOuNs.html,4,2026-09-08T12:08:48.405828+00:00,individual,"Main Camera: 50+8+2MP
Front Camera: 16 MP
Battery: 5000mAh
Chipset: Qualcomm Snapdragon 8 Gen1 plus
Refresh Rate :120 Hz"
OnePlus 11R 256 GB Green,28500,Used,"Rajshahi, Bagmara",9 hours ago,https://bikroy.com/bagmara/mobile-phones/oneplus-11r-256-gb-green-fyZtwbzXkaIifyi5ojbrN67Z.html,5,2026-09-08T12:08:48.964326+00:00,individual,"Assalamu Alaikum,
There is not much to say about the phone, the phone is in completely fresh condition. It has been used very carefully as a secondary phone. No gaming has been done on the phone, no repair issues, no problems. Whoever takes it, check and test it properly before taking.
And if you want to buy the phone, you must come to the location to collect it.
If you want to know anything else, please call or SMS.
Price = 28,500/ Show more"
OnePlus 11R 128 GB Gray,22000,Used,"Rajshahi, Paba",05/09,https://bikroy.com/paba/mobile-phones/oneplus-11r-128-gb-gray-2PwhiRkVjvz1AWBAaZkrYvbT.html,3,2026-09-08T12:08:49.562238+00:00,individual,"আপনি যদি OnePlus 11R 5G-এর কথা বলেন, তাহলে সংক্ষেপে বর্ণনা:
 OnePlus 11R 5G
ডিসপ্লে: 6.74 ইঞ্চি AMOLED, 120Hz রিফ্রেশ রেট
প্রসেসর: Qualcomm Snapdragon 8+ Gen 1
RAM: 8GB / 16GB
স্টোরেজ: 128GB / 256GB
রিয়ার ক্যামেরা: 50MP + 8MP + 2MP
সেলফি ক্যামেরা: 16MP
ব্যাটারি: 5000mAh
চার্জিং: 100W SUPERVOOC
নেটওয়ার্ক: 5G
সিস্টেম: Android OxygenOS"
OnePlus 11R 256 GB Black,27000,Used,"Rajshahi, Kazla",26/08,https://bikroy.com/kazla/mobile-phones/oneplus-11r-256-gb-black-5YoUDRq3Pi6EbohPNJVZMfHv.html,3,2026-09-08T12:08:50.213990+00:00,individual,"Fully fresh phone with no problems 16/256 price fixed, please ignore if you don't like the price"
OnePlus Nord CE5 256 GB White,28000,Used,"Rajshahi, Shiroil",05/09,https://bikroy.com/shiroil/mobile-phones/oneplus-nord-ce5-256-gb-white-eT6J7oHbekmkmmt2PEcCaouj.html,5,2026-09-08T12:08:50.812749+00:00,individual,"OnePlus nord ce5 
Official 
8/256
Super fresh, looks like new"
OnePlus 11R 128 GB Silver,28000,Used,"Rajshahi, Kazla",11/08,https://bikroy.com/kazla/mobile-phones/oneplus-11r-128-gb-silver-hLV124Xn8xN1PDptYir1J67n.html,3,2026-09-08T12:08:51.544994+00:00,individual,"OnePlus 11R 
RAM 8 GB, ROM 128 GB
Fully fresh body just like new... 
No scratches 
Urgent money needed
There are no issues with the phone"
OnePlus 11R 256 GB Black,28000,Used,"Rajshahi, Shaheb Bazar",6 hours ago,https://bikroy.com/shaheb-bazar/mobile-phones/oneplus-11r-256-gb-black-uqi8zxOGRdcfOQPsexSgHj7N.html,3,2026-09-08T12:08:52.103452+00:00,individual,"Oneplus 11r, 16 / 256 GB. Super condition. Enjoy a 7-day replacement guarantee and 1-year service warranty. #exchange possible. Our Address: Smart Choice, Shop No. 211, City Center, Beside Rajshahi College, Sonadighi Mor, Rajshahi. Call for any details:"
OnePlus Nord CE4 128 GB Gray,25000,Used,"Rajshahi, Godagari",31/08,https://bikroy.com/godagari/mobile-phones/oneplus-nord-ce4-128-gb-gray-tOPOHsdjpU1HWvdE2K4fWrJx.html,5,2026-09-08T12:08:52.663258+00:00,individual,Sell post. Enjoy a pristine condition phone with no scratches or issues. Model: OnePlus Nord CE 4. RAM/ROM: 8/128. Battery: 5500mAh.
OnePlus 12R 128 GB Blue,29000,Used,"Rajshahi, Chhota Banagram",31/08,https://bikroy.com/chhota-banagram/mobile-phones/oneplus-12r-128-gb-blue-Yf7Fi8akXM8Fbq7bBdYBWmd.html,3,2026-09-08T12:08:53.317011+00:00,individual,"ফোনের ব্যাকশেল ফাটা।
এছাড়া ফোনে কোন সমস্যা নেই।
লোকেশন শালবাগান পাওয়ার হাউজ মোড়। সাথে অরজিনাল একটি ফাস্ট সুপারবক চার্জার দেয়া হবে। ক্যাশ মেমো আছে। কিনা দাম ছিল ৩৫ হাজার ৫০০।
বিক্রি দাম ২৯০০০"
OnePlus 13 256 GB Blue,68000,Used,"Chattogram, Oxygen",07/08,https://bikroy.com/oxygen/mobile-phones/oneplus-13-256-gb-blue-uhu1Fn06okWg0bVnRFCoGvLd.html,5,2026-09-08T12:08:54.004751+00:00,individual,"OnePlus 13 (Global Version)
Used: 8 Months
Condition: Excellent (One-Hand Use)
Battery Health: 97%
No Damage / No Issues
Overall Condition: 10/10 – Everything perfectly
What's Included:
Full Box
Original Charger
2 Mobile Covers (Free)"
New OnePlus Nord 6 512 GB Black,70000,Brand New,"Chattogram, Chawkbazar",6 hours ago,https://bikroy.com/chawkbazar/mobile-phones/new-oneplus-nord-6-512-gb-black-rOv3lyxvBHhlLyKlP6ooyNAt.html,3,2026-09-08T12:08:54.613160+00:00,individual,"OnePlus Nord 6
12/512GB
It's new and sealed pack."
OnePlus 13s 256 GB Green,65000,Used,"Chattogram, Halishahar",27/07,https://bikroy.com/halishahar/mobile-phones/oneplus-13s-256-gb-green-6i0VeIAFvsdsvUsIkzYw1mFA.html,3,2026-09-08T12:08:55.013753+00:00,individual,"12/256, brand new condition. 100% Battery Health."
New OnePlus 15 256 GB Black,80000,Brand New,"Chattogram, Chandanaish",02/09,https://bikroy.com/chandanaish/mobile-phones/new-oneplus-15-256-gb-black-rn0AHzpB07ct2YjotNlp0OzO.html,3,2026-09-08T12:08:55.665565+00:00,individual,Get a brand new device complete with its full box and charger! Experience like-new longevity with a battery cycle count of only 22 times.
OnePlus 15 256 GB White,88000,Used,"Chattogram, Chawkbazar",6 hours ago,https://bikroy.com/chawkbazar/mobile-phones/oneplus-15-256-gb-white-pl1reY905NpdBohOQb1qvLIh.html,3,2026-09-08T12:08:56.261800+00:00,individual,"Oneplus 15
12/256
Full Boxed
with Charger"
OnePlus 15 512 GB Black,97000,Used,"Chattogram, Kotwali, Chattogram",30/08,https://bikroy.com/kotwali/mobile-phones/oneplus-15-512-gb-black-s3XwSdMjMJfYUDxWtmkLm89d.html,5,2026-09-08T12:08:56.802325+00:00,individual,"Ekdom fresh, 6month used, official warranty,  24-02-2027 porjonto official warranty active thakbe with charging adaptor include in same official warranty 🙂
Kohinoor city One pluser official outlet theke buy kora hoyechilo

Brand	:OnePlus
Model	15 (16GB/512GB)"
OnePlus 12 R Indian version (Used),31500,Used,"Chattogram, Chawkbazar",22/04,https://bikroy.com/chawkbazar/mobile-phones/oneplus-12-r-indian-version-used-f0lUDg20BYWtIc9Ot6HPDNGj.html,5,2026-09-08T12:08:57.461647+00:00,individual,"ONEPLUS 12R 16/256 GB BH 94%
CONDITION 98% FRESH 
EXCHANGE POSSIBLE BUT GAMING PHONE 8GEN 3 CHIPSET MUST BE ,, 
ADD ONLY 100W CHARGER 
Price almost fixed, 
There is no problem with the mobile. I want to buy a gaming phone like - iqoo 12 or 13
-"
OnePlus 10 Pro 256 GB Blue,20000,Used,"Chattogram, Agrabad",19/08,https://bikroy.com/agrabad/mobile-phones/oneplus-10-pro-256-gb-blue-wQwGbIAkk9oa9sNLRpXQa8Ac.html,5,2026-09-08T12:08:58.210984+00:00,individual,Only display changed that too original set opened fitted and all ok  details
OnePlus 13 256 GB White,59000,Used,"Chattogram, Kajir Dewry",31/08,https://bikroy.com/kajir-dewry/mobile-phones/oneplus-13-256-gb-white-5aySVHHSIYeptabWxUjBQ74h.html,3,2026-09-08T12:08:58.852687+00:00,individual,"Phone is in totally fresh condition with no scratches.
Only the device, a few covers, and the cash memo are included.
The device is the Global Variant."
OnePlus 13R 256 GB White,46000,Used,"Chattogram, Anderkilla",1 day ago,https://bikroy.com/anderkilla/mobile-phones/oneplus-13r-256-gb-white-3beLMZtjNh4N49YoXBiOzoSP.html,3,2026-09-08T12:08:59.613614+00:00,individual,"Display: 6.78"" AMOLED, 120Hz Smooth Refresh Rate
​Battery: 6000 mAh Massive Battery (চার্জ ব্যাকআপ দুর্দান্ত)
​Camera: Rear 50MP Main + Front 16MP Camera (ছবি ও ভিডিও অনেক ক্লিয়ার)
​Condition: ১০০% অফিসিয়াল ও সম্পূর্ণ ওকে। কোনো স্ক্র্যাচ, ডেন্ট বা ইন্টারনাল প্রবলেম নেই। কখনও রিপেয়ার করা হয়নি।"
OnePlus 7T Pro McLaren Edition 256 GB Black,21999,Used,"Chattogram, Agrabad",31/07,https://bikroy.com/agrabad/mobile-phones/oneplus-7t-pro-mclaren-edition-256-gb-black-ajcuzTBgKIP7rHlVgqSukj6p.html,3,2026-09-08T12:09:00.262442+00:00,individual,"RAM/ROM - 12/256 
For sale"
New OnePlus 128 GB Black,41000,Brand New,"Chattogram, Chawkbazar",6 hours ago,https://bikroy.com/chawkbazar/mobile-phones/new-oneplus-128-gb-black-e0B33vLLj5Ngrys7ozNScU7f.html,3,2026-09-08T12:09:00.703918+00:00,individual,"OnePlus Nord CE6
8/128
Brand New"
OnePlus 12R 256 GB Blue,35000,Used,"Chattogram, Raozan",19/08,https://bikroy.com/raozan/mobile-phones/oneplus-12r-256-gb-blue-BhvIPAHvpvL0PVIqOD5c9xmm.html,5,2026-09-08T12:09:01.414063+00:00,individual,There is no issue. I need emergency Money. No box
OnePlus 10R 256 GB Black,21500,Used,"Chattogram, Agrabad",6 hours ago,https://bikroy.com/agrabad/mobile-phones/oneplus-10r-256-gb-black-mhn2cjlDEEz565er2oyXajqp.html,2,2026-09-08T12:09:02.152405+00:00,individual,"Set in fully fresh condition. 200% working. All parts 100% original. RAM 12GB, Storage 256GB. Comes with cash memo. The phone's performance is excellent."
OnePlus 13R 512 GB Silver,48500,Used,"Chattogram, Rangunia",1 day ago,https://bikroy.com/rangunia/mobile-phones/oneplus-13r-512-gb-silver-BimuH69fH5QsfdfOPj4P3Fbh.html,4,2026-09-08T12:09:02.602130+00:00,individual,"*Device , Cover & Charger will be given.
 16GB RAM + 512GB Storage — Power & Storage-এর দিক থেকে একদম beast!
 Location: Rangunia thanar pashe,Rowajarhat rangunia upazilla."
OnePlus 12 512 GB Black,46000,Used,"Chattogram, Chandgaon",26/03,https://bikroy.com/chandgaon/mobile-phones/oneplus-12-512-gb-black-2vwnlsKpBczfS2GadOQRvXDK.html,3,2026-09-08T12:09:03.363200+00:00,individual,"OnePlus 12, 16/512GB. Fresh Condition. No box, no charger. Set + Cash Memo only. Price Fixed. Those who do not have the budget, please stay away. Request not to quote absurd prices. Location: Riazuddin Bazar, Chittagong. Contact 016XXXXXXXX"
New OnePlus 12R 128 GB Black,29999,Brand New,"Chattogram, Patenga",23/08,https://bikroy.com/patenga/mobile-phones/new-oneplus-12r-128-gb-black-l2DSstJjoicy5u4OBa8JdV2z.html,5,2026-09-08T12:09:03.910644+00:00,individual,"The phone is practically brand new in a word. Not a single hair-sized scratch anywhere. And it will 10,000% never get a green line guarantee. You can check it for as long as you want. A killer phone for camera and gaming. Selling because I will buy an iPhone. Only phone, you can check and take it for as long as you want. I will give everything needed for security, no problem."
OnePlus 7T Pro 256 GB Blue,20999,Used,"Chattogram, Halishahar",23/08,https://bikroy.com/halishahar/mobile-phones/oneplus-7t-pro-256-gb-blue-Bs9bCbKy8Fq8YnN3xrZBSjvP.html,5,2026-09-08T12:09:04.398920+00:00,individual,"Full Boxed
100% Original working Fluid AMOLED display. (Never changed/Repaired)
RAM/ROM: 8/256 GB
Snapdragon 855+ (Gaming Beast) 
Main Camera 48 MP + 16 MP ultrawide + 8 MP Telephoto
Front Camera 16 MP (Pop Up)
Never changed or repaired any parts of it. And No Green line issues on this phone.
You can check the phone as long as u want before buying."
OnePlus Nord CE4 Lite 256 GB Black,20800,Used,"Chattogram, Muradpur",6 hours ago,https://bikroy.com/muradpur/mobile-phones/oneplus-nord-ce4-lite-256-gb-black-8JEQMCf3D6SQOIuXjJfuGYEX.html,4,2026-09-08T12:09:05.003833+00:00,individual,"OnePlus Nord CE 4 lite 5G 
Official 
8/256 
Full box... 
Super Amoled display 
Display fingerprint... 
 সুবিধা:
 ১৫ দিনের রিপ্লেসমেন্ট গ্যারান্টি
 Device – 
 Shop No: 319, 3rd Floor (Lift 2 )
 CPDL RB Midtown Market, মুরাদপুর, চট্টগ্রাম (মক্কা হোটেলের পাশে)"
New OnePlus 15R 512 GB Green,54000,Brand New,"Chattogram, Pahartali",02/09,https://bikroy.com/pahartali/mobile-phones/new-oneplus-15r-512-gb-green-b3r06mrmEh2y1D8GveAPyMJa.html,4,2026-09-08T12:09:05.665956+00:00,individual,"Only set
Set all ok 
Must be location aste hobe"
OnePlus 15R 256 GB Green,55000,Used,"Dhaka, Basundhara",2 hours ago,https://bikroy.com/basundhara/mobile-phones/oneplus-15r-256-gb-green-zkFfHVIyIIXNyUf98S9g5MIX.html,5,2026-09-08T12:09:06.247637+00:00,individual,"OnePlus 15R 12+256
Indian Global 
100% Battery Health 
7400mah Big Battery 
100% Fresh Condition 
Full Body Poly kora 
Only Mobile And Cash Memo
Location: Kuril Chowrasta, Dhaka
Price: 55,000tk"
OnePlus 12 256 GB Black,44000,Used,"Dhaka, Mirpur",13/08,https://bikroy.com/mirpur/mobile-phones/oneplus-12-256-gb-black-4dGofvYlpLoZRw1tmwcUq22.html,5,2026-09-08T12:09:06.723041+00:00,individual,"Urgent sell 
Oneplus 12
Storage : 12/256gb
Update: all the updates are given.last update on 31july.
Battery health : 90%
Except minor scratches on the body frame or glass, everything is pristine. Simply put, the phone is still 90% fresh.

Location: Dhaka.
You will get the device, charger & cable, cash memo & NID for security."
OnePlus 11 256 GB Black,45000,Used,"Dhaka, Uttara",2 days ago,https://bikroy.com/uttara/mobile-phones/oneplus-11-256-gb-black-b7W0VkQiRlbkIJSjDi9FydEV.html,3,2026-09-08T12:09:08.204283+00:00,individual,ফোনটি আমি কিছুদিন আগে কিনেছিলাম। এখন জরুরি টাকার প্রয়োজন তাই মোবাইলটি বিক্রি করতে চাচ্ছি।
OnePlus 12 512 GB Green,57500,Used,"Dhaka, Ramna",1 day ago,https://bikroy.com/ramna/mobile-phones/oneplus-12-512-gb-green-cCFJeTYRCxqff0CYA1bV6C4S.html,3,2026-09-08T12:09:08.773720+00:00,individual,"Body Full Fresh. No Scratch Dent. Never Opened.
Only bottom speaker does not work. No other issue.
Box + Cash Memo + Original 100 watt VOOC charger + Cable + 4 Unique Cover Cases
Battery Health - 94%
Price Slightly Negotiable
বডি একদম ফ্রেশ । কেনার দিন থেকেই প্রটেক্টর দিয়ে ইউস করেছি। প্রাইমারি ফোন হিসেবে আইফোন ব্যবহার করি তাই বিক্রি করছি।"
OnePlus 256 GB Silver,52500,Used,"Dhaka, Jatrabari",3 hours ago,https://bikroy.com/jatrabari/mobile-phones/oneplus-256-gb-silver-tQ9iYhO9NGmifpIZsP91c99M.html,5,2026-09-08T12:09:09.273276+00:00,individual,"Oneplus Ace 6.
Ram - 12 gb.
Rom - 256 gb.
Bh - 100%.
Full box."
New OnePlus 256 GB,62999,Brand New,"Dhaka, Bashundhara City",9 hours ago,https://bikroy.com/bashundhara-city/mobile-phones/new-oneplus-256-gb-ppsVFtWgCSk3YKQt0BV1LjAo.html,2,2026-09-08T12:09:09.401446+00:00,individual,"10-day replacement guarantee
 2-year service warranty
 Fast and secure courier service across the country
 Attractive exchange offers available
 Emon Gadget Point
Basement-1, Shop-84
Bashundhara City Shopping Mall"
OnePlus 13R 256 GB Black,45000,Used,"Dhaka, Mirpur",27/08,https://bikroy.com/mirpur/mobile-phones/oneplus-13r-256-gb-black-4Ye9TCchHKpwL3yEAmTFgx4b.html,4,2026-09-08T12:09:10.820505+00:00,individual,Phone full fresh condition Chek kore nite parben .Ekhono phone a kono service korano hoy nee .emarjency Taka dorkar taii phone ta sell kora .Location. Dhaka Mirpur 6 016XXXXXXXX 017XXXXXXXX
OnePlus 15 256 GB White,86000,Used,"Dhaka, Mohammadpur",7 hours ago,https://bikroy.com/mohammadpur/mobile-phones/oneplus-15-256-gb-white-xb7Odra1ORNaMgl69b2ADC9p.html,5,2026-09-08T12:09:12.463169+00:00,individual,"OnePlus 15
12/256gb
Full box 
Global variant 
Super smooth & super fresh 
No dent & scratch 
NB: phone dekhte hole or nite hole must be location a aste hobe"
OnePlus Nord 6 256 GB Black,49990,Used,"Dhaka, Dhanmondi",9 hours ago,https://bikroy.com/dhanmondi/mobile-phones/oneplus-nord-6-256-gb-black-xcfmdXn9BjlfsnHL7Tl71AvC.html,3,2026-09-08T12:09:13.445333+00:00,individual,"""Welcome to ""Al Aqsa Mobile"" 
 Reach us___________________ 
 *Al Aqsa Mobile*
 Shop No-449 ,Lift -3, Orchard Point, Dhanmondi 7, Dhaka-1209
 Model :
 RAM : 8 
 ROM : 256
 Price Fixed"
OnePlus 13 256 GB Black,57990,Used,"Dhaka, Shyamoli",9 hours ago,https://bikroy.com/shyamoli/mobile-phones/oneplus-13-256-gb-black-Be4a4ZYwBZJ2PFZcffLd2e5a.html,5,2026-09-08T12:09:13.963840+00:00,individual,"New Arrival best Price 
Get #NEW_ One Plus 13 5G 12/256GB Chinese BATTERY HEALTH 99 %
#_USED_NEW_CONDITION_FULL_BOX
Exchange Possible 
We sell 100% Original Product
You can check it however you like. 
Warranty Policy  
7 Days Parts Replacement Warranty 
2 Year Service Warranty Without LCD, Software & Physical Damage"
OnePlus 15 256 GB White,87000,Used,"Dhaka, Baridhara",9 hours ago,https://bikroy.com/baridhara/mobile-phones/oneplus-15-256-gb-white-d7b2JnypLwzOjR4xaqnuSgoM.html,4,2026-09-08T12:09:14.513723+00:00,individual,"one plus 15
Custom Global 
full box 
full fresh condition"
OnePlus 15 256 GB Graphite,78000,Used,"Dhaka, Jamuna Future Park",1 day ago,https://bikroy.com/jamuna-future-park/mobile-phones/oneplus-15-256-gb-graphite-cZaPDl6bwiYnbaAWmZYuNUGS.html,4,2026-09-08T12:09:15.173305+00:00,individual,Onepluss 15 12/256 gb fresh condition with box charger
OnePlus Nord 6 256 GB Silver,56000,Used,"Dhaka, Mirpur",6 hours ago,https://bikroy.com/mirpur/mobile-phones/oneplus-nord-6-256-gb-silver-7S1Eaofww0BXBg8odP9CkeHF.html,5,2026-09-08T12:09:15.962618+00:00,individual,"ফোনে কোনো সমস্যা, দাগ বা ডেন্ট নাই।৩ দিনের লিখিত মানি ব্যাক গ্যারান্টি।চার্জিং মাএ ৩৮ বার,ব্যাটারী হেলথ ১০০%,মডেল চেন্জ করবো এই জন্য সেল করবো।এক্সট্রা ভ্যাটের কারনে এয়ারপোর্টে ফোনের বক্স আসতে পারি নাই।
 চার্জার,ক্যাবল,ইনভয়েস,এবং লাইফটাইম সিকিউরিটি কাগজ দেয়া যাবে
লোকেশন: আর্মি ক্যাম্প,পুরাতন বানিজ্য মেলা মাঠ,জিয়া উদ্যান,শেরে বাংলা নগর, ঢাকা।"
New OnePlus 15R 256 GB,67499,Brand New,"Dhaka, Bashundhara City",9 hours ago,https://bikroy.com/bashundhara-city/mobile-phones/new-oneplus-15r-256-gb-jH8JFKtmwzXfcpNFHIOC4fb3.html,3,2026-09-08T12:09:16.712638+00:00,individual,"10-day replacement guarantee
 2-year service warranty
 Safe courier facility across the country
 Attractive exchange offers
 Basement-1, Shop-84, Bashundhara City Shopping Mall
 Prices are subject to change. Please contact us on WhatsApp before visiting."
New OnePlus Nord 5 256 GB Bronze,40990,Brand New,"Dhaka, Mirpur",4 hours ago,https://bikroy.com/mirpur/mobile-phones/new-oneplus-nord-5-256-gb-bronze-ujR3s6DlsWUbrffQNwgLB8rm.html,5,2026-09-08T12:09:17.070761+00:00,individual,"T>আদিবা টেলিকম >
দোকান নং: ৩৪, ৩য় তলা, বাগদাদ শপিং কমপ্লেক্স , মিরপুর- ১, ঢাকা- ১২১৬... 
ফোনটি ১০০% জেনুইন এবং আমরা ৭দিন রিপ্লেসমেন্ট গ্যারান্টি। ও ১ বছর ফ্রী সার্ভিস ওয়ারেন্টি । ( Without Parts)
সারা বাংলাদেশ কুরিয়ার চার্জ ফ্রি 
এক্সচেঞ্জ অফার। ডিসকাউন্ট প্রাইস।
6800 Amh"
OnePlus 9 Pro 256 GB Green,28900,Used,"Dhaka, Mirpur",6 hours ago,https://bikroy.com/mirpur/mobile-phones/oneplus-9-pro-256-gb-green-9TrbSL9P0DebXCGa2itsv8KD.html,5,2026-09-08T12:09:17.798163+00:00,individual,"OnePlus 9pro 12/256GB International Global Variant.
All Authentic Original Parts.
Kono Problem nai, All Okay.
Super Fast Mobile, Super Camera
Dhaka Mirpur Pallabi Notun thana"
OnePlus 10 Pro 256 GB Black,26990,Used,"Dhaka, Rampura",3 hours ago,https://bikroy.com/rampura/mobile-phones/oneplus-10-pro-256-gb-black-nrS8n1jNJj6ty5QXv8DYrTOd.html,3,2026-09-08T12:09:18.514320+00:00,individual,"Oneplus 10 Pro 12+256GB Like new condition 
No internal or external problem 
Only device and cash memo 
More information call 
Address: Molla Tower Shopping complex, Rampura, Dhaka. 
Opposite BTV centar 
3rd floor, shop no-406."
OnePlus 11R 128 GB Black,25000,Used,"Dhaka, Savar",9 hours ago,https://bikroy.com/savar/mobile-phones/oneplus-11r-128-gb-black-zWYWLhO9fwRivZ159G65436T.html,5,2026-09-08T12:09:18.723966+00:00,individual,"Display: 6.74"" amoled, 120hz
processor: snapdragon 8+ gen 1
camera: 50mp + 8mp + 2mp, front 16mp
battery: 5000mah
charging: 100w supervooc
ram/storage: 8gb ram, 128gb storage
5g: available
os: android"
OnePlus 9 Pro 256 GB Green,23000,Used,"Dhaka, Khilgaon",03/09,https://bikroy.com/khilgaon/mobile-phones/oneplus-9-pro-256-gb-green-18E27AEJL6mVPL0pmshZbHUC.html,5,2026-09-08T12:09:19.423728+00:00,individual,"Phone a Kono issues nei! Shob thik ache kono kichu change nei.. phone er performance and camera onek Bhalo 4k 60/120 fps video supported.. performance ow onek smooth with gaming 
Storage:12/256gb
Ultapalta daam bola Manush post ignore koren ❗❗
Price olpo kichu kom rakhaa jabe"
OnePlus Nord 5 256 GB Blue,34999,Used,"Dhaka, Gulshan",3 hours ago,https://bikroy.com/gulshan/mobile-phones/oneplus-nord-5-256-gb-blue-pQvexR1OMtd501vc115p9yP1.html,5,2026-09-08T12:09:19.896458+00:00,individual,"One plus nord 5 5G full fresh 
Ram 8Gb Rom 256Gb 
Processor snapdragon 8s gen 3
Battery 6800 mah 
80wt charger support 
10 days replesment guaranty ace 
1 year service warranty ace 
Location Gulshan 2 land view shopping center shop number 24 ist floor 
Phone exchange kora hoy 
Friday market close 
Emi korta parben credit card dia"
OnePlus 9R 256 GB Blue,20000,Used,"Dhaka, Uttara",28/08,https://bikroy.com/uttara/mobile-phones/oneplus-9r-256-gb-blue-yJUPZanD3nr7t1cUInAL8YVi.html,5,2026-09-08T12:09:20.393761+00:00,individual,"OnePlus 9R 5G 
8+8gb ram
256gb rom
Camera 🔥
ফোনের কোন সমস্যা নাই 016XXXXXXXX"
OnePlus 11R 512 GB Red,31500,Used,"Dhaka, Jatrabari",9 hours ago,https://bikroy.com/jatrabari/mobile-phones/oneplus-11r-512-gb-red-oQHtKU60odRxxGjrjkG3Yz2V.html,4,2026-09-08T12:09:21.060466+00:00,individual,"Condition:Full Fresh Body Unfresh Slightly
Ram:18GB Special Edition
Rom:512GB
Amoled Display 
Snapdragon 8+ Gen 1
Price:Fixed
(যাত্রাবাড়ী আমাদের সাপ্তাহিক বন্ধ সোমবার) 
ঠিকানা:ঢাকা যাত্রাবাড়ী, শহীদ ফারুক রোড, তাজ-তানভীর সুপার মার্কেট, ২য় তলা, দোকান নাম্বার:১০ (MobileHub)"
OnePlus Nord CE4 128 GB,22500,Used,"Dhaka, Jatrabari",9 hours ago,https://bikroy.com/jatrabari/mobile-phones/oneplus-nord-ce4-128-gb-xgINrUQsdZhQqlyi9Fzz0ZhF.html,4,2026-09-08T12:09:21.034608+00:00,individual,"Assalamu Alaikum
Welcome to Gadget Exchange BD
 
 All perfect working
 Buying/selling and exchange means Gadget Exchange BD
 Come to our shop to get 100% genuine products
 With cash memo
 7 Days Replacement
 1 Year service warranty without Parts
 Gadget Exchange BD 
Shop No. 67 (3rd Floor)
Vikrampur Plaza, Jurain Railgate, Dhaka-1204"
OnePlus 12R 256 GB Blue,36990,Used,"Dhaka, Jatrabari",9 hours ago,https://bikroy.com/jatrabari/mobile-phones/oneplus-12r-256-gb-blue-1zDgTFMVuTd6P6avfPINs43Y.html,3,2026-09-08T12:09:21.842066+00:00,individual,"Condition:Fully Fresh Like New
Ram:16GB Rom:256GB
Snapdragon 8 Gen 2
Battery:97%
Cash Memo
Price:Fixed
(যাত্রাবাড়ী আমাদের সাপ্তাহিক বন্ধ সোমবার) 
ঠিকানা:ঢাকা যাত্রাবাড়ী, শহীদ ফারুক রোড, তাজ-তানভীর সুপার মার্কেট, ২য় তলা, দোকান নাম্বার:১০ (MobileHub)
#কিছু টাকা বাচানোর জন্য সস্তায় পন্য কিনেt প্রতারিত না হয়ে সঠিক দামে সঠিক পন্য ক্রয় করুন"
OnePlus 11R 256 GB Silver,33000,Used,"Dhaka, Savar",9 hours ago,https://bikroy.com/savar/mobile-phones/oneplus-11r-256-gb-silver-wM9vLdoOikPcu9oYpOaa2ge8.html,5,2026-09-08T12:09:22.244105+00:00,individual,"মোবাইলের তথ্য:
 মডেল: OnePlus 11r
 RAM: 16GB
 Storage: 256GB
 ৭ দিনের রিপ্লেসমেন্ট গ্যারান্টি
 ১ বছরের সার্ভিস ওয়ারেন্টি
 ফোন কেনার আগে যাচাই করার সুযোগ
 বিশ্বস্ততা ও ভালো সার্ভিস দেওয়াই আমাদের প্রধান লক্ষ্য।
 ঠিকানা:
E-162, Level-5 (Lift-4),
Sena Shopping Complex,
Nabinaagar, Sayer, Dhaka.
 সাপ্তাহিক বন্ধ: রবিবার"
OnePlus 10T 128 GB Silver,25000,Used,"Dhaka, Savar",6 hours ago,https://bikroy.com/savar/mobile-phones/oneplus-10t-128-gb-silver-86ijUbQiY68rCsjYFaDDFKrq.html,5,2026-09-08T12:09:22.849667+00:00,individual,"OnePlus 10t**8/128 in display finger (original display)
আমার মোবাইল ফোনের দোকান আমি সেকেন্ড হ্যান্ড ফোন ক্রয় বিক্রয় করি, কিন্তু এই ফোনটা নিজে ইউজ করতেছি এখন এটি বিক্রি করব, ফোনে শুধু ব্যাকসাইলটাই ফাটা,এছাড়া আর কোন সমস্যা নাই"
OnePlus 8 Pro 128 GB Blue,27000,Used,"Dhaka, Sutrapur",10/08,https://bikroy.com/sutrapur/mobile-phones/oneplus-8-pro-128-gb-blue-2DzLRwQPBW9kW5NCqvnJP7cQ.html,3,2026-09-08T12:09:23.593549+00:00,individual,"In very fresh condition, comes with box and charger. Battery backup is quite good, Alhamdulillah. Camera condition is good. 
Selling because I have been using it for a long time and want to get a new phone. 
Not possible to give a huge discount, maybe an amount equivalent to a good cup of tea can be considered."
OnePlus 9RT 5G 256 GB Green,25000,Used,"Dhaka, Dhanmondi",6 hours ago,https://bikroy.com/dhanmondi/mobile-phones/oneplus-9rt-5g-256-gb-green-uYznLe88USc9GRmmUCBcQvNF.html,5,2026-09-08T12:09:24.043371+00:00,individual,"Original charger 
Box 
Kono problem nai
Fresh condition"
Xiaomi 15 256 GB Black,31000,Used,"Rajshahi, Shaheb Bazar",16/06,https://bikroy.com/shaheb-bazar/mobile-phones/xiaomi-15-256-gb-black-9RfHlgWBchvRXMT7i1ku8fb7.html,2,2026-09-08T12:09:24.539583+00:00,individual,"It has been 1 month since I bought the mobile, it is brand new and fresh, I have the memo, I have the box, everything will be given, it is not an issue, I need money so I will sell it."
Xiaomi 13 256 GB Silver,30000,Used,"Rajshahi, Shaheb Bazar",11/08,https://bikroy.com/shaheb-bazar/mobile-phones/xiaomi-13-256-gb-silver-q3bM65LVyA1waULhg10aaYWa.html,3,2026-09-08T12:09:24.996242+00:00,individual,"A very good phone with no problems. Check and take it as much as you want. The camera is very good, the phone works great, and there are no kinds of problems."
Xiaomi Redmi Turbo 4 256 GB Blue,35000,Used,"Rajshahi, Nawdapara",4 hours ago,https://bikroy.com/nawdapara/mobile-phones/xiaomi-redmi-turbo-4-256-gb-blue-d4vpq2VJxd6iiszVJ9Yp6Fcv.html,4,2026-09-08T12:09:25.835229+00:00,individual,"Redmi Turbo 4 
16/256
 BH Health 94%
Super fresh condition 
No scratches or dents
No repair history 
Full box available"
New Xiaomi Redmi Note 15 256 GB Purple,27500,Brand New,"Rajshahi, Boalia",2 hours ago,https://bikroy.com/boalia/mobile-phones/new-xiaomi-redmi-note-15-256-gb-purple-yMNy5fPeKKNWRv9t6J02StVR.html,5,2026-09-08T12:09:26.143968+00:00,individual,ফোনটি ছয় মাস ব্যবহৃত হয়নি একবারেই নতুন ফোনটি বিক্রি করব টাকার প্রয়োজনে যদি কোন ব্যক্তি ফোনটি কিনতে চায় তাহলে আমার নাম্বারে যোগাযোগ করুন ফুল ফ্রেশ কন্ডিশন
Xiaomi 13 512 GB Blue,40190,Used,"Rajshahi, Boalia",2 days ago,https://bikroy.com/boalia/mobile-phones/xiaomi-13-512-gb-blue-3aalpNe4ZqDczdZSMmZKXX3u.html,5,2026-09-08T12:09:26.642760+00:00,individual,Xiaomi 13 12/512 chinese varient. Full fresh. Full box. If you want original charger then you have to pay extra. Security NID copy will be provided.
Xiaomi Redmi Turbo 4 256 GB White,27000,Used,"Rajshahi, Boalia",30/07,https://bikroy.com/boalia/mobile-phones/xiaomi-redmi-turbo-4-256-gb-white-wRfaVFKWMUv8rDI2xs56H6N1.html,3,2026-09-08T12:09:27.183187+00:00,individual,Turbo 4 has box and charger
Xiaomi Redmi Turbo 4 Pro 256 GB White,36500,Used,"Rajshahi, Boalia",23/08,https://bikroy.com/boalia/mobile-phones/xiaomi-redmi-turbo-4-pro-256-gb-white-BPXXg8Oghkoc8S0lBB9lrtAL.html,5,2026-09-08T12:09:27.895899+00:00,individual,"Xiaomi Redmi Turbo 4 Pro (256GB, White) for sale.
The phone condition is very good, with no scratches or display issues. Everything works properly. Original box and charger will be provided with it. Battery health 98. Contact"
Xiaomi Redmi Note 15 256 GB Pink,27000,Used,"Rajshahi, Court Station",02/09,https://bikroy.com/court-station/mobile-phones/xiaomi-redmi-note-15-256-gb-pink-e1J8Oru7Kj8gfPT1A3ikoJM4.html,3,2026-09-08T12:09:28.485026+00:00,individual,"২মাস হয়েছে ফোন কিনা বক্স চার্জ সব আছে,, 
এক বছরের ওয়ারেন্টি আছে,, 
জরুরী টাকার প্রয়োজন এজন্য বিক্রি করতেছি"
Xiaomi Redmi Note 13 Pro+ 256 GB White,28000,Used,"Rajshahi, Court Station",1 day ago,https://bikroy.com/court-station/mobile-phones/xiaomi-redmi-note-13-pro-256-gb-white-w6nkvfxESFjDdNLEvJ2toQR8.html,5,2026-09-08T12:09:28.993462+00:00,individual,টাকার দরকার তাই ফোন বিক্রি করছি
Xiaomi Redmi Note 13 Pro+ 256 GB Blue,29000,Used,"Rajshahi, Boalia",04/06,https://bikroy.com/boalia/mobile-phones/xiaomi-redmi-note-13-pro-256-gb-blue-yPAnY5EqmjA3SPeI4iOvzo6N.html,3,2026-09-08T12:09:29.731507+00:00,individual,Used with one hand. Comes with the original box and charger. It is in fresh condition; you can check it as much as you want before buying.
New Xiaomi Redmi Turbo 5 Max 256 GB Orange,42000,Brand New,"Rajshahi, Uposahar",02/09,https://bikroy.com/uposahar/mobile-phones/new-xiaomi-redmi-turbo-5-max-256-gb-orange-b4lcMifO9MKFH0djR8MdH0f9.html,4,2026-09-08T12:09:30.091657+00:00,individual,"full fresh as like brand new, with full box."
Xiaomi Redmi K70 256 GB Graphite,29000,Used,"Rajshahi, Chhota Banagram",04/09,https://bikroy.com/chhota-banagram/mobile-phones/xiaomi-redmi-k70-256-gb-graphite-xkNeFMg9C3cKwXIA00G1QxeS.html,4,2026-09-08T12:09:30.675474+00:00,individual,"ফোন ১০০ ফ্রেশ, ৫ দিন আগে কেনা ইমার্জেন্সি টাকার দরকার তাই সেল দিব, ক্যাশ মেমো আছে, ফোনের কোন প্রকার কোন দাগ নেই হানডেট পারসেন্ট শেষ"
Xiaomi Redmi Note 15 Pro+ 256 GB Silver,35000,Used,"Rajshahi, Boalia",04/09,https://bikroy.com/boalia/mobile-phones/xiaomi-redmi-note-15-pro-256-gb-silver-dwzp36PX9NTRHVEpowKH5Kbs.html,4,2026-09-08T12:09:31.093341+00:00,individual,"একদম নতুন কন্ডিশন । 
মেমো দেওয়া হবে ।
 যোগাযোগ 016XXXXXXXX 015XXXXXXXX"
Xiaomi Redmi 13C 128 GB Blue,17500,Used,"Rajshahi, Paba",1 day ago,https://bikroy.com/paba/mobile-phones/xiaomi-redmi-13c-128-gb-blue-dDfe8RAMUzaEVrgqOTpW3fZg.html,5,2026-09-08T12:09:31.692668+00:00,individual,"নাম মাত্র ২ মাস ব্যবহৃত,  ফোন প্রায় ব্রান্ড নিউ এবং অফিসিয়াল,  কোন প্রকার সমস্যা নাই।"
Xiaomi Redmi Note 13 128 GB Blue,15000,Used,"Rajshahi, Laksimipur",29/08,https://bikroy.com/laksimipur/mobile-phones/xiaomi-redmi-note-13-128-gb-blue-i7gozoPWc8cMGj7KqsHXeMc5.html,5,2026-09-08T12:09:32.342521+00:00,individual,Full fresh with box and cash memo
Xiaomi Redmi Note 14 Pro 256 GB Red,23000,Used,"Rajshahi, Court Station",1 day ago,https://bikroy.com/court-station/mobile-phones/xiaomi-redmi-note-14-pro-256-gb-red-dUKnZyC6PjKJI56me4QeL3Ul.html,3,2026-09-08T12:09:32.991672+00:00,individual,Nite chaile sms diben... Valo phn... Nid card dibo plm nai
Xiaomi Redmi Note 13 256 GB White,18500,Used,"Rajshahi, Uposahar",04/09,https://bikroy.com/uposahar/mobile-phones/xiaomi-redmi-note-13-256-gb-white-xignw3rj0NfqneZ99WjxiKqE.html,4,2026-09-08T12:09:33.398312+00:00,individual,"12/256 
Xiaomi note 13 pro 
Location uposhohor rajshahi
Backsell halka fata 
Tachra all ok"
Xiaomi Redmi Note 11 Pro 5G 128 GB Blue,15000,Used,"Rajshahi, Court Station",1 day ago,https://bikroy.com/court-station/mobile-phones/xiaomi-redmi-note-11-pro-5g-128-gb-blue-kklOPR3sCm80ZZ4mt4bx1jW5.html,5,2026-09-08T12:09:34.144706+00:00,individual,"Model:Redmi Note 11 Pro 5g
Ram:6+6 Gb
Storage:128 Gb
Phone full fresh nijer use kora phone!
Phone full authentic kono din khula hoi nai!
No repair history!
Cameraa 100 te 100 raw mal!"
Xiaomi Poco X6 Pro 512 GB White,26500,Used,"Rajshahi, Uposahar",05/09,https://bikroy.com/uposahar/mobile-phones/xiaomi-poco-x6-pro-512-gb-white-cywaIHC8E9sc0yOOSSCZviAC.html,5,2026-09-08T12:09:34.791507+00:00,individual,"POCO X6 Pro 5G
 MediaTek Dimensity 8300-Ultra processor. 
*Chip: Dimensity 8300-Ultra
Process:4nm.CPU: 8-core, up to 3.35 GHz
GPU: Mali-G615 MC6
Ram 12 
Storage: 512"
Xiaomi Redmi Note 13 256 GB Black,18999,Used,"Rajshahi, Kazla",9 hours ago,https://bikroy.com/kazla/mobile-phones/xiaomi-redmi-note-13-256-gb-black-wCZIz7KOcmx7MZxDbzSrq4PF.html,5,2026-09-08T12:09:35.597732+00:00,individual,"Redmi note 13 5G 
8/256GB Indan phone 
Call me"
Xiaomi Redmi Note 13 Pro 5G 256 GB Red,27000,Used,"Rajshahi, Boalia",25/08,https://bikroy.com/boalia/mobile-phones/xiaomi-redmi-note-13-pro-5g-256-gb-red-bsftR31rsF0RxgRoJi9E4EEx.html,3,2026-09-08T12:09:35.881747+00:00,individual,"*Redmi Note 13 Pro 5G *
 *Main Camera Sensor-এ হালকা দাগ আছে**, তাই ছবি তুললে পাতলা দাগ দেখা যায়। Wide-angle ও অন্যান্য সবকিছু ঠিক আছে।*
 *Box + ২টি Cover দেওয়া হবে*

 যতক্ষণ ইচ্ছা দেখে ও চেক করে নিতে পারবেন।

*Price Negotiable*
 *Location: Alokar More, Rajshahi*
*গেমিং এর জন্য খুব ভালো ফোন । আমি গেম খেলার জন্য কিনেছিলাম কিন্তু গেম খেলিনা*"
Xiaomi 12S Pro 256 GB Graphite,16000,Used,"Rajshahi, Shaheb Bazar",1 day ago,https://bikroy.com/shaheb-bazar/mobile-phones/xiaomi-12s-pro-256-gb-graphite-oAbbX5OYj16ExOGXwc0OfQjI.html,4,2026-09-08T12:09:36.677178+00:00,individual,"Problem: 3 green line 
Location: sahib Bazar / Ruppur ishwardi"
Xiaomi 12T Pro 256 GB Black,17000,Used,"Rajshahi, Puthia",25/08,https://bikroy.com/puthia/mobile-phones/xiaomi-12t-pro-256-gb-black-f552F1LDeUG36aE1UiNYBjBL.html,3,2026-09-08T12:09:36.992483+00:00,individual,ফোনে ডিসপ্লে গ্রিন লাইন। মাইক্রফোনে একটু সমস্যা।
Xiaomi Redmi Note 14 4G 256 GB Black,20000,Used,"Rajshahi, Shaheb Bazar",16 hours ago,https://bikroy.com/shaheb-bazar/mobile-phones/xiaomi-redmi-note-14-4g-256-gb-black-jS8YFsGmbtMQXbsK3cYKfC4X.html,5,2026-09-08T12:09:37.678332+00:00,individual,মোবাইলে কোন সমস্যা নাই একদম ফ্রেশ। দেখে নিবেন আমি এমনিতে বিক্রি করতে চাই। বক্স চার্জার বক্স সব আছে একদম অফিসিয়াল মোবাইল ফোন
Xiaomi Poco C85 4G 128 GB Blue,19999,Used,"Rajshahi, Motihar",01/09,https://bikroy.com/motihar/mobile-phones/xiaomi-poco-c85-4g-128-gb-blue-kBo1lZVwFINQgxbJ6lBNCT1V.html,5,2026-09-08T12:09:38.292573+00:00,individual,ফোনে কোন সমস্যা নাই ফুল ফ্রেশ ফোনের সাথে বক্স নাই চার্জার আছে
Xiaomi Redmi Note 13 Pro 5G 256 GB Black,24000,Used,"Rajshahi, Paba",28/08,https://bikroy.com/paba/mobile-phones/xiaomi-redmi-note-13-pro-5g-256-gb-black-p7OufExggkLdLARneERnkoKd.html,5,2026-09-08T12:09:38.641572+00:00,individual,Phone kono problem nai full fresh new phone nibo sei jonne sell korbo excange possible
Xiaomi 11 Lite 5G NE 128 GB Pink,15000,Used,"Rajshahi, Court Station",21 hours ago,https://bikroy.com/court-station/mobile-phones/xiaomi-11-lite-5g-ne-128-gb-pink-eLLuil2RmYOEb2BYf2CFmtw5.html,3,2026-09-08T12:09:39.340913+00:00,individual,"Redmi 10 Power 8/128, no problems, phone is all ok, full box, fixed price 15k"
Xiaomi Redmi Note 15 Pro+ 256 GB Silver,45000,Used,"Chattogram, Oxygen",14/07,https://bikroy.com/oxygen/mobile-phones/xiaomi-redmi-note-15-pro-256-gb-silver-63fhz54wSywIc0XpJyJfzslt.html,5,2026-09-08T12:09:39.753805+00:00,individual,I need money urgently. That's why I'm gonna sell my handset. Everything is okay. Device is fresh. For more details Please contact me 019XXXXXXXX
New Xiaomi Redmi Note 15 Pro+ 256 GB Blue,38999,Brand New,"Chattogram, Agrabad",6 hours ago,https://bikroy.com/agrabad/mobile-phones/new-xiaomi-redmi-note-15-pro-256-gb-blue-8jgKGdvR61B79ooFhPmRAJjZ.html,3,2026-09-08T12:09:40.491678+00:00,individual,"Stay with us by liking our page to get the price of any updated product. Our page link: 
Address:
Shop- 537, Level-5 (4th from capsule lift,
Go straight after exiting the lift, JojoBD)
Akhtaruzzaman Center,
Agrabad, Chittagong."
Xiaomi 13 Pro China Global (Used),38000,Used,"Chattogram, Kotwali, Chattogram",23/05,https://bikroy.com/kotwali/mobile-phones/xiaomi-13-pro-chin-global-used-8w7vo1pyRcusVMX7GyTTXVec.html,4,2026-09-08T12:09:40.976781+00:00,individual,The phone is in pristine condition; feel free to inspect it thoroughly before purchasing. It comes with a 67W charger and features a DSLR-like camera. WhatsApp for more details. The phone is completely scratch-free.
Xiaomi 15T Pro 512 GB Bronze,75000,Used,"Chattogram, Chawkbazar",6 hours ago,https://bikroy.com/chawkbazar/mobile-phones/xiaomi-15t-pro-512-gb-bronze-fdYks0bIJEFupMHqg6rDoqTK.html,3,2026-09-08T12:09:41.842137+00:00,individual,"Xiaomi 15T pro with Box
12/512
12/256 available 
Global Edition 
Few days Used."
New Xiaomi Redmi Note 15 256 GB Black,36999,Brand New,"Chattogram, Agrabad",6 hours ago,https://bikroy.com/agrabad/mobile-phones/new-xiaomi-redmi-note-15-256-gb-black-wuZkf1FTuUhi7R2o89gb719S.html,2,2026-09-08T12:09:42.423666+00:00,individual,"Stay with us by liking & following our page to get updates on any product prices. Our page link -
** Call or message us on WhatsApp at the number provided on Bikroy to buy a phone on installment.
_____________________________________
Address:
Shop- 537, Level-5
Akhtaruzzaman Center,
Agrabad, Chittagong."
Xiaomi 15T 256 GB Black,62000,Used,"Chattogram, Kotwali, Chattogram",01/06,https://bikroy.com/kotwali/mobile-phones/xiaomi-15t-256-gb-black-3QIHe2Hf3IMHCTw8Kq5CUmU.html,5,2026-09-08T12:09:42.945473+00:00,individual,Full fresh phone without any scratch. Bought 3 months ago but barely used. Right now switching to iPhone that's the only reason I'm selling this phone. Brand new condition. For more information contact with me.
New Xiaomi 256 GB White,39999,Brand New,"Chattogram, Agrabad",6 hours ago,https://bikroy.com/agrabad/mobile-phones/new-xiaomi-256-gb-white-yL7T2JE6hFTyCSEeveH4a9di.html,2,2026-09-08T12:09:43.541972+00:00,individual,"To know the price of any updated product, like and follow our page to stay with us. Our page link - 
** Call or Whatsapp. 
** Redmi Turbo 5 (12/256) 5G.
 
- Address :
Shop- 537, Level -5 (4th floor of capsule lift, go straight after exiting the lift, JojoBD)
Akhtaruzzaman Center, Agrabad, Chittagong."
Xiaomi 14 Ultra 512 GB Black,70000,Used,"Chattogram, Cornelhat",02/05,https://bikroy.com/cornelhat/mobile-phones/xiaomi-14-ultra-512-gb-black-BzHrSBx0gTVVk20uDrWvsikO.html,4,2026-09-08T12:09:44.201326+00:00,individual,"Set is in full fresh condition. Used for 1 year, imported from abroad. Comes with full box. Has a minor scratch on the bumper, otherwise everything is okay and in full fresh condition."
Xiaomi Redmi Note 14 Pro+ 256 GB Black,35000,Used,"Chattogram, Sitakunda",26/08,https://bikroy.com/sitakunda/mobile-phones/xiaomi-redmi-note-14-pro-256-gb-black-64DinkGUTU55xUj1GyttVAWo.html,4,2026-09-08T12:09:45.136168+00:00,individual,"Model: Redmi note 14 pro+ 5g
RAM:12+4GB
ROM:256 GB
Snapdragon 7s gen 3 processor
Camera:50mp main + 50mp telephoto+8mp ultrawide(front:20mp)
Full fresh condition.
With full box+charger
Mobile dekhar jonno must location e aste hobe."
Xiaomi 15 Ultra 16/512 GB (Used),84999,Used,"Chattogram, Nasirabad",6 hours ago,https://bikroy.com/nasirabad/mobile-phones/xiaomi-15-ultra-16-512-gb-used-2Vd8pN0uvGHT1C1J5CHTxKai.html,4,2026-09-08T12:09:45.494874+00:00,individual,"🔥 Like New Deal — Flagship Beast Ready! 🔥

📱 Xiaomi 15Ultra
✨ Only 1Month Used | Full Fresh Condition

⚡ 16GB RAM | 512GB Storage | 📸 Flagship Leica Camera | ✨ Premium Design

💰 Price: 84,990/- 💥💥

🚚 Delivery Available | 🔄 Exchange Available | 💳 EMI Available

🛡️ 15-Day Replacement Guarantee | Lifetime Service Warranty

📞 
🌐 www.decentbd.com

📍𝐅𝐢𝐧𝐥𝐚𝐲 𝐒𝐪𝐮𝐚𝐫𝐞, Level-4, Shop-406, 2No Gate, Nasirabad, Chattogram
📍𝐅𝐢𝐧𝐥𝐚𝐲 𝐒𝐨𝐮𝐭𝐡 𝐂𝐢𝐭𝐲, Level-5, Shop-525, Bahaddarhat, Chattogram

#Xiaomi15Ultra #FlagshipPhone #UsedPhoneBD #ChattogramDeals #decentbd Show more"
Xiaomi Redmi Turbo 4 Pro 256 GB White,37000,Used,"Chattogram, Fatikchari",12/08,https://bikroy.com/fatikchari/mobile-phones/xiaomi-redmi-turbo-4-pro-256-gb-white-iOfIzFckfG6fZygTjzjc6qFn.html,5,2026-09-08T12:09:45.992421+00:00,individual,"Redmi Turbo 4 Pro (16GB/256GB) – Like New
 Used for only 1 month
 10/10 condition, no scratches or issues
 Everything works perfectly
 Includes original box, original charger, and all accessories
 Personal use phone"
Xiaomi Redmi 512 GB Black,49000,Used,"Chattogram, Pahartali",08/06,https://bikroy.com/pahartali/mobile-phones/xiaomi-redmi-512-gb-black-feRPJ6Q42ZlXAoPXFjKjfH4P.html,5,2026-09-08T12:09:46.679274+00:00,individual,"Assalamu Alaikum.
Only those who are interested in taking the mobile should call or message. Please quote the price considering the market. This is not 256 GB storage, it is 512 GB storage, so please check the price accordingly. I have given the price I can offer. If you are interested at 49 thousand, please inbox me. If you want to know anything else, that can also be discussed."
Xiaomi 17 256 GB Green,85000,Used,"Chattogram, Chawkbazar",6 hours ago,https://bikroy.com/chawkbazar/mobile-phones/xiaomi-17-256-gb-green-8Xup8fLAEpIqYC1vPEFxOsxq.html,3,2026-09-08T12:09:47.488487+00:00,individual,"Xiaomi 17
Just open Box,
like new condition
with Box and everything"
New Xiaomi Redmi Note 15 Pro+ 256 GB Black,42999,Brand New,"Chattogram, Agrabad",6 hours ago,https://bikroy.com/agrabad/mobile-phones/new-xiaomi-redmi-note-15-pro-256-gb-black-d3Ujl6ZAXp2p3YEHED5lbycC.html,3,2026-09-08T12:09:48.203820+00:00,individual,"Stay with us by liking and following our page to get updates on product prices. Our page link - 
** Call or message us on WhatsApp at the number provided on Bikroy to buy a phone on installment.
---------------
Address:
Shop- 537, Level-5 (4th floor of capsule lift, 
Go straight after exiting the lift, JojoBD)
Akhtaruzzaman Center, 
Agrabad, Chittagong."
New Xiaomi Redmi Note 13 Pro 512 GB White,28999,Brand New,"Chattogram, Agrabad",6 hours ago,https://bikroy.com/agrabad/mobile-phones/new-xiaomi-redmi-note-13-pro-512-gb-white-tPHhvfyNmz6MkrkovpiNd1HA.html,2,2026-09-08T12:09:48.491392+00:00,individual,"Call or message us on WhatsApp at our number provided on Bikroy to buy a phone on EMI. 
 REDMI NOTE 13 PRO GLOBAL 12/512
Address: Shop- 537, Level -5 (4th floor of capsule lift, go straight after exiting the lift (JojoBD)), Akhtaruzzaman Center, Agrabad, Chittagong."
Xiaomi Poco X3 128 GB Blue,18000,Used,"Chattogram, Bakoliya",23/08,https://bikroy.com/bakoliya/mobile-phones/xiaomi-poco-x3-128-gb-blue-f4Boi5BRTnP3B8mCt7kZxcwd.html,3,2026-09-08T12:09:49.084837+00:00,individual,"The phone has been running for 2 years, there are some minor issues, but you need to talk directly and take it"
Xiaomi Redmi Note 13 256 GB Blue,18500,Used,"Chattogram, Muradpur",6 hours ago,https://bikroy.com/muradpur/mobile-phones/xiaomi-redmi-note-13-256-gb-blue-fDYIVgLiZJqmhI1LIzRvJ0LT.html,3,2026-09-08T12:09:49.434534+00:00,individual,"Redmi note 13 5G 
8/256 
Full box 
🛡️ সুবিধা:
✔️ ১৫ দিনের রিপ্লেসমেন্ট গ্যারান্টি

📍 Device – Trusted Mobile Shop
📌 Shop No: 319, 3rd Floor (Lift 2 🛗)
🗺️ CPDL RB Midtown Market, মুরাদপুর, চট্টগ্রাম (মক্কা হোটেলের পাশে)"
Xiaomi Redmi Note 15 Pro 256 GB Black,25000,Used,"Chattogram, Kajir Dewry",2 days ago,https://bikroy.com/kajir-dewry/mobile-phones/xiaomi-redmi-note-15-pro-256-gb-black-l3hCO3DDslHckKV7pPcDbTww.html,3,2026-09-08T12:09:50.289994+00:00,individual,"Bought from Dazzle in April. Brand new. Box, cash memo, warranty, everything is included."
Xiaomi Redmi Note 14 Pro 256 GB Black,25500,Used,"Chattogram, Muradpur",6 hours ago,https://bikroy.com/muradpur/mobile-phones/xiaomi-redmi-note-14-pro-256-gb-black-fsM6uOMUuL9Y9k0AFqYKnpFv.html,3,2026-09-08T12:09:50.790495+00:00,individual,"Redmi note 14 pro 
Official full box... 
8/256 
 Benefits:
 15 days replacement guarantee
 Device – Trusted Mobile Shop
 Shop No: 319, 3rd Floor (Lift 2 )
 CPDL RB Midtown Market, Muradpur, Chittagong (Next to Makkah Hotel)"
Xiaomi Redmi Note 15 256 GB White,29000,Used,"Chattogram, Hathazari",17/08,https://bikroy.com/hathazari/mobile-phones/xiaomi-redmi-note-15-256-gb-white-de1HJMGbDHLQmgQx2SUsIH8H.html,3,2026-09-08T12:09:51.541229+00:00,individual,"I bought the mobile not too long ago, selling it due to a need for money. There are no problems with the mobile, box and charger are all included."
New Xiaomi 12S 128 GB Purple,25555,Brand New,"Chattogram, Agrabad",6 hours ago,https://bikroy.com/agrabad/mobile-phones/new-xiaomi-12s-128-gb-purple-xcUJjktiR1LrKEzKCyRHTkbX.html,5,2026-09-08T12:09:52.146628+00:00,individual,"only set+cashmemo
Security jnne nid dewa jabe
Location Must
Location Agrabad 
Full fresh mobile 
Cheek kore nite parben all ok
Taka lagbe ty sell kore dicci"
Xiaomi Redmi Note 14 Pro 256 GB Black,24900,Used,"Chattogram, Muradpur",6 hours ago,https://bikroy.com/muradpur/mobile-phones/xiaomi-redmi-note-14-pro-256-gb-black-rffYLKHM7KGnMh9sJgKtRjq3.html,4,2026-09-08T12:09:53.050856+00:00,individual,"Redmi Note 14 Pro 
Official 
8/256 
Full box with original charger... 
 Benefits:
 15-day replacement guarantee
 Device – Trusted Mobile Shop
 Shop No: 319, 3rd Floor (Lift 2 )
 CPDL RB Midtown Market, Muradpur, Chattogram (Beside Mecca Hotel)"
Xiaomi Redmi Note 15 128 GB Black,20000,Used,"Chattogram, Halishahar",26/08,https://bikroy.com/halishahar/mobile-phones/xiaomi-redmi-note-15-128-gb-black-jOGCAV3aZgsYGKZYrzQkoFy9.html,5,2026-09-08T12:09:53.689828+00:00,individual,"Redmi Note 15 will be sold. Official set, used for only 3 months, absolutely fresh condition. Since it is an installment phone, the box is at the shop and will be given once the installments are finished. For the buyer's protection, a video statement and NID copy can be provided. It is my full responsibility to hand over the original box to the buyer as soon as the installment is completed.
NID 
Mo 019XXXXXXXX"
Xiaomi Redmi Note 15 128 GB Black,26000,Used,"Chattogram, Chandgaon",31/08,https://bikroy.com/chandgaon/mobile-phones/xiaomi-redmi-note-15-128-gb-black-ywJDNiFSBV6L1oh1vHpUCpI5.html,3,2026-09-08T12:09:54.093816+00:00,individual,"Full box
Location : bahadarhat 018XXXXXXXX"
New Xiaomi 15 Pro 256 GB Black,32000,Brand New,"Chattogram, Mirsharai",25/08,https://bikroy.com/mirsharai/mobile-phones/new-xiaomi-15-pro-256-gb-black-wBSW18Q0WHJYfcCfV1gnC3D4.html,4,2026-09-08T12:09:54.841892+00:00,individual,Brought from Dubai. Never used.
Mobile Phone 128 GB White,24000,Used,"Chattogram, Alankar",2 days ago,https://bikroy.com/alankar/mobile-phones/mobile-phone-128-gb-white-ac3HQgFWiHxyLepKpQqrvV9L.html,5,2026-09-08T12:09:55.530690+00:00,individual,"For Sale: Xiaomi Redmi Note 14 5G 
জরুরি প্রয়োজনে একদম ফ্রেশ Xiaomi Redmi Note 14 5G বিক্রি হবে। ফোনে কোনো সমস্যা নেই, ১০০% ওকে।
RAM/ROM: 8GB / 128GB
Display: 6.67"" FHD+ AMOLED (120Hz)
Camera: 50MP (OIS) + 8MP + 20MP Selfie
Processor: Dimensity 7025 Ultra (5G)
Battery: 5110 mAh (45W Fast Charger)
Condition: 
 Call/WhatsApp 019XXXXXXXX"
