raw_title,price,condition_raw,location,posted_date,url,photo_count,scraped_at,seller_type,description
Apple iPhone 14 Pro Max 256 GB Black,58000,Used,"Chattogram, Halishahar",12/08,https://bikroy.com/halishahar/mobile-phones/apple-iphone-14-pro-max-256-gb-black-i8IDebqNZVY95FkKU35n0Rzh.html,5,2026-08-27T07:27:44.691612+00:00,individual,"Sell post 
IPHONE 14 PRO MAX 
256 gb 
BH- 86%
1 physical + 1 eSIM 
AH/A (Middle east variant)
Genuine Display and Battery (Original)
Device full poly body
Only Device
Issue- Only Face ID disabled (after update)"
Apple iPhone 16 Pro Max 256 GB White,118000,Used,"Rajshahi, Shaheb Bazar",2 hours ago,https://bikroy.com/shaheb-bazar/mobile-phones/apple-iphone-16-pro-max-256-gb-white-5orCn8S778nKcPxvxENJdhSA.html,3,2026-08-27T07:27:46.583071+00:00,individual,"iPhone 16 Pro Max, 256 GB, 96% battery health, super condition, 7 days replacement guarantee, 1 year service warranty. Exchange possible. Our Address: Smart Choice, Shop No. 211, City Center, Beside Rajshahi College, Sonadighi Mor, Rajshahi. Call for details."
Samsung Galaxy A36 128 GB White,26499,Used,"Chattogram, Agrabad",2 hours ago,https://bikroy.com/agrabad/mobile-phones/samsung-galaxy-a36-128-gb-white-yRvWib5Gm0QKo7W0nNeKn0Xy.html,3,2026-08-27T07:27:49.338079+00:00,individual,"Samsung A36
Super Flagship Device
RAM 8+128
Set fully fresh condition
100% genuine set not a single
security issue please
With cash memo"
Samsung Galaxy Note 20 Ultra 256 GB Gold,20000,Used,"Rajshahi, Bagmara",05/08,https://bikroy.com/bagmara/mobile-phones/samsung-galaxy-note-20-ultra-256-gb-gold-rwpzWZPmulASYUBuAai69mZQ.html,3,2026-08-27T07:27:50.548800+00:00,individual,"Please read the post carefully. The display was replaced, and later it fell from hand and a black spot appeared. Other than that, there are no problems, and it can be used just like this. 12 GB RAM, 256 GB ROM. You must come to the location. The box is available, and whatever security you want will be provided. There are no other issues, you can use it like this. If you change the display, the phone will be brand new. Please call, messaging will not be replied to. Show more"
Xiaomi Redmi Turbo 4 Pro 256 GB Black,37500,Used,"Dhaka, Savar",10/08,https://bikroy.com/savar/mobile-phones/xiaomi-redmi-turbo-4-pro-256-gb-black-z9ZB8omgDFvJq350uKFsnXIL.html,5,2026-08-27T07:27:52.293699+00:00,individual,Assalamu Alaikum. I want to sell my used Redmi Turbo 4 Pro phone. The phone has been used with great care and is in completely fresh condition. There are no issues with performance or the camera. You can check it as much as you want.
Xiaomi Redmi Turbo 4 Pro 256 GB Black,35500,Used,"Dhaka, Uttara",1 day ago,https://bikroy.com/uttara/mobile-phones/xiaomi-redmi-turbo-4-pro-256-gb-black-zx1lkQRRAfHuIOwg3ovsrNW6.html,3,2026-08-27T07:27:52.906568+00:00,individual,"Redmi Turbo 4 Pro, all okay, fully fresh."
Xiaomi Redmi Turbo 4 Pro 256 GB White,35999,Used,"Dhaka, Jatrabari",1 hour ago,https://bikroy.com/jatrabari/mobile-phones/xiaomi-redmi-turbo-4-pro-256-gb-white-xiBGWSV44JTE9YZvPMSSHgWh.html,3,2026-08-27T07:27:53.795812+00:00,individual,"Redmi turbo 4 pro.
Ram - 12 gb.
Rom - 256 gb.
Full box."
Xiaomi Redmi 15 128 GB Black,20990,Used,"Dhaka, Bashundhara City",20 hours ago,https://bikroy.com/bashundhara-city/mobile-phones/xiaomi-redmi-15-128-gb-black-dQDLbtMDpXh9JzMqGJhx5MJQ.html,5,2026-08-27T07:27:54.240549+00:00,individual,"Also, all documents will be provided from the showroom where I bought it.
New."
Xiaomi Redmi Note 14 4G 256 GB Black,19000,Used,"Dhaka, Savar",1 day ago,https://bikroy.com/savar/mobile-phones/xiaomi-redmi-note-14-4g-256-gb-black-saeC89KyVEAibUCJpyy1vxZF.html,3,2026-08-27T07:27:55.022806+00:00,individual,"Redmi Note 14 (8GB+8GB RAM | 256GB) for sale.
Phone is in brand new, fresh condition. No marks, scratches, or dents. Used with care by a single owner, and never opened or repaired.
Phone specifications:
Comes with Original Box and Original Charger.
Perfect for those looking for a like-new phone at a lower price. Please do not bother unnecessarily."
Xiaomi Redmi K50i 256 GB Blue,16000,Used,"Dhaka, Uttara",17/08,https://bikroy.com/uttara/mobile-phones/xiaomi-redmi-k50i-256-gb-blue-2Bnej59adwhZ8w6KmGDw4atG.html,5,2026-08-27T07:27:55.670854+00:00,individual,"The mobile has no problems, it is in fresh condition. I urgently need money, so I want to sell it."
Samsung Galaxy S23 Ultra 256 GB White,37600,Used,"Rajshahi, Shaheb Bazar",2 days ago,https://bikroy.com/shaheb-bazar/mobile-phones/samsung-galaxy-s23-ultra-256-gb-white-13KEfPF1nqFXGx3OZI2UhPe9.html,5,2026-08-27T07:27:56.381199+00:00,individual,"SAMSUNG Galaxy S23 Ultra
Flagship • 200MP Camera • Snapdragon 8 Gen 2 • S Pen
Price: ৳____ (37,600)
Details: Dual sim + e-sim
RAM/ROM: 12GB / 256GB
Display: 6.8"" Dynamic AMOLED 2X, 120Hz
Camera: 200MP + 10x Zoom
Battery: 5000mAh, 45W Fast Charging
Built-in S Pen
PTA Approved
Condition: 90% Fresh No major issue | Personally used
Inbox if interested!"
Samsung Galaxy A54 5G 128 GB Green,18000,Used,"Rajshahi, Kazla",11/08,https://bikroy.com/kazla/mobile-phones/samsung-galaxy-a54-5g-128-gb-green-BIRGegwcdjARLE3BJPBkq1Qu.html,3,2026-08-27T07:27:57.102040+00:00,individual,Samsung A54 for sale. Full fresh condition. Used almost 1 year. Phone's display ok. Protector is just broken. Asking price 18k. Bargaining option available. Contact 019XXXXXXXX
Samsung Galaxy Z Flip5 256 GB Pink,42000,Used,"Chattogram, Agrabad",1 hour ago,https://bikroy.com/agrabad/mobile-phones/samsung-galaxy-z-flip5-256-gb-pink-nP9fc4wIYiX0GwBGgNfn1nsg.html,3,2026-08-27T07:27:57.788207+00:00,individual,"Samsung Z Flip 5
Super Flagship device
RAM 8+256
With charger"
Samsung Galaxy A17 5G 128 GB Black,24000,Used,"Chattogram, Chandgaon",18/08,https://bikroy.com/chandgaon/mobile-phones/samsung-galaxy-a17-5g-128-gb-black-BMfkTC6EGefoGmopayItRCC.html,4,2026-08-27T07:27:58.173405+00:00,individual,"Samsung Galaxy A17 comes with a box and a free power bank. Used for only 1 month and 12 days. The phone is in like-new condition. No issues, no repairs, and no history of parts replacement. Everything works 100% perfectly. Contact me."
Samsung Galaxy S25 Ultra 256 GB Graphite,76500,Used,"Dhaka, Baridhara",22 hours ago,https://bikroy.com/baridhara/mobile-phones/samsung-galaxy-s25-ultra-256-gb-graphite-tPRPTPbW9xa8ohEeg4n0dMps.html,4,2026-08-27T07:27:58.810622+00:00,individual,"Samsung Galaxy S25 Ultra..12/256..Indian Global..

ফোনে কোনো সমস্যা নেই।একদম স্মুথ ফোন।
শুধুমাত্র ব্যাকশেল চেঞ্জ করা।তবে ইন্ডিয়ার অফিসিয়াল কাস্টমার কেয়ার সার্ভিস থেকে করা।সেভাবে বোঝা যায় না।

Location: Jamuna Future Park.
 Only device and cash memo.."
Samsung Galaxy S25 Ultra 256 GB Black,87000,Used,"Dhaka, Jatrabari",13/08,https://bikroy.com/jatrabari/mobile-phones/samsung-galaxy-s25-ultra-256-gb-black-wQmllSW7JC2QIgbyrICQMklO.html,5,2026-08-27T07:27:59.112301+00:00,individual,"Full fresh conditions, purchased in February. Warranty claim has not been made yet."
Samsung Galaxy S24 Ultra 256 GB Yellow,77000,Used,"Dhaka, Cantonment",04/08,https://bikroy.com/cantonment/mobile-phones/samsung-galaxy-s24-ultra-256-gb-yellow-dzwEk6j7Y1UmXcK3GJ5SlYCp.html,4,2026-08-27T07:27:59.618152+00:00,individual,"This phone I bought from south Korea 1 year back. The condition of the phone is very good. I am using it as a very light user. I never played games. Battery back up as like as new. Now I want to shift to Vivo X300. That's why I want to sell it. No issues, anyone can use it more 2-3 years without worrying. 
Exchange is only possible with Vivo X300."
Samsung Galaxy A55 128 GB Black,28000,Used,"Dhaka, Mohammadpur",18/08,https://bikroy.com/mohammadpur/mobile-phones/samsung-galaxy-a55-128-gb-black-5O7Kmyq3K0f2vKim4MV2zxOU.html,4,2026-08-27T07:28:00.267541+00:00,individual,"Fresh, no complaints, selling simply to change the phone."
Samsung Galaxy A36 256 GB Green,36990,Used,"Dhaka, Shyamoli",1 hour ago,https://bikroy.com/shyamoli/mobile-phones/samsung-galaxy-a36-256-gb-green-i5lzqEvY9J3tYAY2IQBusRVJ.html,4,2026-08-27T07:28:00.986077+00:00,individual,"Samsung Galaxy A36 8/256 Official // Warranty Available // /-

Buy, Sell, and Exchange available."
Samsung Galaxy S23 FE 256 GB,32490,Used,"Dhaka, Khilgaon",4 hours ago,https://bikroy.com/khilgaon/mobile-phones/samsung-galaxy-s23-fe-256-gb-md5Zjc2lHUIya1XJhBTMha3o.html,5,2026-08-27T07:28:01.690810+00:00,individual,"Model - Samsung S23 FE
RAM/ROM - 8/256
Battery - 5000
Only phone
And cash memo
7 days replacement, 1 year service warranty
Location: Khilgaon Paka Masjid Market, Shop 37, Dhaka
Contact for more details"
Apple iPhone 16 128 GB Purple,68000,Used,"Rajshahi, Shaheb Bazar",2 hours ago,https://bikroy.com/shaheb-bazar/mobile-phones/apple-iphone-16-128-gb-purple-4YZaikfWS3axeiD7HmuT5tTA.html,3,2026-08-27T07:28:02.381169+00:00,individual,"iPhone 16

128 GB, 90% Battery Health

Experience Super Condition  

Enjoy 7 days replacement guarantee   
Enjoy 1 year service warranty   

#exchange possible  

Our Address :
Smart Choice , Shop No. 211 , 
City center , Beside of Rajshahi College , Sonadigir mor Rajshahi

Call for any details 017XXXXXXXX"
Apple iPhone 16 128 GB White,67500,Used,Rajshahi,1 hour ago,https://bikroy.com/rajshahi/mobile-phones/apple-iphone-16-128-gb-white-tTqHb9PWCUsIHZDdnJolST0.html,3,2026-08-27T07:28:02.804688+00:00,individual,"iPhone 16
128 GB, 100% Battery Health
Physical SIM
Super condition
7 days replacement guarantee
1 year service warranty
#exchange possible
Our Address:
Smart Choice, Shop No. 211,
City Center, Beside Rajshahi College, Sonadighi Mor, Rajshahi
Call for any details:"
Apple iPhone 11 128 GB Purple,28000,Used,"Rajshahi, Shaheb Bazar",1 hour ago,https://bikroy.com/shaheb-bazar/mobile-phones/apple-iphone-11-128-gb-purple-v5LqCD6lqgnInI19TJCJFWNE.html,3,2026-08-27T07:28:03.423240+00:00,individual,"iPhone 11
128 GB, 88% Battery Health
Super condition
7 days replacement guarantee
1 year service warranty
#exchange possible
Our Address:
Smart Choice, Shop No. 211,
City Center, Beside Rajshahi College, Sonadighi Mor, Rajshahi
Call for any details:"
Apple iPhone 13 Pro 128 GB Black,47000,Used,Rajshahi,16/08,https://bikroy.com/rajshahi/mobile-phones/apple-iphone-13-pro-128-gb-black-oCboOgElg1Z1nYWyNWnNBkur.html,3,2026-08-27T07:28:04.027125+00:00,individual,"128 gb rom, 6gb ram, 120hz display, ✅true tone ok✅ Display changed ⭕️. Rest all authentic"
Apple iPhone 13 Pro Max 256 GB,48990,Used,"Rajshahi, Kazla",21/08,https://bikroy.com/kazla/mobile-phones/apple-iphone-13-pro-max-256-gb-3A46Mnf9MKUfdOKPODLjggzN.html,5,2026-08-27T07:28:04.433496+00:00,individual,"Battery Health 76%. Full box with original charger included... I have used this phone for the past 2 years... No heavy tasks were performed on the phone... The phone condition is just like new with not a single scratch on the body... 13 Pro Max is known to have display issues, which happened to mine as well, but I got the best display installed from Apple Gadgets Care Dhaka."
Apple iPhone 15 256 GB Blue,85000,Used,"Chattogram, CDA Avenue",05/08,https://bikroy.com/cda-avenue/mobile-phones/apple-iphone-15-256-gb-blue-rAHU16adujb9l0l1TTvzmyCr.html,3,2026-08-27T07:28:04.686430+00:00,individual,"The phone was used only for taking pictures, otherwise it stays in the room at home. I use Android so this is not used, it is only used when taking pictures or occasionally checking Facebook. Thank you"
Apple iPhone 15 Pro Max 512 GB Black,93000,Used,"Chattogram, Chandgaon",09/08,https://bikroy.com/chandgaon/mobile-phones/apple-iphone-15-pro-max-512-gb-black-6giW1bXXY349PHNWnctiBbDV.html,5,2026-08-27T07:28:05.459375+00:00,individual,"15 pro max 512 gb unit for sell at low price only 90000 
battery health 86
location bohaddarhat
full box and full fresh"
Apple iPhone 12 mini 256 GB White,24000,Used,"Chattogram, Agrabad",10/08,https://bikroy.com/agrabad/mobile-phones/apple-iphone-12-mini-256-gb-white-bkHIWEAgcUwxetYRCeuo5lKJ.html,4,2026-08-27T07:28:06.073703+00:00,individual,"Everything ok
No box
Cash Memo only"
Apple iPhone 13 Pro Max 256 GB Blue,45000,Used,"Chattogram, Patiya",17/08,https://bikroy.com/patiya/mobile-phones/apple-iphone-13-pro-max-256-gb-blue-fMav2Z9A4duKEEJEQfc27yY1.html,4,2026-08-27T07:28:06.850651+00:00,individual,"Display and battery changed.
Original display and battery are with me
Original battery health 77%
True tone and face id all okay
Good quality display has been installed
Cash memo will be given with the mobile"
Apple iPhone 13 Pro 256 GB Blue,49000,Used,"Chattogram, Chandgaon",07/08,https://bikroy.com/chandgaon/mobile-phones/apple-iphone-13-pro-256-gb-blue-3syuywSAtsp6n4Rq9O58oKuS.html,3,2026-08-27T07:28:07.507079+00:00,individual,"IPhone 13 Pro (256 GB)
Battery Health: 92%
Color: Sierra Blue
The phone is in brand new condition. No issues at all. Interested parties please call:"
Apple iPhone 16 Pro Max 512 GB Gold,132000,Used,"Dhaka, Baridhara",4 hours ago,https://bikroy.com/baridhara/mobile-phones/apple-iphone-16-pro-max-512-gb-gold-A7FJrH8HJcOcXgZkUGfoohl7.html,3,2026-08-27T07:28:07.891948+00:00,individual,iPhone 16 Pro Max available at Jamuna Future Park.
Apple iPhone 16 Pro Max 256 GB Gray,120000,Used,"Dhaka, Jatrabari",18/08,https://bikroy.com/jatrabari/mobile-phones/apple-iphone-16-pro-max-256-gb-gray-7STHTkbGw4dmJ2kWQ2bLpzgE.html,4,2026-08-27T07:28:08.733620+00:00,individual,"Apple iPhone 16 Pro Max 256GB for sale. Battery Health: 100%, Cycle Count: 130, First Use: August 2025, Manufacture: May 2025, 256GB Storage, Box Available, Very good condition. Price: 120 (Note: as in original), Location: Jurain Shyampur Dhaka. Serious buyers please inbox/call. You can check it thoroughly in person. Selling because I will buy the 17 Pro Max."
Apple iPhone 16 Pro Max 256 GB Black,110000,Used,"Dhaka, Savar",23/08,https://bikroy.com/savar/mobile-phones/apple-iphone-16-pro-max-256-gb-black-19VwKIPR3NGXk8lEkaTxZqWF.html,5,2026-08-27T07:28:09.351389+00:00,individual,"iPhone 16 Pro Max 
Battery 90 original 
No replacement history 
Contact"
Apple iPhone 13 Pro 256 GB Black,52000,Used,"Dhaka, Mogbazar",15/08,https://bikroy.com/mogbazar/mobile-phones/apple-iphone-13-pro-256-gb-black-94z79tZVuJEpdtdKFF2qwGS8.html,5,2026-08-27T07:28:09.838299+00:00,individual,"USA variant, 256GB, Graphite Black, Battery Health 74% (original), Display, True Tone, Body all OK (never opened), Box available. Charger, cable, headphones not included."
Apple iPhone Air 256 GB Black,99000,Used,"Dhaka, Mogbazar",10/08,https://bikroy.com/mogbazar/mobile-phones/apple-iphone-air-256-gb-black-5PIXpNb60ZYTuG3wc4jqMIOj.html,4,2026-08-27T07:28:10.636375+00:00,individual,"You will rarely find one without a single scratch, very carefully used, 100% BH and all. All screenshots are provided, box and cable are included. Delivery possible if fuel cost is paid :)"
Apple iPhone 15 Pro Max 256 GB Silver,90000,Used,"Dhaka, Mirpur",13/08,https://bikroy.com/mirpur/mobile-phones/apple-iphone-15-pro-max-256-gb-silver-uWGIeIAaJQhWNBXD8Z9mlcF7.html,4,2026-08-27T07:28:10.929743+00:00,individual,"For sale: iPhone 15 Pro Max, Natural Titanium. Just like new, fully fresh, used by myself. No problems, battery health 81%, 256GB storage. Negotiable / price is slightly reducible"
Apple iPhone 12 Pro Max 128 GB Blue,47000,Used,"Dhaka, Bangshal",1 day ago,https://bikroy.com/bangshal/mobile-phones/apple-iphone-12-pro-max-128-gb-blue-Ck3MG2KwBqfxuZQJPrE5vxHR.html,3,2026-08-27T07:28:11.704996+00:00,individual,"Full fresh, used by a single person 
Battery 77% original 
Only back camera was changed and replaced with an original one from ifixfast"
Apple iPhone 12 Pro Max 128 GB Purple,45000,Used,"Dhaka, Uttara",16/08,https://bikroy.com/uttara/mobile-phones/apple-iphone-12-pro-max-128-gb-purple-zWvQnDxWNcBuvPDo5U2JRiPq.html,5,2026-08-27T07:28:12.117320+00:00,individual,"There are no problems whatsoever with the phone, selling only for money. There is no box with the phone, only the cash memo."
Apple iPhone 14 128 GB Black,35999,Used,"Dhaka, Savar",21/08,https://bikroy.com/savar/mobile-phones/apple-iphone-14-128-gb-black-fYJeT1EgchI1o5kI3ZzcYKU1.html,5,2026-08-27T07:28:12.823430+00:00,individual,"No box only device and security
NID passport stamp whatever you want, my personal user phone, gifted from abroad, used by single hand, fixed price
Face ID, True tone ok
Battery health 85%, very good backup
Camera is fire, looks very pretty
There is 1 issue as shown in the picture: green line and little crack on the back, if you find even a dot of other problem I will give it for free
Location: Hemayetpur, Savar"
Xiaomi 13 Ultra 256 GB Black,43000,Used,"Dhaka, Keraniganj",06/08,https://bikroy.com/keraniganj/mobile-phones/xiaomi-13-ultra-256-gb-black-CeDFk20Uo19SiduDz2NEpkOE.html,5,2026-08-27T07:28:13.454591+00:00,individual,"Model: Xiaomi 13 Ultra (Global Variant)
 Variant: 12GB RAM + 256GB Storage
 Color: Black (Leather Back)
.
Condition:
 Used, Excellent Condition
 100% Functional
 Box Not Available
 Charger + 1 Cover Included
 Cash Memo Available
.
.
.
.
 Location: Dhaka, Keraniganj, Kolatia, Aksail"
Xiaomi 17 256 GB White,72000,Used,"Dhaka, Rampura",18/08,https://bikroy.com/rampura/mobile-phones/xiaomi-17-256-gb-white-hsTiZEnVf7aDcRhowyUMI1yA.html,5,2026-08-27T07:28:14.010265+00:00,individual,"Original Authentic Phone, Chinese Version.
Bootloader has not been unlocked and no Custom Rom has been installed.
Activation date 4 February, 2026.
Battery health 98%
Full Fresh, no marks, breaks, or scratches.
Box, charger, cash memo everything is included.
Those whose budget is 50k-60,65k or who want to Exchange, please do not message or call unnecessarily."
New Xiaomi Redmi Turbo 4 Pro 256 GB,42999,Brand New,"Dhaka, Bashundhara City",4 hours ago,https://bikroy.com/bashundhara-city/mobile-phones/new-xiaomi-redmi-turbo-4-pro-256-gb-yrYnpfgXFaD1Cy5IjYDTJYuK.html,3,2026-08-27T07:28:14.563111+00:00,individual,"10 days replacement guarantee
 2 years service warranty
 Safe courier service across the country
 Attractive exchange offer
 Basement-1, Shop-84, Bashundhara City Shopping Mall
 Price is negotiable. Please contact via WhatsApp before coming."
Xiaomi 13 Pro 256 GB Black,33999,Used,"Dhaka, Dhanmondi",2 hours ago,https://bikroy.com/dhanmondi/mobile-phones/xiaomi-13-pro-256-gb-black-oJh5lOTqF4wQ0lkyO8qj920s.html,3,2026-08-27T07:28:15.120919+00:00,individual,"Xiaomi 13 Pro 8+256GB Authentic CN box. Fresh condition with money receipt. No repair history. No scratches or dents. Camera and battery backup are very good. Warranty policy: We provide a 10-day replacement and 2 years of service (excluding parts). Address: 3rd floor, shop No-411, Orchard Point Shopping Complex, Dhanmondi 7."
Xiaomi Redmi Note 15 256 GB Silver,33000,Used,"Dhaka, Mirpur",22/08,https://bikroy.com/mirpur/mobile-phones/xiaomi-redmi-note-15-256-gb-silver-xveqlzfKj3mMO8uamW4j8Ywg.html,5,2026-08-27T07:28:15.889551+00:00,individual,"Urgent Sale: Redmi Note 15 5G (Full Box)
Grab this completely fresh condition Redmi Note 15 5G phone. There are no issues with the phone, it is running as good as new.
Brief Description:
Model: Redmi Note 15 5G
Condition: Completely fresh, no performance or internal issues.
Included: Original charger, original cash memo/box."
Xiaomi Mi 11 Ultra 256 GB White,32000,Refurbished,"Dhaka, Banglamotor",1 hour ago,https://bikroy.com/banglamotor/mobile-phones/xiaomi-mi-11-ultra-256-gb-white-w3rWwW6FavHQcohpGGtEGNFa.html,5,2026-08-27T07:28:16.434634+00:00,individual,"Xiaomi 11 Ultra 12/256GB
TK 32000/=
FULL FRESH CONDITION
You can check as much as you want
Our shop address Dhaka Elephant Road Motaleb Plaza 1205
Please call me for details 018XXXXXXXX"
New Samsung Galaxy S24 Ultra 256 GB Silver,75000,Brand New,"Rajshahi, Boalia",09/07,https://bikroy.com/boalia/mobile-phones/new-samsung-galaxy-s24-ultra-256-gb-silver-cCSUsGyrdckmxuExB8vWvaHU.html,5,2026-08-27T07:28:16.867136+00:00,individual,Cash memo will be provided and charger.
New Samsung Galaxy S23 Ultra 256 GB Black,58950,Brand New,"Rajshahi, Hatemkha",13/07,https://bikroy.com/hatemkha/mobile-phones/new-samsung-galaxy-s23-ultra-256-gb-black-gc3LJcNKh8lJcAIdFqDvITFx.html,4,2026-08-27T07:28:17.590660+00:00,individual,Super fresh. Active date: 24-12-24.
Samsung Galaxy S25 12/256 (Used),57000,Used,Rajshahi,2 hours ago,https://bikroy.com/rajshahi/mobile-phones/samsung-galaxy-s25-12-256-used-jPd75CcbEqEAYsMLV3VbBT0e.html,4,2026-08-27T07:28:18.370659+00:00,individual,"Samsung S25 

12 GB RAM, 256 GB ROM 

Super condition 🔥🔥

Enjoy 7 days replacement guarantee ✅ 
Enjoy 1 year service warranty ✅ 

#exchange possible ✅

Our Address :
Smart Choice, Shop No. 211, 
City center, Beside of Rajshahi College, Sonadigir mor, Rajshahi

Call for any details:"
Samsung Galaxy A35 256 GB Blue,21999,Used,"Rajshahi, Paba",2 hours ago,https://bikroy.com/paba/mobile-phones/samsung-galaxy-a35-256-gb-blue-2CMblLSpQv6dJM5wgxnKbw86.html,5,2026-08-27T07:28:18.828111+00:00,individual,"Samsung model-A35-Rom-8-Ram-256 Our phones are 100% full fresh, please be assured. All our phones come with a seven-day replacement guarantee and a one-year service warranty. For your security, a shop cash memo is provided with every phone. We have all kinds of Android mobile phones available. Nokhata Bazar, beside Akbar Mosque, Poba, Rajshahi"
Samsung Galaxy Z Flip 5 256 GB Pink,40000,Used,"Rajshahi, Boalia",21/08,https://bikroy.com/boalia/mobile-phones/samsung-galaxy-z-flip-5-256-gb-pink-zBseJuQwRwgSn6G5Z9bJi0Zu.html,5,2026-08-27T07:28:19.395116+00:00,individual,Completely fresh condition
Samsung Galaxy S21 FE 5G 128 GB Gray,18000,Used,"Rajshahi, Shaheb Bazar",16/08,https://bikroy.com/shaheb-bazar/mobile-phones/samsung-galaxy-s21-fe-5g-128-gb-gray-U8R84gN8sECS5n7Z6giiGkn.html,5,2026-08-27T07:28:19.920745+00:00,individual,"Selling urgently due to needing money.
1. Display replaced due to green line issue. Market original display installed, fingerprint works with very good quality.
2. Everything else is original.
3. Phone has 1% problem. No scratches.
4. Price is slightly negotiable upon discussion.
5. Don't waste time quoting ridiculous prices. Contact quickly if you want to buy."
Samsung Galaxy S24 Ultra 512 GB Gold,83000,Used,"Chattogram, Nasirabad",13/07,https://bikroy.com/nasirabad/mobile-phones/samsung-galaxy-s24-ultra-512-gb-gold-dxEOFOvZ25AlGnrzJxS32fYG.html,3,2026-08-27T07:28:20.843152+00:00,individual,"Full box given 
12/512 
Vietnam variant
A very little dot in the screen otherwise all ok no scratch"
Samsung Galaxy S24 Ultra (Used),90000,Used,"Chattogram, Khulshi",23/04,https://bikroy.com/khulshi/mobile-phones/samsung-galaxy-s24-ultra-used-7CO4BEAXvKuCTvUK7J1NNbx6.html,3,2026-08-27T07:28:21.234328+00:00,individual,"100% fresh.
Full boxed. Not a single spot. Original cable.
With premium phone case."
Samsung Galaxy S24 Ultra 256 GB Black,85000,Used,"Chattogram, Agrabad",19/07,https://bikroy.com/agrabad/mobile-phones/samsung-galaxy-s24-ultra-256-gb-black-6tG5zsRVYCqTAF5F626HmuwZ.html,5,2026-08-27T07:28:21.724212+00:00,individual,Phone like new. No repair history. Box nai but any kind of security dewa Jabe. Everything works perfectly.Location must.
Samsung Galaxy A17 5G 128 GB Blue,25000,Used,"Chattogram, Patenga",17/08,https://bikroy.com/patenga/mobile-phones/samsung-galaxy-a17-5g-128-gb-blue-r3aySlddEHm9CVHImOjgvNkn.html,4,2026-08-27T07:28:22.366617+00:00,individual,"Samsung A17 is one hundred percent brand new. Box, cash memo, and everything will be provided. It has been used for only 20-25 days. There is not even a microscopic scratch or mark anywhere. Only genuine buyers should inbox."
Samsung Galaxy S25 256 GB Blue,54990,Used,"Chattogram, Chawkbazar",1 hour ago,https://bikroy.com/chawkbazar/mobile-phones/samsung-galaxy-s25-256-gb-blue-dzNdgdNrPt53YkTnY7uxnYS5.html,5,2026-08-27T07:28:23.035833+00:00,individual,"Samsung Galaxy S25 (12GB / 256GB). Used for only 1 month | Super clean condition. Warranty Benefits: 15-day replacement guarantee, Lifetime service warranty."
Samsung Galaxy S24 FE 256 GB Green,41990,Used,"Chattogram, CDA Avenue",1 hour ago,https://bikroy.com/cda-avenue/mobile-phones/samsung-galaxy-s24-fe-256-gb-green-ndqYZArJqC3sCbjohh9M4aHv.html,3,2026-08-27T07:28:23.705331+00:00,individual,"📱 Samsung Galaxy S25 FE

✨ Experience Like-New Quality | Fully Fresh Condition

⚡ 8GB RAM | 256GB Storage | 📸 Flagship Camera | ✨ Premium Design

🛡️ Enjoy 15-Day Replacement Guarantee | Lifetime Service Warranty

📍Finlay Square, Level-4, Shop-406, 2 No Gate, Nasirabad, Chattogram"
Samsung Galaxy S25 Ultra 512 GB White,102000,Used,"Dhaka, Baridhara",4 hours ago,https://bikroy.com/baridhara/mobile-phones/samsung-galaxy-s25-ultra-512-gb-white-zErySP9Rx83e90DWpP1HJZa0.html,3,2026-08-27T07:28:24.431406+00:00,individual,Samsung S25 Ultra available at Jamuna Future Park.
New Samsung Galaxy S26 256 GB,125999,Brand New,"Dhaka, Dhanmondi",4 hours ago,https://bikroy.com/dhanmondi/mobile-phones/new-samsung-galaxy-s26-256-gb-54WuA5W1vi7OFFYUFbSIGobS.html,4,2026-08-27T07:28:25.097479+00:00,individual,"Model: Samsung Galaxy S26 Ultra (SM-S948B/DS) - Dual SIM
Storage / RAM: 256GB ROM / 12GB RAM
Color: Cobalt Violet (Stunning, premium finish)
Origin: Made in Vietnam
Condition: 100% Brand New
Shop name: Tech Emporium
**Find us at:**
Shop 3104, Level 3, Shimanto Shambhar, Dhanmondi.
Call/WhatsApp: ** (Antor)**"
Samsung Galaxy S24 Ultra 256 GB Bronze,80000,Used,"Dhaka, Baridhara",5 hours ago,https://bikroy.com/baridhara/mobile-phones/samsung-galaxy-s24-ultra-256-gb-bronze-3WRG6Ye7jJ13UWZ7rjIZVVVw.html,3,2026-08-27T07:28:25.743484+00:00,individual,Samsung s24 Ultra Jamuna future park
Samsung Galaxy A55 256 GB White,27990,Used,"Dhaka, Mirpur",2 hours ago,https://bikroy.com/mirpur/mobile-phones/samsung-galaxy-a55-256-gb-white-pQdvAfBr8qnSuGW4zeelGlAE.html,5,2026-08-27T07:28:26.480246+00:00,individual,">Adiba Telecom >
Shop No: 34, 3rd Floor, Baghdad Shopping Complex, Mirpur-1, Dhaka-1216...
The phone is 100% genuine and we offer a 7-day replacement guarantee and a 1-year free service warranty. (Without Parts)
Free courier charge all over Bangladesh
Exchange offer. Discount price.
Body slight dent"
Samsung Galaxy Note 20 Ultra 256 GB Silver,26000,Used,"Dhaka, Mirpur",15 hours ago,https://bikroy.com/mirpur/mobile-phones/samsung-galaxy-note-20-ultra-256-gb-silver-yS5K3aQWTSppnm2cGf8l4JQU.html,5,2026-08-27T07:28:27.018898+00:00,individual,"আমার হাতের ফোন কিছু দিন আগে ৪ টা গ্রীন লাইন পড়ার কারনে ডিসপ্লে চেঞ্জ করছি।  আর গ্রীন লাইন পড়বে না।  কারন ওলেড ডিসপ্লে লাগানো হয়েছে।  সাথে আমার স্টুডেন্ট আইডি কাট আর জন্মনিবন্ধন কপি দেওয়া হব। অবশ্যই চেক করে নিবেন 
Pls call me 017XXXXXXXX"
Samsung Galaxy A53 5G 128 GB White,25000,Used,"Dhaka, Wari",13/08,https://bikroy.com/wari/mobile-phones/samsung-galaxy-a53-5g-128-gb-white-deYnHlZjMf0J4sxEedxfdU1C.html,4,2026-08-27T07:28:28.029634+00:00,individual,"There are no problems of any kind with the product, made in Japan, plastic wrap is on the body, no scratches, Gorilla Glass is on the front, camera quality is very good, no problems at all, NID card can be provided if needed"
New Samsung Galaxy A17 5G 256 GB Black,28000,Brand New,"Dhaka, Uttara",1 hour ago,https://bikroy.com/uttara/mobile-phones/new-samsung-galaxy-a17-5g-256-gb-black-q0faFwI2PBKT948PDw41jZgO.html,2,2026-08-27T07:28:28.575423+00:00,individual,Brand New Samsung Galaxy A17 5G 8/256GB Black and Gray Available
Apple iPhone 16 Pro Max International (Used),124000,Used,Rajshahi,2 hours ago,https://bikroy.com/rajshahi/mobile-phones/apple-iphone-16-pro-max-international-used-l8ZYqC5lOYSqnQWAs5WFKEEN.html,0,2026-08-27T07:28:29.091404+00:00,individual,"iPhone 16 Pro Max 🔥

256 GB, 97% Battery Health

International Global Version 🔥

Super condition 🔥🔥

7 days replacement guarantee ✅
1 year service warranty ✅

#exchange possible ✅

Our Address:
Smart Choice, Shop No. 211,
City Center, Beside Rajshahi College, Sonadighi Mor, Rajshahi

Call for any details"
Apple iPhone 16 Pro Max 256 GB Silver,127000,Used,"Rajshahi, Durgapur",15/05,https://bikroy.com/durgapur-1/mobile-phones/apple-iphone-16-pro-max-256-gb-silver-jFftCS6EkAw8hprEjHjSvhbM.html,5,2026-08-27T07:28:29.949404+00:00,individual,"iPhone 16 Pro Max (Singapore)
256GB | Natural Titanium | Like New
In fresh condition, brand new look
 256GB | Singapore Variant
 Cycle ~160 | Battery 100%
 No scratch / dent
 Never repaired
 Original charger + 8 covers
 Camera & Screen Protector included
 Price is almost fixed
 Serious buyers only
 Inbox / Call if interested"
Apple iPhone 16 Pro Max 256 GB,129999,Used,"Rajshahi, Baharampur",21/06,https://bikroy.com/baharampur/mobile-phones/apple-iphone-16-pro-max-256-gb-fShnzR2EYw90F51LeoKqXDjw.html,5,2026-08-27T07:28:30.677270+00:00,individual,"Apple Limited Warranty till 29 August 2026
Australian Variant
Physical SIM + eSIM
Battery Health: 100%
Cycle Count: 234
No Scratch
No Dent
No Repair History
Never Opened
Box + Original Type-C Cable Available
Reason for Selling:
Upgrade to iPhone 17 Pro Max
Face to Face Deal Preferred
Location: Rajshahi"
Apple iPhone 17 256 GB Purple,85000,Used,"Rajshahi, Shaheb Bazar",1 hour ago,https://bikroy.com/shaheb-bazar/mobile-phones/apple-iphone-17-256-gb-purple-frczBnkxheo8kTxebesAwREj.html,3,2026-08-27T07:28:31.230732+00:00,individual,"iPhone 17
256 GB, 100% Battery Health
Physical SIM
Super condition
7 days replacement guarantee
1 year service warranty
#exchange possible
Our Address:
Smart Choice, Shop No. 211,
City Center, Beside Rajshahi College, Sonadighi Mor, Rajshahi
Call for any details:"
Apple iPhone 15 128 GB White,58000,Used,"Rajshahi, Kazla",1 day ago,https://bikroy.com/kazla/mobile-phones/apple-iphone-15-128-gb-white-zw4IDVwavg0sqlKOcacMQEF8.html,5,2026-08-27T07:28:31.440658+00:00,individual,"Singapore variant phone comes with a box, battery health 85%, phone is 100% fresh"
Apple iPhone 16 Pro Max 256 GB Bronze,115000,Used,"Rajshahi, Shaheb Bazar",1 hour ago,https://bikroy.com/shaheb-bazar/mobile-phones/apple-iphone-16-pro-max-256-gb-bronze-dkozXQRyhyMTwlV9REij7Sfr.html,3,2026-08-27T07:28:31.892904+00:00,individual,"iPhone 16 Pro Max, 256 GB, 91% battery health, USA version, super condition, 7 days replacement guarantee, 1 year service warranty. Exchange possible. Our Address: Smart Choice, Shop No. 211, City Center, Beside Rajshahi College, Sonadighi Mor, Rajshahi. Call for details."
Apple iPhone 13 128 GB White,44000,Used,"Rajshahi, Uposahar",20/08,https://bikroy.com/uposahar/mobile-phones/apple-iphone-13-128-gb-white-qfvdcSR9UrpYGmp4DKs7vp8a.html,5,2026-08-27T07:28:32.620735+00:00,individual,"Full fresh condition phone no problem at all, phone has no scratches."
Apple iPhone 11 Pro 256 GB Black,27000,Used,"Rajshahi, Bagmara",19/08,https://bikroy.com/bagmara/mobile-phones/apple-iphone-11-pro-256-gb-black-utpA2KCrAYzlTnturU07Uv5f.html,5,2026-08-27T07:28:33.248558+00:00,individual,"Selling due to an emergency need for money for family issues. Price is negotiable, no problem."
Apple iPhone 13 Pro Max 256 GB White,35000,Used,"Rajshahi, Boalia",14 hours ago,https://bikroy.com/boalia/mobile-phones/apple-iphone-13-pro-max-256-gb-white-paEoHyurulpOhrM6OhBgckaV.html,5,2026-08-27T07:28:34.048567+00:00,individual,"iPhone 13 pro max
USA variant
Genuine 
256gb
68%bh
Only display broken
True tone ok
Face id ok
Contact 017XXXXXXXX"
Apple iPhone 16 Pro Max 256 GB White,122000,Used,"Chattogram, Oxygen",17/06,https://bikroy.com/oxygen/mobile-phones/apple-iphone-16-pro-max-256-gb-white-tHBhfiK0vPHMY8aHh5TgQSbd.html,5,2026-08-27T07:28:34.657851+00:00,individual,"Iphone 16pro max white titanium 256gb tdra (dubai)
""""brand new condition """" 
bh:- 100%
charging cycle :- 66
5-6month warrant left
full box ache cash memo ache
call 016XXXXXXXX"
New Apple iPhone 17 Pro Max 256 GB Silver,169000,Brand New,"Chattogram, Chawkbazar",17/05,https://bikroy.com/chawkbazar/mobile-phones/new-apple-iphone-17-pro-max-256-gb-silver-k5Phgq5VyvQCmheUbui1p6It.html,2,2026-08-27T07:28:35.348137+00:00,individual,"If you want the best price, please visit our shop."
New Apple iPhone 17 Pro Max 256 GB White,169999,Brand New,"Chattogram, Chandgaon",19/06,https://bikroy.com/chandgaon/mobile-phones/new-apple-iphone-17-pro-max-256-gb-white-sj305H3n4ssB0OChjyzbQajx.html,4,2026-08-27T07:28:36.030589+00:00,individual,"iPhone 17 Pro Max 256GB Dual Physical SIM. Available in Cosmic Orange, Silver, and Deep Blue."
Apple iPhone 15 Pro Max 256 GB Black,84500,Used,"Chattogram, Chandgaon",19/08,https://bikroy.com/chandgaon/mobile-phones/apple-iphone-15-pro-max-256-gb-black-jPAAdAZ96iNhBNyU7R2L76uM.html,4,2026-08-27T07:28:36.915383+00:00,individual,"IPhone 15 Pro Max for Sale
Condition: Like New / Gently Used
Color: Black Titanium 
Storage: 256GB
 Battery Health: 86%
 Only phone.
 Origin : LLA (USA) 
 Dual eSIM
 No scratches
 No issues – fully functional
 Used with care
 Price: 84,500/-
Location: Chandgaon 
Call for more"
Apple iPhone 16 128 GB Black,72000,Used,"Chattogram, Satkania",14/08,https://bikroy.com/satkania/mobile-phones/apple-iphone-16-128-gb-black-aPiTvSyheveqocI7mvWXSz3e.html,5,2026-08-27T07:28:37.427012+00:00,individual,"Model: iPhone 16
Storage: 128 GB
Battery Health: 89%
Variant: Dubai Variant (Bottom physical SIM + eSIM)
Original box is available.
Usage: Used for 1 year.
Price: Taka
What you will get with it: Original box
3 premium covers
 Location: Keranirhat Gol Chattar"
Apple iPhone 16 Pro 128 GB Graphite,87000,Used,"Chattogram, Khulshi",15/08,https://bikroy.com/khulshi/mobile-phones/apple-iphone-16-pro-128-gb-graphite-swz6deeAEPVzUGhfTsbKlbec.html,3,2026-08-27T07:28:38.296225+00:00,individual,"Purchased in brand new condition from US apple store in January 2025
Used one and half year
Recently charging IC got damaged. Repaired, which did cost me taka
Now it's fully ok
Otherwise no dent, no scratch,no water issue
Will box and original charging cable"
Apple iPhone 11 Pro Max 256 GB Gold,36000,Used,"Chattogram, Bakoliya",19/08,https://bikroy.com/bakoliya/mobile-phones/apple-iphone-11-pro-max-256-gb-gold-CqYT24FjQp7dkZGskpB0Hsja.html,4,2026-08-27T07:28:38.894997+00:00,individual,"Only set security and cover and cash memo er pic ace all ok kono problem nai 
BH 87 original 
LL/A variant
All original still"
Apple iPhone 14 128 GB White,44990,Used,"Chattogram, CDA Avenue",1 hour ago,https://bikroy.com/cda-avenue/mobile-phones/apple-iphone-14-128-gb-white-i9wkjm7v34rrOZyc7WVHe3gG.html,3,2026-08-27T07:28:39.482734+00:00,individual,"iPhone 14 — Hot Deal at Decent 

Apple iPhone 14 (Global)

128GB | 🔋 Enjoy 84% Battery Health



Capture stunning photos with a Powerful Camera for daily use

Delivery Available |

15-day replacement guarantee | Lifetime service warranty 018XXXXXXXX"
Apple iPhone 12 Pro 256 GB Blue,32000,Used,"Chattogram, Halishahar",22/08,https://bikroy.com/halishahar/mobile-phones/apple-iphone-12-pro-256-gb-blue-crk6bzZJcCtUcnfSyp4pCrWf.html,3,2026-08-27T07:28:40.140264+00:00,individual,"Problem: Back shell is cracked,
Battery Health 78% Original.
Water damaged 6-7 days ago, ear speaker is damaged, have to talk on speaker.
To fix all these, it will cost 6-7k. I don't have money, so I am selling it. Otherwise, it can be sold for 38k after fixing it.
Only mobile and cash memo will be given.
Everything else is okay, you can check before buying."
Apple iPhone 17 Pro Max 512 GB Orange,173000,Used,"Dhaka, Baridhara",5 hours ago,https://bikroy.com/baridhara/mobile-phones/apple-iphone-17-pro-max-512-gb-orange-clVA1kzCgUkCwCSrGREymfN5.html,5,2026-08-27T07:28:40.624744+00:00,individual,iPhone 17 Pro Max 512gb 100% health full boxed global physical + esim UK variant as like new condition
Apple iPhone 16 Pro Max 256 GB,110000,Used,"Dhaka, Basundhara",1 day ago,https://bikroy.com/basundhara/mobile-phones/apple-iphone-16-pro-max-256-gb-5Da2LsaFzI44M3ZH6AkcAw5j.html,4,2026-08-27T07:28:41.369608+00:00,individual,"iPhone 16 Pro Max 256GB — desart Titanium
Storage: 256GB
Battery Health: 84%

🔄 Cycle Count:584
First Use: December 2024
Box Available
Cable also
Dual SIM: Physical SIM + eSIM

✨ Clean condition. Serious buyers can check everything before purchase.

💰 Asking Price: ৳115000


📍 Location: Bashundhara R/A, D Block

WhatsApp 018XXXXXXXX"
Apple iPhone 17 Pro Max 256 GB Orange,145000,Used,"Dhaka, Jatrabari",1 day ago,https://bikroy.com/jatrabari/mobile-phones/apple-iphone-17-pro-max-256-gb-orange-kkr1ikChJHuonXQkhAGYAYUZ.html,4,2026-08-27T07:28:42.128768+00:00,individual,"203 cycle count . 99 battery health. Box charger sob dia dibo. Japan variant , e sim 2ta . 18 nibo tai sell korbo"
Apple iPhone 14 Pro Max 256 GB Black,55000,Used,"Dhaka, Khilgaon",23/08,https://bikroy.com/khilgaon/mobile-phones/apple-iphone-14-pro-max-256-gb-black-n9yYAJAIlZpXEvwnUMUcnH86.html,4,2026-08-27T07:28:42.904819+00:00,individual,"iPhone 14 Pro Max — 256GB | BH 79%
Storage: 256GB
Battery Health: 79%
Physical Condition: Completely full fresh
Repair History: None
There are 3 Green Lines on the display — clearing this up beforehand.
Other than that, everything in the phone is completely okay and in fresh condition.
Face ID
True Tone
Camera
Speaker & Mic
Charging
Buttons
Network
All functions OK"
Apple iPhone 15 Pro Max 256 GB Gray,100000,Used,"Dhaka, Demra",16/08,https://bikroy.com/demra/mobile-phones/apple-iphone-15-pro-max-256-gb-gray-iO4QAEgzG5KhKtIcyUfp7ITw.html,4,2026-08-27T07:28:43.332866+00:00,individual,"No issues
Completely fresh
Battery health 90%
Everything ok
Box is also available"
Apple iPhone 15 Pro 128 GB White,77000,Used,"Dhaka, Uttara",1 hour ago,https://bikroy.com/uttara/mobile-phones/apple-iphone-15-pro-128-gb-white-9WkXmAO4wI5iQ9B1lMsk9g6Q.html,2,2026-08-27T07:28:43.973169+00:00,individual,"Used iPhone 15 Pro 128GB 
Global Variant 
Physical and Esim 
Battery 87%
Cycle 629
Hotline 017XXXXXXXX"
Apple iPhone 15 Pro Max 256 GB Blue,83000,Used,"Dhaka, Mohammadpur",17/08,https://bikroy.com/mohammadpur/mobile-phones/apple-iphone-15-pro-max-256-gb-blue-nAmJIglHOC4MhE5D1A9vjlKY.html,3,2026-08-27T07:28:44.693644+00:00,individual,"iPhone 15 Pro Max 256 GB at a very low price
Just the backshell changed because of an accident
Battery health - 90% fully authentic
Phone fully fresh not a single scratch on the device
Japan variant
Camera is very beautiful
Everything is authentic"
Apple iPhone 15 Pro Max 256 GB Gray,98000,Used,"Dhaka, Uttara",2 hours ago,https://bikroy.com/uttara/mobile-phones/apple-iphone-15-pro-max-256-gb-gray-z3Fu1muH0TWf9At7mdAZPfg9.html,4,2026-08-27T07:28:45.207851+00:00,individual,"IPhone 15 Pro Max 256GB Natural Titanium Pre-Owned with Box
Singapore Variant
Battery Health 86%
100% Original & Non Refurbished Product
7 Days Replacement & 1 Year Service Warranty
EMI Facility is also AVAILABLE
Exchange Hub
Shop No: 610, 611, 628 & 629 Level-6, Tropical Alauddin Tower
Sector 3, Road 2, Rajlaxmi, Uttara."
Apple iPhone 13 128 GB White,39000,Used,"Dhaka, Uttara",1 day ago,https://bikroy.com/uttara/mobile-phones/apple-iphone-13-128-gb-white-fcCc2EMcKYOdlH7vWZzdiJV9.html,3,2026-08-27T07:28:45.718299+00:00,individual,Battery health 80-81% 128gb display te halka ek fota scratch ase authentic display and battery
Apple iPhone 11 256 GB Rose Gold,22999,Used,"Dhaka, Mirpur",1 day ago,https://bikroy.com/mirpur/mobile-phones/apple-iphone-11-256-gb-rose-gold-yIVjsW71vhevg14Neosl6z7W.html,5,2026-08-27T07:28:46.023401+00:00,individual,Face id update ar 1 din age chole gese abr update dile aysa porbe sate sate. battery 71 display orginal true tone ok iphone 11 to iphone 16 pro converter box indur kheye felse charger cable dewa jabe
Apple iPhone 13 128 GB Blue,38000,Used,"Dhaka, Uttara",21 hours ago,https://bikroy.com/uttara/mobile-phones/apple-iphone-13-128-gb-blue-dknshiljq65gfOZ8z5ehfIJ8.html,3,2026-08-27T07:28:46.783170+00:00,individual,ফোন একদম ফ্রেশ বাইরে থেকে আনা হয়েছে। ইউ এস বেরিয়ান । ফোন এক হাতে চালানো হয়েছে ছবি যত্ন সহকারে চালানো হয়েছে আপনার কন্ডিশন খুবই ফ্রেশ আছে। ফোনের ব্যাটারী হেলথ আছে ৮৩%... সিকিউরিটি হিসেবে সবকিছু দেওয়া যাবে কোনো সমস্যা নেই....
Xiaomi Redmi K90 256 GB Red,50000,Used,"Dhaka, Savar",2 hours ago,https://bikroy.com/savar/mobile-phones/xiaomi-redmi-k90-256-gb-red-2PyYIlrOBYMfMzs6lnAhntlw.html,5,2026-08-27T07:28:47.419553+00:00,individual,"I bought my mobile 2 months ago, now I need emergency money so I will sell the mobile. Box memo is all with the phone, so you will not find any scratch or dirt on the mobile, it will look like brand new."
Xiaomi 17 Pro 512 GB White,80000,Used,"Dhaka, Mohammadpur",1 hour ago,https://bikroy.com/mohammadpur/mobile-phones/xiaomi-17-pro-512-gb-white-k1cExZCvY6uSwVMBjnNjvv14.html,3,2026-08-27T07:28:48.217321+00:00,individual,"Name:Xiaomi 17 pro (Chinese)
 Color: White 
 Storage:16-512GB
  Used like new
  Without Box 
With charger and Cable 
Price:-Call for best price 
Used Mobile: 3Days replacement & 6months service warrenty or New mobile: 7days replacement & 1year service warrenty included  
Contact number 018XXXXXXXX"
Xiaomi 17 Ultra 512 GB White,109990,Used,"Dhaka, Mirpur",2 hours ago,https://bikroy.com/mirpur/mobile-phones/xiaomi-17-ultra-512-gb-white-b49GG4etQ7xmrsiwxDCj5eew.html,5,2026-08-27T07:28:48.793507+00:00,individual,">SR Telecom>
Shop No: 29, 3rd Floor,
Baghdad Shopping Complex, Mirpur 1,
The phone is 100% genuine and we provide a 7-day replacement guarantee and 1 year free service warranty (Without Parts)
RAM 12 GB
Room 512 GB
With = cash memo, box, charger
❐ You can confirm your order by paying 500 taka via courier,
EMI service available on credit cards of 37 banks"
Xiaomi Mi 11 Ultra 256 GB Black,35000,Used,"Dhaka, Badda",1 day ago,https://bikroy.com/badda/mobile-phones/xiaomi-mi-11-ultra-256-gb-black-aqINzstD0IVzolpeFIptyjov.html,5,2026-08-27T07:28:49.299734+00:00,individual,"একটা স্কাচ ও নাই ফোনে, নতুন অবস্থা থেকেই পলি করা দুই পাশেই।  ফোনের সাথে শুধু দোকানের ক্যাশ মেমো পাবেন  এবং  সিকিউরিটি হিসাবে ভোটার আইডি কার্ডের ফটোকপি পাবেন। 
ফোনের সবকিছু একশ একশ। আসবেন দেখবেন যদি ভালো লাগে নিবেন। বিস্তারিত অনলাইনে দেখে নিন।"
Xiaomi Redmi Note 15 Pro+ 512 GB,50000,Used,"Dhaka, Khilgaon",4 hours ago,https://bikroy.com/khilgaon/mobile-phones/xiaomi-redmi-note-15-pro-512-gb-sm2B002DHH4PA0PyViUnHWAY.html,5,2026-08-27T07:28:49.908931+00:00,individual,"Price almost fixed.
Full fresh. BD official warranty product. Global.
Mobile Town is selling phones for over 12 years at Khilgaon.
""We do not sell or allow any refurbished phones""
RAM=12GB
Warranty:-
7-day replacement warranty
1 year service warranty
Our Showroom Address:
Mobile Town
Khilgaon Taltola Mosque Market complex. Shop No: 35 (Ground Floor)"
Xiaomi Redmi Turbo 4 Pro 256 GB Black,36999,Used,"Dhaka, Jatrabari",1 hour ago,https://bikroy.com/jatrabari/mobile-phones/xiaomi-redmi-turbo-4-pro-256-gb-black-cZaKq9Po0MVuABepnkPt6cXv.html,3,2026-08-27T07:28:50.728755+00:00,individual,"Redmi turbo 4 pro.
Ram - 12 gb.
Rom - 256 gb.
Bh - 99%.
Full box."
Xiaomi Civi 5 Pro 256 GB Graphite,41000,Used,"Dhaka, Savar",1 hour ago,https://bikroy.com/savar/mobile-phones/xiaomi-civi-5-pro-256-gb-graphite-NRXTw823trQKQKA1x5FBL2N.html,5,2026-08-27T07:28:51.438943+00:00,individual,"Xiaomi Civi 5 pro
99% health
Chinese variant
12/256gb"
New Xiaomi Redmi Note 15 Pro+ 256 GB Blue,38990,Brand New,"Dhaka, Jatrabari",4 hours ago,https://bikroy.com/jatrabari/mobile-phones/new-xiaomi-redmi-note-15-pro-256-gb-blue-4XCKxPZRXHmIk9C1Hw4V9UW9.html,5,2026-08-27T07:28:51.918658+00:00,individual,"Condition: Like New 3 Month Used
Ram: 8GB Rom: 256GB
Snapdragon 7s Gen 4
Camera: 200MP
FullBox
Price: Fixed
Address: Dhaka, Jatrabari, Shahid Faruk Road, Taj-Tanvir Super Market, 2nd Floor, Shop Number: 10 (MobileHub)
#Buy the right product at the right price instead of getting cheated by buying cheap products to save some money."
Xiaomi 15 Ultra 512 GB Gray,125000,Used,"Dhaka, Basundhara",1 hour ago,https://bikroy.com/basundhara/mobile-phones/xiaomi-15-ultra-512-gb-gray-xyfsEW1wyG4c7q16dk6l4oJo.html,3,2026-08-27T07:28:52.437884+00:00,individual,"Using for last 6 months.
Price is not negotiable. Please do not message, no one will read.
Complete Camera Kit also available.
Exchange possible with Galaxy S26 Ultra in mint condition and boxed, I will add cash
Or Pixel 10 Pro/Pro XL boxed, you have to add cash."
Xiaomi 15 Ultra 512 GB Black,77500,Used,"Dhaka, Banglamotor",1 day ago,https://bikroy.com/banglamotor/mobile-phones/xiaomi-15-ultra-512-gb-black-hczVOENoGE9d3dEHcXAiPRyM.html,5,2026-08-27T07:28:53.193506+00:00,individual,"📱 Xiaomi 15 Ultra 16/512GB For Sale

✅ Excellent condition
🔋 96% Battery Health
📦 Original Box Included
💰 Price: ৳77,500
🚚 Cash on Delivery Available

Interested buyers, please inbox."
Xiaomi 17 Pro Max 512 GB,103000,Used,"Dhaka, Mohammadpur",1 hour ago,https://bikroy.com/mohammadpur/mobile-phones/xiaomi-17-pro-max-512-gb-5EIwbqtURcGvP7FcL1wB1A0G.html,2,2026-08-27T07:28:53.891569+00:00,individual,"Name: Xiaomi 17 Pro and Max & 17 Ultra by Leica (Chinese and Global Rom)
Color: Black, Silver, Green
Storage: 16-512GB
Used like new
With full box
Price: Call for best price
We accept Visa, American Express, Master & JCB Card
Used Mobile: 3 days replacement & 6 months service warranty
EMI Available
(WhatsApp number)
SK Mobile Gator
Shop 670"
Xiaomi 17 256 GB White,72000,Used,"Dhaka, Jamuna Future Park",2 hours ago,https://bikroy.com/jamuna-future-park/mobile-phones/xiaomi-17-256-gb-white-u8dUORkV27oAWxH2jSLaBeg2.html,3,2026-08-27T07:28:54.463557+00:00,individual,"Xiaomi Mi 17

12GB 256 GB
Cycle = 37
Battery Health: 100%


 Exchange Available
 100% Original Device
 With Original Box
 EMI Available (3–36 Months) (T&C Apply)
 Delivery Available Outside Dhaka

Jamuna Future Park Shopping mall
Level 4, shop No: 006C"
Xiaomi 17 Ultra 512 GB White,139990,Used,"Dhaka, Mohammadpur",1 hour ago,https://bikroy.com/mohammadpur/mobile-phones/xiaomi-17-ultra-512-gb-white-w9yiusJLx3bHvd4rZVs6zs5b.html,3,2026-08-27T07:28:55.231567+00:00,individual,"Xiaomi 17 Ultra Leica Edition (Dual Satellite Communication) (Global Rom)
Color: Silver Black, Black Silver, Beige
Storage: 16GB 512GB

Used Like New
With FullBox
EMI Available
SK mobile gator
Shop No: 670, Level-6
Tokyo Square Market
Japan Garden City, Ring Road
Mohammadpur, 1207"
Xiaomi 13 Ultra (China) 512 GB White,43500,Used,"Dhaka, Uttara",14/08,https://bikroy.com/uttara/mobile-phones/xiaomi-13-ultra-china-512-gb-white-v2HXEAqAsDJl0cqKlqpPmGI1.html,5,2026-08-27T07:28:55.841827+00:00,individual,"Sale Post
Xiaomi 13 Ultra (CN)
Premium camera king flagship phone, only 1 piece in stock available. The performance and camera of the phone are simply extraordinary!
Device Details: Only Device
Model: Xiaomi 13 Ultra (CN)
RAM/ROM: 16/512
Battery: Excellent
Color: White
Condition: 97% Fresh
Body: There are minor dents on the body
Whoever needs it, message or call right now.
Fixed"
Xiaomi 15 Pro 1 TB,70000,Used,"Dhaka, Uttara",1 hour ago,https://bikroy.com/uttara/mobile-phones/xiaomi-15-pro-1-tb-eK3GUj7zggU0jh3DpuyjUUdn.html,3,2026-08-27T07:28:56.562760+00:00,individual,"Pre-owned Xiaomi 15S Pro (16GB + 1TB) Carbon Edition
*  Carbon Edition
*  16GB RAM + 1TB Storage
*  XRING O1 (3nm) Chipset
*  6.73” 2K 120Hz AMOLED
*  Leica Triple 50MP Camera
*  6100mAh | 90W Fast Charging
Contact Us
Exchange Hub
Shop No: 610, 611, 628 & 629 Level-6, Tropical Alauddin Tower
Sector 3, Road 2, Rajlaxmi, Uttara."
Xiaomi 11T Pro 256 GB Black,16000,Used,"Dhaka, Mirpur",19/08,https://bikroy.com/mirpur/mobile-phones/xiaomi-11t-pro-256-gb-black-eO7mpFjp9QjUKfHfv5uJX7vz.html,5,2026-08-27T07:28:57.395175+00:00,individual,"{ Price fixed } Please read carefully and then message. The phone has been used for 3 years, changed the battery because after so many years the battery backup decreased, the original battery has been installed, 8/256gb with Snapdragon 888 processor, 120w original charger and box are all included, 
( Just because the battery was changed, don't offer ridiculous prices, message only if you actually want to buy )"
Xiaomi 13 256 GB Black,26000,Used,"Dhaka, Demra",10/08,https://bikroy.com/demra/mobile-phones/xiaomi-13-256-gb-black-hYOgtlgQA5IUPIvvpWetg04z.html,3,2026-08-27T07:28:58.123891+00:00,individual,"Display changed from Bashundhara, new display, box cannot be found, only device with ID card will be provided"
Xiaomi 15 256 GB Black,35000,Used,"Dhaka, Savar",19/08,https://bikroy.com/savar/mobile-phones/xiaomi-15-256-gb-black-f272SEiE1hMsTONRT5jJ6zou.html,2,2026-08-27T07:28:58.383388+00:00,individual,"There are no dents, scratches, or any issues. It was bought new and used for only one to two months. I am selling it because I want to get another phone. This is an official phone."
Xiaomi Mi 11 Ultra 256 GB Black,31990,Used,"Dhaka, Shyamoli",5 hours ago,https://bikroy.com/shyamoli/mobile-phones/xiaomi-mi-11-ultra-256-gb-black-fyCFesclc5hsYqaLfawTfQM2.html,5,2026-08-27T07:28:59.126972+00:00,individual,"Guarantee - Warranty 

 Every phone of ours has a 10-day guarantee and a 1-year service warranty.
  If you find any issues, you can change the model.

 Our Shop Address 
  Ma Enterprise 
Shyamoli Khan Plaza Mobile Market
 Shop Number: 22
Ring Road, Shyamoli, Mohammadpur Dhaka-1207 019XXXXXXXX"
New Xiaomi Redmi Note 15 256 GB,25999,Brand New,"Dhaka, Banglamotor",1 hour ago,https://bikroy.com/banglamotor/mobile-phones/new-xiaomi-redmi-note-15-256-gb-hmloTb7j0CwxlM4HWWq1Mt5f.html,4,2026-08-27T07:28:59.639243+00:00,individual,"Redmi note 15 8/256 full box
Nirob telecom
Shop-592"
New Xiaomi 15 256 GB,26000,Brand New,"Dhaka, Mirpur",06/08,https://bikroy.com/mirpur/mobile-phones/new-xiaomi-15-256-gb-fOqYPGjphdUpeLUnnTWhKptA.html,5,2026-08-27T07:29:00.251250+00:00,individual,"Xiaomi Redmi Note 15 4G (8GB RAM + 256GB ROM)
The phone is in completely good condition. There are no problems of any kind. All functions work 100% properly. Original box, charger and all accessories are included. Used with care."
Xiaomi Civi 2 256 GB Pink,21000,Used,"Dhaka, Mirpur",11/08,https://bikroy.com/mirpur/mobile-phones/xiaomi-civi-2-256-gb-pink-l74yPjfpRKmq7jT0BBHzi0B6.html,5,2026-08-27T07:29:00.846495+00:00,individual,"The phone has no problems and is completely fresh
You will get only the phone, location: Mirpur 1, behind Shah Ali Police Station, Nababer Bag"
Xiaomi Civi 2 128 GB Pink,17500,Used,"Dhaka, Malibag",22/08,https://bikroy.com/malibag/mobile-phones/xiaomi-civi-2-128-gb-pink-pzOgD0Tm919luvluWevg1zOf.html,4,2026-08-27T07:29:01.491340+00:00,individual,"The phone box is missing, but the cash memo is available. It is 100% authentic and has no scratches of any kind."
Xiaomi Redmi 15C 4G 256 GB Black,18500,Used,"Dhaka, Dhanmondi",5 hours ago,https://bikroy.com/dhanmondi/mobile-phones/xiaomi-redmi-15c-4g-256-gb-black-r8apdRbv3WGz8W6pKPmpRKEr.html,3,2026-08-27T07:29:02.113615+00:00,individual,"""Welcome to ""Al Aqsa Mobile"" 
 Reach us___________________ 
 *Al Aqsa Mobile*
 Shop No-449 ,Lift -3, Orchard Point, Dhanmondi 7, Dhaka-1209
 Model : 15c
 RAM : 8 
 ROM : 256
 Price Fixed"
Xiaomi Redmi Note 14 4G 128 GB Black,19999,Used,"Dhaka, Jatrabari",1 hour ago,https://bikroy.com/jatrabari/mobile-phones/xiaomi-redmi-note-14-4g-128-gb-black-tRUZvsLHG9yRATVlEAd1ewZW.html,3,2026-08-27T07:29:02.799245+00:00,individual,"Box charger all okay
6/128 GB"
Xiaomi Civi 1S 128 GB,16500,Used,"Dhaka, Mirpur",09/08,https://bikroy.com/mirpur/mobile-phones/xiaomi-civi-1s-128-gb-ndEEHA0Q5ashYu5hZtLHwD3W.html,5,2026-08-27T07:29:03.106281+00:00,individual,"I will sell my phone, if anyone wants to take it call me at 013XXXXXXXX"
Xiaomi Redmi Turbo 4 256 GB White,32000,Used,"Dhaka, Mirpur",16/08,https://bikroy.com/mirpur/mobile-phones/xiaomi-redmi-turbo-4-256-gb-white-k8JR5FSvK1xEVivgwISwehjd.html,4,2026-08-27T07:29:03.862749+00:00,individual,"Redmi turbo 4
13/256
Battery Health 95%
Activation date: December 2025
Location:
Kazipara / Kochukhet / Police Staff - any of these places"
Xiaomi 13 128 GB Black,18000,Used,"Dhaka, Jatrabari",2 days ago,https://bikroy.com/jatrabari/mobile-phones/xiaomi-13-128-gb-black-aRuJK4mXitG636ZeKkcGsDgg.html,4,2026-08-27T07:29:04.538008+00:00,individual,Redmi Note 13. Fully fresh phone. Original charger and mobile box are available.
Xiaomi Civi 4 Pro 256 GB Green,28500,Used,"Dhaka, Jatrabari",1 hour ago,https://bikroy.com/jatrabari/mobile-phones/xiaomi-civi-4-pro-256-gb-green-wgNAKC9ruI2yiv5lFPBJXFIT.html,5,2026-08-27T07:29:05.030287+00:00,individual,"Xiaomi Civi 4 Pro - Ram 12 / Storage 256 🔥📲

📍 Rafsi Tech World
বিক্রমপুর প্লাজা, লেভেল-৩, দোকান নং-৭০,
জুরাইন, ঢাকা-১২০৪।

📞 যোগাযোগ করুন{phone=০১৭৮৮৮২২৪৯৯}
{phone=০১৭০৩৪০৫৩৪৫}"
New Xiaomi Poco C85 4G 128 GB Green,23000,Brand New,"Dhaka, Uttara",1 hour ago,https://bikroy.com/uttara/mobile-phones/new-xiaomi-poco-c85-4g-128-gb-green-3Y4zL9GterwGLdgvJrrgWHlI.html,3,2026-08-27T07:29:05.666366+00:00,individual,"Brand New POCO C85 6/128GB 
  100% Original & Non Refurbished Product
 7 Days Replacement & 1 Year Service Warranty
 EMI Facility is also AVAILABLE
Contact Us
Exchange Hub
Shop No: 610, 611, 628 & 629 Level-6, Tropical Alauddin Tower
Sector 3, Road 2, Rajlaxmi, Uttara."
Samsung Galaxy S23 Ultra 512 GB Green,54000,Used,"Rajshahi, Boalia",21/08,https://bikroy.com/boalia/mobile-phones/samsung-galaxy-s23-ultra-512-gb-green-427UEP95CDG5o2j1QYkQOdDF.html,4,2026-08-27T07:29:06.086673+00:00,individual,"Get a completely fresh phone in immaculate condition! All features work seamlessly. Comes with an official box, and camera condition photos are provided. There is a slight scratch on the back, but no functional issues at all. The phone is laminated, simply peel off the lamination to reveal a pristine, fresh device."
Samsung Galaxy S24 Ultra 256 GB Gold,72000,Used,"Rajshahi, Kadirgonj",5 hours ago,https://bikroy.com/kadirgonj/mobile-phones/samsung-galaxy-s24-ultra-256-gb-gold-8KEL3eEgbxifCQjsARsF0JDD.html,5,2026-08-27T07:29:06.795195+00:00,individual,"Assalamu Alaikum Warahmatullahi Wabarakatuh
Fresh condition
Box: Only Device
Cash Memo: Available
Replacement Guarantee: Get up to 7 days (conditions apply)
Location: Rajshahi Kadirganj Chalpotti, beside Large Farmer, behind Swapnochura Plaza Nagar Bhaban.
Shop No: 123 - Ground floor beside lift
Shop Name: Rajshahi Mobile Bari 019XXXXXXXX"
Samsung Galaxy S25 Ultra 256 GB,95000,Used,"Rajshahi, Laksimipur",14/08,https://bikroy.com/laksimipur/mobile-phones/samsung-galaxy-s25-ultra-256-gb-dqj8aXAe1StaVzkijUvtsnwG.html,3,2026-08-27T07:29:07.510339+00:00,individual,"Asking. Completely fresh, inspect and check as much as you want."
Samsung Galaxy S26 Ultra 5G 512 GB Blue,115000,Used,"Rajshahi, Shaheb Bazar",1 hour ago,https://bikroy.com/shaheb-bazar/mobile-phones/samsung-galaxy-s26-ultra-5g-512-gb-blue-3tUSQVNHO7P9apzxgC7PxJcd.html,3,2026-08-27T07:29:08.007710+00:00,individual,"Samsung S26 Ultra, 12GB RAM, 512GB storage. Super condition. 7 days replacement guarantee. 1 year service warranty. #exchange possible. Our Address: Smart Choice, Shop No. 211, City Center, Beside Rajshahi College, Sonadighi Mor, Rajshahi. Call for any details:"
Laptop HP EliteBook 840 G6 16GB Intel Core i7 SSD 512GB,52000,Used,"Rajshahi, Motihar",19/08,https://bikroy.com/motihar/computers-and-laptops/laptop-hp-elitebook-840-g6-16gb-intel-core-i7-ssd-512gb-ievvxsb2TowlMr4ufqncJ7Y7.html,4,2026-08-27T07:29:08.703848+00:00,individual,"Model: HP EliteBook 840 G6
Laptop configuration:
Processor: Intel Core i7 8th Gen (8565U)
Storage memory: 512 GB SSD (Samsung)
RAM: 16 GB
Display: 14"" Full HD (Touchscreen)
Graphics 1: Intel UHD 620 8 GB Shared
Graphics 2: AMD Radeon 550X (2GB Dedicated)
Webcam, Wi-Fi, Bluetooth, HDMI, all everything ok (AEO).
(Check as much as you want until you are satisfied)
Phone:
Phone:"
Samsung Galaxy S23 Ultra 256 GB Red,49200,Used,"Rajshahi, Vodra",06/08,https://bikroy.com/vodra/mobile-phones/samsung-galaxy-s23-ultra-256-gb-red-CjUb2KFkSG0IJzsNnUIAUWsT.html,5,2026-08-27T07:29:09.113522+00:00,individual,"Super fresh condition, inbox quick before buyout"
Samsung Galaxy S25 Ultra 512 GB Black,90000,Used,"Rajshahi, Uposahar",14/08,https://bikroy.com/uposahar/mobile-phones/samsung-galaxy-s25-ultra-512-gb-black-ppwzCJIRmhtzGgToFaBSG65f.html,3,2026-08-27T07:29:09.890424+00:00,individual,"Galaxy S25 ultra!
12/512 GB!
98% fresh condition!
You can come to the location and check it as much as you want!"
Samsung Galaxy S24 Ultra 256 GB Gray,70000,Used,"Rajshahi, Boalia",23/08,https://bikroy.com/boalia/mobile-phones/samsung-galaxy-s24-ultra-256-gb-gray-C1mD7NUXoZ8rS2u9pjP28OlW.html,5,2026-08-27T07:29:10.594316+00:00,individual,"Used for about 8 months. Everything in the phone is okay, you can check it as much as you want. You will get two covers with the phone. 
The back shell color of the phone has faded. Only phone. NID and bank details can be provided as security."
Samsung Galaxy Z Fold 5 512 GB Black,55000,Used,"Rajshahi, Tanore",02/08,https://bikroy.com/tanore/mobile-phones/samsung-galaxy-z-fold-5-512-gb-black-pQUAgl4sBLlPljZrhFCLDvLm.html,5,2026-08-27T07:29:11.205333+00:00,individual,"There is no problem brother, check it as much as you want"
Samsung Galaxy S24 Ultra 256 GB Silver,76500,Used,Rajshahi,15/08,https://bikroy.com/rajshahi/mobile-phones/samsung-galaxy-s24-ultra-256-gb-silver-s9YJpomkagYJu4IAfqNaSCm9.html,5,2026-08-27T07:29:11.877820+00:00,individual,"Samsung Galaxy S24 Ultra Vietnam Variant
Full fresh condition, used with care.
Original box & cash memo included.
Everything is working perfectly.
Location: Rajshahi
Inbox if you’re genuinely interested."
Samsung Galaxy S24 Plus 256 GB Black,56000,Used,"Rajshahi, Boalia",07/08,https://bikroy.com/boalia/mobile-phones/samsung-galaxy-s24-plus-256-gb-black-fy5vyFeFE6X5fU9IOSDsBHDe.html,5,2026-08-27T07:29:12.638525+00:00,individual,"Full fresh
12 /256 
With box
Fixed price"
Samsung Galaxy S24 Ultra 256 GB White,87000,Used,"Rajshahi, Shaheb Bazar",1 hour ago,https://bikroy.com/shaheb-bazar/mobile-phones/samsung-galaxy-s24-ultra-256-gb-white-p7bmoGm97s1ouC3sSJuomc5V.html,4,2026-08-27T07:29:13.126194+00:00,individual,"Samsung S25 Ultra 
12 / 256 
Super condition 
7 days replacement guarantee  
1 year service warranty  
#exchange possible 
Our Address :
Smart Choice , Shop No. 211 , 
City Center , Beside of Rajshahi College , Sonadigir Mor, Rajshahi
Call for any details:"
Samsung Galaxy S23 Ultra 512 GB Green,50000,Used,"Rajshahi, Vodra",22/08,https://bikroy.com/vodra/mobile-phones/samsung-galaxy-s23-ultra-512-gb-green-zW5dg3nTxSqPy29qvovH4Lyi.html,5,2026-08-27T07:29:13.549924+00:00,individual,"This is a running phone. I am selling it because I urgently need some money. Only the charging port of the phone has been replaced once, otherwise there are no problems. And the charging port was also fixed from Samsung's customer care. If anyone needs it, please contact WHATSAPP 018XXXXXXXX"
Samsung Galaxy S24 256 GB Purple,52990,Used,"Rajshahi, Boalia",21 hours ago,https://bikroy.com/boalia/mobile-phones/samsung-galaxy-s24-256-gb-purple-wRML35PybDrFDxnxfeEbJYMF.html,3,2026-08-27T07:29:14.275367+00:00,individual,"ফোন নতুন কিনেছিলান, ফোন এর বক্স মেমো সব আছে, একটা চুল পরিমাণ দাগ নাই। কোন রিপিয়ার হিস্ট্রি নাই।

= কল রেকর্ড হয়।"
Samsung Galaxy A34 5G 128 GB Green,19000,Used,"Rajshahi, Kazla",15 hours ago,https://bikroy.com/kazla/mobile-phones/samsung-galaxy-a34-5g-128-gb-green-4WECbbC6zf8NVIwvKo6Y4xKE.html,3,2026-08-27T07:29:14.933490+00:00,individual,ফোনে কোনো ধরনের দাগ বা সমস্যা নাই আমার নিজের ব্যাবহার করা চাপাই থেকে নেওয়া হয়েছে সাথে কিছু নেই এনআইডি কার্ড দেওয়া জাবে দাম কিছু টা কমানো জাবে
Samsung Galaxy M56 5G 256 GB Black,27500,Used,Rajshahi,2 days ago,https://bikroy.com/rajshahi/mobile-phones/samsung-galaxy-m56-5g-256-gb-black-eLiuqcWo0AGGl9EWelQdLzZD.html,5,2026-08-27T07:29:15.191612+00:00,individual,"Samsung M56 5G 
8/256 GB (Only 6 months used)
Super Fresh just one small dent is there
Indian phone
International Indian Warranty available.
Cash memo with 7 days replacement warranty.
Location: Cantonment road, Mothurdanga mor, Rajshahi"
Samsung Galaxy Note 20 5G 256 GB Gold,18000,Used,"Rajshahi, Vodra",18/08,https://bikroy.com/vodra/mobile-phones/samsung-galaxy-note-20-5g-256-gb-gold-uPnsA3QpzDyKSKrrX2TYKoF7.html,5,2026-08-27T07:29:15.846639+00:00,individual,"Everything in the phone is fine except for a scratch in the spot marked in the picture. That is why I want to sell it at a low price. Alhamdulillah, the phone's camera and performance are very good, you will not find any flaws.
And yes, please do not embarrass yourself by offering unreasonable prices. The price will not drop much, at most 500/1000 will be reduced, not more than that. Therefore, only genuine buyers should contact. However, you have the opportunity to check it as much as you want. Show more"
New Samsung Galaxy A26 256 GB Black,20000,Brand New,"Rajshahi, Shaheb Bazar",10/08,https://bikroy.com/shaheb-bazar/mobile-phones/new-samsung-galaxy-a26-256-gb-black-9PYtxOMsoaMdsgGvqIZf8720.html,3,2026-08-27T07:29:16.501730+00:00,individual,Samsung A 26 5g 8/256: New Indian phone 013XXXXXXXX
New Samsung Galaxy A15 5G 256 GB White,18999,Brand New,"Rajshahi, Vodra",1 hour ago,https://bikroy.com/vodra/mobile-phones/new-samsung-galaxy-a15-5g-256-gb-white-khjzStvu9IVYXPSkuoRxP6hS.html,5,2026-08-27T07:29:16.965714+00:00,individual,"Experience smart design and incredible performance with the Samsung A15, your perfect choice.

Limited stock – first come, first served!
Our Address: Baneswar Shibpur Hat, Puthia, Rajshahi
100% Trustworthiness
Right price, right product
FAHIM mobile zone, your trusted mobile shop"
Samsung Galaxy S20 FE 5G 128 GB Black,25000,Used,"Rajshahi, Uposahar",14 hours ago,https://bikroy.com/uposahar/mobile-phones/samsung-galaxy-s20-fe-5g-128-gb-black-A5up7M3sXurQNam3HEclKCiU.html,4,2026-08-27T07:29:17.312243+00:00,individual,ফোনটা একদম ফ্রেশ কন্ডিশন ফোনে কোনো খুতবা কোনো ইস্যু   নাই ।
Samsung Galaxy S22 Ultra 256 GB Blue,38000,Refurbished,"Rajshahi, Shaheb Bazar",09/08,https://bikroy.com/shaheb-bazar/mobile-phones/samsung-galaxy-s22-ultra-256-gb-blue-djn7XfuWJIYlo0exx5vRiiNP.html,5,2026-08-27T07:29:18.087698+00:00,individual,"Good condition. US version. Brought from US. There is a white mark on the notch on the upper right side which is visible when calling. The phone is very nice, nothing is opened, no marks, waterproof, battery backup is very good. Only those who will take the phone should contact, do not disturb the phone by SMS. box+change 
100% original 
 (what's app )"
Samsung Galaxy S21 FE 128 GB Purple,25000,Used,"Rajshahi, Shaheb Bazar",22/08,https://bikroy.com/shaheb-bazar/mobile-phones/samsung-galaxy-s21-fe-128-gb-purple-xpMeSEXU9SbL751vQH1oyysy.html,5,2026-08-27T07:29:18.916443+00:00,individual,"I will sell my used Samsung Galaxy S21 FE 5G phone due to an urgent need. The phone was purchased from 'Sumash Tech' at Bashundhara City in Dhaka. It is completely fresh and in running condition.
Condition and Performance: There are no scratches or dents on the phone's body, back shell, and camera glass. The external outlook is as fresh as new."
Samsung Galaxy S25 256 GB Silver,35000,Used,"Rajshahi, Kazla",06/08,https://bikroy.com/kazla/mobile-phones/samsung-galaxy-s25-256-gb-silver-iV22t8Wc882xAU9XYwrLWsDW.html,5,2026-08-27T07:29:19.392125+00:00,individual,"The phone has been used for two months, it is completely fresh but has a slight problem with the display. Selling it at a low price because of the display issue. If you want to buy it, you can contact me."
Samsung Galaxy S22 5G 256 GB Pink,26500,Used,"Rajshahi, Puthia",29/07,https://bikroy.com/puthia/mobile-phones/samsung-galaxy-s22-5g-256-gb-pink-nbbIJynOyMrzto4vGHOmvcXc.html,3,2026-08-27T07:29:20.142727+00:00,individual,"Full fresh condition, no dents, no scratches!
Only phone + security = cash memo!"
Samsung Galaxy A36 256 GB Purple,30000,Used,"Rajshahi, Laksimipur",1 hour ago,https://bikroy.com/laksimipur/mobile-phones/samsung-galaxy-a36-256-gb-purple-8It1fs9QAbmXnEnEEcf19PzG.html,3,2026-08-27T07:29:20.933089+00:00,individual,Olpo kichu din use kora hoyeche.. Fully fresh phone.. Phone ar sathe back cover r phone a privacy protector o piche poli lagano hoyeche..
Samsung Galaxy A34 5G 128 GB Black,21500,Used,"Rajshahi, Kazla",12/08,https://bikroy.com/kazla/mobile-phones/samsung-galaxy-a34-5g-128-gb-black-5PH3CflY2bD35VRthKCU8vI2.html,3,2026-08-27T07:29:21.553567+00:00,individual,"Samsung Galaxy A34 5G (8/128) comes with the original charger. I have been using it for 1.5 years. I bought this from Chapai. It is an Indian variant phone. There are no problems with the phone.
Contact:"
Samsung Galaxy S20 FE 5G 128 GB Graphite,18000,Used,"Rajshahi, Kazla",6 hours ago,https://bikroy.com/kazla/mobile-phones/samsung-galaxy-s20-fe-5g-128-gb-graphite-3wHMBSICF93jegaFBGjMYNoY.html,3,2026-08-27T07:29:21.902413+00:00,individual,ফোন পুরো নতুন আছে।কোনো ডেন্ট বা দাগ নাই।টাকার প্রয়োজন তাই বিক্রি করছি।
Samsung Galaxy M12 128 GB Green,18000,Used,"Rajshahi, Rajpara",22 hours ago,https://bikroy.com/rajpara/mobile-phones/samsung-galaxy-m12-128-gb-green-dRLlDkx8a0zGMSVHwSiApldN.html,5,2026-08-27T07:29:22.238101+00:00,individual,"এই দুইটা ফোনের কন্ডিশন একদম ফ্রেশ। দুইটা ফোনের বক্স আছে,ফোনের অর্জিনাল চার্জার নাই নস্ট হয়ে গেচিলো রার্নিং চার্জার দেওয়া হবে।ফোন দুইটা আমি নিজে চালাইতাম ফোনে কোন রকম সমস্যা নাই ফোন দুইটা চার্জ ব্রেকাপ ভালো ফোন সম্পূর্ণ ভালো আছে।লোকেশনে এসে সরাসরি দেখবেন যতক্ষন ইচ্ছা চেকবেক করে নিবেন। সিকিউরিটি হিসেবে যেইটা চাইবেন দেওয়া যাবে।দাম: ১০০০০+৮০০০৳"
Samsung Galaxy S25+ 12/256GB FULL BOX (Used),85000,Used,"Chattogram, Chawkbazar",1 hour ago,https://bikroy.com/chawkbazar/mobile-phones/samsung-galaxy-s25-12-256gb-full-box-used-uRUdDTM73SzH6xroD0NgA4Pf.html,0,2026-08-27T07:29:22.869283+00:00,individual,"🔳 TWO MONTH USED ONLY AS LIKE AS NEW CONDITION
🔳 Storage: 12/256gb
🔳 Colour: SILVER
◾ Original Cable AND BOX

🔰 Our Speciality......................................

◾Original & Non-Refurbished Product
◾Emi Facilities Available*
◾Accept Visa, Master Card
◾Delivery Facility inside & Outside ctg.
◾Phone Exchange Facilities*
◾ All Products Original And Genuine.
◾Our All Product 7 Days replacement And 1 year Service Warranty



🔰 Our Showroom Address:


Rony Enterprise (Since 2007)
Bali Arcade Shopping Center
4th Floor, Shop no 03(infront of chawkbazar Post Office
Sirajuddula Road, Chawkbazar, Chattogram Show more"
Samsung Galaxy S25 Ultra 256 GB Blue,90000,Used,"Chattogram, Chandgaon",15/08,https://bikroy.com/chandgaon/mobile-phones/samsung-galaxy-s25-ultra-256-gb-blue-qgJonU3FYSnjfXkrPCF7kGmV.html,3,2026-08-27T07:29:23.691115+00:00,individual,"I live abroad, the mobile is with me, it has not been used, just turned it on, if anyone wants to take it, please send an SMS."
Samsung Galaxy A13 5G 64 GB Black,90000,Refurbished,"Chattogram, Pahartali",08/08,https://bikroy.com/pahartali/mobile-phones/samsung-galaxy-a13-5g-64-gb-black-p3ISjmwX6LuCUJMdQvHGXYYH.html,5,2026-08-27T07:29:24.042019+00:00,individual,"90.000 cash memo is available, contact if you want to"
Samsung Galaxy S24 512 GB Black,84990,Used,"Chattogram, CDA Avenue",1 hour ago,https://bikroy.com/cda-avenue/mobile-phones/samsung-galaxy-s24-512-gb-black-dJz194axAQNfQVFkz3a2lh5l.html,2,2026-08-27T07:29:24.946019+00:00,individual,"Samsung Galaxy S24 Ultra (12GB / 512GB). Only used for a few months. Ready stock. Get 20% extra trade-in value for your old phone! Warranty benefits: 15-day replacement guarantee, lifetime service warranty. Call now: Finlay Square, Level-4, Shop-406, 2 No Gate, Nasirabad, Chattogram"
Samsung Galaxy S24 Ultra 256 GB Silver,86000,Used,"Chattogram, Double Mooring",25/06,https://bikroy.com/double-mooring/mobile-phones/samsung-galaxy-s24-ultra-256-gb-silver-8PXh2Gu03AJT1bB0ruDMJrMv.html,5,2026-08-27T07:29:25.254799+00:00,individual,Comes with the original charging cable (unused) and 4 premium covers.
Samsung S26 ULTRA 12/256 NEW (Brand New),138000,Brand New,"Chattogram, Chawkbazar",2 hours ago,https://bikroy.com/chawkbazar/mobile-phones/samsung-s26-ultra-12-256-new-brand-new-2WxjmLrCfvcfsaNHyOY3dzvR.html,0,2026-08-27T07:29:25.947279+00:00,individual,"🔳 INTACT SEAL PACK 
🔳 Storage: 12/256GB
🔳 Colour: BLUE
◾ Box And Original Cable


🔰 Our Speciality......................................

◾Original & Non-Refurbished Product
◾Emi Facilities Available*
◾Accept Visa, Master Card
◾Delivery Facility inside & Outside ctg.
◾Phone Exchange Facilities*
◾Our All Product 7 Days replacement And 1 year Service Warranty



🔰 Our Showroom Address:


Rony Enterprise (Since 2007)
Bali Arcade Shopping Center
4th Floor, Shop no 03(infront of chawkbazar Post Office
Sirajuddula Road, Chawkbazar, Chattogram Show more"
New Samsung Galaxy S26 Ultra 5G 512 GB,130000,Brand New,"Chattogram, Alankar",23/08,https://bikroy.com/alankar/mobile-phones/new-samsung-galaxy-s26-ultra-5g-512-gb-3CFdmrcJoRKdwXGuc0CTdHLo.html,4,2026-08-27T07:29:26.579380+00:00,individual,"Samsung S26 Ultra 12/512GB Cobalt Violet
Dual SIM + Dual eSIM
Auto Call Recording Enabled
Full Box
Purchase Date: 03/08/2026
NOT a single-day-used. Phone completely new; only box opened."
New Samsung Galaxy Z Fold 5 256 GB White,95000,Brand New,"Chattogram, Pahartali",17/08,https://bikroy.com/pahartali/mobile-phones/new-samsung-galaxy-z-fold-5-256-gb-white-v8EDWq1XpUIkn6zAWYReuDh1.html,3,2026-08-27T07:29:27.043918+00:00,individual,Samsung z fold 5 Brand new condition 256 GB
New Samsung Galaxy s26 256 GB,114999,Brand New,"Chattogram, CDA Avenue",4 hours ago,https://bikroy.com/cda-avenue/mobile-phones/new-samsung-galaxy-s26-256-gb-mkbvfDnmZI7W37nvy1yxJadN.html,4,2026-08-27T07:29:27.707232+00:00,individual,"Display: 6.9"" QHD+ Dynamic LTPO AMOLED 2X, 120Hz, HDR10+, 2600 nits (peak)
Processor: Snapdragon 8 Elite Gen 5, 
Camera: 200MP Wide, 50MP Ultrawide, 10MP 3x, 50MP 5x Telephoto, 12MP Selfie, 8K video recording
Battery: Li-Ion 5000 mAh battery,
Enjoy EMI facilities up to 36 months through credit cards from over 20 banks. (*Conditions apply*)"
Samsung Galaxy S24 Ultra 256 GB Silver,79000,Used,"Chattogram, Kotwali, Chattogram",20/07,https://bikroy.com/kotwali/mobile-phones/samsung-galaxy-s24-ultra-256-gb-silver-aQUrdG3t6ifUqQH27YqbQyQq.html,3,2026-08-27T07:29:28.498658+00:00,individual,No issues. Everything is original. The mobile has a screen protector and a lens protector applied. The memo will be provided with the mobile. You must come to the location to pick up the mobile.
Samsung Galaxy S26 Ultra 5G 256 GB Purple,115000,Used,"Chattogram, Karnafuly",31/07,https://bikroy.com/karnafuly/mobile-phones/samsung-galaxy-s26-ultra-5g-256-gb-purple-dk1b2ad1oT3AOn9DbjHRNqcE.html,5,2026-08-27T07:29:29.187849+00:00,individual,"Global Variant (Made in Vietnam)
 Used for only about 1 month
 No scratches/dents, completely fresh
 Box, Memo, Anker 65W Charger + 3 Premium Covers
 Location to view:
Padma Oil Company Head Office, Sadarghat, Chattogram
Soinnertek Bridge, Karnafuli, Chattogram
 Check thoroughly before buying. Only serious buyers should contact."
Samsung Galaxy S24 Ultra 256 GB,79999,Used,"Chattogram, Muradpur",2 hours ago,https://bikroy.com/muradpur/mobile-phones/samsung-galaxy-s24-ultra-256-gb-ARLo6IJ0uVoJnUMQDwWnr42H.html,4,2026-08-27T07:29:29.857324+00:00,individual,"Samsung Galaxy S24 Ultra
12GB RAM / 256GB
Full Box
TDRA Dual SIM
Snapdragon 8 Gen 3
200MP Quad Camera with OIS & 100X Space Zoom
12MP Selfie Camera
Battery: 5000mAh
Benefits:
15-day replacement guarantee
Device – Shop No: 319, 3rd Floor
CPDL RB Midtown Market, Muradpur, Chattogram"
Samsung Galaxy S25 Ultra 256 GB Gray,87999,Used,"Chattogram, Nasirabad",1 hour ago,https://bikroy.com/nasirabad/mobile-phones/samsung-galaxy-s25-ultra-256-gb-gray-vbpHDhmSJfWUKKDolEAf2QHW.html,5,2026-08-27T07:29:30.449206+00:00,individual,"Samsung Galaxy S25 Ultra 
 12GB RAM | 256GB Storage
 Full Box
 Premium Flagship Performance
 Available now at iConnect
 Inbox or call for price & details.  Visit iConnect today!
#Samsung #GalaxyS25Ultra #iConnect #Smartphone #Flagship"
Samsung Galaxy Z Flip6 512 GB White,130000,Used,"Chattogram, Mirsharai",08/08,https://bikroy.com/mirsharai/mobile-phones/samsung-galaxy-z-flip6-512-gb-white-4YS26EPVWOGhTN4W2Scx1hHv.html,3,2026-08-27T07:29:31.180179+00:00,individual,"Used for two months, still fully fresh, no problems with the mobile, like new"
Samsung Galaxy S23 256 GB Pink,25000,Used,"Chattogram, Chandgaon",1 day ago,https://bikroy.com/chandgaon/mobile-phones/samsung-galaxy-s23-256-gb-pink-hU0uCNY52AUb9DjiWF2azd61.html,5,2026-08-27T07:29:31.684559+00:00,individual,"Only 2month used full fresh, but green line issues"
Samsung Galaxy S24 Ultra 256 GB Silver,72000,Used,"Chattogram, Hathazari",1 day ago,https://bikroy.com/hathazari/mobile-phones/samsung-galaxy-s24-ultra-256-gb-silver-1iBqKlZRBs6El5rUvG2p10xj.html,5,2026-08-27T07:29:32.401756+00:00,individual,"12gb 256gb without box
Dual physical sim
Call record build in
Cash memo and 2 back cover"
Samsung Galaxy S21 FE 5G 128 GB Blue,24000,Used,"Chattogram, Agrabad",1 hour ago,https://bikroy.com/agrabad/mobile-phones/samsung-galaxy-s21-fe-5g-128-gb-blue-k3bguO7oc0z9ll06t9JkuMyj.html,3,2026-08-27T07:29:33.121488+00:00,individual,"Set is in fully fresh condition. RAM 8GB, Storage 128GB. Comes with charger."
Samsung Galaxy S24 FE 128 GB White,41599,Used,"Chattogram, Agrabad",2 hours ago,https://bikroy.com/agrabad/mobile-phones/samsung-galaxy-s24-fe-128-gb-white-leqdQcuBFXsG6JhGq5r3usE.html,3,2026-08-27T07:29:33.700909+00:00,individual,"Samsung S24 FE 5G
Set in fully fresh condition
200% ok set
RAM 8+128
With charger
100% genuine phone... Not a single security issue please..."
Samsung Galaxy S22 Ultra 256 GB Blue,35000,Used,"Chattogram, New Market, Chattogram",22/08,https://bikroy.com/new-market/mobile-phones/samsung-galaxy-s22-ultra-256-gb-blue-eYFzL80OhxGmjqO9eoXJT0wY.html,3,2026-08-27T07:29:34.479352+00:00,individual,"Samsung S22 Ultra 
When turning on the mobile, a white line appears on the display and then disappears. There are no other problems besides this. Only the box will be provided with the mobile. 
12/256 storage. Location: Sadarghat Chittagong. Inbox for more details."
Samsung Galaxy S23 Ultra 256 GB White,52000,Used,"Chattogram, Chawkbazar",03/08,https://bikroy.com/chawkbazar/mobile-phones/samsung-galaxy-s23-ultra-256-gb-white-1uwwIt1gAujMAcHGKtVmv7Fu.html,5,2026-08-27T07:29:34.914544+00:00,individual,"S23 ULTRA 
No cracks, no dents.
Specs:-
Ram: 12 GB
STORAGE: 256 GB
Display: Supplanted LTPO OLED
Sim: Dual Physical SIM
Buyer gets: The phone itself, screen protector, original box alongside charger and the original display. 
Price: 55,000 (negotiable)
Reason for Sale: Business Investment. 
Ask pertinent questions. 
Lowballers keep out."
Samsung Galaxy A35 128 GB Pink,23990,Used,"Chattogram, Agrabad",2 hours ago,https://bikroy.com/agrabad/mobile-phones/samsung-galaxy-a35-128-gb-pink-uoH420XnoQFDCFqm5XQP5yAC.html,2,2026-08-27T07:29:35.681359+00:00,individual,"Set in fully fresh condition 
100% ok
Ram 8+128
With charger and cash memo"
Samsung Galaxy A56 256 GB Green,35500,Used,"Chattogram, Muradpur",2 hours ago,https://bikroy.com/muradpur/mobile-phones/samsung-galaxy-a56-256-gb-green-IO3H8Zlmn3Mr2TAtBrcmSSB.html,3,2026-08-27T07:29:36.354585+00:00,individual,"Samsung Galaxy A56 5G
 8GB RAM / 256GB Storage
 Full Box
 6.7"" FHD+ Super AMOLED Display
 120Hz Refresh Rate
 Exynos 1580 Processor
 50MP OIS Main Camera
 Benefits:
 15-day replacement guarantee
 Shop No: 319, 3rd Floor
 CPDL RB Midtown Market, Muradpur, Chittagong (Next to Makkah Hotel)"
Samsung Galaxy A17 5G 128 GB Black,28500,Used,"Chattogram, Satkania",17/08,https://bikroy.com/satkania/mobile-phones/samsung-galaxy-a17-5g-128-gb-black-iHsW8J0DIoFclIOtwSR2TK7K.html,3,2026-08-27T07:29:37.138730+00:00,individual,"*For Sale - Samsung Galaxy A17 5G (8GB/128GB)*
*Usage:* Only *1 month 24 days* 
*Condition:* *100% Fresh + Official*. Not a single scratch. Exactly like new.
*RAM/ROM:* *8GB RAM + 128GB Storage* + Memory card support"
Samsung Galaxy S24 Ultra 256 GB Black,75000,Refurbished,"Chattogram, Bakoliya",2 days ago,https://bikroy.com/bakoliya/mobile-phones/samsung-galaxy-s24-ultra-256-gb-black-tWDt26wP018jCFj46AujnmbD.html,5,2026-08-27T07:29:37.593262+00:00,individual,"Samsung Galaxy S24 Ultra (12/256GB), Titanium Black. UAE/Middle East Variant. Very fresh condition, barely used, no scratches/dents or repair history. Original side stickers & box available. Camera, Display, S-Pen, etc. All working properly. Good battery backup.
 Price: 80,000 Taka (Negotiable)
 Bakalia, Chattogram"
New Samsung Galaxy A16 5G 128 GB White,22000,Brand New,"Chattogram, Baizid",30/07,https://bikroy.com/baizid/mobile-phones/new-samsung-galaxy-a16-5g-128-gb-white-vci8fIueHhHzdha8aVSMbLUl.html,5,2026-08-27T07:29:38.080570+00:00,individual,"Samsung Galaxy A16 5G
Full fresh... Not a single scratch
Storage - 8GB / 128GB
Will provide box and extra charger (25W)
Phones of this series do not come with a charger in the box, but I bought the charger separately...
Location: Oxyzen, Chattogram"
Samsung Galaxy S21 5G 256 GB Black,25000,Used,"Chattogram, Hathazari",19/08,https://bikroy.com/hathazari/mobile-phones/samsung-galaxy-s21-5g-256-gb-black-1fGNyeFGas0EEyo5sQim6jTF.html,3,2026-08-27T07:29:38.638877+00:00,individual,"The mobile has its original charger, but since it was brought from abroad, there is no box. The mobile has been used with great care."
Samsung Galaxy S24 Ultra 256 GB Black,75990,Used,"Chattogram, Chawkbazar",1 hour ago,https://bikroy.com/chawkbazar/mobile-phones/samsung-galaxy-s24-ultra-256-gb-black-5ora4ajEP6XBgOPqfVpEWN19.html,5,2026-08-27T07:29:39.259008+00:00,individual,"Samsung Galaxy S24 Ultra. Only few days used | Full fresh condition. 12GB RAM | 256GB Storage. Flagship Pro Camera. Premium Titanium Design. Super smooth performance. Price: 75,990৳"
Samsung Galaxy S22 Ultra 256 GB Bronze,42000,Used,"Chattogram, Patenga",1 hour ago,https://bikroy.com/patenga/mobile-phones/samsung-galaxy-s22-ultra-256-gb-bronze-zjyDYBfR3y5ZVYxFShWMSYrb.html,5,2026-08-27T07:29:39.974900+00:00,individual,Samsung s22 ultra.12/256gb.Batry 5000mah.Samsung er flagship phon. All parts genuine & authentin.Camra panirmoto clear.Full box.Dekta kubi gorgius & Elegent.Nila nita paren
Samsung Galaxy Z Fold7 256 GB Blue,127000,Used,"Dhaka, Dhanmondi",14/08,https://bikroy.com/dhanmondi/mobile-phones/samsung-galaxy-z-fold7-256-gb-blue-suQE9URrzaPZ6Cxr20vcGyEH.html,5,2026-08-27T07:29:40.696320+00:00,individual,"Peace be upon you all, welcome to Anika Telecom. We have for you
Samsung Z Fold 7... 12/256 GB 
Without Box ... Colour: Blue... Condition Fresh
Contact us to get all kinds of authentic flagship mobile phones - Call +880 1945-302167
Address - Orchard Point, 3rd Floor, Shop #427
Road - 7, Dhanmondi, Dhaka-1205"
Samsung Galaxy S25 Ultra 256 GB Blue,88000,Used,"Dhaka, Uttara",1 hour ago,https://bikroy.com/uttara/mobile-phones/samsung-galaxy-s25-ultra-256-gb-blue-5ULfWVMhF4bfjEYVOTIYFt9U.html,3,2026-08-27T07:29:41.330294+00:00,individual,"Galaxy S25 Ultra 12/256GB Pre-Owned 
Physical Dual
  100% Original & Non Refurbished Product
 7 Days Replacement & 1 Year Service Warranty
 EMI Facility is also AVAILABLE
Contact Us
Exchange Hub
Shop No: 610, 611, 628 & 629 Level-6, Tropical Alauddin Tower
Sector 3, Road 2, Rajlaxmi, Uttara.
Call for Details 017XXXXXXXX"
Samsung Galaxy S25 Ultra 256 GB Gray,92000,Used,"Dhaka, Baridhara",5 hours ago,https://bikroy.com/baridhara/mobile-phones/samsung-galaxy-s25-ultra-256-gb-gray-BhTJYKJNxR4Nmy56kgeLHHSZ.html,5,2026-08-27T07:29:42.028378+00:00,individual,Full box and in pristine condition.
Samsung Galaxy S25 Ultra 256 GB Silver,86000,Used,"Dhaka, Savar",1 hour ago,https://bikroy.com/savar/mobile-phones/samsung-galaxy-s25-ultra-256-gb-silver-kldav1W9oHfCYbk0qUQQMjSc.html,2,2026-08-27T07:29:42.748887+00:00,individual,"Absolutely fresh condition! No scratches, never opened or serviced. Parts are 100% original. Comes with charger and shop cash memo. 7 days replacement and 1 year service warranty! Livewire Savar - NTECH BD, Sena Shopping Complex, Nabinagar, Savar. Cash on delivery available nationwide. Call for details:"
Samsung Galaxy S25 Ultra 256 GB Blue,92500,Used,"Dhaka, Baridhara",4 hours ago,https://bikroy.com/baridhara/mobile-phones/samsung-galaxy-s25-ultra-256-gb-blue-k6uwPe9edJb3D7IhwVShcCTD.html,5,2026-08-27T07:29:43.154475+00:00,individual,"Samsung S25 Ultra 12/256GB. Full boxed, full fresh. 100% fresh like new condition."
Samsung Galaxy S25 Ultra 256 GB Blue,90500,Used,"Dhaka, Uttara",1 hour ago,https://bikroy.com/uttara/mobile-phones/samsung-galaxy-s25-ultra-256-gb-blue-cpnMIDpc8xqnq30vZCd4pWAg.html,4,2026-08-27T07:29:43.733657+00:00,individual,"Samsung Galaxy S24 Ultra 12/256GB Titanium SilverBlue. 100% Original. 7 Days Replacement & 1 Year Service Warranty. EMI Facility is also AVAILABLE. Contact Us: Exchange Hub. Shop No: 610, 611, 628 & 629 Level-6, Tropical Alauddin Tower, Sector 3, Road 2, Rajlaxmi, Uttara. Facebook Page:"
New Samsung Galaxy S26 512 GB White,195000,Brand New,"Dhaka, Uttara",16/08,https://bikroy.com/uttara/mobile-phones/new-samsung-galaxy-s26-512-gb-white-wIpYEidBB0YWYpDc9kzEfLt5.html,5,2026-08-27T07:29:44.204797+00:00,individual,"Brand New Samsung Galaxy S26 Ultra 12/512 With box, Chinese variant S Pen also included"
Samsung Galaxy S25 Ultra 256 GB Gray,115000,Used,"Dhaka, Kafrul",17/08,https://bikroy.com/kafrul/mobile-phones/samsung-galaxy-s25-ultra-256-gb-gray-u5UbPSUpoBwbetBTylh8UaPy.html,3,2026-08-27T07:29:44.792357+00:00,individual,"Fully ok phone in new condition, used for 8 months... fully fresh mobile... Everything from the box to the charger is available... you can check and take it..."
New Samsung Galaxy Z Flip7 256 GB,97999,Brand New,"Dhaka, Bashundhara City",5 hours ago,https://bikroy.com/bashundhara-city/mobile-phones/new-samsung-galaxy-z-flip7-256-gb-fZNeUOyNH5E3Xz1NMCEwittK.html,3,2026-08-27T07:29:45.200687+00:00,individual,"10 days replacement guarantee
2 years service warranty
Safe courier facility across the country
Attractive exchange offers
Basement-1, Shop-84, Bashundhara City Shopping Mall
Prices are subject to change. Please contact us on WhatsApp before visiting."
Samsung Galaxy S25 Ultra 256 GB,87500,Used,"Dhaka, Dhanmondi",2 hours ago,https://bikroy.com/dhanmondi/mobile-phones/samsung-galaxy-s25-ultra-256-gb-5afAgN2283EelIyyyx6yiDgD.html,5,2026-08-27T07:29:46.120021+00:00,business,"We provide a 15-day replacement guarantee excluding display issues and a lifetime service warranty excluding parts. Our shop location: Dhanmondi-7, Orchard Point Market, Dhaka, Floor-3, Shop: Taher Technology, No-425, Mob 019XXXXXXXX"
Samsung Galaxy S24 Ultra 512 GB Gray,84000,Used,"Dhaka, Baridhara",4 hours ago,https://bikroy.com/baridhara/mobile-phones/samsung-galaxy-s24-ultra-512-gb-gray-r3lRnYjZxeBvwiOgwBFaTDLi.html,4,2026-08-27T07:29:46.575169+00:00,individual,Samsung s24 Ultra Jamuna future park
Samsung Galaxy S25 Ultra 512 GB White,97000,Used,"Dhaka, Uttara",1 hour ago,https://bikroy.com/uttara/mobile-phones/samsung-galaxy-s25-ultra-512-gb-white-i7kNwUyII8823XUbwZpVpOpd.html,3,2026-08-27T07:29:46.856259+00:00,individual,"Galaxy S25 Ultra 12/512GB Global Variant Physical Dual sim and Esim
Titanium White Silver 
Built-in Call Record 
 7 Days Replacement & 1 Year Service Warranty
 EMI Facility is also AVAILABLE
Contact Us
Exchange Hub
Shop No: 610, 611, 628 & 629 Level-6, Tropical Alauddin Tower
Sector 3, Road 2, Rajlaxmi, Uttara.
Call for"
Samsung Galaxy S25 Ultra 12/256GB (Box) (Used),94000,Used,"Dhaka, Uttara",1 hour ago,https://bikroy.com/uttara/mobile-phones/samsung-galaxy-s25-ultra-12-256gb-box-used-AQ3RJAPjcHpF7Gg2Hmk44vUu.html,5,2026-08-27T07:29:47.454508+00:00,individual,"Samsung Galaxy S25 Ultra • 12GB • 256GB
Elite flagship. Premium titanium finish.
RAM: 12GB
Storage: 256GB
Color: Titanium Gray
Dual SIM
Box available
Condition: Used (clean)
Ultra pro camera system
Flagship-level performance
Enjoy powerful all-day battery life
Premium titanium design
Inbox for details
Serious buyers only
100% original & non-refurbished product
7 days replacement & 1-year service warranty
EMI facility is also available
Contact us
Exchange Hub
Shop no: 610, 611, 628 & 629 Level-6, Tropical Alauddin Tower
Sector 3, Road 2, Rajlaxmi, Uttara.
Call for details Show more"
Samsung Galaxy S25 Ultra 256 GB Gray,92000,Used,"Dhaka, Uttara",06/08,https://bikroy.com/uttara/mobile-phones/samsung-galaxy-s25-ultra-256-gb-gray-oItrrq8MJg1s8rTJupIcBiHF.html,5,2026-08-27T07:29:48.159957+00:00,individual,"Samsung Galaxy S25 Ultra (Unofficial) 
There are no issues with the phone at all.
Completely fresh and smooth condition.
Display, camera, battery, and all features work 100% properly.
No history of repair.
Personal use phone.
You can check and test it before buying.
Reason for Sale: Selling for personal needs.
Price: Reasonable offers are acceptable."
Samsung Galaxy S25 Ultra 256 GB,87999,Used,"Dhaka, Baridhara",18/08,https://bikroy.com/baridhara/mobile-phones/samsung-galaxy-s25-ultra-256-gb-hNrObzMxECVwIYSKpoy6axmZ.html,5,2026-08-27T07:29:48.891291+00:00,individual,"Very good phone, I am selling it because I need money. I bought it new and used it for 4 months."
Samsung Galaxy S25 Ultra 256 GB White,91000,Used,"Dhaka, Baridhara",4 hours ago,https://bikroy.com/baridhara/mobile-phones/samsung-galaxy-s25-ultra-256-gb-white-foWlXuDs3rLYnMo1D46XSZ5n.html,5,2026-08-27T07:29:49.496653+00:00,individual,Samsung S25 ultra 12/256 without box fresh condition
New Samsung Galaxy S26 Ultra 5G 256 GB White,118000,Brand New,"Dhaka, Uttara",2 hours ago,https://bikroy.com/uttara/mobile-phones/new-samsung-galaxy-s26-ultra-5g-256-gb-white-C5Aeuk5JSCDUP7Odnfndu1lj.html,3,2026-08-27T07:29:50.015032+00:00,individual,"Brand New Samsung Galaxy S26 Ultra 12/256 GB White 
Physical Dual Sim
Made By Vietnam 
 7 Days Replacement & 1 Year Service Warranty
 EMI Facility is also AVAILABLE
Contact Us
Exchange Hub
Shop No: 610, 611, 628 & 629 Level-6, Tropical Alauddin Tower
Sector 3, Road 2, Rajlaxmi, Uttara.
Call for Details 017XXXXXXXX"
Samsung Galaxy S25 Ultra 256 GB Silver,90000,Used,"Dhaka, Basabo",20/08,https://bikroy.com/basabo/mobile-phones/samsung-galaxy-s25-ultra-256-gb-silver-kanMCRQdMn3L1qUGfmmiShtE.html,4,2026-08-27T07:29:50.592961+00:00,individual,"Phone purchased from KRY International, Bashundhara Branch.
Purchase date: December 1, 2025.
From the very beginning, I have been using an ERS screen protector, ERS camera protector, and ERS back cover, so there isn't a single scratch.
Price is almost fixed.
If you want to buy, call me directly."
Samsung Galaxy S25 Ultra 256 GB Black,91999,Used,"Dhaka, Bashundhara City",2 hours ago,https://bikroy.com/bashundhara-city/mobile-phones/samsung-galaxy-s25-ultra-256-gb-black-jOwoXcwWHDhkB1SYXwEjjsIV.html,5,2026-08-27T07:29:51.295112+00:00,individual,"Samsung Galaxy S25 Ultra
 Titanium Black
 12GB RAM | 256GB Storage
 Full Boxed
 Inbox now for the latest price.
 Visit Our Shop
Basement-2, Shop No: 94 
Basundhara City Shopping Complex 
Panthapath Dhaka 1215 
 You can easily find our shop on the left side after going down the escalator."
Samsung Galaxy S24 Ultra 256 GB Gray,75000,Used,"Dhaka, Uttara",1 hour ago,https://bikroy.com/uttara/mobile-phones/samsung-galaxy-s24-ultra-256-gb-gray-rOcd8kZCEsmwK6nQPA1OmcsC.html,4,2026-08-27T07:29:51.879256+00:00,individual,"Samsung Galaxy S24 Ultra | Pre-Owned 
 12GB RAM | 256GB ROM 
 Color: Titanium Gray
 Physical Dual SIM
 Built-in Call Recording
 EMI Facility Available
 Exchange Hub
 Shop No: 610, 611, 628 & 629, Level-6, Tropical Alauddin Tower, Sector 3, Road 2, Rajlaxmi, Uttara
 Call for Details 017XXXXXXXX"
Samsung Galaxy A56 128 GB Black,37999,Used,"Dhaka, Jatrabari",1 hour ago,https://bikroy.com/jatrabari/mobile-phones/samsung-galaxy-a56-128-gb-black-8PLjeMZqWomiq7Z6AxfsWRAq.html,3,2026-08-27T07:29:52.573365+00:00,individual,"Full box
8/128 gb
Jatrabari
Shahid Farooq Road
Taj Super Market 2nd floor
Usmaan Gadget"
New Samsung Galaxy A07 256 GB,22000,Brand New,"Dhaka, Uttara",1 hour ago,https://bikroy.com/uttara/mobile-phones/new-samsung-galaxy-a07-256-gb-uvcJqVoMSb1yUiz0llPo5ZWL.html,2,2026-08-27T07:29:53.233336+00:00,individual,"Brand New Galaxy A07 8/256GB available in Black, Gray, and Blue."
New Samsung Galaxy A17 5G 128 GB Gray,32000,Brand New,"Dhaka, Mirpur",2 hours ago,https://bikroy.com/mirpur/mobile-phones/new-samsung-galaxy-a17-5g-128-gb-gray-1FNnFEGFEuD9Gw8ebcKx4mFn.html,4,2026-08-27T07:29:53.907588+00:00,individual,"Samsung Galaxy A17 5G 
8/128 
Full new condition
Only 1 month used 
Box cash memo shob ache 
Kono dent scratch nei 
Samsung showroom theke kina 
Grey colour 
Damadami korben nah, Pochondo nah hole ignore koren please 019XXXXXXXX"
Samsung Galaxy S24 FE 256 GB White,40000,Used,"Dhaka, Bashundhara City",1 hour ago,https://bikroy.com/bashundhara-city/mobile-phones/samsung-galaxy-s24-fe-256-gb-white-uRl12vs3ZVkoMescn4YaWfVB.html,3,2026-08-27T07:29:54.574572+00:00,individual,"✅ ১০ দিনের রিপ্লেসমেন্ট গ্যারান্টি
✅ ২ বছরের সার্ভিস ওয়ারেন্টি
🚚 সারা দেশে নিরাপদ কুরিয়ার সুবিধা
🔁 আকর্ষণীয় এক্সচেঞ্জ অফার

📍 Basement-1, Shop-84, Bashundhara City Shopping Mall

📩 দাম পরিবর্তনশীল। আসার আগে অবশ্যই WhatsApp-এ যোগাযোগ করুন।"
New Samsung Galaxy A57 256 GB Blue,50500,Brand New,"Dhaka, Shyamoli",1 hour ago,https://bikroy.com/shyamoli/mobile-phones/new-samsung-galaxy-a57-256-gb-blue-7SAggX0BTqzJnLiUcxerOgWU.html,2,2026-08-27T07:29:55.229513+00:00,individual,"Samsung Galaxy A57 5G, 12/256GB, brand new and intact. Location: Shyamoli. Price: 50,500tk."
New Samsung Galaxy A36 128 GB Black,34000,Brand New,"Dhaka, Uttara",2 hours ago,https://bikroy.com/uttara/mobile-phones/new-samsung-galaxy-a36-128-gb-black-Q2tjg9Bsbik545f5pLrOziE.html,2,2026-08-27T07:29:55.979991+00:00,individual,"Brand New Galaxy A36 8/128GB
  100% Original & Non Refurbished Product
 7 Days Replacement & 1 Year Service Warranty
 EMI Facility is also AVAILABLE
Contact Us
Exchange Hub
Shop No: 610, 611, 628 & 629 Level-6, Tropical Alauddin Tower
Sector 3, Road 2, Rajlaxmi, Uttara.
Facebook Page :"
Samsung Galaxy S22+ 5G 256 GB Black,25500,Used,"Dhaka, Tongi",01/08,https://bikroy.com/tongi/mobile-phones/samsung-galaxy-s22-5g-256-gb-black-pu8xPs6ZdfswTFwKpyu1OCeP.html,4,2026-08-27T07:29:56.543407+00:00,individual,"The phone is very good, clear pictures can be taken including pictures of the moon, call for details, any security can be provided"
Samsung Galaxy S23 256 GB Black,22000,Used,"Dhaka, Savar",15 hours ago,https://bikroy.com/savar/mobile-phones/samsung-galaxy-s23-256-gb-black-m6wfSE0JLD8EnIHqRqHao4qF.html,5,2026-08-27T07:29:57.277054+00:00,individual,"The phone was sent from abroad, mobile phone only. I used it with great care. But in an accident, a rickshaw hit my thigh, which caused the display to become like this. Everything else is overall 100% flawless and working. There are some minor dents due to using a back cover. Everything on the phone is totally okay except for the display, but everything works on the display."
Samsung Galaxy S23 256 GB White,36000,Used,"Dhaka, Mirpur",1 hour ago,https://bikroy.com/mirpur/mobile-phones/samsung-galaxy-s23-256-gb-white-A6xfD7Esp9aRL2UZJHczrZP1.html,5,2026-08-27T07:29:57.785466+00:00,individual,"Samsung galaxy S23
Storage: 8/256
Variant: Vietnam 
Condition: Phone full covered with poly, full fresh condition. Just one green line.
Note: 25W charging adapter available( orginal charger) No box because phone purchase from abroad."
Samsung Galaxy A15 5G 128 GB Blue,26500,Used,"Dhaka, Paltan",1 hour ago,https://bikroy.com/paltan/mobile-phones/samsung-galaxy-a15-5g-128-gb-blue-BJ9iLF6Uwd5Tg6wnahepV6HA.html,4,2026-08-27T07:29:58.558821+00:00,individual,"Samsung Galaxy A15 5G is now at Mobile Doctor! 
Key Features: 
6.5"" FHD+ Super AMOLED Display 
90Hz Refresh Rate 
MediaTek Dimensity 6100+ Processor 
50MP Triple Camera 
13MP Selfie Camera 
5000mAh Battery 
25W Fast Charging 
5G Connectivity"
New Samsung Galaxy A36 256 GB Green,37000,Brand New,"Dhaka, Uttara",2 hours ago,https://bikroy.com/uttara/mobile-phones/new-samsung-galaxy-a36-256-gb-green-tDoMShI2Vd4PKpdLNaYrFsKq.html,2,2026-08-27T07:29:59.302883+00:00,individual,"Brand New Galaxy A36 12/256GB. Get a 100% Original & Non-Refurbished Product. Enjoy 7 Days Replacement & 1 Year Service Warranty. EMI Facility is also AVAILABLE. Contact Us. Exchange Hub. Shop No: 610, 611, 628 & 629 Level-6, Tropical Alauddin Tower. Sector 3, Road 2, Rajlaxmi, Uttara."
New Samsung Galaxy A17 128 GB Blue,23500,Brand New,"Dhaka, Uttara",1 hour ago,https://bikroy.com/uttara/mobile-phones/new-samsung-galaxy-a17-128-gb-blue-hKBmjdPAUybfrhK9yP79iC4g.html,2,2026-08-27T07:29:59.674931+00:00,individual,"Brand New Samsung Galaxy A17 8/128GB
Sky Blue
 Call for Details 017XXXXXXXX"
Samsung Galaxy S23 Ultra 256 GB Black,55500,Used,"Dhaka, Khilgaon",1 hour ago,https://bikroy.com/khilgaon/mobile-phones/samsung-galaxy-s23-ultra-256-gb-black-xqblLqNHclNI9mGGyj0m3xBk.html,3,2026-08-27T07:30:00.245050+00:00,individual,"Samsung S23 ultra 12/256 
Boxed 
color:Black
Stored:12/256
All Ok just call us for Details"
New Samsung Galaxy A07 128 GB Purple,24000,Brand New,"Dhaka, Jatrabari",18/08,https://bikroy.com/jatrabari/mobile-phones/new-samsung-galaxy-a07-128-gb-purple-dTQqCtlWhe2EUWR0k5KS3jAi.html,4,2026-08-27T07:30:00.785977+00:00,individual,This phone is still unboxed.
Samsung Galaxy S23 Plus 256 GB Black,36000,Used,"Dhaka, Demra",24/08,https://bikroy.com/demra/mobile-phones/samsung-galaxy-s23-plus-256-gb-black-tRBrJSk3Ej1Ehyzj3NAICc2c.html,5,2026-08-27T07:30:01.270150+00:00,individual,This phone was used by my wife. It was bought second-hand. The paint on some small areas at the bottom of the phone has peeled off. There are no dents. The phone has no repair history. It still runs very smoothly. A copy of the cash memo and all types of security will be provided with the phone. You can check it as much as you want. The phone must be picked up from the location. You will not find any internal or external issues with the phone. Show more
New Samsung Galaxy A56 128 GB Gray,44000,Brand New,"Dhaka, Uttara",1 hour ago,https://bikroy.com/uttara/mobile-phones/new-samsung-galaxy-a56-128-gb-gray-ilMiglVoQqrRbnTPCfAEAp9Q.html,3,2026-08-27T07:30:02.007695+00:00,individual,"Grab the brand new Galaxy A56 5G in Gray with 8/128GB capacity!
100% original and non-refurbished product.
Enjoy a 7-day replacement guarantee and a 1-year service warranty.
Easy EMI facilities are also available.
Contact us today!
Exchange Hub
Shop No: 610, 611, 628 & 629, Level-6, Tropical Alauddin Tower
Sector 3, Road 2, Rajlaxmi, Uttara.
Call for details 017XXXXXXXX"
Samsung Galaxy S22 5G 128 GB Blue,26999,Used,"Dhaka, Mirpur",2 hours ago,https://bikroy.com/mirpur/mobile-phones/samsung-galaxy-s22-5g-128-gb-blue-x6SyCZh6r2tcUytZnFfEbJmm.html,5,2026-08-27T07:30:02.552062+00:00,individual,">SR Telecom> 
Shop No: 29, 3rd Floor,
Baghdad Shopping Complex, Mirpur 1,
The phone is 100% genuine and we provide a 7-day replacement guarantee and 1-year free service warranty (excluding parts).
RAM 8GB, Storage 128GB
Includes cash memo, box, and cable.
❐ You can confirm your order via courier by paying 500 BDT.
EMI facility available on credit cards from 37 banks."
S23 Ultra Original Display (Pulled from Phone),25000,Used,"Dhaka, Khilgaon",2 hours ago,https://bikroy.com/khilgaon/cell-phones-tablets-accessories/s23-ultra-original-display-phone-khola-mmsSx7DXreI10SHyOQb2XvOx.html,5,2026-08-27T07:30:03.318379+00:00,individual,"Original Dynamic AMOLED 2X display pulled from a Samsung Galaxy S23 Ultra. Comes with a one-month replacement warranty. This is the display without the frame; waterproof and dustproof stickers are included. Address: Roza Telecom, Shop 225, 2nd Floor, Khilgaon Taltala City Corporation Market, Dhaka. You can visit the shop for professional fitting. Customers outside Dhaka can order via courier with cash on delivery. For a video of the display, message the model number on WhatsApp. The video link is provided above. Show more"
Samsung Galaxy S24 Ultra 256 GB Purple,72000,Used,"Dhaka, Uttara",2 hours ago,https://bikroy.com/uttara/mobile-phones/samsung-galaxy-s24-ultra-256-gb-purple-15bAA07opEF3hKU1LeLpRXJZ.html,5,2026-08-27T07:30:03.936629+00:00,individual,"Samsung Galaxy S24 Ultra 256GB Titanium Violet 
 100% Original 
 7 Days Replacement & 1 Year Service Warranty
 EMI Facility is also AVAILABLE
Contact Us
Exchange Hub
Shop No: 610, 611, 628 & 629 Level-6, Tropical Alauddin Tower
Sector 3, Road 2, Rajlaxmi, Uttara.
Facebook Page :"
New Apple iPhone 16 Pro Max 256 GB Gold,125000,Brand New,"Rajshahi, Kadirgonj",09/05,https://bikroy.com/kadirgonj/mobile-phones/new-apple-iphone-16-pro-max-256-gb-gold-66aAqTrqhBhcLiAWyPR5M47X.html,5,2026-08-27T07:30:04.504824+00:00,business,"iPhone 16 Pro Max. 95% Battery Health, 256GB. Buy your favorite iPhone from TECH LIFE because we offer the best price, premium quality, and hassle-free customer service! Shop Location: Shop number: 121, Sopnochura plaza, kadirgonje."
Apple iPhone 16 Pro Max 256 GB Gold,127000,Used,"Rajshahi, Shaheb Bazar",20/08,https://bikroy.com/shaheb-bazar/mobile-phones/apple-iphone-16-pro-max-256-gb-gold-jW7nEm7s3EnN3akTJ229KCvX.html,4,2026-08-27T07:30:04.957355+00:00,individual,"Iphone 16 pro max
box and cash memo available 
warrenty 2 month available
USA varient
256 gb
fully fresh
BH 100%
92 charging cycle"
Apple iPhone 17 Pro Max 256 GB Blue,152000,Used,"Rajshahi, Shaheb Bazar",2 hours ago,https://bikroy.com/shaheb-bazar/mobile-phones/apple-iphone-17-pro-max-256-gb-blue-11qaF5s38zvfsBJt5Pcb14B3.html,4,2026-08-27T07:30:05.571309+00:00,individual,"iPhone 17 Pro Max, 256 GB, 100% Battery Health, Cycle Count 105, USA origin. Super condition. 7 days replacement guarantee, 1 year service warranty. Exchange possible. Our Address: Smart Choice, Shop No. 211, City Center, Beside Rajshahi College, Sonadighi Mor, Rajshahi. Call for any details"
Apple iPhone 16 Pro Max 256 GB Gold,140000,Used,"Rajshahi, Vodra",11/08,https://bikroy.com/vodra/mobile-phones/apple-iphone-16-pro-max-256-gb-gold-uHlECjiTIiHFZLDRNjIZvy3w.html,3,2026-08-27T07:30:06.339178+00:00,individual,"iPhone 16 Pro Max — Singapore Variant
Storage: 256GB
Battery Health: 97%
Variant: Singapore
Condition: Completely good, no issues
Box & Accessories: Everything is included
Face ID / True Tone / Camera: Everything is working fine
Kept with great care
Only genuinely interested people should contact."
Apple iPhone 16 Pro Max 256 GB White,128550,Used,"Rajshahi, Boalia",09/05,https://bikroy.com/boalia/mobile-phones/apple-iphone-16-pro-max-256-gb-white-5PLV8YML3K5B5UUDTl06edpI.html,2,2026-08-27T07:30:06.699829+00:00,individual,"As like New and fresh condition. 92% BH. Physical dual sim with full box. White titanium. Hong Kong variant. Selling reason: Purchase 17 Pro Max. No exchange, only cash."
Apple iPhone 16 Pro Max 512 GB Gray,120000,Used,Rajshahi,1 hour ago,https://bikroy.com/rajshahi/mobile-phones/apple-iphone-16-pro-max-512-gb-gray-ad8jHOosp6iFW36v5PGztkH3.html,3,2026-08-27T07:30:07.412509+00:00,individual,"iPhone 16 Pro Max 
512 GB 100% Battery Health 
Physical SIM 
Super condition 
7 days replacement guarantee  
1 year service warranty  
#exchange possible 
Our Address :
Smart Choice , Shop No. 211 , 
City center , Beside of Rajshahi College , Sonadigir mor Rajshahi
Call for any details"
New Apple iPhone 16 Pro Max 256 GB White,120000,Brand New,"Rajshahi, Shaheb Bazar",1 hour ago,https://bikroy.com/shaheb-bazar/mobile-phones/new-apple-iphone-16-pro-max-256-gb-white-zi5XoCbFn23gTyfK7KKqstGV.html,3,2026-08-27T07:30:07.828746+00:00,individual,"iPhone 16 Pro Max

256 GB, 100% Battery Health

Physical SIM

Experience Super Condition 🔥🔥

Enjoy a 7-day replacement guarantee ✅ 
Get a 1-year service warranty ✅ 

#Exchange possible ✅

Our Address:
Smart Choice, Shop No. 211,
City Center, Beside Rajshahi College, Sonadighi Mor, Rajshahi"
New Apple iPhone 17 Pro Max 256 GB Orange,140000,Brand New,"Rajshahi, Shaheb Bazar",1 hour ago,https://bikroy.com/shaheb-bazar/mobile-phones/new-apple-iphone-17-pro-max-256-gb-orange-mSZEt9xQ9Fqah5375S8SIsmj.html,5,2026-08-27T07:30:08.341130+00:00,individual,"Iphone 17 pro max
256 100
Cc 110
Super condition 
7 days replacement guarantee  
1 year service waranty  
#exchange possible 
Our Address :
Smart Choice , Shop No. 211 , 
City center , Beside of Rajshahi College , Sonadigir mor Rajshahi
Call for any details:"
Apple iPhone 16 Pro Max 256 GB Black,123000,Used,"Rajshahi, Shaheb Bazar",1 hour ago,https://bikroy.com/shaheb-bazar/mobile-phones/apple-iphone-16-pro-max-256-gb-black-5EdAlqubHMlvpkXPmYzjkxCr.html,2,2026-08-27T07:30:09.058845+00:00,individual,"iPhone 16 Pro Max
256 GB, 99% Battery Health
Australia variant
Super condition
7 days replacement guarantee
1 year service warranty
#exchange possible
Our Address:
Smart Choice, Shop No. 211,
City Center, Beside Rajshahi College, Sonadighi Mor, Rajshahi
Call for any details:"
Apple iPhone 17 Pro Singapore (Used),138000,Used,Rajshahi,1 hour ago,https://bikroy.com/rajshahi/mobile-phones/apple-iphone-17-pro-singapore-used-gjdXKaTsZXJhreicuen5bawd.html,0,2026-08-27T07:30:09.774889+00:00,individual,"iPhone 17 Pro 🔥 256 GB, 100% Battery Health. Singapore physical SIM version. Super condition. 7 days replacement guarantee. 1-year service warranty. #ExchangePossible. Our Address: Smart Choice, Shop No. 211, City Center, Beside Rajshahi College, Sonadighi Mor, Rajshahi. Call for details."
Apple iPhone 17 Pro Max 256 GB Orange,140000,Used,"Rajshahi, Shaheb Bazar",2 hours ago,https://bikroy.com/shaheb-bazar/mobile-phones/apple-iphone-17-pro-max-256-gb-orange-6xyIFcf1PbAIJoUmIsUnFsJq.html,2,2026-08-27T07:30:10.393344+00:00,individual,"IPhone 17 Pro Max
256 GB 100% Battery Health
Japan
Super condition
Enjoy 7 days replacement guarantee
Enjoy 1 year service warranty
#exchange possible
Our Address:
Smart Choice, Shop No. 211,
City Center, Beside of Rajshahi College, Sonadigir Mor, Rajshahi
Call for any details"
Apple iPhone 17 Pro Max 256 GB Silver,145000,Used,"Rajshahi, Shaheb Bazar",1 hour ago,https://bikroy.com/shaheb-bazar/mobile-phones/apple-iphone-17-pro-max-256-gb-silver-hLhg4H3itM9ABXK04yoqmsQi.html,3,2026-08-27T07:30:10.799429+00:00,individual,"iPhone 17 Pro Max
256 GB, 100% Battery Health
Super condition
7 days replacement guarantee
1 year service warranty
#exchange possible
Our Address:
Smart Choice, Shop No. 211,
City Center, Beside Rajshahi College, Sonadighi Mor, Rajshahi
Call for any details:"
Apple iPhone 16 Pro Max 512 GB Gold,122000,Used,Rajshahi,03/08,https://bikroy.com/rajshahi/mobile-phones/apple-iphone-16-pro-max-512-gb-gold-xB8vI3tSB2mrLjPvibePbVad.html,5,2026-08-27T07:30:11.555075+00:00,individual,"Full Fresh (fixed price)
Check as much as you want 
BTH 92%
Storage 512
3 covers will come with the phone 
Phone will come with box, NID will be given 
USA variant
iOS version 26.05.02"
Apple iPhone 17 Pro Max 512 GB Blue,165000,Used,"Rajshahi, Shaheb Bazar",1 hour ago,https://bikroy.com/shaheb-bazar/mobile-phones/apple-iphone-17-pro-max-512-gb-blue-csV8slMWeD0XUh2vOu3pydkj.html,2,2026-08-27T07:30:11.948769+00:00,individual,"iPhone 17 Pro Max, 512 GB, 100% battery health, cycle count 105. Super condition. Comes with a 7-day replacement guarantee and 1-year service warranty. Exchange possible. Our Address: Smart Choice, Shop No. 211, City Center, Beside Rajshahi College, Sonadighi Mor, Rajshahi. Call for details."
Apple iPhone 14 Pro Max 256 GB Purple,75000,Used,"Rajshahi, Shaheb Bazar",2 hours ago,https://bikroy.com/shaheb-bazar/mobile-phones/apple-iphone-14-pro-max-256-gb-purple-dXs04LXCudjcFOC7CJgxaZmS.html,3,2026-08-27T07:30:12.537743+00:00,individual,"iPhone 14 Pro Max

256 GB, 85% Battery Health

Singapore variant

Super condition 

7 days replacement guarantee  
1 year service warranty  

#exchange possible 

Our Address:
Smart Choice, Shop No. 211,
City Center, Beside Rajshahi College, Sonadighi Mor, Rajshahi

Call for any details 017XXXXXXXX"
New Apple iPhone 15 128 GB Pink,60000,Brand New,"Rajshahi, Shaheb Bazar",2 hours ago,https://bikroy.com/shaheb-bazar/mobile-phones/new-apple-iphone-15-128-gb-pink-53q78tUVolUACOZSUSrcaQgu.html,2,2026-08-27T07:30:13.050783+00:00,individual,"iPhone 15
128 GB, 85-100% Battery Health
Physical SIM
Super condition
Enjoy a 7-day replacement guarantee
1-year service warranty
#Exchange possible
Our Address:
Smart Choice, Shop No. 211,
City Center, Beside Rajshahi College, Sonadighi Mor, Rajshahi
Call for any details:"
Apple iPhone 15 128 GB Black,58500,Used,Rajshahi,17 hours ago,https://bikroy.com/rajshahi/mobile-phones/apple-iphone-15-128-gb-black-a4oEq8ZmlYGLGthLMUs67m2w.html,5,2026-08-27T07:30:13.558010+00:00,individual,"Full Fresh Phone ✅
No Scratches All Ok ✅"
Apple iPhone 14 Pro Max 128 GB Purple,68000,Used,"Rajshahi, Uposahar",2 days ago,https://bikroy.com/uposahar/mobile-phones/apple-iphone-14-pro-max-128-gb-purple-stRDipZDwE2Xm1j6yFDizP0V.html,4,2026-08-27T07:30:14.106403+00:00,individual,"Storage: 128GB
Battery Health: 87%
Display has never been changed
Everything in the phone is original
No kind of repairing has been done
Face ID is completely active
Touch is completely active
Camera, Speaker, Microphone are all working properly
Back cover will be given as a gift
Opportunity to see and check the phone directly.
No box, memo is available."
Apple iPhone 13 Pro Max 128 GB Green,60000,Used,Rajshahi,08/08,https://bikroy.com/rajshahi/mobile-phones/apple-iphone-13-pro-max-128-gb-green-BLo53e4npcu9s9TZUU9p9cNb.html,4,2026-08-27T07:30:14.698207+00:00,individual,There is nothing to question about this set... everything is 100/1000... Genuine... Selling because I will buy a bike... battery health is 91
Apple iPhone 14 Pro Max 256 GB Purple,68000,Used,Rajshahi,1 day ago,https://bikroy.com/rajshahi/mobile-phones/apple-iphone-14-pro-max-256-gb-purple-dNds8cqTiL7B0dNOuSsnERDV.html,5,2026-08-27T07:30:15.436367+00:00,individual,"🔶Device: iphone 14 pro max / Full box with charger 
🔸Varient: kuwait 🇰🇼 
🔸Storage:256 gb 
🔸Battery health:75%🔋
🔸full box , with charger ,1 backpart 
🔸True tone ok✅✅ 
🔸Face id ok✅✅ 
🔸Display ok✅✅ 
🔸waterproof ✅ ✅ 
mobile number 015XXXXXXXX"
Apple iPhone 15 Pro 256 GB Blue,90000,Used,"Rajshahi, Shaheb Bazar",2 hours ago,https://bikroy.com/shaheb-bazar/mobile-phones/apple-iphone-15-pro-256-gb-blue-wQ01JX61flblQEsEtp0vo4Wi.html,4,2026-08-27T07:30:16.218786+00:00,individual,"IPhone 15 pro 
256 gb 87 bh 
Warranty available until 2031 
Super condition 
7 days replacement guarantee  
1 year service warranty  
#exchange possible 
Our Address :
Smart Choice , Shop No. 211 , 
City center , Beside of Rajshahi College , Sonadigir mor Rajshahi
Call for any details:"
Apple iPhone 14 Pro Max 128 GB Blue,56999,Used,Rajshahi,1 day ago,https://bikroy.com/rajshahi/mobile-phones/apple-iphone-14-pro-max-128-gb-blue-1AeMIgzsQehaan9Gxj9CaecG.html,4,2026-08-27T07:30:17.040220+00:00,individual,"Please message first.
Condition: iPhone 14 Pro Max (128GB)
Battery: 80%
Physical + eSIM
iOS: 26.6.1
Included with it: Box and good quality charger.
Condition: Only back glass is cracked.
And there is a small dot near the front camera which is not noticeable. Pictures are provided."
Apple iPhone 16 Pro 128 GB Rose Gold,93000,Used,"Rajshahi, Shaheb Bazar",1 hour ago,https://bikroy.com/shaheb-bazar/mobile-phones/apple-iphone-16-pro-128-gb-rose-gold-axUnNwSc7ZwYZ7ffrUbtkoV1.html,3,2026-08-27T07:30:17.527139+00:00,individual,"iPhone 16 Pro
128GB, 91% Battery Health
Physical SIM
Super condition
Enjoy a 7-day replacement guarantee
1-year service warranty
#exchange possible
Our Address:
Smart Choice, Shop No. 211,
City Center, Beside Rajshahi College, Sonadighi Mor, Rajshahi
Call for any details:"
Apple iPhone 16 128 GB White,69000,Used,"Rajshahi, Shaheb Bazar",1 hour ago,https://bikroy.com/shaheb-bazar/mobile-phones/apple-iphone-16-128-gb-white-kf4Ow26G5OQJFaPzAD2zykdL.html,3,2026-08-27T07:30:18.248275+00:00,individual,"iPhone 16
128 GB, 100% Battery Health
Super condition
7 days replacement guarantee
1 year service warranty
#exchange possible
Our Address:
Smart Choice, Shop No. 211,
City Center, Beside Rajshahi College, Sonadighi Mor, Rajshahi
Call for any details:"
Apple iPhone 13 Pro Max 256 GB Gold,59500,Used,"Rajshahi, Motihar",21 hours ago,https://bikroy.com/motihar/mobile-phones/apple-iphone-13-pro-max-256-gb-gold-isDieHEPGw4Qc6QzNUbao2xk.html,5,2026-08-27T07:30:18.965924+00:00,individual,"iPhone 13 Pro Max - 256 GB (With Box and Cash Memo)
Color: Golden
Condition: Full Fresh -Like New (No scratch or dent) Waterproof
Battery Health: 75 (Genuine)
Variant: Hongkong
Location: Binodpur Bazar, Rajshahi
Price: Almost Fixed (Slightly Negotiable)"
Apple iPhone 14 Pro 256 GB Gold,66000,Used,Rajshahi,1 day ago,https://bikroy.com/rajshahi/mobile-phones/apple-iphone-14-pro-256-gb-gold-r2tPhtgWHAfy1ZB81bICrIKf.html,4,2026-08-27T07:30:19.542861+00:00,individual,"iPhone14 Pro — 256GB | Golden Colour
একদম Super Fresh Condition হাতে নিলেই পছন্দ হবে।
Model: iPhone 14 Pro, Storage: 256GB, Colour: Golden,Battery Health: 89%, Variant: USA

ফোনের কন্ডিশন একদম ফ্রেশ ও সুন্দর। যারা ভালো কন্ডিশনের iPhone 14 Pro খুঁজছেন, তাদের জন্য দারুণ একটি ডিল 

Address: Shaheb Bazar, Rajshahi
Call: [hidden information]"
Apple iPhone 15 Plus 128 GB Black,65000,Used,"Rajshahi, Shaheb Bazar",1 hour ago,https://bikroy.com/shaheb-bazar/mobile-phones/apple-iphone-15-plus-128-gb-black-39lMK4kbQi46v2oAe9V2gR8W.html,3,2026-08-27T07:30:20.112832+00:00,individual,"iPhone 15 Plus
128GB / 89% Battery Health
Physical SIM
Super condition
7 days replacement guarantee
1 year service warranty
#exchange possible
Our Address:
Smart Choice, Shop No. 211,
City Center, Beside Rajshahi College, Sonadighi Mor, Rajshahi
Call for any details:"
Apple iPhone 14 Pro Max 256 GB Purple,74000,Used,"Rajshahi, Shaheb Bazar",2 hours ago,https://bikroy.com/shaheb-bazar/mobile-phones/apple-iphone-14-pro-max-256-gb-purple-chrDhW9u7STAZkcpUOjNWLjF.html,3,2026-08-27T07:30:20.868660+00:00,individual,"iPhone 14 Pro Max, 256 GB, 81% battery health. Physical SIM. Super condition. 7 days replacement guarantee. 1 year service warranty. #exchange possible. Our Address: Smart Choice, Shop No. 211, City Center, Beside Rajshahi College, Sonadighi Mor, Rajshahi. Call for any details:"
Apple iPhone 12 64 GB Blue,27000,Used,"Rajshahi, Shah Makhdum",6 hours ago,https://bikroy.com/shah-makhdum/mobile-phones/apple-iphone-12-64-gb-blue-7OGODD30ocYngafhUe0UpXAk.html,3,2026-08-27T07:30:21.348374+00:00,individual,"iPhone 12 (64GB)
Battery Health: 89%
Face ID, True Tone, Camera, Speaker – সব ঠিকঠাক কাজ করে
 কোনো iCloud Lock বা Bypass সমস্যা নেই
 যা যা পাবেন:
 Charger, Power Bank ।"
Apple iPhone 12 64 GB Blue,31000,Used,"Rajshahi, Rajpara",24/08,https://bikroy.com/rajpara/mobile-phones/apple-iphone-12-64-gb-blue-xr6eXaAJkOftGQEMTyE7LPXA.html,4,2026-08-27T07:30:22.077702+00:00,individual,"Iphone 12
Battery 88%
Check waterproof before taking"
Apple iPhone 12 128 GB White,30000,Used,"Rajshahi, Uposahar",17/08,https://bikroy.com/uposahar/mobile-phones/apple-iphone-12-128-gb-white-7vNM4jh8kv10nindScKjwSGX.html,5,2026-08-27T07:30:22.682941+00:00,individual,"iPhone 12, everything okay, full fresh, like-new condition... no scratches, battery health 84%, camera is amazing... phone is still waterproof, location is Rajshahi, Katakhali, if you want to buy the phone you have to come to the location, no problems with the phone at all, check it as much as you want, if you want to buy the phone message on WhatsApp, this is the WhatsApp number 018XXXXXXXX"
Apple iPhone 12 Pro Max 256 GB White,50000,Used,Rajshahi,1 hour ago,https://bikroy.com/rajshahi/mobile-phones/apple-iphone-12-pro-max-256-gb-white-al4rUSCPA8H1lU2k4kLv3PpT.html,3,2026-08-27T07:30:23.342127+00:00,individual,"iPhone 12 Pro Max
256 GB, 91% Battery Health
Super condition
7 days replacement guarantee
1 year service warranty
#exchange possible
Our Address:
Smart Choice, Shop No. 211,
City Center, Beside Rajshahi College, Sonadighi Mor, Rajshahi
Call for any details:"
Apple iPhone 13 128 GB Blue,40000,Used,Rajshahi,04/08,https://bikroy.com/rajshahi/mobile-phones/apple-iphone-13-128-gb-blue-38KaikAAWbDBGUKSTuahA2zs.html,5,2026-08-27T07:30:24.105157+00:00,individual,"Nothing has been changed, everything is original, no scratches."
Apple iPhone 13 Pro 128 GB White,53000,Used,"Rajshahi, Shaheb Bazar",1 hour ago,https://bikroy.com/shaheb-bazar/mobile-phones/apple-iphone-13-pro-128-gb-white-6wGvvIJEvgb9NqTBCIEbblP7.html,3,2026-08-27T07:30:24.720126+00:00,individual,"iPhone 13 Pro

128 GB, 90% Battery Health

USA Version

Experience Super Condition 🔥🔥

Enjoy 7 days replacement guarantee ✅ 
Enjoy 1 year service warranty ✅ 

#exchange possible ✅

Our Address :
Smart Choice, Shop No. 211, 
City Center, Beside Rajshahi College, Sonadigir Mor, Rajshahi"
Apple iPhone 13 Pro Max 256 GB,51000,Used,"Rajshahi, Shaheb Bazar",1 day ago,https://bikroy.com/shaheb-bazar/mobile-phones/apple-iphone-13-pro-max-256-gb-wmIrr5QhyuJNO8XknC4dBuFp.html,4,2026-08-27T07:30:25.420780+00:00,individual,"iPhone 13 Pro Max 256 GB
Varrient: Canada🇭🇰
Genuine✅
Dual Sim (1 physical+ 1eSim)✅
Camera💯
Face Id & True Tone✅
Bh 98
Just Display Changed
If anyone Interested Pls Inbox Me💌
Phone 019XXXXXXXX 013XXXXXXXX"
Apple iPhone 15 128 GB White,55000,Used,"Rajshahi, Shaheb Bazar",1 hour ago,https://bikroy.com/shaheb-bazar/mobile-phones/apple-iphone-15-128-gb-white-fsGLENhcvKogFRSNWMXFMI26.html,3,2026-08-27T07:30:26.125923+00:00,individual,"iPhone 15 
128GB / 97% Battery Health 
Physical SIM 
Experience super condition 
Enjoy a 7-day replacement guarantee 
Get a 1-year service warranty 
#Exchange possible 
Our Address: 
Smart Choice, Shop No. 211, 
City Center, Beside Rajshahi College, Sonadigir Mor, Rajshahi 
Call for details:"
Apple iPhone 12 64 GB,25000,Used,"Rajshahi, Kazla",1 day ago,https://bikroy.com/kazla/mobile-phones/apple-iphone-12-64-gb-iMtJxZeUQmaRizBHJXpzBx81.html,5,2026-08-27T07:30:26.631333+00:00,individual,বিক্রয় করা হবে ফোনের কোন প্রবলেম নেই ডিসপ্লে চেঞ্জ করা হয়েছে সাড়ে ছয় হাজার টাকা দিয়ে ফেস আইডি টুটনসব ওকে আছে ব্যাটারির চেঞ্জ করা হয়েছে প্রায় ছয় মাস আগে ৩২০০ টাকা দিয়ে যদি নিতে চান তাহলে যোগাযোগ করুন
Apple iPhone 13 128 GB White,46000,Used,"Rajshahi, Shaheb Bazar",2 hours ago,https://bikroy.com/shaheb-bazar/mobile-phones/apple-iphone-13-128-gb-white-BZp4A9O4jdwlZv9xmHsHDKUo.html,3,2026-08-27T07:30:26.935514+00:00,individual,"iPhone 13 
128GB, 99% Battery Health 
Warranty available, used for only 4 months 
Super condition 
Enjoy a 7-day replacement guarantee 
Get a 1-year service warranty 
#Exchange possible 
Our Address: 
Smart Choice, Shop No. 211, 
City Center, Beside Rajshahi College, Sonadigir Mor, Rajshahi 
Call for details:"
Apple iPhone 15 128 GB Black,52500,Used,Rajshahi,09/08,https://bikroy.com/rajshahi/mobile-phones/apple-iphone-15-128-gb-black-hIaLfbpMFpzFsttYcQSn2xY7.html,3,2026-08-27T07:30:27.587296+00:00,individual,"iPhone 15 
Battery health 82
No box, NID will be provided"
Apple iPhone 14 128 GB Black,50000,Used,"Rajshahi, Boalia",23/08,https://bikroy.com/boalia/mobile-phones/apple-iphone-14-128-gb-black-fltkEFXWOajdKjMwgUtDdFJt.html,3,2026-08-27T07:30:27.841986+00:00,individual,"iPhone 14
Variant - Indian
All ok 
Battery Health - 79%"
Apple iPhone 13 128 GB Pink,32500,Used,"Rajshahi, Kazla",17 hours ago,https://bikroy.com/kazla/mobile-phones/apple-iphone-13-128-gb-pink-cJw4XsCbLtBP1dugd9ec7AcS.html,3,2026-08-27T07:30:28.605597+00:00,individual,ফুল ফ্রেশ আছে ফোনটি নিলে সরাসরি ফোন দিবেন ফোনের ব্যাটারি হানডেট পারসেন ব্যাটারি চেঞ্জ করা হয়েছে অরজিনাল ব্যাটারিটাও আছে ছিয়াত্তর পাচ্ছেন ফোনের ফেইস আইডি ইসু  বাদবাকি সব ফুল ওকে
Apple iPhone 14 128 GB White,46000,Used,"Rajshahi, Shaheb Bazar",2 hours ago,https://bikroy.com/shaheb-bazar/mobile-phones/apple-iphone-14-128-gb-white-3XnQatDC4PfHfWZbV0tHoBAo.html,3,2026-08-27T07:30:29.003444+00:00,individual,"iPhone 14
128 GB, 90% Battery Health
Physical SIM
Super condition
7 days replacement guarantee
1 year service warranty
#exchange possible
Our Address:
Smart Choice, Shop No. 211,
City Center, Beside Rajshahi College, Sonadighi Mor, Rajshahi
Call for any details:"
Apple iPhone 17 Pro Max P-SIM+E-SIM Brand New,172999,Brand New,"Chattogram, Agrabad",4 hours ago,https://bikroy.com/agrabad/mobile-phones/apple-iphone-17-pro-max-p-sim-e-sim-ntun-brand-new-1c1M4oyTA6EwXO5vWGDhrGjL.html,0,2026-08-27T07:30:29.653094+00:00,individual,"Stay updated with our latest product prices by liking 👍 & FOLLOWING our page. Page link - https://www.facebook.com/jojobdctg.

** iPhone 17 Pro Max, 256GB, Australian variant, 100% authentic.
Other Apple models in our store – 17 Pro Max 512GB - Australia, 17 256GB Australia, 16 128GB, 15 128GB Singapore, 14 128GB, MacBooks Singapore Air M4 16/256.

🌍 Variant: global

📦 Condition: New Intact |

✅ 100% Authentic

✅ 7-day replacement, 1-year service warranty.

----------------------------------------------------------------------

Address:

Shop- 537, Level-5 (Capsule lift 4,

Straight after exiting the lift, JoJoBD)

Akhtaruzzaman Center,

Agrabad, Chittagong. Show more"
New Apple iPhone 17 Pro Max 256 GB Blue,128000,Brand New,"Chattogram, Muradpur",21/08,https://bikroy.com/muradpur/mobile-phones/new-apple-iphone-17-pro-max-256-gb-blue-aoY4X0fuVVSzlQUyfCvbU6mn.html,5,2026-08-27T07:30:30.208537+00:00,individual,"Full brand new. Not used. Only box open for checking purpose. Came from USA few days back. 
Full Box
256 Gb
Dual E-sim
Zero Cycle Count 
BH 100%
Pls don’t offer any lame price. 
Almost fixed price.
Regards!"
Apple iPhone 17 Pro Max 256 GB Orange,145000,Used,"Chattogram, Agrabad",1 day ago,https://bikroy.com/agrabad/mobile-phones/apple-iphone-17-pro-max-256-gb-orange-xw3wnomNbYTK03x8j6qp2ki0.html,4,2026-08-27T07:30:30.873864+00:00,individual,"iPhone 17 Pro Max 256 GB. Urgent sale. iPhone 17 Pro Max (256GB) Canada Variant. 100% Battery Health. Cycle Count: 78. The phone is in absolutely fresh condition, no issues. FULL BOX. Urgent sale — interested buyers please contact quickly. Call or WhatsApp 018XXXXXXXX"
New Apple iPhone 17 Pro Max 256 GB Orange,170000,Brand New,"Chattogram, Khulshi",16/08,https://bikroy.com/khulshi/mobile-phones/new-apple-iphone-17-pro-max-256-gb-orange-qh5AZ1u1JnhjuhtUxbTU3wYX.html,3,2026-08-27T07:30:31.604854+00:00,individual,"Australian variant, completely intake set. I got it as a gift. I need money so I am selling it."
Apple iPhone 17 AIR 256GB INTACT (Brand New),120000,Brand New,"Chattogram, Chawkbazar",1 hour ago,https://bikroy.com/chawkbazar/mobile-phones/apple-iphone-17-air-256gb-intact-brand-new-8bPAcmG1pmjkGNibZcyoAMMq.html,0,2026-08-27T07:30:32.329407+00:00,individual,"🔳 INTACT SEAL PACK
🔳 Storage: 12/256GB
🔳 Colour: BLUE
◾ Box And Original Cable


🔰 Our Speciality......................................


◾Original & Non-Refurbished Product
◾Emi Facilities Available*
◾Accept Visa, Master Card
◾Delivery Facility inside & Outside ctg.
◾Phone Exchange Facilities*
◾Our All Products Original And Genuine. 
◾Our All Product 7 Days replacement And 1 year Service Warranty

🔰 Our Showroom Address:

Rony Enterprise (Since 2007)
Bali Arcade Shopping Center
4th Floor, Shop no 03(infront of chawkbazar Post Office
Sirajuddula Road, Chawkbazar, Chattogram Show more"
New Apple iPhone 17 Pro Max 256 GB Orange,160000,Brand New,"Chattogram, Boalkhali",25/06,https://bikroy.com/boalkhali/mobile-phones/new-apple-iphone-17-pro-max-256-gb-orange-14Gjr9fBvTVHsORXpnYMyacL.html,5,2026-08-27T07:30:32.783017+00:00,individual,"Only 3 months used. Cycle count only 35.
First use March 2026. The phone is from Abu Dhabi, UAE. Physical SIM & eSIM available."
Apple iPhone 17 Pro Max 256 GB Orange,143499,Used,"Chattogram, CDA Avenue",1 hour ago,https://bikroy.com/cda-avenue/mobile-phones/apple-iphone-17-pro-max-256-gb-orange-q39DcrXGBK4ZXCVArv9XOrY5.html,3,2026-08-27T07:30:33.530063+00:00,individual,"17 pro max 256gb
Battery-100%
cycle -20
Offer price -143490
Warranty available 27 jun 27"
New Apple iPhone 17 Pro Max 256 GB Silver,165000,Brand New,"Chattogram, Khulshi",12/08,https://bikroy.com/khulshi/mobile-phones/new-apple-iphone-17-pro-max-256-gb-silver-d7FJldVIS9rugoLqUzwYwfVR.html,4,2026-08-27T07:30:34.160923+00:00,individual,"Just opened, brought from outside. With bill, no charge, just open box"
Apple iPhone 17 Pro Max 256 GB Blue,145000,Used,"Chattogram, Agrabad",10/08,https://bikroy.com/agrabad/mobile-phones/apple-iphone-17-pro-max-256-gb-blue-snfLGfPzLndHMLxgbki9Y7DI.html,4,2026-08-27T07:30:34.851883+00:00,individual,"Fresh conditions with original box cable
Brought from Kuwait"
Apple iPhone 17 Pro Max 256 GB Orange,143000,Used,"Chattogram, Chandgaon",11/06,https://bikroy.com/chandgaon/mobile-phones/apple-iphone-17-pro-max-256-gb-orange-gd0z6KX6kuDnoVtAnfAkJAbK.html,5,2026-08-27T07:30:35.603586+00:00,individual,"iPhone 17 Pro Max with 5 months Dazzle Care, Japan variant.
Dual eSIM.
7 months used.
Battery: 100%.
All okay.
Dazzle official care warranty available for 5 months.
Mobile, original cable, and box will be provided."
Apple iPhone 17 CANADA BRAND NEW (Brand New),120000,Brand New,"Chattogram, Chawkbazar",1 hour ago,https://bikroy.com/chawkbazar/mobile-phones/apple-iphone-17-canada-brand-new-brand-new-dZOMhZI7wxvPld4PST30rdSL.html,0,2026-08-27T07:30:36.105559+00:00,individual,"🔳 INTACT SEAL PACK
🔳 Storage: 12/256GB
🔳 Colour: WHITE
◾ Box And Original Cable


🔰 Our Speciality......................................


◾Original & Non-Refurbished Product
◾Emi Facilities Available*
◾Accept Visa, Master Card
◾Delivery Facility inside & Outside ctg.
◾Phone Exchange Facilities*
◾Our All Products Original And Genuine. 
◾Our All Product 7 Days replacement And 1 year Service Warranty


🔰 Our Showroom Address:

Rony Enterprise (Since 2007)
Bali Arcade Shopping Center
4th Floor, Shop no 03(infront of chawkbazar Post Office
Sirajuddula Road, Chawkbazar, Chattogram Show more"
Apple iPhone 17 Pro Max 256 GB Blue,137000,Used,"Chattogram, New Market, Chattogram",12/08,https://bikroy.com/new-market/mobile-phones/apple-iphone-17-pro-max-256-gb-blue-pVNL83KOCNBwdIGRYBGObLn2.html,5,2026-08-27T07:30:36.841322+00:00,individual,"Ami ★With full box
★Physical sim + e sim
★291 cycle count
★96% bh
★(Just niche ektah choto scratch ase)
	 Chobite include kora ase picture. 
★Still apple Warranty available"
Apple iPhone 16 Pro Max 512 GB Gold,125000,Used,"Chattogram, Chawkbazar",2 hours ago,https://bikroy.com/chawkbazar/mobile-phones/apple-iphone-16-pro-max-512-gb-gold-NHbPtHOtCvmrJCJKIBhOztI.html,3,2026-08-27T07:30:37.435809+00:00,individual,"iPhone 16 Pro Max, 512GB, Desert Titanium color, comes with box, Global version."
Apple iPhone 16 Pro Max 512 GB Rose Gold,130000,Used,Chattogram,1 hour ago,https://bikroy.com/chattogram/mobile-phones/apple-iphone-16-pro-max-512-gb-rose-gold-fRg22mOFYh4jqnyftdeFk3ut.html,5,2026-08-27T07:30:38.011153+00:00,individual,"iPhone 16 Pro Max 512GB Desert Titanium
Phone brought from Dubai, barely used phone... 100% spotless and fully fresh
Battery Health 90% but cycle count 351 only
With box
Real buyers only!!
Location must!!"
Apple iPhone 14 Pro 256 GB Purple,66000,Used,"Chattogram, Nasirabad",1 hour ago,https://bikroy.com/nasirabad/mobile-phones/apple-iphone-14-pro-256-gb-purple-bl69tzYsZxw0iZRYvlGsKWia.html,3,2026-08-27T07:30:38.747735+00:00,individual,"iPhone 14 Pro is waiting for its new owner! 
 iPhone 14 Pro
 As Like New Condition
 Inbox to know details.
 Contact:"
Apple iPhone 13 Pro Max 128 GB Blue,57000,Used,"Chattogram, Patenga",13/08,https://bikroy.com/patenga/mobile-phones/apple-iphone-13-pro-max-128-gb-blue-hGsG3jKPWvTw96THwOt3eQxE.html,5,2026-08-27T07:30:39.137929+00:00,individual,"The phone is completely flawless and has no internal or external issues.
* Authenticity: 100% Full Authentic (Never opened or parts changed)
* Condition: Super fresh and smooth performance. [1]
Charge Backup:
Even with 74% battery health, its backup is awesome
* iPhone 13 Pro Max * Original cable/box
Location: Bandartilla, Epz
Location Must"
Apple iPhone 13 Pro Max 128 GB,58999,Used,"Chattogram, Nasirabad",1 hour ago,https://bikroy.com/nasirabad/mobile-phones/apple-iphone-13-pro-max-128-gb-pXvgYYw2sW9sc9LCAebxRzXz.html,5,2026-08-27T07:30:39.873724+00:00,individual,"**iPhone 13 Pro Max — Available Stock
Storage: **128GB**
Condition: **As Like New**
Premium & Powerful Flagship Experience
Grab yours before it’s gone!"
Apple iPhone 16 Pro Max 256 GB Gold,112000,Used,"Chattogram, Nasirabad",1 hour ago,https://bikroy.com/nasirabad/mobile-phones/apple-iphone-16-pro-max-256-gb-gold-4XqjKhPDnHHztvJfQiLZ7CXJ.html,4,2026-08-27T07:30:40.508268+00:00,individual,"iPhone 16 Pro Max Available Stock 
Storage: 256GB
With Box
As Like New Condition
Battery Health: 89% – 99%
Multiple Colors Available
Experience the ultimate premium flagship performance today!"
Apple iPhone 15 Pro Max 256 GB Silver,98000,Used,"Chattogram, Raozan",21/08,https://bikroy.com/raozan/mobile-phones/apple-iphone-15-pro-max-256-gb-silver-eUwu8HOIx3JbCYcETjkDsBfc.html,5,2026-08-27T07:30:41.199283+00:00,individual,"Alhamdulillah, no issues at all 
WhatsApp 018XXXXXXXX"
Apple iPhone 15 128 GB Green,61000,Used,"Chattogram, Halishahar",18/08,https://bikroy.com/halishahar/mobile-phones/apple-iphone-15-128-gb-green-giY2JpFmtOTOqUrrzBafgHeP.html,3,2026-08-27T07:30:41.977541+00:00,individual,"Everything ok. 
Fully fresh as like new...
> Apple Official Warranty available 5 Months.
> Cycle count - 350
> Battery health - 89%
> Cash memo... full box... + 3 pcs premium back cover..."
New Apple iPhone 15 Plus 256 GB Pink,79990,Brand New,"Chattogram, Baizid",1 hour ago,https://bikroy.com/baizid/mobile-phones/new-apple-iphone-15-plus-256-gb-pink-zaIvEoNR5e3voQJzpXqd1LzB.html,3,2026-08-27T07:30:42.666983+00:00,individual,"Get the iPhone 15 Plus 256GB (USA Variant) now at an offer price at Decent! 

Decent brings you the iPhone 15 Plus USA Variant — right within your reach 

 iPhone 15 Plus (USA Variant) - 
Finlay Square, Level-4, Shop-406, 2 No Gate, Nasirabad, Chattogram
Finlay South City, Level-5, Shop-525, Bahaddarhat, Chattogram"
Apple iPhone 15 128 GB Green,60000,Used,"Chattogram, Hathazari",21/08,https://bikroy.com/hathazari/mobile-phones/apple-iphone-15-128-gb-green-hqruYq52r8ltNsTJbnijeMrr.html,5,2026-08-27T07:30:43.159028+00:00,individual,"Iphone 15 128GB
With original box, charging cable and Apple's 20w power adapter.
Varient- UK
Battery health- 83%
Charging cycle- 744
True tone works
No visible scratch or dent.
Location- 1 no. gate, University of Chittagong"
Apple iPhone 15 Pro Max 256 GB,100000,Used,"Chattogram, Alankar",10/08,https://bikroy.com/alankar/mobile-phones/apple-iphone-15-pro-max-256-gb-pO5ZYMnZUKynFj9ZuTS2oiBg.html,3,2026-08-27T07:30:43.868941+00:00,individual,"Everything is practically new because I am not a heavy user, I never played video games.
Battery health 86% normal backup, I bought this phone from Saudi Arabia, I came back from Saudi now I need some money that's why I want to sell this phone with box, original cable, MagSafe iPhone case & 2 other cases.
If you are interested please call me."
Apple iPhone 13 Pro 256 GB,60000,Used,"Chattogram, Halishahar",2 days ago,https://bikroy.com/halishahar/mobile-phones/apple-iphone-13-pro-256-gb-rKdvRkaC0fo6KDZkn0Hv7EQR.html,5,2026-08-27T07:30:44.301213+00:00,individual,"Iphone 13 pro 
256 GB, LL/A, B/H-91% genuine, no boost, you can check
Full boxed
No dent, no scratch,
Location must: Halishahar I block
Buy and run"
Apple iPhone 16 128 GB Blue,71000,Used,"Chattogram, Khulshi",04/08,https://bikroy.com/khulshi/mobile-phones/apple-iphone-16-128-gb-blue-yQijJHSJxZvEtvRaleIo6TlW.html,5,2026-08-27T07:30:44.693008+00:00,individual,"With box
Battery Health 90%
Fresh condition, only 1 year used
Exchange possible only with iPhone 15 Pro with box"
Apple iPhone 15 Pro Max 256 GB,85999,Used,"Chattogram, Nasirabad",1 hour ago,https://bikroy.com/nasirabad/mobile-phones/apple-iphone-15-pro-max-256-gb-8M978sdZnNzZfoUAchu9reMd.html,4,2026-08-27T07:30:45.424305+00:00,individual,iPhone 15 Pro Max — New Arrival!  Fresh Stock Available As Like New Condition 256GB & 512GB Available All Variants Available -
Apple iPhone 14 Pro 256 GB Gold,65999,Used,"Chattogram, Nasirabad",2 hours ago,https://bikroy.com/nasirabad/mobile-phones/apple-iphone-14-pro-256-gb-gold-r7T4rqAY2NWU70horTaxGBTK.html,4,2026-08-27T07:30:46.023302+00:00,individual,"iPhone 14 Pro is waiting for its new owner!
iPhone 14 Pro
As Like New Condition
Inbox for more details.
Contact:"
Apple iPhone 15 Pro Max 256 GB Blue,95000,Used,"Chattogram, Alankar",15 hours ago,https://bikroy.com/alankar/mobile-phones/apple-iphone-15-pro-max-256-gb-blue-CaPQdZX8rqABbah7x0pqbKsA.html,3,2026-08-27T07:30:46.677195+00:00,individual,"Iphone 15 Pro max 256 gb With Full Box
All parts Is Okey.
No Repeair history One Handed Use
Full Fresh Sudu Cover Use korar karone resh ache halka Phoner 1st User Ami
Battery Health: 92%
Cycle Count: 331
Price Is Almost Fixed
Thank You 😊"
New Apple iPhone 14 128 GB Purple,50500,Brand New,"Chattogram, Patenga",14/08,https://bikroy.com/patenga/mobile-phones/new-apple-iphone-14-128-gb-purple-yPw2oDm5mgCreYtIA8nB1vJY.html,4,2026-08-27T07:30:47.552727+00:00,individual," iPhone 14 128GB — For Sale
• Model: iPhone 14
• Storage: 128GB
• Battery Health: 96%
• Condition: Fresh & Well Maintained
• No Major Scratches / Damage
• Face ID: Fully Working
• True Tone: Available
• Camera, Speaker, Mic — Everything Working Perfectly
• No Service History
• Used with Care
• Original Display
• Almost Brand new condition"
Apple iPhone 11 Pro 256 GB Rose Gold,25000,Used,"Chattogram, Muradpur",21 hours ago,https://bikroy.com/muradpur/mobile-phones/apple-iphone-11-pro-256-gb-rose-gold-BMcRfmi6AuxGMmYa9VZ4vyqo.html,4,2026-08-27T07:30:48.078543+00:00,individual,"256 GB 
Battery Health = 77% 
Face ID 
Silent Mode 
True Tone 
All OK 
Golden Color 
Price - 25k Fixed"
Apple iPhone 12 Mini 64 GB Blue,23000,Used,"Chattogram, Halishahar",01/08,https://bikroy.com/halishahar/mobile-phones/apple-iphone-12-mini-64-gb-blue-s85k0kbW7DMerILvTEQS376T.html,3,2026-08-27T07:30:48.715219+00:00,individual,"IPhone 12 Mini
Storage 64 GB
Battery health 73% (Original)
All Parts are original (Nothing changed)
No problems
3U Tools Score: 97
Only device and security
Location Must"
Apple iPhone XS Max 256 GB Rose Gold,22500,Used,"Chattogram, Oxygen",14/08,https://bikroy.com/oxygen/mobile-phones/apple-iphone-xs-max-256-gb-rose-gold-BWUW73wCUWpKIZIOZxITD5If.html,5,2026-08-27T07:30:49.341160+00:00,individual,"Model iPhone XS Max 256 GB UAE variant everything is ok face id True tone Battery health 100% changed. There are no problems with the phone, battery backup is very good. Will reset the phone before handing it over. Must come to the location to pick it up at Oxygen Baluchra, phone only along with NID card for security."
Apple iPhone 11 Pro 64 GB White,28000,Used,"Chattogram, Chandgaon",23 hours ago,https://bikroy.com/chandgaon/mobile-phones/apple-iphone-11-pro-64-gb-white-z50Xu0hgAO0aLng953mCEPLS.html,5,2026-08-27T07:30:50.062913+00:00,individual,"Model: Iphone 11 Pro
Storage:64gb
Battery health:72%(orginal)
Varrient:Japan
Price:28k
Mobile+cashmemo
Location:chandgao bohoddarhat chotoogram(location must)
99% fresh. Kono issue nai.display 100% orginal guarantee.True tone and face id all everything okay.tana 5 hours+ use kora jai.battery o orginal.mobile finlay theke nisi cashmemo shoho ache."
Apple iPhone 13 Pro 256 GB Blue,51000,Used,"Chattogram, Chandgaon",12/08,https://bikroy.com/chandgaon/mobile-phones/apple-iphone-13-pro-256-gb-blue-q3Oib5jab3cYZzWZfaRxh6XE.html,5,2026-08-27T07:30:50.742745+00:00,individual,"Storage 256gb
Battery 92%
Set + cash memo"
Apple iPhone XS 256 GB Gold,21000,Used,"Chattogram, Chawkbazar",07/08,https://bikroy.com/chawkbazar/mobile-phones/apple-iphone-xs-256-gb-gold-pHHvMiBOFaLwPzlfg2CZhlVf.html,5,2026-08-27T07:30:51.263284+00:00,individual,"My personally used iPhone XS!
Everything that is 100% ok:
Face ID
Camera
Display
Touch
Speaker
True Tone
!!Battery Health 100% (Original battery replaced in February 2026. Has 18 months warranty and Guarantee Card.
!!Only Display Glass is broken, but Display and Touch are 100% ok. Just replacing the glass will do."
Apple iPhone 11 128 GB,23500,Used,"Chattogram, Chandgaon",18/08,https://bikroy.com/chandgaon/mobile-phones/apple-iphone-11-128-gb-oQyB4RjO6TrOSVx9SxRXDWfu.html,3,2026-08-27T07:30:51.906025+00:00,individual,"Iphone 11
128 gb storage
face id ok
true tone ok
everything is genuine
camera joss
battery health 74%
charger will be given
will run 6 hours plus on full charge
If you want to buy, you must come to the location,
Location: Kaptai Rastar Matha or Kalughat
Phone: (whatsapp available)"
New Apple iPhone 12 Pro 256 GB Blue,43000,Brand New,"Chattogram, Alankar",21/08,https://bikroy.com/alankar/mobile-phones/new-apple-iphone-12-pro-256-gb-blue-8cEleiZtrjzhjMyeM8TYh3D5.html,5,2026-08-27T07:30:52.580729+00:00,individual,"iPhone 12 Pro 
256GB
Everything is in perfect working order
Battery Health 82%
No issues at all
Includes Box, Cash Memo, Cable, and 3 covers"
New Apple iPhone 11 64 GB Black,33000,Brand New,"Chattogram, Karnafuly",10/08,https://bikroy.com/karnafuly/mobile-phones/new-apple-iphone-11-64-gb-black-mxTZCsQMsfn2jPRZiC4BuHJ5.html,3,2026-08-27T07:30:52.922068+00:00,individual,"Battery Health: 100%
Box will be given, full fresh condition mobile, unused.
Color: Black.
Price is negotiable.
You can check the mobile on the spot."
Apple iPhone XS Max 256 GB White,24000,Used,"Chattogram, Kotwali, Chattogram",1 day ago,https://bikroy.com/kotwali/mobile-phones/apple-iphone-xs-max-256-gb-white-asqkocoyRDm2XnYjd69wFUL.html,5,2026-08-27T07:30:53.513290+00:00,individual,Original UK version 256GB comes with box cable and charger. Never opened before it's a challenge. Best in condition regarding it's age. No cracks or damage but some marks due it's age on metal frame only. Cash on collection only
Apple iPhone 11 128 GB White,20000,Used,"Chattogram, Bandar, Chattogram",22/08,https://bikroy.com/bandar/mobile-phones/apple-iphone-11-128-gb-white-ARBGPL7SWLXz8JSheEIfH5v7.html,5,2026-08-27T07:30:53.994232+00:00,individual,"The phone is in full space condition, phone's battery health is 78%, the motherboard was swapped from another phone due to an iCloud block, box is not included."
Apple iPhone 13 Pro 256 GB Blue,53500,Used,"Chattogram, Anderkilla",21/08,https://bikroy.com/anderkilla/mobile-phones/apple-iphone-13-pro-256-gb-blue-6nqOYTlcImdFL1KIEIguvcYL.html,3,2026-08-27T07:30:54.738268+00:00,individual,Iphone 13 pro available for 40 thousand and 60 thousand. High quality product with a higher price.
Apple iPhone 13 128 GB Black,39999,Used,"Chattogram, Nasirabad",2 hours ago,https://bikroy.com/nasirabad/mobile-phones/apple-iphone-13-128-gb-black-aBryH80nMhkmJ63GdTiWQLow.html,4,2026-08-27T07:30:55.366990+00:00,individual,"iPhone 13 – With Box 
 Storage: 128GB
 With Original Box
 As Like New 
 Contact: 
 Inbox now for price and more details."
Apple iPhone 16 Pro Max 256 GB,118990,Used,"Dhaka, Mohammadpur",2 hours ago,https://bikroy.com/mohammadpur/mobile-phones/apple-iphone-16-pro-max-256-gb-8oFroKP9PxWAAKCddOE3bE2R.html,3,2026-08-27T07:30:56.098114+00:00,individual,"Apple iPhone 16 Pro Max 256Gb Global 
Physical Sim +Esim
Pre-Owned Device
Battery Health 99%
Full Fresh Conditions 
Full Boxed
Natural Color 
 7 days replacement and 1 year service warranty
Reach Us
Phonomania
Shop No: 623, Level-6
Tokyo Square
Japan Garden City, Ring Road
Mohammadpur, 1207"
Apple iPhone 17 Pro Max 256 GB Orange,140000,Used,"Dhaka, Uttara",1 hour ago,https://bikroy.com/uttara/mobile-phones/apple-iphone-17-pro-max-256-gb-orange-s1B07mRDglXUvYQsw5fdgwfF.html,3,2026-08-27T07:30:56.881192+00:00,individual,"iPhone 17 Pro Max | Pre-Owned
256GB Storage
Color: Cosmic Orange
Japan Variant
Dual eSIM
Battery Health: 99%
EMI Facility Available
Exchange Hub
Shop No: 610, 611, 628 & 629, Level-6, Tropical Alauddin Tower, Sector 3, Road 2, Rajlaxmi, Uttara"
New Apple iPhone 17 Pro 512 GB White,175000,Brand New,"Dhaka, Baridhara",4 hours ago,https://bikroy.com/baridhara/mobile-phones/new-apple-iphone-17-pro-512-gb-white-CpRJoCIo6ZBp6uzqDXI03X9O.html,3,2026-08-27T07:30:57.198518+00:00,individual,"iPhone 17 Pro, Jamuna Future Park."
New Apple iPhone 16 Pro Max 256 GB Gold,135000,Brand New,"Dhaka, Mirpur",06/08,https://bikroy.com/mirpur/mobile-phones/new-apple-iphone-16-pro-max-256-gb-gold-2HLLwl9UYWlJK1Sv0dpkQkK7.html,5,2026-08-27T07:30:57.904880+00:00,individual,"Full brand new iPhone Room- 256gb Singapore variant still has 1 month warranty, the phone has been used with great care. If anyone wants to buy, please knock, do not disturb with unnecessary texts
Address : Mirpur-12 Pallabi Sujat Nagar"
Apple iPhone 16 Pro Max 256 GB,115000,Used,"Dhaka, Badda",02/08,https://bikroy.com/badda/mobile-phones/apple-iphone-16-pro-max-256-gb-prNAdpBTjAL7GsavQbsFDtta.html,3,2026-08-27T07:30:58.512306+00:00,individual,"Phone unboxed by my own hands, has some scratches. Call to know more details"
Apple iPhone 17 Pro 256 GB Orange,130000,Used,"Dhaka, Uttara",1 hour ago,https://bikroy.com/uttara/mobile-phones/apple-iphone-17-pro-256-gb-orange-3pNuNNSM1nByu5StJEaGaE3c.html,3,2026-08-27T07:30:58.984021+00:00,individual,"IPhone 17 Pro | Pre-Owned
256GB Storage
Color: Cosmic Orange
Global Variant
Physical SIM + eSIM
Battery Health: 99%
Cycle Count: 171
Exchange Hub
Shop No: 610, 611, 628 & 629, Level-6, Tropical Alauddin Tower, Sector 3, Road 2, Rajlaxmi, Uttara
Call for Details 017XXXXXXXX"
Apple iPhone 17 Pro 256 GB Blue,134990,Used,"Dhaka, Baridhara",5 hours ago,https://bikroy.com/baridhara/mobile-phones/apple-iphone-17-pro-256-gb-blue-s4XiYJlcH3z6NZzY6CGk1CjK.html,5,2026-08-27T07:30:59.596612+00:00,individual,"iPhone 17 Pro 256GB, Australia variant, Physical + eSIM. Device only. 100% battery health, 107 charge cycles. Like new condition. Price: Inbox."
Apple iPhone 15 Pro Max 256 GB White,120000,Used,"Dhaka, Gulshan",12/08,https://bikroy.com/gulshan/mobile-phones/apple-iphone-15-pro-max-256-gb-white-3q5qXFexdPIOkwc8hgFqCGnF.html,5,2026-08-27T07:31:00.154378+00:00,individual,A very good phone. Whoever is interested in buying can contact me at this number 019XXXXXXXX
New Apple iPhone 17 256 GB,110000,Brand New,"Dhaka, Bashundhara City",5 hours ago,https://bikroy.com/bashundhara-city/mobile-phones/new-apple-iphone-17-256-gb-ilnVAOWrIZa1jht9gt6ccUZ9.html,2,2026-08-27T07:31:00.761642+00:00,individual,"10 days replacement guarantee
 2 years service warranty
 Courier service available nationwide
 Exchange facility available
 Our Shop Address
For Smartphone 
Basement- 1, Shop- 84
Bashundhara City Shopping Mall"
Apple iPhone 16 Pro Max 512 GB,115000,Used,"Dhaka, Chaukbazar",02/08,https://bikroy.com/chaukbazar/mobile-phones/apple-iphone-16-pro-max-512-gb-mPHvNeuNOK6JuSZX5JJ23APn.html,5,2026-08-27T07:31:01.496758+00:00,individual,"iPhone 16 Pro Max 512 Desert Titanium for sale. Dubai variant bought from Apple Store Dubai. Phone was used by my sister. Not a single scratch or anything you can verify and check any way you want battery health 86% cycle count 388.
Full boxed. Location - Dhaka Chawkbazar or Mirpur DOHS. Offer a legit price if you are interested. Call 
Price"
Apple iPhone 16 Pro Max 256 GB,124000,Used,"Dhaka, Mirpur",19 hours ago,https://bikroy.com/mirpur/mobile-phones/apple-iphone-16-pro-max-256-gb-czs75pHy8PuWZ2P8lLI7nARU.html,3,2026-08-27T07:31:02.297483+00:00,individual,"iphone 16pro max-256gb
arab variant
colure: desert
BH:97%
cycle count:205
cash mamo + box included
no one single scratch on phone
3month warranty still have"
New Apple iPhone 17 Pro Max 256 GB Blue,158000,Brand New,"Dhaka, Uttara",1 hour ago,https://bikroy.com/uttara/mobile-phones/new-apple-iphone-17-pro-max-256-gb-blue-pBOKvM8qGQ9OdbJHcG4LBE4w.html,3,2026-08-27T07:31:02.957068+00:00,individual,"Brand New iPhone 17 Pro Max Dual Esim
100% Original & Non Refurbished Product
7 Days Replacement & 1 Year Service Warranty
EMI Facility is also AVAILABLE
Contact Us
Exchange Hub
Shop No: 610, 611, 628 & 629 Level-6, Tropical Alauddin Tower
Sector 3, Road 2, Rajlaxmi, Uttara.
Call for Details 017XXXXXXXX"
Apple iPhone 16 Pro Max 256 GB Black,115000,Used,"Dhaka, Uttara",1 hour ago,https://bikroy.com/uttara/mobile-phones/apple-iphone-16-pro-max-256-gb-black-1BLbkZMfweM1bBkMPpR3S4cT.html,3,2026-08-27T07:31:03.618279+00:00,individual,"iPhone 16 Pro Max 256GB Black
Battery Health 97%
Physical Sim & eSIM
Indian Variant
7 Days Replacement & 1 Year Service Warranty
EMI Facility is also AVAILABLE
Contact Us
Exchange Hub
Shop No: 610, 611, 628 & 629 Level-6, Tropical Alauddin Tower
Sector 3, Road 2, Rajlaxmi, Uttara.
Call for Details 017XXXXXXXX"
Apple iPhone 17 Pro 256 GB Blue,136999,Used,"Dhaka, Bashundhara City",1 hour ago,https://bikroy.com/bashundhara-city/mobile-phones/apple-iphone-17-pro-256-gb-blue-uojP8vlNMfnYEvtJVxAWEBiZ.html,5,2026-08-27T07:31:04.163709+00:00,individual,"Apple iPhone 17 Pro 256GB Blue Titanium
Physical SIM + eSIM
Battery Health 96%
Charging Cycle 200
Full Boxed
HK/Singapore Variant
Visit Our Shop
Basement-2, Shop No: 94
Basundhara City Shopping Complex
Panthapath Dhaka 1215
You can easily find our shop on the left side after getting off the escalator."
Apple iPhone 16 Pro Max 256 GB,114000,Used,"Dhaka, Dhanmondi",1 hour ago,https://bikroy.com/dhanmondi/mobile-phones/apple-iphone-16-pro-max-256-gb-tX5wtfnd8OwH3tccAMm0rAVR.html,3,2026-08-27T07:31:04.989137+00:00,individual,"iPhone 16 Pro Max (256GB) | Desert Titanium 
 Full Box + Original Charger | Only 2 in stock
 Singapore Variant
 89% Battery Health
 602 Charging Cycles
 1 SIM + 1 eSIM
 Water Resistant
 No Scratch, No Dent
 10-day Replacement Guarantee
 Cash on Home Delivery
 Dhanmondi 15, Dhaka"
Apple iPhone 16 Pro Max 512 GB Rose Gold,126000,Used,"Dhaka, Baridhara",5 hours ago,https://bikroy.com/baridhara/mobile-phones/apple-iphone-16-pro-max-512-gb-rose-gold-pFTS2nrnZ8ddsbLZ8MfR7U8q.html,5,2026-08-27T07:31:05.592182+00:00,individual,"iPhone 16 Pro Max 512GB, 92% battery health, Singapore variant, full boxed."
Apple iPhone 17 Pro 512 GB,180000,Used,"Dhaka, Uttara",2 hours ago,https://bikroy.com/uttara/mobile-phones/apple-iphone-17-pro-512-gb-xDjDMsSICY6ybgOmE6uC0gbg.html,2,2026-08-27T07:31:06.362390+00:00,individual,"Luxury Custom iPhone 17 Pro Platinum & Carbon Edition (Pre-owned)
 Storage: 512GB
 Battery Health: 100%
 Cycle Count: 112
 First Use: October 2025
 Inbox for Price & Details
 Exchange Hub
Shop No: 610, 611, 628 & 629
Level-6, Tropical Alauddin Tower
Sector-3, Road-2, Rajlaxmi, Uttara"
New Apple iPhone 16 Pro Max 256 GB Gold,125000,Brand New,"Dhaka, Khilgaon",30/07,https://bikroy.com/khilgaon/mobile-phones/new-apple-iphone-16-pro-max-256-gb-gold-8EfI7zJX5leXbtcPzFIRFhUY.html,3,2026-08-27T07:31:07.120147+00:00,individual,"BH 88%
Box Available"
Apple iPhone 16 Pro Max 256 GB Silver,119000,Used,"Dhaka, Dhanmondi",1 hour ago,https://bikroy.com/dhanmondi/mobile-phones/apple-iphone-16-pro-max-256-gb-silver-yZEFBaLTpC1d1CwLsoEF25ro.html,5,2026-08-27T07:31:07.623346+00:00,individual,"iPhone 16 Pro Max
256GB
Natural Titanium
With box
89% battery health
Water resistant
602 charging cycles
Singapore variant
1 physical SIM, 1 eSIM
Full fresh condition
Not a single scratch or dent
Location: Dhanmondi 15"
Apple iPhone 16 Pro Max 256 GB Black,110000,Used,"Dhaka, Uttara",1 hour ago,https://bikroy.com/uttara/mobile-phones/apple-iphone-16-pro-max-256-gb-black-jLdlS7dgtMReFCElYtM7U5L3.html,4,2026-08-27T07:31:08.154879+00:00,individual,"iPhone 16 Pro Max | Pre-Owned
256GB Storage
USA Variant
Box Available
Battery Health: 91%
7 Days Replacement & 1 Year Service Warranty
EMI Facility Available
Exchange Hub
Shop No: 610, 611, 628 & 629, Level-6, Tropical Alauddin Tower, Sector 3, Road 2, Rajlaxmi, Uttara
Call for Details 017XXXXXXXX"
Apple iPhone 15 Pro 128 GB,85000,Used,"Dhaka, Basundhara",2 days ago,https://bikroy.com/basundhara/mobile-phones/apple-iphone-15-pro-128-gb-sKekSmeUXvHSvEJWzf700tzw.html,5,2026-08-27T07:31:08.833979+00:00,individual,"Battery Health: 85%
Storage: 128 GB
Color: Titanium Blue
Region: USA Variant
Face ID: Fully Functional
True Tone: Active
Waterproof: Factory Sealed
Repair History: None (Never opened)
Appearance: No dents, no scratches (10/10 Condition)"
Apple iPhone 17 128GB (Used),90500,Used,"Dhaka, Uttara",1 hour ago,https://bikroy.com/uttara/mobile-phones/apple-iphone-17-128gb-used-3OEbp953W0QA343zBHHqCrFx.html,5,2026-08-27T07:31:09.382786+00:00,individual,"🤍 iPhone 17 White

🤍 Color: White

🔋 Battery Health: 99%

📅 First Used: 2026

🌍 Global Variant

📶 Physical + eSIM

🔥 Price: Inbox

⚡ Fresh Phone – Urgent Sell! ⚡

🟡 100% Original & Non Refurbished Product
🟡 7Days Replacement & 1Year Service Warranty
🟡 EMI Facility is also AVAILABLE

Contact Us
Exchange Hub
Shop No: 610, 611, 628& 629Level-6, Tropical Alauddin Tower
Sector 3, Road 2, Rajlaxmi, Uttara.
Call for Details: Show more"
Apple iPhone 15 Pro Max 256GB Black,91500,Used,"Dhaka, Jatrabari",5 hours ago,https://bikroy.com/jatrabari/mobile-phones/apple-iphone-15-pro-max-256-gb-black-v8XWanGT4NAkIymgXA8lkcfY.html,5,2026-08-27T07:31:09.908179+00:00,individual,"Assalamu Alaikum
Welcome to Gadget Exchange BD

All perfect working
Buying, selling, and exchanging means Gadget Exchange BD
Visit our store to get 100% genuine products
With cash memo
7 Days Replacement
1 Year Service Warranty (excluding parts)
Gadget Exchange BD
Shop No. 67 (3rd Floor)
Vikrampur Plaza, Jurain Railgate, Dhaka-1204"
Apple iPhone 12 Pro Max 256 GB Blue,53000,Used,"Dhaka, Farmgate",4 hours ago,https://bikroy.com/farmgate/mobile-phones/apple-iphone-12-pro-max-256-gb-blue-aRsLH1NamiWlxD0frAU1gy2G.html,2,2026-08-27T07:31:10.619024+00:00,individual,"Singapore Variant
256GB
10-day replacement guarantee
2-year service warranty
Fast and secure courier service across the country
Attractive exchange offers
Emon Gadget Point
Basement-1, Shop-84
Bashundhara City Shopping Mall"
New Apple iPhone 13 Pro Max 128 GB Green,65500,Brand New,"Dhaka, Dhanmondi",1 hour ago,https://bikroy.com/dhanmondi/mobile-phones/new-apple-iphone-13-pro-max-128-gb-green-nBgS9XYEHc1xripgVIivK0Fw.html,5,2026-08-27T07:31:11.186900+00:00,individual,Phone Box cashmemo only
Apple iPhone 16 Plus (Used),87000,Used,"Dhaka, Uttara",1 hour ago,https://bikroy.com/uttara/mobile-phones/apple-iphone-16-plus-used-rgmwhcJCxiqXMD2J8nDOQIhF.html,4,2026-08-27T07:31:11.879520+00:00,individual,"💙 iPhone 16 Plus • 256GB • Ultramarine 💙

Enjoy a big screen, smooth performance, and a premium feel.

🔹 Storage: 256GB
🔹 Color: Ultramarine
🔹 Battery Health: 95% 🔋
🔹 SIM: Physical SIM + eSIM
🔹 Condition: Used (Like New)

📸 Stunning Camera
⚡ Fast & Fluid Performance
🔋 Enjoy All-Day Battery Life

📩 Inbox for serious buyers only

🟡 100% Original & Non Refurbished Product
🟡 7 Days Replacement & 1 Year Service Warranty
🟡 EMI Facility is also AVAILABLE

Contact Us
Exchange Hub
Shop No: 610, 611, 628 & 629 Level-6, Tropical Alauddin Tower
Sector 3, Road 2, Rajlaxmi, Uttara.
Call for Details Show more"
Apple iPhone 14 128 GB Blue,52000,Used,"Dhaka, Dhamrai",1 day ago,https://bikroy.com/dhamrai/mobile-phones/apple-iphone-14-128-gb-blue-oTc3sUH8T5CzzkIto1oi2mua.html,5,2026-08-27T07:31:12.380000+00:00,individual,"iPhone 14 — 128GB
 Singapore variant
 Battery Health 84%
 Original box
 Original cable
 Display original
 সব parts original
 কোনো scratch নেই"
Apple iPhone 14 Pro Max 128 GB Purple,58500,Used,"Dhaka, Savar",13 hours ago,https://bikroy.com/savar/mobile-phones/apple-iphone-14-pro-max-128-gb-purple-pCJr3E0z0NFxTHCLWgpE4jkP.html,4,2026-08-27T07:31:13.049763+00:00,individual,"Iphone 14 pro max 128 gb bh 77%(original)
Display change (gx original)
Sathe charger cable dibo (no box)
price akdom fixd damadami cholbe na
No 018XXXXXXXX"
Apple iPhone 16 Pro Max 256 GB Black,109500,Used,"Dhaka, Jatrabari",4 hours ago,https://bikroy.com/jatrabari/mobile-phones/apple-iphone-16-pro-max-256-gb-black-7oLLlkhq7dGS7B2EZeq2nO9J.html,3,2026-08-27T07:31:13.550727+00:00,individual,"আসসালামু আলাইকুম
Wellcome to Gadget Exchange BD
 
♦️All perfect working

🔰 ক্রয়/বিক্রয় ও এক্সচেঞ্জ মানেই gadget Exchange BD

🔷100% জেনুইন প্রোডাক্ট পেতে চলে আসুন আমাদের দোকানে

📝With cash memo

✅ 7 Day's Replacement

✅ 1 Year's service warranty without Parts


Gadget Exchange BD 
দোকান নং,৬৭ (৩য় তলা)
বিক্রমপুর প্লাজা, জুরাইন রেলগেট ঢাকা-১২০৪"
Apple iPhone 14 128 GB Blue,53500,Used,"Dhaka, Dhanmondi",2 hours ago,https://bikroy.com/dhanmondi/mobile-phones/apple-iphone-14-128-gb-blue-w3OlY4Xr1JNSGD90kifdGFTa.html,5,2026-08-27T07:31:14.007185+00:00,individual,"iPhone 14 
128 GB
84% BH
Without box
Price :"
Apple iPhone 17 (Used),92000,Used,"Dhaka, Uttara",1 hour ago,https://bikroy.com/uttara/mobile-phones/apple-iphone-17-used-BbiaFvJqM2a5TVQUvOZCkS8t.html,4,2026-08-27T07:31:14.695608+00:00,individual,"iPhone 17 256GB Black
Battery Health 100%
Cycle count: 21
First Use: Feb 2026

🟡 100% Original & Non-Refurbished Product

🟡 Enjoy 7 Days Replacement & 1 Year Service Warranty

🟡 EMI Facility is also AVAILABLE

Contact Us
Exchange Hub
Shop No: 610, 611, 628 & 629 Level-6, Tropical Alauddin Tower
Sector 3, Road 2, Rajlaxmi, Uttara"
Apple iPhone 14 Pro Max 256 GB Purple,69000,Used,"Dhaka, Uttara",1 hour ago,https://bikroy.com/uttara/mobile-phones/apple-iphone-14-pro-max-256-gb-purple-5zZMJfG01eihVjEsM94lgVT0.html,3,2026-08-27T07:31:15.386485+00:00,individual,"iPhone 14 Pro Max 256GB Purple
Display replaced (Market Original)
Battery replaced (100% Health)
Hotline:"
Apple iPhone 14 Pro 256 GB Purple,53500,Used,"Dhaka, Chaukbazar",2 days ago,https://bikroy.com/chaukbazar/mobile-phones/apple-iphone-14-pro-256-gb-purple-7BihG5taq6ZHyt0n0Ai0WMcy.html,5,2026-08-27T07:31:16.023223+00:00,individual,"#sellpost
#iPhone 14 Pro 256 GB
Battery Health 80% Singapore variant 
True Tone, Face ID, Water resistant 
Box and device, Cable provided 
Display changed with another device 
Everything all ok, No issues device"
Apple iPhone 14 Pro Max 256 GB Black,79500,Used,"Dhaka, Mirpur",18 hours ago,https://bikroy.com/mirpur/mobile-phones/apple-iphone-14-pro-max-256-gb-black-C5GW3seW2DPMl8HdYa6E3Pa1.html,5,2026-08-27T07:31:16.751714+00:00,individual,"Full box,USA Variant 
No Scratch,Like New Condition 
256gb
Price:79,500/-"
Apple iPhone 14 Pro 128 GB Purple,63000,Used,"Dhaka, Mirpur",13 hours ago,https://bikroy.com/mirpur/mobile-phones/apple-iphone-14-pro-128-gb-purple-5QQaVg2Lu9a2YKcIIO7MJy4t.html,3,2026-08-27T07:31:17.256602+00:00,individual,"🔥 For Sale: iPhone 14 Pro (128gb) 🔥

Selling my iPhone 14 Pro. The device is in absolutely like-new condition, used with extreme care, and No scratches or dents.

Model: iPhone 14 Pro(bought from USA)
Variant: USA
Storage: 128
Battery Health: 89 Original)
Condition: 10/10 (Full fresh)
Just Device+cover
Asking Price: 63k
Location: Mirpur 10, dhaka"
Apple iPhone 17 Used (Used),90500,Used,"Dhaka, Uttara",1 hour ago,https://bikroy.com/uttara/mobile-phones/apple-iphone-17-used-used-C7rfz6o4h2GT8IlCCKzjfMFW.html,4,2026-08-27T07:31:17.796492+00:00,individual,"iPhone 17 256GB White
Battery Health 99%
Cycle Count 110
First Use: Dec 2025



🟡 Enjoy a 100% Original & Non-Refurbished Product

🟡 Get 7 Days Replacement & 1 Year Service Warranty

🟡 EMI Facility is also AVAILABLE


Contact Us

Exchange Hub

Shop No: 610, 611, 628 & 629 Level-6, Tropical Alauddin Tower

Sector 3, Road 2, Rajlaxmi, Uttara"
Apple iPhone Air 256 GB Blue,98000,Used,"Dhaka, Mohammadpur",1 hour ago,https://bikroy.com/mohammadpur/mobile-phones/apple-iphone-air-256-gb-blue-1fyLiiOldQrnnzaXtFtBT8zC.html,3,2026-08-27T07:31:18.472881+00:00,individual,"Name: iPhone 17 Air. Color: Sky blue. Battery Health: 100%. Storage: 256GB. Cycle: 20. Limited warranty: 21 April 2027. Used like new. With full box. Price: Call for best price. Used mobile: 3 days replacement & 6 months service warranty. New mobile: 7 days replacement & 1 year service warranty included. Contact: SK mobile gator, Shop 670."
Apple iPhone Air 256 GB Blue,100000,Used,"Dhaka, Uttara",1 hour ago,https://bikroy.com/uttara/mobile-phones/apple-iphone-air-256-gb-blue-cS55esJZbiGeQe3UlAhxyk4X.html,3,2026-08-27T07:31:18.893177+00:00,individual,"iPhone Air 256GB Sky Blue with Box. Dual eSIM. Battery Health 100%. Cycle count 20. 100% Original & Non-Refurbished Product. 7 Days Replacement & 1 Year Service Warranty. EMI Facility is also AVAILABLE. Contact Us: Exchange Hub, Shop No: 610, 611, 628 & 629, Level-6, Tropical Alauddin Tower, Sector 3, Road 2, Rajlaxmi, Uttara. Call for Details 017XXXXXXXX"
Apple iPhone 13 128 GB Blue,39499,Used,"Dhaka, Mogbazar",2 hours ago,https://bikroy.com/mogbazar/mobile-phones/apple-iphone-13-128-gb-blue-ngMzdWaFXn44sQqAxnlJ6NxV.html,5,2026-08-27T07:31:19.493188+00:00,individual,"ব্যাটারি হেলথ ৮১% পার্সেন্ট
অরজিনাল বাক্সও পাবেন 
ফোনে কোন সমস্যা নাই"
Apple iPhone 11 Pro 256 GB Black,34500,Used,"Dhaka, Mohammadpur",4 hours ago,https://bikroy.com/mohammadpur/mobile-phones/apple-iphone-11-pro-256-gb-black-dNZgpdst4x0e8W2unD1TSvfw.html,2,2026-08-27T07:31:19.917968+00:00,individual,"Iphone 11 Pro 256GB 92% Battery Health, Contact number -"
Apple iPhone 13 Pro 256 GB Gold,47500,Used,"Dhaka, Khilgaon",1 hour ago,https://bikroy.com/khilgaon/mobile-phones/apple-iphone-13-pro-256-gb-gold-6BHjYUTMjGQa1l1buWoe16pV.html,3,2026-08-27T07:31:20.432071+00:00,individual,"iphone 13 pro only device 
sathe shop cash mamu dewa hobe
256 gb
99% fresh
location || khilgion taltola market || dhaka telecom 2 :: shop no 145 || 1st floor"
Apple iPhone 13 128 GB,39000,Used,"Dhaka, Elephant Road",2 hours ago,https://bikroy.com/elephant-road/mobile-phones/apple-iphone-13-128-gb-rsBusyMhfHXhKL9J6lmPaYoT.html,3,2026-08-27T07:31:21.148803+00:00,individual,"Welcome to Trade Together.
We offer wholesale pricing even if you buy just one piece. If you are a shopkeeper, you will get a special discount.
Warranty Policy: 7-day replacement facility (excluding touch-display and physical condition).
Additionally, a three-month servicing warranty (excluding parts).
Address: Motaleb Plaza, Shop: 600/V
Call 019XXXXXXXX"
Apple iPhone 13 128 GB,37990,Used,"Dhaka, Shyamoli",1 hour ago,https://bikroy.com/shyamoli/mobile-phones/apple-iphone-13-128-gb-oUXEfM3yMLKLyNav7fOmzW1t.html,3,2026-08-27T07:31:21.680423+00:00,individual,"Apple -13
128 GB=37990/= Fixed Price

Our Address
Mobile Plaza
Shyamoli Tower Complex Market
2nd Floor, Shop No 13, 14
Shyamoli, Mohammadpur, Dhaka
Online Link
You can view and order
Download from Play Store
Mobile Plaza
Our Website
Facebook Page
Facebook/Mobil Plaza"
Apple iPhone 13 128 GB Green,39000,Used,"Dhaka, Savar",4 hours ago,https://bikroy.com/savar/mobile-phones/apple-iphone-13-128-gb-green-noo15NEuEP7Wv26UEjGU4yiZ.html,5,2026-08-27T07:31:22.373091+00:00,individual,"Mobile details:
Model: iPhone 13
USA Variant
Storage: 128GB
Battery Health: 81%
Warranty: Get a 7-day guarantee and a 2-year service warranty.
 Opportunity to view and check the phone before buying
 Clear information about the phone's condition
 Great phone at an affordable price
 N.S Computer & Phone Gadget
 E #40 (Level-5), Sena Shopping Complex, Nabinagar, Savar, Dhaka"
Apple iPhone 12 Pro 256 GB Blue,33000,Used,"Dhaka, Bashundhara City",1 hour ago,https://bikroy.com/bashundhara-city/mobile-phones/apple-iphone-12-pro-256-gb-blue-q77NblpNee1DIumBcVN7sFrp.html,3,2026-08-27T07:31:23.092203+00:00,individual,"✅ ১০ দিনের রিপ্লেসমেন্ট গ্যারান্টি
✅ ২ বছরের সার্ভিস ওয়ারেন্টি
🚚 সারা দেশে নিরাপদ কুরিয়ার সুবিধা
🔁 আকর্ষণীয় এক্সচেঞ্জ অফার

📍 Basement-1, Shop-84, Bashundhara City Shopping Mall

📩 দাম পরিবর্তনশীল। আসার আগে অবশ্যই WhatsApp-এ যোগাযোগ করুন।"
Apple iPhone 13 Pro 256 GB White,49000,Used,"Dhaka, Dhanmondi",2 hours ago,https://bikroy.com/dhanmondi/mobile-phones/apple-iphone-13-pro-256-gb-white-6fuuvRe47F9sevcfoA9rYzIW.html,5,2026-08-27T07:31:23.804728+00:00,individual,"iPhone 13 pro
Without box
256 GB
65% BH"
Apple iPhone 13 128 GB White,38990,Used,"Dhaka, Dhanmondi",2 hours ago,https://bikroy.com/dhanmondi/mobile-phones/apple-iphone-13-128-gb-white-fRF8WBlhOXOXtMfVaMKwBCDs.html,5,2026-08-27T07:31:24.421966+00:00,individual,"Visit our showroom directly:

KMS MOBILE SHOP 
Metro Shopping Mall
Shop No- 419 (4th Floor)
Dhanmondi 32 Bus Stand, Mirpur Road."
Apple iPhone 12 Pro 256 GB,41500,Used,"Dhaka, Jamuna Future Park",1 hour ago,https://bikroy.com/jamuna-future-park/mobile-phones/apple-iphone-12-pro-256-gb-xut6ZdTmPWquK58IJD2A72XY.html,2,2026-08-27T07:31:24.906928+00:00,business,"USED PHONE DHAMAKA OFFER🔥
MODEL: iPhone 12 Pro
RAM: 6GB
STORAGE: 256GB
BATTERY HEALTH: 89-90%
 
7 Days Replacement Guarantee
(Excluding Display & Software Update Issues)
3 Years Free Service Warranty
Buy•Sell•Exchange Available
Nationwide Courier Service Available
Shop Location: Level-4, Shop-4B-007D, Jamuna Future Park, Dhaka"
Apple iPhone 13 128 GB Black,45000,Used,"Dhaka, Baridhara",4 hours ago,https://bikroy.com/baridhara/mobile-phones/apple-iphone-13-128-gb-black-AQWVa4PUT6eL6tejTMRyfBWJ.html,5,2026-08-27T07:31:25.457855+00:00,individual,"iPhone 13 128GB, 92% battery health, full boxed, Singapore variant, like new condition, authentic."
Apple iPhone 12 128 GB,34999,Used,"Dhaka, Basundhara",1 hour ago,https://bikroy.com/basundhara/mobile-phones/apple-iphone-12-128-gb-6jIq9lnIlNpdmjfjqlCrYmUA.html,5,2026-08-27T07:31:25.891231+00:00,individual,"iPhone 12 128GB
Battery Health 87%
Full Boxed
Clean condition, smooth performance & premium feel — still a beast for daily use!
Visit Our Shop
Basement-2, Shop No: 94
Bashundhara City Shopping Complex
Panthapath, Dhaka 1215
You can easily find our shop on the left side after going down the escalator."
Apple iPhone 12 Pro 256 GB Gold,39999,Used,"Dhaka, Khilgaon",2 hours ago,https://bikroy.com/khilgaon/mobile-phones/apple-iphone-12-pro-256-gb-gold-nQnHgAheIvPuROmnH7kyTjD5.html,3,2026-08-27T07:31:26.586582+00:00,individual,"Iphone 12 pro 256GB
BH 85%
25 Bank EMI available"
Apple iPhone 12 128 GB,28500,Used,"Dhaka, Banglamotor",1 hour ago,https://bikroy.com/banglamotor/mobile-phones/apple-iphone-12-128-gb-ATbbSD9K8QfEko1S8fzWSLWV.html,4,2026-08-27T07:31:27.032483+00:00,individual,Dhaka Hatirpool Motaleb Plaza shop number 592
Apple iPhone 13 128 GB Red,38000,Used,"Dhaka, Uttara",2 hours ago,https://bikroy.com/uttara/mobile-phones/apple-iphone-13-128-gb-red-C0n2osilzMDYv1mO6sBmQNRK.html,3,2026-08-27T07:31:27.704789+00:00,individual,"iPhone 13 | Pre-Owned
128GB Storage
Color: Red
Battery Health: 86%
EMI Facility Available
Exchange Hub
Shop No: 610, 611, 628 & 629, Level-6, Tropical Alauddin Tower, Sector 3, Road 2, Rajlaxmi, Uttara
Call for Details 017XXXXXXXX"
Xiaomi Poco X6 Pro 256 GB Black,24500,Used,"Chattogram, Muradpur",1 hour ago,https://bikroy.com/muradpur/mobile-phones/xiaomi-poco-x6-pro-256-gb-black-uZx6c9IeHVgig5KTV7OGSWdK.html,3,2026-08-27T07:31:39.128314+00:00,individual,"Poco X6 Pro 5G
 8GB RAM / 256GB Storage
 Full Box
 AMOLED Display
 120Hz Refresh Rate
 MediaTek Dimensity 8300 Ultra Processor
 64MP OIS Camera
 Benefits:
 15 Days Replacement Guarantee
 Device -
 Shop No: 319, 3rd Floor (Lift 2 )
 CPDL RB Midtown Market, Muradpur, Chittagong (Beside Mecca Hotel)"
Xiaomi Redmi Note 14 Pro 256 GB Black,24900,Used,"Chattogram, Muradpur",1 hour ago,https://bikroy.com/muradpur/mobile-phones/xiaomi-redmi-note-14-pro-256-gb-black-rffYLKHM7KGnMh9sJgKtRjq3.html,4,2026-08-27T07:31:39.225461+00:00,individual,"Redmi Note 14 Pro 
Official 
8/256 
Full box with original charger... 
 Benefits:
 15-day replacement guarantee
 Device – Trusted Mobile Shop
 Shop No: 319, 3rd Floor (Lift 2 )
 CPDL RB Midtown Market, Muradpur, Chattogram (Beside Mecca Hotel)"
New Xiaomi Redmi Note 14 Pro 256 GB,20000,Brand New,"Chattogram, Patenga",21/08,https://bikroy.com/patenga/mobile-phones/new-xiaomi-redmi-note-14-pro-256-gb-tsOx7JPZNAXDiFxLUijWZjv8.html,3,2026-08-27T07:31:49.973898+00:00,individual,"No problem in the mobile, selling it for money"
Xiaomi Redmi Note 14 Pro 5G 256 GB White,21000,Used,"Chattogram, Nasirabad",02/08,https://bikroy.com/nasirabad/mobile-phones/xiaomi-redmi-note-14-pro-5g-256-gb-white-7vDd06b3eu9S0CcXi8mftdFL.html,4,2026-08-27T07:31:50.801037+00:00,individual,"Without box
Phone is in new condition
Box was lost while moving house
Used for 5 months
All necessary security documents will be provided
18500 fixed"
New Xiaomi Redmi Note 15 128 GB Black,22500,Brand New,"Chattogram, Kotwali, Chattogram",30/07,https://bikroy.com/kotwali/mobile-phones/new-xiaomi-redmi-note-15-128-gb-black-Cekf3FjhsCIRDrcnGvFEWwFW.html,3,2026-08-27T07:31:51.376676+00:00,individual,"The phone was bought brand new from Dazzle for 24700 taka on 12/07/2026. It has 1 year warranty. No problems. Can be checked as desired. Location: come to New Market or Kotwali. Everything that comes with the box and charger will be given.
Price will be slightly negotiable. Selling urgently because money is needed."
OnePlus 11R (Used),24500,Used,"Chattogram, Agrabad",29/04,https://bikroy.com/agrabad/mobile-phones/oneplus-11-r-good-used-zBUjOBzxiHlSAjDDx3wnSnLn.html,5,2026-08-27T07:31:55.096443+00:00,individual,"Assalamu Alaikum. Please read carefully before messaging. OnePlus 11R 8/128GB (Full gaming phone). Processor: Snapdragon® 8+ Gen 1. Battery: 5000mAh. Camera: Excellent. If you are unfamiliar with this phone, please check reviews on YouTube. Condition: The phone has some minor wear. There are scratches on the camera glass as shown in the photos. There are also some minor scratches on the display. Generally, all second-hand phones have some minor wear. Only the phone and cash memo will be provided. Price: 24.5k. Please do not message if your budget is below 20k. Location: Agrabad. Show more"
OnePlus 11R 128 GB Black,24000,Used,"Rajshahi, Kadirgonj",03/08,https://bikroy.com/kadirgonj/mobile-phones/oneplus-11r-128-gb-black-BQLs7K0vJJQsfaa9usiy3As8.html,3,2026-08-27T07:31:56.522876+00:00,individual,"There are no problems with the phone, you will get the cash memo with it, model OnePlus 11R, RAM 8GB, ROM 128GB"
Samsung Galaxy S23 Ultra 256 GB Green,55000,Used,"Dhaka, Dhanmondi",14/08,https://bikroy.com/dhanmondi/mobile-phones/samsung-galaxy-s23-ultra-256-gb-green-coyIy0aoTyRpGLbeFchnEk26.html,5,2026-08-27T07:31:58.105480+00:00,individual,"Phone full fresh. No issue. Nothing changed. Green colour. USA variant. Official device.
Phone will have poly on. And good quality protector attached. Price only 55000.
8gb ram.
256 gb rom.
Extra payment required if you want Samsung original charger and back cover."
Nothing Phone 3a Pro 256 GB Black,39500,Used,"Dhaka, Dhanmondi",4 hours ago,https://bikroy.com/dhanmondi/mobile-phones/nothing-phone-3a-pro-256-gb-black-lgQ78UD6suIyx7JB6oxiNU8a.html,3,2026-08-27T07:31:58.682407+00:00,individual,"Welcome to ""Al Aqsa Mobile""
Reach us___________________
*Al Aqsa Mobile*
Shop No-449, Lift-3, Orchard Point, Dhanmondi 7, Dhaka-1209
Model: Nothing 3a Pro
RAM: 8
ROM: 256
Price Fixed CN"
New Nothing Phone 2a 128 GB White,28999,Brand New,"Dhaka, Khilkhet",1 hour ago,https://bikroy.com/khilkhet/mobile-phones/new-nothing-phone-2a-128-gb-white-avgHjsf5ODkx6LWlYp3Dw1Ww.html,3,2026-08-27T07:31:59.338067+00:00,individual,"Nothing 2a new without box 
 mobile door bd
 shop no: 49, 3rd floor (lift-3)
 rajuk trade center shopping mall
nikunja-2, khilkhet, dhaka-1229"
New Xiaomi Redmi Note 15 256 GB Black,31000,Brand New,"Chattogram, Kotwali, Chattogram",29/07,https://bikroy.com/kotwali/mobile-phones/new-xiaomi-redmi-note-15-256-gb-black-aX4xAUYGQ2FcuYo7MgsU42PQ.html,3,2026-08-27T07:32:00.644892+00:00,individual,"Readme note 15, Brand new"
Xiaomi 14 Pro 256 GB Purple,27000,Used,"Chattogram, Oxygen",15/08,https://bikroy.com/oxygen/mobile-phones/xiaomi-14-pro-256-gb-purple-8hIr9wBpV0jEHJ4PQMFLKblQ.html,5,2026-08-27T07:32:01.240392+00:00,individual,"REDMI NOTE 14 PRO 5G 
WITH BOX 
phone 100% fresh kono somossha nai just taka lagbe thai sell dicchi 
Ram 8+4 
Rom 256 
Finger oke 
Face oke 
Battery backup excellent 
With box 
Location must oxygen"
Xiaomi 14 Pro 256 GB Silver,25000,Used,"Chattogram, Bandar, Chattogram",13/08,https://bikroy.com/bandar/mobile-phones/xiaomi-14-pro-256-gb-silver-d5zgP1Fk1X710E9S0nGyO4Gk.html,5,2026-08-27T07:32:01.565379+00:00,individual,"Box Charger Memo 
No problem with the phone"
Xiaomi Mi 11X 128 GB Black,16000,Used,"Rajshahi, Baharampur",21/08,https://bikroy.com/baharampur/mobile-phones/xiaomi-mi-11x-128-gb-black-6uoCSogY8ACqifaMxLDz3e2b.html,5,2026-08-27T07:32:02.919496+00:00,individual,"I used it as a secondary phone, selling because I need money"
OnePlus Nord CE 5G 128 GB Blue,27000,Used,"Dhaka, Basundhara",09/08,https://bikroy.com/basundhara/mobile-phones/oneplus-nord-ce-5g-128-gb-blue-yQRAcwM5RCNZh5ihdQVMMS1T.html,3,2026-08-27T07:32:04.377209+00:00,individual,"Phone is absolutely new condition, carefully used, no cracks, camera is crystal clear, 8/128 storage, battery is very powerful 7100, will run smoothly for 3 days easily, then 7 days replacement warranty then 2 years service warranty excluding display, touch, battery."
OnePlus 9RT 5G 128 GB Black,22999,Used,"Dhaka, Bosila",2 days ago,https://bikroy.com/bosila/mobile-phones/oneplus-9rt-5g-128-gb-black-5p4EVP9iiDfWh2mTMIZ48DS7.html,5,2026-08-27T07:32:04.872420+00:00,individual,"OnePlus 9RT for sale. 8/128GB. Includes 65W original charger and Snapdragon 888 processor. Guaranteed no green line issues. Original display and back shell. Never opened. Amazing camera quality. Get one full day of battery backup with normal use. Box was lost during house shifting, but I can provide a cash memo and NID copy. Feel free to make an offer."
OnePlus Nord CE 3 Lite 5G 128 GB Green,22000,Used,"Dhaka, Keraniganj",1 hour ago,https://bikroy.com/keraniganj/mobile-phones/oneplus-nord-ce-3-lite-5g-128-gb-green-tuNPB5rJBzDwejiujHJDpL4N.html,5,2026-08-27T07:32:05.486194+00:00,individual,Asking price 22k Jodi interested thaken taholay knocke dibe WhatsApp 018XXXXXXXX
New Xiaomi Redmi Note 13 256 GB Green,18000,Brand New,"Rajshahi, Shaheb Bazar",16/08,https://bikroy.com/shaheb-bazar/mobile-phones/new-xiaomi-redmi-note-13-256-gb-green-fbswAlFtbnSJtOfFMlfN7wpz.html,4,2026-08-27T07:32:06.313563+00:00,individual,"I am selling this phone because I am going to buy another new phone. The phone's box, charger, and all papers are okay, and there are no problems with the phone. You can check the phone thoroughly before taking it. Thank you,"
Xiaomi 13 Pro 256 GB White,23990,Used,"Rajshahi, Kadirgonj",1 day ago,https://bikroy.com/kadirgonj/mobile-phones/xiaomi-13-pro-256-gb-white-cCizKw3rzUe6PfE5fva2JHJ5.html,5,2026-08-27T07:32:06.913258+00:00,individual,"Redmi 13 pro
RAM 8+8 GB
ROM 256 GB"
Nothing Phone 3a Pro 128 GB Gray,45000,Used,"Dhaka, Khilgaon",22/08,https://bikroy.com/khilgaon/mobile-phones/nothing-phone-3a-pro-128-gb-gray-dYv8Y71DADmyDkPeGB8mhTsg.html,4,2026-08-27T07:32:08.079544+00:00,individual,"Nothing 3a pro 8/128gb
full box
only exchange
please inbox
you have to come to my location
Khilgaon Chow rasta"
New Nothing Phone 1 128 GB Black,29999,Brand New,"Dhaka, Khilkhet",2 hours ago,https://bikroy.com/khilkhet/mobile-phones/new-nothing-phone-1-128-gb-black-8RcFbuBxdKXPTuuCdkjMkVQ0.html,4,2026-08-27T07:32:09.007986+00:00,individual,"Nothing Phone 1 New Without Box 
Address : MOBILE DOOR BD
 Shop No: 49, 3rd Floor (Lift-3)
 Rajuk Trade Center Shopping Mall
Nikunja-2, Khilkhet, Dhaka-1229"
Nothing Phone 4a Pro 128 GB White,52999,Used,"Dhaka, Dhanmondi",4 hours ago,https://bikroy.com/dhanmondi/mobile-phones/nothing-phone-4a-pro-128-gb-white-32yhD3yxJKMqqMdhaIjka1sn.html,4,2026-08-27T07:32:09.021714+00:00,individual,"Welcome to ""Al Aqsa Mobile"" 
 
Reach us___________________ 
 *Al Aqsa Mobile*
 Shop No-449 ,Lift -3, Orchard Point, Dhanmondi 7, Dhaka-1209
Model : Nothing 4a Pro Just Unbox 
RAM : 8 
 ROM : 128
Cycle count:03
 Price Fixed"
Nothing Phone 3a 128 GB Black,34990,Used,"Dhaka, Jamuna Future Park",1 hour ago,https://bikroy.com/jamuna-future-park/mobile-phones/nothing-phone-3a-128-gb-black-6vhGCdLC3UTxvzk3SqWGlSG8.html,3,2026-08-27T07:32:09.436930+00:00,individual,"Nothing 3a 
8GB 128GB
Price: 34,990 Tk
Brand new condition 

📍 Paramount Gadget
Jamuna Future Park Shopping Mall
Level 4, Shop No: 006C
Near Lift 7 (Nokia Alley 017XXXXXXXX"
OnePlus 10 Pro 256 GB Black,24500,Used,"Rajshahi, Uposahar",16/08,https://bikroy.com/uposahar/mobile-phones/oneplus-10-pro-256-gb-black-3fVj6SgL8f9aowztjW3vIHVd.html,4,2026-08-27T07:32:09.819550+00:00,individual,All okay no problem.. Indian phone so only phone... Security NID will be provided
OnePlus 11 256 GB Gray,25000,Used,"Rajshahi, Shah Makhdum",20/08,https://bikroy.com/shah-makhdum/mobile-phones/oneplus-11-256-gb-gray-mnOFDBqA960yT6T5w5x2Op4u.html,5,2026-08-27T07:32:10.494281+00:00,individual,"Only a green line has appeared, everything else is okay! 8 128"
OnePlus 11R 128 GB Blue,22000,Used,"Chattogram, Chawkbazar",08/07,https://bikroy.com/chawkbazar/mobile-phones/oneplus-11r-128-gb-blue-l1yfMy2aLA6C8KzDCRe1hvoe.html,5,2026-08-27T07:32:11.212799+00:00,individual,"This OnePlus 11R has been used nicely. The processor is the 8 Gen 1, a full gaming processor. I need money urgently, which is why I am selling it.
Must knock on WhatsApp 019XXXXXXXX"
OnePlus 12 16-512 (Used),58000,Used,"Chattogram, New Market, Chattogram",23/04,https://bikroy.com/new-market/mobile-phones/oneplus-12-16-512-used-kGUDTx3TAovuBpVYTZncV2Kq.html,4,2026-08-27T07:32:11.910566+00:00,individual,"RAM: 16 GB
Storage: 512 GB
The phone has no issues, with only very minor scratches. It was officially purchased from India. You will get the original charger and a cover with it. Any security you require can be provided.
Location: Dhaka, New Market area"
OnePlus 12 512 GB Green,48000,Used,"Dhaka, Ramna",15/08,https://bikroy.com/ramna/mobile-phones/oneplus-12-512-gb-green-nMUm3oZlxEwNMiJSBJIqTeDy.html,3,2026-08-27T07:32:12.550621+00:00,individual,"OnePlus 12 (16+512)
Used like new.
Only phone and original 65 watt charger"
OnePlus 11 256 GB,45000,Used,"Dhaka, Mohakhali",23/08,https://bikroy.com/mohakhali/mobile-phones/oneplus-11-256-gb-cRCV4Hld8EoM7knGh3dDqYtU.html,4,2026-08-27T07:32:13.227587+00:00,individual,"OnePlus 11 5G
* Official version with global membership card
* RAM 16GB, ROM 256GB
* Purchased from official OnePlus store.
* Color: Titan Black
* No repair
* No damage
* Fully fresh
* Comes with all accessories mentioned in the box."
OnePlus 12R 256 GB Black,29000,Used,"Dhaka, Savar",29/07,https://bikroy.com/savar/mobile-phones/oneplus-12r-256-gb-black-fzHgwkxBszvWn5unltsVaTRV.html,5,2026-08-27T07:32:14.008896+00:00,individual,"Phone is very good. No problem, selling it because I need money... If you want to take the phone you have to come to Zirani Bazar BKSP. Only cash memo. No box or charger"
OnePlus 11R 256 GB Black,25000,Used,"Dhaka, Jatrabari",5 hours ago,https://bikroy.com/jatrabari/mobile-phones/oneplus-11r-256-gb-black-pMGlc8xGVXczgUOaKOHx0GIp.html,4,2026-08-27T07:32:14.458731+00:00,individual,"Assalamu Alaikum
Welcome to Gadget Exchange BD
 
All perfect working
Buying/Selling and Exchange means Gadget Exchange BD
Come to our shop to get 100% genuine products
With cash memo
 7 Days Replacement
 1 Year service warranty without parts
 Gadget Exchange BD 
Shop No. 67 (3rd Floor)
Vikrampur Plaza, Jurain Railgate, Dhaka-1204"
OnePlus 10 Pro 256 GB Black,26000,Used,"Dhaka, Jatrabari",2 hours ago,https://bikroy.com/jatrabari/mobile-phones/oneplus-10-pro-256-gb-black-wDHMTOqKQ4yHW9pave6Ww9kR.html,5,2026-08-27T07:32:15.207298+00:00,individual,"Phone: OnePlus 10 Pro 5G
RAM/Storage: 12GB RAM / 256GB ROM
Processor: Snapdragon 8 Gen 1
Camera: 48MP Hasselblad Main | 50MP Ultra-Wide | 8MP Telephoto (Supports 4K @ 120fps & 8K Recording)
Battery: 5000 mAh
Condition: Norepair history. মোবাইলের ব্যাকসেল টা একটু ভাঙ্গা
Includes: Original Box & Charger
Location: Signboard.shanarpar
Price: 26k fixed"
Xiaomi Redmi Note 15 256 GB Purple,27000,Used,"Rajshahi, Kazla",13/07,https://bikroy.com/kazla/mobile-phones/xiaomi-redmi-note-15-256-gb-purple-2B2TjnxQ8cXOyZFvfY8kev3s.html,3,2026-08-27T07:32:15.861198+00:00,individual,"Brand new phone, used for 4 months... An amazing phone, the battery life is Alhamdulillah very good... You get a premium feel the moment you hold it, thanks to the curved display... It runs very smoothly... No issues at all, no scratches... The only reason for selling is that I want to switch to another model... However, I won't sell it if I don't get a good price. The market price is currently 33 thousand and it will increase further. Show more"
Xiaomi Redmi Note 13 Pro+ 256 GB Red,28999,Used,"Rajshahi, Rajpara",02/05,https://bikroy.com/rajpara/mobile-phones/xiaomi-redmi-note-13-pro-256-gb-red-nnN7qQeRzineagtgQnxcD4oW.html,2,2026-08-27T07:32:16.250722+00:00,individual,"I personally use this Redmi Note 13 Pro+ phone. It is very fast with 12GB RAM and 256GB ROM. The display refresh rate is 120Hz, curved display, 5000mAh battery, and display size is 6.67"". Front camera is 16MP and back camera is 200MP + 8MP + 2MP. The phone is in full fresh condition."
Xiaomi Redmi Note 14 Pro 256 GB Black,31000,Used,"Rajshahi, Nawdapara",30/05,https://bikroy.com/nawdapara/mobile-phones/xiaomi-redmi-note-14-pro-256-gb-black-cjIwBm6EiitwWAPmSvKuYdag.html,2,2026-08-27T07:32:16.935901+00:00,individual,"Assalamualaikum, I want to sell my phone. The condition is all okay. If you want to buy my phone, please contact me."
Xiaomi Redmi Note 13 Pro 5G 256 GB White,22500,Used,"Rajshahi, Shaheb Bazar",21/08,https://bikroy.com/shaheb-bazar/mobile-phones/xiaomi-redmi-note-13-pro-5g-256-gb-white-oAT7D8C7SEgvkwucFaXhwkf4.html,5,2026-08-27T07:32:17.772116+00:00,individual,Only for sell sob kichu original ache dekhe sune niben
Xiaomi Redmi Note 15 128 GB Black,22500,Used,"Rajshahi, Padma Residental Area",3 hours ago,https://bikroy.com/padma-residental-area/mobile-phones/xiaomi-redmi-note-15-128-gb-black-dsugaDQ8AMMhxSOqooO3Z8id.html,5,2026-08-27T07:32:18.082084+00:00,individual,"Used for only 2 months. Completely in brand new condition. REDMI NOTE 15 5G.
Display: 6.77″ AMOLED, 120Hz, 3200 nits peak, Xiaomi Dragon Crystal Glass
Performance: Snapdragon 6 Gen 3, 8 GB RAM, UFS 2.2
Cameras: 50MP main + 2MP depth, 8MP selfie, 4K video
Battery: 5800mAh, 45W wired, 22.5W reverse wired"
Xiaomi Redmi Turbo 4 256 GB White,22000,Used,"Rajshahi, Godagari",1 day ago,https://bikroy.com/godagari/mobile-phones/xiaomi-redmi-turbo-4-256-gb-white-oAlRNkSLHKCiOxw4ePfV0GW0.html,3,2026-08-27T07:32:18.908977+00:00,individual,Redmi turbo 4 থেকে ভার্সন পরিবর্তন করে এখন poco x7 pro hoyeche। Box ache but IMEI Cheng হয়েগেছে। অরজিনাল চার্জার আছে।
Nothing Phone 2a 8/256 (Used),25000,Used,Rajshahi,30/04,https://bikroy.com/rajshahi/mobile-phones/nothing-phone-2a-8-256-used-8Qx9oov6snBaiX0MTWZAKAkL.html,5,2026-08-27T07:32:19.608654+00:00,individual,"It is 95% fresh with a minor dent on the body. Only the phone and NID copy will be provided. Serious buyers only, please message."
iQOO 256 GB Rose Gold,32000,Used,"Rajshahi, Vodra",21/08,https://bikroy.com/vodra/mobile-phones/iqoo-256-gb-rose-gold-dCaGHqAQVr1WlDUbfaXOkdJK.html,4,2026-08-27T07:32:20.090618+00:00,individual,Iqoo neo 10 8-256 has 3 month warranty. Indian border cross phone. The phone has no kind of problem. Nothing is changed.
Nothing Phone 1 128 GB Black,25000,Used,"Rajshahi, Motihar",1 day ago,https://bikroy.com/motihar/mobile-phones/nothing-phone-1-128-gb-black-cTZ0mAvrIki5s14RX77K8h5F.html,5,2026-08-27T07:32:20.815499+00:00,individual,"The phone is very beautiful to look at and a lot of fun to use. The phone is completely made of glass, and when you get a call, the lights on the back light up, making it look very nice, almost like new."
Google Pixel 7 Pro 128 GB Black,34500,Used,"Rajshahi, Shaheb Bazar",14/07,https://bikroy.com/shaheb-bazar/mobile-phones/google-pixel-7-pro-128-gb-black-r7T4dlOZLvqxcwtr8EwCQj2c.html,5,2026-08-27T07:32:21.147337+00:00,individual,"Box, cash memo, OTG, everything is available.
Full authentic, nothing has been changed."
Nothing Phone 1 256 GB White,25000,Used,"Rajshahi, Motihar",03/05,https://bikroy.com/motihar/mobile-phones/nothing-phone-1-256-gb-white-uKGI5jFyaWLFhlpXPK8uIc79.html,3,2026-08-27T07:32:21.711146+00:00,individual,"The phone is in fresh condition, just like new, with no problems. I don't have the box as the memo was lost, but I have the charger. I will provide whatever you need for security. If you want to buy it, please message or call me. If you are not interested, please do not message and cause confusion."
Apple iPhone 12 Pro Max 256 GB Blue,32000,Used,Rajshahi,18/08,https://bikroy.com/rajshahi/mobile-phones/apple-iphone-12-pro-max-256-gb-blue-sncusjFJgITDJgNB1v0Ns0Ib.html,3,2026-08-27T07:32:22.412900+00:00,individual,"iPhone 12 Pro Max is fresh. 
Bypass device 
Everything is original, nothing has been changed."
New Nothing Phone 3a Pro 256 GB Black,39000,Brand New,"Rajshahi, Kadirgonj",20/08,https://bikroy.com/kadirgonj/mobile-phones/new-nothing-phone-3a-pro-256-gb-black-64QA5WwklUlaWST2fRb6V1no.html,3,2026-08-27T07:32:23.017059+00:00,individual,"Nothing 3A pro... 12/256
All authentic waterproof
Showroom conditions"
Nothing Phone 2a 256 GB Black,24500,Used,"Rajshahi, Shah Makhdum",1 day ago,https://bikroy.com/shah-makhdum/mobile-phones/nothing-phone-2a-256-gb-black-rgfe2x3MUZKDUrHdTmUsag1D.html,5,2026-08-27T07:32:23.465593+00:00,individual,"ইউজের কারনে বডিতে ছোটখাটো দাগ আছে, কিন্তু ভিতরে সব ওকে,পলি করা আছে,  পারফরম্যান্স ও ব্যাটারি ব্যাকআপ অনেক ভালো।  ইন্ডিয়ান ফোন তাই সাথে কোন বক্স নেই। ক্যামেরা টাও জোস"
Nothing Phone 1 128 GB Black,22000,Used,"Rajshahi, Boalia",19/07,https://bikroy.com/boalia/mobile-phones/nothing-phone-1-128-gb-black-x48lq8d6pPsxusgm0p5cSE5T.html,3,2026-08-27T07:32:23.916498+00:00,individual,"Nothing Phone 1 mobile. Everything is okay, no problems, you can check it yourself. The phone gives very good and beautiful backup. It is a water-resistant phone. If you want to see it, come to the location. Only the phone will be given."
Apple iPhone 11 64 GB White,21500,Used,"Rajshahi, Bagmara",09/08,https://bikroy.com/bagmara/mobile-phones/apple-iphone-11-64-gb-white-dO1528mdIrxkkOyisFaNKXti.html,5,2026-08-27T07:32:24.589107+00:00,individual,"Super fresh condition
No problems in the phone at all
Only battery and display changed... Very good quality battery installed, gives 7 to 8 hours backup,,
Nothing to say about the camera... Both cameras are masha-allah ""absolute fire""
You will get NID card as security.
Inbox if you want to know anything else"
Nothing Phone 3a 256 GB Black,30500,Used,"Rajshahi, Shah Makhdum",15/08,https://bikroy.com/shah-makhdum/mobile-phones/nothing-phone-3a-256-gb-black-3A7BBH5MD457gPA40bKJhLri.html,5,2026-08-27T07:32:25.223933+00:00,individual,"Full Fresh Condition just like new, used for a very few days, matte poly applied, selling because I will buy another phone. Price almost fixed ()"
Nothing Phone 2a Plus 256 GB Black,23500,Used,"Rajshahi, Bagha",16 hours ago,https://bikroy.com/bagha/mobile-phones/nothing-phone-2a-plus-256-gb-black-dFnKV6cCjzP9Nq1fgqJFwW4Q.html,5,2026-08-27T07:32:25.961704+00:00,individual,"Nothing Phone 2a Plus 8/256/5G, dual speakers for loud sound. A 45W charger will be provided with the mobile. As security, it will be written down on an ID card. There are no problems with the mobile."
Apple iPhone 15 128 GB Blue,68000,Used,"Khulna, Khulna Sadar",24/08,https://bikroy.com/khulna-sadar/mobile-phones/apple-iphone-15-128-gb-blue-1eLKo6lIgyuuUA7WQ2QmoIn9.html,5,2026-08-27T07:32:26.557471+00:00,individual,"iPhone 15
Original Battery = 87%
Box available
Cycle = 315 times charged.
The phone is brand new with no scratches, I am the first owner myself. Anyone who wants can take the phone and nothing in the phone has been replaced, everything is genuine.
WhatsApp me at 014XXXXXXXX"
New Apple iPhone 17 Pro Max 256 GB Silver,149999,Brand New,"Dhaka, Tejgaon",2 hours ago,https://bikroy.com/tejgaon/mobile-phones/new-apple-iphone-17-pro-max-256-gb-silver-dy5uCDfSuwBQ1fycjIlthQlt.html,5,2026-08-27T07:32:27.187717+00:00,individual,"The phone has been used for a very short time and with great care. Battery health is 100%, charged 44 times. Includes one physical SIM and one eSIM, along with the full box and cash memo. The phone is like new, nothing to inspect. Do not bargain. iPhone 17 Pro Max 256 GB"
Apple iPhone 13 Pro Max 512 GB Gray,65000,Used,"Kishoreganj, Bhairab",12/08,https://bikroy.com/bhairab/mobile-phones/apple-iphone-13-pro-max-512-gb-gray-xAV8I8f2yiUSQsmOGGmKzjse.html,5,2026-08-27T07:32:27.905910+00:00,individual,"Alhamdulillah, the phone is totally a new phone. Brought from Japan a year ago out of hobby, but wasn't used much. That is why when the battery health was at 85, it is still at 85.
The phone is totally new in one word, not a single scratch or dent.
*Original fittings, nothing has been opened or repaired.
*Everything that is supposed to be in an original phone including Face ID and True Tone is present.
Location: Bhairab Show more"
Apple iPhone 14 Pro Max 512 GB Purple,75000,Used,"Dhaka, Savar",14/07,https://bikroy.com/savar/mobile-phones/apple-iphone-14-pro-max-512-gb-purple-rqawkjCrVbYD7AkXgxZ0MwTF.html,5,2026-08-27T07:32:28.354525+00:00,individual,"Phone is all okay.
Nothing has been changed.
Waterproof is available.
You can check it as much as you want.
Battery Health: 76%"
Apple iPhone 15 Pro Max 256 GB,65000,Used,"Dhaka, Wari",29/07,https://bikroy.com/wari/mobile-phones/apple-iphone-15-pro-max-256-gb-jS5DdpO9av52prtsdJxTJGCx.html,5,2026-08-27T07:32:28.670350+00:00,individual,"iPhone 15 Pro Max (256 GB). Only the display has 4 small dots, the rest of the full body is fresh and original. Nothing on the phone has been changed so far. Comes with the original box."
Apple iPhone 14 Pro Max 256 GB Purple,67000,Used,"Dhaka, Uttara",18/08,https://bikroy.com/uttara/mobile-phones/apple-iphone-14-pro-max-256-gb-purple-9YlfSQtiazmGp7tZJ6UkGjzY.html,3,2026-08-27T07:32:29.337620+00:00,individual,"The phone is completely fresh. Everything is original, nothing has been changed. Phone number 018XXXXXXXX"
Apple iPhone 14 Pro 128 GB White,65000,Used,"Shariatpur, Naria",18/08,https://bikroy.com/naria/mobile-phones/apple-iphone-14-pro-128-gb-white-dN4xvnGCb0PLhisggwZkOdhe.html,4,2026-08-27T07:32:30.055625+00:00,individual,"There are no problems with the phone, it comes with a cash memo and nothing else. There is no box, charger, or cable. There are no issues with the mobile, please check and test it before taking. Battery health is 82%."
Apple iPhone 14 Pro Max Hongkong Variant (Used),85000,Used,"Kushtia, Daulatpur, Kushtia",20/08,https://bikroy.com/daulatpur/mobile-phones/apple-iphone-14-pro-max-hongkong-variant-used-wIwczwx2hJoEtqMBQQ0KrANn.html,4,2026-08-27T07:32:30.770641+00:00,individual,"iPhone 14 Pro Max (128GB) – Singapore Variant

Condition: Like new, no scratches
Battery Health: 87%

Everything is original, nothing has been changed
Face ID, True Tone everything is working fine

Waterproof check can be done

Accessories: Phone + Box

Location: (Khulna Daulatpur)
Note: You need to come to the location to see the phone

Price: 85,000৳ (slightly negotiable)"
Apple iPhone 15 Plus 256 GB Black,77000,Refurbished,Gazipur,31/07,https://bikroy.com/gazipur/mobile-phones/apple-iphone-15-plus-256-gb-black-dMUQ5sUhvycnCcx6TNMQR4BB.html,3,2026-08-27T07:32:31.384380+00:00,individual,"The phone is absolutely good, nothing has been changed, single-hand used phone, 87% battery health."
Apple iPhone 14 Pro Max 256 GB Purple,70000,Used,"Lalmonirhat, Lalmonirhat Sadar",29/07,https://bikroy.com/lalmonirhat-sadar/mobile-phones/apple-iphone-14-pro-max-256-gb-purple-92EIrH9VqeyyaTqZdLbXa0Ms.html,3,2026-08-27T07:32:32.090475+00:00,individual,"In absolute fresh condition. In my 5 months of use, 1% battery health has decreased. Everything is fine, nothing has been changed. If you want to buy, call:"
Apple iPhone 14 Pro Max Dual SIM (Used),74500,Used,"Chattogram, Chandgaon",29/04,https://bikroy.com/chandgaon/mobile-phones/apple-iphone-14-pro-max-dual-sim-used-hpJFXYCEfyNKudv2jICvFbH6.html,4,2026-08-27T07:32:32.560185+00:00,individual,"iPhone 14 Pro Max
Full box without cable
100% Waterproof, please check it yourself
100% Authentic
Deep Purple color
(Z/A) Hong Kong Variant (physical SIM use)
Battery Health 85% (original) 🔎
Storage 256GB
No scratches, looks like new🆕
Laminated
Price: 77k, Price Fixed
Face lock ✅🆗
True Tone ✅🆗
More details ⤵️

#The mobile is completely fresh, not a single scratch, nothing has been opened, everything is 100% original, you can check it yourself. I have used the mobile with great care, there is no problem at all. The mobile has the latest update installed.
The mobile is Deep Purple color, looks brand new, no issues, you will understand once you see it.
Whoever buys it will definitely be a winner.
Price Fixed

#Those who want to buy must come to the location.

#Interested buyers please inbox, others please do not disturb. Show more"
Apple iPhone 14 Pro Max 128 GB Purple,74999,Used,"Chattogram, Agrabad",29/06,https://bikroy.com/agrabad/mobile-phones/apple-iphone-14-pro-max-128-gb-purple-3NlBsx7zwrPcwxACxbXYyvJ4.html,5,2026-08-27T07:32:33.045739+00:00,individual,"Everything is fine.
Battery Health: 95%.
Nothing has been changed.
True Tone is OK.
It has been used with a lot of care, that's why the battery health is still 95%."
Apple iPhone 14 Pro Max Good (Used),90000,Used,"Chattogram, Kotwali, Chattogram",29/04,https://bikroy.com/kotwali/mobile-phones/apple-iphone-14-pro-max-good-used-6wztxBd96PpBsphryUOoF6K6.html,3,2026-08-27T07:32:33.845048+00:00,individual,"In excellent condition. Imported from Dubai Apple Store. Get 3 free covers. Nothing has been changed or repaired. Fixed price 90,000 BDT."
Nothing Phone CMF Phone 2 Pro 128 GB Green,27500,Used,"Chattogram, Patenga",24/07,https://bikroy.com/patenga/mobile-phones/nothing-phone-cmf-phone-2-pro-128-gb-green-BPOnnkYfDRtgMgFOGrCldofW.html,3,2026-08-27T07:32:34.487533+00:00,individual,"Fresh condition, box and charger are all included. Used for a very short time, inbox if you want to buy."
Nothing Phone 2a Plus 256 GB Gray,27000,Used,"Chattogram, Chandgaon",25/07,https://bikroy.com/chandgaon/mobile-phones/nothing-phone-2a-plus-256-gb-gray-kM0vxehtJVRLoUYfQOKCx7Mf.html,5,2026-08-27T07:32:35.106134+00:00,individual,"No problems at all, you can check and take it after seeing."
Nothing Phone 3a 256 GB White,33500,Used,"Chattogram, Satkania",21/05,https://bikroy.com/satkania/mobile-phones/nothing-phone-3a-256-gb-white-keDfTMKurYHi3VCnSmKgcAFK.html,3,2026-08-27T07:32:35.944493+00:00,individual,"Nothing Phone 3a (Global)
 4GB RAM / 256GB ROM
 Absolutely clean and fresh condition
 Global version
 Battery and performance are very good
 Camera, display, sound all perfect
 No issues, you can use it worry-free
 Perfect for those looking for a stylish and unique phone
 Inbox if interested."
Nothing Phone 3a 256 GB White,37000,Used,"Chattogram, Alankar",04/08,https://bikroy.com/alankar/mobile-phones/nothing-phone-3a-256-gb-white-fLWm2T6CH8W96feo8hhkdd2z.html,3,2026-08-27T07:32:36.535776+00:00,individual,"There is not much to say if someone wants a good phone then this is the perfect place you have come the rest will be understood when you meet face to face 
 
- 100% Original
- No type of problems
- Display, Touch, Camera, Speaker, Microphone, Fingerprint 
Location: Chattogram Sagarika Road Bitak Bazar 
 Only serious buyers please contact
WhatsApp:"
Vivo X200 FE 256 GB Yellow,48000,Used,"Chattogram, Alankar",11/06,https://bikroy.com/alankar/mobile-phones/vivo-x200-fe-256-gb-yellow-pGeNk9jHqEDXssunWT7ELHrk.html,5,2026-08-27T07:32:37.342891+00:00,individual,"I have the cash memo, nothing else. The set is just wow. The camera is deadly. It has never been opened or repaired. There are no problems at all. Only the color has faded on one side of the body due to using a cover, full security will be provided. Battery backup is 2 days. 
Display - LTPO AMOLED 
The mobile is incredibly fast, in a word, extraordinary. There are no problems with the set, you can check it as much as you want. Show more"
Nothing Phone 3a 128 (Used),25990,Used,"Chattogram, Nasirabad",2 hours ago,https://bikroy.com/nasirabad/mobile-phones/nothing-phone-3a-128-used-5SEQXK1X9fVCYj2066b202pY.html,4,2026-08-27T07:32:38.193866+00:00,individual,"Nothing phone 3a 8/128

🔥 Budget King — Everyday Smooth Performer! 🔥



⚡ Enjoy 8GB RAM | 128GB Storage | 5000mAh Battery | Super Clear Camera



👉Only one dot (beside front camera)



💰offer price -25,990💥💥



🚚 Delivery Available | 🔄 Exchange Available | 💳 EMI Available



🛡️ 15-Day Replacement Guarantee | Lifetime Service Warranty



📞 



🌐 www.decentbd.com



📍𝐅𝐢𝐧𝐥𝐚𝐲 𝐒𝐪𝐮𝐚𝐫𝐞, Level-4, Shop-406, 2 No Gate, Nasirabad, Chattogram



📍𝐅𝐢𝐧𝐥𝐚𝐲 𝐒𝐨𝐮𝐭𝐡 𝐂𝐢𝐭𝐲, Level-5, Shop-525, Bahaddarhat, Chattogram



#decentbd Show more"
Nothing Phone 3a Pro 256 GB Black,48000,Used,"Chattogram, Baizid",08/07,https://bikroy.com/baizid/mobile-phones/nothing-phone-3a-pro-256-gb-black-hyjk1eftm2JW3HdAtpB5kCD3.html,3,2026-08-27T07:32:39.115781+00:00,individual,"14 day used only new mobile 
Location: polytechnical, East Delta University Pashe.
Real buyer knock 016XXXXXXXX"
Nothing Phone 3a Pro 256 GB Gray,37999,Used,"Chattogram, Bandar, Chattogram",13/08,https://bikroy.com/bandar/mobile-phones/nothing-phone-3a-pro-256-gb-gray-84A4j57BZo790jxIUCnfwY2G.html,3,2026-08-27T07:32:39.338625+00:00,individual,"100% fresh
★Cashmamo will be given
★Used As secondary phone
★location must (bondor ctg)"
Nothing Phone 3a 256 GB White,35500,Used,"Chattogram, Satkania",15/08,https://bikroy.com/satkania/mobile-phones/nothing-phone-3a-256-gb-white-iF0wsGqNf6RimxNJfobATtz9.html,3,2026-08-27T07:32:39.979624+00:00,individual,"Brand new, comes with everything."
Realme GT Neo5 SE 256 GB White,25999,Used,"Chattogram, Agrabad",13/05,https://bikroy.com/agrabad/mobile-phones/realme-gt-neo5-se-256-gb-white-jGo1BjYA97Xu9KoxhxWpvlg6.html,3,2026-08-27T07:32:40.556374+00:00,individual,"Gt neo 6se 
Fixed price
There are some scratches on the body and some light scratches on the back, nothing major. The volume button requires a slightly firmer press, which has been the case since the beginning, but it works fine. Everything else is perfect.
Box, charger, cash memo, and security documents are all available, and a high-quality protective cover will be provided."
Nothing Phone 3 512 GB Black,65000,Used,"Chattogram, Hathazari",12/07,https://bikroy.com/hathazari/mobile-phones/nothing-phone-3-512-gb-black-yxV5AfHeEPwHoU4xsbAO5f8Y.html,5,2026-08-27T07:32:41.223177+00:00,individual,"Only 16 days used, full fresh, I'll provide a new xundd case"
New Nothing Phone 3a 256 GB Black,29500,Brand New,"Chattogram, Agrabad",23/05,https://bikroy.com/agrabad/mobile-phones/new-nothing-phone-3a-256-gb-black-dN0XrLxrlkCV7yarf0vCYCUt.html,5,2026-08-27T07:32:41.938252+00:00,individual,"Nothing Phone 3a (Black) 
8+8GB RAM 256GB ROM
Condition: Like brand new
Black
Enjoy a smooth and premium experience
Asking Price: 29,500৳ (negotiable)
Only phone available
I can provide a photocopy of my NID for security purposes; the bill and box were lost during a house move.
Exchange possible. Serious buyers only."
Nothing Phone 4a Pro 256 GB Graphite,60000,Used,"Chattogram, Chawkbazar",2 hours ago,https://bikroy.com/chawkbazar/mobile-phones/nothing-phone-4a-pro-256-gb-graphite-6ggKcyFENqXk13R43sWcpm84.html,3,2026-08-27T07:32:42.520014+00:00,individual,"Nothing 4a Pro
12/256
Few days used
Full boxed."
Nothing Phone 4a 128 GB White,42500,Used,"Chattogram, Chawkbazar",2 hours ago,https://bikroy.com/chawkbazar/mobile-phones/nothing-phone-4a-128-gb-white-7RSpRTRiw9T4Bc78usoxjTmW.html,3,2026-08-27T07:32:43.225708+00:00,individual,"Nothing phone 4a
8/128
with Box
few days used"
Apple iPhone 13 Pro Max 128 GB Blue,62000,Used,"Dhaka, Jamuna Future Park",05/08,https://bikroy.com/jamuna-future-park/mobile-phones/apple-iphone-13-pro-max-128-gb-blue-uVCfCWZ4NitGhrhUzNi9TMBV.html,3,2026-08-27T07:32:43.966495+00:00,individual,"Phone has no problems. I bought it new with my own hands and used it single-handedly. I used to live abroad so I left the phone box abroad. The phone has never been opened and nothing has been changed, it is completely full fresh. I bought the phone new myself, only the battery health is 77% original."
Apple iPhone 13 Pro Max 128 GB Black,62000,Used,"Dhaka, Panthapath",06/08,https://bikroy.com/panthapath/mobile-phones/apple-iphone-13-pro-max-128-gb-black-noesEm86GAxx7yJLLxnj8X3b.html,5,2026-08-27T07:32:44.480937+00:00,individual,"The phone is in absolute brand new condition with no dents or scratches, in one word super fresh, I hope you'll love it at first sight,
With box
Nothing changed
Authentic battery health 96%
Display 100% original
Contact -
Display 100% original"
Apple iPhone 14 Pro Max 128 GB Purple,78999,Used,"Dhaka, Dhanmondi",15/08,https://bikroy.com/dhanmondi/mobile-phones/apple-iphone-14-pro-max-128-gb-purple-wQixEyXW5af2PyKKlRrCPw4x.html,5,2026-08-27T07:32:45.106862+00:00,individual,"Device specifications:
Model-14 pro max 
Variant: Singapore 
Storage-128GB
Color-Deep purple
Battery health-83% 
Physical sim and e sim support 
Face ID and True Tone ok
Phone available with box
Full fresh condition
Everything is full okay
Nothing changed
All thinks are full ok 
No issues"
Nothing Phone 3 256 GB White,56990,Used,"Dhaka, Badda",5 hours ago,https://bikroy.com/badda/mobile-phones/nothing-phone-3-256-gb-white-yCmtx6pVXNaYbBJAju7PeQ7T.html,3,2026-08-27T07:32:45.764956+00:00,individual,"Processor: Snapdragon 8s gen 4 5g
Ram: 12 GB
Display: 6.67"" OLED 120hz
Camera: Back-50+50+50\Front-50 MP
Battery: 5500 Mah
Device with Cash Memo & Charger.
You will get 7 days replacement and 1 year free service. You can exchange your old mobile with us.
Weekly holiday: Wednesday."
Apple iPhone 15 Pro 128 GB,80000,Used,"Dhaka, Savar",21/08,https://bikroy.com/savar/mobile-phones/apple-iphone-15-pro-128-gb-93SMOFpYXk2n0fMpoqUs9ff8.html,3,2026-08-27T07:32:46.459516+00:00,individual,"The phone was brought from the UK.
 1st user
 Original Apple store cash memo and NID can be provided as documents.
 Box not available
 BH: 80%
 European variant
 1 e-SIM / 1 physical
 Everything is original on the phone, nothing has been changed or opened, it is 100% waterproof."
Apple iPhone 15 Pro 256 GB,90000,Used,Dhaka,17/08,https://bikroy.com/dhaka/mobile-phones/apple-iphone-15-pro-256-gb-kEHCYM1J5q9Z2wKsbIzZTALD.html,5,2026-08-27T07:32:47.160328+00:00,individual,"Box available.
256GB
Nothing has been changed.
Face ID, True Tone display all original
BH-85%
Cycle count-826
Can be checked however many times and however you want, brought from Japan. Selling because I will upgrade the phone, no issues.
Price will be fixed"
Apple iPhone 14 Pro 128 GB White,62500,Used,"Dhaka, Uttara",24/08,https://bikroy.com/uttara/mobile-phones/apple-iphone-14-pro-128-gb-white-q2fBbIjftjUTlqxmlUCslbWt.html,5,2026-08-27T07:32:47.780328+00:00,individual,"128gb 
USA variant 
Battery Health 80%
All original parts 
Nothing has been changed"
Apple iPhone 13 Pro Max 256 GB Black,57000,Used,"Dhaka, Uttara",18/08,https://bikroy.com/uttara/mobile-phones/apple-iphone-13-pro-max-256-gb-black-5Hh8BKTiqTabJPtvfj0kT2UF.html,4,2026-08-27T07:32:48.363905+00:00,individual,"iPhone 13 Pro Max — Singapore Variant 
* 256GB
* Battery Health: 80%
* Only Display has been changed
* Face ID: OK 
* True Tone: OK 
* Nothing else has been changed
* Full fresh condition
* Cash Memo is available 
* You can check as much as you want
* Full authentic condition
If you are serious, please contact."
New Nothing Phone 4a Pro 128 GB Silver,59999,Brand New,"Dhaka, Gulshan",1 hour ago,https://bikroy.com/gulshan/mobile-phones/new-nothing-phone-4a-pro-128-gb-silver-xymeUwp9rLaxfSfoSBsrdsi0.html,5,2026-08-27T07:32:49.040567+00:00,individual,Nothing Phone 4a Pro (8/128)
Apple iPhone 15 128 GB White,55000,Used,"Dhaka, Uttara",17/08,https://bikroy.com/uttara/mobile-phones/apple-iphone-15-128-gb-white-hiQP7MKeFe5g5uycAuH03k9d.html,3,2026-08-27T07:32:49.820179+00:00,individual,"iPhone 15 / 128 GB storage
Nothing has been changed, all original -
Battery 84% (real)
Original display (full fresh)
No scratches, completely fresh
Must come to the location to buy - (Uttarkhan Mazar)"
Samsung Galaxy S25 FE 128 GB Blue,55000,Used,"Dhaka, Savar",22/08,https://bikroy.com/savar/mobile-phones/samsung-galaxy-s25-fe-128-gb-blue-nsOLh1QQiwiQ4vLvn72dNL3m.html,3,2026-08-27T07:32:50.533929+00:00,individual,"Only 2 month+ Used, box + Cable + memo Available. 10 month warranty kry International. 
100% Fresh phone. Kono singel probl nai. 
Exchange possible I phone / Nothing 4a Pro."
Apple iPhone 14 Plus 256 GB Blue,55000,Used,"Dhaka, Dhamrai",17/08,https://bikroy.com/dhamrai/mobile-phones/apple-iphone-14-plus-256-gb-blue-rf48c3tJ8BeRMDYFEetkD34p.html,5,2026-08-27T07:32:51.154508+00:00,individual,"iPhone 14 Plus Blue
Mint condition
256 GB
ZP/A
Single SIM
Battery Health-76 original
No issues
Nothing changed, box and everything available"
Apple iPhone 14 Pro Max 256 GB Purple,67899,Used,"Dhaka, Savar",10/08,https://bikroy.com/savar/mobile-phones/apple-iphone-14-pro-max-256-gb-purple-r8c67Df9IADKHwJ6AfH7ouCO.html,5,2026-08-27T07:32:51.795423+00:00,individual,"Iphone 14 pro max 256gb with box
77% battery’s health, physical and esim. nothing changes just Backshall broken. R kono somossa nai, jodi keo kinte chan tobe call ba msg koren, jara real byar na tara plz ignore this post. price almost fixed."
Nothing Phone 4a Pro 256 GB White,56990,Used,"Dhaka, Mohammadpur",2 hours ago,https://bikroy.com/mohammadpur/mobile-phones/nothing-phone-4a-pro-256-gb-white-8YcHqBSWHwKiz8oU7WDVHDeB.html,3,2026-08-27T07:32:52.486429+00:00,individual,"Nothing Phone 4a Pro
Global version 
Pre-Owned Devices 
8Gb Ram 256Gb Storage
Battery Cycle only 3
Fresh conditions 
Full Boxed 
White Color 
 ৭দিনের রিপ্লেসমেন্ট ও ১বছরের সার্ভিস ওয়ারেন্টি
Reach Us
Phonomania
Shop No: 623, Level-6
Tokyo Square
Japan Garden City, Ring Road
Mohammadpur, 1207"
New Nothing Phone 2 256 GB White,39990,Brand New,"Dhaka, Uttara",2 days ago,https://bikroy.com/uttara/mobile-phones/new-nothing-phone-2-256-gb-white-3cbSLfBhi67ikmBQqgB6qPm6.html,5,2026-08-27T07:32:53.122318+00:00,individual,"Nothing phone 2
 12/ 256 GB, white
Never used ( Shop Display product )"
Nothing Phone 3a 128 GB Black,30000,Used,"Dhaka, Kamrangirchar",22/08,https://bikroy.com/kamrangirchar/mobile-phones/nothing-phone-3a-128-gb-black-wSgKIUL4rHNem2mFmvbBLPVH.html,5,2026-08-27T07:32:53.705751+00:00,individual,Only the top is slightly broken. It fell from a child's hand. No other problems. Box is included.
Nothing Phone 2a 128 GB White,27000,Used,"Dhaka, Demra",19 hours ago,https://bikroy.com/demra/mobile-phones/nothing-phone-2a-128-gb-white-hUld7tOoRcRfeqcnW0Q747fn.html,4,2026-08-27T07:32:54.588287+00:00,individual,"Nothing 2A 
8/128gb
Full fresh condition 
All okh.kono problem nai."
Nothing Phone CMF Phone 2 Pro 128 GB White,29490,Used,"Dhaka, Shyamoli",2 hours ago,https://bikroy.com/shyamoli/mobile-phones/nothing-phone-cmf-phone-2-pro-128-gb-white-uRgRQHBxgMrNp40MgZlpxSwS.html,3,2026-08-27T07:32:55.164288+00:00,business,"Nothing CMF 2 Pro 8/128
100% Authentic
Condition: Full Box | Full Fresh
EXCHANGE POSSIBLE
100% Authentic Product
EMI facility (available on 36 bank cards)
Cash On Delivery available nationwide
Shop Location:
Phone-e
Shop No: 573, Level-5
Shyamoli Square Shopping Mall, Dhaka"
Nothing Phone 3a 128 GB Black,32990,Used,"Dhaka, Shyamoli",4 hours ago,https://bikroy.com/shyamoli/mobile-phones/nothing-phone-3a-128-gb-black-z5lqzLYcAGTgf5XFf0R21wSb.html,5,2026-08-27T07:32:55.831606+00:00,individual,"New arrival, best price. Get the #NEW Nothing Phone 3A GLOBAL. #_USED_NEW_CONDITION_FULL_BOX. Exchange possible. We sell 100% original products. You can check it however you like. Warranty Policy: 7 days parts replacement warranty, 2-year service warranty (excluding LCD, software, and physical damage)."
Nothing Phone CMF Phone 2 Pro 256 GB White,32990,Used,"Dhaka, Shyamoli",1 hour ago,https://bikroy.com/shyamoli/mobile-phones/nothing-phone-cmf-phone-2-pro-256-gb-white-dZrSsKktrlZBWs9yN11kN0he.html,5,2026-08-27T07:32:56.398733+00:00,business,"CMF 2 Pro 8/256
100% Authentic
Condition: Full Box | Full Fresh
EXCHANGE POSSIBLE
100% Authentic Product
EMI facility (available on 36 bank cards)
Cash On Delivery available nationwide
Shop Location:
Phone-e
Shop No: 573, Level-5
Shyamoli Square Shopping Mall, Dhaka"
Nothing Phone 4a Pro 128 GB Gray,50000,Used,"Dhaka, Savar",20/08,https://bikroy.com/savar/mobile-phones/nothing-phone-4a-pro-128-gb-gray-nvGl50ubrX0B0L7XGttjb39p.html,4,2026-08-27T07:32:56.996043+00:00,individual,"There are no issues with the phone, it's completely like new, used for two months, papers and box are all included along with just the cable that came with the phone. Check it as much as you like, there are no scratches or problems."
Nothing Phone CMF Phone 2 Pro 256 GB White,27000,Used,"Dhaka, Lalbag",15 hours ago,https://bikroy.com/lalbag/mobile-phones/nothing-phone-cmf-phone-2-pro-256-gb-white-cM0FvxbzpToN4SwLlGdfHAII.html,4,2026-08-27T07:32:57.578504+00:00,individual,"মোবাইল কেনার সময় অবশ্যই রশিদে স্বাক্ষর করতে হবে ও NID কার্ডের ফটোকপি দিতে হবে(আমিও দেবো)
দাম:২৭০০০ ফিক্সড (কমানো সম্ভব নয়)
রশিদের ছবি দেয়া আছে। 
লোকেশন: আজিমপুর, রসূলবাগ পার্ক।"
Nothing Phone 4a 256 GB Black,47000,Used,"Dhaka, Mohammadpur",2 hours ago,https://bikroy.com/mohammadpur/mobile-phones/nothing-phone-4a-256-gb-black-tIT87S6TC4cabySf7wVRDbME.html,3,2026-08-27T07:32:58.194486+00:00,individual,"Name:Nothing Phone 4a
 Color: black 
 Storage:8-256GB
  Just active 
    Full box 
    Cycle 4
Price:-Call for best price 
Used Mobile: 3Days replacement & 6months service warrenty or New mobile: 7days replacement & 1year service warrenty included  
Contact number 018XXXXXXXX"
Nothing Phone 2a 256 GB Black,31500,Used,"Dhaka, Baridhara",4 hours ago,https://bikroy.com/baridhara/mobile-phones/nothing-phone-2a-256-gb-black-a03kkXKTSuYPH1PAHqRCV9V7.html,3,2026-08-27T07:32:58.829533+00:00,individual,"Nothing 2a full fresh 
open box
just active
full box 
8/128gb 
12/256 
Available"
New Nothing Phone 2 128 GB Gray,32500,Brand New,"Dhaka, Sutrapur",07/08,https://bikroy.com/sutrapur/mobile-phones/new-nothing-phone-2-128-gb-gray-kjDrTodJWv2abTthuEw4IN9R.html,5,2026-08-27T07:32:59.371050+00:00,individual,"Nothing Phone 2 (8+128)
Full fresh condition, polly done... selling it because I will buy a new phone."
Nothing Phone 3a Lite 256 GB Blue,29990,Used,"Dhaka, Rampura",1 hour ago,https://bikroy.com/rampura/mobile-phones/nothing-phone-3a-lite-256-gb-blue-2WqjIYecNl7sLTNNx62mrbHn.html,3,2026-08-27T07:33:00.165193+00:00,individual,"Nothing 3a Lite  8+256GB As Like New
Only device and cash memo 
More information call 
Address: Molla Tower Shopping complex, Rampura, Dhaka. 
Opposite BTV centar 
3rd floor, shop no-406"
Nothing Phone 3a 128 GB Black,26000,Used,"Dhaka, Mirpur",22 hours ago,https://bikroy.com/mirpur/mobile-phones/nothing-phone-3a-128-gb-black-i1n80kAyW1ZGAOppr9JTqp1x.html,5,2026-08-27T07:33:00.772264+00:00,individual,Full fress kono kisu hoinai nai chak kore nibn Only divaic security dawya jabe emargancy sell Location mirpur 12 📥 inbox
Nothing Phone 2a 128 GB White,25500,Used,"Dhaka, Tongi",17 hours ago,https://bikroy.com/tongi/mobile-phones/nothing-phone-2a-128-gb-white-aCFt97frQQ1I0VGiLapzmIyL.html,3,2026-08-27T07:33:01.565968+00:00,individual,"All ok fresh no repairs 
Sathe cash memo and data cable paben 
Price fixed 
Exchange possible"
New OnePlus Ace 2 256 GB Silver,30000,Brand New,"Rajshahi, Rajpara",03/07,https://bikroy.com/rajpara/mobile-phones/new-oneplus-ace-2-256-gb-silver-fkj6kLkcSrmn5FAeEpnjh37i.html,5,2026-08-27T07:33:02.104152+00:00,individual,"OnePlus
Model: Ace 2
RAM: 12/256
Full fresh new condition"
OnePlus 12 256 GB White,45000,Used,"Rajshahi, Durgapur",25/07,https://bikroy.com/durgapur-1/mobile-phones/oneplus-12-256-gb-white-nJNPO7TT6P46xaU0mhSMiDSF.html,4,2026-08-27T07:33:02.782356+00:00,individual,"A very, very good phone. I am selling it because I want to switch to an iPhone. There are no issues with the phone at all. I have used it single-handedly with great care. Whoever buys it will get a brand new feel when using it. You can check and test it for as long as you want.
Battery Health 96%
Full fresh like new condition
Only phone
No box, no charger
No issues, genuine 100% fresh authentic device
Number 017XXXXXXXX Show more"
OnePlus 13s 256 GB Black,55000,Used,Rajshahi,2 hours ago,https://bikroy.com/rajshahi/mobile-phones/oneplus-13s-256-gb-black-Cbyscqr0tybDLDa2KA9rdghr.html,2,2026-08-27T07:33:03.548677+00:00,individual,"OnePlus 13s
12 256
Super condition
7 days replacement guarantee
1 year service warranty
#exchange possible
Our Address:
Smart Choice, Shop No. 211,
City Center, Beside Rajshahi College, Sonadigir Mor, Rajshahi
Call for any details"
OnePlus 12R 256 GB Black,33000,Used,"Rajshahi, Paba",01/08,https://bikroy.com/paba/mobile-phones/oneplus-12r-256-gb-black-wZ0bdwC5lJBly9TlpR5JBylJ.html,3,2026-08-27T07:33:04.275715+00:00,individual,"There is not even a slight problem, lamination is applied on the front and back. Price negotiation is not allowed at all."
OnePlus 12 /256 (Used),42999,Used,Rajshahi,2 hours ago,https://bikroy.com/rajshahi/mobile-phones/oneplus-12-256-used-bxePyFSvvMHrpbhRdjPDqfnq.html,3,2026-08-27T07:33:05.030786+00:00,individual,"Oneplus 12

16/ 256

Enjoy super condition 🔥🔥

7 days replacement guarantee ✅
1 year service warranty ✅

#exchange possible ✅

Our Address:
Smart Choice, Shop No. 211,
City center, Beside of Rajshahi College, Sonadigir mor Rajshahi

Call for any details:"
OnePlus 11 512 GB Black,35000,Refurbished,"Rajshahi, Boalia",13/08,https://bikroy.com/boalia/mobile-phones/oneplus-11-512-gb-black-8Fk5EfkhQkYXnUDV0VrhMtHc.html,5,2026-08-27T07:33:05.613484+00:00,individual,"Call only Wp & number aptX HD, Bluetooth 5.3, A2DP, LE, Corning Gorilla Glass Victus, Fingerprint, IP64 dust/water resistant, Stereo Speakers, USB Type-C 2.0, OTG"
OnePlus 13 256 GB White,60000,Used,"Rajshahi, Boalia",12 hours ago,https://bikroy.com/boalia/mobile-phones/oneplus-13-256-gb-white-tGCVDnVnYfPoQF2NrRbwRYxu.html,5,2026-08-27T07:33:06.215730+00:00,individual,"Phone full fresh ache,icchamoto check kore nite parben,kono scratch nai,sathe original charger and cable deowa hobe"
OnePlus 7T Pro McLaren Edition 256 GB Black,23000,Used,"Rajshahi, Shaheb Bazar",20/08,https://bikroy.com/shaheb-bazar/mobile-phones/oneplus-7t-pro-mclaren-edition-256-gb-black-rBFpqhkWEcW09RVZaOr1ZdiG.html,5,2026-08-27T07:33:06.682181+00:00,individual,"Issues with the phone: 
Back shell is slightly cracked 
What you will get with it... 
Phone 
Box 
Charger"
OnePlus 11R 128 GB Silver,28000,Used,"Rajshahi, Kazla",11/08,https://bikroy.com/kazla/mobile-phones/oneplus-11r-128-gb-silver-hLV124Xn8xN1PDptYir1J67n.html,3,2026-08-27T07:33:07.327987+00:00,individual,"OnePlus 11R 
RAM 8 GB, ROM 128 GB
Fully fresh body just like new... 
No scratches 
Urgent money needed
There are no issues with the phone"
OnePlus 11R 256 GB Green,28500,Used,"Rajshahi, Bagmara",10/08,https://bikroy.com/bagmara/mobile-phones/oneplus-11r-256-gb-green-fyZtwbzXkaIifyi5ojbrN67Z.html,5,2026-08-27T07:33:07.697421+00:00,individual,"Assalamu Alaikum,
There is not much to say about the phone, the phone is in completely fresh condition. It has been used very carefully as a secondary phone. No gaming has been done on the phone, no repair issues, no problems. Whoever takes it, check and test it properly before taking.
And if you want to buy the phone, you must come to the location to collect it.
If you want to know anything else, please call or SMS.
Price = 28,500/ Show more"
OnePlus Nord 4 128 GB,22000,Used,"Rajshahi, Motihar",13/08,https://bikroy.com/motihar/mobile-phones/oneplus-nord-4-128-gb-8WyXMlXXiKs9NcNB0zzUX82a.html,3,2026-08-27T07:33:08.370632+00:00,individual,"There are no problems with the phone, it is completely fresh, you can check and take it, thank you"
OnePlus 11R 256 GB Black,30000,Used,"Rajshahi, Uposahar",16/08,https://bikroy.com/uposahar/mobile-phones/oneplus-11r-256-gb-black-vBjseaIKkyYu61UCJoOOuNs.html,4,2026-08-27T07:33:08.804801+00:00,individual,"Main Camera: 50+8+2MP
Front Camera: 16 MP
Battery: 5000mAh
Chipset: Qualcomm Snapdragon 8 Gen1 plus
Refresh Rate :120 Hz"
OnePlus Nord 4 256 GB Blue,27500,Used,"Rajshahi, Shaheb Bazar",04/08,https://bikroy.com/shaheb-bazar/mobile-phones/oneplus-nord-4-256-gb-blue-66nnOKqngJq3PiY15yCc7RHH.html,5,2026-08-27T07:33:09.687746+00:00,individual,"Full fresh condition, indian phone no box only phone. Used just 1 months"
OnePlus 10 Pro 256 GB Black,23500,Used,"Rajshahi, Shaheb Bazar",07/08,https://bikroy.com/shaheb-bazar/mobile-phones/oneplus-10-pro-256-gb-black-5vCCfi2YyR8VURd96RT8lpgQ.html,3,2026-08-27T07:33:10.202674+00:00,individual,"100% authentic phone
5000 mAh battery
Qualcomm Snapdragon 8 Gen 1 processor
In-display fingerprint ok
Full fresh condition
Camera
8GB RAM 256GB ROM
Price 23500 fixed
Do not message unnecessarily
Only phone and charger
NID card will be given as document
Location Rajshahi Saheb Bazar"
OnePlus 11R 256 GB Black,28000,Used,"Rajshahi, Shaheb Bazar",2 hours ago,https://bikroy.com/shaheb-bazar/mobile-phones/oneplus-11r-256-gb-black-uqi8zxOGRdcfOQPsexSgHj7N.html,3,2026-08-27T07:33:10.659821+00:00,individual,"Oneplus 11r, 16 / 256 GB. Super condition. Enjoy a 7-day replacement guarantee and 1-year service warranty. #exchange possible. Our Address: Smart Choice, Shop No. 211, City Center, Beside Rajshahi College, Sonadighi Mor, Rajshahi. Call for any details:"
OnePlus 11R 256 GB Black,27000,Used,"Rajshahi, Kazla",17 hours ago,https://bikroy.com/kazla/mobile-phones/oneplus-11r-256-gb-black-5YoUDRq3Pi6EbohPNJVZMfHv.html,3,2026-08-27T07:33:11.320889+00:00,individual,"Fully fresh phone with no problems 16/256 price fixed, please ignore if you don't like the price"
OnePlus Nord 128 GB White,24500,Used,"Rajshahi, Uposahar",17/08,https://bikroy.com/uposahar/mobile-phones/oneplus-nord-128-gb-white-u3wGZNJLDEllwcX1ujVNKCBT.html,5,2026-08-27T07:33:11.988233+00:00,individual,"Completely fresh, need money urgent"
OnePlus Nord CE5 256 GB Black,29000,Used,"Rajshahi, Motihar",07/08,https://bikroy.com/motihar/mobile-phones/oneplus-nord-ce5-256-gb-black-s14dqABAXUHkrAkGUpqQ0ic2.html,5,2026-08-27T07:33:12.600034+00:00,individual,"Alhamdulillah, the phone is 100% waterproof and in completely fresh condition.
RAM/ROM: 8/256 GB
Camera: Amazing pictures and very smooth video.
Battery backup
Alhamdulillah is fantastic.
Phone only.
You have to come to the location to take the phone. Price is slightly negotiable. Only genuine buyers please contact 017XXXXXXXX"
New OnePlus 11R 128 GB Silver,25000,Brand New,"Rajshahi, Motihar",19/08,https://bikroy.com/motihar/mobile-phones/new-oneplus-11r-128-gb-silver-yJypAY2OnfDOAc7FyIwCnWP5.html,4,2026-08-27T07:33:13.169830+00:00,individual,"Phone is completely fresh, there are no problems with the phone"
OnePlus 11R 128 GB Green,22999,Used,"Rajshahi, Court Station",15/08,https://bikroy.com/court-station/mobile-phones/oneplus-11r-128-gb-green-ilhE1tM1ZveZyh53boUeDqtj.html,5,2026-08-27T07:33:13.897288+00:00,individual,One plus 11R. 8/128 gb. Fluid super amoled display. No parts changed. 100% original display. Supports 100W charger. Will give set only. A corner of the set's backpart is cracked. You will not find any problem with the set anywhere. Inshallah. I bought a new set so I am selling it. You can take it with confidence. Fixed price.
OnePlus Nord CE4 128 GB Black,23500,Used,"Rajshahi, Godagari",19 hours ago,https://bikroy.com/godagari/mobile-phones/oneplus-nord-ce4-128-gb-black-dCRbTgxWtUCQBdkpSOHfvuE3.html,5,2026-08-27T07:33:14.494580+00:00,individual,নতুন ফোন কেনার জন্য মূলত এটা সেল দেওয়া। যারা নিতে ইচ্ছুক যত খুশি সরাসরি চেক করে নিতে পারবেন।
New OnePlus 15 256 GB Black,80000,Brand New,"Chattogram, Chandanaish",48 min ago,https://bikroy.com/chandanaish/mobile-phones/new-oneplus-15-256-gb-black-rn0AHzpB07ct2YjotNlp0OzO.html,3,2026-08-27T07:33:15.116143+00:00,individual,"Full New with Full Box, Charger.
Battery Cycle only 4 Times"
OnePlus 13s 256 GB Green,65000,Used,"Chattogram, Halishahar",27/07,https://bikroy.com/halishahar/mobile-phones/oneplus-13s-256-gb-green-6i0VeIAFvsdsvUsIkzYw1mFA.html,3,2026-08-27T07:33:15.927277+00:00,individual,"12/256, brand new condition. 100% Battery Health."
OnePlus 15 256 GB White,88000,Used,"Chattogram, Chawkbazar",1 hour ago,https://bikroy.com/chawkbazar/mobile-phones/oneplus-15-256-gb-white-pl1reY905NpdBohOQb1qvLIh.html,3,2026-08-27T07:33:16.644696+00:00,individual,"Oneplus 15
12/256
Full Boxed
with Charger"
OnePlus 13 256 GB Blue,68000,Used,"Chattogram, Oxygen",07/08,https://bikroy.com/oxygen/mobile-phones/oneplus-13-256-gb-blue-uhu1Fn06okWg0bVnRFCoGvLd.html,5,2026-08-27T07:33:17.205856+00:00,individual,"OnePlus 13 (Global Version)
Used: 8 Months
Condition: Excellent (One-Hand Use)
Battery Health: 97%
No Damage / No Issues
Overall Condition: 10/10 – Everything perfectly
What's Included:
Full Box
Original Charger
2 Mobile Covers (Free)"
New OnePlus Nord 6 512 GB Black,70000,Brand New,"Chattogram, Chawkbazar",1 hour ago,https://bikroy.com/chawkbazar/mobile-phones/new-oneplus-nord-6-512-gb-black-rOv3lyxvBHhlLyKlP6ooyNAt.html,3,2026-08-27T07:33:18.000238+00:00,individual,"OnePlus Nord 6
12/512GB
It's new and sealed pack."
OnePlus 7T Pro McLaren Edition 256 GB Black,21999,Used,"Chattogram, Agrabad",31/07,https://bikroy.com/agrabad/mobile-phones/oneplus-7t-pro-mclaren-edition-256-gb-black-ajcuzTBgKIP7rHlVgqSukj6p.html,3,2026-08-27T07:33:18.700256+00:00,individual,"RAM/ROM - 12/256 
For sale"
OnePlus 11R 128 GB Gray,24599,Used,"Chattogram, Agrabad",1 hour ago,https://bikroy.com/agrabad/mobile-phones/oneplus-11r-128-gb-gray-dxcfiPxsVAo2BMr0IIyVpmG8.html,5,2026-08-27T07:33:19.419451+00:00,individual,"OnePlus 11R 5G
An amazing camera phone
RAM 8GB + 128GB
Includes cash memo"
New OnePlus 128 GB Black,41000,Brand New,"Chattogram, Chawkbazar",1 hour ago,https://bikroy.com/chawkbazar/mobile-phones/new-oneplus-128-gb-black-e0B33vLLj5Ngrys7ozNScU7f.html,3,2026-08-27T07:33:20.023414+00:00,individual,"OnePlus Nord CE6
8/128
Brand New"
OnePlus 7T Pro 256 GB Blue,20999,Used,"Chattogram, Halishahar",23/08,https://bikroy.com/halishahar/mobile-phones/oneplus-7t-pro-256-gb-blue-Bs9bCbKy8Fq8YnN3xrZBSjvP.html,5,2026-08-27T07:33:20.282877+00:00,individual,"Full Boxed
100% Original working Fluid AMOLED display. (Never changed/Repaired)
RAM/ROM: 8/256 GB
Snapdragon 855+ (Gaming Beast) 
Main Camera 48 MP + 16 MP ultrawide + 8 MP Telephoto
Front Camera 16 MP (Pop Up)
Never changed or repaired any parts of it. And No Green line issues on this phone.
You can check the phone as long as u want before buying."
OnePlus 9RT 5G 128 GB Black,20001,Used,"Chattogram, Sitakunda",11/05,https://bikroy.com/sitakunda/mobile-phones/oneplus-9rt-5g-128-gb-black-v9NqpLY480vrOZOvenoQP1aP.html,2,2026-08-27T07:33:20.842954+00:00,individual,Includes box and charger. No green line issue. Fresh condition.
OnePlus 12 R Indian version (Used),31500,Used,"Chattogram, Chawkbazar",22/04,https://bikroy.com/chawkbazar/mobile-phones/oneplus-12-r-indian-version-used-f0lUDg20BYWtIc9Ot6HPDNGj.html,5,2026-08-27T07:33:21.293981+00:00,individual,"ONEPLUS 12R 16/256 GB BH 94%
CONDITION 98% FRESH 
EXCHANGE POSSIBLE BUT GAMING PHONE 8GEN 3 CHIPSET MUST BE ,, 
ADD ONLY 100W CHARGER 
Price almost fixed, 
There is no problem with the mobile. I want to buy a gaming phone like - iqoo 12 or 13
-"
OnePlus 12R 256 GB Blue,35000,Used,"Chattogram, Raozan",19/08,https://bikroy.com/raozan/mobile-phones/oneplus-12r-256-gb-blue-BhvIPAHvpvL0PVIqOD5c9xmm.html,5,2026-08-27T07:33:21.978124+00:00,individual,There is no issue. I need emergency Money. No box
OnePlus 10 Pro 256 GB Blue,20000,Used,"Chattogram, Agrabad",19/08,https://bikroy.com/agrabad/mobile-phones/oneplus-10-pro-256-gb-blue-wQwGbIAkk9oa9sNLRpXQa8Ac.html,5,2026-08-27T07:33:22.536495+00:00,individual,Only display changed that too original set opened fitted and all ok  details
OnePlus 10R 256 GB Black,21500,Used,"Chattogram, Agrabad",1 hour ago,https://bikroy.com/agrabad/mobile-phones/oneplus-10r-256-gb-black-mhn2cjlDEEz565er2oyXajqp.html,2,2026-08-27T07:33:23.102275+00:00,individual,"Set in fully fresh condition. 200% working. All parts 100% original. RAM 12GB, Storage 256GB. Comes with cash memo. The phone's performance is excellent."
OnePlus 12 512 GB Black,46000,Used,"Chattogram, Chandgaon",26/03,https://bikroy.com/chandgaon/mobile-phones/oneplus-12-512-gb-black-2vwnlsKpBczfS2GadOQRvXDK.html,3,2026-08-27T07:33:23.510855+00:00,individual,"OnePlus 12, 16/512GB. Fresh Condition. No box, no charger. Set + Cash Memo only. Price Fixed. Those who do not have the budget, please stay away. Request not to quote absurd prices. Location: Riazuddin Bazar, Chittagong. Contact 016XXXXXXXX"
New OnePlus 10 Pro 128 GB Black,45000,Brand New,"Chattogram, Nasirabad",21/08,https://bikroy.com/nasirabad/mobile-phones/new-oneplus-10-pro-128-gb-black-sx9eXXncZwoznJpEYGPiU9iZ.html,5,2026-08-27T07:33:24.127098+00:00,individual,"Oneplus 10 Pro 5G.
8/128 GB Variant
Full Fresh Phone,Came From Dubai.
Box,Charger Available."
New OnePlus 12R 128 GB Black,29999,Brand New,"Chattogram, Patenga",23/08,https://bikroy.com/patenga/mobile-phones/new-oneplus-12r-128-gb-black-l2DSstJjoicy5u4OBa8JdV2z.html,5,2026-08-27T07:33:24.782822+00:00,individual,"The phone is practically brand new in a word. Not a single hair-sized scratch anywhere. And it will 10,000% never get a green line guarantee. You can check it for as long as you want. A killer phone for camera and gaming. Selling because I will buy an iPhone. Only phone, you can check and take it for as long as you want. I will give everything needed for security, no problem."
OnePlus Nord 5 256 GB Blue,37500,Used,"Chattogram, Chawkbazar",05/08,https://bikroy.com/chawkbazar/mobile-phones/oneplus-nord-5-256-gb-blue-3Npdm1cn3j5ISQepiT9ba1js.html,5,2026-08-27T07:33:25.551726+00:00,individual,OnePlus Nord 5 sell post
OnePlus 7T Pro 5G McLaren 256 GB Black,25000,Used,"Chattogram, Khulshi",1 day ago,https://bikroy.com/khulshi/mobile-phones/oneplus-7t-pro-5g-mclaren-256-gb-black-kqi7XYDkH1IbjToLV4sGQCFI.html,5,2026-08-27T07:33:26.273011+00:00,individual,"Location must be Ctg foyzlake
price almost fixed do not inbox unnecessary Oneplus 7t pro rare
Mclaren 5G 90hz Super amoled Curve display super smooth gaming
flagship used device all perfect with box and memo no charger available."
OnePlus 13s 256 GB Green,58000,Used,"Dhaka, Dhanmondi",1 hour ago,https://bikroy.com/dhanmondi/mobile-phones/oneplus-13s-256-gb-green-fXBFMIuV0Ho6XUuWnUKhjMz9.html,5,2026-08-27T07:33:26.846275+00:00,individual,"Used conditions 
Phone all ok"
OnePlus 13 256 GB White,64000,Used,"Dhaka, Jamuna Future Park",1 hour ago,https://bikroy.com/jamuna-future-park/mobile-phones/oneplus-13-256-gb-white-BkTZCMuWOuKcH8aMUrlfJ8Pz.html,3,2026-08-27T07:33:27.396633+00:00,individual,"OnePlus 13 Global
12GB 256GB
Full Fresh condition

 Paramount Gadget
Jamuna Future Park Shopping Mall
Level 4, Shop No: 006C"
OnePlus 12 256 GB Green,43000,Used,"Dhaka, Uttara",23/08,https://bikroy.com/uttara/mobile-phones/oneplus-12-256-gb-green-cpmPiiAd8HjCtfrdFEvwYi3T.html,5,2026-08-27T07:33:27.863468+00:00,individual,"OnePlus 12 12-256 full fresh phone 
Battery health 87%
No problems at all
You can check it as much as you want. Comes with the box, 80W original charger, and a cover.
Price almost fixed
Please do not act petty by offering ridiculous prices
If you want to know anything, feel free to call directly"
OnePlus 13R 512 GB Silver,49999,Used,"Dhaka, Jatrabari",1 hour ago,https://bikroy.com/jatrabari/mobile-phones/oneplus-13r-512-gb-silver-cEdDOqzXnhP8DCwQV7zcjshg.html,4,2026-08-27T07:33:28.455559+00:00,individual,"Oneplus 13r.
Ram - 16 gb.
Rom - 512 gb.
Bh - 100%.
Full box."
New OnePlus 256 GB,62999,Brand New,"Dhaka, Bashundhara City",4 hours ago,https://bikroy.com/bashundhara-city/mobile-phones/new-oneplus-256-gb-ppsVFtWgCSk3YKQt0BV1LjAo.html,2,2026-08-27T07:33:29.251806+00:00,individual,"10-day replacement guarantee
 2-year service warranty
 Fast and secure courier service across the country
 Attractive exchange offers available
 Emon Gadget Point
Basement-1, Shop-84
Bashundhara City Shopping Mall"
OnePlus 12 256 GB Black,46000,Used,"Dhaka, Jatrabari",10/08,https://bikroy.com/jatrabari/mobile-phones/oneplus-12-256-gb-black-7pvQoC5CLACu9bIJh8pH1u1l.html,5,2026-08-27T07:33:29.876266+00:00,individual,"OnePlus 12, 12/256
No marks on the mobile. Battery health 90%.
No type of problem.
Cash memo and original charger will be given with the mobile. If you want, NID copy will also be provided. To take the phone, you must come to the address."
OnePlus 12 256 GB Black,48500,Used,"Dhaka, Jamuna Future Park",2 hours ago,https://bikroy.com/jamuna-future-park/mobile-phones/oneplus-12-256-gb-black-z3Wq34Es9R50poqghIX90mnm.html,3,2026-08-27T07:33:30.573240+00:00,individual,"Oneplus 12
12GB 256GB
Few Month used
Price: Tk
 Paramount Gadget
Jamuna Future Park Shopping Mall
Level 4, Shop No: 006C
Near Lift 7 (Nokia   

#oneplus
#oneplus12"
OnePlus 13 256 GB Black,57990,Used,"Dhaka, Shyamoli",5 hours ago,https://bikroy.com/shyamoli/mobile-phones/oneplus-13-256-gb-black-Be4a4ZYwBZJ2PFZcffLd2e5a.html,5,2026-08-27T07:33:31.227901+00:00,individual,"New Arrival best Price 
Get #NEW_ One Plus 13 5G 12/256GB Chinese BATTERY HEALTH 99 %
#_USED_NEW_CONDITION_FULL_BOX
Exchange Possible 
We sell 100% Original Product
You can check it however you like. 
Warranty Policy  
7 Days Parts Replacement Warranty 
2 Year Service Warranty Without LCD, Software & Physical Damage"
OnePlus 12 256 GB Black,44000,Used,"Dhaka, Mirpur",13/08,https://bikroy.com/mirpur/mobile-phones/oneplus-12-256-gb-black-4dGofvYlpLoZRw1tmwcUq22.html,5,2026-08-27T07:33:31.866993+00:00,individual,"Urgent sell 
Oneplus 12
Storage : 12/256gb
Update: all the updates are given.last update on 31july.
Battery health : 90%
Except minor scratches on the body frame or glass, everything is pristine. Simply put, the phone is still 90% fresh.

Location: Dhaka.
You will get the device, charger & cable, cash memo & NID for security."
OnePlus Nord 6 256 GB Black,49990,Used,"Dhaka, Dhanmondi",4 hours ago,https://bikroy.com/dhanmondi/mobile-phones/oneplus-nord-6-256-gb-black-xcfmdXn9BjlfsnHL7Tl71AvC.html,3,2026-08-27T07:33:32.517836+00:00,individual,"""Welcome to ""Al Aqsa Mobile"" 
 Reach us___________________ 
 *Al Aqsa Mobile*
 Shop No-449 ,Lift -3, Orchard Point, Dhanmondi 7, Dhaka-1209
 Model :
 RAM : 8 
 ROM : 256
 Price Fixed"
OnePlus Ace 256 GB,49500,Used,"Dhaka, Jatrabari",1 hour ago,https://bikroy.com/jatrabari/mobile-phones/oneplus-ace-256-gb-mxUPjYKvLcgpem6iFgNqglGr.html,5,2026-08-27T07:33:33.102904+00:00,individual,"Oneplus ACE 6T (12-256) full fresh condition
73 charging cycle 
Box memo available
Location: Dhaka jurain bikrampur Plaza.Level-3.Shop-42
Call.WhatsApp 019XXXXXXXX"
New OnePlus 15R 512 GB Green,71990,Brand New,"Dhaka, Dhanmondi",09/08,https://bikroy.com/dhanmondi/mobile-phones/new-oneplus-15r-512-gb-green-nACTAhVVVFSjhClIHKlOmpM9.html,4,2026-08-27T07:33:33.750667+00:00,individual,"One Plus 15R Top Of The Line 12GB/512GB Edition Mint Breeze Full Box
Brought It From India Official
One Plus 15R DS International Indian Global Edition
Just Box Opened Brand New Showroom Condition
Screen Protector Attached ESR
Location-Dhanmondi 27 Satmashjid Road Dhaka.
Interested Buyers Do Call For Directly Phone Thanks"
OnePlus 13R 256 GB Black,45000,Used,"Dhaka, Mirpur",11 hours ago,https://bikroy.com/mirpur/mobile-phones/oneplus-13r-256-gb-black-4Ye9TCchHKpwL3yEAmTFgx4b.html,4,2026-08-27T07:33:34.460460+00:00,individual,Phone full fresh condition Chek kore nite parben .Ekhono phone a kono service korano hoy nee .emarjency Taka dorkar taii phone ta sell kora .Location. Dhaka Mirpur 6 016XXXXXXXX 017XXXXXXXX
New OnePlus 15R 256 GB,67499,Brand New,"Dhaka, Bashundhara City",5 hours ago,https://bikroy.com/bashundhara-city/mobile-phones/new-oneplus-15r-256-gb-jH8JFKtmwzXfcpNFHIOC4fb3.html,3,2026-08-27T07:33:35.212365+00:00,individual,"10-day replacement guarantee
 2-year service warranty
 Safe courier facility across the country
 Attractive exchange offers
 Basement-1, Shop-84, Bashundhara City Shopping Mall
 Prices are subject to change. Please contact us on WhatsApp before visiting."
OnePlus 9RT 5G 256 GB Blue,23000,Used,"Dhaka, Keraniganj",03/08,https://bikroy.com/keraniganj/mobile-phones/oneplus-9rt-5g-256-gb-blue-fZot31EoUj9VRqRNgSNQbTLZ.html,3,2026-08-27T07:33:35.795446+00:00,individual,"Used for about two and a half years
Handled with care so it still looks like new.
Poly is applied on the back side.
Original charger and box are available
Display and camera are very good and performance is super smooth
You will get slightly less battery backup compared to current phones.
 Location: Kadamtali, Keraniganj, Dhaka-1310"
OnePlus 10T 128 GB Black,32000,Used,"Dhaka, Dhaka Uddan",18 hours ago,https://bikroy.com/dhaka-uddan/mobile-phones/oneplus-10t-128-gb-black-6i1YRHlv4b5jTAq5U7zRFTZz.html,3,2026-08-27T07:33:36.543322+00:00,individual,"OnePlus 10T used 1year.
Come from USA."
OnePlus 8 128 GB Blue,22500,Refurbished,"Dhaka, Farmgate",1 hour ago,https://bikroy.com/farmgate/mobile-phones/oneplus-8-128-gb-blue-2vAFovDxO3z3QuYu6rgP9KHy.html,5,2026-08-27T07:33:36.835290+00:00,individual,"একদম ফ্রেশ ফোন । কোন প্রকার সমষ্যা নেই , মাএ দুই মাএ হয়েছে ব্যাবহার করা। বক্স চাজার সব আছে  । এটা  one plus 8 pro মডেল।"
OnePlus 8 Pro 128 GB Blue,27000,Used,"Dhaka, Sutrapur",10/08,https://bikroy.com/sutrapur/mobile-phones/oneplus-8-pro-128-gb-blue-2DzLRwQPBW9kW5NCqvnJP7cQ.html,3,2026-08-27T07:33:37.577900+00:00,individual,"In very fresh condition, comes with box and charger. Battery backup is quite good, Alhamdulillah. Camera condition is good. 
Selling because I have been using it for a long time and want to get a new phone. 
Not possible to give a huge discount, maybe an amount equivalent to a good cup of tea can be considered."
OnePlus 11R 128 GB Red,30000,Used,"Dhaka, Hazaribagh",06/08,https://bikroy.com/hazaribagh/mobile-phones/oneplus-11r-128-gb-red-6mrykCYZfJtzHisuv9pyBgwC.html,3,2026-08-27T07:33:38.195980+00:00,individual,"One Plus 11R
Superb phone with 8GB RAM and 256GB storage.
No issues at all, feel free to inspect it in person.
Selling urgently because I really need the money; the phone itself works perfectly.
If you are interested in buying, please get in touch."
OnePlus Nord CE4 256 GB Green,22000,Used,"Dhaka, Keraniganj",17/08,https://bikroy.com/keraniganj/mobile-phones/oneplus-nord-ce4-256-gb-green-6wQOSIE0X7ub0WDUFd6lGeKt.html,3,2026-08-27T07:33:38.663527+00:00,individual,"Fully fresh. (No issues) Delivery location _ Notun Sonakanda Oil Pump, Rohitpur, Keraniganj, Dhaka 019XXXXXXXX"
OnePlus 8 Pro 128 GB Blue,19500,Used,"Dhaka, New Market, Dhaka",13 hours ago,https://bikroy.com/new-market-dhaka/mobile-phones/oneplus-8-pro-128-gb-blue-moKGNyEnF9TE60QEg4uULF6X.html,5,2026-08-27T07:33:39.354558+00:00,individual,"Oneplus 8 Pro 8/128 gb 
All ok [ Only back shell fata ]
ফোন পাবেন ফোনের সাথে  box original charger clash memo আছে সাথে
ফোনের ডিসপ্লে original  back shell ছাড়া অন্য কোন সমস্যা নেই 
লোকেশন : ঢাকা নিউ মার্কেট আজিমপুর 2nd কামরাঙ্গীরচর location Aste ahe most...!"
OnePlus 10R 128 GB Black,19500,Used,"Dhaka, Khilgaon",2 hours ago,https://bikroy.com/khilgaon/mobile-phones/oneplus-10r-128-gb-black-ffOg6rYi6XoYovqBjGtia4hP.html,3,2026-08-27T07:33:40.166067+00:00,individual,"Assalamu Alaikum. Greetings from ""Mobo Live Bd"". Oneplus 10r 8/128GB Black Full Factory unlock 100% original device Dear Honourable Customer. Now you can purchase with Emi of 21 Banks credit card. Thanks for being with us."
OnePlus 12R 256 GB Blue,37500,Used,"Dhaka, Jatrabari",31/07,https://bikroy.com/jatrabari/mobile-phones/oneplus-12r-256-gb-blue-eK9V2AcNpeAY9XrqKeHipgwj.html,5,2026-08-27T07:33:40.457335+00:00,individual,"Model: OnePlus 12R
Color: Blue
RAM: 16GB
Storage: 256GB
Condition: Full fresh, no cracks or dents
Camera: 50MP + 8MP + 2MP | 16MP Selfie
Display: 6.78"" AMOLED (1264×2780 Resolution)
Battery: 5500mAh
Dual Nano SIM
What you will get:
Cash Memo
100 watt charger
Price- 39500
Interested buyers please inbox or call directly."
OnePlus Nord CE4 128 GB,22500,Used,"Dhaka, Jatrabari",4 hours ago,https://bikroy.com/jatrabari/mobile-phones/oneplus-nord-ce4-128-gb-xgINrUQsdZhQqlyi9Fzz0ZhF.html,4,2026-08-27T07:33:40.841392+00:00,individual,"Assalamu Alaikum
Welcome to Gadget Exchange BD
 
 All perfect working
 Buying/selling and exchange means Gadget Exchange BD
 Come to our shop to get 100% genuine products
 With cash memo
 7 Days Replacement
 1 Year service warranty without Parts
 Gadget Exchange BD 
Shop No. 67 (3rd Floor)
Vikrampur Plaza, Jurain Railgate, Dhaka-1204"
OnePlus 11R 128 GB Black,28999,Used,"Dhaka, Jatrabari",1 hour ago,https://bikroy.com/jatrabari/mobile-phones/oneplus-11r-128-gb-black-33wK7lnkwHVrB7Zm12mchBba.html,3,2026-08-27T07:33:41.419251+00:00,individual,"Full box, Jatrabari, IDDRS Super Market, shop no 63"
OnePlus Nord CE4 256 GB Green,23990,Used,"Dhaka, Jatrabari",4 hours ago,https://bikroy.com/jatrabari/mobile-phones/oneplus-nord-ce4-256-gb-green-2UXAFZjZ4qQGTukacyS8fomb.html,4,2026-08-27T07:33:42.057085+00:00,individual,"Condition: Fully Fresh
RAM: 8GB, ROM: 256GB
Camera Supper Quality
Cash memo + Shop Warranty
Address: Dhaka Jatrabari, Shahid Faruk Road, Taj-Tanvir Super Market, 2nd Floor, Shop Number: 10 (MobileHub)
*Don't get cheated by buying cheap products to save some money; buy the right product at the right price.
Please do not call for bargain negotiation."
OnePlus 9RT 5G 128 GB Gray,20000,Used,"Dhaka, Rampura",16/08,https://bikroy.com/rampura/mobile-phones/oneplus-9rt-5g-128-gb-gray-deHwU7t7fCp7CjcUUG98VdKf.html,4,2026-08-27T07:33:42.652985+00:00,individual,"Superb condition phone. Personally used, looks quite fresh. No major scratches or dents.
 RAM: 8GB | ROM: 128GB
 Snapdragon 888
 120Hz AMOLED Display
 50MP Camera
 4500mAh Battery | 65W Fast Charging
 Fingerprint & 5G Supported
 Box/Charger: [Everything will be provided]
 Price: BDT (Negotiable)
 Location: Rampura, Abul Hotel"
OnePlus Nord 128 GB Black,28000,Used,"Dhaka, Savar",02/08,https://bikroy.com/savar/mobile-phones/oneplus-nord-128-gb-black-2WPb9TyA63nW0BbVBvzhCbdx.html,5,2026-08-27T07:33:43.295457+00:00,individual,I will buy one with more RAM for my business work. It will be sold with the original phone charger. Box will be provided.
OnePlus 13R 256 GB Silver,43000,Used,"Dhaka, Uttara",1 hour ago,https://bikroy.com/uttara/mobile-phones/oneplus-13r-256-gb-silver-oHRzixJYdR1k1EQL43UrDAnc.html,3,2026-08-27T07:33:44.002181+00:00,individual,"Oneplus 13r 12/256GB
Physical Dual Sim
100% Original & Non Refurbished Product
7 Days Replacement & 1 Year Service Warranty
EMI Facility is also AVAILABLE
Contact Us
Exchange Hub
Shop No: 610, 611, 628 & 629 Level-6, Tropical Alauddin Tower
Sector 3, Road 2, Rajlaxmi, Uttara.
Call for Details 017XXXXXXXX"
Xiaomi 13 Ultra 256 GB White,45000,Used,"Rajshahi, Puthia",26/07,https://bikroy.com/puthia/mobile-phones/xiaomi-13-ultra-256-gb-white-5XEL60EVNP5YbZka5kfxiivd.html,4,2026-08-27T07:33:44.712946+00:00,individual,"Purchased from Jamuna Future Park. Absolutely like new, not a single scratch/dent anywhere. 
Mobile Specs:
*Camera: Quad × 50mp
*Processor: Snapdragon 8 Gen 2
*Storage: 12/256
*Battery: 5000mah
*Sound: Dolby Atmos
**Global Phone
Address: Maipara Bazar, Puthia, Rajshahi.
Mobile 018XXXXXXXX"
Xiaomi Redmi Note 13 Pro 256 GB Black,27000,Used,"Rajshahi, Court Station",04/06,https://bikroy.com/court-station/mobile-phones/xiaomi-redmi-note-13-pro-256-gb-black-4aXe4AhdhsgxM4Va4x6SxW1q.html,5,2026-08-27T07:33:45.281531+00:00,individual,Full fresh... box and charger all included... phone is like new...
Xiaomi Redmi Turbo 4 Pro 256 GB Rose Gold,38000,Used,"Rajshahi, Laksimipur",21/08,https://bikroy.com/laksimipur/mobile-phones/xiaomi-redmi-turbo-4-pro-256-gb-rose-gold-rMXmMLNj7vp9JrzEbiVgXBVH.html,4,2026-08-27T07:33:46.043422+00:00,individual,"All ok. No problem. Box charger everything is there, can be given."
Xiaomi 12X 256 GB,28000,Used,"Rajshahi, Boalia",05/05,https://bikroy.com/boalia/mobile-phones/xiaomi-12x-256-gb-tvCzmg3O0ZmJLpaloOMjlvFa.html,2,2026-08-27T07:33:46.699987+00:00,individual,"For Sale: Redmi 12X (Good Condition)
I want to sell my Redmi 12X smartphone. The phone is in good condition and works perfectly—no problems at all.
 Smooth performance
 No hardware issues
 Clean and well-maintained
 Comes with: Box & Memo (receipt)
If anyone is interested, please inbox or call me."
Xiaomi Redmi Note 13 Pro+ 256 GB Blue,29000,Used,"Rajshahi, Boalia",04/06,https://bikroy.com/boalia/mobile-phones/xiaomi-redmi-note-13-pro-256-gb-blue-yPAnY5EqmjA3SPeI4iOvzo6N.html,3,2026-08-27T07:33:47.338667+00:00,individual,Used with one hand. Comes with the original box and charger. It is in fresh condition; you can check it as much as you want before buying.
Xiaomi Civi 1S 256 GB Purple,30000,Used,"Rajshahi, Court Station",10/07,https://bikroy.com/court-station/mobile-phones/xiaomi-civi-1s-256-gb-purple-f0oGnarwrhoVLtCSi1Z92mPD.html,4,2026-08-27T07:33:47.967540+00:00,individual,Used phone with no problem
Xiaomi 13 256 GB Silver,30000,Used,"Rajshahi, Shaheb Bazar",11/08,https://bikroy.com/shaheb-bazar/mobile-phones/xiaomi-13-256-gb-silver-q3bM65LVyA1waULhg10aaYWa.html,3,2026-08-27T07:33:48.703213+00:00,individual,"A very good phone with no problems. Check and take it as much as you want. The camera is very good, the phone works great, and there are no kinds of problems."
Xiaomi Redmi Note 13 Pro 5G 256 GB White,39500,Refurbished,"Rajshahi, Motihar",15/08,https://bikroy.com/motihar/mobile-phones/xiaomi-redmi-note-13-pro-5g-256-gb-white-3mh0BAvAPJ0cT2aEuqZeVdCF.html,4,2026-08-27T07:33:49.331361+00:00,individual,"I am selling this phone to buy an iPhone.
Xiaomi Redmi Note 13 Pro 5G (256GB), Official. Comes with all documents.
I bought it for 46,500 Taka, and now maybe the official market price is 41,500 Taka. I cannot sell it for less than 36,500 Taka.
If I didn't need to buy an iPhone, I would have no intention of selling this phone."
Xiaomi Redmi Note 14 Pro+ 5G 256 GB Black,27000,Used,"Rajshahi, Tanore",24/05,https://bikroy.com/tanore/mobile-phones/xiaomi-redmi-note-14-pro-5g-256-gb-black-5fnQOuVj3YtLyJXH5iQXmftc.html,2,2026-08-27T07:33:50.028746+00:00,individual,Feel free to inspect it as much as you like before buying.
Xiaomi Redmi Pro 256 GB White,27000,Used,"Rajshahi, Rajpara",18/06,https://bikroy.com/rajpara/mobile-phones/xiaomi-redmi-pro-256-gb-white-Bw1sSRFHoy0O4w2jQtjiuNpz.html,2,2026-08-27T07:33:50.785264+00:00,individual,"Redmi K40 Gaming (White/12-256GB)
 Dimensity 1200 | 120Hz OLED | 5065mAh
• Condition: Fresh (no scratches/dents or internal issues).
• Gaming: Pop-up triggers are 100% working. PUBG, Free Fire, COD run smoothly.
• Included: Back cover."
Xiaomi 15 256 GB Black,31000,Used,"Rajshahi, Shaheb Bazar",16/06,https://bikroy.com/shaheb-bazar/mobile-phones/xiaomi-15-256-gb-black-9RfHlgWBchvRXMT7i1ku8fb7.html,2,2026-08-27T07:33:51.558103+00:00,individual,"It has been 1 month since I bought the mobile, it is brand new and fresh, I have the memo, I have the box, everything will be given, it is not an issue, I need money so I will sell it."
Xiaomi Redmi Turbo 4 Pro 256 GB White,36500,Used,"Rajshahi, Boalia",23/08,https://bikroy.com/boalia/mobile-phones/xiaomi-redmi-turbo-4-pro-256-gb-white-BPXXg8Oghkoc8S0lBB9lrtAL.html,5,2026-08-27T07:33:52.093816+00:00,individual,"Xiaomi Redmi Turbo 4 Pro (256GB, White) for sale.
The phone condition is very good, with no scratches or display issues. Everything works properly. Original box and charger will be provided with it. Battery health 98. Contact"
Xiaomi 12 Pro 256 GB Black,24500,Used,"Rajshahi, Uposahar",14/08,https://bikroy.com/uposahar/mobile-phones/xiaomi-12-pro-256-gb-black-9WDs9KVaSOTUEVK8Fi7YE5bf.html,4,2026-08-27T07:33:52.958611+00:00,individual,"I did not write the detailed specifications as you can find them by searching online. It performs smoothly for everything from daily use to heavy tasks. The camera and video quality are extraordinary. This is a flagship device from Xiaomi. However, there is one issue: a green line has appeared on the screen. It will cost approximately 6,000 BDT to fix. The charging speed is very fast—it fully charges in just 30 minutes. Show more"
Xiaomi 13 Pro 256 GB Black,19999,Used,"Rajshahi, Vodra",14/08,https://bikroy.com/vodra/mobile-phones/xiaomi-13-pro-256-gb-black-frNSb4w7cgwJp1DtWJT9WHNA.html,5,2026-08-27T07:33:53.507142+00:00,individual,"Completely full fresh mobile, model redmi note 13 pro 4g, absolutely amazingly fresh mobile, nothing much to say about it, only gamers will understand what kind of mobile this is, buttery smooth touch response, 120Hz display, 200 megapixel camera, price 19999, bargaining is allowed if you want"
Xiaomi 12T Pro 256 GB Black,17000,Used,"Rajshahi, Puthia",1 day ago,https://bikroy.com/puthia/mobile-phones/xiaomi-12t-pro-256-gb-black-f552F1LDeUG36aE1UiNYBjBL.html,3,2026-08-27T07:33:53.679796+00:00,individual,ফোনে ডিসপ্লে গ্রিন লাইন। মাইক্রফোনে একটু সমস্যা।
Xiaomi Redmi Note 13 Pro 5G 256 GB Red,27000,Used,"Rajshahi, Boalia",1 day ago,https://bikroy.com/boalia/mobile-phones/xiaomi-redmi-note-13-pro-5g-256-gb-red-bsftR31rsF0RxgRoJi9E4EEx.html,3,2026-08-27T07:33:54.340870+00:00,individual,"*Redmi Note 13 Pro 5G *
 *Main Camera Sensor-এ হালকা দাগ আছে**, তাই ছবি তুললে পাতলা দাগ দেখা যায়। Wide-angle ও অন্যান্য সবকিছু ঠিক আছে।*
 *Box + ২টি Cover দেওয়া হবে*

 যতক্ষণ ইচ্ছা দেখে ও চেক করে নিতে পারবেন।

*Price Negotiable*
 *Location: Alokar More, Rajshahi*
*গেমিং এর জন্য খুব ভালো ফোন । আমি গেম খেলার জন্য কিনেছিলাম কিন্তু গেম খেলিনা*"
New Xiaomi Redmi Note 14 5G 256 GB White,20999,Brand New,"Rajshahi, Kazla",2 hours ago,https://bikroy.com/kazla/mobile-phones/new-xiaomi-redmi-note-14-5g-256-gb-white-C4gcJqntKIwXEDABlg7RJhm8.html,4,2026-08-27T07:33:54.900185+00:00,individual,"With smart design and amazing performance, the Note 14 phone can be your perfect choice!
8+256
Limited stock – First come, first served!
Our Address: Baneshwar Shibpur Hat Puthia Rajshahi
100% Reliability
Right price, right product
FAHIM mobile zone is your trusted mobile shop"
New Xiaomi Redmi Note 13 256 GB White,20000,Brand New,"Rajshahi, Shaheb Bazar",13 hours ago,https://bikroy.com/shaheb-bazar/mobile-phones/new-xiaomi-redmi-note-13-256-gb-white-nQgbqp1txQDh6QzS4yLI8uKQ.html,3,2026-08-27T07:33:55.526004+00:00,individual,Redmi note 13 5g... 8 256.New phone 1 week use... sorasori dekle ak nojore posondo hobe... chino pori man dak nai... gift paichi... Full box... Price fixed. ... akbar phone dekle posondo hobe
Xiaomi Redmi Turbo 4 256 GB White,27000,Used,"Rajshahi, Boalia",30/07,https://bikroy.com/boalia/mobile-phones/xiaomi-redmi-turbo-4-256-gb-white-wRfaVFKWMUv8rDI2xs56H6N1.html,3,2026-08-27T07:33:56.109600+00:00,individual,Turbo 4 has box and charger
Xiaomi Poco M6 Pro 128 GB Silver,15499,Used,"Rajshahi, Vodra",2 hours ago,https://bikroy.com/vodra/mobile-phones/xiaomi-poco-m6-pro-128-gb-silver-Cpvn7wzDNDaOVQ4amJgl2F15.html,4,2026-08-27T07:33:56.852842+00:00,individual,"Limited stock – First come, first served!

Our Address: Baneshwar Shibpur Hat, Puthia, Rajshahi 
100% Trust
Right price, right product
FAHIM mobile zone, your trusted mobile shop"
Xiaomi Poco F4 256 GB Black,15550,Used,"Rajshahi, Shaheb Bazar",1 day ago,https://bikroy.com/shaheb-bazar/mobile-phones/xiaomi-poco-f4-256-gb-black-oC70YL1DJLlSHsTBllu91Za0.html,3,2026-08-27T07:33:57.522735+00:00,individual,12gb Ram 256gb Rom Only phone full fresh takar dorkar tai sell korbo
Xiaomi Poco F4 256 GB Black,17500,Used,"Rajshahi, Shaheb Bazar",12/08,https://bikroy.com/shaheb-bazar/mobile-phones/xiaomi-poco-f4-256-gb-black-5uWnBZtdUqtjgnKvWEYMdLJV.html,3,2026-08-27T07:33:58.232354+00:00,individual,"Only phone... made in Chapai
12 gb ram
256 rom 
Full fresh call me 017XXXXXXXX"
Xiaomi Redmi Note 13 256 GB Black,17000,Used,"Rajshahi, Kadirgonj",5 hours ago,https://bikroy.com/kadirgonj/mobile-phones/xiaomi-redmi-note-13-256-gb-black-6qDJ9xPEfJza9Ok3d6Aormz2.html,5,2026-08-27T07:33:58.933595+00:00,individual,"Assalamu Alaikum Warahmatullahi Wabarakatuh
Fresh condition
Box: Only Device
Cash Memo: Available
Replacement Guarantee: Up to 7 days (subject to conditions)
Location: Rajshahi Kadirganj Chalpotti, beside Large Farmer, behind Shopnochura Plaza, Nagar Bhaban.
Shop No: 123 - Ground Floor beside lift
Shop Name: Rajshahi Mobile Bari 019XXXXXXXX"
Xiaomi Poco F6 512 GB White,25000,Used,"Rajshahi, Mohanpur",16/08,https://bikroy.com/mohanpur/mobile-phones/xiaomi-poco-f6-512-gb-white-aR7mJDQauvsNDMrFiQwlkWXF.html,3,2026-08-27T07:33:59.658930+00:00,individual,"Gaming phone ( Snapdragon 8s gen 3 )
A small computer setup 
Just like you see in the pictures, the mobile is like new"
Xiaomi 11 Lite 5G NE 128 GB Pink,15000,Used,"Rajshahi, Court Station",23/08,https://bikroy.com/court-station/mobile-phones/xiaomi-11-lite-5g-ne-128-gb-pink-eLLuil2RmYOEb2BYf2CFmtw5.html,3,2026-08-27T07:34:00.176710+00:00,individual,"Redmi 10 Power 8/128, no problems, phone is all ok, full box, fixed price 15k"
Xiaomi Redmi Note 13 Pro+ 256 GB,18000,Used,"Rajshahi, Motihar",4 hours ago,https://bikroy.com/motihar/mobile-phones/xiaomi-redmi-note-13-pro-256-gb-uIVcSneF7nSOkQeN63ZbSQmw.html,5,2026-08-27T07:34:00.886849+00:00,individual,"Redmi note 13pro plus 12/256Gb 5G

Phone e onno Kono somosha nai ,,,,,just tach ta pore jaye fate geche ,,,tobe sob jaigai 100/100 kaj kore ,,,
Only phone and security....
Exchange possible with flagship phone 
Location belpuku....aste Hobe"
New Xiaomi Redmi Note 15 Pro+ 256 GB Blue,38999,Brand New,"Chattogram, Agrabad",4 hours ago,https://bikroy.com/agrabad/mobile-phones/new-xiaomi-redmi-note-15-pro-256-gb-blue-8jgKGdvR61B79ooFhPmRAJjZ.html,3,2026-08-27T07:34:01.508437+00:00,individual,"Stay with us by liking our page to get the price of any updated product. Our page link: 
Address:
Shop- 537, Level-5 (4th from capsule lift,
Go straight after exiting the lift, JojoBD)
Akhtaruzzaman Center,
Agrabad, Chittagong."
Xiaomi Redmi 512 GB Black,49000,Used,"Chattogram, Pahartali",08/06,https://bikroy.com/pahartali/mobile-phones/xiaomi-redmi-512-gb-black-feRPJ6Q42ZlXAoPXFjKjfH4P.html,5,2026-08-27T07:34:02.090786+00:00,individual,"Assalamu Alaikum.
Only those who are interested in taking the mobile should call or message. Please quote the price considering the market. This is not 256 GB storage, it is 512 GB storage, so please check the price accordingly. I have given the price I can offer. If you are interested at 49 thousand, please inbox me. If you want to know anything else, that can also be discussed."
Xiaomi 17 256 GB Green,85000,Used,"Chattogram, Chawkbazar",1 hour ago,https://bikroy.com/chawkbazar/mobile-phones/xiaomi-17-256-gb-green-8Xup8fLAEpIqYC1vPEFxOsxq.html,3,2026-08-27T07:34:02.953258+00:00,individual,"Xiaomi 17
Just open Box,
like new condition
with Box and everything"
Xiaomi Redmi Turbo 4 Pro 256 GB White,37000,Used,"Chattogram, Fatikchari",12/08,https://bikroy.com/fatikchari/mobile-phones/xiaomi-redmi-turbo-4-pro-256-gb-white-iOfIzFckfG6fZygTjzjc6qFn.html,5,2026-08-27T07:34:03.558018+00:00,individual,"Redmi Turbo 4 Pro (16GB/256GB) – Like New
 Used for only 1 month
 10/10 condition, no scratches or issues
 Everything works perfectly
 Includes original box, original charger, and all accessories
 Personal use phone"
Xiaomi 15 Ultra 16/512 GB (Used),84999,Used,"Chattogram, Nasirabad",1 hour ago,https://bikroy.com/nasirabad/mobile-phones/xiaomi-15-ultra-16-512-gb-used-2Vd8pN0uvGHT1C1J5CHTxKai.html,4,2026-08-27T07:34:04.073629+00:00,individual,"🔥 Like New Deal — Flagship Beast Ready! 🔥

📱 Xiaomi 15Ultra
✨ Only 1Month Used | Full Fresh Condition

⚡ 16GB RAM | 512GB Storage | 📸 Flagship Leica Camera | ✨ Premium Design

💰 Price: 84,990/- 💥💥

🚚 Delivery Available | 🔄 Exchange Available | 💳 EMI Available

🛡️ 15-Day Replacement Guarantee | Lifetime Service Warranty

📞 
🌐 www.decentbd.com

📍𝐅𝐢𝐧𝐥𝐚𝐲 𝐒𝐪𝐮𝐚𝐫𝐞, Level-4, Shop-406, 2No Gate, Nasirabad, Chattogram
📍𝐅𝐢𝐧𝐥𝐚𝐲 𝐒𝐨𝐮𝐭𝐡 𝐂𝐢𝐭𝐲, Level-5, Shop-525, Bahaddarhat, Chattogram

#Xiaomi15Ultra #FlagshipPhone #UsedPhoneBD #ChattogramDeals #decentbd Show more"
Xiaomi Redmi Note 15 Pro+ 256 GB Silver,45000,Used,"Chattogram, Oxygen",14/07,https://bikroy.com/oxygen/mobile-phones/xiaomi-redmi-note-15-pro-256-gb-silver-63fhz54wSywIc0XpJyJfzslt.html,5,2026-08-27T07:34:04.503632+00:00,individual,I need money urgently. That's why I'm gonna sell my handset. Everything is okay. Device is fresh. For more details Please contact me 019XXXXXXXX
Xiaomi 13 Pro China Global (Used),38000,Used,"Chattogram, Kotwali, Chattogram",23/05,https://bikroy.com/kotwali/mobile-phones/xiaomi-13-pro-chin-global-used-8w7vo1pyRcusVMX7GyTTXVec.html,4,2026-08-27T07:34:05.143141+00:00,individual,The phone is in pristine condition; feel free to inspect it thoroughly before purchasing. It comes with a 67W charger and features a DSLR-like camera. WhatsApp for more details. The phone is completely scratch-free.
Xiaomi 15T Pro 512 GB Bronze,75000,Used,"Chattogram, Chawkbazar",2 hours ago,https://bikroy.com/chawkbazar/mobile-phones/xiaomi-15t-pro-512-gb-bronze-fdYks0bIJEFupMHqg6rDoqTK.html,3,2026-08-27T07:34:05.797363+00:00,individual,"Xiaomi 15T pro with Box
12/512
12/256 available 
Global Edition 
Few days Used."
Xiaomi Redmi Turbo 4 Pro 256 GB Black,36500,Used,"Chattogram, Agrabad",19/08,https://bikroy.com/agrabad/mobile-phones/xiaomi-redmi-turbo-4-pro-256-gb-black-dNeFnojajb5ftjA6J7xIoPqj.html,5,2026-08-27T07:34:06.041545+00:00,individual,Xiaomi Redmi Turbo 4 Pro. Color: Black. 12/256GB. Box: IMEI matching Fullbox. Condition: No Internal issues (Carefully used). Usage: 09 months. Reason for selling: Upgrading. Key Features: - Military-grade rugged design - AMOLED display 120Hz - Long battery life 7650 mAh - Snapdragon 8s Gen 4 - Original IMEI matching box
Xiaomi 15T 256 GB Black,62000,Used,"Chattogram, Kotwali, Chattogram",01/06,https://bikroy.com/kotwali/mobile-phones/xiaomi-15t-256-gb-black-3QIHe2Hf3IMHCTw8Kq5CUmU.html,5,2026-08-27T07:34:07.044038+00:00,individual,Full fresh phone without any scratch. Bought 3 months ago but barely used. Right now switching to iPhone that's the only reason I'm selling this phone. Brand new condition. For more information contact with me.
New Xiaomi 256 GB White,39999,Brand New,"Chattogram, Agrabad",5 hours ago,https://bikroy.com/agrabad/mobile-phones/new-xiaomi-256-gb-white-yL7T2JE6hFTyCSEeveH4a9di.html,2,2026-08-27T07:34:07.651725+00:00,individual,"To know the price of any updated product, like and follow our page to stay with us. Our page link - 
** Call or Whatsapp. 
** Redmi Turbo 5 (12/256) 5G.
 
- Address :
Shop- 537, Level -5 (4th floor of capsule lift, go straight after exiting the lift, JojoBD)
Akhtaruzzaman Center, Agrabad, Chittagong."
Xiaomi 14 Ultra 512 GB Black,70000,Used,"Chattogram, Cornelhat",02/05,https://bikroy.com/cornelhat/mobile-phones/xiaomi-14-ultra-512-gb-black-BzHrSBx0gTVVk20uDrWvsikO.html,4,2026-08-27T07:34:08.379190+00:00,individual,"Set is in full fresh condition. Used for 1 year, imported from abroad. Comes with full box. Has a minor scratch on the bumper, otherwise everything is okay and in full fresh condition."
New Xiaomi Redmi Note 15 Pro+ 256 GB Black,42999,Brand New,"Chattogram, Agrabad",4 hours ago,https://bikroy.com/agrabad/mobile-phones/new-xiaomi-redmi-note-15-pro-256-gb-black-d3Ujl6ZAXp2p3YEHED5lbycC.html,3,2026-08-27T07:34:08.726372+00:00,individual,"Stay with us by liking and following our page to get updates on product prices. Our page link - 
** Call or message us on WhatsApp at the number provided on Bikroy to buy a phone on installment.
---------------
Address:
Shop- 537, Level-5 (4th floor of capsule lift, 
Go straight after exiting the lift, JojoBD)
Akhtaruzzaman Center, 
Agrabad, Chittagong."
Xiaomi Redmi Note 14 Pro+ 256 GB Black,35000,Used,"Chattogram, Sitakunda",1 day ago,https://bikroy.com/sitakunda/mobile-phones/xiaomi-redmi-note-14-pro-256-gb-black-64DinkGUTU55xUj1GyttVAWo.html,4,2026-08-27T07:34:09.383777+00:00,individual,"Model: Redmi note 14 pro+ 5g
RAM:12+4GB
ROM:256 GB
Snapdragon 7s gen 3 processor
Camera:50mp main + 50mp telephoto+8mp ultrawide(front:20mp)
Full fresh condition.
With full box+charger
Mobile dekhar jonno must location e aste hobe."
Xiaomi Redmi Note 15 256 GB White,29000,Used,"Chattogram, Hathazari",17/08,https://bikroy.com/hathazari/mobile-phones/xiaomi-redmi-note-15-256-gb-white-de1HJMGbDHLQmgQx2SUsIH8H.html,3,2026-08-27T07:34:10.000228+00:00,individual,"I bought the mobile not too long ago, selling it due to a need for money. There are no problems with the mobile, box and charger are all included."
Xiaomi Poco X3 128 GB Blue,18000,Used,"Chattogram, Bakoliya",23/08,https://bikroy.com/bakoliya/mobile-phones/xiaomi-poco-x3-128-gb-blue-f4Boi5BRTnP3B8mCt7kZxcwd.html,3,2026-08-27T07:34:10.632319+00:00,individual,"The phone has been running for 2 years, there are some minor issues, but you need to talk directly and take it"
Xiaomi Redmi 15C 128 GB Black,18500,Used,"Chattogram, Raozan",21/08,https://bikroy.com/raozan/mobile-phones/xiaomi-redmi-15c-128-gb-black-sJ0iVmn922VgXIptwjPG4xw5.html,5,2026-08-27T07:34:11.090685+00:00,individual,"Redmi 15c 
Display: 6.9 inches (120Hz refresh rate)
Battery: 6000mAh Mega Battery
Charger: 33W Fast Charging
Rear Camera: 50-megapixel AI
Selfie Camera: 8-megapixel selfie
Processor: MediaTek Helio G81 Ultra
System: Xiaomi HyperOS
Protection: Side fingerprint sensor and IP64 rating to protect against dust and light splashes."
New Xiaomi Redmi 17 128 GB Green,24999,Brand New,"Chattogram, Agrabad",5 hours ago,https://bikroy.com/agrabad/mobile-phones/new-xiaomi-redmi-17-128-gb-green-oWRkTTLmGY0tYJ4QOUTKm8wD.html,3,2026-08-27T07:34:11.616752+00:00,individual,"Stay with us by liking & following our page to get updates on any product prices. Our page link –
** Call or message us on WhatsApp at the number provided on Bikroy to buy a phone on instalment.
_____________________________________
Address:
Shop-537, Level-5
Akhtaruzzaman Center,
Agrabad, Chittagong."
Xiaomi Redmi Note 13 Pro+ 256 GB,26000,Used,"Chattogram, Hathazari",20/08,https://bikroy.com/hathazari/mobile-phones/xiaomi-redmi-note-13-pro-256-gb-pJCTei16p7w2brwBTlzT8GIR.html,5,2026-08-27T07:34:12.325896+00:00,individual,"The phone is in completely fresh condition.
Looks completely like new.
Works 100% properly.
RAM: 8GB
ROM: 256GB
Display: 1.5K AMOLED 120Hz
Camera: 200MP OIS
Battery: 5000mAh
Charging: 120W
Network: 5G
No scratches
No problems
Phone has never been opened/repaired
Asking price: 29,000 Taka
Price is negotiable. Do not offer unreasonably low prices."
Xiaomi Redmi Note 15 256 GB Black,31000,Used,"Chattogram, Baizid",09/08,https://bikroy.com/baizid/mobile-phones/xiaomi-redmi-note-15-256-gb-black-C3Cungfif9rjmvLA76kSEQxT.html,3,2026-08-27T07:34:12.907987+00:00,individual,"Brought from China a few months ago. It is in absolute fresh condition, not used very much. The phone is very light and has a slim body. Supports 6000mAh battery and 33W fast turbo charging."
New Xiaomi 15 Pro 256 GB Black,32000,Brand New,"Chattogram, Mirsharai",1 day ago,https://bikroy.com/mirsharai/mobile-phones/new-xiaomi-15-pro-256-gb-black-wBSW18Q0WHJYfcCfV1gnC3D4.html,4,2026-08-27T07:34:13.697947+00:00,individual,Brought from Dubai. Never used.
Xiaomi Redmi Note 14 4G 128 GB Red,19000,Used,"Chattogram, Pahartali",12 hours ago,https://bikroy.com/pahartali/mobile-phones/xiaomi-redmi-note-14-4g-128-gb-red-XAB39igt9u3KAYwRChGrQuQ.html,5,2026-08-27T07:34:13.985431+00:00,individual,"মাস ৩ মাস ব্যবহার করেছি। আমি Iphone কিনেছি তাই এই ফোনটি বিক্রি করে দিতে চাই।একদম ফ্রেশ কন্ডিশন আমি নিজে ব্যবহার করেছি কোন প্রকার গেম খেলা হয়নি, ফোনটি একদম স্মুথভাবে চলে। ব্যাটারি কন্ডিশন খুবই ভালো একবার চার্জ দিলে সারাদিন চলে যাবে। ফোনের সাথে অরিজিনাল চার্জার এবং বক্স আছে।"
Xiaomi Redmi Note 15 128 GB Black,20000,Used,"Chattogram, Halishahar",21 hours ago,https://bikroy.com/halishahar/mobile-phones/xiaomi-redmi-note-15-128-gb-black-jOGCAV3aZgsYGKZYrzQkoFy9.html,5,2026-08-27T07:34:14.613473+00:00,individual,"Redmi Note 15 will be sold. Official set, used for only 3 months, absolutely fresh condition. Since it is an installment phone, the box is at the shop and will be given once the installments are finished. For the buyer's protection, a video statement and NID copy can be provided. It is my full responsibility to hand over the original box to the buyer as soon as the installment is completed.
NID 
Mo 019XXXXXXXX"
Xiaomi Redmi Note 14 Pro 256 GB Black,25500,Used,"Chattogram, Muradpur",1 hour ago,https://bikroy.com/muradpur/mobile-phones/xiaomi-redmi-note-14-pro-256-gb-black-fsM6uOMUuL9Y9k0AFqYKnpFv.html,3,2026-08-27T07:34:15.062177+00:00,individual,"Redmi note 14 pro 
Official full box... 
8/256 
 Benefits:
 15 days replacement guarantee
 Device – Trusted Mobile Shop
 Shop No: 319, 3rd Floor (Lift 2 )
 CPDL RB Midtown Market, Muradpur, Chittagong (Next to Makkah Hotel)"
Xiaomi Redmi Note 14 Pro+ 5G 512 GB Blue,32000,Used,"Chattogram, Anwara",19 hours ago,https://bikroy.com/anwara/mobile-phones/xiaomi-redmi-note-14-pro-5g-512-gb-blue-zFIYz1SmCh8vRkC6D9Az0i3K.html,5,2026-08-27T07:34:15.634465+00:00,individual,"Redmi Note 14 Pro+ 5G
RAM: 12GB
Storage: 512GB
Battery: 5110 mAh
Battery Health: 99%
Battery Cycle Count: 238
Phone first opened: August 2025
Phone is in full fresh condition
Comes with Cash Memo & Charger"
New Xiaomi Redmi Note 13 Pro 512 GB White,28999,Brand New,"Chattogram, Agrabad",4 hours ago,https://bikroy.com/agrabad/mobile-phones/new-xiaomi-redmi-note-13-pro-512-gb-white-tPHhvfyNmz6MkrkovpiNd1HA.html,2,2026-08-27T07:34:16.220887+00:00,individual,"Call or message us on WhatsApp at our number provided on Bikroy to buy a phone on EMI. 
 REDMI NOTE 13 PRO GLOBAL 12/512
Address: Shop- 537, Level -5 (4th floor of capsule lift, go straight after exiting the lift (JojoBD)), Akhtaruzzaman Center, Agrabad, Chittagong."
